2025-08-08 22:12:41,215 - INFO - --- Computing Configuration ---
2025-08-08 22:12:41,215 - INFO - Platform: Linux 4.18.0-477.27.1.el8_8.x86_64
2025-08-08 22:12:41,215 - INFO - Python version: 3.12.11
2025-08-08 22:12:41,215 - INFO - CUDA available: True
2025-08-08 22:12:41,258 - INFO - CUDA device count: 1
2025-08-08 22:12:41,262 - INFO - CUDA device name: NVIDIA L40S
2025-08-08 22:12:41,262 - INFO - CUDA device capability: (8, 9)
2025-08-08 22:12:41,262 - INFO - CUDA memory allocated: 0.00 GB
2025-08-08 22:12:41,262 - INFO - CUDA memory reserved: 0.00 GB
2025-08-08 22:12:41,262 - INFO - torch version: 2.7.1+cu126
2025-08-08 22:12:41,262 - INFO - Number of CPUs: 64
2025-08-08 22:12:41,262 - INFO - Physical CPU cores: 64
2025-08-08 22:12:41,262 - INFO - TORCH_NUM_THREADS: 1
2025-08-08 22:12:41,263 - INFO - N_WORKERS: 16
2025-08-08 22:12:41,263 - INFO - PARALLEL_BACKEND: thread
2025-08-08 22:12:41,263 - INFO - --------------------------------
2025-08-08 22:12:41,263 - INFO - Starting ABC-RFP procedure with device: cuda
2025-08-08 22:12:41,263 - INFO - Configuration: energy scoring, 120 steps, 50 ensemble size
2025-08-08 22:12:41,702 - INFO - Using temporal resampling: 100 samples per Gibbs step
2025-08-08 22:12:41,703 - INFO - Loading precomputed standardised ERA5 tensor
2025-08-08 22:12:41,802 - INFO - Beginning ABC-Gibbs inference with RFP perturbations
2025-08-08 22:12:59,218 - INFO - Using ENERGY as discrepancy measure
2025-08-08 22:12:59,219 - INFO - Inference mode: greedy
2025-08-08 22:12:59,219 - INFO - Temporal resampling enabled: 100 samples per step
2025-08-08 22:13:10,869 - DEBUG - Beginning Gibbs iteration s = 0
2025-08-08 22:13:18,931 - DEBUG - Calibrating batch size for input shape: torch.Size([100, 12, 32, 64])
2025-08-08 22:13:18,932 - INFO - Memory calibration (Free: 29.5GB/47.7GB)
2025-08-08 22:13:20,855 - WARNING - OOM retry 1/5, batch size: 28
2025-08-08 22:13:24,282 - DEBUG - Joint score for alpha[0]: 23.6197
2025-08-08 22:13:27,751 - DEBUG - Joint score for alpha[1]: 24.8926
2025-08-08 22:13:31,210 - DEBUG - Joint score for alpha[2]: 24.4783
2025-08-08 22:13:34,671 - DEBUG - Joint score for alpha[3]: 23.9839
2025-08-08 22:13:38,147 - DEBUG - Joint score for alpha[4]: 23.9750
2025-08-08 22:13:41,622 - DEBUG - Joint score for alpha[5]: 25.1858
2025-08-08 22:13:45,100 - DEBUG - Joint score for alpha[6]: 24.0158
2025-08-08 22:13:48,577 - DEBUG - Joint score for alpha[7]: 24.9279
2025-08-08 22:13:52,056 - DEBUG - Joint score for alpha[8]: 25.0204
2025-08-08 22:13:55,533 - DEBUG - Joint score for alpha[9]: 23.0144
2025-08-08 22:13:59,012 - DEBUG - Joint score for alpha[10]: 24.5981
2025-08-08 22:14:02,492 - DEBUG - Joint score for alpha[11]: 25.3950
2025-08-08 22:14:05,971 - DEBUG - Joint score for alpha[12]: 24.7673
2025-08-08 22:14:09,451 - DEBUG - Joint score for alpha[13]: 24.6282
2025-08-08 22:14:12,933 - DEBUG - Joint score for alpha[14]: 23.7500
2025-08-08 22:14:16,413 - DEBUG - Joint score for alpha[15]: 23.7981
2025-08-08 22:14:19,919 - DEBUG - Joint score for alpha[0]: 23.8284
2025-08-08 22:14:23,408 - DEBUG - Joint score for alpha[1]: 23.2727
2025-08-08 22:14:26,895 - DEBUG - Joint score for alpha[2]: 23.7600
2025-08-08 22:14:30,383 - DEBUG - Joint score for alpha[3]: 23.9504
2025-08-08 22:14:33,869 - DEBUG - Joint score for alpha[4]: 23.5830
2025-08-08 22:14:37,355 - DEBUG - Joint score for alpha[5]: 23.2351
2025-08-08 22:14:40,842 - DEBUG - Joint score for alpha[6]: 23.7370
2025-08-08 22:14:44,329 - DEBUG - Joint score for alpha[7]: 24.3805
2025-08-08 22:14:47,821 - DEBUG - Joint score for alpha[8]: 23.2418
2025-08-08 22:14:51,307 - DEBUG - Joint score for alpha[9]: 23.3221
2025-08-08 22:14:54,795 - DEBUG - Joint score for alpha[10]: 23.4195
2025-08-08 22:14:58,285 - DEBUG - Joint score for alpha[11]: 24.3224
2025-08-08 22:15:01,776 - DEBUG - Joint score for alpha[12]: 23.4057
2025-08-08 22:15:05,265 - DEBUG - Joint score for alpha[13]: 24.0121
2025-08-08 22:15:08,754 - DEBUG - Joint score for alpha[14]: 23.3304
2025-08-08 22:15:12,243 - DEBUG - Joint score for alpha[15]: 23.3126
2025-08-08 22:15:15,757 - DEBUG - Joint score for alpha[0]: 23.1837
2025-08-08 22:15:19,250 - DEBUG - Joint score for alpha[1]: 23.6749
2025-08-08 22:15:22,739 - DEBUG - Joint score for alpha[2]: 22.9049
2025-08-08 22:15:26,232 - DEBUG - Joint score for alpha[3]: 23.7185
2025-08-08 22:15:29,722 - DEBUG - Joint score for alpha[4]: 23.3129
2025-08-08 22:15:33,213 - DEBUG - Joint score for alpha[5]: 22.8944
2025-08-08 22:15:36,703 - DEBUG - Joint score for alpha[6]: 23.9045
2025-08-08 22:15:40,194 - DEBUG - Joint score for alpha[7]: 23.8900
2025-08-08 22:15:43,683 - DEBUG - Joint score for alpha[8]: 23.0899
2025-08-08 22:15:47,176 - DEBUG - Joint score for alpha[9]: 23.4660
2025-08-08 22:15:50,667 - DEBUG - Joint score for alpha[10]: 22.7317
2025-08-08 22:15:54,158 - DEBUG - Joint score for alpha[11]: 23.5425
2025-08-08 22:15:57,648 - DEBUG - Joint score for alpha[12]: 24.2587
2025-08-08 22:16:01,139 - DEBUG - Joint score for alpha[13]: 23.9294
2025-08-08 22:16:04,629 - DEBUG - Joint score for alpha[14]: 23.0770
2025-08-08 22:16:08,122 - DEBUG - Joint score for alpha[15]: 23.3896
2025-08-08 22:16:11,636 - DEBUG - Joint score for alpha[0]: 23.2628
2025-08-08 22:16:15,130 - DEBUG - Joint score for alpha[1]: 22.7676
2025-08-08 22:16:18,624 - DEBUG - Joint score for alpha[2]: 23.6334
2025-08-08 22:16:22,115 - DEBUG - Joint score for alpha[3]: 22.5160
2025-08-08 22:16:25,607 - DEBUG - Joint score for alpha[4]: 23.1580
2025-08-08 22:16:29,097 - DEBUG - Joint score for alpha[5]: 23.9767
2025-08-08 22:16:32,591 - DEBUG - Joint score for alpha[6]: 23.4586
2025-08-08 22:16:36,080 - DEBUG - Joint score for alpha[7]: 22.6627
2025-08-08 22:16:39,573 - DEBUG - Joint score for alpha[8]: 22.7156
2025-08-08 22:16:43,064 - DEBUG - Joint score for alpha[9]: 23.3151
2025-08-08 22:16:46,558 - DEBUG - Joint score for alpha[10]: 22.7783
2025-08-08 22:16:50,049 - DEBUG - Joint score for alpha[11]: 23.5148
2025-08-08 22:16:53,540 - DEBUG - Joint score for alpha[12]: 21.9846
2025-08-08 22:16:57,029 - DEBUG - Joint score for alpha[13]: 23.1385
2025-08-08 22:17:00,522 - DEBUG - Joint score for alpha[14]: 23.2356
2025-08-08 22:17:04,012 - DEBUG - Joint score for alpha[15]: 22.7192
2025-08-08 22:17:07,527 - DEBUG - Joint score for alpha[0]: 21.8012
2025-08-08 22:17:11,021 - DEBUG - Joint score for alpha[1]: 22.7312
2025-08-08 22:17:14,512 - DEBUG - Joint score for alpha[2]: 21.8754
2025-08-08 22:17:18,002 - DEBUG - Joint score for alpha[3]: 21.8196
2025-08-08 22:17:21,492 - DEBUG - Joint score for alpha[4]: 22.8385
2025-08-08 22:17:24,983 - DEBUG - Joint score for alpha[5]: 21.4954
2025-08-08 22:17:28,475 - DEBUG - Joint score for alpha[6]: 21.4576
2025-08-08 22:17:31,965 - DEBUG - Joint score for alpha[7]: 21.6766
2025-08-08 22:17:35,455 - DEBUG - Joint score for alpha[8]: 22.2374
2025-08-08 22:17:38,950 - DEBUG - Joint score for alpha[9]: 21.9332
2025-08-08 22:17:42,441 - DEBUG - Joint score for alpha[10]: 22.5518
2025-08-08 22:17:45,931 - DEBUG - Joint score for alpha[11]: 21.7850
2025-08-08 22:17:49,421 - DEBUG - Joint score for alpha[12]: 21.0645
2025-08-08 22:17:52,911 - DEBUG - Joint score for alpha[13]: 21.9384
2025-08-08 22:17:56,402 - DEBUG - Joint score for alpha[14]: 22.4264
2025-08-08 22:17:59,896 - DEBUG - Joint score for alpha[15]: 20.6288
2025-08-08 22:17:59,939 - INFO - Step 1/120: mean ENERGY=22.3189
2025-08-08 22:17:59,941 - DEBUG - Beginning Gibbs iteration s = 1
2025-08-08 22:18:28,837 - DEBUG - Joint score for alpha[0]: 21.9505
2025-08-08 22:18:32,327 - DEBUG - Joint score for alpha[1]: 20.8061
2025-08-08 22:18:35,813 - DEBUG - Joint score for alpha[2]: 20.9647
2025-08-08 22:18:39,300 - DEBUG - Joint score for alpha[3]: 21.4529
2025-08-08 22:18:42,787 - DEBUG - Joint score for alpha[4]: 19.9745
2025-08-08 22:18:46,273 - DEBUG - Joint score for alpha[5]: 20.8934
2025-08-08 22:18:49,760 - DEBUG - Joint score for alpha[6]: 20.7351
2025-08-08 22:18:53,247 - DEBUG - Joint score for alpha[7]: 22.5705
2025-08-08 22:18:56,733 - DEBUG - Joint score for alpha[8]: 20.5717
2025-08-08 22:19:00,221 - DEBUG - Joint score for alpha[9]: 21.4644
2025-08-08 22:19:03,710 - DEBUG - Joint score for alpha[10]: 21.2209
2025-08-08 22:19:07,198 - DEBUG - Joint score for alpha[11]: 20.8953
2025-08-08 22:19:10,685 - DEBUG - Joint score for alpha[12]: 20.8967
2025-08-08 22:19:14,174 - DEBUG - Joint score for alpha[13]: 21.3159
2025-08-08 22:19:17,663 - DEBUG - Joint score for alpha[14]: 21.0451
2025-08-08 22:19:21,151 - DEBUG - Joint score for alpha[15]: 21.3870
2025-08-08 22:19:24,664 - DEBUG - Joint score for alpha[0]: 20.2053
2025-08-08 22:19:28,155 - DEBUG - Joint score for alpha[1]: 20.9680
2025-08-08 22:19:31,646 - DEBUG - Joint score for alpha[2]: 19.5413
2025-08-08 22:19:35,135 - DEBUG - Joint score for alpha[3]: 20.5169
2025-08-08 22:19:38,626 - DEBUG - Joint score for alpha[4]: 21.1296
2025-08-08 22:19:42,116 - DEBUG - Joint score for alpha[5]: 19.8892
2025-08-08 22:19:45,606 - DEBUG - Joint score for alpha[6]: 19.7144
2025-08-08 22:19:49,096 - DEBUG - Joint score for alpha[7]: 20.7447
2025-08-08 22:19:52,585 - DEBUG - Joint score for alpha[8]: 20.3873
2025-08-08 22:19:56,074 - DEBUG - Joint score for alpha[9]: 20.0000
2025-08-08 22:19:59,563 - DEBUG - Joint score for alpha[10]: 20.8914
2025-08-08 22:20:03,053 - DEBUG - Joint score for alpha[11]: 19.6729
2025-08-08 22:20:06,545 - DEBUG - Joint score for alpha[12]: 20.2448
2025-08-08 22:20:10,034 - DEBUG - Joint score for alpha[13]: 20.1591
2025-08-08 22:20:13,527 - DEBUG - Joint score for alpha[14]: 19.9383
2025-08-08 22:20:17,017 - DEBUG - Joint score for alpha[15]: 20.5073
2025-08-08 22:20:20,533 - DEBUG - Joint score for alpha[0]: 19.8909
2025-08-08 22:20:24,026 - DEBUG - Joint score for alpha[1]: 19.8723
2025-08-08 22:20:27,515 - DEBUG - Joint score for alpha[2]: 20.3277
2025-08-08 22:20:31,006 - DEBUG - Joint score for alpha[3]: 19.4833
2025-08-08 22:20:34,499 - DEBUG - Joint score for alpha[4]: 19.7752
2025-08-08 22:20:37,989 - DEBUG - Joint score for alpha[5]: 19.7388
2025-08-08 22:20:41,481 - DEBUG - Joint score for alpha[6]: 20.4963
2025-08-08 22:20:44,972 - DEBUG - Joint score for alpha[7]: 19.8605
2025-08-08 22:20:48,465 - DEBUG - Joint score for alpha[8]: 20.0857
2025-08-08 22:20:51,955 - DEBUG - Joint score for alpha[9]: 20.0623
2025-08-08 22:20:55,449 - DEBUG - Joint score for alpha[10]: 20.3764
2025-08-08 22:20:58,940 - DEBUG - Joint score for alpha[11]: 19.5594
2025-08-08 22:21:02,432 - DEBUG - Joint score for alpha[12]: 20.0139
2025-08-08 22:21:05,922 - DEBUG - Joint score for alpha[13]: 19.5798
2025-08-08 22:21:09,413 - DEBUG - Joint score for alpha[14]: 19.6303
2025-08-08 22:21:12,905 - DEBUG - Joint score for alpha[15]: 20.2106
2025-08-08 22:21:16,419 - DEBUG - Joint score for alpha[0]: 20.2372
2025-08-08 22:21:19,911 - DEBUG - Joint score for alpha[1]: 20.1190
2025-08-08 22:21:23,404 - DEBUG - Joint score for alpha[2]: 19.6842
2025-08-08 22:21:26,895 - DEBUG - Joint score for alpha[3]: 19.6053
2025-08-08 22:21:30,390 - DEBUG - Joint score for alpha[4]: 19.2613
2025-08-08 22:21:33,882 - DEBUG - Joint score for alpha[5]: 19.5204
2025-08-08 22:21:37,373 - DEBUG - Joint score for alpha[6]: 19.6554
2025-08-08 22:21:40,865 - DEBUG - Joint score for alpha[7]: 20.0963
2025-08-08 22:21:44,356 - DEBUG - Joint score for alpha[8]: 19.2696
2025-08-08 22:21:47,847 - DEBUG - Joint score for alpha[9]: 19.5278
2025-08-08 22:21:51,338 - DEBUG - Joint score for alpha[10]: 20.7598
2025-08-08 22:21:54,828 - DEBUG - Joint score for alpha[11]: 19.9711
2025-08-08 22:21:58,319 - DEBUG - Joint score for alpha[12]: 19.6981
2025-08-08 22:22:01,813 - DEBUG - Joint score for alpha[13]: 19.9199
2025-08-08 22:22:05,305 - DEBUG - Joint score for alpha[14]: 19.6411
2025-08-08 22:22:08,796 - DEBUG - Joint score for alpha[15]: 19.5111
2025-08-08 22:22:12,313 - DEBUG - Joint score for alpha[0]: 19.5368
2025-08-08 22:22:15,807 - DEBUG - Joint score for alpha[1]: 18.7537
2025-08-08 22:22:19,301 - DEBUG - Joint score for alpha[2]: 18.6027
2025-08-08 22:22:22,793 - DEBUG - Joint score for alpha[3]: 19.3945
2025-08-08 22:22:26,284 - DEBUG - Joint score for alpha[4]: 19.3638
2025-08-08 22:22:29,776 - DEBUG - Joint score for alpha[5]: 20.0484
2025-08-08 22:22:33,265 - DEBUG - Joint score for alpha[6]: 20.2773
2025-08-08 22:22:36,756 - DEBUG - Joint score for alpha[7]: 20.2488
2025-08-08 22:22:40,247 - DEBUG - Joint score for alpha[8]: 19.5559
2025-08-08 22:22:43,738 - DEBUG - Joint score for alpha[9]: 19.4826
2025-08-08 22:22:47,229 - DEBUG - Joint score for alpha[10]: 18.8628
2025-08-08 22:22:50,722 - DEBUG - Joint score for alpha[11]: 19.4601
2025-08-08 22:22:54,212 - DEBUG - Joint score for alpha[12]: 20.3341
2025-08-08 22:22:57,705 - DEBUG - Joint score for alpha[13]: 19.1568
2025-08-08 22:23:01,196 - DEBUG - Joint score for alpha[14]: 20.7039
2025-08-08 22:23:04,689 - DEBUG - Joint score for alpha[15]: 20.0251
2025-08-08 22:23:04,729 - INFO - Step 2/120: mean ENERGY=19.3726
2025-08-08 22:23:04,730 - DEBUG - Beginning Gibbs iteration s = 2
2025-08-08 22:23:14,660 - DEBUG - Joint score for alpha[0]: 18.0873
2025-08-08 22:23:18,153 - DEBUG - Joint score for alpha[1]: 17.8844
2025-08-08 22:23:21,642 - DEBUG - Joint score for alpha[2]: 18.2167
2025-08-08 22:23:25,133 - DEBUG - Joint score for alpha[3]: 18.8734
2025-08-08 22:23:28,624 - DEBUG - Joint score for alpha[4]: 17.6682
2025-08-08 22:23:32,114 - DEBUG - Joint score for alpha[5]: 18.5957
2025-08-08 22:23:35,604 - DEBUG - Joint score for alpha[6]: 17.8485
2025-08-08 22:23:39,093 - DEBUG - Joint score for alpha[7]: 18.8248
2025-08-08 22:23:42,581 - DEBUG - Joint score for alpha[8]: 18.5287
2025-08-08 22:23:46,070 - DEBUG - Joint score for alpha[9]: 18.5534
2025-08-08 22:23:49,561 - DEBUG - Joint score for alpha[10]: 19.2797
2025-08-08 22:23:53,053 - DEBUG - Joint score for alpha[11]: 17.8010
2025-08-08 22:23:56,543 - DEBUG - Joint score for alpha[12]: 18.6361
2025-08-08 22:24:00,031 - DEBUG - Joint score for alpha[13]: 17.5791
2025-08-08 22:24:03,520 - DEBUG - Joint score for alpha[14]: 18.0978
2025-08-08 22:24:07,009 - DEBUG - Joint score for alpha[15]: 18.3699
2025-08-08 22:24:10,522 - DEBUG - Joint score for alpha[0]: 17.4577
2025-08-08 22:24:14,016 - DEBUG - Joint score for alpha[1]: 17.3203
2025-08-08 22:24:17,508 - DEBUG - Joint score for alpha[2]: 17.1144
2025-08-08 22:24:20,998 - DEBUG - Joint score for alpha[3]: 17.3956
2025-08-08 22:24:24,489 - DEBUG - Joint score for alpha[4]: 17.3969
2025-08-08 22:24:27,980 - DEBUG - Joint score for alpha[5]: 17.8270
2025-08-08 22:24:31,470 - DEBUG - Joint score for alpha[6]: 17.4720
2025-08-08 22:24:34,961 - DEBUG - Joint score for alpha[7]: 18.2261
2025-08-08 22:24:38,452 - DEBUG - Joint score for alpha[8]: 18.6003
2025-08-08 22:24:41,941 - DEBUG - Joint score for alpha[9]: 17.3056
2025-08-08 22:24:45,431 - DEBUG - Joint score for alpha[10]: 17.5372
2025-08-08 22:24:48,922 - DEBUG - Joint score for alpha[11]: 17.8324
2025-08-08 22:24:52,413 - DEBUG - Joint score for alpha[12]: 18.4126
2025-08-08 22:24:55,903 - DEBUG - Joint score for alpha[13]: 17.8523
2025-08-08 22:24:59,393 - DEBUG - Joint score for alpha[14]: 17.8292
2025-08-08 22:25:02,884 - DEBUG - Joint score for alpha[15]: 18.1723
2025-08-08 22:25:06,399 - DEBUG - Joint score for alpha[0]: 17.1110
2025-08-08 22:25:09,891 - DEBUG - Joint score for alpha[1]: 16.9287
2025-08-08 22:25:13,381 - DEBUG - Joint score for alpha[2]: 17.5135
2025-08-08 22:25:16,872 - DEBUG - Joint score for alpha[3]: 16.6376
2025-08-08 22:25:20,362 - DEBUG - Joint score for alpha[4]: 17.9031
2025-08-08 22:25:23,851 - DEBUG - Joint score for alpha[5]: 17.3602
2025-08-08 22:25:27,341 - DEBUG - Joint score for alpha[6]: 16.9566
2025-08-08 22:25:30,831 - DEBUG - Joint score for alpha[7]: 16.9065
2025-08-08 22:25:34,322 - DEBUG - Joint score for alpha[8]: 17.3003
2025-08-08 22:25:37,811 - DEBUG - Joint score for alpha[9]: 17.5409
2025-08-08 22:25:41,303 - DEBUG - Joint score for alpha[10]: 17.5561
2025-08-08 22:25:44,793 - DEBUG - Joint score for alpha[11]: 17.2174
2025-08-08 22:25:48,284 - DEBUG - Joint score for alpha[12]: 17.7457
2025-08-08 22:25:51,774 - DEBUG - Joint score for alpha[13]: 17.9951
2025-08-08 22:25:55,266 - DEBUG - Joint score for alpha[14]: 17.3463
2025-08-08 22:25:58,754 - DEBUG - Joint score for alpha[15]: 17.0051
2025-08-08 22:26:02,325 - DEBUG - Joint score for alpha[0]: 16.9192
2025-08-08 22:26:05,818 - DEBUG - Joint score for alpha[1]: 16.7303
2025-08-08 22:26:09,307 - DEBUG - Joint score for alpha[2]: 16.9870
2025-08-08 22:26:12,797 - DEBUG - Joint score for alpha[3]: 16.8479
2025-08-08 22:26:16,289 - DEBUG - Joint score for alpha[4]: 16.3364
2025-08-08 22:26:19,779 - DEBUG - Joint score for alpha[5]: 17.5930
2025-08-08 22:26:23,270 - DEBUG - Joint score for alpha[6]: 16.6311
2025-08-08 22:26:26,762 - DEBUG - Joint score for alpha[7]: 16.6909
2025-08-08 22:26:30,252 - DEBUG - Joint score for alpha[8]: 16.6590
2025-08-08 22:26:33,741 - DEBUG - Joint score for alpha[9]: 16.2917
2025-08-08 22:26:37,231 - DEBUG - Joint score for alpha[10]: 17.2031
2025-08-08 22:26:40,723 - DEBUG - Joint score for alpha[11]: 17.1323
2025-08-08 22:26:44,212 - DEBUG - Joint score for alpha[12]: 16.8557
2025-08-08 22:26:47,705 - DEBUG - Joint score for alpha[13]: 16.2000
2025-08-08 22:26:51,196 - DEBUG - Joint score for alpha[14]: 16.6797
2025-08-08 22:26:54,687 - DEBUG - Joint score for alpha[15]: 17.6405
2025-08-08 22:26:58,200 - DEBUG - Joint score for alpha[0]: 17.0395
2025-08-08 22:27:01,694 - DEBUG - Joint score for alpha[1]: 16.5569
2025-08-08 22:27:05,185 - DEBUG - Joint score for alpha[2]: 16.6460
2025-08-08 22:27:08,675 - DEBUG - Joint score for alpha[3]: 16.2154
2025-08-08 22:27:12,166 - DEBUG - Joint score for alpha[4]: 16.6121
2025-08-08 22:27:15,656 - DEBUG - Joint score for alpha[5]: 16.3797
2025-08-08 22:27:19,146 - DEBUG - Joint score for alpha[6]: 16.5427
2025-08-08 22:27:22,636 - DEBUG - Joint score for alpha[7]: 17.6881
2025-08-08 22:27:26,126 - DEBUG - Joint score for alpha[8]: 16.9194
2025-08-08 22:27:29,617 - DEBUG - Joint score for alpha[9]: 15.9912
2025-08-08 22:27:33,107 - DEBUG - Joint score for alpha[10]: 16.3225
2025-08-08 22:27:36,598 - DEBUG - Joint score for alpha[11]: 16.2440
2025-08-08 22:27:40,089 - DEBUG - Joint score for alpha[12]: 16.2102
2025-08-08 22:27:43,580 - DEBUG - Joint score for alpha[13]: 16.4924
2025-08-08 22:27:47,072 - DEBUG - Joint score for alpha[14]: 16.5056
2025-08-08 22:27:50,563 - DEBUG - Joint score for alpha[15]: 16.6978
2025-08-08 22:27:50,603 - INFO - Step 3/120: mean ENERGY=16.7045
2025-08-08 22:27:50,604 - DEBUG - Beginning Gibbs iteration s = 3
2025-08-08 22:28:01,089 - DEBUG - Joint score for alpha[0]: 16.7055
2025-08-08 22:28:04,582 - DEBUG - Joint score for alpha[1]: 16.7244
2025-08-08 22:28:08,073 - DEBUG - Joint score for alpha[2]: 15.9941
2025-08-08 22:28:11,563 - DEBUG - Joint score for alpha[3]: 16.3104
2025-08-08 22:28:15,054 - DEBUG - Joint score for alpha[4]: 15.9979
2025-08-08 22:28:18,542 - DEBUG - Joint score for alpha[5]: 16.5079
2025-08-08 22:28:22,032 - DEBUG - Joint score for alpha[6]: 16.3452
2025-08-08 22:28:25,521 - DEBUG - Joint score for alpha[7]: 16.0448
2025-08-08 22:28:29,011 - DEBUG - Joint score for alpha[8]: 16.4470
2025-08-08 22:28:32,500 - DEBUG - Joint score for alpha[9]: 16.0710
2025-08-08 22:28:35,992 - DEBUG - Joint score for alpha[10]: 16.6328
2025-08-08 22:28:39,482 - DEBUG - Joint score for alpha[11]: 16.1391
2025-08-08 22:28:42,972 - DEBUG - Joint score for alpha[12]: 16.5350
2025-08-08 22:28:46,461 - DEBUG - Joint score for alpha[13]: 15.9558
2025-08-08 22:28:49,952 - DEBUG - Joint score for alpha[14]: 16.0976
2025-08-08 22:28:53,441 - DEBUG - Joint score for alpha[15]: 16.1684
2025-08-08 22:28:56,955 - DEBUG - Joint score for alpha[0]: 16.1549
2025-08-08 22:29:00,448 - DEBUG - Joint score for alpha[1]: 16.1321
2025-08-08 22:29:03,939 - DEBUG - Joint score for alpha[2]: 15.8170
2025-08-08 22:29:07,428 - DEBUG - Joint score for alpha[3]: 16.2917
2025-08-08 22:29:10,920 - DEBUG - Joint score for alpha[4]: 16.1081
2025-08-08 22:29:14,410 - DEBUG - Joint score for alpha[5]: 15.9428
2025-08-08 22:29:17,900 - DEBUG - Joint score for alpha[6]: 15.9223
2025-08-08 22:29:21,392 - DEBUG - Joint score for alpha[7]: 16.5292
2025-08-08 22:29:24,882 - DEBUG - Joint score for alpha[8]: 15.9293
2025-08-08 22:29:28,372 - DEBUG - Joint score for alpha[9]: 16.2138
2025-08-08 22:29:31,863 - DEBUG - Joint score for alpha[10]: 16.3949
2025-08-08 22:29:35,354 - DEBUG - Joint score for alpha[11]: 16.2360
2025-08-08 22:29:38,845 - DEBUG - Joint score for alpha[12]: 16.2750
2025-08-08 22:29:42,335 - DEBUG - Joint score for alpha[13]: 16.1407
2025-08-08 22:29:45,827 - DEBUG - Joint score for alpha[14]: 16.1905
2025-08-08 22:29:49,316 - DEBUG - Joint score for alpha[15]: 16.2323
2025-08-08 22:29:52,831 - DEBUG - Joint score for alpha[0]: 15.9809
2025-08-08 22:29:56,323 - DEBUG - Joint score for alpha[1]: 16.1124
2025-08-08 22:29:59,813 - DEBUG - Joint score for alpha[2]: 16.1374
2025-08-08 22:30:03,303 - DEBUG - Joint score for alpha[3]: 16.1100
2025-08-08 22:30:06,794 - DEBUG - Joint score for alpha[4]: 16.0059
2025-08-08 22:30:10,284 - DEBUG - Joint score for alpha[5]: 16.2605
2025-08-08 22:30:13,772 - DEBUG - Joint score for alpha[6]: 16.0364
2025-08-08 22:30:17,262 - DEBUG - Joint score for alpha[7]: 15.8233
2025-08-08 22:30:20,754 - DEBUG - Joint score for alpha[8]: 16.2789
2025-08-08 22:30:24,245 - DEBUG - Joint score for alpha[9]: 15.8577
2025-08-08 22:30:27,735 - DEBUG - Joint score for alpha[10]: 15.7180
2025-08-08 22:30:31,225 - DEBUG - Joint score for alpha[11]: 16.0300
2025-08-08 22:30:34,715 - DEBUG - Joint score for alpha[12]: 15.9418
2025-08-08 22:30:38,204 - DEBUG - Joint score for alpha[13]: 15.9628
2025-08-08 22:30:41,694 - DEBUG - Joint score for alpha[14]: 15.7125
2025-08-08 22:30:45,182 - DEBUG - Joint score for alpha[15]: 15.9223
2025-08-08 22:30:48,752 - DEBUG - Joint score for alpha[0]: 15.8444
2025-08-08 22:30:52,244 - DEBUG - Joint score for alpha[1]: 16.0178
2025-08-08 22:30:55,734 - DEBUG - Joint score for alpha[2]: 16.2994
2025-08-08 22:30:59,223 - DEBUG - Joint score for alpha[3]: 15.9382
2025-08-08 22:31:02,714 - DEBUG - Joint score for alpha[4]: 15.9767
2025-08-08 22:31:06,204 - DEBUG - Joint score for alpha[5]: 15.7153
2025-08-08 22:31:09,693 - DEBUG - Joint score for alpha[6]: 16.1310
2025-08-08 22:31:13,184 - DEBUG - Joint score for alpha[7]: 15.9559
2025-08-08 22:31:16,674 - DEBUG - Joint score for alpha[8]: 16.0090
2025-08-08 22:31:20,163 - DEBUG - Joint score for alpha[9]: 16.1902
2025-08-08 22:31:23,652 - DEBUG - Joint score for alpha[10]: 15.7992
2025-08-08 22:31:28,363 - DEBUG - Joint score for alpha[11]: 15.8037
2025-08-08 22:31:31,853 - DEBUG - Joint score for alpha[12]: 15.9012
2025-08-08 22:31:35,344 - DEBUG - Joint score for alpha[13]: 15.9022
2025-08-08 22:31:38,833 - DEBUG - Joint score for alpha[14]: 15.9530
2025-08-08 22:31:42,324 - DEBUG - Joint score for alpha[15]: 15.8474
2025-08-08 22:31:45,836 - DEBUG - Joint score for alpha[0]: 16.0023
2025-08-08 22:31:49,329 - DEBUG - Joint score for alpha[1]: 16.0502
2025-08-08 22:31:52,822 - DEBUG - Joint score for alpha[2]: 15.8125
2025-08-08 22:31:56,311 - DEBUG - Joint score for alpha[3]: 15.9867
2025-08-08 22:31:59,803 - DEBUG - Joint score for alpha[4]: 15.9472
2025-08-08 22:32:03,294 - DEBUG - Joint score for alpha[5]: 15.9945
2025-08-08 22:32:06,783 - DEBUG - Joint score for alpha[6]: 15.9226
2025-08-08 22:32:10,271 - DEBUG - Joint score for alpha[7]: 15.8960
2025-08-08 22:32:13,763 - DEBUG - Joint score for alpha[8]: 16.0128
2025-08-08 22:32:17,253 - DEBUG - Joint score for alpha[9]: 16.1098
2025-08-08 22:32:20,742 - DEBUG - Joint score for alpha[10]: 16.0708
2025-08-08 22:32:24,232 - DEBUG - Joint score for alpha[11]: 15.9393
2025-08-08 22:32:27,723 - DEBUG - Joint score for alpha[12]: 15.9660
2025-08-08 22:32:31,213 - DEBUG - Joint score for alpha[13]: 15.8509
2025-08-08 22:32:34,704 - DEBUG - Joint score for alpha[14]: 15.9930
2025-08-08 22:32:38,193 - DEBUG - Joint score for alpha[15]: 15.9454
2025-08-08 22:32:38,233 - INFO - Step 4/120: mean ENERGY=15.8026
2025-08-08 22:32:38,236 - DEBUG - Beginning Gibbs iteration s = 4
2025-08-08 22:33:13,529 - DEBUG - Joint score for alpha[0]: 15.8016
2025-08-08 22:33:17,016 - DEBUG - Joint score for alpha[1]: 15.9093
2025-08-08 22:33:20,500 - DEBUG - Joint score for alpha[2]: 15.6738
2025-08-08 22:33:23,985 - DEBUG - Joint score for alpha[3]: 15.9170
2025-08-08 22:33:27,471 - DEBUG - Joint score for alpha[4]: 15.9724
2025-08-08 22:33:30,956 - DEBUG - Joint score for alpha[5]: 15.9810
2025-08-08 22:33:34,442 - DEBUG - Joint score for alpha[6]: 15.9241
2025-08-08 22:33:37,927 - DEBUG - Joint score for alpha[7]: 15.9612
2025-08-08 22:33:41,412 - DEBUG - Joint score for alpha[8]: 15.6902
2025-08-08 22:33:44,898 - DEBUG - Joint score for alpha[9]: 15.7475
2025-08-08 22:33:48,385 - DEBUG - Joint score for alpha[10]: 15.7183
2025-08-08 22:33:51,871 - DEBUG - Joint score for alpha[11]: 15.6903
2025-08-08 22:33:55,357 - DEBUG - Joint score for alpha[12]: 15.8784
2025-08-08 22:33:58,843 - DEBUG - Joint score for alpha[13]: 16.2227
2025-08-08 22:34:02,331 - DEBUG - Joint score for alpha[14]: 15.8746
2025-08-08 22:34:05,817 - DEBUG - Joint score for alpha[15]: 15.7579
2025-08-08 22:34:09,327 - DEBUG - Joint score for alpha[0]: 15.8188
2025-08-08 22:34:12,817 - DEBUG - Joint score for alpha[1]: 15.7508
2025-08-08 22:34:16,307 - DEBUG - Joint score for alpha[2]: 15.8731
2025-08-08 22:34:19,795 - DEBUG - Joint score for alpha[3]: 15.9768
2025-08-08 22:34:23,284 - DEBUG - Joint score for alpha[4]: 15.7848
2025-08-08 22:34:26,773 - DEBUG - Joint score for alpha[5]: 15.8232
2025-08-08 22:34:30,262 - DEBUG - Joint score for alpha[6]: 16.2422
2025-08-08 22:34:33,751 - DEBUG - Joint score for alpha[7]: 16.0694
2025-08-08 22:34:37,239 - DEBUG - Joint score for alpha[8]: 15.7490
2025-08-08 22:34:40,728 - DEBUG - Joint score for alpha[9]: 15.9992
2025-08-08 22:34:44,217 - DEBUG - Joint score for alpha[10]: 15.8830
2025-08-08 22:34:47,706 - DEBUG - Joint score for alpha[11]: 16.0389
2025-08-08 22:34:51,195 - DEBUG - Joint score for alpha[12]: 16.0210
2025-08-08 22:34:54,683 - DEBUG - Joint score for alpha[13]: 15.9449
2025-08-08 22:34:58,172 - DEBUG - Joint score for alpha[14]: 15.6938
2025-08-08 22:35:01,661 - DEBUG - Joint score for alpha[15]: 15.9943
2025-08-08 22:35:05,174 - DEBUG - Joint score for alpha[0]: 15.9344
2025-08-08 22:35:08,666 - DEBUG - Joint score for alpha[1]: 15.9552
2025-08-08 22:35:12,155 - DEBUG - Joint score for alpha[2]: 15.9507
2025-08-08 22:35:15,644 - DEBUG - Joint score for alpha[3]: 15.7253
2025-08-08 22:35:19,133 - DEBUG - Joint score for alpha[4]: 15.8047
2025-08-08 22:35:22,622 - DEBUG - Joint score for alpha[5]: 16.0142
2025-08-08 22:35:26,110 - DEBUG - Joint score for alpha[6]: 15.9430
2025-08-08 22:35:29,599 - DEBUG - Joint score for alpha[7]: 16.0434
2025-08-08 22:35:33,088 - DEBUG - Joint score for alpha[8]: 15.6896
2025-08-08 22:35:36,578 - DEBUG - Joint score for alpha[9]: 15.9788
2025-08-08 22:35:40,068 - DEBUG - Joint score for alpha[10]: 15.7952
2025-08-08 22:35:43,557 - DEBUG - Joint score for alpha[11]: 15.9954
2025-08-08 22:35:47,047 - DEBUG - Joint score for alpha[12]: 15.9123
2025-08-08 22:35:50,536 - DEBUG - Joint score for alpha[13]: 15.9300
2025-08-08 22:35:54,025 - DEBUG - Joint score for alpha[14]: 15.7820
2025-08-08 22:35:57,514 - DEBUG - Joint score for alpha[15]: 15.8162
2025-08-08 22:36:01,083 - DEBUG - Joint score for alpha[0]: 16.0031
2025-08-08 22:36:04,575 - DEBUG - Joint score for alpha[1]: 15.9208
2025-08-08 22:36:08,064 - DEBUG - Joint score for alpha[2]: 15.8679
2025-08-08 22:36:11,554 - DEBUG - Joint score for alpha[3]: 15.9882
2025-08-08 22:36:15,045 - DEBUG - Joint score for alpha[4]: 15.8194
2025-08-08 22:36:18,536 - DEBUG - Joint score for alpha[5]: 15.9018
2025-08-08 22:36:22,026 - DEBUG - Joint score for alpha[6]: 15.9998
2025-08-08 22:36:25,518 - DEBUG - Joint score for alpha[7]: 15.7518
2025-08-08 22:36:29,008 - DEBUG - Joint score for alpha[8]: 15.8831
2025-08-08 22:36:32,497 - DEBUG - Joint score for alpha[9]: 15.8531
2025-08-08 22:36:35,988 - DEBUG - Joint score for alpha[10]: 16.0304
2025-08-08 22:36:39,481 - DEBUG - Joint score for alpha[11]: 15.9891
2025-08-08 22:36:42,971 - DEBUG - Joint score for alpha[12]: 15.9703
2025-08-08 22:36:46,463 - DEBUG - Joint score for alpha[13]: 15.9279
2025-08-08 22:36:49,953 - DEBUG - Joint score for alpha[14]: 15.7204
2025-08-08 22:36:53,444 - DEBUG - Joint score for alpha[15]: 15.9778
2025-08-08 22:36:56,957 - DEBUG - Joint score for alpha[0]: 16.0956
2025-08-08 22:37:00,451 - DEBUG - Joint score for alpha[1]: 16.0410
2025-08-08 22:37:03,942 - DEBUG - Joint score for alpha[2]: 15.9079
2025-08-08 22:37:07,432 - DEBUG - Joint score for alpha[3]: 15.9644
2025-08-08 22:37:10,924 - DEBUG - Joint score for alpha[4]: 16.0133
2025-08-08 22:37:14,413 - DEBUG - Joint score for alpha[5]: 15.6849
2025-08-08 22:37:17,903 - DEBUG - Joint score for alpha[6]: 16.1313
2025-08-08 22:37:21,392 - DEBUG - Joint score for alpha[7]: 15.8682
2025-08-08 22:37:24,881 - DEBUG - Joint score for alpha[8]: 16.1406
2025-08-08 22:37:28,371 - DEBUG - Joint score for alpha[9]: 15.9875
2025-08-08 22:37:31,861 - DEBUG - Joint score for alpha[10]: 15.9058
2025-08-08 22:37:35,352 - DEBUG - Joint score for alpha[11]: 15.9025
2025-08-08 22:37:38,842 - DEBUG - Joint score for alpha[12]: 15.8472
2025-08-08 22:37:42,331 - DEBUG - Joint score for alpha[13]: 15.9088
2025-08-08 22:37:45,821 - DEBUG - Joint score for alpha[14]: 15.9504
2025-08-08 22:37:49,311 - DEBUG - Joint score for alpha[15]: 15.7600
2025-08-08 22:37:49,351 - INFO - Step 5/120: mean ENERGY=15.6925
2025-08-08 22:37:49,354 - DEBUG - Beginning Gibbs iteration s = 5
2025-08-08 22:37:54,686 - DEBUG - Proposal variance adapted: 0.085
2025-08-08 22:37:58,134 - DEBUG - Joint score for alpha[0]: 16.0438
2025-08-08 22:38:01,626 - DEBUG - Joint score for alpha[1]: 16.1066
2025-08-08 22:38:05,115 - DEBUG - Joint score for alpha[2]: 15.9506
2025-08-08 22:38:08,604 - DEBUG - Joint score for alpha[3]: 16.0521
2025-08-08 22:38:12,094 - DEBUG - Joint score for alpha[4]: 16.0502
2025-08-08 22:38:15,582 - DEBUG - Joint score for alpha[5]: 15.9666
2025-08-08 22:38:19,072 - DEBUG - Joint score for alpha[6]: 16.3336
2025-08-08 22:38:22,562 - DEBUG - Joint score for alpha[7]: 16.1232
2025-08-08 22:38:26,050 - DEBUG - Joint score for alpha[8]: 16.2667
2025-08-08 22:38:29,539 - DEBUG - Joint score for alpha[9]: 16.2016
2025-08-08 22:38:33,030 - DEBUG - Joint score for alpha[10]: 16.1583
2025-08-08 22:38:36,521 - DEBUG - Joint score for alpha[11]: 16.4305
2025-08-08 22:38:40,011 - DEBUG - Joint score for alpha[12]: 15.8924
2025-08-08 22:38:43,501 - DEBUG - Joint score for alpha[13]: 15.9448
2025-08-08 22:38:46,992 - DEBUG - Joint score for alpha[14]: 16.1355
2025-08-08 22:38:50,481 - DEBUG - Joint score for alpha[15]: 16.0189
2025-08-08 22:38:53,995 - DEBUG - Joint score for alpha[0]: 16.4301
2025-08-08 22:38:57,489 - DEBUG - Joint score for alpha[1]: 15.9092
2025-08-08 22:39:00,979 - DEBUG - Joint score for alpha[2]: 16.1431
2025-08-08 22:39:04,470 - DEBUG - Joint score for alpha[3]: 16.3080
2025-08-08 22:39:07,963 - DEBUG - Joint score for alpha[4]: 16.2407
2025-08-08 22:39:11,455 - DEBUG - Joint score for alpha[5]: 16.3261
2025-08-08 22:39:14,946 - DEBUG - Joint score for alpha[6]: 16.2008
2025-08-08 22:39:18,439 - DEBUG - Joint score for alpha[7]: 15.9177
2025-08-08 22:39:21,929 - DEBUG - Joint score for alpha[8]: 16.0570
2025-08-08 22:39:25,419 - DEBUG - Joint score for alpha[9]: 16.5270
2025-08-08 22:39:28,910 - DEBUG - Joint score for alpha[10]: 15.9307
2025-08-08 22:39:32,399 - DEBUG - Joint score for alpha[11]: 16.0637
2025-08-08 22:39:35,892 - DEBUG - Joint score for alpha[12]: 15.9785
2025-08-08 22:39:39,382 - DEBUG - Joint score for alpha[13]: 16.0065
2025-08-08 22:39:42,875 - DEBUG - Joint score for alpha[14]: 15.9925
2025-08-08 22:39:46,364 - DEBUG - Joint score for alpha[15]: 16.1648
2025-08-08 22:39:49,880 - DEBUG - Joint score for alpha[0]: 15.9263
2025-08-08 22:39:53,373 - DEBUG - Joint score for alpha[1]: 16.2383
2025-08-08 22:39:56,863 - DEBUG - Joint score for alpha[2]: 16.0610
2025-08-08 22:40:00,353 - DEBUG - Joint score for alpha[3]: 15.9059
2025-08-08 22:40:03,845 - DEBUG - Joint score for alpha[4]: 16.1469
2025-08-08 22:40:07,335 - DEBUG - Joint score for alpha[5]: 16.1787
2025-08-08 22:40:10,825 - DEBUG - Joint score for alpha[6]: 16.0605
2025-08-08 22:40:14,316 - DEBUG - Joint score for alpha[7]: 16.0018
2025-08-08 22:40:17,807 - DEBUG - Joint score for alpha[8]: 16.0018
2025-08-08 22:40:21,297 - DEBUG - Joint score for alpha[9]: 16.0327
2025-08-08 22:40:24,788 - DEBUG - Joint score for alpha[10]: 16.0296
2025-08-08 22:40:28,279 - DEBUG - Joint score for alpha[11]: 16.1218
2025-08-08 22:40:31,770 - DEBUG - Joint score for alpha[12]: 15.7708
2025-08-08 22:40:35,260 - DEBUG - Joint score for alpha[13]: 16.2659
2025-08-08 22:40:38,751 - DEBUG - Joint score for alpha[14]: 15.9236
2025-08-08 22:40:42,240 - DEBUG - Joint score for alpha[15]: 16.1595
2025-08-08 22:40:45,809 - DEBUG - Joint score for alpha[0]: 16.0665
2025-08-08 22:40:49,301 - DEBUG - Joint score for alpha[1]: 16.1229
2025-08-08 22:40:52,790 - DEBUG - Joint score for alpha[2]: 15.8599
2025-08-08 22:40:56,278 - DEBUG - Joint score for alpha[3]: 16.4185
2025-08-08 22:40:59,769 - DEBUG - Joint score for alpha[4]: 15.8147
2025-08-08 22:41:03,258 - DEBUG - Joint score for alpha[5]: 16.3470
2025-08-08 22:41:06,747 - DEBUG - Joint score for alpha[6]: 15.9858
2025-08-08 22:41:10,239 - DEBUG - Joint score for alpha[7]: 15.8953
2025-08-08 22:41:13,729 - DEBUG - Joint score for alpha[8]: 16.0361
2025-08-08 22:41:17,218 - DEBUG - Joint score for alpha[9]: 16.2197
2025-08-08 22:41:20,707 - DEBUG - Joint score for alpha[10]: 15.9244
2025-08-08 22:41:24,198 - DEBUG - Joint score for alpha[11]: 16.3519
2025-08-08 22:41:27,688 - DEBUG - Joint score for alpha[12]: 16.0993
2025-08-08 22:41:31,179 - DEBUG - Joint score for alpha[13]: 16.0994
2025-08-08 22:41:34,669 - DEBUG - Joint score for alpha[14]: 15.8281
2025-08-08 22:41:38,159 - DEBUG - Joint score for alpha[15]: 16.0783
2025-08-08 22:41:41,672 - DEBUG - Joint score for alpha[0]: 15.9771
2025-08-08 22:41:45,165 - DEBUG - Joint score for alpha[1]: 15.8665
2025-08-08 22:41:48,656 - DEBUG - Joint score for alpha[2]: 16.0665
2025-08-08 22:41:52,145 - DEBUG - Joint score for alpha[3]: 15.9443
2025-08-08 22:41:55,635 - DEBUG - Joint score for alpha[4]: 16.1591
2025-08-08 22:41:59,126 - DEBUG - Joint score for alpha[5]: 15.8600
2025-08-08 22:42:02,615 - DEBUG - Joint score for alpha[6]: 16.0396
2025-08-08 22:42:06,105 - DEBUG - Joint score for alpha[7]: 15.8393
2025-08-08 22:42:09,593 - DEBUG - Joint score for alpha[8]: 16.1174
2025-08-08 22:42:13,083 - DEBUG - Joint score for alpha[9]: 16.2600
2025-08-08 22:42:16,573 - DEBUG - Joint score for alpha[10]: 15.8721
2025-08-08 22:42:20,063 - DEBUG - Joint score for alpha[11]: 16.0430
2025-08-08 22:42:23,553 - DEBUG - Joint score for alpha[12]: 16.1377
2025-08-08 22:42:27,043 - DEBUG - Joint score for alpha[13]: 16.0353
2025-08-08 22:42:30,532 - DEBUG - Joint score for alpha[14]: 15.9922
2025-08-08 22:42:34,021 - DEBUG - Joint score for alpha[15]: 15.9864
2025-08-08 22:42:34,061 - INFO - Step 6/120: mean ENERGY=15.8453
2025-08-08 22:42:34,064 - DEBUG - Beginning Gibbs iteration s = 6
2025-08-08 22:42:53,367 - DEBUG - Joint score for alpha[0]: 16.3284
2025-08-08 22:42:56,856 - DEBUG - Joint score for alpha[1]: 16.0257
2025-08-08 22:43:00,343 - DEBUG - Joint score for alpha[2]: 15.9135
2025-08-08 22:43:03,830 - DEBUG - Joint score for alpha[3]: 15.8536
2025-08-08 22:43:07,318 - DEBUG - Joint score for alpha[4]: 16.1490
2025-08-08 22:43:10,804 - DEBUG - Joint score for alpha[5]: 15.8033
2025-08-08 22:43:14,292 - DEBUG - Joint score for alpha[6]: 15.9753
2025-08-08 22:43:17,779 - DEBUG - Joint score for alpha[7]: 16.3242
2025-08-08 22:43:21,266 - DEBUG - Joint score for alpha[8]: 15.9876
2025-08-08 22:43:24,752 - DEBUG - Joint score for alpha[9]: 15.8508
2025-08-08 22:43:28,242 - DEBUG - Joint score for alpha[10]: 16.0065
2025-08-08 22:43:31,731 - DEBUG - Joint score for alpha[11]: 16.2318
2025-08-08 22:43:35,218 - DEBUG - Joint score for alpha[12]: 16.0204
2025-08-08 22:43:38,707 - DEBUG - Joint score for alpha[13]: 15.9915
2025-08-08 22:43:42,196 - DEBUG - Joint score for alpha[14]: 15.6934
2025-08-08 22:43:45,684 - DEBUG - Joint score for alpha[15]: 16.0418
2025-08-08 22:43:49,196 - DEBUG - Joint score for alpha[0]: 16.2924
2025-08-08 22:43:52,689 - DEBUG - Joint score for alpha[1]: 15.8649
2025-08-08 22:43:56,179 - DEBUG - Joint score for alpha[2]: 15.9239
2025-08-08 22:43:59,669 - DEBUG - Joint score for alpha[3]: 15.9654
2025-08-08 22:44:03,160 - DEBUG - Joint score for alpha[4]: 15.9331
2025-08-08 22:44:06,650 - DEBUG - Joint score for alpha[5]: 16.0079
2025-08-08 22:44:10,141 - DEBUG - Joint score for alpha[6]: 15.9207
2025-08-08 22:44:13,631 - DEBUG - Joint score for alpha[7]: 16.0126
2025-08-08 22:44:17,121 - DEBUG - Joint score for alpha[8]: 16.0241
2025-08-08 22:44:20,610 - DEBUG - Joint score for alpha[9]: 15.8110
2025-08-08 22:44:24,099 - DEBUG - Joint score for alpha[10]: 15.8608
2025-08-08 22:44:27,588 - DEBUG - Joint score for alpha[11]: 15.9248
2025-08-08 22:44:31,079 - DEBUG - Joint score for alpha[12]: 15.9270
2025-08-08 22:44:34,568 - DEBUG - Joint score for alpha[13]: 15.9518
2025-08-08 22:44:38,061 - DEBUG - Joint score for alpha[14]: 15.8477
2025-08-08 22:44:41,550 - DEBUG - Joint score for alpha[15]: 16.1442
2025-08-08 22:44:45,065 - DEBUG - Joint score for alpha[0]: 15.8841
2025-08-08 22:44:48,557 - DEBUG - Joint score for alpha[1]: 15.8096
2025-08-08 22:44:52,045 - DEBUG - Joint score for alpha[2]: 16.0536
2025-08-08 22:44:55,535 - DEBUG - Joint score for alpha[3]: 15.8667
2025-08-08 22:44:59,026 - DEBUG - Joint score for alpha[4]: 15.9648
2025-08-08 22:45:02,515 - DEBUG - Joint score for alpha[5]: 16.0102
2025-08-08 22:45:06,004 - DEBUG - Joint score for alpha[6]: 15.7540
2025-08-08 22:45:09,494 - DEBUG - Joint score for alpha[7]: 15.8605
2025-08-08 22:45:12,984 - DEBUG - Joint score for alpha[8]: 15.9274
2025-08-08 22:45:16,473 - DEBUG - Joint score for alpha[9]: 15.9617
2025-08-08 22:45:19,964 - DEBUG - Joint score for alpha[10]: 15.9630
2025-08-08 22:45:23,454 - DEBUG - Joint score for alpha[11]: 15.9105
2025-08-08 22:45:26,944 - DEBUG - Joint score for alpha[12]: 15.9282
2025-08-08 22:45:30,433 - DEBUG - Joint score for alpha[13]: 15.8715
2025-08-08 22:45:33,922 - DEBUG - Joint score for alpha[14]: 16.0398
2025-08-08 22:45:37,412 - DEBUG - Joint score for alpha[15]: 15.8384
2025-08-08 22:45:40,981 - DEBUG - Joint score for alpha[0]: 16.0732
2025-08-08 22:45:44,474 - DEBUG - Joint score for alpha[1]: 16.0151
2025-08-08 22:45:47,964 - DEBUG - Joint score for alpha[2]: 15.9145
2025-08-08 22:45:51,454 - DEBUG - Joint score for alpha[3]: 15.8749
2025-08-08 22:45:54,946 - DEBUG - Joint score for alpha[4]: 15.8389
2025-08-08 22:45:58,438 - DEBUG - Joint score for alpha[5]: 15.9361
2025-08-08 22:46:01,928 - DEBUG - Joint score for alpha[6]: 15.8726
2025-08-08 22:46:05,422 - DEBUG - Joint score for alpha[7]: 15.8645
2025-08-08 22:46:08,913 - DEBUG - Joint score for alpha[8]: 15.8202
2025-08-08 22:46:12,404 - DEBUG - Joint score for alpha[9]: 16.1055
2025-08-08 22:46:15,894 - DEBUG - Joint score for alpha[10]: 16.2859
2025-08-08 22:46:19,388 - DEBUG - Joint score for alpha[11]: 16.1697
2025-08-08 22:46:22,880 - DEBUG - Joint score for alpha[12]: 15.7651
2025-08-08 22:46:26,374 - DEBUG - Joint score for alpha[13]: 15.7064
2025-08-08 22:46:29,866 - DEBUG - Joint score for alpha[14]: 16.0668
2025-08-08 22:46:33,358 - DEBUG - Joint score for alpha[15]: 16.1768
2025-08-08 22:46:36,872 - DEBUG - Joint score for alpha[0]: 15.9201
2025-08-08 22:46:40,367 - DEBUG - Joint score for alpha[1]: 15.8929
2025-08-08 22:46:43,859 - DEBUG - Joint score for alpha[2]: 15.8152
2025-08-08 22:46:47,349 - DEBUG - Joint score for alpha[3]: 16.1798
2025-08-08 22:46:50,840 - DEBUG - Joint score for alpha[4]: 16.0416
2025-08-08 22:46:54,330 - DEBUG - Joint score for alpha[5]: 15.8943
2025-08-08 22:46:57,821 - DEBUG - Joint score for alpha[6]: 15.9945
2025-08-08 22:47:01,311 - DEBUG - Joint score for alpha[7]: 16.2725
2025-08-08 22:47:04,800 - DEBUG - Joint score for alpha[8]: 16.0503
2025-08-08 22:47:08,291 - DEBUG - Joint score for alpha[9]: 15.9274
2025-08-08 22:47:11,781 - DEBUG - Joint score for alpha[10]: 16.1272
2025-08-08 22:47:15,271 - DEBUG - Joint score for alpha[11]: 15.7436
2025-08-08 22:47:18,761 - DEBUG - Joint score for alpha[12]: 16.0839
2025-08-08 22:47:22,252 - DEBUG - Joint score for alpha[13]: 15.8892
2025-08-08 22:47:25,744 - DEBUG - Joint score for alpha[14]: 15.8165
2025-08-08 22:47:29,234 - DEBUG - Joint score for alpha[15]: 16.0372
2025-08-08 22:47:29,274 - INFO - Step 7/120: mean ENERGY=15.7417
2025-08-08 22:47:29,275 - DEBUG - Beginning Gibbs iteration s = 7
2025-08-08 22:47:47,103 - DEBUG - Joint score for alpha[0]: 15.8921
2025-08-08 22:47:50,593 - DEBUG - Joint score for alpha[1]: 15.8374
2025-08-08 22:47:54,081 - DEBUG - Joint score for alpha[2]: 15.9221
2025-08-08 22:47:57,569 - DEBUG - Joint score for alpha[3]: 15.8353
2025-08-08 22:48:01,059 - DEBUG - Joint score for alpha[4]: 15.6798
2025-08-08 22:48:04,547 - DEBUG - Joint score for alpha[5]: 16.7111
2025-08-08 22:48:08,036 - DEBUG - Joint score for alpha[6]: 17.2060
2025-08-08 22:48:11,524 - DEBUG - Joint score for alpha[7]: 15.9951
2025-08-08 22:48:15,012 - DEBUG - Joint score for alpha[8]: 16.4445
2025-08-08 22:48:18,500 - DEBUG - Joint score for alpha[9]: 15.7285
2025-08-08 22:48:21,990 - DEBUG - Joint score for alpha[10]: 15.7307
2025-08-08 22:48:25,481 - DEBUG - Joint score for alpha[11]: 15.7610
2025-08-08 22:48:28,970 - DEBUG - Joint score for alpha[12]: 15.8604
2025-08-08 22:48:32,460 - DEBUG - Joint score for alpha[13]: 15.8836
2025-08-08 22:48:35,949 - DEBUG - Joint score for alpha[14]: 15.8294
2025-08-08 22:48:39,438 - DEBUG - Joint score for alpha[15]: 15.8194
2025-08-08 22:48:42,953 - DEBUG - Joint score for alpha[0]: 15.7876
2025-08-08 22:48:46,445 - DEBUG - Joint score for alpha[1]: 15.7914
2025-08-08 22:48:49,935 - DEBUG - Joint score for alpha[2]: 15.7242
2025-08-08 22:48:53,425 - DEBUG - Joint score for alpha[3]: 15.8053
2025-08-08 22:48:56,917 - DEBUG - Joint score for alpha[4]: 15.7852
2025-08-08 22:49:00,407 - DEBUG - Joint score for alpha[5]: 15.7267
2025-08-08 22:49:03,898 - DEBUG - Joint score for alpha[6]: 15.7582
2025-08-08 22:49:07,389 - DEBUG - Joint score for alpha[7]: 15.8727
2025-08-08 22:49:10,878 - DEBUG - Joint score for alpha[8]: 15.9107
2025-08-08 22:49:14,366 - DEBUG - Joint score for alpha[9]: 15.7429
2025-08-08 22:49:17,855 - DEBUG - Joint score for alpha[10]: 15.8395
2025-08-08 22:49:21,345 - DEBUG - Joint score for alpha[11]: 15.9182
2025-08-08 22:49:24,837 - DEBUG - Joint score for alpha[12]: 15.7850
2025-08-08 22:49:28,327 - DEBUG - Joint score for alpha[13]: 15.6793
2025-08-08 22:49:31,820 - DEBUG - Joint score for alpha[14]: 15.7897
2025-08-08 22:49:35,309 - DEBUG - Joint score for alpha[15]: 15.8305
2025-08-08 22:49:38,825 - DEBUG - Joint score for alpha[0]: 15.7388
2025-08-08 22:49:42,317 - DEBUG - Joint score for alpha[1]: 15.9541
2025-08-08 22:49:45,807 - DEBUG - Joint score for alpha[2]: 15.7494
2025-08-08 22:49:49,297 - DEBUG - Joint score for alpha[3]: 15.8081
2025-08-08 22:49:52,789 - DEBUG - Joint score for alpha[4]: 15.6167
2025-08-08 22:49:56,280 - DEBUG - Joint score for alpha[5]: 15.7170
2025-08-08 22:49:59,769 - DEBUG - Joint score for alpha[6]: 15.8014
2025-08-08 22:50:03,259 - DEBUG - Joint score for alpha[7]: 15.7864
2025-08-08 22:50:06,751 - DEBUG - Joint score for alpha[8]: 15.7804
2025-08-08 22:50:10,242 - DEBUG - Joint score for alpha[9]: 15.6645
2025-08-08 22:50:13,734 - DEBUG - Joint score for alpha[10]: 15.6775
2025-08-08 22:50:17,225 - DEBUG - Joint score for alpha[11]: 15.8040
2025-08-08 22:50:20,716 - DEBUG - Joint score for alpha[12]: 15.7428
2025-08-08 22:50:24,207 - DEBUG - Joint score for alpha[13]: 15.7744
2025-08-08 22:50:27,698 - DEBUG - Joint score for alpha[14]: 15.8827
2025-08-08 22:50:31,188 - DEBUG - Joint score for alpha[15]: 15.7649
2025-08-08 22:50:34,757 - DEBUG - Joint score for alpha[0]: 15.8594
2025-08-08 22:50:38,249 - DEBUG - Joint score for alpha[1]: 15.8888
2025-08-08 22:50:41,739 - DEBUG - Joint score for alpha[2]: 15.8240
2025-08-08 22:50:45,230 - DEBUG - Joint score for alpha[3]: 15.7378
2025-08-08 22:50:48,721 - DEBUG - Joint score for alpha[4]: 15.7073
2025-08-08 22:50:52,211 - DEBUG - Joint score for alpha[5]: 15.6451
2025-08-08 22:50:55,701 - DEBUG - Joint score for alpha[6]: 16.1903
2025-08-08 22:50:59,191 - DEBUG - Joint score for alpha[7]: 15.9263
2025-08-08 22:51:02,681 - DEBUG - Joint score for alpha[8]: 15.6918
2025-08-08 22:51:06,171 - DEBUG - Joint score for alpha[9]: 15.7804
2025-08-08 22:51:09,660 - DEBUG - Joint score for alpha[10]: 15.7969
2025-08-08 22:51:13,152 - DEBUG - Joint score for alpha[11]: 15.5325
2025-08-08 22:51:16,642 - DEBUG - Joint score for alpha[12]: 15.8107
2025-08-08 22:51:20,134 - DEBUG - Joint score for alpha[13]: 15.6694
2025-08-08 22:51:23,624 - DEBUG - Joint score for alpha[14]: 15.8124
2025-08-08 22:51:27,116 - DEBUG - Joint score for alpha[15]: 15.7424
2025-08-08 22:51:30,629 - DEBUG - Joint score for alpha[0]: 15.7554
2025-08-08 22:51:34,123 - DEBUG - Joint score for alpha[1]: 15.7169
2025-08-08 22:51:37,615 - DEBUG - Joint score for alpha[2]: 15.7424
2025-08-08 22:51:41,105 - DEBUG - Joint score for alpha[3]: 15.7504
2025-08-08 22:51:44,596 - DEBUG - Joint score for alpha[4]: 15.6712
2025-08-08 22:51:48,087 - DEBUG - Joint score for alpha[5]: 15.8431
2025-08-08 22:51:51,577 - DEBUG - Joint score for alpha[6]: 15.5890
2025-08-08 22:51:55,068 - DEBUG - Joint score for alpha[7]: 15.5265
2025-08-08 22:51:58,556 - DEBUG - Joint score for alpha[8]: 15.8930
2025-08-08 22:52:02,046 - DEBUG - Joint score for alpha[9]: 16.0551
2025-08-08 22:52:05,536 - DEBUG - Joint score for alpha[10]: 15.7377
2025-08-08 22:52:09,025 - DEBUG - Joint score for alpha[11]: 15.5896
2025-08-08 22:52:12,515 - DEBUG - Joint score for alpha[12]: 15.6342
2025-08-08 22:52:16,006 - DEBUG - Joint score for alpha[13]: 15.7344
2025-08-08 22:52:19,496 - DEBUG - Joint score for alpha[14]: 15.5802
2025-08-08 22:52:22,985 - DEBUG - Joint score for alpha[15]: 15.7585
2025-08-08 22:52:23,025 - INFO - Step 8/120: mean ENERGY=15.6070
2025-08-08 22:52:23,027 - DEBUG - Beginning Gibbs iteration s = 8
2025-08-08 22:52:31,031 - DEBUG - Joint score for alpha[0]: 15.7331
2025-08-08 22:52:34,522 - DEBUG - Joint score for alpha[1]: 15.6402
2025-08-08 22:52:38,011 - DEBUG - Joint score for alpha[2]: 15.9501
2025-08-08 22:52:41,500 - DEBUG - Joint score for alpha[3]: 15.9243
2025-08-08 22:52:44,990 - DEBUG - Joint score for alpha[4]: 15.7902
2025-08-08 22:52:48,478 - DEBUG - Joint score for alpha[5]: 16.0507
2025-08-08 22:52:51,967 - DEBUG - Joint score for alpha[6]: 16.2899
2025-08-08 22:52:55,455 - DEBUG - Joint score for alpha[7]: 15.8749
2025-08-08 22:52:58,944 - DEBUG - Joint score for alpha[8]: 15.8675
2025-08-08 22:53:02,432 - DEBUG - Joint score for alpha[9]: 15.8863
2025-08-08 22:53:05,923 - DEBUG - Joint score for alpha[10]: 15.8741
2025-08-08 22:53:09,413 - DEBUG - Joint score for alpha[11]: 15.9556
2025-08-08 22:53:12,901 - DEBUG - Joint score for alpha[12]: 15.7594
2025-08-08 22:53:16,390 - DEBUG - Joint score for alpha[13]: 15.7800
2025-08-08 22:53:19,880 - DEBUG - Joint score for alpha[14]: 16.0198
2025-08-08 22:53:23,369 - DEBUG - Joint score for alpha[15]: 15.8289
2025-08-08 22:53:26,882 - DEBUG - Joint score for alpha[0]: 15.6787
2025-08-08 22:53:30,375 - DEBUG - Joint score for alpha[1]: 15.8412
2025-08-08 22:53:33,865 - DEBUG - Joint score for alpha[2]: 15.6531
2025-08-08 22:53:37,354 - DEBUG - Joint score for alpha[3]: 15.7828
2025-08-08 22:53:40,846 - DEBUG - Joint score for alpha[4]: 15.7539
2025-08-08 22:53:44,335 - DEBUG - Joint score for alpha[5]: 15.8875
2025-08-08 22:53:47,826 - DEBUG - Joint score for alpha[6]: 15.7696
2025-08-08 22:53:51,316 - DEBUG - Joint score for alpha[7]: 15.8286
2025-08-08 22:53:54,806 - DEBUG - Joint score for alpha[8]: 15.8313
2025-08-08 22:53:58,295 - DEBUG - Joint score for alpha[9]: 15.6498
2025-08-08 22:54:01,784 - DEBUG - Joint score for alpha[10]: 15.8749
2025-08-08 22:54:05,275 - DEBUG - Joint score for alpha[11]: 15.8078
2025-08-08 22:54:08,766 - DEBUG - Joint score for alpha[12]: 15.5307
2025-08-08 22:54:12,255 - DEBUG - Joint score for alpha[13]: 15.7601
2025-08-08 22:54:15,747 - DEBUG - Joint score for alpha[14]: 15.6664
2025-08-08 22:54:19,236 - DEBUG - Joint score for alpha[15]: 15.7746
2025-08-08 22:54:22,753 - DEBUG - Joint score for alpha[0]: 15.9223
2025-08-08 22:54:26,245 - DEBUG - Joint score for alpha[1]: 15.8515
2025-08-08 22:54:29,735 - DEBUG - Joint score for alpha[2]: 16.0281
2025-08-08 22:54:33,225 - DEBUG - Joint score for alpha[3]: 15.8149
2025-08-08 22:54:36,716 - DEBUG - Joint score for alpha[4]: 15.7938
2025-08-08 22:54:40,206 - DEBUG - Joint score for alpha[5]: 15.8290
2025-08-08 22:54:43,695 - DEBUG - Joint score for alpha[6]: 15.7504
2025-08-08 22:54:47,185 - DEBUG - Joint score for alpha[7]: 15.8382
2025-08-08 22:54:50,675 - DEBUG - Joint score for alpha[8]: 15.7082
2025-08-08 22:54:54,165 - DEBUG - Joint score for alpha[9]: 15.8898
2025-08-08 22:54:57,657 - DEBUG - Joint score for alpha[10]: 15.5996
2025-08-08 22:55:01,147 - DEBUG - Joint score for alpha[11]: 15.8140
2025-08-08 22:55:04,638 - DEBUG - Joint score for alpha[12]: 15.8474
2025-08-08 22:55:08,127 - DEBUG - Joint score for alpha[13]: 15.7131
2025-08-08 22:55:11,618 - DEBUG - Joint score for alpha[14]: 15.8253
2025-08-08 22:55:15,107 - DEBUG - Joint score for alpha[15]: 15.5422
2025-08-08 22:55:18,676 - DEBUG - Joint score for alpha[0]: 15.7786
2025-08-08 22:55:22,169 - DEBUG - Joint score for alpha[1]: 15.9733
2025-08-08 22:55:25,658 - DEBUG - Joint score for alpha[2]: 15.6327
2025-08-08 22:55:29,147 - DEBUG - Joint score for alpha[3]: 15.8853
2025-08-08 22:55:32,637 - DEBUG - Joint score for alpha[4]: 15.8115
2025-08-08 22:55:36,127 - DEBUG - Joint score for alpha[5]: 15.8087
2025-08-08 22:55:39,617 - DEBUG - Joint score for alpha[6]: 15.7496
2025-08-08 22:55:43,108 - DEBUG - Joint score for alpha[7]: 15.7446
2025-08-08 22:55:46,598 - DEBUG - Joint score for alpha[8]: 15.6209
2025-08-08 22:55:50,089 - DEBUG - Joint score for alpha[9]: 15.8100
2025-08-08 22:55:53,577 - DEBUG - Joint score for alpha[10]: 15.8552
2025-08-08 22:55:57,069 - DEBUG - Joint score for alpha[11]: 15.8248
2025-08-08 22:56:00,559 - DEBUG - Joint score for alpha[12]: 15.7691
2025-08-08 22:56:04,051 - DEBUG - Joint score for alpha[13]: 15.8122
2025-08-08 22:56:07,541 - DEBUG - Joint score for alpha[14]: 15.8865
2025-08-08 22:56:11,033 - DEBUG - Joint score for alpha[15]: 15.8793
2025-08-08 22:56:14,544 - DEBUG - Joint score for alpha[0]: 15.8062
2025-08-08 22:56:18,038 - DEBUG - Joint score for alpha[1]: 15.8696
2025-08-08 22:56:21,531 - DEBUG - Joint score for alpha[2]: 16.1849
2025-08-08 22:56:25,021 - DEBUG - Joint score for alpha[3]: 15.8090
2025-08-08 22:56:28,513 - DEBUG - Joint score for alpha[4]: 15.8265
2025-08-08 22:56:32,004 - DEBUG - Joint score for alpha[5]: 15.7461
2025-08-08 22:56:35,494 - DEBUG - Joint score for alpha[6]: 15.7840
2025-08-08 22:56:38,984 - DEBUG - Joint score for alpha[7]: 15.6305
2025-08-08 22:56:42,474 - DEBUG - Joint score for alpha[8]: 15.7301
2025-08-08 22:56:45,965 - DEBUG - Joint score for alpha[9]: 16.1463
2025-08-08 22:56:49,456 - DEBUG - Joint score for alpha[10]: 15.6838
2025-08-08 22:56:52,947 - DEBUG - Joint score for alpha[11]: 15.8073
2025-08-08 22:56:56,436 - DEBUG - Joint score for alpha[12]: 16.0373
2025-08-08 22:56:59,927 - DEBUG - Joint score for alpha[13]: 15.7900
2025-08-08 22:57:03,417 - DEBUG - Joint score for alpha[14]: 16.0198
2025-08-08 22:57:06,907 - DEBUG - Joint score for alpha[15]: 15.5655
2025-08-08 22:57:06,947 - INFO - Step 9/120: mean ENERGY=15.5799
2025-08-08 22:57:06,948 - DEBUG - Beginning Gibbs iteration s = 9
2025-08-08 22:57:14,430 - DEBUG - Joint score for alpha[0]: 16.0690
2025-08-08 22:57:17,921 - DEBUG - Joint score for alpha[1]: 15.7911
2025-08-08 22:57:21,411 - DEBUG - Joint score for alpha[2]: 15.9974
2025-08-08 22:57:24,901 - DEBUG - Joint score for alpha[3]: 16.0145
2025-08-08 22:57:28,391 - DEBUG - Joint score for alpha[4]: 15.8804
2025-08-08 22:57:31,879 - DEBUG - Joint score for alpha[5]: 15.9715
2025-08-08 22:57:35,368 - DEBUG - Joint score for alpha[6]: 16.5527
2025-08-08 22:57:38,857 - DEBUG - Joint score for alpha[7]: 16.1351
2025-08-08 22:57:42,346 - DEBUG - Joint score for alpha[8]: 15.9234
2025-08-08 22:57:45,834 - DEBUG - Joint score for alpha[9]: 16.2717
2025-08-08 22:57:49,325 - DEBUG - Joint score for alpha[10]: 16.0103
2025-08-08 22:57:52,815 - DEBUG - Joint score for alpha[11]: 16.0122
2025-08-08 22:57:56,303 - DEBUG - Joint score for alpha[12]: 15.8850
2025-08-08 22:57:59,793 - DEBUG - Joint score for alpha[13]: 16.5850
2025-08-08 22:58:03,282 - DEBUG - Joint score for alpha[14]: 16.2886
2025-08-08 22:58:06,771 - DEBUG - Joint score for alpha[15]: 15.8831
2025-08-08 22:58:10,285 - DEBUG - Joint score for alpha[0]: 16.3028
2025-08-08 22:58:13,778 - DEBUG - Joint score for alpha[1]: 15.8868
2025-08-08 22:58:17,269 - DEBUG - Joint score for alpha[2]: 15.8424
2025-08-08 22:58:20,758 - DEBUG - Joint score for alpha[3]: 15.7700
2025-08-08 22:58:24,250 - DEBUG - Joint score for alpha[4]: 15.9273
2025-08-08 22:58:27,740 - DEBUG - Joint score for alpha[5]: 15.9489
2025-08-08 22:58:31,231 - DEBUG - Joint score for alpha[6]: 15.7279
2025-08-08 22:58:34,722 - DEBUG - Joint score for alpha[7]: 15.8578
2025-08-08 22:58:38,211 - DEBUG - Joint score for alpha[8]: 15.8343
2025-08-08 22:58:41,699 - DEBUG - Joint score for alpha[9]: 16.0164
2025-08-08 22:58:45,189 - DEBUG - Joint score for alpha[10]: 15.9901
2025-08-08 22:58:48,678 - DEBUG - Joint score for alpha[11]: 16.2947
2025-08-08 22:58:52,169 - DEBUG - Joint score for alpha[12]: 15.9798
2025-08-08 22:58:55,659 - DEBUG - Joint score for alpha[13]: 15.8713
2025-08-08 22:58:59,150 - DEBUG - Joint score for alpha[14]: 15.7547
2025-08-08 22:59:02,641 - DEBUG - Joint score for alpha[15]: 15.9061
2025-08-08 22:59:06,157 - DEBUG - Joint score for alpha[0]: 16.2306
2025-08-08 22:59:09,650 - DEBUG - Joint score for alpha[1]: 16.1630
2025-08-08 22:59:13,140 - DEBUG - Joint score for alpha[2]: 15.8534
2025-08-08 22:59:16,630 - DEBUG - Joint score for alpha[3]: 16.0302
2025-08-08 22:59:20,121 - DEBUG - Joint score for alpha[4]: 15.9985
2025-08-08 22:59:23,611 - DEBUG - Joint score for alpha[5]: 16.2129
2025-08-08 22:59:27,101 - DEBUG - Joint score for alpha[6]: 15.7079
2025-08-08 22:59:30,591 - DEBUG - Joint score for alpha[7]: 15.9993
2025-08-08 22:59:34,082 - DEBUG - Joint score for alpha[8]: 16.0058
2025-08-08 22:59:37,572 - DEBUG - Joint score for alpha[9]: 15.8904
2025-08-08 22:59:41,063 - DEBUG - Joint score for alpha[10]: 16.0466
2025-08-08 22:59:44,554 - DEBUG - Joint score for alpha[11]: 16.1134
2025-08-08 22:59:48,044 - DEBUG - Joint score for alpha[12]: 16.0512
2025-08-08 22:59:51,532 - DEBUG - Joint score for alpha[13]: 15.8723
2025-08-08 22:59:55,022 - DEBUG - Joint score for alpha[14]: 16.0766
2025-08-08 22:59:58,511 - DEBUG - Joint score for alpha[15]: 16.0082
2025-08-08 23:00:02,080 - DEBUG - Joint score for alpha[0]: 15.9817
2025-08-08 23:00:05,572 - DEBUG - Joint score for alpha[1]: 15.9561
2025-08-08 23:00:09,060 - DEBUG - Joint score for alpha[2]: 15.9817
2025-08-08 23:00:12,548 - DEBUG - Joint score for alpha[3]: 15.8262
2025-08-08 23:00:16,039 - DEBUG - Joint score for alpha[4]: 15.9858
2025-08-08 23:00:19,528 - DEBUG - Joint score for alpha[5]: 15.9764
2025-08-08 23:00:23,018 - DEBUG - Joint score for alpha[6]: 15.9047
2025-08-08 23:00:26,508 - DEBUG - Joint score for alpha[7]: 16.0122
2025-08-08 23:00:29,996 - DEBUG - Joint score for alpha[8]: 15.9338
2025-08-08 23:00:33,485 - DEBUG - Joint score for alpha[9]: 15.8309
2025-08-08 23:00:36,974 - DEBUG - Joint score for alpha[10]: 16.1882
2025-08-08 23:00:40,465 - DEBUG - Joint score for alpha[11]: 16.2827
2025-08-08 23:00:43,954 - DEBUG - Joint score for alpha[12]: 15.8493
2025-08-08 23:00:47,446 - DEBUG - Joint score for alpha[13]: 16.1995
2025-08-08 23:00:50,935 - DEBUG - Joint score for alpha[14]: 16.0363
2025-08-08 23:00:54,425 - DEBUG - Joint score for alpha[15]: 16.2613
2025-08-08 23:00:57,936 - DEBUG - Joint score for alpha[0]: 15.9965
2025-08-08 23:01:01,429 - DEBUG - Joint score for alpha[1]: 15.8279
2025-08-08 23:01:04,919 - DEBUG - Joint score for alpha[2]: 15.7044
2025-08-08 23:01:08,407 - DEBUG - Joint score for alpha[3]: 15.9395
2025-08-08 23:01:11,898 - DEBUG - Joint score for alpha[4]: 15.7238
2025-08-08 23:01:15,387 - DEBUG - Joint score for alpha[5]: 16.1057
2025-08-08 23:01:18,876 - DEBUG - Joint score for alpha[6]: 16.0232
2025-08-08 23:01:22,366 - DEBUG - Joint score for alpha[7]: 16.2200
2025-08-08 23:01:25,854 - DEBUG - Joint score for alpha[8]: 15.7401
2025-08-08 23:01:29,344 - DEBUG - Joint score for alpha[9]: 15.9768
2025-08-08 23:01:32,833 - DEBUG - Joint score for alpha[10]: 15.9591
2025-08-08 23:01:36,323 - DEBUG - Joint score for alpha[11]: 16.1106
2025-08-08 23:01:39,812 - DEBUG - Joint score for alpha[12]: 15.8542
2025-08-08 23:01:43,302 - DEBUG - Joint score for alpha[13]: 15.7940
2025-08-08 23:01:46,793 - DEBUG - Joint score for alpha[14]: 16.0191
2025-08-08 23:01:50,282 - DEBUG - Joint score for alpha[15]: 16.1546
2025-08-08 23:01:50,322 - INFO - Step 10/120: mean ENERGY=15.7515
2025-08-08 23:01:50,323 - DEBUG - Beginning Gibbs iteration s = 10
2025-08-08 23:01:54,496 - DEBUG - Proposal variance adapted: 0.072
2025-08-08 23:01:57,947 - DEBUG - Joint score for alpha[0]: 15.8795
2025-08-08 23:02:01,438 - DEBUG - Joint score for alpha[1]: 16.1727
2025-08-08 23:02:04,927 - DEBUG - Joint score for alpha[2]: 15.9442
2025-08-08 23:02:08,416 - DEBUG - Joint score for alpha[3]: 15.7180
2025-08-08 23:02:11,906 - DEBUG - Joint score for alpha[4]: 15.8457
2025-08-08 23:02:15,394 - DEBUG - Joint score for alpha[5]: 15.8773
2025-08-08 23:02:18,883 - DEBUG - Joint score for alpha[6]: 15.9259
2025-08-08 23:02:22,372 - DEBUG - Joint score for alpha[7]: 15.5568
2025-08-08 23:02:25,859 - DEBUG - Joint score for alpha[8]: 16.2094
2025-08-08 23:02:29,348 - DEBUG - Joint score for alpha[9]: 16.1845
2025-08-08 23:02:32,839 - DEBUG - Joint score for alpha[10]: 15.8880
2025-08-08 23:02:36,327 - DEBUG - Joint score for alpha[11]: 15.6882
2025-08-08 23:02:39,814 - DEBUG - Joint score for alpha[12]: 15.7358
2025-08-08 23:02:43,304 - DEBUG - Joint score for alpha[13]: 15.7395
2025-08-08 23:02:46,793 - DEBUG - Joint score for alpha[14]: 15.9011
2025-08-08 23:02:50,282 - DEBUG - Joint score for alpha[15]: 15.8254
2025-08-08 23:02:53,795 - DEBUG - Joint score for alpha[0]: 15.7512
2025-08-08 23:02:57,288 - DEBUG - Joint score for alpha[1]: 15.7109
2025-08-08 23:03:00,779 - DEBUG - Joint score for alpha[2]: 15.7731
2025-08-08 23:03:04,269 - DEBUG - Joint score for alpha[3]: 15.8608
2025-08-08 23:03:07,758 - DEBUG - Joint score for alpha[4]: 15.7866
2025-08-08 23:03:11,248 - DEBUG - Joint score for alpha[5]: 15.8330
2025-08-08 23:03:14,738 - DEBUG - Joint score for alpha[6]: 15.6775
2025-08-08 23:03:18,228 - DEBUG - Joint score for alpha[7]: 15.9997
2025-08-08 23:03:21,717 - DEBUG - Joint score for alpha[8]: 15.8683
2025-08-08 23:03:25,205 - DEBUG - Joint score for alpha[9]: 15.7029
2025-08-08 23:03:28,695 - DEBUG - Joint score for alpha[10]: 15.6114
2025-08-08 23:03:32,185 - DEBUG - Joint score for alpha[11]: 15.7680
2025-08-08 23:03:35,675 - DEBUG - Joint score for alpha[12]: 15.9223
2025-08-08 23:03:39,163 - DEBUG - Joint score for alpha[13]: 15.6814
2025-08-08 23:03:42,653 - DEBUG - Joint score for alpha[14]: 15.8674
2025-08-08 23:03:46,143 - DEBUG - Joint score for alpha[15]: 15.8126
2025-08-08 23:03:49,659 - DEBUG - Joint score for alpha[0]: 15.6868
2025-08-08 23:03:53,150 - DEBUG - Joint score for alpha[1]: 15.5952
2025-08-08 23:03:56,640 - DEBUG - Joint score for alpha[2]: 15.7946
2025-08-08 23:04:00,130 - DEBUG - Joint score for alpha[3]: 15.6088
2025-08-08 23:04:03,621 - DEBUG - Joint score for alpha[4]: 15.9717
2025-08-08 23:04:07,110 - DEBUG - Joint score for alpha[5]: 15.6554
2025-08-08 23:04:10,598 - DEBUG - Joint score for alpha[6]: 16.0324
2025-08-08 23:04:14,089 - DEBUG - Joint score for alpha[7]: 15.6746
2025-08-08 23:04:17,579 - DEBUG - Joint score for alpha[8]: 15.9146
2025-08-08 23:04:21,069 - DEBUG - Joint score for alpha[9]: 15.8099
2025-08-08 23:04:24,559 - DEBUG - Joint score for alpha[10]: 15.8196
2025-08-08 23:04:28,049 - DEBUG - Joint score for alpha[11]: 15.7473
2025-08-08 23:04:31,538 - DEBUG - Joint score for alpha[12]: 15.7597
2025-08-08 23:04:35,027 - DEBUG - Joint score for alpha[13]: 15.5684
2025-08-08 23:04:38,517 - DEBUG - Joint score for alpha[14]: 15.7282
2025-08-08 23:04:42,005 - DEBUG - Joint score for alpha[15]: 15.8046
2025-08-08 23:04:45,573 - DEBUG - Joint score for alpha[0]: 15.8294
2025-08-08 23:04:49,064 - DEBUG - Joint score for alpha[1]: 15.8230
2025-08-08 23:04:52,552 - DEBUG - Joint score for alpha[2]: 15.7465
2025-08-08 23:04:56,040 - DEBUG - Joint score for alpha[3]: 15.7178
2025-08-08 23:04:59,531 - DEBUG - Joint score for alpha[4]: 15.5647
2025-08-08 23:05:03,020 - DEBUG - Joint score for alpha[5]: 15.9842
2025-08-08 23:05:06,508 - DEBUG - Joint score for alpha[6]: 15.6926
2025-08-08 23:05:09,998 - DEBUG - Joint score for alpha[7]: 15.7108
2025-08-08 23:05:13,487 - DEBUG - Joint score for alpha[8]: 15.9668
2025-08-08 23:05:16,977 - DEBUG - Joint score for alpha[9]: 15.7627
2025-08-08 23:05:20,467 - DEBUG - Joint score for alpha[10]: 15.8363
2025-08-08 23:05:23,959 - DEBUG - Joint score for alpha[11]: 15.8028
2025-08-08 23:05:27,449 - DEBUG - Joint score for alpha[12]: 15.8873
2025-08-08 23:05:30,940 - DEBUG - Joint score for alpha[13]: 15.8363
2025-08-08 23:05:34,429 - DEBUG - Joint score for alpha[14]: 16.0843
2025-08-08 23:05:37,920 - DEBUG - Joint score for alpha[15]: 15.9803
2025-08-08 23:05:41,431 - DEBUG - Joint score for alpha[0]: 15.9044
2025-08-08 23:05:44,924 - DEBUG - Joint score for alpha[1]: 15.9484
2025-08-08 23:05:48,414 - DEBUG - Joint score for alpha[2]: 15.9048
2025-08-08 23:05:51,904 - DEBUG - Joint score for alpha[3]: 15.9553
2025-08-08 23:05:55,394 - DEBUG - Joint score for alpha[4]: 15.9562
2025-08-08 23:05:58,884 - DEBUG - Joint score for alpha[5]: 15.7711
2025-08-08 23:06:02,374 - DEBUG - Joint score for alpha[6]: 15.6479
2025-08-08 23:06:05,864 - DEBUG - Joint score for alpha[7]: 15.7767
2025-08-08 23:06:09,352 - DEBUG - Joint score for alpha[8]: 15.7755
2025-08-08 23:06:12,841 - DEBUG - Joint score for alpha[9]: 15.7929
2025-08-08 23:06:16,331 - DEBUG - Joint score for alpha[10]: 15.5844
2025-08-08 23:06:19,821 - DEBUG - Joint score for alpha[11]: 15.8298
2025-08-08 23:06:23,310 - DEBUG - Joint score for alpha[12]: 15.6794
2025-08-08 23:06:26,800 - DEBUG - Joint score for alpha[13]: 15.8978
2025-08-08 23:06:30,289 - DEBUG - Joint score for alpha[14]: 15.6331
2025-08-08 23:06:33,779 - DEBUG - Joint score for alpha[15]: 15.9628
2025-08-08 23:06:33,818 - INFO - Step 11/120: mean ENERGY=15.5771
2025-08-08 23:06:33,819 - DEBUG - Beginning Gibbs iteration s = 11
2025-08-08 23:06:48,814 - DEBUG - Joint score for alpha[0]: 15.9758
2025-08-08 23:06:52,304 - DEBUG - Joint score for alpha[1]: 16.0092
2025-08-08 23:06:55,793 - DEBUG - Joint score for alpha[2]: 15.9724
2025-08-08 23:06:59,281 - DEBUG - Joint score for alpha[3]: 15.8654
2025-08-08 23:07:02,770 - DEBUG - Joint score for alpha[4]: 15.7607
2025-08-08 23:07:06,257 - DEBUG - Joint score for alpha[5]: 15.9912
2025-08-08 23:07:09,745 - DEBUG - Joint score for alpha[6]: 15.7151
2025-08-08 23:07:13,232 - DEBUG - Joint score for alpha[7]: 15.8907
2025-08-08 23:07:16,720 - DEBUG - Joint score for alpha[8]: 15.8712
2025-08-08 23:07:20,207 - DEBUG - Joint score for alpha[9]: 15.7436
2025-08-08 23:07:23,697 - DEBUG - Joint score for alpha[10]: 16.0053
2025-08-08 23:07:27,187 - DEBUG - Joint score for alpha[11]: 15.8677
2025-08-08 23:07:30,674 - DEBUG - Joint score for alpha[12]: 15.9145
2025-08-08 23:07:34,162 - DEBUG - Joint score for alpha[13]: 15.8434
2025-08-08 23:07:37,653 - DEBUG - Joint score for alpha[14]: 15.8413
2025-08-08 23:07:41,141 - DEBUG - Joint score for alpha[15]: 15.9446
2025-08-08 23:07:44,654 - DEBUG - Joint score for alpha[0]: 15.8971
2025-08-08 23:07:48,145 - DEBUG - Joint score for alpha[1]: 16.0512
2025-08-08 23:07:51,634 - DEBUG - Joint score for alpha[2]: 15.8403
2025-08-08 23:07:55,123 - DEBUG - Joint score for alpha[3]: 15.9388
2025-08-08 23:07:58,615 - DEBUG - Joint score for alpha[4]: 16.0998
2025-08-08 23:08:02,104 - DEBUG - Joint score for alpha[5]: 16.0058
2025-08-08 23:08:05,594 - DEBUG - Joint score for alpha[6]: 15.9027
2025-08-08 23:08:09,085 - DEBUG - Joint score for alpha[7]: 15.9410
2025-08-08 23:08:12,574 - DEBUG - Joint score for alpha[8]: 15.8592
2025-08-08 23:08:16,063 - DEBUG - Joint score for alpha[9]: 16.0163
2025-08-08 23:08:19,552 - DEBUG - Joint score for alpha[10]: 15.8541
2025-08-08 23:08:23,041 - DEBUG - Joint score for alpha[11]: 15.7329
2025-08-08 23:08:26,531 - DEBUG - Joint score for alpha[12]: 16.0010
2025-08-08 23:08:30,019 - DEBUG - Joint score for alpha[13]: 15.8766
2025-08-08 23:08:33,511 - DEBUG - Joint score for alpha[14]: 16.0584
2025-08-08 23:08:37,000 - DEBUG - Joint score for alpha[15]: 15.9483
2025-08-08 23:08:40,515 - DEBUG - Joint score for alpha[0]: 15.8361
2025-08-08 23:08:44,006 - DEBUG - Joint score for alpha[1]: 15.8069
2025-08-08 23:08:47,495 - DEBUG - Joint score for alpha[2]: 15.8041
2025-08-08 23:08:50,985 - DEBUG - Joint score for alpha[3]: 15.8531
2025-08-08 23:08:54,475 - DEBUG - Joint score for alpha[4]: 15.7415
2025-08-08 23:08:57,964 - DEBUG - Joint score for alpha[5]: 15.9058
2025-08-08 23:09:01,452 - DEBUG - Joint score for alpha[6]: 16.0704
2025-08-08 23:09:04,941 - DEBUG - Joint score for alpha[7]: 15.7922
2025-08-08 23:09:08,431 - DEBUG - Joint score for alpha[8]: 15.8347
2025-08-08 23:09:11,920 - DEBUG - Joint score for alpha[9]: 15.7616
2025-08-08 23:09:15,410 - DEBUG - Joint score for alpha[10]: 15.8492
2025-08-08 23:09:18,899 - DEBUG - Joint score for alpha[11]: 15.9004
2025-08-08 23:09:22,389 - DEBUG - Joint score for alpha[12]: 15.8637
2025-08-08 23:09:25,877 - DEBUG - Joint score for alpha[13]: 15.8568
2025-08-08 23:09:29,367 - DEBUG - Joint score for alpha[14]: 15.7953
2025-08-08 23:09:32,855 - DEBUG - Joint score for alpha[15]: 15.6520
2025-08-08 23:09:36,425 - DEBUG - Joint score for alpha[0]: 16.1228
2025-08-08 23:09:39,916 - DEBUG - Joint score for alpha[1]: 15.9440
2025-08-08 23:09:43,405 - DEBUG - Joint score for alpha[2]: 15.8967
2025-08-08 23:09:46,893 - DEBUG - Joint score for alpha[3]: 15.7663
2025-08-08 23:09:50,383 - DEBUG - Joint score for alpha[4]: 15.9360
2025-08-08 23:09:53,872 - DEBUG - Joint score for alpha[5]: 15.8041
2025-08-08 23:09:57,361 - DEBUG - Joint score for alpha[6]: 15.9865
2025-08-08 23:10:00,851 - DEBUG - Joint score for alpha[7]: 15.8632
2025-08-08 23:10:04,340 - DEBUG - Joint score for alpha[8]: 15.8678
2025-08-08 23:10:07,829 - DEBUG - Joint score for alpha[9]: 15.9721
2025-08-08 23:10:11,317 - DEBUG - Joint score for alpha[10]: 15.9779
2025-08-08 23:10:14,809 - DEBUG - Joint score for alpha[11]: 15.9717
2025-08-08 23:10:18,298 - DEBUG - Joint score for alpha[12]: 15.7680
2025-08-08 23:10:21,790 - DEBUG - Joint score for alpha[13]: 15.8828
2025-08-08 23:10:25,278 - DEBUG - Joint score for alpha[14]: 15.8259
2025-08-08 23:10:28,769 - DEBUG - Joint score for alpha[15]: 15.7530
2025-08-08 23:10:32,280 - DEBUG - Joint score for alpha[0]: 16.1575
2025-08-08 23:10:35,773 - DEBUG - Joint score for alpha[1]: 15.5975
2025-08-08 23:10:39,264 - DEBUG - Joint score for alpha[2]: 15.8726
2025-08-08 23:10:42,752 - DEBUG - Joint score for alpha[3]: 16.0205
2025-08-08 23:10:46,242 - DEBUG - Joint score for alpha[4]: 15.6157
2025-08-08 23:10:49,732 - DEBUG - Joint score for alpha[5]: 15.9779
2025-08-08 23:10:53,221 - DEBUG - Joint score for alpha[6]: 15.9803
2025-08-08 23:10:56,710 - DEBUG - Joint score for alpha[7]: 15.9879
2025-08-08 23:11:00,199 - DEBUG - Joint score for alpha[8]: 15.9617
2025-08-08 23:11:03,688 - DEBUG - Joint score for alpha[9]: 15.8626
2025-08-08 23:11:07,177 - DEBUG - Joint score for alpha[10]: 15.8967
2025-08-08 23:11:10,667 - DEBUG - Joint score for alpha[11]: 15.9637
2025-08-08 23:11:14,156 - DEBUG - Joint score for alpha[12]: 15.7102
2025-08-08 23:11:17,647 - DEBUG - Joint score for alpha[13]: 15.8059
2025-08-08 23:11:21,136 - DEBUG - Joint score for alpha[14]: 16.0314
2025-08-08 23:11:24,625 - DEBUG - Joint score for alpha[15]: 15.7321
2025-08-08 23:11:24,665 - INFO - Step 12/120: mean ENERGY=15.6901
2025-08-08 23:11:24,666 - DEBUG - Beginning Gibbs iteration s = 12
2025-08-08 23:11:51,836 - DEBUG - Joint score for alpha[0]: 15.7533
2025-08-08 23:11:55,323 - DEBUG - Joint score for alpha[1]: 15.9432
2025-08-08 23:11:58,808 - DEBUG - Joint score for alpha[2]: 15.9306
2025-08-08 23:12:02,295 - DEBUG - Joint score for alpha[3]: 15.8794
2025-08-08 23:12:05,781 - DEBUG - Joint score for alpha[4]: 15.8932
2025-08-08 23:12:09,267 - DEBUG - Joint score for alpha[5]: 15.7801
2025-08-08 23:12:12,754 - DEBUG - Joint score for alpha[6]: 15.7778
2025-08-08 23:12:16,239 - DEBUG - Joint score for alpha[7]: 15.9916
2025-08-08 23:12:19,725 - DEBUG - Joint score for alpha[8]: 16.0264
2025-08-08 23:12:23,211 - DEBUG - Joint score for alpha[9]: 15.9233
2025-08-08 23:12:26,701 - DEBUG - Joint score for alpha[10]: 15.9590
2025-08-08 23:12:30,189 - DEBUG - Joint score for alpha[11]: 15.9301
2025-08-08 23:12:33,675 - DEBUG - Joint score for alpha[12]: 15.7952
2025-08-08 23:12:37,162 - DEBUG - Joint score for alpha[13]: 15.8451
2025-08-08 23:12:40,650 - DEBUG - Joint score for alpha[14]: 16.1336
2025-08-08 23:12:44,137 - DEBUG - Joint score for alpha[15]: 15.9619
2025-08-08 23:12:47,648 - DEBUG - Joint score for alpha[0]: 15.8486
2025-08-08 23:12:51,139 - DEBUG - Joint score for alpha[1]: 16.0080
2025-08-08 23:12:54,628 - DEBUG - Joint score for alpha[2]: 15.8717
2025-08-08 23:12:58,116 - DEBUG - Joint score for alpha[3]: 16.0406
2025-08-08 23:13:01,606 - DEBUG - Joint score for alpha[4]: 15.8334
2025-08-08 23:13:05,096 - DEBUG - Joint score for alpha[5]: 16.0928
2025-08-08 23:13:08,586 - DEBUG - Joint score for alpha[6]: 16.0711
2025-08-08 23:13:12,076 - DEBUG - Joint score for alpha[7]: 15.8310
2025-08-08 23:13:15,565 - DEBUG - Joint score for alpha[8]: 15.9171
2025-08-08 23:13:19,053 - DEBUG - Joint score for alpha[9]: 15.9283
2025-08-08 23:13:22,541 - DEBUG - Joint score for alpha[10]: 16.0328
2025-08-08 23:13:26,030 - DEBUG - Joint score for alpha[11]: 15.5763
2025-08-08 23:13:29,521 - DEBUG - Joint score for alpha[12]: 15.8401
2025-08-08 23:13:33,009 - DEBUG - Joint score for alpha[13]: 15.6597
2025-08-08 23:13:36,500 - DEBUG - Joint score for alpha[14]: 15.8033
2025-08-08 23:13:39,989 - DEBUG - Joint score for alpha[15]: 15.8109
2025-08-08 23:13:43,502 - DEBUG - Joint score for alpha[0]: 16.1080
2025-08-08 23:13:46,994 - DEBUG - Joint score for alpha[1]: 16.2603
2025-08-08 23:13:50,482 - DEBUG - Joint score for alpha[2]: 16.3469
2025-08-08 23:13:53,971 - DEBUG - Joint score for alpha[3]: 15.9483
2025-08-08 23:13:57,462 - DEBUG - Joint score for alpha[4]: 16.0709
2025-08-08 23:14:00,951 - DEBUG - Joint score for alpha[5]: 16.2593
2025-08-08 23:14:04,439 - DEBUG - Joint score for alpha[6]: 15.7603
2025-08-08 23:14:07,929 - DEBUG - Joint score for alpha[7]: 15.8043
2025-08-08 23:14:11,419 - DEBUG - Joint score for alpha[8]: 15.7785
2025-08-08 23:14:14,908 - DEBUG - Joint score for alpha[9]: 15.8711
2025-08-08 23:14:18,398 - DEBUG - Joint score for alpha[10]: 15.6305
2025-08-08 23:14:21,888 - DEBUG - Joint score for alpha[11]: 15.8122
2025-08-08 23:14:25,377 - DEBUG - Joint score for alpha[12]: 15.8105
2025-08-08 23:14:28,865 - DEBUG - Joint score for alpha[13]: 15.9003
2025-08-08 23:14:32,355 - DEBUG - Joint score for alpha[14]: 15.7009
2025-08-08 23:14:35,843 - DEBUG - Joint score for alpha[15]: 15.8607
2025-08-08 23:14:39,411 - DEBUG - Joint score for alpha[0]: 15.7937
2025-08-08 23:14:42,902 - DEBUG - Joint score for alpha[1]: 15.9585
2025-08-08 23:14:46,390 - DEBUG - Joint score for alpha[2]: 15.7476
2025-08-08 23:14:49,877 - DEBUG - Joint score for alpha[3]: 16.0986
2025-08-08 23:14:53,368 - DEBUG - Joint score for alpha[4]: 15.9767
2025-08-08 23:14:56,856 - DEBUG - Joint score for alpha[5]: 15.6081
2025-08-08 23:15:00,345 - DEBUG - Joint score for alpha[6]: 15.9644
2025-08-08 23:15:03,835 - DEBUG - Joint score for alpha[7]: 16.1674
2025-08-08 23:15:07,324 - DEBUG - Joint score for alpha[8]: 15.7685
2025-08-08 23:15:10,813 - DEBUG - Joint score for alpha[9]: 15.9306
2025-08-08 23:15:14,302 - DEBUG - Joint score for alpha[10]: 15.7480
2025-08-08 23:15:17,794 - DEBUG - Joint score for alpha[11]: 16.0973
2025-08-08 23:15:21,284 - DEBUG - Joint score for alpha[12]: 15.6556
2025-08-08 23:15:24,775 - DEBUG - Joint score for alpha[13]: 15.8395
2025-08-08 23:15:28,265 - DEBUG - Joint score for alpha[14]: 15.8517
2025-08-08 23:15:31,756 - DEBUG - Joint score for alpha[15]: 16.0447
2025-08-08 23:15:35,267 - DEBUG - Joint score for alpha[0]: 15.9851
2025-08-08 23:15:38,760 - DEBUG - Joint score for alpha[1]: 16.0075
2025-08-08 23:15:42,250 - DEBUG - Joint score for alpha[2]: 15.9166
2025-08-08 23:15:45,739 - DEBUG - Joint score for alpha[3]: 15.8811
2025-08-08 23:15:49,228 - DEBUG - Joint score for alpha[4]: 16.0102
2025-08-08 23:15:52,718 - DEBUG - Joint score for alpha[5]: 15.9693
2025-08-08 23:15:56,207 - DEBUG - Joint score for alpha[6]: 15.7172
2025-08-08 23:15:59,697 - DEBUG - Joint score for alpha[7]: 15.8030
2025-08-08 23:16:03,185 - DEBUG - Joint score for alpha[8]: 15.9988
2025-08-08 23:16:06,675 - DEBUG - Joint score for alpha[9]: 15.7872
2025-08-08 23:16:10,164 - DEBUG - Joint score for alpha[10]: 16.1076
2025-08-08 23:16:13,653 - DEBUG - Joint score for alpha[11]: 16.0728
2025-08-08 23:16:17,145 - DEBUG - Joint score for alpha[12]: 15.7683
2025-08-08 23:16:20,635 - DEBUG - Joint score for alpha[13]: 15.8610
2025-08-08 23:16:24,124 - DEBUG - Joint score for alpha[14]: 15.8026
2025-08-08 23:16:27,614 - DEBUG - Joint score for alpha[15]: 16.0776
2025-08-08 23:16:27,654 - INFO - Step 13/120: mean ENERGY=15.6571
2025-08-08 23:16:27,655 - DEBUG - Beginning Gibbs iteration s = 13
2025-08-08 23:16:35,215 - DEBUG - Joint score for alpha[0]: 16.0239
2025-08-08 23:16:38,707 - DEBUG - Joint score for alpha[1]: 15.9275
2025-08-08 23:16:42,196 - DEBUG - Joint score for alpha[2]: 15.8725
2025-08-08 23:16:45,686 - DEBUG - Joint score for alpha[3]: 15.9505
2025-08-08 23:16:49,176 - DEBUG - Joint score for alpha[4]: 15.9640
2025-08-08 23:16:52,664 - DEBUG - Joint score for alpha[5]: 15.7991
2025-08-08 23:16:56,154 - DEBUG - Joint score for alpha[6]: 16.4093
2025-08-08 23:16:59,643 - DEBUG - Joint score for alpha[7]: 15.9337
2025-08-08 23:17:03,131 - DEBUG - Joint score for alpha[8]: 16.1514
2025-08-08 23:17:06,621 - DEBUG - Joint score for alpha[9]: 15.7223
2025-08-08 23:17:10,112 - DEBUG - Joint score for alpha[10]: 16.0688
2025-08-08 23:17:13,601 - DEBUG - Joint score for alpha[11]: 15.8340
2025-08-08 23:17:17,088 - DEBUG - Joint score for alpha[12]: 16.0885
2025-08-08 23:17:20,578 - DEBUG - Joint score for alpha[13]: 16.1284
2025-08-08 23:17:24,067 - DEBUG - Joint score for alpha[14]: 16.0658
2025-08-08 23:17:27,556 - DEBUG - Joint score for alpha[15]: 15.6752
2025-08-08 23:17:31,069 - DEBUG - Joint score for alpha[0]: 15.8653
2025-08-08 23:17:34,561 - DEBUG - Joint score for alpha[1]: 16.2628
2025-08-08 23:17:38,050 - DEBUG - Joint score for alpha[2]: 15.7894
2025-08-08 23:17:41,540 - DEBUG - Joint score for alpha[3]: 15.7848
2025-08-08 23:17:45,030 - DEBUG - Joint score for alpha[4]: 16.0621
2025-08-08 23:17:48,520 - DEBUG - Joint score for alpha[5]: 15.8297
2025-08-08 23:17:52,010 - DEBUG - Joint score for alpha[6]: 16.0944
2025-08-08 23:17:55,501 - DEBUG - Joint score for alpha[7]: 16.0076
2025-08-08 23:17:58,991 - DEBUG - Joint score for alpha[8]: 15.8490
2025-08-08 23:18:02,480 - DEBUG - Joint score for alpha[9]: 15.7325
2025-08-08 23:18:05,970 - DEBUG - Joint score for alpha[10]: 15.7927
2025-08-08 23:18:09,458 - DEBUG - Joint score for alpha[11]: 16.0321
2025-08-08 23:18:12,949 - DEBUG - Joint score for alpha[12]: 15.8752
2025-08-08 23:18:16,438 - DEBUG - Joint score for alpha[13]: 15.8599
2025-08-08 23:18:19,930 - DEBUG - Joint score for alpha[14]: 15.9407
2025-08-08 23:18:23,419 - DEBUG - Joint score for alpha[15]: 15.8957
2025-08-08 23:18:26,934 - DEBUG - Joint score for alpha[0]: 15.8870
2025-08-08 23:18:30,427 - DEBUG - Joint score for alpha[1]: 15.8351
2025-08-08 23:18:33,916 - DEBUG - Joint score for alpha[2]: 15.9308
2025-08-08 23:18:37,406 - DEBUG - Joint score for alpha[3]: 15.7514
2025-08-08 23:18:40,897 - DEBUG - Joint score for alpha[4]: 16.0105
2025-08-08 23:18:44,386 - DEBUG - Joint score for alpha[5]: 15.8822
2025-08-08 23:18:47,875 - DEBUG - Joint score for alpha[6]: 15.8276
2025-08-08 23:18:51,365 - DEBUG - Joint score for alpha[7]: 15.9946
2025-08-08 23:18:54,856 - DEBUG - Joint score for alpha[8]: 15.8334
2025-08-08 23:18:58,345 - DEBUG - Joint score for alpha[9]: 15.9512
2025-08-08 23:19:01,835 - DEBUG - Joint score for alpha[10]: 15.7912
2025-08-08 23:19:05,325 - DEBUG - Joint score for alpha[11]: 15.9302
2025-08-08 23:19:08,814 - DEBUG - Joint score for alpha[12]: 15.7559
2025-08-08 23:19:12,304 - DEBUG - Joint score for alpha[13]: 15.9437
2025-08-08 23:19:15,794 - DEBUG - Joint score for alpha[14]: 15.8100
2025-08-08 23:19:19,283 - DEBUG - Joint score for alpha[15]: 15.9610
2025-08-08 23:19:22,852 - DEBUG - Joint score for alpha[0]: 15.8466
2025-08-08 23:19:26,344 - DEBUG - Joint score for alpha[1]: 16.0102
2025-08-08 23:19:29,833 - DEBUG - Joint score for alpha[2]: 15.9936
2025-08-08 23:19:33,321 - DEBUG - Joint score for alpha[3]: 15.7233
2025-08-08 23:19:36,811 - DEBUG - Joint score for alpha[4]: 16.0490
2025-08-08 23:19:40,300 - DEBUG - Joint score for alpha[5]: 15.8980
2025-08-08 23:19:43,788 - DEBUG - Joint score for alpha[6]: 15.8467
2025-08-08 23:19:47,280 - DEBUG - Joint score for alpha[7]: 15.8783
2025-08-08 23:19:50,769 - DEBUG - Joint score for alpha[8]: 15.8945
2025-08-08 23:19:54,258 - DEBUG - Joint score for alpha[9]: 15.9550
2025-08-08 23:19:57,748 - DEBUG - Joint score for alpha[10]: 15.8633
2025-08-08 23:20:01,239 - DEBUG - Joint score for alpha[11]: 15.9414
2025-08-08 23:20:04,729 - DEBUG - Joint score for alpha[12]: 16.0299
2025-08-08 23:20:08,220 - DEBUG - Joint score for alpha[13]: 15.8894
2025-08-08 23:20:11,709 - DEBUG - Joint score for alpha[14]: 15.8669
2025-08-08 23:20:15,200 - DEBUG - Joint score for alpha[15]: 15.9719
2025-08-08 23:20:18,712 - DEBUG - Joint score for alpha[0]: 15.8409
2025-08-08 23:20:22,206 - DEBUG - Joint score for alpha[1]: 15.7970
2025-08-08 23:20:25,697 - DEBUG - Joint score for alpha[2]: 15.8569
2025-08-08 23:20:29,186 - DEBUG - Joint score for alpha[3]: 15.7899
2025-08-08 23:20:32,676 - DEBUG - Joint score for alpha[4]: 15.9218
2025-08-08 23:20:36,166 - DEBUG - Joint score for alpha[5]: 15.9018
2025-08-08 23:20:39,656 - DEBUG - Joint score for alpha[6]: 15.9843
2025-08-08 23:20:43,145 - DEBUG - Joint score for alpha[7]: 15.9363
2025-08-08 23:20:46,634 - DEBUG - Joint score for alpha[8]: 16.0288
2025-08-08 23:20:50,124 - DEBUG - Joint score for alpha[9]: 15.9770
2025-08-08 23:20:53,613 - DEBUG - Joint score for alpha[10]: 16.0641
2025-08-08 23:20:57,103 - DEBUG - Joint score for alpha[11]: 15.7374
2025-08-08 23:21:00,592 - DEBUG - Joint score for alpha[12]: 15.9150
2025-08-08 23:21:04,081 - DEBUG - Joint score for alpha[13]: 15.7130
2025-08-08 23:21:07,571 - DEBUG - Joint score for alpha[14]: 15.8009
2025-08-08 23:21:11,059 - DEBUG - Joint score for alpha[15]: 16.0245
2025-08-08 23:21:11,099 - INFO - Step 14/120: mean ENERGY=15.7191
2025-08-08 23:21:11,100 - DEBUG - Beginning Gibbs iteration s = 14
2025-08-08 23:21:16,688 - DEBUG - Joint score for alpha[0]: 15.9174
2025-08-08 23:21:20,180 - DEBUG - Joint score for alpha[1]: 16.0021
2025-08-08 23:21:23,669 - DEBUG - Joint score for alpha[2]: 16.1240
2025-08-08 23:21:27,158 - DEBUG - Joint score for alpha[3]: 15.7793
2025-08-08 23:21:30,648 - DEBUG - Joint score for alpha[4]: 15.9000
2025-08-08 23:21:34,136 - DEBUG - Joint score for alpha[5]: 16.0479
2025-08-08 23:21:37,625 - DEBUG - Joint score for alpha[6]: 15.9483
2025-08-08 23:21:41,114 - DEBUG - Joint score for alpha[7]: 15.8526
2025-08-08 23:21:44,603 - DEBUG - Joint score for alpha[8]: 15.7104
2025-08-08 23:21:48,091 - DEBUG - Joint score for alpha[9]: 15.8898
2025-08-08 23:21:51,583 - DEBUG - Joint score for alpha[10]: 15.9447
2025-08-08 23:21:55,073 - DEBUG - Joint score for alpha[11]: 15.9642
2025-08-08 23:21:58,561 - DEBUG - Joint score for alpha[12]: 15.9997
2025-08-08 23:22:02,051 - DEBUG - Joint score for alpha[13]: 15.8682
2025-08-08 23:22:05,541 - DEBUG - Joint score for alpha[14]: 15.7400
2025-08-08 23:22:09,031 - DEBUG - Joint score for alpha[15]: 15.6612
2025-08-08 23:22:12,544 - DEBUG - Joint score for alpha[0]: 15.7959
2025-08-08 23:22:16,037 - DEBUG - Joint score for alpha[1]: 15.9434
2025-08-08 23:22:19,527 - DEBUG - Joint score for alpha[2]: 15.8443
2025-08-08 23:22:23,016 - DEBUG - Joint score for alpha[3]: 15.7765
2025-08-08 23:22:26,508 - DEBUG - Joint score for alpha[4]: 15.9938
2025-08-08 23:22:29,999 - DEBUG - Joint score for alpha[5]: 15.7956
2025-08-08 23:22:33,491 - DEBUG - Joint score for alpha[6]: 15.8930
2025-08-08 23:22:36,981 - DEBUG - Joint score for alpha[7]: 15.9811
2025-08-08 23:22:40,471 - DEBUG - Joint score for alpha[8]: 16.1283
2025-08-08 23:22:43,959 - DEBUG - Joint score for alpha[9]: 15.8396
2025-08-08 23:22:47,449 - DEBUG - Joint score for alpha[10]: 15.8291
2025-08-08 23:22:50,941 - DEBUG - Joint score for alpha[11]: 15.8841
2025-08-08 23:22:54,433 - DEBUG - Joint score for alpha[12]: 16.1556
2025-08-08 23:22:57,923 - DEBUG - Joint score for alpha[13]: 16.0853
2025-08-08 23:23:01,416 - DEBUG - Joint score for alpha[14]: 15.8352
2025-08-08 23:23:04,907 - DEBUG - Joint score for alpha[15]: 15.9109
2025-08-08 23:23:08,424 - DEBUG - Joint score for alpha[0]: 15.8222
2025-08-08 23:23:11,916 - DEBUG - Joint score for alpha[1]: 15.9961
2025-08-08 23:23:15,406 - DEBUG - Joint score for alpha[2]: 15.9121
2025-08-08 23:23:18,897 - DEBUG - Joint score for alpha[3]: 15.8447
2025-08-08 23:23:22,389 - DEBUG - Joint score for alpha[4]: 16.0228
2025-08-08 23:23:25,880 - DEBUG - Joint score for alpha[5]: 15.8888
2025-08-08 23:23:29,372 - DEBUG - Joint score for alpha[6]: 15.9106
2025-08-08 23:23:32,863 - DEBUG - Joint score for alpha[7]: 16.0009
2025-08-08 23:23:36,356 - DEBUG - Joint score for alpha[8]: 16.3083
2025-08-08 23:23:39,847 - DEBUG - Joint score for alpha[9]: 15.9825
2025-08-08 23:23:43,338 - DEBUG - Joint score for alpha[10]: 15.8888
2025-08-08 23:23:46,830 - DEBUG - Joint score for alpha[11]: 16.1094
2025-08-08 23:23:50,321 - DEBUG - Joint score for alpha[12]: 16.1019
2025-08-08 23:23:53,810 - DEBUG - Joint score for alpha[13]: 16.1082
2025-08-08 23:23:57,301 - DEBUG - Joint score for alpha[14]: 15.8911
2025-08-08 23:24:00,791 - DEBUG - Joint score for alpha[15]: 15.7823
2025-08-08 23:24:04,361 - DEBUG - Joint score for alpha[0]: 15.7285
2025-08-08 23:24:07,854 - DEBUG - Joint score for alpha[1]: 15.9178
2025-08-08 23:24:11,343 - DEBUG - Joint score for alpha[2]: 16.0182
2025-08-08 23:24:14,831 - DEBUG - Joint score for alpha[3]: 16.0125
2025-08-08 23:24:18,323 - DEBUG - Joint score for alpha[4]: 16.0619
2025-08-08 23:24:21,813 - DEBUG - Joint score for alpha[5]: 15.8578
2025-08-08 23:24:25,302 - DEBUG - Joint score for alpha[6]: 15.8319
2025-08-08 23:24:28,795 - DEBUG - Joint score for alpha[7]: 16.1157
2025-08-08 23:24:32,284 - DEBUG - Joint score for alpha[8]: 15.9004
2025-08-08 23:24:35,775 - DEBUG - Joint score for alpha[9]: 15.6656
2025-08-08 23:24:39,264 - DEBUG - Joint score for alpha[10]: 15.9756
2025-08-08 23:24:42,758 - DEBUG - Joint score for alpha[11]: 16.0674
2025-08-08 23:24:46,249 - DEBUG - Joint score for alpha[12]: 15.7090
2025-08-08 23:24:49,742 - DEBUG - Joint score for alpha[13]: 15.9909
2025-08-08 23:24:53,232 - DEBUG - Joint score for alpha[14]: 15.8288
2025-08-08 23:24:56,725 - DEBUG - Joint score for alpha[15]: 15.8380
2025-08-08 23:25:00,239 - DEBUG - Joint score for alpha[0]: 15.9757
2025-08-08 23:25:03,734 - DEBUG - Joint score for alpha[1]: 15.8501
2025-08-08 23:25:07,226 - DEBUG - Joint score for alpha[2]: 15.7585
2025-08-08 23:25:10,717 - DEBUG - Joint score for alpha[3]: 15.8375
2025-08-08 23:25:14,208 - DEBUG - Joint score for alpha[4]: 15.9406
2025-08-08 23:25:17,700 - DEBUG - Joint score for alpha[5]: 15.8622
2025-08-08 23:25:21,190 - DEBUG - Joint score for alpha[6]: 15.9508
2025-08-08 23:25:24,680 - DEBUG - Joint score for alpha[7]: 15.8722
2025-08-08 23:25:28,169 - DEBUG - Joint score for alpha[8]: 15.7817
2025-08-08 23:25:31,661 - DEBUG - Joint score for alpha[9]: 15.9653
2025-08-08 23:25:35,151 - DEBUG - Joint score for alpha[10]: 15.8678
2025-08-08 23:25:38,641 - DEBUG - Joint score for alpha[11]: 15.8872
2025-08-08 23:25:42,132 - DEBUG - Joint score for alpha[12]: 16.0425
2025-08-08 23:25:45,622 - DEBUG - Joint score for alpha[13]: 16.0606
2025-08-08 23:25:49,112 - DEBUG - Joint score for alpha[14]: 15.9826
2025-08-08 23:25:52,601 - DEBUG - Joint score for alpha[15]: 15.9026
2025-08-08 23:25:52,641 - INFO - Step 15/120: mean ENERGY=15.7288
2025-08-08 23:25:52,645 - DEBUG - Beginning Gibbs iteration s = 15
2025-08-08 23:25:54,865 - DEBUG - Proposal variance adapted: 0.061
2025-08-08 23:25:58,318 - DEBUG - Joint score for alpha[0]: 15.7927
2025-08-08 23:26:01,810 - DEBUG - Joint score for alpha[1]: 15.8432
2025-08-08 23:26:05,300 - DEBUG - Joint score for alpha[2]: 15.8880
2025-08-08 23:26:08,790 - DEBUG - Joint score for alpha[3]: 15.8220
2025-08-08 23:26:12,280 - DEBUG - Joint score for alpha[4]: 15.8313
2025-08-08 23:26:15,769 - DEBUG - Joint score for alpha[5]: 15.9149
2025-08-08 23:26:19,259 - DEBUG - Joint score for alpha[6]: 15.9915
2025-08-08 23:26:22,747 - DEBUG - Joint score for alpha[7]: 15.8834
2025-08-08 23:26:26,236 - DEBUG - Joint score for alpha[8]: 15.8252
2025-08-08 23:26:29,725 - DEBUG - Joint score for alpha[9]: 15.9329
2025-08-08 23:26:33,216 - DEBUG - Joint score for alpha[10]: 15.9364
2025-08-08 23:26:36,706 - DEBUG - Joint score for alpha[11]: 15.8832
2025-08-08 23:26:40,194 - DEBUG - Joint score for alpha[12]: 15.8135
2025-08-08 23:26:43,683 - DEBUG - Joint score for alpha[13]: 15.8879
2025-08-08 23:26:47,173 - DEBUG - Joint score for alpha[14]: 16.0008
2025-08-08 23:26:50,662 - DEBUG - Joint score for alpha[15]: 16.1749
2025-08-08 23:26:54,175 - DEBUG - Joint score for alpha[0]: 15.9537
2025-08-08 23:26:57,668 - DEBUG - Joint score for alpha[1]: 15.8035
2025-08-08 23:27:01,159 - DEBUG - Joint score for alpha[2]: 16.0188
2025-08-08 23:27:04,649 - DEBUG - Joint score for alpha[3]: 15.7947
2025-08-08 23:27:08,141 - DEBUG - Joint score for alpha[4]: 16.0190
2025-08-08 23:27:11,631 - DEBUG - Joint score for alpha[5]: 16.1405
2025-08-08 23:27:15,122 - DEBUG - Joint score for alpha[6]: 16.1738
2025-08-08 23:27:18,613 - DEBUG - Joint score for alpha[7]: 15.8002
2025-08-08 23:27:22,102 - DEBUG - Joint score for alpha[8]: 15.8623
2025-08-08 23:27:25,591 - DEBUG - Joint score for alpha[9]: 16.5203
2025-08-08 23:27:29,081 - DEBUG - Joint score for alpha[10]: 15.9500
2025-08-08 23:27:32,571 - DEBUG - Joint score for alpha[11]: 15.7935
2025-08-08 23:27:36,063 - DEBUG - Joint score for alpha[12]: 15.9850
2025-08-08 23:27:39,552 - DEBUG - Joint score for alpha[13]: 16.0250
2025-08-08 23:27:43,045 - DEBUG - Joint score for alpha[14]: 16.1417
2025-08-08 23:27:46,536 - DEBUG - Joint score for alpha[15]: 16.0058
2025-08-08 23:27:50,052 - DEBUG - Joint score for alpha[0]: 15.8405
2025-08-08 23:27:53,545 - DEBUG - Joint score for alpha[1]: 16.0630
2025-08-08 23:27:57,035 - DEBUG - Joint score for alpha[2]: 15.8206
2025-08-08 23:28:00,526 - DEBUG - Joint score for alpha[3]: 15.9055
2025-08-08 23:28:04,018 - DEBUG - Joint score for alpha[4]: 15.7825
2025-08-08 23:28:07,509 - DEBUG - Joint score for alpha[5]: 16.0093
2025-08-08 23:28:11,000 - DEBUG - Joint score for alpha[6]: 16.0545
2025-08-08 23:28:14,491 - DEBUG - Joint score for alpha[7]: 15.7248
2025-08-08 23:28:17,983 - DEBUG - Joint score for alpha[8]: 15.8972
2025-08-08 23:28:21,475 - DEBUG - Joint score for alpha[9]: 15.7716
2025-08-08 23:28:24,967 - DEBUG - Joint score for alpha[10]: 15.9022
2025-08-08 23:28:28,458 - DEBUG - Joint score for alpha[11]: 16.1242
2025-08-08 23:28:31,949 - DEBUG - Joint score for alpha[12]: 16.1211
2025-08-08 23:28:35,439 - DEBUG - Joint score for alpha[13]: 16.0062
2025-08-08 23:28:38,930 - DEBUG - Joint score for alpha[14]: 15.7857
2025-08-08 23:28:42,420 - DEBUG - Joint score for alpha[15]: 15.8387
2025-08-08 23:28:45,990 - DEBUG - Joint score for alpha[0]: 16.1560
2025-08-08 23:28:49,484 - DEBUG - Joint score for alpha[1]: 15.9026
2025-08-08 23:28:52,974 - DEBUG - Joint score for alpha[2]: 16.0495
2025-08-08 23:28:56,465 - DEBUG - Joint score for alpha[3]: 16.0043
2025-08-08 23:28:59,958 - DEBUG - Joint score for alpha[4]: 15.8731
2025-08-08 23:29:03,450 - DEBUG - Joint score for alpha[5]: 15.8938
2025-08-08 23:29:06,940 - DEBUG - Joint score for alpha[6]: 15.9364
2025-08-08 23:29:10,432 - DEBUG - Joint score for alpha[7]: 15.8313
2025-08-08 23:29:13,923 - DEBUG - Joint score for alpha[8]: 15.8298
2025-08-08 23:29:17,414 - DEBUG - Joint score for alpha[9]: 16.2188
2025-08-08 23:29:20,904 - DEBUG - Joint score for alpha[10]: 16.0047
2025-08-08 23:29:24,397 - DEBUG - Joint score for alpha[11]: 15.8776
2025-08-08 23:29:27,888 - DEBUG - Joint score for alpha[12]: 16.0054
2025-08-08 23:29:31,381 - DEBUG - Joint score for alpha[13]: 15.6587
2025-08-08 23:29:34,872 - DEBUG - Joint score for alpha[14]: 15.7621
2025-08-08 23:29:38,363 - DEBUG - Joint score for alpha[15]: 15.7788
2025-08-08 23:29:41,878 - DEBUG - Joint score for alpha[0]: 15.8370
2025-08-08 23:29:45,373 - DEBUG - Joint score for alpha[1]: 15.9431
2025-08-08 23:29:48,865 - DEBUG - Joint score for alpha[2]: 16.0312
2025-08-08 23:29:52,355 - DEBUG - Joint score for alpha[3]: 15.7357
2025-08-08 23:29:55,847 - DEBUG - Joint score for alpha[4]: 15.8208
2025-08-08 23:29:59,337 - DEBUG - Joint score for alpha[5]: 15.8300
2025-08-08 23:30:02,827 - DEBUG - Joint score for alpha[6]: 15.8328
2025-08-08 23:30:06,318 - DEBUG - Joint score for alpha[7]: 15.8292
2025-08-08 23:30:09,808 - DEBUG - Joint score for alpha[8]: 15.9851
2025-08-08 23:30:13,299 - DEBUG - Joint score for alpha[9]: 15.7838
2025-08-08 23:30:16,790 - DEBUG - Joint score for alpha[10]: 16.0017
2025-08-08 23:30:20,280 - DEBUG - Joint score for alpha[11]: 15.8864
2025-08-08 23:30:23,771 - DEBUG - Joint score for alpha[12]: 15.9516
2025-08-08 23:30:27,262 - DEBUG - Joint score for alpha[13]: 16.1043
2025-08-08 23:30:30,752 - DEBUG - Joint score for alpha[14]: 15.8248
2025-08-08 23:30:34,243 - DEBUG - Joint score for alpha[15]: 15.7063
2025-08-08 23:30:34,283 - INFO - Step 16/120: mean ENERGY=15.7352
2025-08-08 23:30:34,284 - DEBUG - Beginning Gibbs iteration s = 16
2025-08-08 23:30:47,678 - DEBUG - Joint score for alpha[0]: 16.1077
2025-08-08 23:30:51,170 - DEBUG - Joint score for alpha[1]: 15.9218
2025-08-08 23:30:54,659 - DEBUG - Joint score for alpha[2]: 16.0980
2025-08-08 23:30:58,149 - DEBUG - Joint score for alpha[3]: 15.9384
2025-08-08 23:31:01,639 - DEBUG - Joint score for alpha[4]: 15.9274
2025-08-08 23:31:05,127 - DEBUG - Joint score for alpha[5]: 15.8022
2025-08-08 23:31:08,617 - DEBUG - Joint score for alpha[6]: 15.8706
2025-08-08 23:31:12,106 - DEBUG - Joint score for alpha[7]: 16.0367
2025-08-08 23:31:15,594 - DEBUG - Joint score for alpha[8]: 15.8575
2025-08-08 23:31:19,082 - DEBUG - Joint score for alpha[9]: 15.7156
2025-08-08 23:31:22,574 - DEBUG - Joint score for alpha[10]: 16.2646
2025-08-08 23:31:26,065 - DEBUG - Joint score for alpha[11]: 15.8681
2025-08-08 23:31:29,552 - DEBUG - Joint score for alpha[12]: 16.1131
2025-08-08 23:31:33,043 - DEBUG - Joint score for alpha[13]: 16.0497
2025-08-08 23:31:36,532 - DEBUG - Joint score for alpha[14]: 15.8573
2025-08-08 23:31:40,021 - DEBUG - Joint score for alpha[15]: 15.9689
2025-08-08 23:31:43,534 - DEBUG - Joint score for alpha[0]: 15.9997
2025-08-08 23:31:47,027 - DEBUG - Joint score for alpha[1]: 15.8357
2025-08-08 23:31:50,518 - DEBUG - Joint score for alpha[2]: 15.5522
2025-08-08 23:31:54,006 - DEBUG - Joint score for alpha[3]: 15.7716
2025-08-08 23:31:57,499 - DEBUG - Joint score for alpha[4]: 16.0239
2025-08-08 23:32:00,990 - DEBUG - Joint score for alpha[5]: 16.0955
2025-08-08 23:32:04,481 - DEBUG - Joint score for alpha[6]: 16.2591
2025-08-08 23:32:07,971 - DEBUG - Joint score for alpha[7]: 15.9285
2025-08-08 23:32:11,461 - DEBUG - Joint score for alpha[8]: 15.9603
2025-08-08 23:32:15,714 - DEBUG - Joint score for alpha[9]: 15.7981
2025-08-08 23:32:19,203 - DEBUG - Joint score for alpha[10]: 15.8816
2025-08-08 23:32:22,693 - DEBUG - Joint score for alpha[11]: 15.9702
2025-08-08 23:32:26,186 - DEBUG - Joint score for alpha[12]: 15.9643
2025-08-08 23:32:29,675 - DEBUG - Joint score for alpha[13]: 15.8131
2025-08-08 23:32:33,165 - DEBUG - Joint score for alpha[14]: 15.9112
2025-08-08 23:32:36,656 - DEBUG - Joint score for alpha[15]: 15.6007
2025-08-08 23:32:40,170 - DEBUG - Joint score for alpha[0]: 15.9580
2025-08-08 23:32:43,662 - DEBUG - Joint score for alpha[1]: 15.9566
2025-08-08 23:32:47,153 - DEBUG - Joint score for alpha[2]: 15.8890
2025-08-08 23:32:50,644 - DEBUG - Joint score for alpha[3]: 15.8046
2025-08-08 23:32:54,139 - DEBUG - Joint score for alpha[4]: 15.8023
2025-08-08 23:32:57,630 - DEBUG - Joint score for alpha[5]: 16.0133
2025-08-08 23:33:01,124 - DEBUG - Joint score for alpha[6]: 15.7551
2025-08-08 23:33:04,615 - DEBUG - Joint score for alpha[7]: 15.8299
2025-08-08 23:33:08,107 - DEBUG - Joint score for alpha[8]: 15.9717
2025-08-08 23:33:11,597 - DEBUG - Joint score for alpha[9]: 15.8648
2025-08-08 23:33:15,088 - DEBUG - Joint score for alpha[10]: 16.1393
2025-08-08 23:33:18,579 - DEBUG - Joint score for alpha[11]: 15.6625
2025-08-08 23:33:22,070 - DEBUG - Joint score for alpha[12]: 15.8779
2025-08-08 23:33:25,561 - DEBUG - Joint score for alpha[13]: 15.8991
2025-08-08 23:33:29,053 - DEBUG - Joint score for alpha[14]: 16.0457
2025-08-08 23:33:32,544 - DEBUG - Joint score for alpha[15]: 15.6921
2025-08-08 23:33:36,059 - DEBUG - Joint score for alpha[0]: 16.2143
2025-08-08 23:33:39,551 - DEBUG - Joint score for alpha[1]: 16.0175
2025-08-08 23:33:43,045 - DEBUG - Joint score for alpha[2]: 16.1465
2025-08-08 23:33:46,535 - DEBUG - Joint score for alpha[3]: 15.7957
2025-08-08 23:33:50,028 - DEBUG - Joint score for alpha[4]: 15.9239
2025-08-08 23:33:53,518 - DEBUG - Joint score for alpha[5]: 16.1207
2025-08-08 23:33:57,012 - DEBUG - Joint score for alpha[6]: 15.8097
2025-08-08 23:34:00,501 - DEBUG - Joint score for alpha[7]: 15.7903
2025-08-08 23:34:03,992 - DEBUG - Joint score for alpha[8]: 15.8378
2025-08-08 23:34:07,482 - DEBUG - Joint score for alpha[9]: 15.7295
2025-08-08 23:34:10,974 - DEBUG - Joint score for alpha[10]: 15.5075
2025-08-08 23:34:14,465 - DEBUG - Joint score for alpha[11]: 15.9472
2025-08-08 23:34:17,957 - DEBUG - Joint score for alpha[12]: 15.7695
2025-08-08 23:34:21,449 - DEBUG - Joint score for alpha[13]: 16.0448
2025-08-08 23:34:24,939 - DEBUG - Joint score for alpha[14]: 15.7996
2025-08-08 23:34:28,429 - DEBUG - Joint score for alpha[15]: 15.7356
2025-08-08 23:34:31,944 - DEBUG - Joint score for alpha[0]: 15.9217
2025-08-08 23:34:35,439 - DEBUG - Joint score for alpha[1]: 15.8759
2025-08-08 23:34:38,933 - DEBUG - Joint score for alpha[2]: 15.7227
2025-08-08 23:34:42,425 - DEBUG - Joint score for alpha[3]: 15.9650
2025-08-08 23:34:45,917 - DEBUG - Joint score for alpha[4]: 15.7825
2025-08-08 23:34:49,409 - DEBUG - Joint score for alpha[5]: 15.8939
2025-08-08 23:34:52,900 - DEBUG - Joint score for alpha[6]: 15.9395
2025-08-08 23:34:56,394 - DEBUG - Joint score for alpha[7]: 15.6079
2025-08-08 23:34:59,886 - DEBUG - Joint score for alpha[8]: 15.8052
2025-08-08 23:35:03,378 - DEBUG - Joint score for alpha[9]: 15.9079
2025-08-08 23:35:06,869 - DEBUG - Joint score for alpha[10]: 15.8972
2025-08-08 23:35:10,360 - DEBUG - Joint score for alpha[11]: 15.9153
2025-08-08 23:35:13,850 - DEBUG - Joint score for alpha[12]: 15.6286
2025-08-08 23:35:17,341 - DEBUG - Joint score for alpha[13]: 15.7904
2025-08-08 23:35:20,834 - DEBUG - Joint score for alpha[14]: 15.5642
2025-08-08 23:35:24,323 - DEBUG - Joint score for alpha[15]: 15.6716
2025-08-08 23:35:24,363 - INFO - Step 17/120: mean ENERGY=15.6004
2025-08-08 23:35:24,368 - DEBUG - Beginning Gibbs iteration s = 17
2025-08-08 23:35:30,252 - DEBUG - Joint score for alpha[0]: 15.6572
2025-08-08 23:35:33,745 - DEBUG - Joint score for alpha[1]: 15.6959
2025-08-08 23:35:37,235 - DEBUG - Joint score for alpha[2]: 15.8422
2025-08-08 23:35:40,726 - DEBUG - Joint score for alpha[3]: 15.6053
2025-08-08 23:35:44,217 - DEBUG - Joint score for alpha[4]: 15.7757
2025-08-08 23:35:47,707 - DEBUG - Joint score for alpha[5]: 15.7389
2025-08-08 23:35:51,198 - DEBUG - Joint score for alpha[6]: 15.7227
2025-08-08 23:35:54,687 - DEBUG - Joint score for alpha[7]: 16.0162
2025-08-08 23:35:58,177 - DEBUG - Joint score for alpha[8]: 15.8228
2025-08-08 23:36:01,666 - DEBUG - Joint score for alpha[9]: 15.7818
2025-08-08 23:36:05,157 - DEBUG - Joint score for alpha[10]: 15.8706
2025-08-08 23:36:08,648 - DEBUG - Joint score for alpha[11]: 15.6507
2025-08-08 23:36:12,137 - DEBUG - Joint score for alpha[12]: 15.7257
2025-08-08 23:36:15,627 - DEBUG - Joint score for alpha[13]: 15.6703
2025-08-08 23:36:19,118 - DEBUG - Joint score for alpha[14]: 16.0687
2025-08-08 23:36:22,607 - DEBUG - Joint score for alpha[15]: 15.6901
2025-08-08 23:36:26,121 - DEBUG - Joint score for alpha[0]: 15.7819
2025-08-08 23:36:29,614 - DEBUG - Joint score for alpha[1]: 15.8944
2025-08-08 23:36:33,104 - DEBUG - Joint score for alpha[2]: 15.8901
2025-08-08 23:36:36,594 - DEBUG - Joint score for alpha[3]: 15.6671
2025-08-08 23:36:40,085 - DEBUG - Joint score for alpha[4]: 15.7976
2025-08-08 23:36:43,575 - DEBUG - Joint score for alpha[5]: 15.6842
2025-08-08 23:36:47,066 - DEBUG - Joint score for alpha[6]: 15.7409
2025-08-08 23:36:50,557 - DEBUG - Joint score for alpha[7]: 15.8885
2025-08-08 23:36:54,047 - DEBUG - Joint score for alpha[8]: 15.9419
2025-08-08 23:36:57,536 - DEBUG - Joint score for alpha[9]: 15.8944
2025-08-08 23:37:01,027 - DEBUG - Joint score for alpha[10]: 15.9649
2025-08-08 23:37:04,517 - DEBUG - Joint score for alpha[11]: 15.7425
2025-08-08 23:37:08,010 - DEBUG - Joint score for alpha[12]: 15.8462
2025-08-08 23:37:11,500 - DEBUG - Joint score for alpha[13]: 16.0559
2025-08-08 23:37:14,992 - DEBUG - Joint score for alpha[14]: 15.6831
2025-08-08 23:37:18,483 - DEBUG - Joint score for alpha[15]: 15.9953
2025-08-08 23:37:21,999 - DEBUG - Joint score for alpha[0]: 15.7266
2025-08-08 23:37:25,491 - DEBUG - Joint score for alpha[1]: 15.8443
2025-08-08 23:37:28,981 - DEBUG - Joint score for alpha[2]: 15.6872
2025-08-08 23:37:32,471 - DEBUG - Joint score for alpha[3]: 15.7500
2025-08-08 23:37:35,962 - DEBUG - Joint score for alpha[4]: 15.6730
2025-08-08 23:37:39,454 - DEBUG - Joint score for alpha[5]: 15.7246
2025-08-08 23:37:42,944 - DEBUG - Joint score for alpha[6]: 15.8585
2025-08-08 23:37:46,434 - DEBUG - Joint score for alpha[7]: 15.8569
2025-08-08 23:37:49,927 - DEBUG - Joint score for alpha[8]: 15.7811
2025-08-08 23:37:53,418 - DEBUG - Joint score for alpha[9]: 15.6811
2025-08-08 23:37:56,909 - DEBUG - Joint score for alpha[10]: 15.7728
2025-08-08 23:38:00,400 - DEBUG - Joint score for alpha[11]: 15.8003
2025-08-08 23:38:03,892 - DEBUG - Joint score for alpha[12]: 15.7287
2025-08-08 23:38:07,382 - DEBUG - Joint score for alpha[13]: 15.7993
2025-08-08 23:38:10,874 - DEBUG - Joint score for alpha[14]: 15.7590
2025-08-08 23:38:14,364 - DEBUG - Joint score for alpha[15]: 15.8600
2025-08-08 23:38:17,934 - DEBUG - Joint score for alpha[0]: 15.8072
2025-08-08 23:38:21,427 - DEBUG - Joint score for alpha[1]: 15.8481
2025-08-08 23:38:24,916 - DEBUG - Joint score for alpha[2]: 15.9558
2025-08-08 23:38:28,405 - DEBUG - Joint score for alpha[3]: 15.9032
2025-08-08 23:38:31,897 - DEBUG - Joint score for alpha[4]: 15.5999
2025-08-08 23:38:35,388 - DEBUG - Joint score for alpha[5]: 15.9330
2025-08-08 23:38:38,878 - DEBUG - Joint score for alpha[6]: 15.6248
2025-08-08 23:38:42,369 - DEBUG - Joint score for alpha[7]: 15.9886
2025-08-08 23:38:45,859 - DEBUG - Joint score for alpha[8]: 15.9007
2025-08-08 23:38:49,348 - DEBUG - Joint score for alpha[9]: 15.6264
2025-08-08 23:38:52,838 - DEBUG - Joint score for alpha[10]: 15.7862
2025-08-08 23:38:56,332 - DEBUG - Joint score for alpha[11]: 15.8961
2025-08-08 23:38:59,822 - DEBUG - Joint score for alpha[12]: 15.7022
2025-08-08 23:39:03,314 - DEBUG - Joint score for alpha[13]: 15.7279
2025-08-08 23:39:06,805 - DEBUG - Joint score for alpha[14]: 16.0304
2025-08-08 23:39:10,296 - DEBUG - Joint score for alpha[15]: 15.5669
2025-08-08 23:39:13,809 - DEBUG - Joint score for alpha[0]: 15.6123
2025-08-08 23:39:17,305 - DEBUG - Joint score for alpha[1]: 15.6563
2025-08-08 23:39:20,797 - DEBUG - Joint score for alpha[2]: 15.7766
2025-08-08 23:39:24,289 - DEBUG - Joint score for alpha[3]: 15.7819
2025-08-08 23:39:27,780 - DEBUG - Joint score for alpha[4]: 16.1034
2025-08-08 23:39:31,271 - DEBUG - Joint score for alpha[5]: 15.7402
2025-08-08 23:39:34,762 - DEBUG - Joint score for alpha[6]: 15.8497
2025-08-08 23:39:38,254 - DEBUG - Joint score for alpha[7]: 15.9934
2025-08-08 23:39:41,745 - DEBUG - Joint score for alpha[8]: 15.6058
2025-08-08 23:39:45,237 - DEBUG - Joint score for alpha[9]: 16.0230
2025-08-08 23:39:48,729 - DEBUG - Joint score for alpha[10]: 15.9394
2025-08-08 23:39:52,221 - DEBUG - Joint score for alpha[11]: 15.6982
2025-08-08 23:39:55,713 - DEBUG - Joint score for alpha[12]: 15.7672
2025-08-08 23:39:59,205 - DEBUG - Joint score for alpha[13]: 15.7726
2025-08-08 23:40:02,698 - DEBUG - Joint score for alpha[14]: 15.8577
2025-08-08 23:40:06,189 - DEBUG - Joint score for alpha[15]: 15.7462
2025-08-08 23:40:06,230 - INFO - Step 18/120: mean ENERGY=15.6236
2025-08-08 23:40:06,231 - DEBUG - Beginning Gibbs iteration s = 18
2025-08-08 23:40:11,580 - DEBUG - Joint score for alpha[0]: 15.7957
2025-08-08 23:40:15,074 - DEBUG - Joint score for alpha[1]: 15.8111
2025-08-08 23:40:18,565 - DEBUG - Joint score for alpha[2]: 15.8583
2025-08-08 23:40:22,056 - DEBUG - Joint score for alpha[3]: 15.7078
2025-08-08 23:40:25,547 - DEBUG - Joint score for alpha[4]: 15.7001
2025-08-08 23:40:29,036 - DEBUG - Joint score for alpha[5]: 15.7996
2025-08-08 23:40:32,527 - DEBUG - Joint score for alpha[6]: 15.7635
2025-08-08 23:40:36,017 - DEBUG - Joint score for alpha[7]: 15.8637
2025-08-08 23:40:39,506 - DEBUG - Joint score for alpha[8]: 16.1833
2025-08-08 23:40:42,995 - DEBUG - Joint score for alpha[9]: 16.0948
2025-08-08 23:40:46,487 - DEBUG - Joint score for alpha[10]: 15.8339
2025-08-08 23:40:49,979 - DEBUG - Joint score for alpha[11]: 15.7085
2025-08-08 23:40:53,469 - DEBUG - Joint score for alpha[12]: 15.7022
2025-08-08 23:40:56,959 - DEBUG - Joint score for alpha[13]: 15.6998
2025-08-08 23:41:00,451 - DEBUG - Joint score for alpha[14]: 15.8093
2025-08-08 23:41:03,940 - DEBUG - Joint score for alpha[15]: 15.7106
2025-08-08 23:41:07,454 - DEBUG - Joint score for alpha[0]: 15.6682
2025-08-08 23:41:10,948 - DEBUG - Joint score for alpha[1]: 15.7563
2025-08-08 23:41:14,439 - DEBUG - Joint score for alpha[2]: 15.7717
2025-08-08 23:41:17,931 - DEBUG - Joint score for alpha[3]: 15.7838
2025-08-08 23:41:21,424 - DEBUG - Joint score for alpha[4]: 15.9579
2025-08-08 23:41:24,916 - DEBUG - Joint score for alpha[5]: 15.9112
2025-08-08 23:41:28,407 - DEBUG - Joint score for alpha[6]: 15.5523
2025-08-08 23:41:31,899 - DEBUG - Joint score for alpha[7]: 15.8107
2025-08-08 23:41:35,390 - DEBUG - Joint score for alpha[8]: 15.8269
2025-08-08 23:41:38,880 - DEBUG - Joint score for alpha[9]: 15.8728
2025-08-08 23:41:42,371 - DEBUG - Joint score for alpha[10]: 15.8178
2025-08-08 23:41:45,863 - DEBUG - Joint score for alpha[11]: 15.8006
2025-08-08 23:41:49,355 - DEBUG - Joint score for alpha[12]: 16.0908
2025-08-08 23:41:52,844 - DEBUG - Joint score for alpha[13]: 15.6358
2025-08-08 23:41:56,338 - DEBUG - Joint score for alpha[14]: 15.7595
2025-08-08 23:41:59,828 - DEBUG - Joint score for alpha[15]: 15.7082
2025-08-08 23:42:03,344 - DEBUG - Joint score for alpha[0]: 15.7894
2025-08-08 23:42:06,837 - DEBUG - Joint score for alpha[1]: 15.5625
2025-08-08 23:42:10,327 - DEBUG - Joint score for alpha[2]: 15.7847
2025-08-08 23:42:13,818 - DEBUG - Joint score for alpha[3]: 15.7317
2025-08-08 23:42:17,310 - DEBUG - Joint score for alpha[4]: 15.9437
2025-08-08 23:42:20,800 - DEBUG - Joint score for alpha[5]: 15.7202
2025-08-08 23:42:24,289 - DEBUG - Joint score for alpha[6]: 15.9312
2025-08-08 23:42:27,780 - DEBUG - Joint score for alpha[7]: 15.6105
2025-08-08 23:42:31,271 - DEBUG - Joint score for alpha[8]: 15.7768
2025-08-08 23:42:34,760 - DEBUG - Joint score for alpha[9]: 15.7318
2025-08-08 23:42:38,252 - DEBUG - Joint score for alpha[10]: 15.9128
2025-08-08 23:42:41,742 - DEBUG - Joint score for alpha[11]: 15.9267
2025-08-08 23:42:45,233 - DEBUG - Joint score for alpha[12]: 15.9280
2025-08-08 23:42:48,722 - DEBUG - Joint score for alpha[13]: 15.7426
2025-08-08 23:42:52,212 - DEBUG - Joint score for alpha[14]: 16.0123
2025-08-08 23:42:55,701 - DEBUG - Joint score for alpha[15]: 15.8719
2025-08-08 23:42:59,272 - DEBUG - Joint score for alpha[0]: 15.7151
2025-08-08 23:43:02,765 - DEBUG - Joint score for alpha[1]: 16.0931
2025-08-08 23:43:06,254 - DEBUG - Joint score for alpha[2]: 15.7660
2025-08-08 23:43:09,744 - DEBUG - Joint score for alpha[3]: 16.0022
2025-08-08 23:43:13,236 - DEBUG - Joint score for alpha[4]: 15.8516
2025-08-08 23:43:16,727 - DEBUG - Joint score for alpha[5]: 15.9927
2025-08-08 23:43:20,218 - DEBUG - Joint score for alpha[6]: 15.8750
2025-08-08 23:43:23,710 - DEBUG - Joint score for alpha[7]: 15.7112
2025-08-08 23:43:27,200 - DEBUG - Joint score for alpha[8]: 15.7704
2025-08-08 23:43:30,691 - DEBUG - Joint score for alpha[9]: 15.8781
2025-08-08 23:43:34,180 - DEBUG - Joint score for alpha[10]: 16.0797
2025-08-08 23:43:37,674 - DEBUG - Joint score for alpha[11]: 15.8882
2025-08-08 23:43:41,165 - DEBUG - Joint score for alpha[12]: 15.6657
2025-08-08 23:43:44,660 - DEBUG - Joint score for alpha[13]: 15.7705
2025-08-08 23:43:48,150 - DEBUG - Joint score for alpha[14]: 15.9998
2025-08-08 23:43:51,643 - DEBUG - Joint score for alpha[15]: 15.8140
2025-08-08 23:43:55,157 - DEBUG - Joint score for alpha[0]: 15.7078
2025-08-08 23:43:58,652 - DEBUG - Joint score for alpha[1]: 15.8685
2025-08-08 23:44:02,145 - DEBUG - Joint score for alpha[2]: 15.9323
2025-08-08 23:44:05,635 - DEBUG - Joint score for alpha[3]: 15.7938
2025-08-08 23:44:09,128 - DEBUG - Joint score for alpha[4]: 15.7757
2025-08-08 23:44:12,620 - DEBUG - Joint score for alpha[5]: 15.7615
2025-08-08 23:44:16,111 - DEBUG - Joint score for alpha[6]: 15.8527
2025-08-08 23:44:19,602 - DEBUG - Joint score for alpha[7]: 15.6454
2025-08-08 23:44:23,092 - DEBUG - Joint score for alpha[8]: 15.8697
2025-08-08 23:44:26,584 - DEBUG - Joint score for alpha[9]: 15.6368
2025-08-08 23:44:30,074 - DEBUG - Joint score for alpha[10]: 15.8433
2025-08-08 23:44:33,565 - DEBUG - Joint score for alpha[11]: 15.7624
2025-08-08 23:44:37,056 - DEBUG - Joint score for alpha[12]: 15.8656
2025-08-08 23:44:40,548 - DEBUG - Joint score for alpha[13]: 15.9373
2025-08-08 23:44:44,040 - DEBUG - Joint score for alpha[14]: 15.7714
2025-08-08 23:44:47,530 - DEBUG - Joint score for alpha[15]: 15.8793
2025-08-08 23:44:47,570 - INFO - Step 19/120: mean ENERGY=15.6234
2025-08-08 23:44:47,571 - DEBUG - Beginning Gibbs iteration s = 19
2025-08-08 23:44:53,830 - DEBUG - Joint score for alpha[0]: 15.7460
2025-08-08 23:44:57,323 - DEBUG - Joint score for alpha[1]: 15.6960
2025-08-08 23:45:00,814 - DEBUG - Joint score for alpha[2]: 16.0350
2025-08-08 23:45:04,305 - DEBUG - Joint score for alpha[3]: 15.6393
2025-08-08 23:45:07,797 - DEBUG - Joint score for alpha[4]: 15.6950
2025-08-08 23:45:11,287 - DEBUG - Joint score for alpha[5]: 15.7396
2025-08-08 23:45:14,777 - DEBUG - Joint score for alpha[6]: 15.7519
2025-08-08 23:45:18,268 - DEBUG - Joint score for alpha[7]: 15.8591
2025-08-08 23:45:21,758 - DEBUG - Joint score for alpha[8]: 15.8602
2025-08-08 23:45:25,249 - DEBUG - Joint score for alpha[9]: 15.6365
2025-08-08 23:45:28,742 - DEBUG - Joint score for alpha[10]: 15.6862
2025-08-08 23:45:32,234 - DEBUG - Joint score for alpha[11]: 15.5930
2025-08-08 23:45:35,724 - DEBUG - Joint score for alpha[12]: 15.8743
2025-08-08 23:45:39,215 - DEBUG - Joint score for alpha[13]: 15.5098
2025-08-08 23:45:42,706 - DEBUG - Joint score for alpha[14]: 15.8554
2025-08-08 23:45:46,197 - DEBUG - Joint score for alpha[15]: 15.9619
2025-08-08 23:45:49,712 - DEBUG - Joint score for alpha[0]: 15.8108
2025-08-08 23:45:53,206 - DEBUG - Joint score for alpha[1]: 15.7146
2025-08-08 23:45:56,696 - DEBUG - Joint score for alpha[2]: 15.8197
2025-08-08 23:46:00,187 - DEBUG - Joint score for alpha[3]: 16.0050
2025-08-08 23:46:03,681 - DEBUG - Joint score for alpha[4]: 15.7394
2025-08-08 23:46:07,174 - DEBUG - Joint score for alpha[5]: 15.8116
2025-08-08 23:46:10,666 - DEBUG - Joint score for alpha[6]: 15.5766
2025-08-08 23:46:14,158 - DEBUG - Joint score for alpha[7]: 15.4052
2025-08-08 23:46:17,649 - DEBUG - Joint score for alpha[8]: 15.5746
2025-08-08 23:46:21,138 - DEBUG - Joint score for alpha[9]: 15.7488
2025-08-08 23:46:24,630 - DEBUG - Joint score for alpha[10]: 15.5675
2025-08-08 23:46:28,120 - DEBUG - Joint score for alpha[11]: 15.5223
2025-08-08 23:46:31,613 - DEBUG - Joint score for alpha[12]: 15.7684
2025-08-08 23:46:35,104 - DEBUG - Joint score for alpha[13]: 15.7021
2025-08-08 23:46:38,598 - DEBUG - Joint score for alpha[14]: 15.5200
2025-08-08 23:46:42,090 - DEBUG - Joint score for alpha[15]: 15.7449
2025-08-08 23:46:45,607 - DEBUG - Joint score for alpha[0]: 15.7042
2025-08-08 23:46:49,101 - DEBUG - Joint score for alpha[1]: 15.8165
2025-08-08 23:46:52,592 - DEBUG - Joint score for alpha[2]: 15.7736
2025-08-08 23:46:56,084 - DEBUG - Joint score for alpha[3]: 15.5845
2025-08-08 23:46:59,578 - DEBUG - Joint score for alpha[4]: 15.6932
2025-08-08 23:47:03,070 - DEBUG - Joint score for alpha[5]: 15.6959
2025-08-08 23:47:06,561 - DEBUG - Joint score for alpha[6]: 15.6455
2025-08-08 23:47:10,053 - DEBUG - Joint score for alpha[7]: 15.8100
2025-08-08 23:47:13,546 - DEBUG - Joint score for alpha[8]: 15.7562
2025-08-08 23:47:17,037 - DEBUG - Joint score for alpha[9]: 15.8101
2025-08-08 23:47:20,530 - DEBUG - Joint score for alpha[10]: 15.6454
2025-08-08 23:47:24,021 - DEBUG - Joint score for alpha[11]: 15.6417
2025-08-08 23:47:27,511 - DEBUG - Joint score for alpha[12]: 15.6451
2025-08-08 23:47:31,003 - DEBUG - Joint score for alpha[13]: 15.6935
2025-08-08 23:47:34,494 - DEBUG - Joint score for alpha[14]: 15.8156
2025-08-08 23:47:37,984 - DEBUG - Joint score for alpha[15]: 15.6964
2025-08-08 23:47:41,554 - DEBUG - Joint score for alpha[0]: 15.5449
2025-08-08 23:47:45,048 - DEBUG - Joint score for alpha[1]: 15.8219
2025-08-08 23:47:48,539 - DEBUG - Joint score for alpha[2]: 15.6579
2025-08-08 23:47:52,028 - DEBUG - Joint score for alpha[3]: 15.6595
2025-08-08 23:47:55,520 - DEBUG - Joint score for alpha[4]: 15.9225
2025-08-08 23:47:59,011 - DEBUG - Joint score for alpha[5]: 15.6209
2025-08-08 23:48:02,501 - DEBUG - Joint score for alpha[6]: 15.9604
2025-08-08 23:48:05,994 - DEBUG - Joint score for alpha[7]: 15.7313
2025-08-08 23:48:09,485 - DEBUG - Joint score for alpha[8]: 15.8294
2025-08-08 23:48:12,975 - DEBUG - Joint score for alpha[9]: 16.1914
2025-08-08 23:48:16,465 - DEBUG - Joint score for alpha[10]: 15.7603
2025-08-08 23:48:19,959 - DEBUG - Joint score for alpha[11]: 15.5279
2025-08-08 23:48:23,449 - DEBUG - Joint score for alpha[12]: 15.6545
2025-08-08 23:48:26,942 - DEBUG - Joint score for alpha[13]: 15.7413
2025-08-08 23:48:30,433 - DEBUG - Joint score for alpha[14]: 15.6140
2025-08-08 23:48:33,925 - DEBUG - Joint score for alpha[15]: 15.9473
2025-08-08 23:48:37,439 - DEBUG - Joint score for alpha[0]: 15.5977
2025-08-08 23:48:40,936 - DEBUG - Joint score for alpha[1]: 15.6258
2025-08-08 23:48:44,430 - DEBUG - Joint score for alpha[2]: 15.6551
2025-08-08 23:48:47,921 - DEBUG - Joint score for alpha[3]: 15.7026
2025-08-08 23:48:51,413 - DEBUG - Joint score for alpha[4]: 15.6033
2025-08-08 23:48:54,905 - DEBUG - Joint score for alpha[5]: 15.7746
2025-08-08 23:48:58,397 - DEBUG - Joint score for alpha[6]: 15.5034
2025-08-08 23:49:01,889 - DEBUG - Joint score for alpha[7]: 15.8699
2025-08-08 23:49:05,379 - DEBUG - Joint score for alpha[8]: 15.6238
2025-08-08 23:49:08,872 - DEBUG - Joint score for alpha[9]: 15.6320
2025-08-08 23:49:12,363 - DEBUG - Joint score for alpha[10]: 16.1343
2025-08-08 23:49:15,855 - DEBUG - Joint score for alpha[11]: 15.6438
2025-08-08 23:49:19,346 - DEBUG - Joint score for alpha[12]: 15.6570
2025-08-08 23:49:22,838 - DEBUG - Joint score for alpha[13]: 15.5369
2025-08-08 23:49:26,330 - DEBUG - Joint score for alpha[14]: 15.5403
2025-08-08 23:49:29,821 - DEBUG - Joint score for alpha[15]: 15.7628
2025-08-08 23:49:29,862 - INFO - Step 20/120: mean ENERGY=15.5061
2025-08-08 23:49:29,863 - DEBUG - Beginning Gibbs iteration s = 20
2025-08-08 23:49:30,853 - DEBUG - Proposal variance adapted: 0.052
2025-08-08 23:49:34,307 - DEBUG - Joint score for alpha[0]: 15.8490
2025-08-08 23:49:37,802 - DEBUG - Joint score for alpha[1]: 15.7367
2025-08-08 23:49:41,294 - DEBUG - Joint score for alpha[2]: 15.5329
2025-08-08 23:49:44,786 - DEBUG - Joint score for alpha[3]: 15.8287
2025-08-08 23:49:48,279 - DEBUG - Joint score for alpha[4]: 16.0147
2025-08-08 23:49:51,769 - DEBUG - Joint score for alpha[5]: 15.6956
2025-08-08 23:49:55,261 - DEBUG - Joint score for alpha[6]: 15.8908
2025-08-08 23:49:58,752 - DEBUG - Joint score for alpha[7]: 15.6511
2025-08-08 23:50:02,243 - DEBUG - Joint score for alpha[8]: 16.0787
2025-08-08 23:50:05,735 - DEBUG - Joint score for alpha[9]: 16.0297
2025-08-08 23:50:09,229 - DEBUG - Joint score for alpha[10]: 15.6956
2025-08-08 23:50:12,722 - DEBUG - Joint score for alpha[11]: 15.6704
2025-08-08 23:50:16,213 - DEBUG - Joint score for alpha[12]: 15.6447
2025-08-08 23:50:19,705 - DEBUG - Joint score for alpha[13]: 15.9031
2025-08-08 23:50:23,198 - DEBUG - Joint score for alpha[14]: 15.6462
2025-08-08 23:50:26,689 - DEBUG - Joint score for alpha[15]: 15.8375
2025-08-08 23:50:30,204 - DEBUG - Joint score for alpha[0]: 15.6317
2025-08-08 23:50:33,699 - DEBUG - Joint score for alpha[1]: 15.6877
2025-08-08 23:50:37,191 - DEBUG - Joint score for alpha[2]: 15.9892
2025-08-08 23:50:40,683 - DEBUG - Joint score for alpha[3]: 15.9829
2025-08-08 23:50:44,175 - DEBUG - Joint score for alpha[4]: 15.8879
2025-08-08 23:50:47,667 - DEBUG - Joint score for alpha[5]: 15.9424
2025-08-08 23:50:51,161 - DEBUG - Joint score for alpha[6]: 15.7173
2025-08-08 23:50:54,654 - DEBUG - Joint score for alpha[7]: 15.7827
2025-08-08 23:50:58,145 - DEBUG - Joint score for alpha[8]: 15.4991
2025-08-08 23:51:01,636 - DEBUG - Joint score for alpha[9]: 15.8716
2025-08-08 23:51:05,127 - DEBUG - Joint score for alpha[10]: 15.7572
2025-08-08 23:51:08,619 - DEBUG - Joint score for alpha[11]: 15.8304
2025-08-08 23:51:12,111 - DEBUG - Joint score for alpha[12]: 15.9076
2025-08-08 23:51:15,601 - DEBUG - Joint score for alpha[13]: 15.8721
2025-08-08 23:51:19,094 - DEBUG - Joint score for alpha[14]: 15.8101
2025-08-08 23:51:22,585 - DEBUG - Joint score for alpha[15]: 16.0025
2025-08-08 23:51:26,101 - DEBUG - Joint score for alpha[0]: 15.4995
2025-08-08 23:51:29,594 - DEBUG - Joint score for alpha[1]: 15.6347
2025-08-08 23:51:33,086 - DEBUG - Joint score for alpha[2]: 15.8704
2025-08-08 23:51:36,577 - DEBUG - Joint score for alpha[3]: 15.7550
2025-08-08 23:51:40,070 - DEBUG - Joint score for alpha[4]: 15.9420
2025-08-08 23:51:43,561 - DEBUG - Joint score for alpha[5]: 15.7555
2025-08-08 23:51:47,052 - DEBUG - Joint score for alpha[6]: 15.7478
2025-08-08 23:51:50,543 - DEBUG - Joint score for alpha[7]: 15.5961
2025-08-08 23:51:54,035 - DEBUG - Joint score for alpha[8]: 15.5783
2025-08-08 23:51:57,527 - DEBUG - Joint score for alpha[9]: 15.7631
2025-08-08 23:52:01,018 - DEBUG - Joint score for alpha[10]: 15.5760
2025-08-08 23:52:04,510 - DEBUG - Joint score for alpha[11]: 15.6761
2025-08-08 23:52:08,001 - DEBUG - Joint score for alpha[12]: 15.6639
2025-08-08 23:52:11,492 - DEBUG - Joint score for alpha[13]: 15.8209
2025-08-08 23:52:14,983 - DEBUG - Joint score for alpha[14]: 15.7249
2025-08-08 23:52:18,472 - DEBUG - Joint score for alpha[15]: 15.7716
2025-08-08 23:52:22,044 - DEBUG - Joint score for alpha[0]: 15.6937
2025-08-08 23:52:25,538 - DEBUG - Joint score for alpha[1]: 15.5542
2025-08-08 23:52:29,028 - DEBUG - Joint score for alpha[2]: 15.7547
2025-08-08 23:52:32,518 - DEBUG - Joint score for alpha[3]: 15.6878
2025-08-08 23:52:36,011 - DEBUG - Joint score for alpha[4]: 15.9429
2025-08-08 23:52:39,502 - DEBUG - Joint score for alpha[5]: 15.7824
2025-08-08 23:52:42,993 - DEBUG - Joint score for alpha[6]: 15.7524
2025-08-08 23:52:46,487 - DEBUG - Joint score for alpha[7]: 15.7965
2025-08-08 23:52:49,979 - DEBUG - Joint score for alpha[8]: 15.7997
2025-08-08 23:52:53,470 - DEBUG - Joint score for alpha[9]: 15.6975
2025-08-08 23:52:56,962 - DEBUG - Joint score for alpha[10]: 16.1737
2025-08-08 23:53:00,456 - DEBUG - Joint score for alpha[11]: 15.6613
2025-08-08 23:53:03,948 - DEBUG - Joint score for alpha[12]: 15.5550
2025-08-08 23:53:07,442 - DEBUG - Joint score for alpha[13]: 15.7027
2025-08-08 23:53:10,933 - DEBUG - Joint score for alpha[14]: 15.8274
2025-08-08 23:53:14,427 - DEBUG - Joint score for alpha[15]: 15.8214
2025-08-08 23:53:17,940 - DEBUG - Joint score for alpha[0]: 15.6001
2025-08-08 23:53:21,436 - DEBUG - Joint score for alpha[1]: 15.8171
2025-08-08 23:53:24,928 - DEBUG - Joint score for alpha[2]: 15.6334
2025-08-08 23:53:28,419 - DEBUG - Joint score for alpha[3]: 15.8749
2025-08-08 23:53:31,912 - DEBUG - Joint score for alpha[4]: 15.7818
2025-08-08 23:53:35,402 - DEBUG - Joint score for alpha[5]: 15.7290
2025-08-08 23:53:38,893 - DEBUG - Joint score for alpha[6]: 15.8827
2025-08-08 23:53:42,384 - DEBUG - Joint score for alpha[7]: 15.7789
2025-08-08 23:53:45,875 - DEBUG - Joint score for alpha[8]: 15.7249
2025-08-08 23:53:49,369 - DEBUG - Joint score for alpha[9]: 15.6616
2025-08-08 23:53:52,860 - DEBUG - Joint score for alpha[10]: 15.7782
2025-08-08 23:53:56,351 - DEBUG - Joint score for alpha[11]: 15.6882
2025-08-08 23:53:59,844 - DEBUG - Joint score for alpha[12]: 15.7119
2025-08-08 23:54:03,335 - DEBUG - Joint score for alpha[13]: 15.7236
2025-08-08 23:54:06,827 - DEBUG - Joint score for alpha[14]: 15.9901
2025-08-08 23:54:10,318 - DEBUG - Joint score for alpha[15]: 15.9191
2025-08-08 23:54:10,358 - INFO - Step 21/120: mean ENERGY=15.5372
2025-08-08 23:54:10,359 - DEBUG - Beginning Gibbs iteration s = 21
2025-08-08 23:54:15,743 - DEBUG - Joint score for alpha[0]: 15.6322
2025-08-08 23:54:19,238 - DEBUG - Joint score for alpha[1]: 15.6013
2025-08-08 23:54:22,731 - DEBUG - Joint score for alpha[2]: 15.6289
2025-08-08 23:54:26,223 - DEBUG - Joint score for alpha[3]: 15.5041
2025-08-08 23:54:29,716 - DEBUG - Joint score for alpha[4]: 15.5105
2025-08-08 23:54:33,207 - DEBUG - Joint score for alpha[5]: 15.6112
2025-08-08 23:54:36,700 - DEBUG - Joint score for alpha[6]: 15.5211
2025-08-08 23:54:40,192 - DEBUG - Joint score for alpha[7]: 15.9088
2025-08-08 23:54:43,684 - DEBUG - Joint score for alpha[8]: 15.9060
2025-08-08 23:54:47,174 - DEBUG - Joint score for alpha[9]: 15.9515
2025-08-08 23:54:50,668 - DEBUG - Joint score for alpha[10]: 15.7193
2025-08-08 23:54:54,161 - DEBUG - Joint score for alpha[11]: 15.6220
2025-08-08 23:54:57,652 - DEBUG - Joint score for alpha[12]: 15.4496
2025-08-08 23:55:01,143 - DEBUG - Joint score for alpha[13]: 15.6347
2025-08-08 23:55:04,636 - DEBUG - Joint score for alpha[14]: 15.5016
2025-08-08 23:55:08,127 - DEBUG - Joint score for alpha[15]: 15.5737
2025-08-08 23:55:11,643 - DEBUG - Joint score for alpha[0]: 15.7311
2025-08-08 23:55:15,138 - DEBUG - Joint score for alpha[1]: 15.4518
2025-08-08 23:55:18,630 - DEBUG - Joint score for alpha[2]: 15.6199
2025-08-08 23:55:22,121 - DEBUG - Joint score for alpha[3]: 15.6828
2025-08-08 23:55:25,614 - DEBUG - Joint score for alpha[4]: 15.5092
2025-08-08 23:55:29,107 - DEBUG - Joint score for alpha[5]: 15.5807
2025-08-08 23:55:32,600 - DEBUG - Joint score for alpha[6]: 15.5766
2025-08-08 23:55:36,093 - DEBUG - Joint score for alpha[7]: 15.6724
2025-08-08 23:55:39,584 - DEBUG - Joint score for alpha[8]: 15.5667
2025-08-08 23:55:43,075 - DEBUG - Joint score for alpha[9]: 15.7454
2025-08-08 23:55:46,567 - DEBUG - Joint score for alpha[10]: 15.6741
2025-08-08 23:55:50,058 - DEBUG - Joint score for alpha[11]: 15.6796
2025-08-08 23:55:53,551 - DEBUG - Joint score for alpha[12]: 15.4518
2025-08-08 23:55:57,042 - DEBUG - Joint score for alpha[13]: 15.6170
2025-08-08 23:56:00,535 - DEBUG - Joint score for alpha[14]: 15.5677
2025-08-08 23:56:04,027 - DEBUG - Joint score for alpha[15]: 15.7251
2025-08-08 23:56:07,543 - DEBUG - Joint score for alpha[0]: 15.5118
2025-08-08 23:56:11,038 - DEBUG - Joint score for alpha[1]: 15.5748
2025-08-08 23:56:14,529 - DEBUG - Joint score for alpha[2]: 15.5082
2025-08-08 23:56:18,020 - DEBUG - Joint score for alpha[3]: 15.5670
2025-08-08 23:56:21,513 - DEBUG - Joint score for alpha[4]: 15.8498
2025-08-08 23:56:25,004 - DEBUG - Joint score for alpha[5]: 15.5693
2025-08-08 23:56:28,495 - DEBUG - Joint score for alpha[6]: 15.9075
2025-08-08 23:56:31,987 - DEBUG - Joint score for alpha[7]: 15.5715
2025-08-08 23:56:35,479 - DEBUG - Joint score for alpha[8]: 15.5126
2025-08-08 23:56:38,971 - DEBUG - Joint score for alpha[9]: 15.6196
2025-08-08 23:56:42,463 - DEBUG - Joint score for alpha[10]: 15.5112
2025-08-08 23:56:45,954 - DEBUG - Joint score for alpha[11]: 15.5164
2025-08-08 23:56:49,446 - DEBUG - Joint score for alpha[12]: 15.6825
2025-08-08 23:56:52,937 - DEBUG - Joint score for alpha[13]: 15.7320
2025-08-08 23:56:56,429 - DEBUG - Joint score for alpha[14]: 15.6710
2025-08-08 23:56:59,919 - DEBUG - Joint score for alpha[15]: 15.9507
2025-08-08 23:57:03,490 - DEBUG - Joint score for alpha[0]: 15.8724
2025-08-08 23:57:06,985 - DEBUG - Joint score for alpha[1]: 15.5268
2025-08-08 23:57:10,475 - DEBUG - Joint score for alpha[2]: 15.6693
2025-08-08 23:57:13,965 - DEBUG - Joint score for alpha[3]: 15.5898
2025-08-08 23:57:17,458 - DEBUG - Joint score for alpha[4]: 15.7719
2025-08-08 23:57:20,948 - DEBUG - Joint score for alpha[5]: 15.6775
2025-08-08 23:57:24,439 - DEBUG - Joint score for alpha[6]: 15.5150
2025-08-08 23:57:27,931 - DEBUG - Joint score for alpha[7]: 15.5771
2025-08-08 23:57:31,422 - DEBUG - Joint score for alpha[8]: 15.5066
2025-08-08 23:57:34,913 - DEBUG - Joint score for alpha[9]: 15.4526
2025-08-08 23:57:38,404 - DEBUG - Joint score for alpha[10]: 15.6671
2025-08-08 23:57:41,898 - DEBUG - Joint score for alpha[11]: 15.6149
2025-08-08 23:57:45,390 - DEBUG - Joint score for alpha[12]: 15.7223
2025-08-08 23:57:48,883 - DEBUG - Joint score for alpha[13]: 15.7818
2025-08-08 23:57:52,374 - DEBUG - Joint score for alpha[14]: 15.6746
2025-08-08 23:57:55,867 - DEBUG - Joint score for alpha[15]: 15.6391
2025-08-08 23:57:59,381 - DEBUG - Joint score for alpha[0]: 15.6277
2025-08-08 23:58:02,876 - DEBUG - Joint score for alpha[1]: 15.9745
2025-08-08 23:58:06,368 - DEBUG - Joint score for alpha[2]: 15.5238
2025-08-08 23:58:09,859 - DEBUG - Joint score for alpha[3]: 15.6488
2025-08-08 23:58:13,352 - DEBUG - Joint score for alpha[4]: 15.6639
2025-08-08 23:58:16,844 - DEBUG - Joint score for alpha[5]: 15.5665
2025-08-08 23:58:20,336 - DEBUG - Joint score for alpha[6]: 15.4647
2025-08-08 23:58:23,828 - DEBUG - Joint score for alpha[7]: 15.6856
2025-08-08 23:58:27,320 - DEBUG - Joint score for alpha[8]: 15.4714
2025-08-08 23:58:30,811 - DEBUG - Joint score for alpha[9]: 15.6873
2025-08-08 23:58:34,302 - DEBUG - Joint score for alpha[10]: 15.6399
2025-08-08 23:58:37,795 - DEBUG - Joint score for alpha[11]: 15.4574
2025-08-08 23:58:41,286 - DEBUG - Joint score for alpha[12]: 15.6431
2025-08-08 23:58:44,780 - DEBUG - Joint score for alpha[13]: 15.7761
2025-08-08 23:58:48,273 - DEBUG - Joint score for alpha[14]: 15.4548
2025-08-08 23:58:51,765 - DEBUG - Joint score for alpha[15]: 15.5788
2025-08-08 23:58:51,805 - INFO - Step 22/120: mean ENERGY=15.4634
2025-08-08 23:58:51,806 - DEBUG - Beginning Gibbs iteration s = 22
2025-08-08 23:59:03,230 - DEBUG - Joint score for alpha[0]: 15.7554
2025-08-08 23:59:06,722 - DEBUG - Joint score for alpha[1]: 15.6156
2025-08-08 23:59:10,213 - DEBUG - Joint score for alpha[2]: 15.8077
2025-08-08 23:59:13,703 - DEBUG - Joint score for alpha[3]: 15.9548
2025-08-08 23:59:17,193 - DEBUG - Joint score for alpha[4]: 15.8454
2025-08-08 23:59:20,682 - DEBUG - Joint score for alpha[5]: 16.0696
2025-08-08 23:59:24,172 - DEBUG - Joint score for alpha[6]: 15.8114
2025-08-08 23:59:27,661 - DEBUG - Joint score for alpha[7]: 15.8978
2025-08-08 23:59:31,150 - DEBUG - Joint score for alpha[8]: 15.8507
2025-08-08 23:59:34,639 - DEBUG - Joint score for alpha[9]: 15.7347
2025-08-08 23:59:38,131 - DEBUG - Joint score for alpha[10]: 15.7293
2025-08-08 23:59:41,622 - DEBUG - Joint score for alpha[11]: 15.9532
2025-08-08 23:59:45,111 - DEBUG - Joint score for alpha[12]: 15.6862
2025-08-08 23:59:48,602 - DEBUG - Joint score for alpha[13]: 15.8263
2025-08-08 23:59:52,092 - DEBUG - Joint score for alpha[14]: 16.0614
2025-08-08 23:59:55,582 - DEBUG - Joint score for alpha[15]: 15.9494
2025-08-08 23:59:59,095 - DEBUG - Joint score for alpha[0]: 15.9460
2025-08-09 00:00:02,590 - DEBUG - Joint score for alpha[1]: 15.8393
2025-08-09 00:00:06,080 - DEBUG - Joint score for alpha[2]: 15.8361
2025-08-09 00:00:09,571 - DEBUG - Joint score for alpha[3]: 15.6148
2025-08-09 00:00:13,063 - DEBUG - Joint score for alpha[4]: 15.8404
2025-08-09 00:00:16,556 - DEBUG - Joint score for alpha[5]: 15.5582
2025-08-09 00:00:20,048 - DEBUG - Joint score for alpha[6]: 15.7250
2025-08-09 00:00:23,541 - DEBUG - Joint score for alpha[7]: 15.8295
2025-08-09 00:00:27,031 - DEBUG - Joint score for alpha[8]: 15.8299
2025-08-09 00:00:30,521 - DEBUG - Joint score for alpha[9]: 16.1263
2025-08-09 00:00:34,013 - DEBUG - Joint score for alpha[10]: 15.8373
2025-08-09 00:00:37,505 - DEBUG - Joint score for alpha[11]: 15.6751
2025-08-09 00:00:40,999 - DEBUG - Joint score for alpha[12]: 15.7361
2025-08-09 00:00:44,491 - DEBUG - Joint score for alpha[13]: 15.7260
2025-08-09 00:00:47,984 - DEBUG - Joint score for alpha[14]: 15.7269
2025-08-09 00:00:51,475 - DEBUG - Joint score for alpha[15]: 15.8375
2025-08-09 00:00:54,992 - DEBUG - Joint score for alpha[0]: 15.6211
2025-08-09 00:00:58,486 - DEBUG - Joint score for alpha[1]: 15.6093
2025-08-09 00:01:01,977 - DEBUG - Joint score for alpha[2]: 15.7756
2025-08-09 00:01:05,468 - DEBUG - Joint score for alpha[3]: 15.7814
2025-08-09 00:01:08,961 - DEBUG - Joint score for alpha[4]: 15.7180
2025-08-09 00:01:12,451 - DEBUG - Joint score for alpha[5]: 15.4994
2025-08-09 00:01:15,942 - DEBUG - Joint score for alpha[6]: 15.7774
2025-08-09 00:01:19,433 - DEBUG - Joint score for alpha[7]: 15.6122
2025-08-09 00:01:22,924 - DEBUG - Joint score for alpha[8]: 15.7251
2025-08-09 00:01:26,415 - DEBUG - Joint score for alpha[9]: 15.7254
2025-08-09 00:01:29,907 - DEBUG - Joint score for alpha[10]: 15.7224
2025-08-09 00:01:33,398 - DEBUG - Joint score for alpha[11]: 15.6106
2025-08-09 00:01:36,888 - DEBUG - Joint score for alpha[12]: 15.6677
2025-08-09 00:01:40,379 - DEBUG - Joint score for alpha[13]: 15.5504
2025-08-09 00:01:43,870 - DEBUG - Joint score for alpha[14]: 15.6114
2025-08-09 00:01:47,360 - DEBUG - Joint score for alpha[15]: 15.7187
2025-08-09 00:01:50,931 - DEBUG - Joint score for alpha[0]: 15.8766
2025-08-09 00:01:54,425 - DEBUG - Joint score for alpha[1]: 15.8837
2025-08-09 00:01:57,914 - DEBUG - Joint score for alpha[2]: 15.6694
2025-08-09 00:02:01,403 - DEBUG - Joint score for alpha[3]: 15.5857
2025-08-09 00:02:04,896 - DEBUG - Joint score for alpha[4]: 15.5223
2025-08-09 00:02:08,387 - DEBUG - Joint score for alpha[5]: 16.0511
2025-08-09 00:02:11,877 - DEBUG - Joint score for alpha[6]: 15.7535
2025-08-09 00:02:15,368 - DEBUG - Joint score for alpha[7]: 15.8930
2025-08-09 00:02:18,858 - DEBUG - Joint score for alpha[8]: 15.7230
2025-08-09 00:02:22,349 - DEBUG - Joint score for alpha[9]: 15.7255
2025-08-09 00:02:25,839 - DEBUG - Joint score for alpha[10]: 15.6304
2025-08-09 00:02:29,332 - DEBUG - Joint score for alpha[11]: 15.7121
2025-08-09 00:02:32,823 - DEBUG - Joint score for alpha[12]: 15.5570
2025-08-09 00:02:36,315 - DEBUG - Joint score for alpha[13]: 15.7270
2025-08-09 00:02:39,805 - DEBUG - Joint score for alpha[14]: 15.6588
2025-08-09 00:02:43,296 - DEBUG - Joint score for alpha[15]: 15.8209
2025-08-09 00:02:46,809 - DEBUG - Joint score for alpha[0]: 15.8255
2025-08-09 00:02:50,304 - DEBUG - Joint score for alpha[1]: 15.9448
2025-08-09 00:02:53,796 - DEBUG - Joint score for alpha[2]: 15.7941
2025-08-09 00:02:57,286 - DEBUG - Joint score for alpha[3]: 15.6718
2025-08-09 00:03:00,777 - DEBUG - Joint score for alpha[4]: 15.9748
2025-08-09 00:03:04,267 - DEBUG - Joint score for alpha[5]: 16.2088
2025-08-09 00:03:07,758 - DEBUG - Joint score for alpha[6]: 15.8493
2025-08-09 00:03:11,248 - DEBUG - Joint score for alpha[7]: 15.8499
2025-08-09 00:03:14,737 - DEBUG - Joint score for alpha[8]: 15.8989
2025-08-09 00:03:18,229 - DEBUG - Joint score for alpha[9]: 16.0728
2025-08-09 00:03:21,719 - DEBUG - Joint score for alpha[10]: 15.8036
2025-08-09 00:03:25,210 - DEBUG - Joint score for alpha[11]: 16.1436
2025-08-09 00:03:28,700 - DEBUG - Joint score for alpha[12]: 16.1209
2025-08-09 00:03:32,191 - DEBUG - Joint score for alpha[13]: 15.6379
2025-08-09 00:03:35,682 - DEBUG - Joint score for alpha[14]: 15.7506
2025-08-09 00:03:39,172 - DEBUG - Joint score for alpha[15]: 15.7353
2025-08-09 00:03:39,212 - INFO - Step 23/120: mean ENERGY=15.5667
2025-08-09 00:03:39,214 - DEBUG - Beginning Gibbs iteration s = 23
2025-08-09 00:03:43,761 - DEBUG - Joint score for alpha[0]: 15.7606
2025-08-09 00:03:47,255 - DEBUG - Joint score for alpha[1]: 15.9118
2025-08-09 00:03:50,746 - DEBUG - Joint score for alpha[2]: 15.7929
2025-08-09 00:03:54,237 - DEBUG - Joint score for alpha[3]: 16.3874
2025-08-09 00:03:57,728 - DEBUG - Joint score for alpha[4]: 15.7914
2025-08-09 00:04:01,217 - DEBUG - Joint score for alpha[5]: 15.7996
2025-08-09 00:04:04,708 - DEBUG - Joint score for alpha[6]: 15.7033
2025-08-09 00:04:08,197 - DEBUG - Joint score for alpha[7]: 15.8626
2025-08-09 00:04:11,688 - DEBUG - Joint score for alpha[8]: 15.7367
2025-08-09 00:04:15,178 - DEBUG - Joint score for alpha[9]: 16.0783
2025-08-09 00:04:18,670 - DEBUG - Joint score for alpha[10]: 15.7229
2025-08-09 00:04:22,160 - DEBUG - Joint score for alpha[11]: 15.9808
2025-08-09 00:04:25,650 - DEBUG - Joint score for alpha[12]: 15.7368
2025-08-09 00:04:29,141 - DEBUG - Joint score for alpha[13]: 15.9236
2025-08-09 00:04:32,631 - DEBUG - Joint score for alpha[14]: 15.7851
2025-08-09 00:04:36,122 - DEBUG - Joint score for alpha[15]: 15.6712
2025-08-09 00:04:39,636 - DEBUG - Joint score for alpha[0]: 15.9222
2025-08-09 00:04:43,130 - DEBUG - Joint score for alpha[1]: 15.7913
2025-08-09 00:04:46,621 - DEBUG - Joint score for alpha[2]: 15.8549
2025-08-09 00:04:50,113 - DEBUG - Joint score for alpha[3]: 15.7446
2025-08-09 00:04:53,607 - DEBUG - Joint score for alpha[4]: 15.7322
2025-08-09 00:04:57,098 - DEBUG - Joint score for alpha[5]: 15.9081
2025-08-09 00:05:00,590 - DEBUG - Joint score for alpha[6]: 15.7924
2025-08-09 00:05:04,083 - DEBUG - Joint score for alpha[7]: 15.8921
2025-08-09 00:05:07,574 - DEBUG - Joint score for alpha[8]: 15.8482
2025-08-09 00:05:11,064 - DEBUG - Joint score for alpha[9]: 15.8356
2025-08-09 00:05:14,554 - DEBUG - Joint score for alpha[10]: 15.7267
2025-08-09 00:05:18,046 - DEBUG - Joint score for alpha[11]: 15.7761
2025-08-09 00:05:21,539 - DEBUG - Joint score for alpha[12]: 15.9099
2025-08-09 00:05:25,029 - DEBUG - Joint score for alpha[13]: 16.0890
2025-08-09 00:05:28,523 - DEBUG - Joint score for alpha[14]: 15.8495
2025-08-09 00:05:32,015 - DEBUG - Joint score for alpha[15]: 15.7990
2025-08-09 00:05:35,532 - DEBUG - Joint score for alpha[0]: 16.0431
2025-08-09 00:05:39,024 - DEBUG - Joint score for alpha[1]: 15.7368
2025-08-09 00:05:42,515 - DEBUG - Joint score for alpha[2]: 15.9159
2025-08-09 00:05:46,006 - DEBUG - Joint score for alpha[3]: 15.8023
2025-08-09 00:05:49,498 - DEBUG - Joint score for alpha[4]: 15.7946
2025-08-09 00:05:52,989 - DEBUG - Joint score for alpha[5]: 15.8499
2025-08-09 00:05:56,479 - DEBUG - Joint score for alpha[6]: 16.2288
2025-08-09 00:05:59,971 - DEBUG - Joint score for alpha[7]: 15.7351
2025-08-09 00:06:03,463 - DEBUG - Joint score for alpha[8]: 16.1655
2025-08-09 00:06:06,954 - DEBUG - Joint score for alpha[9]: 15.8663
2025-08-09 00:06:10,445 - DEBUG - Joint score for alpha[10]: 15.6724
2025-08-09 00:06:13,936 - DEBUG - Joint score for alpha[11]: 15.8502
2025-08-09 00:06:17,427 - DEBUG - Joint score for alpha[12]: 15.8526
2025-08-09 00:06:20,916 - DEBUG - Joint score for alpha[13]: 15.9610
2025-08-09 00:06:24,408 - DEBUG - Joint score for alpha[14]: 15.8475
2025-08-09 00:06:27,897 - DEBUG - Joint score for alpha[15]: 15.7325
2025-08-09 00:06:31,468 - DEBUG - Joint score for alpha[0]: 15.8863
2025-08-09 00:06:34,961 - DEBUG - Joint score for alpha[1]: 15.7689
2025-08-09 00:06:38,450 - DEBUG - Joint score for alpha[2]: 16.0537
2025-08-09 00:06:41,940 - DEBUG - Joint score for alpha[3]: 15.7593
2025-08-09 00:06:45,432 - DEBUG - Joint score for alpha[4]: 15.7909
2025-08-09 00:06:48,922 - DEBUG - Joint score for alpha[5]: 15.7939
2025-08-09 00:06:52,413 - DEBUG - Joint score for alpha[6]: 15.7954
2025-08-09 00:06:55,904 - DEBUG - Joint score for alpha[7]: 15.8185
2025-08-09 00:06:59,395 - DEBUG - Joint score for alpha[8]: 15.9319
2025-08-09 00:07:02,886 - DEBUG - Joint score for alpha[9]: 15.7939
2025-08-09 00:07:06,375 - DEBUG - Joint score for alpha[10]: 15.9840
2025-08-09 00:07:09,867 - DEBUG - Joint score for alpha[11]: 15.7680
2025-08-09 00:07:13,359 - DEBUG - Joint score for alpha[12]: 15.8504
2025-08-09 00:07:16,852 - DEBUG - Joint score for alpha[13]: 15.8619
2025-08-09 00:07:20,344 - DEBUG - Joint score for alpha[14]: 15.7492
2025-08-09 00:07:23,837 - DEBUG - Joint score for alpha[15]: 16.1824
2025-08-09 00:07:27,350 - DEBUG - Joint score for alpha[0]: 15.6434
2025-08-09 00:07:30,846 - DEBUG - Joint score for alpha[1]: 15.8841
2025-08-09 00:07:34,338 - DEBUG - Joint score for alpha[2]: 15.8962
2025-08-09 00:07:37,828 - DEBUG - Joint score for alpha[3]: 15.9274
2025-08-09 00:07:41,320 - DEBUG - Joint score for alpha[4]: 15.8323
2025-08-09 00:07:44,811 - DEBUG - Joint score for alpha[5]: 15.7768
2025-08-09 00:07:48,303 - DEBUG - Joint score for alpha[6]: 15.6409
2025-08-09 00:07:51,794 - DEBUG - Joint score for alpha[7]: 15.8004
2025-08-09 00:07:55,285 - DEBUG - Joint score for alpha[8]: 15.8686
2025-08-09 00:07:58,777 - DEBUG - Joint score for alpha[9]: 15.5271
2025-08-09 00:08:02,269 - DEBUG - Joint score for alpha[10]: 16.1313
2025-08-09 00:08:05,762 - DEBUG - Joint score for alpha[11]: 15.9592
2025-08-09 00:08:09,255 - DEBUG - Joint score for alpha[12]: 15.9421
2025-08-09 00:08:12,749 - DEBUG - Joint score for alpha[13]: 15.7046
2025-08-09 00:08:16,241 - DEBUG - Joint score for alpha[14]: 15.6336
2025-08-09 00:08:19,734 - DEBUG - Joint score for alpha[15]: 15.8133
2025-08-09 00:08:19,774 - INFO - Step 24/120: mean ENERGY=15.6693
2025-08-09 00:08:19,776 - DEBUG - Beginning Gibbs iteration s = 24
2025-08-09 00:08:24,629 - DEBUG - Joint score for alpha[0]: 15.7653
2025-08-09 00:08:28,124 - DEBUG - Joint score for alpha[1]: 15.5906
2025-08-09 00:08:31,616 - DEBUG - Joint score for alpha[2]: 15.9494
2025-08-09 00:08:35,109 - DEBUG - Joint score for alpha[3]: 15.9976
2025-08-09 00:08:38,602 - DEBUG - Joint score for alpha[4]: 15.9366
2025-08-09 00:08:42,092 - DEBUG - Joint score for alpha[5]: 15.8869
2025-08-09 00:08:45,585 - DEBUG - Joint score for alpha[6]: 15.7720
2025-08-09 00:08:49,076 - DEBUG - Joint score for alpha[7]: 15.8830
2025-08-09 00:08:52,566 - DEBUG - Joint score for alpha[8]: 15.7881
2025-08-09 00:08:56,056 - DEBUG - Joint score for alpha[9]: 15.8485
2025-08-09 00:08:59,550 - DEBUG - Joint score for alpha[10]: 15.8176
2025-08-09 00:09:03,044 - DEBUG - Joint score for alpha[11]: 15.7650
2025-08-09 00:09:06,534 - DEBUG - Joint score for alpha[12]: 16.0410
2025-08-09 00:09:10,026 - DEBUG - Joint score for alpha[13]: 15.8741
2025-08-09 00:09:13,519 - DEBUG - Joint score for alpha[14]: 16.0224
2025-08-09 00:09:17,012 - DEBUG - Joint score for alpha[15]: 15.7946
2025-08-09 00:09:20,527 - DEBUG - Joint score for alpha[0]: 15.8622
2025-08-09 00:09:24,023 - DEBUG - Joint score for alpha[1]: 15.7417
2025-08-09 00:09:27,516 - DEBUG - Joint score for alpha[2]: 15.5722
2025-08-09 00:09:31,007 - DEBUG - Joint score for alpha[3]: 15.7295
2025-08-09 00:09:34,501 - DEBUG - Joint score for alpha[4]: 15.9206
2025-08-09 00:09:37,993 - DEBUG - Joint score for alpha[5]: 15.7544
2025-08-09 00:09:41,485 - DEBUG - Joint score for alpha[6]: 15.6810
2025-08-09 00:09:44,978 - DEBUG - Joint score for alpha[7]: 15.6278
2025-08-09 00:09:48,470 - DEBUG - Joint score for alpha[8]: 15.8112
2025-08-09 00:09:51,961 - DEBUG - Joint score for alpha[9]: 15.6958
2025-08-09 00:09:55,452 - DEBUG - Joint score for alpha[10]: 15.7416
2025-08-09 00:09:58,944 - DEBUG - Joint score for alpha[11]: 16.1507
2025-08-09 00:10:02,437 - DEBUG - Joint score for alpha[12]: 15.7543
2025-08-09 00:10:05,929 - DEBUG - Joint score for alpha[13]: 15.7009
2025-08-09 00:10:09,423 - DEBUG - Joint score for alpha[14]: 15.7814
2025-08-09 00:10:12,914 - DEBUG - Joint score for alpha[15]: 15.7479
2025-08-09 00:10:16,432 - DEBUG - Joint score for alpha[0]: 15.7708
2025-08-09 00:10:19,925 - DEBUG - Joint score for alpha[1]: 16.1561
2025-08-09 00:10:23,416 - DEBUG - Joint score for alpha[2]: 15.9630
2025-08-09 00:10:26,908 - DEBUG - Joint score for alpha[3]: 15.5491
2025-08-09 00:10:30,401 - DEBUG - Joint score for alpha[4]: 15.7738
2025-08-09 00:10:33,892 - DEBUG - Joint score for alpha[5]: 15.7203
2025-08-09 00:10:37,382 - DEBUG - Joint score for alpha[6]: 15.9580
2025-08-09 00:10:40,874 - DEBUG - Joint score for alpha[7]: 15.9107
2025-08-09 00:10:44,366 - DEBUG - Joint score for alpha[8]: 15.6546
2025-08-09 00:10:47,857 - DEBUG - Joint score for alpha[9]: 15.9040
2025-08-09 00:10:51,350 - DEBUG - Joint score for alpha[10]: 15.8387
2025-08-09 00:10:54,842 - DEBUG - Joint score for alpha[11]: 16.0762
2025-08-09 00:10:58,333 - DEBUG - Joint score for alpha[12]: 15.7818
2025-08-09 00:11:01,823 - DEBUG - Joint score for alpha[13]: 15.7169
2025-08-09 00:11:05,315 - DEBUG - Joint score for alpha[14]: 16.1376
2025-08-09 00:11:08,806 - DEBUG - Joint score for alpha[15]: 15.9184
2025-08-09 00:11:12,376 - DEBUG - Joint score for alpha[0]: 15.9989
2025-08-09 00:11:15,871 - DEBUG - Joint score for alpha[1]: 15.6483
2025-08-09 00:11:19,363 - DEBUG - Joint score for alpha[2]: 15.5688
2025-08-09 00:11:22,854 - DEBUG - Joint score for alpha[3]: 16.0318
2025-08-09 00:11:26,348 - DEBUG - Joint score for alpha[4]: 16.0575
2025-08-09 00:11:29,841 - DEBUG - Joint score for alpha[5]: 15.5640
2025-08-09 00:11:33,332 - DEBUG - Joint score for alpha[6]: 15.4682
2025-08-09 00:11:36,824 - DEBUG - Joint score for alpha[7]: 15.8578
2025-08-09 00:11:40,317 - DEBUG - Joint score for alpha[8]: 15.7519
2025-08-09 00:11:43,809 - DEBUG - Joint score for alpha[9]: 15.9295
2025-08-09 00:11:47,300 - DEBUG - Joint score for alpha[10]: 15.7802
2025-08-09 00:11:50,793 - DEBUG - Joint score for alpha[11]: 15.7802
2025-08-09 00:11:54,286 - DEBUG - Joint score for alpha[12]: 15.9149
2025-08-09 00:11:57,779 - DEBUG - Joint score for alpha[13]: 15.7371
2025-08-09 00:12:01,269 - DEBUG - Joint score for alpha[14]: 15.8623
2025-08-09 00:12:04,761 - DEBUG - Joint score for alpha[15]: 15.9370
2025-08-09 00:12:08,274 - DEBUG - Joint score for alpha[0]: 15.6515
2025-08-09 00:12:11,770 - DEBUG - Joint score for alpha[1]: 15.7048
2025-08-09 00:12:15,263 - DEBUG - Joint score for alpha[2]: 15.7423
2025-08-09 00:12:18,754 - DEBUG - Joint score for alpha[3]: 15.6179
2025-08-09 00:12:22,245 - DEBUG - Joint score for alpha[4]: 15.6944
2025-08-09 00:12:25,737 - DEBUG - Joint score for alpha[5]: 15.9864
2025-08-09 00:12:29,228 - DEBUG - Joint score for alpha[6]: 15.9560
2025-08-09 00:12:32,719 - DEBUG - Joint score for alpha[7]: 16.1261
2025-08-09 00:12:36,210 - DEBUG - Joint score for alpha[8]: 15.7019
2025-08-09 00:12:39,701 - DEBUG - Joint score for alpha[9]: 15.8252
2025-08-09 00:12:43,192 - DEBUG - Joint score for alpha[10]: 15.8064
2025-08-09 00:12:46,683 - DEBUG - Joint score for alpha[11]: 15.8540
2025-08-09 00:12:50,174 - DEBUG - Joint score for alpha[12]: 15.6397
2025-08-09 00:12:53,666 - DEBUG - Joint score for alpha[13]: 15.9582
2025-08-09 00:12:57,158 - DEBUG - Joint score for alpha[14]: 15.8243
2025-08-09 00:13:00,649 - DEBUG - Joint score for alpha[15]: 15.9337
2025-08-09 00:13:00,689 - INFO - Step 25/120: mean ENERGY=15.5596
2025-08-09 00:13:00,691 - DEBUG - Beginning Gibbs iteration s = 25
2025-08-09 00:13:01,660 - DEBUG - Proposal variance adapted: 0.044
2025-08-09 00:13:05,114 - DEBUG - Joint score for alpha[0]: 15.8011
2025-08-09 00:13:08,610 - DEBUG - Joint score for alpha[1]: 15.6378
2025-08-09 00:13:12,102 - DEBUG - Joint score for alpha[2]: 15.8089
2025-08-09 00:13:15,595 - DEBUG - Joint score for alpha[3]: 15.8511
2025-08-09 00:13:19,088 - DEBUG - Joint score for alpha[4]: 15.5625
2025-08-09 00:13:22,579 - DEBUG - Joint score for alpha[5]: 15.6932
2025-08-09 00:13:26,071 - DEBUG - Joint score for alpha[6]: 15.9730
2025-08-09 00:13:29,562 - DEBUG - Joint score for alpha[7]: 15.7095
2025-08-09 00:13:33,053 - DEBUG - Joint score for alpha[8]: 15.6375
2025-08-09 00:13:36,544 - DEBUG - Joint score for alpha[9]: 15.6499
2025-08-09 00:13:40,036 - DEBUG - Joint score for alpha[10]: 15.9633
2025-08-09 00:13:43,529 - DEBUG - Joint score for alpha[11]: 15.8493
2025-08-09 00:13:47,020 - DEBUG - Joint score for alpha[12]: 15.6537
2025-08-09 00:13:50,512 - DEBUG - Joint score for alpha[13]: 15.7319
2025-08-09 00:13:54,004 - DEBUG - Joint score for alpha[14]: 15.9327
2025-08-09 00:13:57,494 - DEBUG - Joint score for alpha[15]: 16.1751
2025-08-09 00:14:01,011 - DEBUG - Joint score for alpha[0]: 15.6568
2025-08-09 00:14:04,507 - DEBUG - Joint score for alpha[1]: 16.1769
2025-08-09 00:14:08,000 - DEBUG - Joint score for alpha[2]: 16.0334
2025-08-09 00:14:11,492 - DEBUG - Joint score for alpha[3]: 15.8733
2025-08-09 00:14:14,986 - DEBUG - Joint score for alpha[4]: 15.9261
2025-08-09 00:14:18,480 - DEBUG - Joint score for alpha[5]: 15.8156
2025-08-09 00:14:21,973 - DEBUG - Joint score for alpha[6]: 15.8093
2025-08-09 00:14:25,468 - DEBUG - Joint score for alpha[7]: 15.7657
2025-08-09 00:14:28,961 - DEBUG - Joint score for alpha[8]: 15.7654
2025-08-09 00:14:32,453 - DEBUG - Joint score for alpha[9]: 15.8780
2025-08-09 00:14:35,945 - DEBUG - Joint score for alpha[10]: 15.7668
2025-08-09 00:14:39,437 - DEBUG - Joint score for alpha[11]: 15.8202
2025-08-09 00:14:42,931 - DEBUG - Joint score for alpha[12]: 15.7565
2025-08-09 00:14:46,422 - DEBUG - Joint score for alpha[13]: 16.0134
2025-08-09 00:14:49,917 - DEBUG - Joint score for alpha[14]: 15.7819
2025-08-09 00:14:53,410 - DEBUG - Joint score for alpha[15]: 15.7047
2025-08-09 00:14:56,928 - DEBUG - Joint score for alpha[0]: 15.9291
2025-08-09 00:15:00,422 - DEBUG - Joint score for alpha[1]: 15.9233
2025-08-09 00:15:03,914 - DEBUG - Joint score for alpha[2]: 15.8756
2025-08-09 00:15:07,408 - DEBUG - Joint score for alpha[3]: 15.8147
2025-08-09 00:15:10,901 - DEBUG - Joint score for alpha[4]: 15.7634
2025-08-09 00:15:14,394 - DEBUG - Joint score for alpha[5]: 15.6623
2025-08-09 00:15:17,886 - DEBUG - Joint score for alpha[6]: 15.9182
2025-08-09 00:15:21,379 - DEBUG - Joint score for alpha[7]: 15.6747
2025-08-09 00:15:24,872 - DEBUG - Joint score for alpha[8]: 15.8813
2025-08-09 00:15:28,364 - DEBUG - Joint score for alpha[9]: 15.7099
2025-08-09 00:15:31,857 - DEBUG - Joint score for alpha[10]: 15.5667
2025-08-09 00:15:35,349 - DEBUG - Joint score for alpha[11]: 15.6098
2025-08-09 00:15:38,841 - DEBUG - Joint score for alpha[12]: 16.1941
2025-08-09 00:15:42,333 - DEBUG - Joint score for alpha[13]: 15.6783
2025-08-09 00:15:45,826 - DEBUG - Joint score for alpha[14]: 15.9235
2025-08-09 00:15:49,319 - DEBUG - Joint score for alpha[15]: 15.8233
2025-08-09 00:15:52,890 - DEBUG - Joint score for alpha[0]: 16.1479
2025-08-09 00:15:56,385 - DEBUG - Joint score for alpha[1]: 15.9144
2025-08-09 00:15:59,876 - DEBUG - Joint score for alpha[2]: 15.7431
2025-08-09 00:16:03,366 - DEBUG - Joint score for alpha[3]: 15.7297
2025-08-09 00:16:06,858 - DEBUG - Joint score for alpha[4]: 16.0051
2025-08-09 00:16:10,350 - DEBUG - Joint score for alpha[5]: 15.7568
2025-08-09 00:16:13,841 - DEBUG - Joint score for alpha[6]: 15.9691
2025-08-09 00:16:17,334 - DEBUG - Joint score for alpha[7]: 15.9658
2025-08-09 00:16:20,825 - DEBUG - Joint score for alpha[8]: 15.8015
2025-08-09 00:16:24,317 - DEBUG - Joint score for alpha[9]: 15.8987
2025-08-09 00:16:27,808 - DEBUG - Joint score for alpha[10]: 16.0289
2025-08-09 00:16:31,304 - DEBUG - Joint score for alpha[11]: 15.7479
2025-08-09 00:16:34,796 - DEBUG - Joint score for alpha[12]: 15.7464
2025-08-09 00:16:38,289 - DEBUG - Joint score for alpha[13]: 15.6992
2025-08-09 00:16:41,781 - DEBUG - Joint score for alpha[14]: 15.9190
2025-08-09 00:16:45,274 - DEBUG - Joint score for alpha[15]: 15.6844
2025-08-09 00:16:48,788 - DEBUG - Joint score for alpha[0]: 15.6639
2025-08-09 00:16:52,284 - DEBUG - Joint score for alpha[1]: 15.9998
2025-08-09 00:16:55,777 - DEBUG - Joint score for alpha[2]: 15.8106
2025-08-09 00:16:59,269 - DEBUG - Joint score for alpha[3]: 15.7176
2025-08-09 00:17:02,761 - DEBUG - Joint score for alpha[4]: 15.6866
2025-08-09 00:17:06,253 - DEBUG - Joint score for alpha[5]: 15.9064
2025-08-09 00:17:09,745 - DEBUG - Joint score for alpha[6]: 15.7275
2025-08-09 00:17:13,237 - DEBUG - Joint score for alpha[7]: 15.9897
2025-08-09 00:17:16,730 - DEBUG - Joint score for alpha[8]: 15.7828
2025-08-09 00:17:20,223 - DEBUG - Joint score for alpha[9]: 15.7471
2025-08-09 00:17:23,715 - DEBUG - Joint score for alpha[10]: 15.6696
2025-08-09 00:17:27,207 - DEBUG - Joint score for alpha[11]: 15.7473
2025-08-09 00:17:30,700 - DEBUG - Joint score for alpha[12]: 15.7425
2025-08-09 00:17:34,193 - DEBUG - Joint score for alpha[13]: 15.6118
2025-08-09 00:17:37,685 - DEBUG - Joint score for alpha[14]: 15.7209
2025-08-09 00:17:41,178 - DEBUG - Joint score for alpha[15]: 15.8514
2025-08-09 00:17:41,218 - INFO - Step 26/120: mean ENERGY=15.6164
2025-08-09 00:17:41,220 - DEBUG - Beginning Gibbs iteration s = 26
2025-08-09 00:17:45,446 - DEBUG - Joint score for alpha[0]: 15.6026
2025-08-09 00:17:48,942 - DEBUG - Joint score for alpha[1]: 15.6589
2025-08-09 00:17:52,436 - DEBUG - Joint score for alpha[2]: 15.7722
2025-08-09 00:17:55,929 - DEBUG - Joint score for alpha[3]: 15.9269
2025-08-09 00:17:59,424 - DEBUG - Joint score for alpha[4]: 15.7519
2025-08-09 00:18:02,918 - DEBUG - Joint score for alpha[5]: 15.8722
2025-08-09 00:18:06,411 - DEBUG - Joint score for alpha[6]: 15.7101
2025-08-09 00:18:09,903 - DEBUG - Joint score for alpha[7]: 15.8750
2025-08-09 00:18:13,395 - DEBUG - Joint score for alpha[8]: 15.5891
2025-08-09 00:18:16,887 - DEBUG - Joint score for alpha[9]: 15.8732
2025-08-09 00:18:20,381 - DEBUG - Joint score for alpha[10]: 15.7123
2025-08-09 00:18:23,875 - DEBUG - Joint score for alpha[11]: 15.8190
2025-08-09 00:18:27,369 - DEBUG - Joint score for alpha[12]: 15.7704
2025-08-09 00:18:30,863 - DEBUG - Joint score for alpha[13]: 15.8759
2025-08-09 00:18:34,356 - DEBUG - Joint score for alpha[14]: 15.6955
2025-08-09 00:18:37,849 - DEBUG - Joint score for alpha[15]: 15.6573
2025-08-09 00:18:41,366 - DEBUG - Joint score for alpha[0]: 15.6939
2025-08-09 00:18:44,862 - DEBUG - Joint score for alpha[1]: 15.9301
2025-08-09 00:18:49,682 - DEBUG - Joint score for alpha[2]: 15.6897
2025-08-09 00:18:53,176 - DEBUG - Joint score for alpha[3]: 15.9703
2025-08-09 00:18:56,669 - DEBUG - Joint score for alpha[4]: 15.9653
2025-08-09 00:19:00,163 - DEBUG - Joint score for alpha[5]: 15.6904
2025-08-09 00:19:03,656 - DEBUG - Joint score for alpha[6]: 15.7925
2025-08-09 00:19:07,147 - DEBUG - Joint score for alpha[7]: 15.8632
2025-08-09 00:19:10,640 - DEBUG - Joint score for alpha[8]: 15.6964
2025-08-09 00:19:14,133 - DEBUG - Joint score for alpha[9]: 15.6957
2025-08-09 00:19:17,627 - DEBUG - Joint score for alpha[10]: 15.5862
2025-08-09 00:19:21,118 - DEBUG - Joint score for alpha[11]: 15.9441
2025-08-09 00:19:24,609 - DEBUG - Joint score for alpha[12]: 15.8041
2025-08-09 00:19:28,102 - DEBUG - Joint score for alpha[13]: 15.8080
2025-08-09 00:19:31,594 - DEBUG - Joint score for alpha[14]: 15.9168
2025-08-09 00:19:35,087 - DEBUG - Joint score for alpha[15]: 15.8123
2025-08-09 00:19:38,605 - DEBUG - Joint score for alpha[0]: 15.7037
2025-08-09 00:19:42,099 - DEBUG - Joint score for alpha[1]: 15.9377
2025-08-09 00:19:45,593 - DEBUG - Joint score for alpha[2]: 15.7760
2025-08-09 00:19:49,086 - DEBUG - Joint score for alpha[3]: 15.7644
2025-08-09 00:19:52,577 - DEBUG - Joint score for alpha[4]: 16.0887
2025-08-09 00:19:56,070 - DEBUG - Joint score for alpha[5]: 15.9295
2025-08-09 00:19:59,563 - DEBUG - Joint score for alpha[6]: 15.7724
2025-08-09 00:20:03,056 - DEBUG - Joint score for alpha[7]: 15.8161
2025-08-09 00:20:06,548 - DEBUG - Joint score for alpha[8]: 15.8227
2025-08-09 00:20:10,040 - DEBUG - Joint score for alpha[9]: 15.7667
2025-08-09 00:20:13,532 - DEBUG - Joint score for alpha[10]: 15.9557
2025-08-09 00:20:17,026 - DEBUG - Joint score for alpha[11]: 15.8667
2025-08-09 00:20:20,519 - DEBUG - Joint score for alpha[12]: 16.0223
2025-08-09 00:20:24,012 - DEBUG - Joint score for alpha[13]: 15.8224
2025-08-09 00:20:27,504 - DEBUG - Joint score for alpha[14]: 15.8728
2025-08-09 00:20:30,997 - DEBUG - Joint score for alpha[15]: 15.6494
2025-08-09 00:20:34,513 - DEBUG - Joint score for alpha[0]: 15.8395
2025-08-09 00:20:38,008 - DEBUG - Joint score for alpha[1]: 15.8138
2025-08-09 00:20:41,503 - DEBUG - Joint score for alpha[2]: 15.8136
2025-08-09 00:20:44,995 - DEBUG - Joint score for alpha[3]: 15.7639
2025-08-09 00:20:48,489 - DEBUG - Joint score for alpha[4]: 15.8230
2025-08-09 00:20:51,981 - DEBUG - Joint score for alpha[5]: 15.6606
2025-08-09 00:20:55,474 - DEBUG - Joint score for alpha[6]: 16.1351
2025-08-09 00:20:58,966 - DEBUG - Joint score for alpha[7]: 15.8326
2025-08-09 00:21:02,460 - DEBUG - Joint score for alpha[8]: 15.7651
2025-08-09 00:21:05,952 - DEBUG - Joint score for alpha[9]: 15.8198
2025-08-09 00:21:09,446 - DEBUG - Joint score for alpha[10]: 15.8700
2025-08-09 00:21:12,940 - DEBUG - Joint score for alpha[11]: 15.8196
2025-08-09 00:21:16,433 - DEBUG - Joint score for alpha[12]: 16.0089
2025-08-09 00:21:19,926 - DEBUG - Joint score for alpha[13]: 15.9331
2025-08-09 00:21:23,419 - DEBUG - Joint score for alpha[14]: 15.7180
2025-08-09 00:21:26,912 - DEBUG - Joint score for alpha[15]: 15.8930
2025-08-09 00:21:30,429 - DEBUG - Joint score for alpha[0]: 15.7858
2025-08-09 00:21:33,925 - DEBUG - Joint score for alpha[1]: 15.8746
2025-08-09 00:21:37,417 - DEBUG - Joint score for alpha[2]: 15.7629
2025-08-09 00:21:40,910 - DEBUG - Joint score for alpha[3]: 16.0189
2025-08-09 00:21:44,406 - DEBUG - Joint score for alpha[4]: 15.8216
2025-08-09 00:21:47,898 - DEBUG - Joint score for alpha[5]: 15.8448
2025-08-09 00:21:51,392 - DEBUG - Joint score for alpha[6]: 15.6811
2025-08-09 00:21:54,884 - DEBUG - Joint score for alpha[7]: 15.8897
2025-08-09 00:21:58,377 - DEBUG - Joint score for alpha[8]: 15.8040
2025-08-09 00:22:01,868 - DEBUG - Joint score for alpha[9]: 15.8161
2025-08-09 00:22:05,365 - DEBUG - Joint score for alpha[10]: 16.0498
2025-08-09 00:22:08,858 - DEBUG - Joint score for alpha[11]: 15.6171
2025-08-09 00:22:12,351 - DEBUG - Joint score for alpha[12]: 15.8502
2025-08-09 00:22:15,843 - DEBUG - Joint score for alpha[13]: 15.6978
2025-08-09 00:22:19,336 - DEBUG - Joint score for alpha[14]: 15.6022
2025-08-09 00:22:22,829 - DEBUG - Joint score for alpha[15]: 15.8131
2025-08-09 00:22:22,869 - INFO - Step 27/120: mean ENERGY=15.6175
2025-08-09 00:22:22,873 - DEBUG - Beginning Gibbs iteration s = 27
2025-08-09 00:22:34,409 - DEBUG - Joint score for alpha[0]: 15.6105
2025-08-09 00:22:37,901 - DEBUG - Joint score for alpha[1]: 15.7627
2025-08-09 00:22:41,391 - DEBUG - Joint score for alpha[2]: 15.6241
2025-08-09 00:22:44,881 - DEBUG - Joint score for alpha[3]: 15.7152
2025-08-09 00:22:48,372 - DEBUG - Joint score for alpha[4]: 15.6287
2025-08-09 00:22:51,861 - DEBUG - Joint score for alpha[5]: 15.7325
2025-08-09 00:22:55,351 - DEBUG - Joint score for alpha[6]: 15.7829
2025-08-09 00:22:58,841 - DEBUG - Joint score for alpha[7]: 15.8323
2025-08-09 00:23:02,329 - DEBUG - Joint score for alpha[8]: 15.6220
2025-08-09 00:23:05,818 - DEBUG - Joint score for alpha[9]: 15.5053
2025-08-09 00:23:09,311 - DEBUG - Joint score for alpha[10]: 15.8371
2025-08-09 00:23:12,801 - DEBUG - Joint score for alpha[11]: 15.8203
2025-08-09 00:23:16,290 - DEBUG - Joint score for alpha[12]: 15.6950
2025-08-09 00:23:19,780 - DEBUG - Joint score for alpha[13]: 15.7817
2025-08-09 00:23:23,271 - DEBUG - Joint score for alpha[14]: 15.6815
2025-08-09 00:23:26,761 - DEBUG - Joint score for alpha[15]: 15.8327
2025-08-09 00:23:30,276 - DEBUG - Joint score for alpha[0]: 15.6846
2025-08-09 00:23:33,771 - DEBUG - Joint score for alpha[1]: 15.9561
2025-08-09 00:23:37,263 - DEBUG - Joint score for alpha[2]: 15.5895
2025-08-09 00:23:40,754 - DEBUG - Joint score for alpha[3]: 15.8616
2025-08-09 00:23:44,247 - DEBUG - Joint score for alpha[4]: 15.8019
2025-08-09 00:23:47,739 - DEBUG - Joint score for alpha[5]: 15.7968
2025-08-09 00:23:51,230 - DEBUG - Joint score for alpha[6]: 15.9472
2025-08-09 00:23:54,724 - DEBUG - Joint score for alpha[7]: 16.0121
2025-08-09 00:23:58,214 - DEBUG - Joint score for alpha[8]: 15.8008
2025-08-09 00:24:01,706 - DEBUG - Joint score for alpha[9]: 15.6937
2025-08-09 00:24:05,198 - DEBUG - Joint score for alpha[10]: 15.5751
2025-08-09 00:24:08,689 - DEBUG - Joint score for alpha[11]: 15.6741
2025-08-09 00:24:12,183 - DEBUG - Joint score for alpha[12]: 15.7976
2025-08-09 00:24:15,673 - DEBUG - Joint score for alpha[13]: 16.0039
2025-08-09 00:24:19,167 - DEBUG - Joint score for alpha[14]: 15.6759
2025-08-09 00:24:22,659 - DEBUG - Joint score for alpha[15]: 15.6842
2025-08-09 00:24:26,175 - DEBUG - Joint score for alpha[0]: 15.5396
2025-08-09 00:24:29,668 - DEBUG - Joint score for alpha[1]: 15.8760
2025-08-09 00:24:33,159 - DEBUG - Joint score for alpha[2]: 15.8848
2025-08-09 00:24:36,651 - DEBUG - Joint score for alpha[3]: 15.6059
2025-08-09 00:24:40,143 - DEBUG - Joint score for alpha[4]: 15.7252
2025-08-09 00:24:43,634 - DEBUG - Joint score for alpha[5]: 15.7788
2025-08-09 00:24:47,125 - DEBUG - Joint score for alpha[6]: 15.8412
2025-08-09 00:24:50,617 - DEBUG - Joint score for alpha[7]: 15.6550
2025-08-09 00:24:54,109 - DEBUG - Joint score for alpha[8]: 15.7708
2025-08-09 00:24:57,600 - DEBUG - Joint score for alpha[9]: 15.6191
2025-08-09 00:25:01,090 - DEBUG - Joint score for alpha[10]: 15.6837
2025-08-09 00:25:04,583 - DEBUG - Joint score for alpha[11]: 15.7316
2025-08-09 00:25:08,073 - DEBUG - Joint score for alpha[12]: 15.8195
2025-08-09 00:25:11,563 - DEBUG - Joint score for alpha[13]: 15.9380
2025-08-09 00:25:15,055 - DEBUG - Joint score for alpha[14]: 15.8468
2025-08-09 00:25:18,545 - DEBUG - Joint score for alpha[15]: 15.7204
2025-08-09 00:25:22,116 - DEBUG - Joint score for alpha[0]: 15.6775
2025-08-09 00:25:25,608 - DEBUG - Joint score for alpha[1]: 16.0369
2025-08-09 00:25:29,099 - DEBUG - Joint score for alpha[2]: 15.8977
2025-08-09 00:25:32,590 - DEBUG - Joint score for alpha[3]: 15.5118
2025-08-09 00:25:36,083 - DEBUG - Joint score for alpha[4]: 15.6331
2025-08-09 00:25:39,574 - DEBUG - Joint score for alpha[5]: 15.7382
2025-08-09 00:25:43,066 - DEBUG - Joint score for alpha[6]: 15.7865
2025-08-09 00:25:46,558 - DEBUG - Joint score for alpha[7]: 15.8329
2025-08-09 00:25:50,050 - DEBUG - Joint score for alpha[8]: 15.6284
2025-08-09 00:25:53,541 - DEBUG - Joint score for alpha[9]: 15.9415
2025-08-09 00:25:57,032 - DEBUG - Joint score for alpha[10]: 15.7102
2025-08-09 00:26:00,527 - DEBUG - Joint score for alpha[11]: 15.5148
2025-08-09 00:26:04,021 - DEBUG - Joint score for alpha[12]: 15.6268
2025-08-09 00:26:07,515 - DEBUG - Joint score for alpha[13]: 15.7421
2025-08-09 00:26:11,008 - DEBUG - Joint score for alpha[14]: 15.8304
2025-08-09 00:26:14,502 - DEBUG - Joint score for alpha[15]: 15.6264
2025-08-09 00:26:18,017 - DEBUG - Joint score for alpha[0]: 15.6947
2025-08-09 00:26:21,514 - DEBUG - Joint score for alpha[1]: 15.7254
2025-08-09 00:26:25,008 - DEBUG - Joint score for alpha[2]: 15.5963
2025-08-09 00:26:28,499 - DEBUG - Joint score for alpha[3]: 15.7075
2025-08-09 00:26:31,992 - DEBUG - Joint score for alpha[4]: 15.5746
2025-08-09 00:26:35,486 - DEBUG - Joint score for alpha[5]: 15.9059
2025-08-09 00:26:38,978 - DEBUG - Joint score for alpha[6]: 15.7959
2025-08-09 00:26:42,471 - DEBUG - Joint score for alpha[7]: 15.6286
2025-08-09 00:26:45,963 - DEBUG - Joint score for alpha[8]: 15.6906
2025-08-09 00:26:49,456 - DEBUG - Joint score for alpha[9]: 15.7371
2025-08-09 00:26:52,947 - DEBUG - Joint score for alpha[10]: 15.7436
2025-08-09 00:26:56,439 - DEBUG - Joint score for alpha[11]: 15.6232
2025-08-09 00:26:59,931 - DEBUG - Joint score for alpha[12]: 15.7899
2025-08-09 00:27:03,424 - DEBUG - Joint score for alpha[13]: 15.8343
2025-08-09 00:27:06,915 - DEBUG - Joint score for alpha[14]: 15.7789
2025-08-09 00:27:10,407 - DEBUG - Joint score for alpha[15]: 15.5775
2025-08-09 00:27:10,447 - INFO - Step 28/120: mean ENERGY=15.5413
2025-08-09 00:27:10,451 - DEBUG - Beginning Gibbs iteration s = 28
2025-08-09 00:27:15,974 - DEBUG - Joint score for alpha[0]: 15.5346
2025-08-09 00:27:19,468 - DEBUG - Joint score for alpha[1]: 15.5651
2025-08-09 00:27:22,961 - DEBUG - Joint score for alpha[2]: 16.0832
2025-08-09 00:27:26,453 - DEBUG - Joint score for alpha[3]: 15.8820
2025-08-09 00:27:29,945 - DEBUG - Joint score for alpha[4]: 15.8860
2025-08-09 00:27:33,437 - DEBUG - Joint score for alpha[5]: 15.8354
2025-08-09 00:27:36,928 - DEBUG - Joint score for alpha[6]: 15.9760
2025-08-09 00:27:40,420 - DEBUG - Joint score for alpha[7]: 15.8657
2025-08-09 00:27:43,911 - DEBUG - Joint score for alpha[8]: 15.8272
2025-08-09 00:27:47,402 - DEBUG - Joint score for alpha[9]: 15.8290
2025-08-09 00:27:50,896 - DEBUG - Joint score for alpha[10]: 15.7623
2025-08-09 00:27:54,389 - DEBUG - Joint score for alpha[11]: 15.8335
2025-08-09 00:27:57,880 - DEBUG - Joint score for alpha[12]: 15.6617
2025-08-09 00:28:01,373 - DEBUG - Joint score for alpha[13]: 15.6108
2025-08-09 00:28:04,865 - DEBUG - Joint score for alpha[14]: 16.1966
2025-08-09 00:28:08,357 - DEBUG - Joint score for alpha[15]: 15.7944
2025-08-09 00:28:11,873 - DEBUG - Joint score for alpha[0]: 15.8620
2025-08-09 00:28:15,369 - DEBUG - Joint score for alpha[1]: 15.7363
2025-08-09 00:28:18,863 - DEBUG - Joint score for alpha[2]: 15.8954
2025-08-09 00:28:22,357 - DEBUG - Joint score for alpha[3]: 15.8881
2025-08-09 00:28:25,852 - DEBUG - Joint score for alpha[4]: 15.8040
2025-08-09 00:28:29,345 - DEBUG - Joint score for alpha[5]: 15.6902
2025-08-09 00:28:32,840 - DEBUG - Joint score for alpha[6]: 15.6775
2025-08-09 00:28:36,334 - DEBUG - Joint score for alpha[7]: 15.6767
2025-08-09 00:28:39,827 - DEBUG - Joint score for alpha[8]: 15.9201
2025-08-09 00:28:43,320 - DEBUG - Joint score for alpha[9]: 15.8070
2025-08-09 00:28:46,813 - DEBUG - Joint score for alpha[10]: 15.9067
2025-08-09 00:28:50,307 - DEBUG - Joint score for alpha[11]: 15.6300
2025-08-09 00:28:53,802 - DEBUG - Joint score for alpha[12]: 15.6798
2025-08-09 00:28:57,296 - DEBUG - Joint score for alpha[13]: 15.9538
2025-08-09 00:29:00,792 - DEBUG - Joint score for alpha[14]: 15.9804
2025-08-09 00:29:04,286 - DEBUG - Joint score for alpha[15]: 15.6179
2025-08-09 00:29:07,806 - DEBUG - Joint score for alpha[0]: 15.9440
2025-08-09 00:29:11,302 - DEBUG - Joint score for alpha[1]: 15.7166
2025-08-09 00:29:14,795 - DEBUG - Joint score for alpha[2]: 15.6657
2025-08-09 00:29:18,289 - DEBUG - Joint score for alpha[3]: 15.7694
2025-08-09 00:29:21,785 - DEBUG - Joint score for alpha[4]: 15.6148
2025-08-09 00:29:25,278 - DEBUG - Joint score for alpha[5]: 15.7207
2025-08-09 00:29:28,772 - DEBUG - Joint score for alpha[6]: 15.6659
2025-08-09 00:29:32,267 - DEBUG - Joint score for alpha[7]: 15.6606
2025-08-09 00:29:35,762 - DEBUG - Joint score for alpha[8]: 15.9548
2025-08-09 00:29:39,257 - DEBUG - Joint score for alpha[9]: 15.7144
2025-08-09 00:29:42,752 - DEBUG - Joint score for alpha[10]: 15.7793
2025-08-09 00:29:46,247 - DEBUG - Joint score for alpha[11]: 15.7905
2025-08-09 00:29:49,741 - DEBUG - Joint score for alpha[12]: 15.7193
2025-08-09 00:29:53,235 - DEBUG - Joint score for alpha[13]: 15.6657
2025-08-09 00:29:56,729 - DEBUG - Joint score for alpha[14]: 15.6035
2025-08-09 00:30:00,222 - DEBUG - Joint score for alpha[15]: 15.7288
2025-08-09 00:30:03,796 - DEBUG - Joint score for alpha[0]: 15.6010
2025-08-09 00:30:07,292 - DEBUG - Joint score for alpha[1]: 15.7993
2025-08-09 00:30:10,784 - DEBUG - Joint score for alpha[2]: 15.7599
2025-08-09 00:30:14,275 - DEBUG - Joint score for alpha[3]: 15.6517
2025-08-09 00:30:17,771 - DEBUG - Joint score for alpha[4]: 15.7644
2025-08-09 00:30:21,263 - DEBUG - Joint score for alpha[5]: 15.7639
2025-08-09 00:30:24,756 - DEBUG - Joint score for alpha[6]: 15.7164
2025-08-09 00:30:28,249 - DEBUG - Joint score for alpha[7]: 15.5042
2025-08-09 00:30:31,742 - DEBUG - Joint score for alpha[8]: 15.8782
2025-08-09 00:30:35,234 - DEBUG - Joint score for alpha[9]: 15.6792
2025-08-09 00:30:38,727 - DEBUG - Joint score for alpha[10]: 15.9454
2025-08-09 00:30:42,221 - DEBUG - Joint score for alpha[11]: 15.7056
2025-08-09 00:30:45,714 - DEBUG - Joint score for alpha[12]: 15.7879
2025-08-09 00:30:49,209 - DEBUG - Joint score for alpha[13]: 15.6801
2025-08-09 00:30:52,701 - DEBUG - Joint score for alpha[14]: 15.8312
2025-08-09 00:30:56,195 - DEBUG - Joint score for alpha[15]: 15.7669
2025-08-09 00:30:59,710 - DEBUG - Joint score for alpha[0]: 15.8794
2025-08-09 00:31:03,206 - DEBUG - Joint score for alpha[1]: 15.7428
2025-08-09 00:31:06,700 - DEBUG - Joint score for alpha[2]: 15.6896
2025-08-09 00:31:10,192 - DEBUG - Joint score for alpha[3]: 15.6487
2025-08-09 00:31:13,686 - DEBUG - Joint score for alpha[4]: 15.9085
2025-08-09 00:31:17,178 - DEBUG - Joint score for alpha[5]: 15.7694
2025-08-09 00:31:20,669 - DEBUG - Joint score for alpha[6]: 15.7429
2025-08-09 00:31:24,162 - DEBUG - Joint score for alpha[7]: 15.7885
2025-08-09 00:31:27,653 - DEBUG - Joint score for alpha[8]: 15.8570
2025-08-09 00:31:31,145 - DEBUG - Joint score for alpha[9]: 15.8670
2025-08-09 00:31:34,637 - DEBUG - Joint score for alpha[10]: 16.0359
2025-08-09 00:31:38,129 - DEBUG - Joint score for alpha[11]: 15.7967
2025-08-09 00:31:41,621 - DEBUG - Joint score for alpha[12]: 15.9289
2025-08-09 00:31:45,113 - DEBUG - Joint score for alpha[13]: 15.9357
2025-08-09 00:31:48,605 - DEBUG - Joint score for alpha[14]: 15.8509
2025-08-09 00:31:52,097 - DEBUG - Joint score for alpha[15]: 15.6675
2025-08-09 00:31:52,137 - INFO - Step 29/120: mean ENERGY=15.5818
2025-08-09 00:31:52,139 - DEBUG - Beginning Gibbs iteration s = 29
2025-08-09 00:31:56,398 - DEBUG - Joint score for alpha[0]: 15.7052
2025-08-09 00:31:59,891 - DEBUG - Joint score for alpha[1]: 15.9718
2025-08-09 00:32:03,382 - DEBUG - Joint score for alpha[2]: 15.9463
2025-08-09 00:32:06,873 - DEBUG - Joint score for alpha[3]: 15.8939
2025-08-09 00:32:10,365 - DEBUG - Joint score for alpha[4]: 15.8714
2025-08-09 00:32:13,854 - DEBUG - Joint score for alpha[5]: 15.9524
2025-08-09 00:32:17,345 - DEBUG - Joint score for alpha[6]: 15.9630
2025-08-09 00:32:20,835 - DEBUG - Joint score for alpha[7]: 15.9690
2025-08-09 00:32:24,325 - DEBUG - Joint score for alpha[8]: 15.6692
2025-08-09 00:32:27,814 - DEBUG - Joint score for alpha[9]: 15.9577
2025-08-09 00:32:31,306 - DEBUG - Joint score for alpha[10]: 15.7066
2025-08-09 00:32:34,797 - DEBUG - Joint score for alpha[11]: 15.8083
2025-08-09 00:32:38,287 - DEBUG - Joint score for alpha[12]: 15.9566
2025-08-09 00:32:41,778 - DEBUG - Joint score for alpha[13]: 15.8459
2025-08-09 00:32:45,269 - DEBUG - Joint score for alpha[14]: 15.8476
2025-08-09 00:32:48,759 - DEBUG - Joint score for alpha[15]: 15.8939
2025-08-09 00:32:52,273 - DEBUG - Joint score for alpha[0]: 16.0218
2025-08-09 00:32:55,767 - DEBUG - Joint score for alpha[1]: 15.6814
2025-08-09 00:32:59,259 - DEBUG - Joint score for alpha[2]: 15.9101
2025-08-09 00:33:02,750 - DEBUG - Joint score for alpha[3]: 15.7290
2025-08-09 00:33:06,244 - DEBUG - Joint score for alpha[4]: 15.7884
2025-08-09 00:33:09,736 - DEBUG - Joint score for alpha[5]: 15.7874
2025-08-09 00:33:13,228 - DEBUG - Joint score for alpha[6]: 15.7355
2025-08-09 00:33:16,720 - DEBUG - Joint score for alpha[7]: 15.9056
2025-08-09 00:33:20,211 - DEBUG - Joint score for alpha[8]: 15.7854
2025-08-09 00:33:23,701 - DEBUG - Joint score for alpha[9]: 15.8128
2025-08-09 00:33:27,193 - DEBUG - Joint score for alpha[10]: 15.8587
2025-08-09 00:33:30,684 - DEBUG - Joint score for alpha[11]: 15.9032
2025-08-09 00:33:34,175 - DEBUG - Joint score for alpha[12]: 15.6869
2025-08-09 00:33:37,666 - DEBUG - Joint score for alpha[13]: 15.8414
2025-08-09 00:33:41,158 - DEBUG - Joint score for alpha[14]: 15.9986
2025-08-09 00:33:44,649 - DEBUG - Joint score for alpha[15]: 16.0057
2025-08-09 00:33:48,164 - DEBUG - Joint score for alpha[0]: 16.0021
2025-08-09 00:33:51,657 - DEBUG - Joint score for alpha[1]: 15.8379
2025-08-09 00:33:55,147 - DEBUG - Joint score for alpha[2]: 15.6763
2025-08-09 00:33:58,639 - DEBUG - Joint score for alpha[3]: 15.6714
2025-08-09 00:34:02,129 - DEBUG - Joint score for alpha[4]: 15.8354
2025-08-09 00:34:05,620 - DEBUG - Joint score for alpha[5]: 15.8315
2025-08-09 00:34:09,110 - DEBUG - Joint score for alpha[6]: 15.7923
2025-08-09 00:34:12,601 - DEBUG - Joint score for alpha[7]: 15.6781
2025-08-09 00:34:16,093 - DEBUG - Joint score for alpha[8]: 15.7201
2025-08-09 00:34:19,585 - DEBUG - Joint score for alpha[9]: 16.0038
2025-08-09 00:34:23,077 - DEBUG - Joint score for alpha[10]: 15.7838
2025-08-09 00:34:26,568 - DEBUG - Joint score for alpha[11]: 15.8439
2025-08-09 00:34:30,058 - DEBUG - Joint score for alpha[12]: 15.7926
2025-08-09 00:34:33,548 - DEBUG - Joint score for alpha[13]: 15.8967
2025-08-09 00:34:37,040 - DEBUG - Joint score for alpha[14]: 15.8922
2025-08-09 00:34:40,529 - DEBUG - Joint score for alpha[15]: 15.5662
2025-08-09 00:34:44,099 - DEBUG - Joint score for alpha[0]: 15.6394
2025-08-09 00:34:47,592 - DEBUG - Joint score for alpha[1]: 15.7729
2025-08-09 00:34:51,082 - DEBUG - Joint score for alpha[2]: 15.6361
2025-08-09 00:34:54,572 - DEBUG - Joint score for alpha[3]: 15.7933
2025-08-09 00:34:58,064 - DEBUG - Joint score for alpha[4]: 15.6365
2025-08-09 00:35:01,555 - DEBUG - Joint score for alpha[5]: 15.6856
2025-08-09 00:35:05,044 - DEBUG - Joint score for alpha[6]: 15.7406
2025-08-09 00:35:08,536 - DEBUG - Joint score for alpha[7]: 15.8262
2025-08-09 00:35:12,027 - DEBUG - Joint score for alpha[8]: 15.7375
2025-08-09 00:35:15,518 - DEBUG - Joint score for alpha[9]: 15.7425
2025-08-09 00:35:19,008 - DEBUG - Joint score for alpha[10]: 15.5753
2025-08-09 00:35:22,501 - DEBUG - Joint score for alpha[11]: 15.7228
2025-08-09 00:35:25,991 - DEBUG - Joint score for alpha[12]: 15.7422
2025-08-09 00:35:29,484 - DEBUG - Joint score for alpha[13]: 15.5656
2025-08-09 00:35:32,974 - DEBUG - Joint score for alpha[14]: 15.6138
2025-08-09 00:35:36,467 - DEBUG - Joint score for alpha[15]: 15.7994
2025-08-09 00:35:39,979 - DEBUG - Joint score for alpha[0]: 15.7009
2025-08-09 00:35:43,474 - DEBUG - Joint score for alpha[1]: 16.1339
2025-08-09 00:35:46,966 - DEBUG - Joint score for alpha[2]: 15.7119
2025-08-09 00:35:50,456 - DEBUG - Joint score for alpha[3]: 15.8923
2025-08-09 00:35:53,948 - DEBUG - Joint score for alpha[4]: 16.0094
2025-08-09 00:35:57,438 - DEBUG - Joint score for alpha[5]: 15.7845
2025-08-09 00:36:00,928 - DEBUG - Joint score for alpha[6]: 15.8457
2025-08-09 00:36:04,418 - DEBUG - Joint score for alpha[7]: 15.9557
2025-08-09 00:36:07,907 - DEBUG - Joint score for alpha[8]: 15.7880
2025-08-09 00:36:11,399 - DEBUG - Joint score for alpha[9]: 15.7205
2025-08-09 00:36:14,890 - DEBUG - Joint score for alpha[10]: 15.7193
2025-08-09 00:36:18,381 - DEBUG - Joint score for alpha[11]: 15.8193
2025-08-09 00:36:21,872 - DEBUG - Joint score for alpha[12]: 15.5571
2025-08-09 00:36:25,363 - DEBUG - Joint score for alpha[13]: 15.9994
2025-08-09 00:36:28,853 - DEBUG - Joint score for alpha[14]: 15.8873
2025-08-09 00:36:32,343 - DEBUG - Joint score for alpha[15]: 16.0097
2025-08-09 00:36:32,383 - INFO - Step 30/120: mean ENERGY=15.6079
2025-08-09 00:36:32,384 - DEBUG - Beginning Gibbs iteration s = 30
2025-08-09 00:36:33,458 - DEBUG - Proposal variance adapted: 0.038
2025-08-09 00:36:36,911 - DEBUG - Joint score for alpha[0]: 15.8189
2025-08-09 00:36:40,404 - DEBUG - Joint score for alpha[1]: 15.7429
2025-08-09 00:36:43,895 - DEBUG - Joint score for alpha[2]: 15.7223
2025-08-09 00:36:47,385 - DEBUG - Joint score for alpha[3]: 15.6110
2025-08-09 00:36:50,877 - DEBUG - Joint score for alpha[4]: 15.8030
2025-08-09 00:36:54,368 - DEBUG - Joint score for alpha[5]: 15.8484
2025-08-09 00:36:57,860 - DEBUG - Joint score for alpha[6]: 15.8991
2025-08-09 00:37:01,350 - DEBUG - Joint score for alpha[7]: 15.9299
2025-08-09 00:37:04,841 - DEBUG - Joint score for alpha[8]: 15.9852
2025-08-09 00:37:08,331 - DEBUG - Joint score for alpha[9]: 15.6682
2025-08-09 00:37:11,822 - DEBUG - Joint score for alpha[10]: 15.9083
2025-08-09 00:37:15,315 - DEBUG - Joint score for alpha[11]: 15.6920
2025-08-09 00:37:18,805 - DEBUG - Joint score for alpha[12]: 15.9241
2025-08-09 00:37:22,296 - DEBUG - Joint score for alpha[13]: 15.8316
2025-08-09 00:37:25,788 - DEBUG - Joint score for alpha[14]: 15.9243
2025-08-09 00:37:29,279 - DEBUG - Joint score for alpha[15]: 15.8111
2025-08-09 00:37:32,794 - DEBUG - Joint score for alpha[0]: 15.7552
2025-08-09 00:37:36,289 - DEBUG - Joint score for alpha[1]: 15.8436
2025-08-09 00:37:39,779 - DEBUG - Joint score for alpha[2]: 15.8455
2025-08-09 00:37:43,270 - DEBUG - Joint score for alpha[3]: 15.7482
2025-08-09 00:37:46,763 - DEBUG - Joint score for alpha[4]: 15.7634
2025-08-09 00:37:50,255 - DEBUG - Joint score for alpha[5]: 15.8983
2025-08-09 00:37:53,748 - DEBUG - Joint score for alpha[6]: 15.8523
2025-08-09 00:37:57,240 - DEBUG - Joint score for alpha[7]: 15.6487
2025-08-09 00:38:00,731 - DEBUG - Joint score for alpha[8]: 15.7513
2025-08-09 00:38:04,222 - DEBUG - Joint score for alpha[9]: 15.8084
2025-08-09 00:38:07,713 - DEBUG - Joint score for alpha[10]: 15.7410
2025-08-09 00:38:11,204 - DEBUG - Joint score for alpha[11]: 15.7042
2025-08-09 00:38:14,697 - DEBUG - Joint score for alpha[12]: 15.6673
2025-08-09 00:38:18,189 - DEBUG - Joint score for alpha[13]: 16.0508
2025-08-09 00:38:21,681 - DEBUG - Joint score for alpha[14]: 15.8529
2025-08-09 00:38:25,172 - DEBUG - Joint score for alpha[15]: 15.6463
2025-08-09 00:38:28,688 - DEBUG - Joint score for alpha[0]: 15.7961
2025-08-09 00:38:32,181 - DEBUG - Joint score for alpha[1]: 15.6923
2025-08-09 00:38:35,671 - DEBUG - Joint score for alpha[2]: 15.9919
2025-08-09 00:38:39,163 - DEBUG - Joint score for alpha[3]: 15.6367
2025-08-09 00:38:42,656 - DEBUG - Joint score for alpha[4]: 15.9083
2025-08-09 00:38:46,147 - DEBUG - Joint score for alpha[5]: 15.8553
2025-08-09 00:38:49,637 - DEBUG - Joint score for alpha[6]: 15.8378
2025-08-09 00:38:53,129 - DEBUG - Joint score for alpha[7]: 15.7466
2025-08-09 00:38:56,621 - DEBUG - Joint score for alpha[8]: 15.9143
2025-08-09 00:39:00,113 - DEBUG - Joint score for alpha[9]: 15.6663
2025-08-09 00:39:03,606 - DEBUG - Joint score for alpha[10]: 15.8519
2025-08-09 00:39:07,097 - DEBUG - Joint score for alpha[11]: 15.8109
2025-08-09 00:39:10,588 - DEBUG - Joint score for alpha[12]: 15.7474
2025-08-09 00:39:14,079 - DEBUG - Joint score for alpha[13]: 15.6365
2025-08-09 00:39:17,571 - DEBUG - Joint score for alpha[14]: 15.8631
2025-08-09 00:39:21,061 - DEBUG - Joint score for alpha[15]: 15.9535
2025-08-09 00:39:24,633 - DEBUG - Joint score for alpha[0]: 15.8553
2025-08-09 00:39:28,127 - DEBUG - Joint score for alpha[1]: 15.8814
2025-08-09 00:39:31,617 - DEBUG - Joint score for alpha[2]: 15.8894
2025-08-09 00:39:35,108 - DEBUG - Joint score for alpha[3]: 15.7747
2025-08-09 00:39:38,601 - DEBUG - Joint score for alpha[4]: 15.7393
2025-08-09 00:39:42,092 - DEBUG - Joint score for alpha[5]: 15.8140
2025-08-09 00:39:45,582 - DEBUG - Joint score for alpha[6]: 15.9811
2025-08-09 00:39:49,074 - DEBUG - Joint score for alpha[7]: 15.6976
2025-08-09 00:39:52,566 - DEBUG - Joint score for alpha[8]: 15.7842
2025-08-09 00:39:56,058 - DEBUG - Joint score for alpha[9]: 15.8595
2025-08-09 00:39:59,549 - DEBUG - Joint score for alpha[10]: 15.8964
2025-08-09 00:40:03,044 - DEBUG - Joint score for alpha[11]: 15.9169
2025-08-09 00:40:06,535 - DEBUG - Joint score for alpha[12]: 15.8123
2025-08-09 00:40:10,031 - DEBUG - Joint score for alpha[13]: 15.6044
2025-08-09 00:40:13,523 - DEBUG - Joint score for alpha[14]: 15.6863
2025-08-09 00:40:17,016 - DEBUG - Joint score for alpha[15]: 15.7004
2025-08-09 00:40:20,531 - DEBUG - Joint score for alpha[0]: 15.8652
2025-08-09 00:40:24,027 - DEBUG - Joint score for alpha[1]: 15.6935
2025-08-09 00:40:27,522 - DEBUG - Joint score for alpha[2]: 15.7312
2025-08-09 00:40:31,014 - DEBUG - Joint score for alpha[3]: 15.8416
2025-08-09 00:40:34,508 - DEBUG - Joint score for alpha[4]: 15.7782
2025-08-09 00:40:38,001 - DEBUG - Joint score for alpha[5]: 15.9055
2025-08-09 00:40:41,493 - DEBUG - Joint score for alpha[6]: 15.9278
2025-08-09 00:40:44,985 - DEBUG - Joint score for alpha[7]: 15.7378
2025-08-09 00:40:48,477 - DEBUG - Joint score for alpha[8]: 15.7455
2025-08-09 00:40:51,970 - DEBUG - Joint score for alpha[9]: 16.0431
2025-08-09 00:40:55,461 - DEBUG - Joint score for alpha[10]: 15.9564
2025-08-09 00:40:58,954 - DEBUG - Joint score for alpha[11]: 15.8391
2025-08-09 00:41:02,446 - DEBUG - Joint score for alpha[12]: 15.6063
2025-08-09 00:41:05,938 - DEBUG - Joint score for alpha[13]: 16.0604
2025-08-09 00:41:09,432 - DEBUG - Joint score for alpha[14]: 15.6705
2025-08-09 00:41:12,924 - DEBUG - Joint score for alpha[15]: 15.6353
2025-08-09 00:41:12,964 - INFO - Step 31/120: mean ENERGY=15.6209
2025-08-09 00:41:12,965 - DEBUG - Beginning Gibbs iteration s = 31
2025-08-09 00:41:17,333 - DEBUG - Joint score for alpha[0]: 15.6381
2025-08-09 00:41:20,828 - DEBUG - Joint score for alpha[1]: 15.7249
2025-08-09 00:41:24,321 - DEBUG - Joint score for alpha[2]: 15.8159
2025-08-09 00:41:27,813 - DEBUG - Joint score for alpha[3]: 15.6814
2025-08-09 00:41:31,305 - DEBUG - Joint score for alpha[4]: 15.6023
2025-08-09 00:41:34,796 - DEBUG - Joint score for alpha[5]: 15.7708
2025-08-09 00:41:38,289 - DEBUG - Joint score for alpha[6]: 15.5486
2025-08-09 00:41:41,780 - DEBUG - Joint score for alpha[7]: 15.6570
2025-08-09 00:41:45,272 - DEBUG - Joint score for alpha[8]: 15.3944
2025-08-09 00:41:48,763 - DEBUG - Joint score for alpha[9]: 15.7062
2025-08-09 00:41:52,258 - DEBUG - Joint score for alpha[10]: 15.5456
2025-08-09 00:41:55,750 - DEBUG - Joint score for alpha[11]: 15.5879
2025-08-09 00:41:59,241 - DEBUG - Joint score for alpha[12]: 15.7992
2025-08-09 00:42:02,734 - DEBUG - Joint score for alpha[13]: 15.7908
2025-08-09 00:42:06,226 - DEBUG - Joint score for alpha[14]: 15.5307
2025-08-09 00:42:09,718 - DEBUG - Joint score for alpha[15]: 15.7745
2025-08-09 00:42:13,233 - DEBUG - Joint score for alpha[0]: 15.6612
2025-08-09 00:42:16,728 - DEBUG - Joint score for alpha[1]: 15.6555
2025-08-09 00:42:20,221 - DEBUG - Joint score for alpha[2]: 15.5547
2025-08-09 00:42:23,713 - DEBUG - Joint score for alpha[3]: 15.6012
2025-08-09 00:42:27,206 - DEBUG - Joint score for alpha[4]: 15.5634
2025-08-09 00:42:30,698 - DEBUG - Joint score for alpha[5]: 15.5110
2025-08-09 00:42:34,191 - DEBUG - Joint score for alpha[6]: 15.6994
2025-08-09 00:42:37,684 - DEBUG - Joint score for alpha[7]: 15.7168
2025-08-09 00:42:41,177 - DEBUG - Joint score for alpha[8]: 15.6926
2025-08-09 00:42:44,669 - DEBUG - Joint score for alpha[9]: 15.5985
2025-08-09 00:42:48,162 - DEBUG - Joint score for alpha[10]: 15.6983
2025-08-09 00:42:51,653 - DEBUG - Joint score for alpha[11]: 15.4603
2025-08-09 00:42:55,146 - DEBUG - Joint score for alpha[12]: 15.8569
2025-08-09 00:42:58,637 - DEBUG - Joint score for alpha[13]: 15.6543
2025-08-09 00:43:02,132 - DEBUG - Joint score for alpha[14]: 15.6061
2025-08-09 00:43:05,624 - DEBUG - Joint score for alpha[15]: 15.8090
2025-08-09 00:43:09,141 - DEBUG - Joint score for alpha[0]: 15.6667
2025-08-09 00:43:12,636 - DEBUG - Joint score for alpha[1]: 15.5150
2025-08-09 00:43:16,127 - DEBUG - Joint score for alpha[2]: 15.7049
2025-08-09 00:43:19,619 - DEBUG - Joint score for alpha[3]: 15.9236
2025-08-09 00:43:23,112 - DEBUG - Joint score for alpha[4]: 15.5056
2025-08-09 00:43:26,604 - DEBUG - Joint score for alpha[5]: 15.7660
2025-08-09 00:43:30,095 - DEBUG - Joint score for alpha[6]: 15.6753
2025-08-09 00:43:33,587 - DEBUG - Joint score for alpha[7]: 15.9281
2025-08-09 00:43:37,079 - DEBUG - Joint score for alpha[8]: 15.9754
2025-08-09 00:43:40,571 - DEBUG - Joint score for alpha[9]: 15.6044
2025-08-09 00:43:44,065 - DEBUG - Joint score for alpha[10]: 15.7690
2025-08-09 00:43:47,557 - DEBUG - Joint score for alpha[11]: 15.6116
2025-08-09 00:43:51,049 - DEBUG - Joint score for alpha[12]: 15.7490
2025-08-09 00:43:54,540 - DEBUG - Joint score for alpha[13]: 15.7104
2025-08-09 00:43:58,033 - DEBUG - Joint score for alpha[14]: 15.8325
2025-08-09 00:44:01,523 - DEBUG - Joint score for alpha[15]: 15.5605
2025-08-09 00:44:05,095 - DEBUG - Joint score for alpha[0]: 15.8191
2025-08-09 00:44:08,589 - DEBUG - Joint score for alpha[1]: 15.6605
2025-08-09 00:44:12,081 - DEBUG - Joint score for alpha[2]: 15.8715
2025-08-09 00:44:15,574 - DEBUG - Joint score for alpha[3]: 15.4179
2025-08-09 00:44:19,067 - DEBUG - Joint score for alpha[4]: 15.7636
2025-08-09 00:44:22,560 - DEBUG - Joint score for alpha[5]: 15.7203
2025-08-09 00:44:26,051 - DEBUG - Joint score for alpha[6]: 15.5962
2025-08-09 00:44:29,545 - DEBUG - Joint score for alpha[7]: 15.5520
2025-08-09 00:44:33,037 - DEBUG - Joint score for alpha[8]: 15.6393
2025-08-09 00:44:36,530 - DEBUG - Joint score for alpha[9]: 15.8692
2025-08-09 00:44:40,021 - DEBUG - Joint score for alpha[10]: 15.7394
2025-08-09 00:44:43,516 - DEBUG - Joint score for alpha[11]: 15.6523
2025-08-09 00:44:47,008 - DEBUG - Joint score for alpha[12]: 15.6550
2025-08-09 00:44:50,502 - DEBUG - Joint score for alpha[13]: 15.6415
2025-08-09 00:44:53,994 - DEBUG - Joint score for alpha[14]: 15.5998
2025-08-09 00:44:57,488 - DEBUG - Joint score for alpha[15]: 15.8098
2025-08-09 00:45:01,002 - DEBUG - Joint score for alpha[0]: 15.6886
2025-08-09 00:45:04,499 - DEBUG - Joint score for alpha[1]: 15.8411
2025-08-09 00:45:07,992 - DEBUG - Joint score for alpha[2]: 15.5203
2025-08-09 00:45:11,483 - DEBUG - Joint score for alpha[3]: 15.6523
2025-08-09 00:45:14,975 - DEBUG - Joint score for alpha[4]: 15.8893
2025-08-09 00:45:18,467 - DEBUG - Joint score for alpha[5]: 15.8262
2025-08-09 00:45:21,959 - DEBUG - Joint score for alpha[6]: 15.7556
2025-08-09 00:45:25,450 - DEBUG - Joint score for alpha[7]: 15.4974
2025-08-09 00:45:28,941 - DEBUG - Joint score for alpha[8]: 15.5240
2025-08-09 00:45:32,433 - DEBUG - Joint score for alpha[9]: 15.7818
2025-08-09 00:45:35,925 - DEBUG - Joint score for alpha[10]: 15.6511
2025-08-09 00:45:39,417 - DEBUG - Joint score for alpha[11]: 15.7194
2025-08-09 00:45:42,909 - DEBUG - Joint score for alpha[12]: 15.6970
2025-08-09 00:45:46,402 - DEBUG - Joint score for alpha[13]: 15.5230
2025-08-09 00:45:49,893 - DEBUG - Joint score for alpha[14]: 15.8046
2025-08-09 00:45:53,384 - DEBUG - Joint score for alpha[15]: 15.5040
2025-08-09 00:45:53,424 - INFO - Step 32/120: mean ENERGY=15.4551
2025-08-09 00:45:53,425 - DEBUG - Beginning Gibbs iteration s = 32
2025-08-09 00:45:57,470 - DEBUG - Joint score for alpha[0]: 15.7616
2025-08-09 00:46:00,963 - DEBUG - Joint score for alpha[1]: 15.8508
2025-08-09 00:46:04,455 - DEBUG - Joint score for alpha[2]: 15.8055
2025-08-09 00:46:07,946 - DEBUG - Joint score for alpha[3]: 15.7375
2025-08-09 00:46:11,438 - DEBUG - Joint score for alpha[4]: 15.6954
2025-08-09 00:46:14,928 - DEBUG - Joint score for alpha[5]: 15.6956
2025-08-09 00:46:18,419 - DEBUG - Joint score for alpha[6]: 15.5095
2025-08-09 00:46:21,908 - DEBUG - Joint score for alpha[7]: 15.6458
2025-08-09 00:46:25,397 - DEBUG - Joint score for alpha[8]: 15.7657
2025-08-09 00:46:28,886 - DEBUG - Joint score for alpha[9]: 15.6232
2025-08-09 00:46:32,377 - DEBUG - Joint score for alpha[10]: 15.6600
2025-08-09 00:46:35,868 - DEBUG - Joint score for alpha[11]: 15.5445
2025-08-09 00:46:39,357 - DEBUG - Joint score for alpha[12]: 15.7841
2025-08-09 00:46:42,847 - DEBUG - Joint score for alpha[13]: 15.6501
2025-08-09 00:46:46,338 - DEBUG - Joint score for alpha[14]: 15.5905
2025-08-09 00:46:49,828 - DEBUG - Joint score for alpha[15]: 15.8080
2025-08-09 00:46:53,342 - DEBUG - Joint score for alpha[0]: 15.8804
2025-08-09 00:46:56,836 - DEBUG - Joint score for alpha[1]: 15.7540
2025-08-09 00:47:00,328 - DEBUG - Joint score for alpha[2]: 15.7177
2025-08-09 00:47:03,820 - DEBUG - Joint score for alpha[3]: 15.7429
2025-08-09 00:47:07,313 - DEBUG - Joint score for alpha[4]: 15.7488
2025-08-09 00:47:10,804 - DEBUG - Joint score for alpha[5]: 15.7418
2025-08-09 00:47:14,296 - DEBUG - Joint score for alpha[6]: 15.7924
2025-08-09 00:47:17,789 - DEBUG - Joint score for alpha[7]: 15.6585
2025-08-09 00:47:21,279 - DEBUG - Joint score for alpha[8]: 15.6876
2025-08-09 00:47:24,770 - DEBUG - Joint score for alpha[9]: 15.8813
2025-08-09 00:47:28,262 - DEBUG - Joint score for alpha[10]: 15.6577
2025-08-09 00:47:31,753 - DEBUG - Joint score for alpha[11]: 15.6749
2025-08-09 00:47:35,247 - DEBUG - Joint score for alpha[12]: 15.8423
2025-08-09 00:47:38,737 - DEBUG - Joint score for alpha[13]: 15.8896
2025-08-09 00:47:42,230 - DEBUG - Joint score for alpha[14]: 15.8443
2025-08-09 00:47:45,721 - DEBUG - Joint score for alpha[15]: 15.8816
2025-08-09 00:47:49,238 - DEBUG - Joint score for alpha[0]: 15.7420
2025-08-09 00:47:52,731 - DEBUG - Joint score for alpha[1]: 15.9194
2025-08-09 00:47:56,223 - DEBUG - Joint score for alpha[2]: 15.7747
2025-08-09 00:47:59,714 - DEBUG - Joint score for alpha[3]: 15.8779
2025-08-09 00:48:03,208 - DEBUG - Joint score for alpha[4]: 15.8015
2025-08-09 00:48:06,699 - DEBUG - Joint score for alpha[5]: 15.9408
2025-08-09 00:48:10,189 - DEBUG - Joint score for alpha[6]: 15.7951
2025-08-09 00:48:13,680 - DEBUG - Joint score for alpha[7]: 15.7411
2025-08-09 00:48:17,171 - DEBUG - Joint score for alpha[8]: 15.8071
2025-08-09 00:48:20,662 - DEBUG - Joint score for alpha[9]: 15.9848
2025-08-09 00:48:24,153 - DEBUG - Joint score for alpha[10]: 15.7020
2025-08-09 00:48:27,644 - DEBUG - Joint score for alpha[11]: 15.9496
2025-08-09 00:48:31,134 - DEBUG - Joint score for alpha[12]: 16.0308
2025-08-09 00:48:34,623 - DEBUG - Joint score for alpha[13]: 15.7907
2025-08-09 00:48:38,114 - DEBUG - Joint score for alpha[14]: 15.9611
2025-08-09 00:48:41,603 - DEBUG - Joint score for alpha[15]: 15.8029
2025-08-09 00:48:45,172 - DEBUG - Joint score for alpha[0]: 15.9691
2025-08-09 00:48:48,665 - DEBUG - Joint score for alpha[1]: 15.7150
2025-08-09 00:48:52,154 - DEBUG - Joint score for alpha[2]: 15.9053
2025-08-09 00:48:55,643 - DEBUG - Joint score for alpha[3]: 15.9468
2025-08-09 00:48:59,135 - DEBUG - Joint score for alpha[4]: 15.8757
2025-08-09 00:49:02,624 - DEBUG - Joint score for alpha[5]: 15.7834
2025-08-09 00:49:06,115 - DEBUG - Joint score for alpha[6]: 15.6910
2025-08-09 00:49:09,606 - DEBUG - Joint score for alpha[7]: 15.6601
2025-08-09 00:49:13,096 - DEBUG - Joint score for alpha[8]: 15.8535
2025-08-09 00:49:16,586 - DEBUG - Joint score for alpha[9]: 15.7201
2025-08-09 00:49:20,077 - DEBUG - Joint score for alpha[10]: 15.8202
2025-08-09 00:49:23,570 - DEBUG - Joint score for alpha[11]: 15.8428
2025-08-09 00:49:27,060 - DEBUG - Joint score for alpha[12]: 15.7345
2025-08-09 00:49:30,552 - DEBUG - Joint score for alpha[13]: 15.7852
2025-08-09 00:49:34,042 - DEBUG - Joint score for alpha[14]: 15.7433
2025-08-09 00:49:37,534 - DEBUG - Joint score for alpha[15]: 15.7695
2025-08-09 00:49:41,046 - DEBUG - Joint score for alpha[0]: 15.7298
2025-08-09 00:49:44,541 - DEBUG - Joint score for alpha[1]: 15.6481
2025-08-09 00:49:48,034 - DEBUG - Joint score for alpha[2]: 15.9534
2025-08-09 00:49:51,524 - DEBUG - Joint score for alpha[3]: 15.7857
2025-08-09 00:49:55,014 - DEBUG - Joint score for alpha[4]: 15.8162
2025-08-09 00:49:58,505 - DEBUG - Joint score for alpha[5]: 15.5657
2025-08-09 00:50:01,996 - DEBUG - Joint score for alpha[6]: 15.9513
2025-08-09 00:50:05,486 - DEBUG - Joint score for alpha[7]: 15.7860
2025-08-09 00:50:08,975 - DEBUG - Joint score for alpha[8]: 15.8023
2025-08-09 00:50:12,466 - DEBUG - Joint score for alpha[9]: 15.7421
2025-08-09 00:50:15,956 - DEBUG - Joint score for alpha[10]: 15.9358
2025-08-09 00:50:19,447 - DEBUG - Joint score for alpha[11]: 15.7354
2025-08-09 00:50:22,937 - DEBUG - Joint score for alpha[12]: 16.0445
2025-08-09 00:50:26,428 - DEBUG - Joint score for alpha[13]: 15.5496
2025-08-09 00:50:29,918 - DEBUG - Joint score for alpha[14]: 15.7975
2025-08-09 00:50:33,407 - DEBUG - Joint score for alpha[15]: 15.7574
2025-08-09 00:50:33,447 - INFO - Step 33/120: mean ENERGY=15.6158
2025-08-09 00:50:33,448 - DEBUG - Beginning Gibbs iteration s = 33
2025-08-09 00:50:37,300 - DEBUG - Joint score for alpha[0]: 15.7721
2025-08-09 00:50:40,794 - DEBUG - Joint score for alpha[1]: 15.7504
2025-08-09 00:50:44,285 - DEBUG - Joint score for alpha[2]: 15.7710
2025-08-09 00:50:47,777 - DEBUG - Joint score for alpha[3]: 15.8748
2025-08-09 00:50:51,269 - DEBUG - Joint score for alpha[4]: 15.6718
2025-08-09 00:50:54,759 - DEBUG - Joint score for alpha[5]: 15.7431
2025-08-09 00:50:58,250 - DEBUG - Joint score for alpha[6]: 15.6833
2025-08-09 00:51:01,740 - DEBUG - Joint score for alpha[7]: 15.8811
2025-08-09 00:51:05,230 - DEBUG - Joint score for alpha[8]: 15.8844
2025-08-09 00:51:08,721 - DEBUG - Joint score for alpha[9]: 15.6693
2025-08-09 00:51:12,210 - DEBUG - Joint score for alpha[10]: 15.9477
2025-08-09 00:51:15,702 - DEBUG - Joint score for alpha[11]: 15.8233
2025-08-09 00:51:19,194 - DEBUG - Joint score for alpha[12]: 15.8240
2025-08-09 00:51:22,686 - DEBUG - Joint score for alpha[13]: 15.8301
2025-08-09 00:51:26,176 - DEBUG - Joint score for alpha[14]: 15.7646
2025-08-09 00:51:29,667 - DEBUG - Joint score for alpha[15]: 15.8415
2025-08-09 00:51:33,180 - DEBUG - Joint score for alpha[0]: 15.7698
2025-08-09 00:51:36,674 - DEBUG - Joint score for alpha[1]: 15.8593
2025-08-09 00:51:40,166 - DEBUG - Joint score for alpha[2]: 15.7592
2025-08-09 00:51:43,659 - DEBUG - Joint score for alpha[3]: 15.7357
2025-08-09 00:51:47,150 - DEBUG - Joint score for alpha[4]: 15.7186
2025-08-09 00:51:50,642 - DEBUG - Joint score for alpha[5]: 15.6706
2025-08-09 00:51:54,134 - DEBUG - Joint score for alpha[6]: 15.7323
2025-08-09 00:51:57,624 - DEBUG - Joint score for alpha[7]: 15.9142
2025-08-09 00:52:01,116 - DEBUG - Joint score for alpha[8]: 15.7135
2025-08-09 00:52:04,605 - DEBUG - Joint score for alpha[9]: 15.7515
2025-08-09 00:52:08,098 - DEBUG - Joint score for alpha[10]: 15.8100
2025-08-09 00:52:11,587 - DEBUG - Joint score for alpha[11]: 15.7687
2025-08-09 00:52:15,079 - DEBUG - Joint score for alpha[12]: 15.7539
2025-08-09 00:52:18,570 - DEBUG - Joint score for alpha[13]: 15.6681
2025-08-09 00:52:22,062 - DEBUG - Joint score for alpha[14]: 15.7614
2025-08-09 00:52:25,554 - DEBUG - Joint score for alpha[15]: 15.8151
2025-08-09 00:52:29,070 - DEBUG - Joint score for alpha[0]: 15.6743
2025-08-09 00:52:32,563 - DEBUG - Joint score for alpha[1]: 15.6610
2025-08-09 00:52:36,053 - DEBUG - Joint score for alpha[2]: 15.9061
2025-08-09 00:52:39,543 - DEBUG - Joint score for alpha[3]: 15.7857
2025-08-09 00:52:43,034 - DEBUG - Joint score for alpha[4]: 15.7055
2025-08-09 00:52:46,524 - DEBUG - Joint score for alpha[5]: 15.6725
2025-08-09 00:52:50,014 - DEBUG - Joint score for alpha[6]: 15.8150
2025-08-09 00:52:53,505 - DEBUG - Joint score for alpha[7]: 15.7861
2025-08-09 00:52:56,997 - DEBUG - Joint score for alpha[8]: 16.0005
2025-08-09 00:53:00,488 - DEBUG - Joint score for alpha[9]: 15.8487
2025-08-09 00:53:03,977 - DEBUG - Joint score for alpha[10]: 15.7839
2025-08-09 00:53:07,467 - DEBUG - Joint score for alpha[11]: 16.0081
2025-08-09 00:53:10,958 - DEBUG - Joint score for alpha[12]: 15.7753
2025-08-09 00:53:14,447 - DEBUG - Joint score for alpha[13]: 15.8186
2025-08-09 00:53:17,937 - DEBUG - Joint score for alpha[14]: 15.7005
2025-08-09 00:53:21,428 - DEBUG - Joint score for alpha[15]: 15.9709
2025-08-09 00:53:24,943 - DEBUG - Joint score for alpha[0]: 15.6795
2025-08-09 00:53:28,440 - DEBUG - Joint score for alpha[1]: 15.9251
2025-08-09 00:53:31,931 - DEBUG - Joint score for alpha[2]: 15.7415
2025-08-09 00:53:35,424 - DEBUG - Joint score for alpha[3]: 15.7627
2025-08-09 00:53:38,918 - DEBUG - Joint score for alpha[4]: 15.8265
2025-08-09 00:53:42,409 - DEBUG - Joint score for alpha[5]: 15.7921
2025-08-09 00:53:45,903 - DEBUG - Joint score for alpha[6]: 15.5672
2025-08-09 00:53:49,393 - DEBUG - Joint score for alpha[7]: 15.7082
2025-08-09 00:53:52,883 - DEBUG - Joint score for alpha[8]: 15.7768
2025-08-09 00:53:56,373 - DEBUG - Joint score for alpha[9]: 15.6738
2025-08-09 00:53:59,866 - DEBUG - Joint score for alpha[10]: 15.6239
2025-08-09 00:54:03,357 - DEBUG - Joint score for alpha[11]: 15.6370
2025-08-09 00:54:06,848 - DEBUG - Joint score for alpha[12]: 15.7501
2025-08-09 00:54:10,339 - DEBUG - Joint score for alpha[13]: 15.6478
2025-08-09 00:54:13,830 - DEBUG - Joint score for alpha[14]: 15.9231
2025-08-09 00:54:17,323 - DEBUG - Joint score for alpha[15]: 15.8622
2025-08-09 00:54:20,837 - DEBUG - Joint score for alpha[0]: 15.8261
2025-08-09 00:54:24,332 - DEBUG - Joint score for alpha[1]: 15.5915
2025-08-09 00:54:27,822 - DEBUG - Joint score for alpha[2]: 15.7665
2025-08-09 00:54:31,315 - DEBUG - Joint score for alpha[3]: 15.9048
2025-08-09 00:54:34,805 - DEBUG - Joint score for alpha[4]: 16.0583
2025-08-09 00:54:38,299 - DEBUG - Joint score for alpha[5]: 15.8144
2025-08-09 00:54:41,790 - DEBUG - Joint score for alpha[6]: 15.9756
2025-08-09 00:54:45,280 - DEBUG - Joint score for alpha[7]: 15.7334
2025-08-09 00:54:48,772 - DEBUG - Joint score for alpha[8]: 15.7598
2025-08-09 00:54:52,265 - DEBUG - Joint score for alpha[9]: 15.8464
2025-08-09 00:54:55,756 - DEBUG - Joint score for alpha[10]: 16.0156
2025-08-09 00:54:59,247 - DEBUG - Joint score for alpha[11]: 15.6957
2025-08-09 00:55:02,737 - DEBUG - Joint score for alpha[12]: 15.6852
2025-08-09 00:55:06,230 - DEBUG - Joint score for alpha[13]: 15.6408
2025-08-09 00:55:09,722 - DEBUG - Joint score for alpha[14]: 15.7969
2025-08-09 00:55:13,213 - DEBUG - Joint score for alpha[15]: 15.6033
2025-08-09 00:55:13,254 - INFO - Step 34/120: mean ENERGY=15.6314
2025-08-09 00:55:13,256 - DEBUG - Beginning Gibbs iteration s = 34
2025-08-09 00:55:17,386 - DEBUG - Joint score for alpha[0]: 15.6818
2025-08-09 00:55:20,880 - DEBUG - Joint score for alpha[1]: 15.8588
2025-08-09 00:55:24,372 - DEBUG - Joint score for alpha[2]: 15.7594
2025-08-09 00:55:27,863 - DEBUG - Joint score for alpha[3]: 15.6619
2025-08-09 00:55:31,356 - DEBUG - Joint score for alpha[4]: 15.7090
2025-08-09 00:55:34,846 - DEBUG - Joint score for alpha[5]: 15.7222
2025-08-09 00:55:38,337 - DEBUG - Joint score for alpha[6]: 15.6709
2025-08-09 00:55:41,828 - DEBUG - Joint score for alpha[7]: 15.8898
2025-08-09 00:55:45,320 - DEBUG - Joint score for alpha[8]: 15.7210
2025-08-09 00:55:48,812 - DEBUG - Joint score for alpha[9]: 15.7306
2025-08-09 00:55:52,303 - DEBUG - Joint score for alpha[10]: 15.6098
2025-08-09 00:55:55,795 - DEBUG - Joint score for alpha[11]: 15.7167
2025-08-09 00:55:59,287 - DEBUG - Joint score for alpha[12]: 15.6268
2025-08-09 00:56:02,780 - DEBUG - Joint score for alpha[13]: 15.7266
2025-08-09 00:56:06,271 - DEBUG - Joint score for alpha[14]: 15.9480
2025-08-09 00:56:09,763 - DEBUG - Joint score for alpha[15]: 15.8426
2025-08-09 00:56:13,278 - DEBUG - Joint score for alpha[0]: 15.6856
2025-08-09 00:56:16,772 - DEBUG - Joint score for alpha[1]: 15.8231
2025-08-09 00:56:20,264 - DEBUG - Joint score for alpha[2]: 15.7991
2025-08-09 00:56:23,756 - DEBUG - Joint score for alpha[3]: 15.6536
2025-08-09 00:56:27,246 - DEBUG - Joint score for alpha[4]: 15.6043
2025-08-09 00:56:30,739 - DEBUG - Joint score for alpha[5]: 15.9785
2025-08-09 00:56:34,232 - DEBUG - Joint score for alpha[6]: 15.7182
2025-08-09 00:56:37,723 - DEBUG - Joint score for alpha[7]: 15.7492
2025-08-09 00:56:41,216 - DEBUG - Joint score for alpha[8]: 15.8649
2025-08-09 00:56:44,708 - DEBUG - Joint score for alpha[9]: 15.6569
2025-08-09 00:56:48,202 - DEBUG - Joint score for alpha[10]: 15.7077
2025-08-09 00:56:51,692 - DEBUG - Joint score for alpha[11]: 15.7023
2025-08-09 00:56:55,185 - DEBUG - Joint score for alpha[12]: 15.8084
2025-08-09 00:56:58,678 - DEBUG - Joint score for alpha[13]: 15.8051
2025-08-09 00:57:02,170 - DEBUG - Joint score for alpha[14]: 15.6430
2025-08-09 00:57:05,663 - DEBUG - Joint score for alpha[15]: 15.7649
2025-08-09 00:57:09,180 - DEBUG - Joint score for alpha[0]: 15.8014
2025-08-09 00:57:12,675 - DEBUG - Joint score for alpha[1]: 15.8286
2025-08-09 00:57:16,166 - DEBUG - Joint score for alpha[2]: 15.5998
2025-08-09 00:57:19,657 - DEBUG - Joint score for alpha[3]: 15.6466
2025-08-09 00:57:23,149 - DEBUG - Joint score for alpha[4]: 15.6963
2025-08-09 00:57:26,641 - DEBUG - Joint score for alpha[5]: 15.6475
2025-08-09 00:57:30,132 - DEBUG - Joint score for alpha[6]: 15.8627
2025-08-09 00:57:33,625 - DEBUG - Joint score for alpha[7]: 15.6587
2025-08-09 00:57:37,118 - DEBUG - Joint score for alpha[8]: 15.7558
2025-08-09 00:57:40,609 - DEBUG - Joint score for alpha[9]: 15.7102
2025-08-09 00:57:44,096 - DEBUG - Joint score for alpha[10]: 15.7131
2025-08-09 00:57:47,586 - DEBUG - Joint score for alpha[11]: 15.8089
2025-08-09 00:57:51,075 - DEBUG - Joint score for alpha[12]: 15.7012
2025-08-09 00:57:54,563 - DEBUG - Joint score for alpha[13]: 15.8116
2025-08-09 00:57:58,051 - DEBUG - Joint score for alpha[14]: 15.9136
2025-08-09 00:58:01,543 - DEBUG - Joint score for alpha[15]: 15.6905
2025-08-09 00:58:05,056 - DEBUG - Joint score for alpha[0]: 15.8392
2025-08-09 00:58:08,549 - DEBUG - Joint score for alpha[1]: 15.9260
2025-08-09 00:58:12,039 - DEBUG - Joint score for alpha[2]: 15.8243
2025-08-09 00:58:15,528 - DEBUG - Joint score for alpha[3]: 15.9398
2025-08-09 00:58:19,019 - DEBUG - Joint score for alpha[4]: 15.7219
2025-08-09 00:58:22,509 - DEBUG - Joint score for alpha[5]: 15.6653
2025-08-09 00:58:25,997 - DEBUG - Joint score for alpha[6]: 15.6799
2025-08-09 00:58:29,488 - DEBUG - Joint score for alpha[7]: 15.9412
2025-08-09 00:58:32,978 - DEBUG - Joint score for alpha[8]: 16.0671
2025-08-09 00:58:36,468 - DEBUG - Joint score for alpha[9]: 15.8398
2025-08-09 00:58:39,959 - DEBUG - Joint score for alpha[10]: 15.7265
2025-08-09 00:58:43,450 - DEBUG - Joint score for alpha[11]: 15.8986
2025-08-09 00:58:46,939 - DEBUG - Joint score for alpha[12]: 15.8790
2025-08-09 00:58:50,431 - DEBUG - Joint score for alpha[13]: 15.5648
2025-08-09 00:58:53,921 - DEBUG - Joint score for alpha[14]: 15.5701
2025-08-09 00:58:57,410 - DEBUG - Joint score for alpha[15]: 15.8371
2025-08-09 00:59:00,923 - DEBUG - Joint score for alpha[0]: 15.9081
2025-08-09 00:59:04,415 - DEBUG - Joint score for alpha[1]: 15.7220
2025-08-09 00:59:07,904 - DEBUG - Joint score for alpha[2]: 15.9951
2025-08-09 00:59:11,394 - DEBUG - Joint score for alpha[3]: 15.6741
2025-08-09 00:59:14,884 - DEBUG - Joint score for alpha[4]: 15.7292
2025-08-09 00:59:18,374 - DEBUG - Joint score for alpha[5]: 15.7836
2025-08-09 00:59:21,863 - DEBUG - Joint score for alpha[6]: 15.8699
2025-08-09 00:59:25,353 - DEBUG - Joint score for alpha[7]: 15.7079
2025-08-09 00:59:28,843 - DEBUG - Joint score for alpha[8]: 15.9630
2025-08-09 00:59:32,332 - DEBUG - Joint score for alpha[9]: 15.8294
2025-08-09 00:59:35,823 - DEBUG - Joint score for alpha[10]: 15.9869
2025-08-09 00:59:39,315 - DEBUG - Joint score for alpha[11]: 15.7770
2025-08-09 00:59:42,802 - DEBUG - Joint score for alpha[12]: 15.7874
2025-08-09 00:59:46,293 - DEBUG - Joint score for alpha[13]: 15.8395
2025-08-09 00:59:49,783 - DEBUG - Joint score for alpha[14]: 15.7915
2025-08-09 00:59:53,274 - DEBUG - Joint score for alpha[15]: 15.8065
2025-08-09 00:59:53,316 - INFO - Step 35/120: mean ENERGY=15.6106
2025-08-09 00:59:53,325 - DEBUG - Beginning Gibbs iteration s = 35
2025-08-09 00:59:54,501 - DEBUG - Proposal variance adapted: 0.032
2025-08-09 00:59:57,953 - DEBUG - Joint score for alpha[0]: 15.7218
2025-08-09 01:00:01,446 - DEBUG - Joint score for alpha[1]: 15.6229
2025-08-09 01:00:04,937 - DEBUG - Joint score for alpha[2]: 15.7625
2025-08-09 01:00:08,426 - DEBUG - Joint score for alpha[3]: 15.8937
2025-08-09 01:00:11,916 - DEBUG - Joint score for alpha[4]: 15.7007
2025-08-09 01:00:15,405 - DEBUG - Joint score for alpha[5]: 15.7307
2025-08-09 01:00:18,895 - DEBUG - Joint score for alpha[6]: 15.8668
2025-08-09 01:00:22,383 - DEBUG - Joint score for alpha[7]: 15.7008
2025-08-09 01:00:25,872 - DEBUG - Joint score for alpha[8]: 15.7094
2025-08-09 01:00:29,363 - DEBUG - Joint score for alpha[9]: 15.6615
2025-08-09 01:00:32,852 - DEBUG - Joint score for alpha[10]: 15.7641
2025-08-09 01:00:36,343 - DEBUG - Joint score for alpha[11]: 15.6473
2025-08-09 01:00:39,833 - DEBUG - Joint score for alpha[12]: 15.9798
2025-08-09 01:00:43,324 - DEBUG - Joint score for alpha[13]: 15.7669
2025-08-09 01:00:46,812 - DEBUG - Joint score for alpha[14]: 15.7432
2025-08-09 01:00:50,302 - DEBUG - Joint score for alpha[15]: 15.8763
2025-08-09 01:00:53,815 - DEBUG - Joint score for alpha[0]: 15.6629
2025-08-09 01:00:57,308 - DEBUG - Joint score for alpha[1]: 15.6615
2025-08-09 01:01:00,798 - DEBUG - Joint score for alpha[2]: 15.8210
2025-08-09 01:01:04,288 - DEBUG - Joint score for alpha[3]: 15.8333
2025-08-09 01:01:07,778 - DEBUG - Joint score for alpha[4]: 15.7204
2025-08-09 01:01:11,269 - DEBUG - Joint score for alpha[5]: 15.6608
2025-08-09 01:01:14,758 - DEBUG - Joint score for alpha[6]: 15.8256
2025-08-09 01:01:18,248 - DEBUG - Joint score for alpha[7]: 15.7237
2025-08-09 01:01:21,738 - DEBUG - Joint score for alpha[8]: 15.7629
2025-08-09 01:01:25,226 - DEBUG - Joint score for alpha[9]: 15.8687
2025-08-09 01:01:28,716 - DEBUG - Joint score for alpha[10]: 15.8602
2025-08-09 01:01:32,204 - DEBUG - Joint score for alpha[11]: 15.9153
2025-08-09 01:01:35,694 - DEBUG - Joint score for alpha[12]: 15.9671
2025-08-09 01:01:39,183 - DEBUG - Joint score for alpha[13]: 15.7660
2025-08-09 01:01:42,672 - DEBUG - Joint score for alpha[14]: 15.6200
2025-08-09 01:01:46,163 - DEBUG - Joint score for alpha[15]: 15.8785
2025-08-09 01:01:49,676 - DEBUG - Joint score for alpha[0]: 15.6499
2025-08-09 01:01:53,167 - DEBUG - Joint score for alpha[1]: 15.6610
2025-08-09 01:01:56,655 - DEBUG - Joint score for alpha[2]: 15.9700
2025-08-09 01:02:00,144 - DEBUG - Joint score for alpha[3]: 15.8195
2025-08-09 01:02:03,633 - DEBUG - Joint score for alpha[4]: 15.6486
2025-08-09 01:02:07,124 - DEBUG - Joint score for alpha[5]: 15.6076
2025-08-09 01:02:10,615 - DEBUG - Joint score for alpha[6]: 15.7685
2025-08-09 01:02:14,106 - DEBUG - Joint score for alpha[7]: 15.8604
2025-08-09 01:02:17,596 - DEBUG - Joint score for alpha[8]: 15.8581
2025-08-09 01:02:21,088 - DEBUG - Joint score for alpha[9]: 15.4924
2025-08-09 01:02:24,577 - DEBUG - Joint score for alpha[10]: 15.8122
2025-08-09 01:02:28,068 - DEBUG - Joint score for alpha[11]: 15.9218
2025-08-09 01:02:31,559 - DEBUG - Joint score for alpha[12]: 15.9590
2025-08-09 01:02:35,050 - DEBUG - Joint score for alpha[13]: 15.9033
2025-08-09 01:02:38,540 - DEBUG - Joint score for alpha[14]: 15.6580
2025-08-09 01:02:42,031 - DEBUG - Joint score for alpha[15]: 15.6133
2025-08-09 01:02:45,546 - DEBUG - Joint score for alpha[0]: 15.9167
2025-08-09 01:02:49,044 - DEBUG - Joint score for alpha[1]: 15.8749
2025-08-09 01:02:52,535 - DEBUG - Joint score for alpha[2]: 15.7701
2025-08-09 01:02:56,029 - DEBUG - Joint score for alpha[3]: 15.7657
2025-08-09 01:02:59,524 - DEBUG - Joint score for alpha[4]: 15.8257
2025-08-09 01:03:03,017 - DEBUG - Joint score for alpha[5]: 15.8166
2025-08-09 01:03:06,511 - DEBUG - Joint score for alpha[6]: 15.6140
2025-08-09 01:03:10,004 - DEBUG - Joint score for alpha[7]: 15.7619
2025-08-09 01:03:13,495 - DEBUG - Joint score for alpha[8]: 15.7243
2025-08-09 01:03:16,987 - DEBUG - Joint score for alpha[9]: 15.9639
2025-08-09 01:03:20,478 - DEBUG - Joint score for alpha[10]: 15.6581
2025-08-09 01:03:23,971 - DEBUG - Joint score for alpha[11]: 15.8629
2025-08-09 01:03:27,461 - DEBUG - Joint score for alpha[12]: 15.6276
2025-08-09 01:03:30,951 - DEBUG - Joint score for alpha[13]: 15.7305
2025-08-09 01:03:34,442 - DEBUG - Joint score for alpha[14]: 15.7253
2025-08-09 01:03:37,932 - DEBUG - Joint score for alpha[15]: 15.8204
2025-08-09 01:03:41,443 - DEBUG - Joint score for alpha[0]: 15.8216
2025-08-09 01:03:44,937 - DEBUG - Joint score for alpha[1]: 15.8665
2025-08-09 01:03:48,425 - DEBUG - Joint score for alpha[2]: 15.5833
2025-08-09 01:03:51,915 - DEBUG - Joint score for alpha[3]: 15.9527
2025-08-09 01:03:55,404 - DEBUG - Joint score for alpha[4]: 15.6475
2025-08-09 01:03:58,897 - DEBUG - Joint score for alpha[5]: 15.8408
2025-08-09 01:04:02,622 - DEBUG - Joint score for alpha[6]: 15.5116
2025-08-09 01:04:06,112 - DEBUG - Joint score for alpha[7]: 15.8685
2025-08-09 01:04:09,604 - DEBUG - Joint score for alpha[8]: 15.9290
2025-08-09 01:04:13,096 - DEBUG - Joint score for alpha[9]: 15.5964
2025-08-09 01:04:16,587 - DEBUG - Joint score for alpha[10]: 15.6642
2025-08-09 01:04:20,080 - DEBUG - Joint score for alpha[11]: 15.9625
2025-08-09 01:04:23,570 - DEBUG - Joint score for alpha[12]: 15.8000
2025-08-09 01:04:27,060 - DEBUG - Joint score for alpha[13]: 15.8689
2025-08-09 01:04:30,551 - DEBUG - Joint score for alpha[14]: 15.7947
2025-08-09 01:04:34,041 - DEBUG - Joint score for alpha[15]: 15.7343
2025-08-09 01:04:34,081 - INFO - Step 36/120: mean ENERGY=15.5722
2025-08-09 01:04:34,084 - DEBUG - Beginning Gibbs iteration s = 36
2025-08-09 01:04:40,671 - DEBUG - Joint score for alpha[0]: 16.0771
2025-08-09 01:04:44,163 - DEBUG - Joint score for alpha[1]: 15.9001
2025-08-09 01:04:47,653 - DEBUG - Joint score for alpha[2]: 15.6346
2025-08-09 01:04:51,141 - DEBUG - Joint score for alpha[3]: 15.7358
2025-08-09 01:04:54,631 - DEBUG - Joint score for alpha[4]: 15.8699
2025-08-09 01:04:58,118 - DEBUG - Joint score for alpha[5]: 15.6771
2025-08-09 01:05:01,608 - DEBUG - Joint score for alpha[6]: 15.6675
2025-08-09 01:05:05,096 - DEBUG - Joint score for alpha[7]: 15.7382
2025-08-09 01:05:08,585 - DEBUG - Joint score for alpha[8]: 16.0107
2025-08-09 01:05:12,075 - DEBUG - Joint score for alpha[9]: 15.7934
2025-08-09 01:05:15,563 - DEBUG - Joint score for alpha[10]: 15.5740
2025-08-09 01:05:19,052 - DEBUG - Joint score for alpha[11]: 15.5226
2025-08-09 01:05:22,543 - DEBUG - Joint score for alpha[12]: 15.5254
2025-08-09 01:05:26,034 - DEBUG - Joint score for alpha[13]: 15.7939
2025-08-09 01:05:29,522 - DEBUG - Joint score for alpha[14]: 15.8417
2025-08-09 01:05:33,012 - DEBUG - Joint score for alpha[15]: 15.7160
2025-08-09 01:05:36,524 - DEBUG - Joint score for alpha[0]: 15.6519
2025-08-09 01:05:40,017 - DEBUG - Joint score for alpha[1]: 15.5904
2025-08-09 01:05:43,507 - DEBUG - Joint score for alpha[2]: 15.6419
2025-08-09 01:05:46,996 - DEBUG - Joint score for alpha[3]: 15.6890
2025-08-09 01:05:50,485 - DEBUG - Joint score for alpha[4]: 15.5908
2025-08-09 01:05:53,977 - DEBUG - Joint score for alpha[5]: 15.8015
2025-08-09 01:05:57,467 - DEBUG - Joint score for alpha[6]: 15.9079
2025-08-09 01:06:00,956 - DEBUG - Joint score for alpha[7]: 15.7413
2025-08-09 01:06:04,445 - DEBUG - Joint score for alpha[8]: 15.7695
2025-08-09 01:06:07,933 - DEBUG - Joint score for alpha[9]: 15.8549
2025-08-09 01:06:11,423 - DEBUG - Joint score for alpha[10]: 15.9816
2025-08-09 01:06:14,911 - DEBUG - Joint score for alpha[11]: 15.7002
2025-08-09 01:06:18,401 - DEBUG - Joint score for alpha[12]: 15.7464
2025-08-09 01:06:21,890 - DEBUG - Joint score for alpha[13]: 15.7543
2025-08-09 01:06:25,380 - DEBUG - Joint score for alpha[14]: 15.6464
2025-08-09 01:06:28,870 - DEBUG - Joint score for alpha[15]: 15.7973
2025-08-09 01:06:32,384 - DEBUG - Joint score for alpha[0]: 15.8484
2025-08-09 01:06:35,876 - DEBUG - Joint score for alpha[1]: 15.7093
2025-08-09 01:06:39,366 - DEBUG - Joint score for alpha[2]: 15.7392
2025-08-09 01:06:42,855 - DEBUG - Joint score for alpha[3]: 15.9247
2025-08-09 01:06:46,345 - DEBUG - Joint score for alpha[4]: 15.8189
2025-08-09 01:06:49,834 - DEBUG - Joint score for alpha[5]: 15.8641
2025-08-09 01:06:53,324 - DEBUG - Joint score for alpha[6]: 15.8134
2025-08-09 01:06:56,816 - DEBUG - Joint score for alpha[7]: 15.6492
2025-08-09 01:07:00,306 - DEBUG - Joint score for alpha[8]: 15.8731
2025-08-09 01:07:03,795 - DEBUG - Joint score for alpha[9]: 15.7546
2025-08-09 01:07:07,282 - DEBUG - Joint score for alpha[10]: 15.6528
2025-08-09 01:07:10,771 - DEBUG - Joint score for alpha[11]: 15.8169
2025-08-09 01:07:14,262 - DEBUG - Joint score for alpha[12]: 15.6868
2025-08-09 01:07:17,751 - DEBUG - Joint score for alpha[13]: 15.5397
2025-08-09 01:07:21,239 - DEBUG - Joint score for alpha[14]: 15.8752
2025-08-09 01:07:24,729 - DEBUG - Joint score for alpha[15]: 15.7179
2025-08-09 01:07:28,241 - DEBUG - Joint score for alpha[0]: 15.7209
2025-08-09 01:07:31,738 - DEBUG - Joint score for alpha[1]: 15.6528
2025-08-09 01:07:35,227 - DEBUG - Joint score for alpha[2]: 15.8214
2025-08-09 01:07:38,718 - DEBUG - Joint score for alpha[3]: 15.8701
2025-08-09 01:07:42,210 - DEBUG - Joint score for alpha[4]: 15.7575
2025-08-09 01:07:45,699 - DEBUG - Joint score for alpha[5]: 16.0309
2025-08-09 01:07:49,191 - DEBUG - Joint score for alpha[6]: 15.7854
2025-08-09 01:07:52,680 - DEBUG - Joint score for alpha[7]: 15.9272
2025-08-09 01:07:56,170 - DEBUG - Joint score for alpha[8]: 15.6555
2025-08-09 01:07:59,659 - DEBUG - Joint score for alpha[9]: 15.6954
2025-08-09 01:08:03,149 - DEBUG - Joint score for alpha[10]: 15.6428
2025-08-09 01:08:06,640 - DEBUG - Joint score for alpha[11]: 15.7221
2025-08-09 01:08:10,129 - DEBUG - Joint score for alpha[12]: 15.6490
2025-08-09 01:08:13,619 - DEBUG - Joint score for alpha[13]: 15.8053
2025-08-09 01:08:17,109 - DEBUG - Joint score for alpha[14]: 15.8821
2025-08-09 01:08:20,599 - DEBUG - Joint score for alpha[15]: 15.6632
2025-08-09 01:08:24,112 - DEBUG - Joint score for alpha[0]: 15.7644
2025-08-09 01:08:27,606 - DEBUG - Joint score for alpha[1]: 15.8180
2025-08-09 01:08:31,094 - DEBUG - Joint score for alpha[2]: 15.7692
2025-08-09 01:08:34,585 - DEBUG - Joint score for alpha[3]: 15.9348
2025-08-09 01:08:38,073 - DEBUG - Joint score for alpha[4]: 15.7720
2025-08-09 01:08:41,565 - DEBUG - Joint score for alpha[5]: 15.8050
2025-08-09 01:08:45,053 - DEBUG - Joint score for alpha[6]: 15.7146
2025-08-09 01:08:48,544 - DEBUG - Joint score for alpha[7]: 15.8693
2025-08-09 01:08:52,035 - DEBUG - Joint score for alpha[8]: 15.9298
2025-08-09 01:08:55,527 - DEBUG - Joint score for alpha[9]: 15.6317
2025-08-09 01:08:59,016 - DEBUG - Joint score for alpha[10]: 15.5993
2025-08-09 01:09:02,506 - DEBUG - Joint score for alpha[11]: 15.7146
2025-08-09 01:09:05,996 - DEBUG - Joint score for alpha[12]: 15.9361
2025-08-09 01:09:09,486 - DEBUG - Joint score for alpha[13]: 15.8125
2025-08-09 01:09:12,977 - DEBUG - Joint score for alpha[14]: 15.6552
2025-08-09 01:09:16,466 - DEBUG - Joint score for alpha[15]: 15.9457
2025-08-09 01:09:16,508 - INFO - Step 37/120: mean ENERGY=15.5790
2025-08-09 01:09:16,512 - DEBUG - Beginning Gibbs iteration s = 37
2025-08-09 01:09:20,445 - DEBUG - Joint score for alpha[0]: 15.9462
2025-08-09 01:09:23,937 - DEBUG - Joint score for alpha[1]: 15.7153
2025-08-09 01:09:27,426 - DEBUG - Joint score for alpha[2]: 15.7587
2025-08-09 01:09:30,916 - DEBUG - Joint score for alpha[3]: 15.7207
2025-08-09 01:09:34,405 - DEBUG - Joint score for alpha[4]: 15.8898
2025-08-09 01:09:37,894 - DEBUG - Joint score for alpha[5]: 15.9898
2025-08-09 01:09:41,383 - DEBUG - Joint score for alpha[6]: 15.9374
2025-08-09 01:09:44,872 - DEBUG - Joint score for alpha[7]: 15.9309
2025-08-09 01:09:48,361 - DEBUG - Joint score for alpha[8]: 15.7660
2025-08-09 01:09:51,853 - DEBUG - Joint score for alpha[9]: 15.8816
2025-08-09 01:09:55,342 - DEBUG - Joint score for alpha[10]: 15.8363
2025-08-09 01:09:58,833 - DEBUG - Joint score for alpha[11]: 15.7259
2025-08-09 01:10:02,323 - DEBUG - Joint score for alpha[12]: 15.7066
2025-08-09 01:10:05,815 - DEBUG - Joint score for alpha[13]: 15.7925
2025-08-09 01:10:09,304 - DEBUG - Joint score for alpha[14]: 15.9438
2025-08-09 01:10:12,796 - DEBUG - Joint score for alpha[15]: 15.8179
2025-08-09 01:10:16,309 - DEBUG - Joint score for alpha[0]: 15.6629
2025-08-09 01:10:19,800 - DEBUG - Joint score for alpha[1]: 15.8815
2025-08-09 01:10:23,291 - DEBUG - Joint score for alpha[2]: 15.8802
2025-08-09 01:10:26,780 - DEBUG - Joint score for alpha[3]: 15.9199
2025-08-09 01:10:30,270 - DEBUG - Joint score for alpha[4]: 15.8053
2025-08-09 01:10:33,759 - DEBUG - Joint score for alpha[5]: 15.8225
2025-08-09 01:10:37,249 - DEBUG - Joint score for alpha[6]: 15.7081
2025-08-09 01:10:40,738 - DEBUG - Joint score for alpha[7]: 15.8251
2025-08-09 01:10:44,230 - DEBUG - Joint score for alpha[8]: 15.8884
2025-08-09 01:10:47,718 - DEBUG - Joint score for alpha[9]: 16.0427
2025-08-09 01:10:51,208 - DEBUG - Joint score for alpha[10]: 15.8224
2025-08-09 01:10:54,698 - DEBUG - Joint score for alpha[11]: 15.7183
2025-08-09 01:10:58,190 - DEBUG - Joint score for alpha[12]: 15.7630
2025-08-09 01:11:01,680 - DEBUG - Joint score for alpha[13]: 15.8764
2025-08-09 01:11:05,169 - DEBUG - Joint score for alpha[14]: 15.7292
2025-08-09 01:11:08,660 - DEBUG - Joint score for alpha[15]: 15.7775
2025-08-09 01:11:12,174 - DEBUG - Joint score for alpha[0]: 16.0273
2025-08-09 01:11:15,668 - DEBUG - Joint score for alpha[1]: 15.6416
2025-08-09 01:11:19,159 - DEBUG - Joint score for alpha[2]: 15.8012
2025-08-09 01:11:22,651 - DEBUG - Joint score for alpha[3]: 15.6915
2025-08-09 01:11:26,142 - DEBUG - Joint score for alpha[4]: 15.8289
2025-08-09 01:11:29,632 - DEBUG - Joint score for alpha[5]: 15.5381
2025-08-09 01:11:33,123 - DEBUG - Joint score for alpha[6]: 15.7662
2025-08-09 01:11:36,613 - DEBUG - Joint score for alpha[7]: 15.6931
2025-08-09 01:11:40,104 - DEBUG - Joint score for alpha[8]: 15.9238
2025-08-09 01:11:43,593 - DEBUG - Joint score for alpha[9]: 15.7130
2025-08-09 01:11:47,082 - DEBUG - Joint score for alpha[10]: 15.8009
2025-08-09 01:11:50,574 - DEBUG - Joint score for alpha[11]: 15.6854
2025-08-09 01:11:54,065 - DEBUG - Joint score for alpha[12]: 16.0685
2025-08-09 01:11:57,559 - DEBUG - Joint score for alpha[13]: 15.6849
2025-08-09 01:12:01,053 - DEBUG - Joint score for alpha[14]: 15.7706
2025-08-09 01:12:04,544 - DEBUG - Joint score for alpha[15]: 15.6879
2025-08-09 01:12:08,056 - DEBUG - Joint score for alpha[0]: 15.8873
2025-08-09 01:12:11,549 - DEBUG - Joint score for alpha[1]: 15.8893
2025-08-09 01:12:15,039 - DEBUG - Joint score for alpha[2]: 15.7971
2025-08-09 01:12:18,528 - DEBUG - Joint score for alpha[3]: 15.7819
2025-08-09 01:12:22,018 - DEBUG - Joint score for alpha[4]: 15.9147
2025-08-09 01:12:25,508 - DEBUG - Joint score for alpha[5]: 15.6297
2025-08-09 01:12:29,000 - DEBUG - Joint score for alpha[6]: 15.7457
2025-08-09 01:12:32,493 - DEBUG - Joint score for alpha[7]: 15.9646
2025-08-09 01:12:35,984 - DEBUG - Joint score for alpha[8]: 15.7886
2025-08-09 01:12:39,475 - DEBUG - Joint score for alpha[9]: 15.9007
2025-08-09 01:12:42,966 - DEBUG - Joint score for alpha[10]: 15.7324
2025-08-09 01:12:46,459 - DEBUG - Joint score for alpha[11]: 15.8603
2025-08-09 01:12:49,951 - DEBUG - Joint score for alpha[12]: 15.8869
2025-08-09 01:12:53,443 - DEBUG - Joint score for alpha[13]: 15.8064
2025-08-09 01:12:56,935 - DEBUG - Joint score for alpha[14]: 15.6898
2025-08-09 01:13:00,428 - DEBUG - Joint score for alpha[15]: 15.7808
2025-08-09 01:13:03,943 - DEBUG - Joint score for alpha[0]: 15.8684
2025-08-09 01:13:07,440 - DEBUG - Joint score for alpha[1]: 15.8166
2025-08-09 01:13:10,936 - DEBUG - Joint score for alpha[2]: 15.8943
2025-08-09 01:13:14,428 - DEBUG - Joint score for alpha[3]: 15.7292
2025-08-09 01:13:17,921 - DEBUG - Joint score for alpha[4]: 15.7693
2025-08-09 01:13:21,414 - DEBUG - Joint score for alpha[5]: 15.9841
2025-08-09 01:13:24,905 - DEBUG - Joint score for alpha[6]: 15.8628
2025-08-09 01:13:28,399 - DEBUG - Joint score for alpha[7]: 16.1635
2025-08-09 01:13:31,892 - DEBUG - Joint score for alpha[8]: 15.7047
2025-08-09 01:13:35,384 - DEBUG - Joint score for alpha[9]: 15.9840
2025-08-09 01:13:38,876 - DEBUG - Joint score for alpha[10]: 15.8194
2025-08-09 01:13:42,368 - DEBUG - Joint score for alpha[11]: 16.0422
2025-08-09 01:13:45,860 - DEBUG - Joint score for alpha[12]: 15.8711
2025-08-09 01:13:49,352 - DEBUG - Joint score for alpha[13]: 15.9419
2025-08-09 01:13:52,844 - DEBUG - Joint score for alpha[14]: 15.8666
2025-08-09 01:13:56,335 - DEBUG - Joint score for alpha[15]: 16.0532
2025-08-09 01:13:56,376 - INFO - Step 38/120: mean ENERGY=15.6484
2025-08-09 01:13:56,377 - DEBUG - Beginning Gibbs iteration s = 38
2025-08-09 01:14:00,535 - DEBUG - Joint score for alpha[0]: 15.9190
2025-08-09 01:14:04,028 - DEBUG - Joint score for alpha[1]: 15.7160
2025-08-09 01:14:07,518 - DEBUG - Joint score for alpha[2]: 15.7278
2025-08-09 01:14:11,009 - DEBUG - Joint score for alpha[3]: 16.1912
2025-08-09 01:14:14,499 - DEBUG - Joint score for alpha[4]: 15.8405
2025-08-09 01:14:17,989 - DEBUG - Joint score for alpha[5]: 15.7635
2025-08-09 01:14:21,479 - DEBUG - Joint score for alpha[6]: 15.7241
2025-08-09 01:14:24,967 - DEBUG - Joint score for alpha[7]: 15.5659
2025-08-09 01:14:28,456 - DEBUG - Joint score for alpha[8]: 15.9322
2025-08-09 01:14:31,947 - DEBUG - Joint score for alpha[9]: 15.7136
2025-08-09 01:14:35,436 - DEBUG - Joint score for alpha[10]: 15.7817
2025-08-09 01:14:38,926 - DEBUG - Joint score for alpha[11]: 15.8202
2025-08-09 01:14:42,415 - DEBUG - Joint score for alpha[12]: 15.7049
2025-08-09 01:14:45,906 - DEBUG - Joint score for alpha[13]: 15.7521
2025-08-09 01:14:49,394 - DEBUG - Joint score for alpha[14]: 15.7251
2025-08-09 01:14:52,884 - DEBUG - Joint score for alpha[15]: 15.5288
2025-08-09 01:14:56,397 - DEBUG - Joint score for alpha[0]: 16.1799
2025-08-09 01:14:59,890 - DEBUG - Joint score for alpha[1]: 15.6341
2025-08-09 01:15:03,380 - DEBUG - Joint score for alpha[2]: 15.7124
2025-08-09 01:15:06,870 - DEBUG - Joint score for alpha[3]: 15.7135
2025-08-09 01:15:10,360 - DEBUG - Joint score for alpha[4]: 15.5807
2025-08-09 01:15:13,851 - DEBUG - Joint score for alpha[5]: 15.4611
2025-08-09 01:15:17,341 - DEBUG - Joint score for alpha[6]: 15.6989
2025-08-09 01:15:20,831 - DEBUG - Joint score for alpha[7]: 15.7644
2025-08-09 01:15:24,321 - DEBUG - Joint score for alpha[8]: 15.7102
2025-08-09 01:15:27,811 - DEBUG - Joint score for alpha[9]: 15.7003
2025-08-09 01:15:31,303 - DEBUG - Joint score for alpha[10]: 15.6331
2025-08-09 01:15:34,792 - DEBUG - Joint score for alpha[11]: 15.5986
2025-08-09 01:15:38,285 - DEBUG - Joint score for alpha[12]: 15.8156
2025-08-09 01:15:41,775 - DEBUG - Joint score for alpha[13]: 15.6547
2025-08-09 01:15:45,266 - DEBUG - Joint score for alpha[14]: 15.6645
2025-08-09 01:15:48,757 - DEBUG - Joint score for alpha[15]: 15.7004
2025-08-09 01:15:52,271 - DEBUG - Joint score for alpha[0]: 15.7442
2025-08-09 01:15:55,763 - DEBUG - Joint score for alpha[1]: 15.7693
2025-08-09 01:15:59,253 - DEBUG - Joint score for alpha[2]: 15.6831
2025-08-09 01:16:02,743 - DEBUG - Joint score for alpha[3]: 15.8196
2025-08-09 01:16:06,233 - DEBUG - Joint score for alpha[4]: 15.6451
2025-08-09 01:16:09,722 - DEBUG - Joint score for alpha[5]: 15.7876
2025-08-09 01:16:13,210 - DEBUG - Joint score for alpha[6]: 15.6767
2025-08-09 01:16:16,701 - DEBUG - Joint score for alpha[7]: 15.6847
2025-08-09 01:16:20,191 - DEBUG - Joint score for alpha[8]: 15.7493
2025-08-09 01:16:23,680 - DEBUG - Joint score for alpha[9]: 16.0319
2025-08-09 01:16:27,168 - DEBUG - Joint score for alpha[10]: 15.6803
2025-08-09 01:16:30,657 - DEBUG - Joint score for alpha[11]: 15.4927
2025-08-09 01:16:34,147 - DEBUG - Joint score for alpha[12]: 15.7952
2025-08-09 01:16:37,637 - DEBUG - Joint score for alpha[13]: 15.6825
2025-08-09 01:16:41,126 - DEBUG - Joint score for alpha[14]: 15.6101
2025-08-09 01:16:44,617 - DEBUG - Joint score for alpha[15]: 15.6721
2025-08-09 01:16:48,130 - DEBUG - Joint score for alpha[0]: 15.9070
2025-08-09 01:16:51,626 - DEBUG - Joint score for alpha[1]: 15.6172
2025-08-09 01:16:55,115 - DEBUG - Joint score for alpha[2]: 15.7329
2025-08-09 01:16:58,607 - DEBUG - Joint score for alpha[3]: 15.8859
2025-08-09 01:17:02,099 - DEBUG - Joint score for alpha[4]: 15.8956
2025-08-09 01:17:05,590 - DEBUG - Joint score for alpha[5]: 15.9679
2025-08-09 01:17:09,083 - DEBUG - Joint score for alpha[6]: 15.7533
2025-08-09 01:17:12,573 - DEBUG - Joint score for alpha[7]: 15.7116
2025-08-09 01:17:16,064 - DEBUG - Joint score for alpha[8]: 15.8608
2025-08-09 01:17:19,554 - DEBUG - Joint score for alpha[9]: 15.7679
2025-08-09 01:17:23,043 - DEBUG - Joint score for alpha[10]: 16.0669
2025-08-09 01:17:26,535 - DEBUG - Joint score for alpha[11]: 16.0322
2025-08-09 01:17:30,024 - DEBUG - Joint score for alpha[12]: 15.7332
2025-08-09 01:17:33,513 - DEBUG - Joint score for alpha[13]: 15.7597
2025-08-09 01:17:37,004 - DEBUG - Joint score for alpha[14]: 15.6667
2025-08-09 01:17:40,495 - DEBUG - Joint score for alpha[15]: 15.6227
2025-08-09 01:17:44,008 - DEBUG - Joint score for alpha[0]: 15.6812
2025-08-09 01:17:47,502 - DEBUG - Joint score for alpha[1]: 15.6697
2025-08-09 01:17:50,991 - DEBUG - Joint score for alpha[2]: 15.7862
2025-08-09 01:17:54,483 - DEBUG - Joint score for alpha[3]: 15.8629
2025-08-09 01:17:57,970 - DEBUG - Joint score for alpha[4]: 15.8353
2025-08-09 01:18:01,463 - DEBUG - Joint score for alpha[5]: 15.7698
2025-08-09 01:18:04,952 - DEBUG - Joint score for alpha[6]: 15.6135
2025-08-09 01:18:08,447 - DEBUG - Joint score for alpha[7]: 15.7502
2025-08-09 01:18:11,938 - DEBUG - Joint score for alpha[8]: 15.8473
2025-08-09 01:18:15,429 - DEBUG - Joint score for alpha[9]: 15.8842
2025-08-09 01:18:18,920 - DEBUG - Joint score for alpha[10]: 15.8295
2025-08-09 01:18:22,412 - DEBUG - Joint score for alpha[11]: 15.8498
2025-08-09 01:18:25,902 - DEBUG - Joint score for alpha[12]: 15.8763
2025-08-09 01:18:29,394 - DEBUG - Joint score for alpha[13]: 15.7519
2025-08-09 01:18:32,883 - DEBUG - Joint score for alpha[14]: 15.9872
2025-08-09 01:18:36,376 - DEBUG - Joint score for alpha[15]: 15.8493
2025-08-09 01:18:36,417 - INFO - Step 39/120: mean ENERGY=15.5427
2025-08-09 01:18:36,420 - DEBUG - Beginning Gibbs iteration s = 39
2025-08-09 01:18:40,466 - DEBUG - Joint score for alpha[0]: 15.8830
2025-08-09 01:18:43,959 - DEBUG - Joint score for alpha[1]: 15.8165
2025-08-09 01:18:47,449 - DEBUG - Joint score for alpha[2]: 15.9772
2025-08-09 01:18:50,939 - DEBUG - Joint score for alpha[3]: 15.7337
2025-08-09 01:18:54,431 - DEBUG - Joint score for alpha[4]: 16.0236
2025-08-09 01:18:57,919 - DEBUG - Joint score for alpha[5]: 15.9185
2025-08-09 01:19:01,408 - DEBUG - Joint score for alpha[6]: 15.9038
2025-08-09 01:19:04,896 - DEBUG - Joint score for alpha[7]: 15.8749
2025-08-09 01:19:08,386 - DEBUG - Joint score for alpha[8]: 15.9895
2025-08-09 01:19:11,876 - DEBUG - Joint score for alpha[9]: 16.0378
2025-08-09 01:19:15,365 - DEBUG - Joint score for alpha[10]: 16.0889
2025-08-09 01:19:18,856 - DEBUG - Joint score for alpha[11]: 15.9400
2025-08-09 01:19:22,347 - DEBUG - Joint score for alpha[12]: 16.0644
2025-08-09 01:19:25,839 - DEBUG - Joint score for alpha[13]: 16.1112
2025-08-09 01:19:29,328 - DEBUG - Joint score for alpha[14]: 15.8620
2025-08-09 01:19:32,818 - DEBUG - Joint score for alpha[15]: 15.8395
2025-08-09 01:19:36,332 - DEBUG - Joint score for alpha[0]: 15.9609
2025-08-09 01:19:39,826 - DEBUG - Joint score for alpha[1]: 15.9128
2025-08-09 01:19:43,317 - DEBUG - Joint score for alpha[2]: 16.0267
2025-08-09 01:19:46,807 - DEBUG - Joint score for alpha[3]: 15.8374
2025-08-09 01:19:50,297 - DEBUG - Joint score for alpha[4]: 15.9023
2025-08-09 01:19:53,788 - DEBUG - Joint score for alpha[5]: 15.9642
2025-08-09 01:19:57,279 - DEBUG - Joint score for alpha[6]: 15.7232
2025-08-09 01:20:00,769 - DEBUG - Joint score for alpha[7]: 15.7937
2025-08-09 01:20:04,259 - DEBUG - Joint score for alpha[8]: 15.8399
2025-08-09 01:20:07,749 - DEBUG - Joint score for alpha[9]: 15.9425
2025-08-09 01:20:11,240 - DEBUG - Joint score for alpha[10]: 15.7133
2025-08-09 01:20:14,729 - DEBUG - Joint score for alpha[11]: 15.7810
2025-08-09 01:20:18,220 - DEBUG - Joint score for alpha[12]: 15.7820
2025-08-09 01:20:21,710 - DEBUG - Joint score for alpha[13]: 15.9581
2025-08-09 01:20:25,201 - DEBUG - Joint score for alpha[14]: 15.8365
2025-08-09 01:20:28,692 - DEBUG - Joint score for alpha[15]: 15.8443
2025-08-09 01:20:32,206 - DEBUG - Joint score for alpha[0]: 15.9829
2025-08-09 01:20:35,699 - DEBUG - Joint score for alpha[1]: 15.7221
2025-08-09 01:20:39,189 - DEBUG - Joint score for alpha[2]: 15.9597
2025-08-09 01:20:42,678 - DEBUG - Joint score for alpha[3]: 15.9948
2025-08-09 01:20:46,168 - DEBUG - Joint score for alpha[4]: 16.0631
2025-08-09 01:20:49,656 - DEBUG - Joint score for alpha[5]: 15.9835
2025-08-09 01:20:53,146 - DEBUG - Joint score for alpha[6]: 15.8767
2025-08-09 01:20:56,635 - DEBUG - Joint score for alpha[7]: 16.0362
2025-08-09 01:21:00,127 - DEBUG - Joint score for alpha[8]: 15.9566
2025-08-09 01:21:03,617 - DEBUG - Joint score for alpha[9]: 15.7970
2025-08-09 01:21:07,107 - DEBUG - Joint score for alpha[10]: 15.8867
2025-08-09 01:21:10,597 - DEBUG - Joint score for alpha[11]: 16.1851
2025-08-09 01:21:14,088 - DEBUG - Joint score for alpha[12]: 15.9320
2025-08-09 01:21:17,579 - DEBUG - Joint score for alpha[13]: 16.0395
2025-08-09 01:21:21,070 - DEBUG - Joint score for alpha[14]: 16.0218
2025-08-09 01:21:24,560 - DEBUG - Joint score for alpha[15]: 16.1050
2025-08-09 01:21:28,075 - DEBUG - Joint score for alpha[0]: 16.0448
2025-08-09 01:21:31,569 - DEBUG - Joint score for alpha[1]: 15.8484
2025-08-09 01:21:35,061 - DEBUG - Joint score for alpha[2]: 15.8083
2025-08-09 01:21:38,551 - DEBUG - Joint score for alpha[3]: 15.7966
2025-08-09 01:21:42,046 - DEBUG - Joint score for alpha[4]: 15.9530
2025-08-09 01:21:45,539 - DEBUG - Joint score for alpha[5]: 16.0268
2025-08-09 01:21:49,029 - DEBUG - Joint score for alpha[6]: 15.8443
2025-08-09 01:21:52,521 - DEBUG - Joint score for alpha[7]: 16.0224
2025-08-09 01:21:56,014 - DEBUG - Joint score for alpha[8]: 15.9688
2025-08-09 01:21:59,505 - DEBUG - Joint score for alpha[9]: 15.8587
2025-08-09 01:22:02,998 - DEBUG - Joint score for alpha[10]: 15.8547
2025-08-09 01:22:06,489 - DEBUG - Joint score for alpha[11]: 15.9138
2025-08-09 01:22:09,980 - DEBUG - Joint score for alpha[12]: 15.7594
2025-08-09 01:22:13,472 - DEBUG - Joint score for alpha[13]: 16.0263
2025-08-09 01:22:16,964 - DEBUG - Joint score for alpha[14]: 16.0084
2025-08-09 01:22:20,455 - DEBUG - Joint score for alpha[15]: 16.1626
2025-08-09 01:22:23,972 - DEBUG - Joint score for alpha[0]: 15.8654
2025-08-09 01:22:27,465 - DEBUG - Joint score for alpha[1]: 15.9070
2025-08-09 01:22:30,956 - DEBUG - Joint score for alpha[2]: 15.8093
2025-08-09 01:22:34,447 - DEBUG - Joint score for alpha[3]: 15.9272
2025-08-09 01:22:37,938 - DEBUG - Joint score for alpha[4]: 16.1146
2025-08-09 01:22:41,428 - DEBUG - Joint score for alpha[5]: 15.8880
2025-08-09 01:22:44,919 - DEBUG - Joint score for alpha[6]: 15.9787
2025-08-09 01:22:48,411 - DEBUG - Joint score for alpha[7]: 16.1326
2025-08-09 01:22:51,901 - DEBUG - Joint score for alpha[8]: 15.7160
2025-08-09 01:22:55,393 - DEBUG - Joint score for alpha[9]: 16.0310
2025-08-09 01:22:58,884 - DEBUG - Joint score for alpha[10]: 15.6971
2025-08-09 01:23:02,376 - DEBUG - Joint score for alpha[11]: 15.9897
2025-08-09 01:23:05,865 - DEBUG - Joint score for alpha[12]: 16.0020
2025-08-09 01:23:09,356 - DEBUG - Joint score for alpha[13]: 15.6925
2025-08-09 01:23:12,847 - DEBUG - Joint score for alpha[14]: 15.7638
2025-08-09 01:23:16,337 - DEBUG - Joint score for alpha[15]: 15.8750
2025-08-09 01:23:16,378 - INFO - Step 40/120: mean ENERGY=15.7242
2025-08-09 01:23:16,382 - DEBUG - Beginning Gibbs iteration s = 40
2025-08-09 01:23:16,446 - DEBUG - Proposal variance adapted: 0.027
2025-08-09 01:23:19,916 - DEBUG - Joint score for alpha[0]: 15.7264
2025-08-09 01:23:23,409 - DEBUG - Joint score for alpha[1]: 15.8412
2025-08-09 01:23:26,899 - DEBUG - Joint score for alpha[2]: 15.7288
2025-08-09 01:23:30,389 - DEBUG - Joint score for alpha[3]: 15.7350
2025-08-09 01:23:33,878 - DEBUG - Joint score for alpha[4]: 15.7155
2025-08-09 01:23:37,368 - DEBUG - Joint score for alpha[5]: 15.7135
2025-08-09 01:23:40,858 - DEBUG - Joint score for alpha[6]: 15.7443
2025-08-09 01:23:44,347 - DEBUG - Joint score for alpha[7]: 15.7248
2025-08-09 01:23:47,837 - DEBUG - Joint score for alpha[8]: 15.6757
2025-08-09 01:23:51,327 - DEBUG - Joint score for alpha[9]: 15.5298
2025-08-09 01:23:54,817 - DEBUG - Joint score for alpha[10]: 15.9244
2025-08-09 01:23:58,308 - DEBUG - Joint score for alpha[11]: 15.8114
2025-08-09 01:24:01,798 - DEBUG - Joint score for alpha[12]: 15.8078
2025-08-09 01:24:05,289 - DEBUG - Joint score for alpha[13]: 15.7596
2025-08-09 01:24:08,780 - DEBUG - Joint score for alpha[14]: 15.8121
2025-08-09 01:24:12,271 - DEBUG - Joint score for alpha[15]: 15.7923
2025-08-09 01:24:15,785 - DEBUG - Joint score for alpha[0]: 15.7437
2025-08-09 01:24:19,280 - DEBUG - Joint score for alpha[1]: 15.7085
2025-08-09 01:24:22,770 - DEBUG - Joint score for alpha[2]: 15.8566
2025-08-09 01:24:26,259 - DEBUG - Joint score for alpha[3]: 16.1350
2025-08-09 01:24:29,749 - DEBUG - Joint score for alpha[4]: 15.8119
2025-08-09 01:24:33,242 - DEBUG - Joint score for alpha[5]: 16.0209
2025-08-09 01:24:36,735 - DEBUG - Joint score for alpha[6]: 15.7897
2025-08-09 01:24:40,228 - DEBUG - Joint score for alpha[7]: 15.9739
2025-08-09 01:24:43,721 - DEBUG - Joint score for alpha[8]: 15.6881
2025-08-09 01:24:47,212 - DEBUG - Joint score for alpha[9]: 15.6921
2025-08-09 01:24:50,704 - DEBUG - Joint score for alpha[10]: 15.6370
2025-08-09 01:24:54,195 - DEBUG - Joint score for alpha[11]: 15.8031
2025-08-09 01:24:57,686 - DEBUG - Joint score for alpha[12]: 15.8612
2025-08-09 01:25:01,177 - DEBUG - Joint score for alpha[13]: 15.6917
2025-08-09 01:25:04,667 - DEBUG - Joint score for alpha[14]: 16.0187
2025-08-09 01:25:08,160 - DEBUG - Joint score for alpha[15]: 15.6454
2025-08-09 01:25:11,677 - DEBUG - Joint score for alpha[0]: 15.8144
2025-08-09 01:25:15,171 - DEBUG - Joint score for alpha[1]: 15.7623
2025-08-09 01:25:18,662 - DEBUG - Joint score for alpha[2]: 15.8636
2025-08-09 01:25:22,155 - DEBUG - Joint score for alpha[3]: 15.8147
2025-08-09 01:25:25,648 - DEBUG - Joint score for alpha[4]: 16.0032
2025-08-09 01:25:29,142 - DEBUG - Joint score for alpha[5]: 15.6642
2025-08-09 01:25:32,633 - DEBUG - Joint score for alpha[6]: 15.7006
2025-08-09 01:25:36,123 - DEBUG - Joint score for alpha[7]: 15.8429
2025-08-09 01:25:39,615 - DEBUG - Joint score for alpha[8]: 15.7568
2025-08-09 01:25:43,106 - DEBUG - Joint score for alpha[9]: 15.6025
2025-08-09 01:25:46,599 - DEBUG - Joint score for alpha[10]: 15.6339
2025-08-09 01:25:50,090 - DEBUG - Joint score for alpha[11]: 15.7416
2025-08-09 01:25:53,580 - DEBUG - Joint score for alpha[12]: 16.1629
2025-08-09 01:25:57,072 - DEBUG - Joint score for alpha[13]: 15.4999
2025-08-09 01:26:00,562 - DEBUG - Joint score for alpha[14]: 15.9151
2025-08-09 01:26:04,054 - DEBUG - Joint score for alpha[15]: 15.6742
2025-08-09 01:26:07,569 - DEBUG - Joint score for alpha[0]: 15.8131
2025-08-09 01:26:11,063 - DEBUG - Joint score for alpha[1]: 15.5905
2025-08-09 01:26:14,553 - DEBUG - Joint score for alpha[2]: 15.9728
2025-08-09 01:26:18,045 - DEBUG - Joint score for alpha[3]: 15.6626
2025-08-09 01:26:21,539 - DEBUG - Joint score for alpha[4]: 15.7590
2025-08-09 01:26:25,033 - DEBUG - Joint score for alpha[5]: 15.7027
2025-08-09 01:26:28,526 - DEBUG - Joint score for alpha[6]: 15.8595
2025-08-09 01:26:32,017 - DEBUG - Joint score for alpha[7]: 15.8658
2025-08-09 01:26:35,507 - DEBUG - Joint score for alpha[8]: 15.6993
2025-08-09 01:26:38,998 - DEBUG - Joint score for alpha[9]: 15.7462
2025-08-09 01:26:42,490 - DEBUG - Joint score for alpha[10]: 15.7073
2025-08-09 01:26:45,981 - DEBUG - Joint score for alpha[11]: 15.7021
2025-08-09 01:26:49,473 - DEBUG - Joint score for alpha[12]: 15.7510
2025-08-09 01:26:52,966 - DEBUG - Joint score for alpha[13]: 15.8798
2025-08-09 01:26:56,458 - DEBUG - Joint score for alpha[14]: 15.7395
2025-08-09 01:26:59,951 - DEBUG - Joint score for alpha[15]: 15.8009
2025-08-09 01:27:03,467 - DEBUG - Joint score for alpha[0]: 15.9038
2025-08-09 01:27:06,962 - DEBUG - Joint score for alpha[1]: 15.6898
2025-08-09 01:27:10,455 - DEBUG - Joint score for alpha[2]: 15.8401
2025-08-09 01:27:13,947 - DEBUG - Joint score for alpha[3]: 15.5776
2025-08-09 01:27:17,438 - DEBUG - Joint score for alpha[4]: 15.9113
2025-08-09 01:27:20,929 - DEBUG - Joint score for alpha[5]: 16.0322
2025-08-09 01:27:24,423 - DEBUG - Joint score for alpha[6]: 15.8451
2025-08-09 01:27:27,913 - DEBUG - Joint score for alpha[7]: 15.8742
2025-08-09 01:27:31,407 - DEBUG - Joint score for alpha[8]: 15.9174
2025-08-09 01:27:34,898 - DEBUG - Joint score for alpha[9]: 15.9781
2025-08-09 01:27:38,390 - DEBUG - Joint score for alpha[10]: 15.6238
2025-08-09 01:27:41,880 - DEBUG - Joint score for alpha[11]: 15.6320
2025-08-09 01:27:45,372 - DEBUG - Joint score for alpha[12]: 15.7489
2025-08-09 01:27:48,863 - DEBUG - Joint score for alpha[13]: 15.7964
2025-08-09 01:27:52,355 - DEBUG - Joint score for alpha[14]: 15.6149
2025-08-09 01:27:55,847 - DEBUG - Joint score for alpha[15]: 16.1181
2025-08-09 01:27:55,888 - INFO - Step 41/120: mean ENERGY=15.5670
2025-08-09 01:27:55,890 - DEBUG - Beginning Gibbs iteration s = 41
2025-08-09 01:27:59,659 - DEBUG - Joint score for alpha[0]: 15.6383
2025-08-09 01:28:03,153 - DEBUG - Joint score for alpha[1]: 15.6191
2025-08-09 01:28:06,645 - DEBUG - Joint score for alpha[2]: 15.6611
2025-08-09 01:28:10,136 - DEBUG - Joint score for alpha[3]: 15.7759
2025-08-09 01:28:13,629 - DEBUG - Joint score for alpha[4]: 15.6325
2025-08-09 01:28:17,119 - DEBUG - Joint score for alpha[5]: 15.6941
2025-08-09 01:28:20,610 - DEBUG - Joint score for alpha[6]: 15.7032
2025-08-09 01:28:24,101 - DEBUG - Joint score for alpha[7]: 16.0869
2025-08-09 01:28:27,593 - DEBUG - Joint score for alpha[8]: 15.7184
2025-08-09 01:28:31,085 - DEBUG - Joint score for alpha[9]: 15.9321
2025-08-09 01:28:34,576 - DEBUG - Joint score for alpha[10]: 15.8137
2025-08-09 01:28:38,069 - DEBUG - Joint score for alpha[11]: 15.7197
2025-08-09 01:28:41,561 - DEBUG - Joint score for alpha[12]: 15.7834
2025-08-09 01:28:45,056 - DEBUG - Joint score for alpha[13]: 15.8518
2025-08-09 01:28:48,547 - DEBUG - Joint score for alpha[14]: 15.8210
2025-08-09 01:28:52,040 - DEBUG - Joint score for alpha[15]: 15.7174
2025-08-09 01:28:55,555 - DEBUG - Joint score for alpha[0]: 16.0968
2025-08-09 01:28:59,050 - DEBUG - Joint score for alpha[1]: 16.1263
2025-08-09 01:29:02,543 - DEBUG - Joint score for alpha[2]: 15.6324
2025-08-09 01:29:06,036 - DEBUG - Joint score for alpha[3]: 16.0287
2025-08-09 01:29:09,528 - DEBUG - Joint score for alpha[4]: 15.8978
2025-08-09 01:29:13,021 - DEBUG - Joint score for alpha[5]: 15.9686
2025-08-09 01:29:16,513 - DEBUG - Joint score for alpha[6]: 15.6748
2025-08-09 01:29:20,005 - DEBUG - Joint score for alpha[7]: 15.7923
2025-08-09 01:29:23,497 - DEBUG - Joint score for alpha[8]: 15.8407
2025-08-09 01:29:26,988 - DEBUG - Joint score for alpha[9]: 15.7375
2025-08-09 01:29:30,481 - DEBUG - Joint score for alpha[10]: 15.8056
2025-08-09 01:29:33,971 - DEBUG - Joint score for alpha[11]: 15.9498
2025-08-09 01:29:37,464 - DEBUG - Joint score for alpha[12]: 15.7838
2025-08-09 01:29:40,954 - DEBUG - Joint score for alpha[13]: 15.8540
2025-08-09 01:29:44,446 - DEBUG - Joint score for alpha[14]: 15.8432
2025-08-09 01:29:47,939 - DEBUG - Joint score for alpha[15]: 15.8442
2025-08-09 01:29:51,455 - DEBUG - Joint score for alpha[0]: 15.6227
2025-08-09 01:29:54,948 - DEBUG - Joint score for alpha[1]: 15.8923
2025-08-09 01:29:58,440 - DEBUG - Joint score for alpha[2]: 15.8845
2025-08-09 01:30:01,933 - DEBUG - Joint score for alpha[3]: 15.7741
2025-08-09 01:30:05,425 - DEBUG - Joint score for alpha[4]: 15.7197
2025-08-09 01:30:08,916 - DEBUG - Joint score for alpha[5]: 15.8895
2025-08-09 01:30:12,407 - DEBUG - Joint score for alpha[6]: 15.7717
2025-08-09 01:30:15,900 - DEBUG - Joint score for alpha[7]: 15.8946
2025-08-09 01:30:19,392 - DEBUG - Joint score for alpha[8]: 15.7019
2025-08-09 01:30:22,884 - DEBUG - Joint score for alpha[9]: 15.6750
2025-08-09 01:30:26,374 - DEBUG - Joint score for alpha[10]: 15.5958
2025-08-09 01:30:29,865 - DEBUG - Joint score for alpha[11]: 15.8994
2025-08-09 01:30:33,356 - DEBUG - Joint score for alpha[12]: 15.5759
2025-08-09 01:30:36,847 - DEBUG - Joint score for alpha[13]: 15.8038
2025-08-09 01:30:40,337 - DEBUG - Joint score for alpha[14]: 15.6713
2025-08-09 01:30:43,828 - DEBUG - Joint score for alpha[15]: 15.8930
2025-08-09 01:30:47,344 - DEBUG - Joint score for alpha[0]: 15.9382
2025-08-09 01:30:50,842 - DEBUG - Joint score for alpha[1]: 15.7469
2025-08-09 01:30:54,332 - DEBUG - Joint score for alpha[2]: 15.7792
2025-08-09 01:30:57,826 - DEBUG - Joint score for alpha[3]: 15.9865
2025-08-09 01:31:01,321 - DEBUG - Joint score for alpha[4]: 15.7523
2025-08-09 01:31:04,812 - DEBUG - Joint score for alpha[5]: 15.8824
2025-08-09 01:31:08,305 - DEBUG - Joint score for alpha[6]: 15.7313
2025-08-09 01:31:11,796 - DEBUG - Joint score for alpha[7]: 15.7937
2025-08-09 01:31:15,287 - DEBUG - Joint score for alpha[8]: 15.7317
2025-08-09 01:31:18,778 - DEBUG - Joint score for alpha[9]: 16.2334
2025-08-09 01:31:22,270 - DEBUG - Joint score for alpha[10]: 15.7284
2025-08-09 01:31:25,762 - DEBUG - Joint score for alpha[11]: 15.7482
2025-08-09 01:31:29,253 - DEBUG - Joint score for alpha[12]: 15.6810
2025-08-09 01:31:32,744 - DEBUG - Joint score for alpha[13]: 15.7386
2025-08-09 01:31:36,237 - DEBUG - Joint score for alpha[14]: 15.7496
2025-08-09 01:31:39,729 - DEBUG - Joint score for alpha[15]: 16.0070
2025-08-09 01:31:43,242 - DEBUG - Joint score for alpha[0]: 15.5410
2025-08-09 01:31:46,735 - DEBUG - Joint score for alpha[1]: 15.5249
2025-08-09 01:31:50,226 - DEBUG - Joint score for alpha[2]: 15.7857
2025-08-09 01:31:53,719 - DEBUG - Joint score for alpha[3]: 15.6183
2025-08-09 01:31:57,213 - DEBUG - Joint score for alpha[4]: 15.7897
2025-08-09 01:32:00,706 - DEBUG - Joint score for alpha[5]: 15.9553
2025-08-09 01:32:04,199 - DEBUG - Joint score for alpha[6]: 15.7581
2025-08-09 01:32:07,690 - DEBUG - Joint score for alpha[7]: 15.7991
2025-08-09 01:32:11,182 - DEBUG - Joint score for alpha[8]: 15.7234
2025-08-09 01:32:14,676 - DEBUG - Joint score for alpha[9]: 15.6744
2025-08-09 01:32:18,168 - DEBUG - Joint score for alpha[10]: 15.7758
2025-08-09 01:32:21,660 - DEBUG - Joint score for alpha[11]: 16.2341
2025-08-09 01:32:25,154 - DEBUG - Joint score for alpha[12]: 15.9431
2025-08-09 01:32:28,648 - DEBUG - Joint score for alpha[13]: 15.7849
2025-08-09 01:32:32,140 - DEBUG - Joint score for alpha[14]: 15.8428
2025-08-09 01:32:35,632 - DEBUG - Joint score for alpha[15]: 15.7770
2025-08-09 01:32:35,673 - INFO - Step 42/120: mean ENERGY=15.6067
2025-08-09 01:32:35,674 - DEBUG - Beginning Gibbs iteration s = 42
2025-08-09 01:32:39,553 - DEBUG - Joint score for alpha[0]: 15.6156
2025-08-09 01:32:43,046 - DEBUG - Joint score for alpha[1]: 15.8093
2025-08-09 01:32:46,539 - DEBUG - Joint score for alpha[2]: 15.5501
2025-08-09 01:32:50,029 - DEBUG - Joint score for alpha[3]: 15.6455
2025-08-09 01:32:53,522 - DEBUG - Joint score for alpha[4]: 15.8098
2025-08-09 01:32:57,013 - DEBUG - Joint score for alpha[5]: 15.7827
2025-08-09 01:33:00,505 - DEBUG - Joint score for alpha[6]: 15.7393
2025-08-09 01:33:03,995 - DEBUG - Joint score for alpha[7]: 16.0568
2025-08-09 01:33:07,484 - DEBUG - Joint score for alpha[8]: 16.0874
2025-08-09 01:33:10,976 - DEBUG - Joint score for alpha[9]: 15.8417
2025-08-09 01:33:14,466 - DEBUG - Joint score for alpha[10]: 15.7485
2025-08-09 01:33:17,957 - DEBUG - Joint score for alpha[11]: 15.9636
2025-08-09 01:33:21,448 - DEBUG - Joint score for alpha[12]: 15.5685
2025-08-09 01:33:24,941 - DEBUG - Joint score for alpha[13]: 15.7769
2025-08-09 01:33:28,431 - DEBUG - Joint score for alpha[14]: 15.8390
2025-08-09 01:33:31,922 - DEBUG - Joint score for alpha[15]: 15.6315
2025-08-09 01:33:35,435 - DEBUG - Joint score for alpha[0]: 15.7794
2025-08-09 01:33:38,929 - DEBUG - Joint score for alpha[1]: 15.8991
2025-08-09 01:33:42,419 - DEBUG - Joint score for alpha[2]: 15.7724
2025-08-09 01:33:45,909 - DEBUG - Joint score for alpha[3]: 15.6685
2025-08-09 01:33:49,399 - DEBUG - Joint score for alpha[4]: 16.0072
2025-08-09 01:33:52,892 - DEBUG - Joint score for alpha[5]: 15.8232
2025-08-09 01:33:56,383 - DEBUG - Joint score for alpha[6]: 15.8356
2025-08-09 01:33:59,874 - DEBUG - Joint score for alpha[7]: 15.6101
2025-08-09 01:34:03,365 - DEBUG - Joint score for alpha[8]: 15.7809
2025-08-09 01:34:06,854 - DEBUG - Joint score for alpha[9]: 15.8882
2025-08-09 01:34:10,347 - DEBUG - Joint score for alpha[10]: 15.8223
2025-08-09 01:34:13,836 - DEBUG - Joint score for alpha[11]: 16.0240
2025-08-09 01:34:17,328 - DEBUG - Joint score for alpha[12]: 15.8240
2025-08-09 01:34:20,819 - DEBUG - Joint score for alpha[13]: 15.8402
2025-08-09 01:34:24,310 - DEBUG - Joint score for alpha[14]: 15.8855
2025-08-09 01:34:27,802 - DEBUG - Joint score for alpha[15]: 15.9524
2025-08-09 01:34:31,317 - DEBUG - Joint score for alpha[0]: 15.6837
2025-08-09 01:34:34,811 - DEBUG - Joint score for alpha[1]: 15.9719
2025-08-09 01:34:38,301 - DEBUG - Joint score for alpha[2]: 15.7123
2025-08-09 01:34:41,792 - DEBUG - Joint score for alpha[3]: 15.7282
2025-08-09 01:34:45,283 - DEBUG - Joint score for alpha[4]: 15.7901
2025-08-09 01:34:48,775 - DEBUG - Joint score for alpha[5]: 15.8601
2025-08-09 01:34:52,266 - DEBUG - Joint score for alpha[6]: 15.8666
2025-08-09 01:34:55,757 - DEBUG - Joint score for alpha[7]: 15.7342
2025-08-09 01:34:59,249 - DEBUG - Joint score for alpha[8]: 15.7825
2025-08-09 01:35:02,739 - DEBUG - Joint score for alpha[9]: 15.8789
2025-08-09 01:35:06,230 - DEBUG - Joint score for alpha[10]: 15.9878
2025-08-09 01:35:09,721 - DEBUG - Joint score for alpha[11]: 15.9495
2025-08-09 01:35:13,212 - DEBUG - Joint score for alpha[12]: 15.9222
2025-08-09 01:35:16,703 - DEBUG - Joint score for alpha[13]: 16.0820
2025-08-09 01:35:20,193 - DEBUG - Joint score for alpha[14]: 16.0669
2025-08-09 01:35:23,684 - DEBUG - Joint score for alpha[15]: 15.8028
2025-08-09 01:35:27,198 - DEBUG - Joint score for alpha[0]: 15.7202
2025-08-09 01:35:30,695 - DEBUG - Joint score for alpha[1]: 15.8406
2025-08-09 01:35:34,185 - DEBUG - Joint score for alpha[2]: 15.7804
2025-08-09 01:35:37,678 - DEBUG - Joint score for alpha[3]: 15.8237
2025-08-09 01:35:41,172 - DEBUG - Joint score for alpha[4]: 15.8664
2025-08-09 01:35:44,664 - DEBUG - Joint score for alpha[5]: 15.9649
2025-08-09 01:35:48,157 - DEBUG - Joint score for alpha[6]: 15.8223
2025-08-09 01:35:51,648 - DEBUG - Joint score for alpha[7]: 15.7091
2025-08-09 01:35:55,139 - DEBUG - Joint score for alpha[8]: 15.6533
2025-08-09 01:35:58,629 - DEBUG - Joint score for alpha[9]: 15.9427
2025-08-09 01:36:02,120 - DEBUG - Joint score for alpha[10]: 15.5301
2025-08-09 01:36:05,611 - DEBUG - Joint score for alpha[11]: 15.7727
2025-08-09 01:36:09,103 - DEBUG - Joint score for alpha[12]: 15.8167
2025-08-09 01:36:12,594 - DEBUG - Joint score for alpha[13]: 15.8430
2025-08-09 01:36:16,085 - DEBUG - Joint score for alpha[14]: 15.9556
2025-08-09 01:36:19,576 - DEBUG - Joint score for alpha[15]: 15.7267
2025-08-09 01:36:23,090 - DEBUG - Joint score for alpha[0]: 16.2996
2025-08-09 01:36:26,585 - DEBUG - Joint score for alpha[1]: 15.7000
2025-08-09 01:36:30,076 - DEBUG - Joint score for alpha[2]: 15.7555
2025-08-09 01:36:33,569 - DEBUG - Joint score for alpha[3]: 15.9911
2025-08-09 01:36:37,059 - DEBUG - Joint score for alpha[4]: 15.7639
2025-08-09 01:36:40,554 - DEBUG - Joint score for alpha[5]: 15.8628
2025-08-09 01:36:44,045 - DEBUG - Joint score for alpha[6]: 15.8590
2025-08-09 01:36:47,537 - DEBUG - Joint score for alpha[7]: 16.1740
2025-08-09 01:36:51,029 - DEBUG - Joint score for alpha[8]: 15.8241
2025-08-09 01:36:54,521 - DEBUG - Joint score for alpha[9]: 15.6579
2025-08-09 01:36:58,013 - DEBUG - Joint score for alpha[10]: 15.6545
2025-08-09 01:37:01,504 - DEBUG - Joint score for alpha[11]: 15.6425
2025-08-09 01:37:04,995 - DEBUG - Joint score for alpha[12]: 15.8078
2025-08-09 01:37:08,487 - DEBUG - Joint score for alpha[13]: 15.6230
2025-08-09 01:37:11,979 - DEBUG - Joint score for alpha[14]: 15.7485
2025-08-09 01:37:15,470 - DEBUG - Joint score for alpha[15]: 15.8804
2025-08-09 01:37:15,511 - INFO - Step 43/120: mean ENERGY=15.5994
2025-08-09 01:37:15,513 - DEBUG - Beginning Gibbs iteration s = 43
2025-08-09 01:37:19,463 - DEBUG - Joint score for alpha[0]: 15.9974
2025-08-09 01:37:22,957 - DEBUG - Joint score for alpha[1]: 16.0980
2025-08-09 01:37:26,448 - DEBUG - Joint score for alpha[2]: 15.6904
2025-08-09 01:37:29,938 - DEBUG - Joint score for alpha[3]: 15.8626
2025-08-09 01:37:33,430 - DEBUG - Joint score for alpha[4]: 15.7539
2025-08-09 01:37:36,919 - DEBUG - Joint score for alpha[5]: 16.1090
2025-08-09 01:37:40,411 - DEBUG - Joint score for alpha[6]: 15.7948
2025-08-09 01:37:43,901 - DEBUG - Joint score for alpha[7]: 16.0245
2025-08-09 01:37:47,392 - DEBUG - Joint score for alpha[8]: 16.3197
2025-08-09 01:37:50,883 - DEBUG - Joint score for alpha[9]: 15.7245
2025-08-09 01:37:54,373 - DEBUG - Joint score for alpha[10]: 16.0963
2025-08-09 01:37:57,866 - DEBUG - Joint score for alpha[11]: 15.8231
2025-08-09 01:38:01,357 - DEBUG - Joint score for alpha[12]: 16.1032
2025-08-09 01:38:04,851 - DEBUG - Joint score for alpha[13]: 15.8733
2025-08-09 01:38:08,342 - DEBUG - Joint score for alpha[14]: 15.8342
2025-08-09 01:38:11,833 - DEBUG - Joint score for alpha[15]: 16.1987
2025-08-09 01:38:15,349 - DEBUG - Joint score for alpha[0]: 16.1846
2025-08-09 01:38:18,844 - DEBUG - Joint score for alpha[1]: 15.7156
2025-08-09 01:38:22,337 - DEBUG - Joint score for alpha[2]: 15.9998
2025-08-09 01:38:25,830 - DEBUG - Joint score for alpha[3]: 16.0162
2025-08-09 01:38:29,321 - DEBUG - Joint score for alpha[4]: 15.7656
2025-08-09 01:38:32,815 - DEBUG - Joint score for alpha[5]: 15.9461
2025-08-09 01:38:36,309 - DEBUG - Joint score for alpha[6]: 15.9996
2025-08-09 01:38:39,802 - DEBUG - Joint score for alpha[7]: 16.0209
2025-08-09 01:38:43,295 - DEBUG - Joint score for alpha[8]: 16.0752
2025-08-09 01:38:46,786 - DEBUG - Joint score for alpha[9]: 16.0829
2025-08-09 01:38:50,281 - DEBUG - Joint score for alpha[10]: 15.8720
2025-08-09 01:38:53,771 - DEBUG - Joint score for alpha[11]: 15.8277
2025-08-09 01:38:57,265 - DEBUG - Joint score for alpha[12]: 16.2702
2025-08-09 01:39:00,757 - DEBUG - Joint score for alpha[13]: 15.9471
2025-08-09 01:39:04,249 - DEBUG - Joint score for alpha[14]: 16.0011
2025-08-09 01:39:07,743 - DEBUG - Joint score for alpha[15]: 16.1283
2025-08-09 01:39:11,259 - DEBUG - Joint score for alpha[0]: 15.8418
2025-08-09 01:39:14,754 - DEBUG - Joint score for alpha[1]: 16.1733
2025-08-09 01:39:18,244 - DEBUG - Joint score for alpha[2]: 15.9382
2025-08-09 01:39:21,736 - DEBUG - Joint score for alpha[3]: 15.8148
2025-08-09 01:39:25,227 - DEBUG - Joint score for alpha[4]: 16.0331
2025-08-09 01:39:28,718 - DEBUG - Joint score for alpha[5]: 16.1251
2025-08-09 01:39:32,209 - DEBUG - Joint score for alpha[6]: 15.7713
2025-08-09 01:39:35,702 - DEBUG - Joint score for alpha[7]: 16.2107
2025-08-09 01:39:39,194 - DEBUG - Joint score for alpha[8]: 15.9152
2025-08-09 01:39:42,685 - DEBUG - Joint score for alpha[9]: 15.9301
2025-08-09 01:39:46,176 - DEBUG - Joint score for alpha[10]: 16.0690
2025-08-09 01:39:49,667 - DEBUG - Joint score for alpha[11]: 15.8723
2025-08-09 01:39:53,158 - DEBUG - Joint score for alpha[12]: 16.0408
2025-08-09 01:39:56,650 - DEBUG - Joint score for alpha[13]: 16.0589
2025-08-09 01:40:00,142 - DEBUG - Joint score for alpha[14]: 16.2335
2025-08-09 01:40:03,634 - DEBUG - Joint score for alpha[15]: 16.0246
2025-08-09 01:40:07,149 - DEBUG - Joint score for alpha[0]: 16.0173
2025-08-09 01:40:10,647 - DEBUG - Joint score for alpha[1]: 15.9025
2025-08-09 01:40:14,138 - DEBUG - Joint score for alpha[2]: 15.9647
2025-08-09 01:40:17,631 - DEBUG - Joint score for alpha[3]: 15.7473
2025-08-09 01:40:21,124 - DEBUG - Joint score for alpha[4]: 15.9113
2025-08-09 01:40:24,616 - DEBUG - Joint score for alpha[5]: 16.0160
2025-08-09 01:40:28,108 - DEBUG - Joint score for alpha[6]: 15.8379
2025-08-09 01:40:31,599 - DEBUG - Joint score for alpha[7]: 15.8006
2025-08-09 01:40:35,091 - DEBUG - Joint score for alpha[8]: 16.0418
2025-08-09 01:40:38,582 - DEBUG - Joint score for alpha[9]: 15.7656
2025-08-09 01:40:42,074 - DEBUG - Joint score for alpha[10]: 15.7996
2025-08-09 01:40:45,566 - DEBUG - Joint score for alpha[11]: 15.8329
2025-08-09 01:40:49,057 - DEBUG - Joint score for alpha[12]: 15.9137
2025-08-09 01:40:52,548 - DEBUG - Joint score for alpha[13]: 16.0029
2025-08-09 01:40:56,040 - DEBUG - Joint score for alpha[14]: 15.8709
2025-08-09 01:40:59,532 - DEBUG - Joint score for alpha[15]: 15.8066
2025-08-09 01:41:03,046 - DEBUG - Joint score for alpha[0]: 15.7363
2025-08-09 01:41:06,541 - DEBUG - Joint score for alpha[1]: 15.7194
2025-08-09 01:41:10,032 - DEBUG - Joint score for alpha[2]: 15.9399
2025-08-09 01:41:13,526 - DEBUG - Joint score for alpha[3]: 15.8571
2025-08-09 01:41:17,016 - DEBUG - Joint score for alpha[4]: 15.7488
2025-08-09 01:41:20,511 - DEBUG - Joint score for alpha[5]: 15.8077
2025-08-09 01:41:24,002 - DEBUG - Joint score for alpha[6]: 15.8062
2025-08-09 01:41:27,495 - DEBUG - Joint score for alpha[7]: 15.6857
2025-08-09 01:41:30,988 - DEBUG - Joint score for alpha[8]: 15.7489
2025-08-09 01:41:34,481 - DEBUG - Joint score for alpha[9]: 16.0406
2025-08-09 01:41:37,973 - DEBUG - Joint score for alpha[10]: 15.9239
2025-08-09 01:41:41,464 - DEBUG - Joint score for alpha[11]: 15.8813
2025-08-09 01:41:44,956 - DEBUG - Joint score for alpha[12]: 15.9716
2025-08-09 01:41:48,449 - DEBUG - Joint score for alpha[13]: 16.1240
2025-08-09 01:41:51,943 - DEBUG - Joint score for alpha[14]: 15.9070
2025-08-09 01:41:55,436 - DEBUG - Joint score for alpha[15]: 15.9723
2025-08-09 01:41:55,477 - INFO - Step 44/120: mean ENERGY=15.7221
2025-08-09 01:41:55,478 - DEBUG - Beginning Gibbs iteration s = 44
2025-08-09 01:41:59,287 - DEBUG - Joint score for alpha[0]: 16.1070
2025-08-09 01:42:02,780 - DEBUG - Joint score for alpha[1]: 15.8102
2025-08-09 01:42:06,273 - DEBUG - Joint score for alpha[2]: 15.9832
2025-08-09 01:42:09,765 - DEBUG - Joint score for alpha[3]: 16.0717
2025-08-09 01:42:13,258 - DEBUG - Joint score for alpha[4]: 15.6695
2025-08-09 01:42:16,747 - DEBUG - Joint score for alpha[5]: 15.8247
2025-08-09 01:42:20,239 - DEBUG - Joint score for alpha[6]: 15.8874
2025-08-09 01:42:23,730 - DEBUG - Joint score for alpha[7]: 15.8625
2025-08-09 01:42:27,221 - DEBUG - Joint score for alpha[8]: 15.7050
2025-08-09 01:42:30,714 - DEBUG - Joint score for alpha[9]: 15.9970
2025-08-09 01:42:34,204 - DEBUG - Joint score for alpha[10]: 16.0368
2025-08-09 01:42:37,696 - DEBUG - Joint score for alpha[11]: 15.8396
2025-08-09 01:42:41,187 - DEBUG - Joint score for alpha[12]: 15.8065
2025-08-09 01:42:44,680 - DEBUG - Joint score for alpha[13]: 15.8954
2025-08-09 01:42:48,171 - DEBUG - Joint score for alpha[14]: 15.9862
2025-08-09 01:42:51,663 - DEBUG - Joint score for alpha[15]: 15.8768
2025-08-09 01:42:55,178 - DEBUG - Joint score for alpha[0]: 15.6764
2025-08-09 01:42:58,673 - DEBUG - Joint score for alpha[1]: 15.6817
2025-08-09 01:43:02,165 - DEBUG - Joint score for alpha[2]: 15.9596
2025-08-09 01:43:05,656 - DEBUG - Joint score for alpha[3]: 15.7923
2025-08-09 01:43:09,147 - DEBUG - Joint score for alpha[4]: 15.9844
2025-08-09 01:43:12,639 - DEBUG - Joint score for alpha[5]: 15.7428
2025-08-09 01:43:16,132 - DEBUG - Joint score for alpha[6]: 15.6936
2025-08-09 01:43:19,623 - DEBUG - Joint score for alpha[7]: 15.7932
2025-08-09 01:43:23,116 - DEBUG - Joint score for alpha[8]: 15.7950
2025-08-09 01:43:26,607 - DEBUG - Joint score for alpha[9]: 15.8469
2025-08-09 01:43:30,100 - DEBUG - Joint score for alpha[10]: 15.7567
2025-08-09 01:43:33,590 - DEBUG - Joint score for alpha[11]: 15.5534
2025-08-09 01:43:37,083 - DEBUG - Joint score for alpha[12]: 15.8044
2025-08-09 01:43:40,574 - DEBUG - Joint score for alpha[13]: 15.9045
2025-08-09 01:43:44,067 - DEBUG - Joint score for alpha[14]: 15.7397
2025-08-09 01:43:47,560 - DEBUG - Joint score for alpha[15]: 15.7247
2025-08-09 01:43:51,076 - DEBUG - Joint score for alpha[0]: 16.0322
2025-08-09 01:43:54,570 - DEBUG - Joint score for alpha[1]: 16.0101
2025-08-09 01:43:58,062 - DEBUG - Joint score for alpha[2]: 15.9738
2025-08-09 01:44:01,554 - DEBUG - Joint score for alpha[3]: 15.9193
2025-08-09 01:44:05,046 - DEBUG - Joint score for alpha[4]: 15.8805
2025-08-09 01:44:08,538 - DEBUG - Joint score for alpha[5]: 15.5806
2025-08-09 01:44:12,029 - DEBUG - Joint score for alpha[6]: 15.7992
2025-08-09 01:44:15,521 - DEBUG - Joint score for alpha[7]: 15.8047
2025-08-09 01:44:19,013 - DEBUG - Joint score for alpha[8]: 15.5908
2025-08-09 01:44:22,504 - DEBUG - Joint score for alpha[9]: 15.8985
2025-08-09 01:44:25,994 - DEBUG - Joint score for alpha[10]: 15.9227
2025-08-09 01:44:29,485 - DEBUG - Joint score for alpha[11]: 16.0312
2025-08-09 01:44:32,976 - DEBUG - Joint score for alpha[12]: 15.7941
2025-08-09 01:44:36,467 - DEBUG - Joint score for alpha[13]: 15.5811
2025-08-09 01:44:39,958 - DEBUG - Joint score for alpha[14]: 15.7539
2025-08-09 01:44:43,450 - DEBUG - Joint score for alpha[15]: 15.6807
2025-08-09 01:44:46,964 - DEBUG - Joint score for alpha[0]: 15.9762
2025-08-09 01:44:50,463 - DEBUG - Joint score for alpha[1]: 15.7307
2025-08-09 01:44:53,953 - DEBUG - Joint score for alpha[2]: 15.8181
2025-08-09 01:44:57,447 - DEBUG - Joint score for alpha[3]: 15.6599
2025-08-09 01:45:00,941 - DEBUG - Joint score for alpha[4]: 15.6804
2025-08-09 01:45:04,432 - DEBUG - Joint score for alpha[5]: 15.9020
2025-08-09 01:45:07,925 - DEBUG - Joint score for alpha[6]: 15.5566
2025-08-09 01:45:11,416 - DEBUG - Joint score for alpha[7]: 15.7867
2025-08-09 01:45:14,907 - DEBUG - Joint score for alpha[8]: 15.5550
2025-08-09 01:45:18,397 - DEBUG - Joint score for alpha[9]: 16.2059
2025-08-09 01:45:21,888 - DEBUG - Joint score for alpha[10]: 15.6266
2025-08-09 01:45:25,380 - DEBUG - Joint score for alpha[11]: 15.8002
2025-08-09 01:45:28,871 - DEBUG - Joint score for alpha[12]: 15.9128
2025-08-09 01:45:32,362 - DEBUG - Joint score for alpha[13]: 15.9725
2025-08-09 01:45:35,853 - DEBUG - Joint score for alpha[14]: 15.7115
2025-08-09 01:45:39,345 - DEBUG - Joint score for alpha[15]: 15.8936
2025-08-09 01:45:42,859 - DEBUG - Joint score for alpha[0]: 15.7234
2025-08-09 01:45:46,353 - DEBUG - Joint score for alpha[1]: 15.6426
2025-08-09 01:45:49,843 - DEBUG - Joint score for alpha[2]: 15.7255
2025-08-09 01:45:53,335 - DEBUG - Joint score for alpha[3]: 15.8954
2025-08-09 01:45:56,825 - DEBUG - Joint score for alpha[4]: 16.2300
2025-08-09 01:46:00,320 - DEBUG - Joint score for alpha[5]: 15.6919
2025-08-09 01:46:03,809 - DEBUG - Joint score for alpha[6]: 15.7917
2025-08-09 01:46:07,299 - DEBUG - Joint score for alpha[7]: 15.8283
2025-08-09 01:46:10,791 - DEBUG - Joint score for alpha[8]: 15.6149
2025-08-09 01:46:14,284 - DEBUG - Joint score for alpha[9]: 15.8890
2025-08-09 01:46:17,776 - DEBUG - Joint score for alpha[10]: 15.8320
2025-08-09 01:46:21,266 - DEBUG - Joint score for alpha[11]: 15.7408
2025-08-09 01:46:24,756 - DEBUG - Joint score for alpha[12]: 15.7304
2025-08-09 01:46:28,250 - DEBUG - Joint score for alpha[13]: 15.7786
2025-08-09 01:46:31,742 - DEBUG - Joint score for alpha[14]: 15.5555
2025-08-09 01:46:35,234 - DEBUG - Joint score for alpha[15]: 15.6167
2025-08-09 01:46:35,275 - INFO - Step 45/120: mean ENERGY=15.5828
2025-08-09 01:46:35,277 - DEBUG - Beginning Gibbs iteration s = 45
2025-08-09 01:46:35,905 - DEBUG - Proposal variance adapted: 0.023
2025-08-09 01:46:39,361 - DEBUG - Joint score for alpha[0]: 15.8486
2025-08-09 01:46:42,855 - DEBUG - Joint score for alpha[1]: 15.9312
2025-08-09 01:46:46,348 - DEBUG - Joint score for alpha[2]: 15.8157
2025-08-09 01:46:49,841 - DEBUG - Joint score for alpha[3]: 16.0903
2025-08-09 01:46:53,335 - DEBUG - Joint score for alpha[4]: 15.7965
2025-08-09 01:46:56,826 - DEBUG - Joint score for alpha[5]: 15.7599
2025-08-09 01:47:00,319 - DEBUG - Joint score for alpha[6]: 15.8496
2025-08-09 01:47:03,811 - DEBUG - Joint score for alpha[7]: 15.6430
2025-08-09 01:47:07,303 - DEBUG - Joint score for alpha[8]: 15.6943
2025-08-09 01:47:10,797 - DEBUG - Joint score for alpha[9]: 16.1348
2025-08-09 01:47:14,289 - DEBUG - Joint score for alpha[10]: 15.7666
2025-08-09 01:47:17,783 - DEBUG - Joint score for alpha[11]: 15.9969
2025-08-09 01:47:21,276 - DEBUG - Joint score for alpha[12]: 15.6239
2025-08-09 01:47:24,771 - DEBUG - Joint score for alpha[13]: 15.6818
2025-08-09 01:47:28,264 - DEBUG - Joint score for alpha[14]: 15.8184
2025-08-09 01:47:31,759 - DEBUG - Joint score for alpha[15]: 15.7741
2025-08-09 01:47:35,275 - DEBUG - Joint score for alpha[0]: 15.8596
2025-08-09 01:47:38,769 - DEBUG - Joint score for alpha[1]: 15.8075
2025-08-09 01:47:42,264 - DEBUG - Joint score for alpha[2]: 15.8684
2025-08-09 01:47:45,758 - DEBUG - Joint score for alpha[3]: 15.8678
2025-08-09 01:47:49,253 - DEBUG - Joint score for alpha[4]: 15.8707
2025-08-09 01:47:52,745 - DEBUG - Joint score for alpha[5]: 15.7137
2025-08-09 01:47:56,239 - DEBUG - Joint score for alpha[6]: 15.8135
2025-08-09 01:47:59,732 - DEBUG - Joint score for alpha[7]: 15.8260
2025-08-09 01:48:03,227 - DEBUG - Joint score for alpha[8]: 15.8321
2025-08-09 01:48:06,718 - DEBUG - Joint score for alpha[9]: 15.8686
2025-08-09 01:48:10,211 - DEBUG - Joint score for alpha[10]: 15.6944
2025-08-09 01:48:13,703 - DEBUG - Joint score for alpha[11]: 15.7013
2025-08-09 01:48:17,197 - DEBUG - Joint score for alpha[12]: 15.8046
2025-08-09 01:48:20,690 - DEBUG - Joint score for alpha[13]: 15.7696
2025-08-09 01:48:24,181 - DEBUG - Joint score for alpha[14]: 15.9798
2025-08-09 01:48:27,674 - DEBUG - Joint score for alpha[15]: 15.7594
2025-08-09 01:48:31,191 - DEBUG - Joint score for alpha[0]: 15.8222
2025-08-09 01:48:34,686 - DEBUG - Joint score for alpha[1]: 15.7668
2025-08-09 01:48:38,177 - DEBUG - Joint score for alpha[2]: 15.7004
2025-08-09 01:48:41,671 - DEBUG - Joint score for alpha[3]: 16.0682
2025-08-09 01:48:45,163 - DEBUG - Joint score for alpha[4]: 16.0383
2025-08-09 01:48:48,656 - DEBUG - Joint score for alpha[5]: 15.7491
2025-08-09 01:48:52,148 - DEBUG - Joint score for alpha[6]: 15.9280
2025-08-09 01:48:55,639 - DEBUG - Joint score for alpha[7]: 16.1575
2025-08-09 01:48:59,132 - DEBUG - Joint score for alpha[8]: 16.0550
2025-08-09 01:49:02,624 - DEBUG - Joint score for alpha[9]: 15.6033
2025-08-09 01:49:06,116 - DEBUG - Joint score for alpha[10]: 15.7201
2025-08-09 01:49:09,609 - DEBUG - Joint score for alpha[11]: 15.7617
2025-08-09 01:49:13,103 - DEBUG - Joint score for alpha[12]: 15.9010
2025-08-09 01:49:16,598 - DEBUG - Joint score for alpha[13]: 15.8147
2025-08-09 01:49:20,094 - DEBUG - Joint score for alpha[14]: 15.6517
2025-08-09 01:49:23,585 - DEBUG - Joint score for alpha[15]: 15.8176
2025-08-09 01:49:27,100 - DEBUG - Joint score for alpha[0]: 15.7280
2025-08-09 01:49:30,595 - DEBUG - Joint score for alpha[1]: 15.7417
2025-08-09 01:49:34,088 - DEBUG - Joint score for alpha[2]: 15.9406
2025-08-09 01:49:37,579 - DEBUG - Joint score for alpha[3]: 16.0094
2025-08-09 01:49:41,070 - DEBUG - Joint score for alpha[4]: 15.7864
2025-08-09 01:49:44,561 - DEBUG - Joint score for alpha[5]: 15.8967
2025-08-09 01:49:48,053 - DEBUG - Joint score for alpha[6]: 15.7404
2025-08-09 01:49:51,546 - DEBUG - Joint score for alpha[7]: 15.8979
2025-08-09 01:49:55,038 - DEBUG - Joint score for alpha[8]: 15.7413
2025-08-09 01:49:58,529 - DEBUG - Joint score for alpha[9]: 15.7458
2025-08-09 01:50:02,020 - DEBUG - Joint score for alpha[10]: 15.7840
2025-08-09 01:50:05,513 - DEBUG - Joint score for alpha[11]: 15.8965
2025-08-09 01:50:09,004 - DEBUG - Joint score for alpha[12]: 15.7965
2025-08-09 01:50:12,498 - DEBUG - Joint score for alpha[13]: 15.6325
2025-08-09 01:50:15,990 - DEBUG - Joint score for alpha[14]: 15.8008
2025-08-09 01:50:19,482 - DEBUG - Joint score for alpha[15]: 15.8536
2025-08-09 01:50:22,996 - DEBUG - Joint score for alpha[0]: 15.8903
2025-08-09 01:50:26,493 - DEBUG - Joint score for alpha[1]: 15.6579
2025-08-09 01:50:29,987 - DEBUG - Joint score for alpha[2]: 15.7714
2025-08-09 01:50:33,478 - DEBUG - Joint score for alpha[3]: 15.6918
2025-08-09 01:50:36,971 - DEBUG - Joint score for alpha[4]: 15.8709
2025-08-09 01:50:40,463 - DEBUG - Joint score for alpha[5]: 15.9305
2025-08-09 01:50:43,955 - DEBUG - Joint score for alpha[6]: 16.0985
2025-08-09 01:50:47,447 - DEBUG - Joint score for alpha[7]: 15.8235
2025-08-09 01:50:50,940 - DEBUG - Joint score for alpha[8]: 15.6440
2025-08-09 01:50:54,432 - DEBUG - Joint score for alpha[9]: 15.9078
2025-08-09 01:50:57,923 - DEBUG - Joint score for alpha[10]: 16.1886
2025-08-09 01:51:01,415 - DEBUG - Joint score for alpha[11]: 15.9369
2025-08-09 01:51:04,905 - DEBUG - Joint score for alpha[12]: 15.5788
2025-08-09 01:51:08,398 - DEBUG - Joint score for alpha[13]: 15.9284
2025-08-09 01:51:11,890 - DEBUG - Joint score for alpha[14]: 15.8192
2025-08-09 01:51:15,381 - DEBUG - Joint score for alpha[15]: 15.7595
2025-08-09 01:51:15,422 - INFO - Step 46/120: mean ENERGY=15.6266
2025-08-09 01:51:15,423 - DEBUG - Beginning Gibbs iteration s = 46
2025-08-09 01:51:19,330 - DEBUG - Joint score for alpha[0]: 15.6153
2025-08-09 01:51:22,824 - DEBUG - Joint score for alpha[1]: 15.8351
2025-08-09 01:51:26,317 - DEBUG - Joint score for alpha[2]: 15.9329
2025-08-09 01:51:29,810 - DEBUG - Joint score for alpha[3]: 15.8006
2025-08-09 01:51:33,304 - DEBUG - Joint score for alpha[4]: 15.7846
2025-08-09 01:51:36,795 - DEBUG - Joint score for alpha[5]: 15.5534
2025-08-09 01:51:40,288 - DEBUG - Joint score for alpha[6]: 15.8641
2025-08-09 01:51:43,779 - DEBUG - Joint score for alpha[7]: 15.6573
2025-08-09 01:51:47,272 - DEBUG - Joint score for alpha[8]: 15.5718
2025-08-09 01:51:50,766 - DEBUG - Joint score for alpha[9]: 15.6893
2025-08-09 01:51:54,258 - DEBUG - Joint score for alpha[10]: 15.7040
2025-08-09 01:51:57,751 - DEBUG - Joint score for alpha[11]: 15.7481
2025-08-09 01:52:01,244 - DEBUG - Joint score for alpha[12]: 15.7231
2025-08-09 01:52:04,739 - DEBUG - Joint score for alpha[13]: 15.7327
2025-08-09 01:52:08,231 - DEBUG - Joint score for alpha[14]: 15.6291
2025-08-09 01:52:11,725 - DEBUG - Joint score for alpha[15]: 15.6866
2025-08-09 01:52:15,241 - DEBUG - Joint score for alpha[0]: 15.6909
2025-08-09 01:52:18,737 - DEBUG - Joint score for alpha[1]: 15.6267
2025-08-09 01:52:22,230 - DEBUG - Joint score for alpha[2]: 15.9057
2025-08-09 01:52:25,723 - DEBUG - Joint score for alpha[3]: 15.7241
2025-08-09 01:52:29,215 - DEBUG - Joint score for alpha[4]: 15.6387
2025-08-09 01:52:32,709 - DEBUG - Joint score for alpha[5]: 15.7388
2025-08-09 01:52:36,203 - DEBUG - Joint score for alpha[6]: 16.0117
2025-08-09 01:52:39,696 - DEBUG - Joint score for alpha[7]: 15.6988
2025-08-09 01:52:43,188 - DEBUG - Joint score for alpha[8]: 15.7374
2025-08-09 01:52:46,680 - DEBUG - Joint score for alpha[9]: 15.8021
2025-08-09 01:52:50,174 - DEBUG - Joint score for alpha[10]: 15.8474
2025-08-09 01:52:53,664 - DEBUG - Joint score for alpha[11]: 15.6370
2025-08-09 01:52:57,158 - DEBUG - Joint score for alpha[12]: 15.6260
2025-08-09 01:53:00,650 - DEBUG - Joint score for alpha[13]: 15.9070
2025-08-09 01:53:04,143 - DEBUG - Joint score for alpha[14]: 15.8427
2025-08-09 01:53:07,636 - DEBUG - Joint score for alpha[15]: 15.7333
2025-08-09 01:53:11,152 - DEBUG - Joint score for alpha[0]: 16.0185
2025-08-09 01:53:14,648 - DEBUG - Joint score for alpha[1]: 15.7176
2025-08-09 01:53:18,139 - DEBUG - Joint score for alpha[2]: 15.5289
2025-08-09 01:53:21,631 - DEBUG - Joint score for alpha[3]: 15.6181
2025-08-09 01:53:25,123 - DEBUG - Joint score for alpha[4]: 15.7301
2025-08-09 01:53:28,613 - DEBUG - Joint score for alpha[5]: 15.8505
2025-08-09 01:53:32,104 - DEBUG - Joint score for alpha[6]: 15.7805
2025-08-09 01:53:35,596 - DEBUG - Joint score for alpha[7]: 15.6142
2025-08-09 01:53:39,088 - DEBUG - Joint score for alpha[8]: 15.5564
2025-08-09 01:53:42,580 - DEBUG - Joint score for alpha[9]: 15.9133
2025-08-09 01:53:46,070 - DEBUG - Joint score for alpha[10]: 15.6866
2025-08-09 01:53:49,561 - DEBUG - Joint score for alpha[11]: 15.7134
2025-08-09 01:53:53,052 - DEBUG - Joint score for alpha[12]: 15.8392
2025-08-09 01:53:56,544 - DEBUG - Joint score for alpha[13]: 15.7405
2025-08-09 01:54:00,035 - DEBUG - Joint score for alpha[14]: 15.5528
2025-08-09 01:54:03,526 - DEBUG - Joint score for alpha[15]: 15.8905
2025-08-09 01:54:07,041 - DEBUG - Joint score for alpha[0]: 15.8306
2025-08-09 01:54:10,538 - DEBUG - Joint score for alpha[1]: 15.8900
2025-08-09 01:54:14,029 - DEBUG - Joint score for alpha[2]: 15.7773
2025-08-09 01:54:17,522 - DEBUG - Joint score for alpha[3]: 15.6978
2025-08-09 01:54:21,015 - DEBUG - Joint score for alpha[4]: 15.7058
2025-08-09 01:54:24,507 - DEBUG - Joint score for alpha[5]: 15.7100
2025-08-09 01:54:28,001 - DEBUG - Joint score for alpha[6]: 15.9326
2025-08-09 01:54:31,492 - DEBUG - Joint score for alpha[7]: 15.9986
2025-08-09 01:54:34,983 - DEBUG - Joint score for alpha[8]: 15.7527
2025-08-09 01:54:38,473 - DEBUG - Joint score for alpha[9]: 15.7065
2025-08-09 01:54:41,964 - DEBUG - Joint score for alpha[10]: 15.8260
2025-08-09 01:54:45,456 - DEBUG - Joint score for alpha[11]: 15.5942
2025-08-09 01:54:48,947 - DEBUG - Joint score for alpha[12]: 15.6398
2025-08-09 01:54:52,439 - DEBUG - Joint score for alpha[13]: 15.7582
2025-08-09 01:54:55,931 - DEBUG - Joint score for alpha[14]: 15.7078
2025-08-09 01:54:59,423 - DEBUG - Joint score for alpha[15]: 15.5947
2025-08-09 01:55:02,938 - DEBUG - Joint score for alpha[0]: 15.7512
2025-08-09 01:55:06,434 - DEBUG - Joint score for alpha[1]: 15.8089
2025-08-09 01:55:09,926 - DEBUG - Joint score for alpha[2]: 15.5598
2025-08-09 01:55:13,419 - DEBUG - Joint score for alpha[3]: 15.8164
2025-08-09 01:55:16,909 - DEBUG - Joint score for alpha[4]: 15.7531
2025-08-09 01:55:20,403 - DEBUG - Joint score for alpha[5]: 15.9203
2025-08-09 01:55:23,893 - DEBUG - Joint score for alpha[6]: 15.7962
2025-08-09 01:55:27,386 - DEBUG - Joint score for alpha[7]: 15.6326
2025-08-09 01:55:30,878 - DEBUG - Joint score for alpha[8]: 15.7702
2025-08-09 01:55:34,371 - DEBUG - Joint score for alpha[9]: 15.7097
2025-08-09 01:55:37,864 - DEBUG - Joint score for alpha[10]: 15.5892
2025-08-09 01:55:41,356 - DEBUG - Joint score for alpha[11]: 15.8009
2025-08-09 01:55:44,847 - DEBUG - Joint score for alpha[12]: 15.9089
2025-08-09 01:55:48,339 - DEBUG - Joint score for alpha[13]: 15.8618
2025-08-09 01:55:51,832 - DEBUG - Joint score for alpha[14]: 15.8311
2025-08-09 01:55:55,323 - DEBUG - Joint score for alpha[15]: 15.8112
2025-08-09 01:55:55,364 - INFO - Step 47/120: mean ENERGY=15.5725
2025-08-09 01:55:55,366 - DEBUG - Beginning Gibbs iteration s = 47
2025-08-09 01:55:59,195 - DEBUG - Joint score for alpha[0]: 15.6785
2025-08-09 01:56:02,689 - DEBUG - Joint score for alpha[1]: 15.8588
2025-08-09 01:56:06,181 - DEBUG - Joint score for alpha[2]: 15.6299
2025-08-09 01:56:09,672 - DEBUG - Joint score for alpha[3]: 15.7276
2025-08-09 01:56:13,165 - DEBUG - Joint score for alpha[4]: 15.8639
2025-08-09 01:56:16,655 - DEBUG - Joint score for alpha[5]: 15.7971
2025-08-09 01:56:20,148 - DEBUG - Joint score for alpha[6]: 15.9432
2025-08-09 01:56:23,639 - DEBUG - Joint score for alpha[7]: 15.9591
2025-08-09 01:56:27,130 - DEBUG - Joint score for alpha[8]: 15.8048
2025-08-09 01:56:30,622 - DEBUG - Joint score for alpha[9]: 15.6847
2025-08-09 01:56:34,113 - DEBUG - Joint score for alpha[10]: 15.8159
2025-08-09 01:56:37,605 - DEBUG - Joint score for alpha[11]: 15.8023
2025-08-09 01:56:41,096 - DEBUG - Joint score for alpha[12]: 15.7564
2025-08-09 01:56:44,590 - DEBUG - Joint score for alpha[13]: 15.5808
2025-08-09 01:56:48,082 - DEBUG - Joint score for alpha[14]: 15.7308
2025-08-09 01:56:51,574 - DEBUG - Joint score for alpha[15]: 15.8855
2025-08-09 01:56:55,090 - DEBUG - Joint score for alpha[0]: 16.0433
2025-08-09 01:56:58,584 - DEBUG - Joint score for alpha[1]: 15.7672
2025-08-09 01:57:02,076 - DEBUG - Joint score for alpha[2]: 15.6789
2025-08-09 01:57:05,568 - DEBUG - Joint score for alpha[3]: 15.6473
2025-08-09 01:57:09,059 - DEBUG - Joint score for alpha[4]: 15.8796
2025-08-09 01:57:12,552 - DEBUG - Joint score for alpha[5]: 15.7079
2025-08-09 01:57:16,044 - DEBUG - Joint score for alpha[6]: 15.8718
2025-08-09 01:57:19,536 - DEBUG - Joint score for alpha[7]: 15.7564
2025-08-09 01:57:23,029 - DEBUG - Joint score for alpha[8]: 16.0264
2025-08-09 01:57:26,520 - DEBUG - Joint score for alpha[9]: 15.6518
2025-08-09 01:57:30,012 - DEBUG - Joint score for alpha[10]: 15.6405
2025-08-09 01:57:33,503 - DEBUG - Joint score for alpha[11]: 15.6470
2025-08-09 01:57:36,994 - DEBUG - Joint score for alpha[12]: 15.6985
2025-08-09 01:57:40,484 - DEBUG - Joint score for alpha[13]: 15.7388
2025-08-09 01:57:43,976 - DEBUG - Joint score for alpha[14]: 15.7019
2025-08-09 01:57:47,468 - DEBUG - Joint score for alpha[15]: 15.7334
2025-08-09 01:57:50,982 - DEBUG - Joint score for alpha[0]: 15.8783
2025-08-09 01:57:54,477 - DEBUG - Joint score for alpha[1]: 15.8765
2025-08-09 01:57:57,967 - DEBUG - Joint score for alpha[2]: 15.7532
2025-08-09 01:58:01,458 - DEBUG - Joint score for alpha[3]: 15.7683
2025-08-09 01:58:04,949 - DEBUG - Joint score for alpha[4]: 15.8158
2025-08-09 01:58:08,438 - DEBUG - Joint score for alpha[5]: 15.8194
2025-08-09 01:58:11,928 - DEBUG - Joint score for alpha[6]: 15.8211
2025-08-09 01:58:15,420 - DEBUG - Joint score for alpha[7]: 15.6923
2025-08-09 01:58:18,910 - DEBUG - Joint score for alpha[8]: 15.8544
2025-08-09 01:58:22,401 - DEBUG - Joint score for alpha[9]: 15.5809
2025-08-09 01:58:25,890 - DEBUG - Joint score for alpha[10]: 15.8296
2025-08-09 01:58:29,380 - DEBUG - Joint score for alpha[11]: 15.6426
2025-08-09 01:58:32,871 - DEBUG - Joint score for alpha[12]: 15.6606
2025-08-09 01:58:36,361 - DEBUG - Joint score for alpha[13]: 15.5041
2025-08-09 01:58:39,851 - DEBUG - Joint score for alpha[14]: 15.7335
2025-08-09 01:58:43,341 - DEBUG - Joint score for alpha[15]: 16.1156
2025-08-09 01:58:46,856 - DEBUG - Joint score for alpha[0]: 15.6092
2025-08-09 01:58:50,353 - DEBUG - Joint score for alpha[1]: 15.6311
2025-08-09 01:58:53,843 - DEBUG - Joint score for alpha[2]: 15.8429
2025-08-09 01:58:57,336 - DEBUG - Joint score for alpha[3]: 15.7474
2025-08-09 01:59:00,829 - DEBUG - Joint score for alpha[4]: 15.5575
2025-08-09 01:59:04,320 - DEBUG - Joint score for alpha[5]: 15.7915
2025-08-09 01:59:07,813 - DEBUG - Joint score for alpha[6]: 15.6256
2025-08-09 01:59:11,303 - DEBUG - Joint score for alpha[7]: 16.0673
2025-08-09 01:59:14,793 - DEBUG - Joint score for alpha[8]: 15.6698
2025-08-09 01:59:18,283 - DEBUG - Joint score for alpha[9]: 15.6644
2025-08-09 01:59:21,774 - DEBUG - Joint score for alpha[10]: 15.5002
2025-08-09 01:59:25,266 - DEBUG - Joint score for alpha[11]: 15.8428
2025-08-09 01:59:28,755 - DEBUG - Joint score for alpha[12]: 15.7200
2025-08-09 01:59:32,247 - DEBUG - Joint score for alpha[13]: 15.6912
2025-08-09 01:59:35,739 - DEBUG - Joint score for alpha[14]: 15.6246
2025-08-09 01:59:39,230 - DEBUG - Joint score for alpha[15]: 15.8895
2025-08-09 01:59:42,745 - DEBUG - Joint score for alpha[0]: 15.7481
2025-08-09 01:59:46,240 - DEBUG - Joint score for alpha[1]: 15.5871
2025-08-09 01:59:49,730 - DEBUG - Joint score for alpha[2]: 15.6774
2025-08-09 01:59:53,223 - DEBUG - Joint score for alpha[3]: 15.7375
2025-08-09 01:59:56,713 - DEBUG - Joint score for alpha[4]: 15.6645
2025-08-09 02:00:00,207 - DEBUG - Joint score for alpha[5]: 15.5516
2025-08-09 02:00:03,697 - DEBUG - Joint score for alpha[6]: 15.6700
2025-08-09 02:00:07,189 - DEBUG - Joint score for alpha[7]: 15.7336
2025-08-09 02:00:10,682 - DEBUG - Joint score for alpha[8]: 15.5808
2025-08-09 02:00:14,176 - DEBUG - Joint score for alpha[9]: 15.8366
2025-08-09 02:00:17,670 - DEBUG - Joint score for alpha[10]: 15.7768
2025-08-09 02:00:21,162 - DEBUG - Joint score for alpha[11]: 15.7465
2025-08-09 02:00:24,654 - DEBUG - Joint score for alpha[12]: 15.6934
2025-08-09 02:00:28,148 - DEBUG - Joint score for alpha[13]: 15.7957
2025-08-09 02:00:31,641 - DEBUG - Joint score for alpha[14]: 15.8405
2025-08-09 02:00:35,134 - DEBUG - Joint score for alpha[15]: 15.5795
2025-08-09 02:00:35,175 - INFO - Step 48/120: mean ENERGY=15.5554
2025-08-09 02:00:35,177 - DEBUG - Beginning Gibbs iteration s = 48
2025-08-09 02:00:39,019 - DEBUG - Joint score for alpha[0]: 15.6488
2025-08-09 02:00:42,516 - DEBUG - Joint score for alpha[1]: 15.7888
2025-08-09 02:00:46,011 - DEBUG - Joint score for alpha[2]: 15.6051
2025-08-09 02:00:49,506 - DEBUG - Joint score for alpha[3]: 15.7807
2025-08-09 02:00:52,999 - DEBUG - Joint score for alpha[4]: 15.7123
2025-08-09 02:00:56,494 - DEBUG - Joint score for alpha[5]: 15.9726
2025-08-09 02:00:59,988 - DEBUG - Joint score for alpha[6]: 15.9675
2025-08-09 02:01:03,482 - DEBUG - Joint score for alpha[7]: 15.7242
2025-08-09 02:01:06,976 - DEBUG - Joint score for alpha[8]: 15.9785
2025-08-09 02:01:10,469 - DEBUG - Joint score for alpha[9]: 15.9218
2025-08-09 02:01:13,963 - DEBUG - Joint score for alpha[10]: 15.7674
2025-08-09 02:01:17,456 - DEBUG - Joint score for alpha[11]: 15.8113
2025-08-09 02:01:20,949 - DEBUG - Joint score for alpha[12]: 15.8812
2025-08-09 02:01:24,442 - DEBUG - Joint score for alpha[13]: 15.7584
2025-08-09 02:01:27,934 - DEBUG - Joint score for alpha[14]: 15.6086
2025-08-09 02:01:31,429 - DEBUG - Joint score for alpha[15]: 15.9691
2025-08-09 02:01:34,947 - DEBUG - Joint score for alpha[0]: 15.8254
2025-08-09 02:01:38,443 - DEBUG - Joint score for alpha[1]: 16.0029
2025-08-09 02:01:41,937 - DEBUG - Joint score for alpha[2]: 15.6566
2025-08-09 02:01:45,431 - DEBUG - Joint score for alpha[3]: 16.0449
2025-08-09 02:01:48,924 - DEBUG - Joint score for alpha[4]: 15.9887
2025-08-09 02:01:52,416 - DEBUG - Joint score for alpha[5]: 15.8806
2025-08-09 02:01:55,911 - DEBUG - Joint score for alpha[6]: 15.6663
2025-08-09 02:01:59,403 - DEBUG - Joint score for alpha[7]: 15.7757
2025-08-09 02:02:02,898 - DEBUG - Joint score for alpha[8]: 15.8725
2025-08-09 02:02:06,393 - DEBUG - Joint score for alpha[9]: 15.7010
2025-08-09 02:02:09,886 - DEBUG - Joint score for alpha[10]: 15.7131
2025-08-09 02:02:13,381 - DEBUG - Joint score for alpha[11]: 15.8244
2025-08-09 02:02:16,876 - DEBUG - Joint score for alpha[12]: 15.8389
2025-08-09 02:02:20,369 - DEBUG - Joint score for alpha[13]: 16.0023
2025-08-09 02:02:23,863 - DEBUG - Joint score for alpha[14]: 15.8929
2025-08-09 02:02:27,357 - DEBUG - Joint score for alpha[15]: 15.7096
2025-08-09 02:02:30,874 - DEBUG - Joint score for alpha[0]: 15.9084
2025-08-09 02:02:34,369 - DEBUG - Joint score for alpha[1]: 15.8023
2025-08-09 02:02:37,866 - DEBUG - Joint score for alpha[2]: 15.8032
2025-08-09 02:02:41,361 - DEBUG - Joint score for alpha[3]: 16.0714
2025-08-09 02:02:44,855 - DEBUG - Joint score for alpha[4]: 15.7582
2025-08-09 02:02:48,349 - DEBUG - Joint score for alpha[5]: 15.9713
2025-08-09 02:02:51,843 - DEBUG - Joint score for alpha[6]: 15.8694
2025-08-09 02:02:55,334 - DEBUG - Joint score for alpha[7]: 15.7744
2025-08-09 02:02:58,828 - DEBUG - Joint score for alpha[8]: 15.8696
2025-08-09 02:03:02,323 - DEBUG - Joint score for alpha[9]: 15.8068
2025-08-09 02:03:05,816 - DEBUG - Joint score for alpha[10]: 15.7688
2025-08-09 02:03:09,311 - DEBUG - Joint score for alpha[11]: 15.7237
2025-08-09 02:03:12,807 - DEBUG - Joint score for alpha[12]: 15.8621
2025-08-09 02:03:16,301 - DEBUG - Joint score for alpha[13]: 15.7130
2025-08-09 02:03:19,795 - DEBUG - Joint score for alpha[14]: 15.9794
2025-08-09 02:03:23,288 - DEBUG - Joint score for alpha[15]: 15.9161
2025-08-09 02:03:26,802 - DEBUG - Joint score for alpha[0]: 15.7750
2025-08-09 02:03:30,299 - DEBUG - Joint score for alpha[1]: 15.8810
2025-08-09 02:03:33,792 - DEBUG - Joint score for alpha[2]: 15.8081
2025-08-09 02:03:37,287 - DEBUG - Joint score for alpha[3]: 15.8184
2025-08-09 02:03:40,781 - DEBUG - Joint score for alpha[4]: 15.9750
2025-08-09 02:03:44,274 - DEBUG - Joint score for alpha[5]: 15.7518
2025-08-09 02:03:47,768 - DEBUG - Joint score for alpha[6]: 15.7678
2025-08-09 02:03:51,261 - DEBUG - Joint score for alpha[7]: 15.9356
2025-08-09 02:03:54,753 - DEBUG - Joint score for alpha[8]: 15.7760
2025-08-09 02:03:58,246 - DEBUG - Joint score for alpha[9]: 16.0326
2025-08-09 02:04:01,740 - DEBUG - Joint score for alpha[10]: 15.8527
2025-08-09 02:04:05,233 - DEBUG - Joint score for alpha[11]: 16.0237
2025-08-09 02:04:08,728 - DEBUG - Joint score for alpha[12]: 15.7181
2025-08-09 02:04:12,222 - DEBUG - Joint score for alpha[13]: 15.7808
2025-08-09 02:04:15,715 - DEBUG - Joint score for alpha[14]: 15.7516
2025-08-09 02:04:19,210 - DEBUG - Joint score for alpha[15]: 15.7611
2025-08-09 02:04:22,727 - DEBUG - Joint score for alpha[0]: 15.7700
2025-08-09 02:04:26,222 - DEBUG - Joint score for alpha[1]: 15.7334
2025-08-09 02:04:29,716 - DEBUG - Joint score for alpha[2]: 15.8865
2025-08-09 02:04:33,208 - DEBUG - Joint score for alpha[3]: 15.7116
2025-08-09 02:04:36,701 - DEBUG - Joint score for alpha[4]: 15.8121
2025-08-09 02:04:40,193 - DEBUG - Joint score for alpha[5]: 15.6605
2025-08-09 02:04:43,685 - DEBUG - Joint score for alpha[6]: 15.9039
2025-08-09 02:04:47,178 - DEBUG - Joint score for alpha[7]: 15.9343
2025-08-09 02:04:50,673 - DEBUG - Joint score for alpha[8]: 15.8627
2025-08-09 02:04:54,165 - DEBUG - Joint score for alpha[9]: 15.6262
2025-08-09 02:04:57,660 - DEBUG - Joint score for alpha[10]: 15.7242
2025-08-09 02:05:01,154 - DEBUG - Joint score for alpha[11]: 15.9755
2025-08-09 02:05:04,648 - DEBUG - Joint score for alpha[12]: 15.7199
2025-08-09 02:05:08,141 - DEBUG - Joint score for alpha[13]: 15.8212
2025-08-09 02:05:11,634 - DEBUG - Joint score for alpha[14]: 15.9590
2025-08-09 02:05:15,127 - DEBUG - Joint score for alpha[15]: 15.8497
2025-08-09 02:05:15,169 - INFO - Step 49/120: mean ENERGY=15.6638
2025-08-09 02:05:15,171 - DEBUG - Beginning Gibbs iteration s = 49
2025-08-09 02:05:18,779 - DEBUG - Joint score for alpha[0]: 15.5898
2025-08-09 02:05:22,274 - DEBUG - Joint score for alpha[1]: 15.7546
2025-08-09 02:05:25,765 - DEBUG - Joint score for alpha[2]: 15.8577
2025-08-09 02:05:29,256 - DEBUG - Joint score for alpha[3]: 15.7592
2025-08-09 02:05:32,748 - DEBUG - Joint score for alpha[4]: 15.9495
2025-08-09 02:05:36,238 - DEBUG - Joint score for alpha[5]: 15.7132
2025-08-09 02:05:39,728 - DEBUG - Joint score for alpha[6]: 15.7024
2025-08-09 02:05:43,219 - DEBUG - Joint score for alpha[7]: 15.9114
2025-08-09 02:05:46,709 - DEBUG - Joint score for alpha[8]: 15.8160
2025-08-09 02:05:50,201 - DEBUG - Joint score for alpha[9]: 15.9069
2025-08-09 02:05:53,691 - DEBUG - Joint score for alpha[10]: 15.6871
2025-08-09 02:05:57,181 - DEBUG - Joint score for alpha[11]: 15.9208
2025-08-09 02:06:00,672 - DEBUG - Joint score for alpha[12]: 15.5847
2025-08-09 02:06:04,163 - DEBUG - Joint score for alpha[13]: 15.9274
2025-08-09 02:06:07,656 - DEBUG - Joint score for alpha[14]: 15.8785
2025-08-09 02:06:11,148 - DEBUG - Joint score for alpha[15]: 15.7345
2025-08-09 02:06:14,664 - DEBUG - Joint score for alpha[0]: 15.9576
2025-08-09 02:06:18,159 - DEBUG - Joint score for alpha[1]: 15.7646
2025-08-09 02:06:21,651 - DEBUG - Joint score for alpha[2]: 15.6372
2025-08-09 02:06:25,141 - DEBUG - Joint score for alpha[3]: 15.7070
2025-08-09 02:06:28,633 - DEBUG - Joint score for alpha[4]: 15.8639
2025-08-09 02:06:32,124 - DEBUG - Joint score for alpha[5]: 15.8063
2025-08-09 02:06:35,617 - DEBUG - Joint score for alpha[6]: 15.6974
2025-08-09 02:06:39,108 - DEBUG - Joint score for alpha[7]: 15.7960
2025-08-09 02:06:42,600 - DEBUG - Joint score for alpha[8]: 15.5930
2025-08-09 02:06:46,092 - DEBUG - Joint score for alpha[9]: 15.8471
2025-08-09 02:06:49,583 - DEBUG - Joint score for alpha[10]: 15.9217
2025-08-09 02:06:53,075 - DEBUG - Joint score for alpha[11]: 15.7492
2025-08-09 02:06:56,566 - DEBUG - Joint score for alpha[12]: 15.6390
2025-08-09 02:07:00,059 - DEBUG - Joint score for alpha[13]: 15.8583
2025-08-09 02:07:03,552 - DEBUG - Joint score for alpha[14]: 15.6996
2025-08-09 02:07:07,045 - DEBUG - Joint score for alpha[15]: 15.8148
2025-08-09 02:07:10,559 - DEBUG - Joint score for alpha[0]: 15.8112
2025-08-09 02:07:14,055 - DEBUG - Joint score for alpha[1]: 15.6837
2025-08-09 02:07:17,552 - DEBUG - Joint score for alpha[2]: 15.8036
2025-08-09 02:07:21,044 - DEBUG - Joint score for alpha[3]: 16.0296
2025-08-09 02:07:24,537 - DEBUG - Joint score for alpha[4]: 15.6515
2025-08-09 02:07:28,030 - DEBUG - Joint score for alpha[5]: 15.8374
2025-08-09 02:07:31,522 - DEBUG - Joint score for alpha[6]: 15.6985
2025-08-09 02:07:35,013 - DEBUG - Joint score for alpha[7]: 15.8747
2025-08-09 02:07:38,509 - DEBUG - Joint score for alpha[8]: 15.7632
2025-08-09 02:07:42,001 - DEBUG - Joint score for alpha[9]: 15.8025
2025-08-09 02:07:45,495 - DEBUG - Joint score for alpha[10]: 15.9462
2025-08-09 02:07:48,988 - DEBUG - Joint score for alpha[11]: 15.7058
2025-08-09 02:07:52,481 - DEBUG - Joint score for alpha[12]: 15.8049
2025-08-09 02:07:55,975 - DEBUG - Joint score for alpha[13]: 15.7169
2025-08-09 02:07:59,467 - DEBUG - Joint score for alpha[14]: 16.0943
2025-08-09 02:08:02,959 - DEBUG - Joint score for alpha[15]: 15.8985
2025-08-09 02:08:06,474 - DEBUG - Joint score for alpha[0]: 15.8518
2025-08-09 02:08:09,967 - DEBUG - Joint score for alpha[1]: 15.6574
2025-08-09 02:08:13,458 - DEBUG - Joint score for alpha[2]: 15.7635
2025-08-09 02:08:16,948 - DEBUG - Joint score for alpha[3]: 15.8281
2025-08-09 02:08:20,438 - DEBUG - Joint score for alpha[4]: 15.7458
2025-08-09 02:08:23,930 - DEBUG - Joint score for alpha[5]: 15.6656
2025-08-09 02:08:27,420 - DEBUG - Joint score for alpha[6]: 15.7501
2025-08-09 02:08:30,913 - DEBUG - Joint score for alpha[7]: 15.6903
2025-08-09 02:08:34,405 - DEBUG - Joint score for alpha[8]: 15.8226
2025-08-09 02:08:37,898 - DEBUG - Joint score for alpha[9]: 15.6664
2025-08-09 02:08:41,389 - DEBUG - Joint score for alpha[10]: 15.9014
2025-08-09 02:08:44,883 - DEBUG - Joint score for alpha[11]: 16.0884
2025-08-09 02:08:48,375 - DEBUG - Joint score for alpha[12]: 15.7191
2025-08-09 02:08:51,868 - DEBUG - Joint score for alpha[13]: 15.9107
2025-08-09 02:08:55,361 - DEBUG - Joint score for alpha[14]: 15.7622
2025-08-09 02:08:58,853 - DEBUG - Joint score for alpha[15]: 15.8203
2025-08-09 02:09:02,369 - DEBUG - Joint score for alpha[0]: 15.8300
2025-08-09 02:09:05,863 - DEBUG - Joint score for alpha[1]: 15.8079
2025-08-09 02:09:09,355 - DEBUG - Joint score for alpha[2]: 15.8561
2025-08-09 02:09:12,847 - DEBUG - Joint score for alpha[3]: 15.9370
2025-08-09 02:09:16,339 - DEBUG - Joint score for alpha[4]: 15.6523
2025-08-09 02:09:19,832 - DEBUG - Joint score for alpha[5]: 15.6442
2025-08-09 02:09:23,324 - DEBUG - Joint score for alpha[6]: 15.6651
2025-08-09 02:09:26,817 - DEBUG - Joint score for alpha[7]: 15.8000
2025-08-09 02:09:30,308 - DEBUG - Joint score for alpha[8]: 15.6606
2025-08-09 02:09:33,801 - DEBUG - Joint score for alpha[9]: 16.2387
2025-08-09 02:09:37,293 - DEBUG - Joint score for alpha[10]: 15.6536
2025-08-09 02:09:40,784 - DEBUG - Joint score for alpha[11]: 15.8681
2025-08-09 02:09:44,275 - DEBUG - Joint score for alpha[12]: 15.6382
2025-08-09 02:09:47,765 - DEBUG - Joint score for alpha[13]: 15.7636
2025-08-09 02:09:51,256 - DEBUG - Joint score for alpha[14]: 15.5454
2025-08-09 02:09:54,749 - DEBUG - Joint score for alpha[15]: 15.5684
2025-08-09 02:09:54,791 - INFO - Step 50/120: mean ENERGY=15.6064
2025-08-09 02:09:54,792 - DEBUG - Beginning Gibbs iteration s = 50
2025-08-09 02:09:54,990 - DEBUG - Proposal variance adapted: 0.020
2025-08-09 02:09:58,455 - DEBUG - Joint score for alpha[0]: 15.8054
2025-08-09 02:10:01,950 - DEBUG - Joint score for alpha[1]: 15.8633
2025-08-09 02:10:05,443 - DEBUG - Joint score for alpha[2]: 15.6569
2025-08-09 02:10:08,936 - DEBUG - Joint score for alpha[3]: 15.8771
2025-08-09 02:10:12,428 - DEBUG - Joint score for alpha[4]: 15.8277
2025-08-09 02:10:15,920 - DEBUG - Joint score for alpha[5]: 15.5916
2025-08-09 02:10:19,413 - DEBUG - Joint score for alpha[6]: 15.8720
2025-08-09 02:10:22,905 - DEBUG - Joint score for alpha[7]: 15.7479
2025-08-09 02:10:26,398 - DEBUG - Joint score for alpha[8]: 15.6071
2025-08-09 02:10:29,889 - DEBUG - Joint score for alpha[9]: 15.6990
2025-08-09 02:10:33,382 - DEBUG - Joint score for alpha[10]: 15.7110
2025-08-09 02:10:36,876 - DEBUG - Joint score for alpha[11]: 15.7685
2025-08-09 02:10:40,370 - DEBUG - Joint score for alpha[12]: 16.0623
2025-08-09 02:10:43,862 - DEBUG - Joint score for alpha[13]: 15.9847
2025-08-09 02:10:47,356 - DEBUG - Joint score for alpha[14]: 15.6913
2025-08-09 02:10:50,848 - DEBUG - Joint score for alpha[15]: 15.9125
2025-08-09 02:10:54,365 - DEBUG - Joint score for alpha[0]: 15.8601
2025-08-09 02:10:57,857 - DEBUG - Joint score for alpha[1]: 15.9479
2025-08-09 02:11:01,350 - DEBUG - Joint score for alpha[2]: 15.6965
2025-08-09 02:11:04,842 - DEBUG - Joint score for alpha[3]: 15.6930
2025-08-09 02:11:08,335 - DEBUG - Joint score for alpha[4]: 15.8391
2025-08-09 02:11:11,827 - DEBUG - Joint score for alpha[5]: 15.7317
2025-08-09 02:11:15,319 - DEBUG - Joint score for alpha[6]: 15.7339
2025-08-09 02:11:18,810 - DEBUG - Joint score for alpha[7]: 16.0493
2025-08-09 02:11:22,303 - DEBUG - Joint score for alpha[8]: 15.6465
2025-08-09 02:11:25,794 - DEBUG - Joint score for alpha[9]: 15.6703
2025-08-09 02:11:29,287 - DEBUG - Joint score for alpha[10]: 15.8394
2025-08-09 02:11:32,779 - DEBUG - Joint score for alpha[11]: 15.9045
2025-08-09 02:11:36,270 - DEBUG - Joint score for alpha[12]: 15.8155
2025-08-09 02:11:39,761 - DEBUG - Joint score for alpha[13]: 15.6261
2025-08-09 02:11:43,254 - DEBUG - Joint score for alpha[14]: 15.8574
2025-08-09 02:11:46,745 - DEBUG - Joint score for alpha[15]: 15.7789
2025-08-09 02:11:50,262 - DEBUG - Joint score for alpha[0]: 15.7852
2025-08-09 02:11:53,757 - DEBUG - Joint score for alpha[1]: 15.6456
2025-08-09 02:11:57,249 - DEBUG - Joint score for alpha[2]: 15.5753
2025-08-09 02:12:00,742 - DEBUG - Joint score for alpha[3]: 15.7944
2025-08-09 02:12:04,232 - DEBUG - Joint score for alpha[4]: 15.8139
2025-08-09 02:12:07,723 - DEBUG - Joint score for alpha[5]: 15.6255
2025-08-09 02:12:11,215 - DEBUG - Joint score for alpha[6]: 15.6320
2025-08-09 02:12:14,708 - DEBUG - Joint score for alpha[7]: 15.7354
2025-08-09 02:12:18,198 - DEBUG - Joint score for alpha[8]: 15.6745
2025-08-09 02:12:21,692 - DEBUG - Joint score for alpha[9]: 15.7189
2025-08-09 02:12:25,185 - DEBUG - Joint score for alpha[10]: 15.7326
2025-08-09 02:12:28,676 - DEBUG - Joint score for alpha[11]: 15.5155
2025-08-09 02:12:32,167 - DEBUG - Joint score for alpha[12]: 15.7859
2025-08-09 02:12:35,660 - DEBUG - Joint score for alpha[13]: 15.9638
2025-08-09 02:12:39,152 - DEBUG - Joint score for alpha[14]: 15.7980
2025-08-09 02:12:42,646 - DEBUG - Joint score for alpha[15]: 15.7387
2025-08-09 02:12:46,164 - DEBUG - Joint score for alpha[0]: 15.5786
2025-08-09 02:12:49,660 - DEBUG - Joint score for alpha[1]: 15.7369
2025-08-09 02:12:53,152 - DEBUG - Joint score for alpha[2]: 15.8307
2025-08-09 02:12:56,644 - DEBUG - Joint score for alpha[3]: 15.8287
2025-08-09 02:13:00,137 - DEBUG - Joint score for alpha[4]: 15.7326
2025-08-09 02:13:03,632 - DEBUG - Joint score for alpha[5]: 16.0442
2025-08-09 02:13:07,125 - DEBUG - Joint score for alpha[6]: 16.1046
2025-08-09 02:13:10,619 - DEBUG - Joint score for alpha[7]: 15.8324
2025-08-09 02:13:14,112 - DEBUG - Joint score for alpha[8]: 15.7168
2025-08-09 02:13:17,605 - DEBUG - Joint score for alpha[9]: 15.7890
2025-08-09 02:13:21,097 - DEBUG - Joint score for alpha[10]: 15.7358
2025-08-09 02:13:24,589 - DEBUG - Joint score for alpha[11]: 15.6213
2025-08-09 02:13:28,080 - DEBUG - Joint score for alpha[12]: 15.9401
2025-08-09 02:13:31,575 - DEBUG - Joint score for alpha[13]: 15.7469
2025-08-09 02:13:35,066 - DEBUG - Joint score for alpha[14]: 15.6814
2025-08-09 02:13:38,557 - DEBUG - Joint score for alpha[15]: 15.6766
2025-08-09 02:13:42,072 - DEBUG - Joint score for alpha[0]: 15.7412
2025-08-09 02:13:45,565 - DEBUG - Joint score for alpha[1]: 15.5921
2025-08-09 02:13:49,059 - DEBUG - Joint score for alpha[2]: 15.6024
2025-08-09 02:13:52,551 - DEBUG - Joint score for alpha[3]: 15.6846
2025-08-09 02:13:56,044 - DEBUG - Joint score for alpha[4]: 15.9140
2025-08-09 02:13:59,535 - DEBUG - Joint score for alpha[5]: 15.8005
2025-08-09 02:14:03,027 - DEBUG - Joint score for alpha[6]: 15.6276
2025-08-09 02:14:06,519 - DEBUG - Joint score for alpha[7]: 15.8901
2025-08-09 02:14:10,012 - DEBUG - Joint score for alpha[8]: 15.7955
2025-08-09 02:14:13,503 - DEBUG - Joint score for alpha[9]: 15.8074
2025-08-09 02:14:16,994 - DEBUG - Joint score for alpha[10]: 15.8641
2025-08-09 02:14:20,486 - DEBUG - Joint score for alpha[11]: 16.1413
2025-08-09 02:14:23,976 - DEBUG - Joint score for alpha[12]: 15.7449
2025-08-09 02:14:27,469 - DEBUG - Joint score for alpha[13]: 15.8012
2025-08-09 02:14:30,960 - DEBUG - Joint score for alpha[14]: 15.8491
2025-08-09 02:14:34,452 - DEBUG - Joint score for alpha[15]: 15.8610
2025-08-09 02:14:34,494 - INFO - Step 51/120: mean ENERGY=15.5808
2025-08-09 02:14:34,495 - DEBUG - Beginning Gibbs iteration s = 51
2025-08-09 02:14:38,266 - DEBUG - Joint score for alpha[0]: 15.7470
2025-08-09 02:14:41,761 - DEBUG - Joint score for alpha[1]: 15.6866
2025-08-09 02:14:45,255 - DEBUG - Joint score for alpha[2]: 15.8325
2025-08-09 02:14:48,747 - DEBUG - Joint score for alpha[3]: 15.8388
2025-08-09 02:14:52,240 - DEBUG - Joint score for alpha[4]: 15.6644
2025-08-09 02:14:55,731 - DEBUG - Joint score for alpha[5]: 15.9676
2025-08-09 02:14:59,224 - DEBUG - Joint score for alpha[6]: 15.8012
2025-08-09 02:15:02,716 - DEBUG - Joint score for alpha[7]: 15.7966
2025-08-09 02:15:06,208 - DEBUG - Joint score for alpha[8]: 15.9453
2025-08-09 02:15:09,700 - DEBUG - Joint score for alpha[9]: 15.9556
2025-08-09 02:15:13,192 - DEBUG - Joint score for alpha[10]: 15.9004
2025-08-09 02:15:16,685 - DEBUG - Joint score for alpha[11]: 15.8102
2025-08-09 02:15:20,177 - DEBUG - Joint score for alpha[12]: 15.8814
2025-08-09 02:15:23,672 - DEBUG - Joint score for alpha[13]: 15.8041
2025-08-09 02:15:27,163 - DEBUG - Joint score for alpha[14]: 15.8997
2025-08-09 02:15:30,655 - DEBUG - Joint score for alpha[15]: 15.7120
2025-08-09 02:15:34,170 - DEBUG - Joint score for alpha[0]: 15.8818
2025-08-09 02:15:37,665 - DEBUG - Joint score for alpha[1]: 15.9848
2025-08-09 02:15:41,158 - DEBUG - Joint score for alpha[2]: 15.7450
2025-08-09 02:15:44,650 - DEBUG - Joint score for alpha[3]: 15.8540
2025-08-09 02:15:48,141 - DEBUG - Joint score for alpha[4]: 15.9440
2025-08-09 02:15:51,635 - DEBUG - Joint score for alpha[5]: 16.0463
2025-08-09 02:15:55,128 - DEBUG - Joint score for alpha[6]: 15.7811
2025-08-09 02:15:58,620 - DEBUG - Joint score for alpha[7]: 15.9435
2025-08-09 02:16:02,113 - DEBUG - Joint score for alpha[8]: 15.7951
2025-08-09 02:16:05,604 - DEBUG - Joint score for alpha[9]: 15.7340
2025-08-09 02:16:09,099 - DEBUG - Joint score for alpha[10]: 15.7860
2025-08-09 02:16:12,590 - DEBUG - Joint score for alpha[11]: 15.8224
2025-08-09 02:16:16,083 - DEBUG - Joint score for alpha[12]: 15.9846
2025-08-09 02:16:19,575 - DEBUG - Joint score for alpha[13]: 15.6842
2025-08-09 02:16:23,068 - DEBUG - Joint score for alpha[14]: 15.8441
2025-08-09 02:16:26,561 - DEBUG - Joint score for alpha[15]: 15.8732
2025-08-09 02:16:30,077 - DEBUG - Joint score for alpha[0]: 15.8245
2025-08-09 02:16:33,572 - DEBUG - Joint score for alpha[1]: 15.8877
2025-08-09 02:16:37,064 - DEBUG - Joint score for alpha[2]: 15.7083
2025-08-09 02:16:40,555 - DEBUG - Joint score for alpha[3]: 15.7853
2025-08-09 02:16:44,048 - DEBUG - Joint score for alpha[4]: 15.8313
2025-08-09 02:16:47,539 - DEBUG - Joint score for alpha[5]: 16.1820
2025-08-09 02:16:51,030 - DEBUG - Joint score for alpha[6]: 15.7054
2025-08-09 02:16:54,522 - DEBUG - Joint score for alpha[7]: 15.7126
2025-08-09 02:16:58,015 - DEBUG - Joint score for alpha[8]: 15.8816
2025-08-09 02:17:01,507 - DEBUG - Joint score for alpha[9]: 15.7658
2025-08-09 02:17:04,997 - DEBUG - Joint score for alpha[10]: 15.8211
2025-08-09 02:17:08,489 - DEBUG - Joint score for alpha[11]: 15.7158
2025-08-09 02:17:11,981 - DEBUG - Joint score for alpha[12]: 15.9257
2025-08-09 02:17:15,473 - DEBUG - Joint score for alpha[13]: 15.9955
2025-08-09 02:17:18,963 - DEBUG - Joint score for alpha[14]: 15.9832
2025-08-09 02:17:22,455 - DEBUG - Joint score for alpha[15]: 15.7124
2025-08-09 02:17:25,970 - DEBUG - Joint score for alpha[0]: 16.0084
2025-08-09 02:17:29,468 - DEBUG - Joint score for alpha[1]: 15.9865
2025-08-09 02:17:32,960 - DEBUG - Joint score for alpha[2]: 15.7902
2025-08-09 02:17:36,453 - DEBUG - Joint score for alpha[3]: 15.8415
2025-08-09 02:17:39,948 - DEBUG - Joint score for alpha[4]: 15.8260
2025-08-09 02:17:43,439 - DEBUG - Joint score for alpha[5]: 15.6391
2025-08-09 02:17:46,934 - DEBUG - Joint score for alpha[6]: 15.5864
2025-08-09 02:17:50,425 - DEBUG - Joint score for alpha[7]: 15.7910
2025-08-09 02:17:53,917 - DEBUG - Joint score for alpha[8]: 16.0593
2025-08-09 02:17:57,409 - DEBUG - Joint score for alpha[9]: 15.7745
2025-08-09 02:18:00,900 - DEBUG - Joint score for alpha[10]: 15.8832
2025-08-09 02:18:04,393 - DEBUG - Joint score for alpha[11]: 15.8889
2025-08-09 02:18:07,885 - DEBUG - Joint score for alpha[12]: 15.8248
2025-08-09 02:18:11,376 - DEBUG - Joint score for alpha[13]: 15.8391
2025-08-09 02:18:14,867 - DEBUG - Joint score for alpha[14]: 15.8561
2025-08-09 02:18:18,360 - DEBUG - Joint score for alpha[15]: 15.9854
2025-08-09 02:18:21,875 - DEBUG - Joint score for alpha[0]: 15.9434
2025-08-09 02:18:25,370 - DEBUG - Joint score for alpha[1]: 15.9004
2025-08-09 02:18:28,862 - DEBUG - Joint score for alpha[2]: 15.6921
2025-08-09 02:18:32,355 - DEBUG - Joint score for alpha[3]: 15.8451
2025-08-09 02:18:35,846 - DEBUG - Joint score for alpha[4]: 15.5597
2025-08-09 02:18:39,341 - DEBUG - Joint score for alpha[5]: 15.7353
2025-08-09 02:18:42,832 - DEBUG - Joint score for alpha[6]: 16.0691
2025-08-09 02:18:46,325 - DEBUG - Joint score for alpha[7]: 15.8381
2025-08-09 02:18:49,819 - DEBUG - Joint score for alpha[8]: 15.7610
2025-08-09 02:18:53,312 - DEBUG - Joint score for alpha[9]: 15.8565
2025-08-09 02:18:56,805 - DEBUG - Joint score for alpha[10]: 16.0026
2025-08-09 02:19:00,296 - DEBUG - Joint score for alpha[11]: 15.7961
2025-08-09 02:19:03,788 - DEBUG - Joint score for alpha[12]: 15.8452
2025-08-09 02:19:07,281 - DEBUG - Joint score for alpha[13]: 15.9557
2025-08-09 02:19:10,774 - DEBUG - Joint score for alpha[14]: 16.0524
2025-08-09 02:19:14,267 - DEBUG - Joint score for alpha[15]: 15.6697
2025-08-09 02:19:14,308 - INFO - Step 52/120: mean ENERGY=15.6400
2025-08-09 02:19:14,309 - DEBUG - Beginning Gibbs iteration s = 52
2025-08-09 02:19:17,965 - DEBUG - Joint score for alpha[0]: 15.6346
2025-08-09 02:19:21,461 - DEBUG - Joint score for alpha[1]: 15.8373
2025-08-09 02:19:24,954 - DEBUG - Joint score for alpha[2]: 15.8691
2025-08-09 02:19:28,447 - DEBUG - Joint score for alpha[3]: 16.0645
2025-08-09 02:19:31,940 - DEBUG - Joint score for alpha[4]: 15.7952
2025-08-09 02:19:35,433 - DEBUG - Joint score for alpha[5]: 15.6654
2025-08-09 02:19:38,927 - DEBUG - Joint score for alpha[6]: 15.8751
2025-08-09 02:19:42,420 - DEBUG - Joint score for alpha[7]: 15.5006
2025-08-09 02:19:45,913 - DEBUG - Joint score for alpha[8]: 15.8100
2025-08-09 02:19:49,405 - DEBUG - Joint score for alpha[9]: 16.0123
2025-08-09 02:19:52,897 - DEBUG - Joint score for alpha[10]: 15.7789
2025-08-09 02:19:56,391 - DEBUG - Joint score for alpha[11]: 15.6969
2025-08-09 02:19:59,885 - DEBUG - Joint score for alpha[12]: 15.7431
2025-08-09 02:20:03,378 - DEBUG - Joint score for alpha[13]: 15.6475
2025-08-09 02:20:06,871 - DEBUG - Joint score for alpha[14]: 15.7959
2025-08-09 02:20:10,366 - DEBUG - Joint score for alpha[15]: 15.6467
2025-08-09 02:20:13,882 - DEBUG - Joint score for alpha[0]: 15.7863
2025-08-09 02:20:17,383 - DEBUG - Joint score for alpha[1]: 15.8812
2025-08-09 02:20:20,877 - DEBUG - Joint score for alpha[2]: 15.7710
2025-08-09 02:20:24,373 - DEBUG - Joint score for alpha[3]: 15.6202
2025-08-09 02:20:27,869 - DEBUG - Joint score for alpha[4]: 15.7855
2025-08-09 02:20:31,365 - DEBUG - Joint score for alpha[5]: 15.9135
2025-08-09 02:20:34,862 - DEBUG - Joint score for alpha[6]: 15.7271
2025-08-09 02:20:38,359 - DEBUG - Joint score for alpha[7]: 15.6604
2025-08-09 02:20:41,857 - DEBUG - Joint score for alpha[8]: 15.8533
2025-08-09 02:20:45,354 - DEBUG - Joint score for alpha[9]: 15.6800
2025-08-09 02:20:48,852 - DEBUG - Joint score for alpha[10]: 15.9408
2025-08-09 02:20:52,347 - DEBUG - Joint score for alpha[11]: 15.6195
2025-08-09 02:20:55,845 - DEBUG - Joint score for alpha[12]: 15.8671
2025-08-09 02:20:59,340 - DEBUG - Joint score for alpha[13]: 15.7291
2025-08-09 02:21:02,835 - DEBUG - Joint score for alpha[14]: 15.6251
2025-08-09 02:21:06,329 - DEBUG - Joint score for alpha[15]: 15.9322
2025-08-09 02:21:09,846 - DEBUG - Joint score for alpha[0]: 15.5996
2025-08-09 02:21:13,342 - DEBUG - Joint score for alpha[1]: 15.6089
2025-08-09 02:21:16,835 - DEBUG - Joint score for alpha[2]: 15.4964
2025-08-09 02:21:20,328 - DEBUG - Joint score for alpha[3]: 15.7924
2025-08-09 02:21:23,824 - DEBUG - Joint score for alpha[4]: 15.8297
2025-08-09 02:21:27,317 - DEBUG - Joint score for alpha[5]: 15.8882
2025-08-09 02:21:30,810 - DEBUG - Joint score for alpha[6]: 15.6651
2025-08-09 02:21:34,304 - DEBUG - Joint score for alpha[7]: 15.5998
2025-08-09 02:21:37,798 - DEBUG - Joint score for alpha[8]: 15.6156
2025-08-09 02:21:41,292 - DEBUG - Joint score for alpha[9]: 15.7686
2025-08-09 02:21:44,789 - DEBUG - Joint score for alpha[10]: 15.7372
2025-08-09 02:21:48,283 - DEBUG - Joint score for alpha[11]: 15.7639
2025-08-09 02:21:51,777 - DEBUG - Joint score for alpha[12]: 15.7832
2025-08-09 02:21:55,272 - DEBUG - Joint score for alpha[13]: 15.5536
2025-08-09 02:21:58,767 - DEBUG - Joint score for alpha[14]: 15.8658
2025-08-09 02:22:02,262 - DEBUG - Joint score for alpha[15]: 15.8352
2025-08-09 02:22:05,780 - DEBUG - Joint score for alpha[0]: 15.6844
2025-08-09 02:22:09,277 - DEBUG - Joint score for alpha[1]: 15.5614
2025-08-09 02:22:12,772 - DEBUG - Joint score for alpha[2]: 15.7812
2025-08-09 02:22:16,267 - DEBUG - Joint score for alpha[3]: 15.8500
2025-08-09 02:22:19,761 - DEBUG - Joint score for alpha[4]: 15.7676
2025-08-09 02:22:23,255 - DEBUG - Joint score for alpha[5]: 15.9076
2025-08-09 02:22:26,750 - DEBUG - Joint score for alpha[6]: 15.9028
2025-08-09 02:22:30,245 - DEBUG - Joint score for alpha[7]: 15.7243
2025-08-09 02:22:33,739 - DEBUG - Joint score for alpha[8]: 15.7417
2025-08-09 02:22:37,234 - DEBUG - Joint score for alpha[9]: 15.6116
2025-08-09 02:22:40,727 - DEBUG - Joint score for alpha[10]: 15.8945
2025-08-09 02:22:44,221 - DEBUG - Joint score for alpha[11]: 15.7309
2025-08-09 02:22:47,714 - DEBUG - Joint score for alpha[12]: 15.6898
2025-08-09 02:22:51,207 - DEBUG - Joint score for alpha[13]: 15.9500
2025-08-09 02:22:54,700 - DEBUG - Joint score for alpha[14]: 15.7826
2025-08-09 02:22:58,193 - DEBUG - Joint score for alpha[15]: 15.6824
2025-08-09 02:23:01,708 - DEBUG - Joint score for alpha[0]: 15.5051
2025-08-09 02:23:05,202 - DEBUG - Joint score for alpha[1]: 15.7206
2025-08-09 02:23:08,696 - DEBUG - Joint score for alpha[2]: 15.7261
2025-08-09 02:23:12,191 - DEBUG - Joint score for alpha[3]: 15.7772
2025-08-09 02:23:15,686 - DEBUG - Joint score for alpha[4]: 15.7209
2025-08-09 02:23:19,179 - DEBUG - Joint score for alpha[5]: 16.0471
2025-08-09 02:23:22,673 - DEBUG - Joint score for alpha[6]: 15.8298
2025-08-09 02:23:26,167 - DEBUG - Joint score for alpha[7]: 15.7140
2025-08-09 02:23:29,662 - DEBUG - Joint score for alpha[8]: 15.7576
2025-08-09 02:23:33,156 - DEBUG - Joint score for alpha[9]: 15.7996
2025-08-09 02:23:36,648 - DEBUG - Joint score for alpha[10]: 15.7889
2025-08-09 02:23:40,142 - DEBUG - Joint score for alpha[11]: 15.6523
2025-08-09 02:23:43,636 - DEBUG - Joint score for alpha[12]: 15.6653
2025-08-09 02:23:47,130 - DEBUG - Joint score for alpha[13]: 15.6882
2025-08-09 02:23:50,624 - DEBUG - Joint score for alpha[14]: 15.7289
2025-08-09 02:23:54,117 - DEBUG - Joint score for alpha[15]: 15.8099
2025-08-09 02:23:54,160 - INFO - Step 53/120: mean ENERGY=15.5366
2025-08-09 02:23:54,161 - DEBUG - Beginning Gibbs iteration s = 53
2025-08-09 02:23:57,695 - DEBUG - Joint score for alpha[0]: 15.8518
2025-08-09 02:24:01,191 - DEBUG - Joint score for alpha[1]: 15.9237
2025-08-09 02:24:04,685 - DEBUG - Joint score for alpha[2]: 16.3503
2025-08-09 02:24:08,179 - DEBUG - Joint score for alpha[3]: 15.8233
2025-08-09 02:24:11,671 - DEBUG - Joint score for alpha[4]: 15.9915
2025-08-09 02:24:15,166 - DEBUG - Joint score for alpha[5]: 15.9940
2025-08-09 02:24:18,659 - DEBUG - Joint score for alpha[6]: 15.9350
2025-08-09 02:24:22,155 - DEBUG - Joint score for alpha[7]: 15.7479
2025-08-09 02:24:25,649 - DEBUG - Joint score for alpha[8]: 15.7149
2025-08-09 02:24:29,144 - DEBUG - Joint score for alpha[9]: 15.9296
2025-08-09 02:24:32,638 - DEBUG - Joint score for alpha[10]: 15.6108
2025-08-09 02:24:36,133 - DEBUG - Joint score for alpha[11]: 15.8063
2025-08-09 02:24:39,627 - DEBUG - Joint score for alpha[12]: 15.7911
2025-08-09 02:24:43,121 - DEBUG - Joint score for alpha[13]: 15.8419
2025-08-09 02:24:46,617 - DEBUG - Joint score for alpha[14]: 15.9401
2025-08-09 02:24:50,110 - DEBUG - Joint score for alpha[15]: 15.7776
2025-08-09 02:24:53,629 - DEBUG - Joint score for alpha[0]: 15.8250
2025-08-09 02:24:57,129 - DEBUG - Joint score for alpha[1]: 15.7498
2025-08-09 02:25:00,625 - DEBUG - Joint score for alpha[2]: 15.8669
2025-08-09 02:25:04,121 - DEBUG - Joint score for alpha[3]: 15.9198
2025-08-09 02:25:07,616 - DEBUG - Joint score for alpha[4]: 15.8713
2025-08-09 02:25:11,110 - DEBUG - Joint score for alpha[5]: 15.8827
2025-08-09 02:25:14,604 - DEBUG - Joint score for alpha[6]: 15.6549
2025-08-09 02:25:18,100 - DEBUG - Joint score for alpha[7]: 15.4751
2025-08-09 02:25:21,594 - DEBUG - Joint score for alpha[8]: 15.9151
2025-08-09 02:25:25,089 - DEBUG - Joint score for alpha[9]: 15.7182
2025-08-09 02:25:28,584 - DEBUG - Joint score for alpha[10]: 15.8494
2025-08-09 02:25:32,077 - DEBUG - Joint score for alpha[11]: 15.7509
2025-08-09 02:25:35,571 - DEBUG - Joint score for alpha[12]: 16.0312
2025-08-09 02:25:39,065 - DEBUG - Joint score for alpha[13]: 15.8192
2025-08-09 02:25:42,558 - DEBUG - Joint score for alpha[14]: 15.7950
2025-08-09 02:25:46,050 - DEBUG - Joint score for alpha[15]: 15.7024
2025-08-09 02:25:49,565 - DEBUG - Joint score for alpha[0]: 15.7165
2025-08-09 02:25:53,060 - DEBUG - Joint score for alpha[1]: 15.7822
2025-08-09 02:25:56,555 - DEBUG - Joint score for alpha[2]: 15.5552
2025-08-09 02:26:00,049 - DEBUG - Joint score for alpha[3]: 15.8709
2025-08-09 02:26:03,544 - DEBUG - Joint score for alpha[4]: 16.0163
2025-08-09 02:26:07,039 - DEBUG - Joint score for alpha[5]: 15.6589
2025-08-09 02:26:10,533 - DEBUG - Joint score for alpha[6]: 15.5524
2025-08-09 02:26:14,027 - DEBUG - Joint score for alpha[7]: 16.0452
2025-08-09 02:26:17,522 - DEBUG - Joint score for alpha[8]: 15.7999
2025-08-09 02:26:21,015 - DEBUG - Joint score for alpha[9]: 15.5568
2025-08-09 02:26:24,510 - DEBUG - Joint score for alpha[10]: 15.7634
2025-08-09 02:26:28,005 - DEBUG - Joint score for alpha[11]: 15.7390
2025-08-09 02:26:31,498 - DEBUG - Joint score for alpha[12]: 15.7795
2025-08-09 02:26:34,994 - DEBUG - Joint score for alpha[13]: 15.7574
2025-08-09 02:26:38,490 - DEBUG - Joint score for alpha[14]: 15.8948
2025-08-09 02:26:41,984 - DEBUG - Joint score for alpha[15]: 15.8161
2025-08-09 02:26:45,500 - DEBUG - Joint score for alpha[0]: 15.8609
2025-08-09 02:26:48,996 - DEBUG - Joint score for alpha[1]: 15.8824
2025-08-09 02:26:52,490 - DEBUG - Joint score for alpha[2]: 15.9053
2025-08-09 02:26:55,985 - DEBUG - Joint score for alpha[3]: 15.6619
2025-08-09 02:26:59,477 - DEBUG - Joint score for alpha[4]: 15.8444
2025-08-09 02:27:02,970 - DEBUG - Joint score for alpha[5]: 15.7559
2025-08-09 02:27:06,465 - DEBUG - Joint score for alpha[6]: 15.5973
2025-08-09 02:27:09,958 - DEBUG - Joint score for alpha[7]: 15.6663
2025-08-09 02:27:13,453 - DEBUG - Joint score for alpha[8]: 15.7647
2025-08-09 02:27:16,948 - DEBUG - Joint score for alpha[9]: 15.7621
2025-08-09 02:27:20,442 - DEBUG - Joint score for alpha[10]: 16.0230
2025-08-09 02:27:23,937 - DEBUG - Joint score for alpha[11]: 15.7075
2025-08-09 02:27:27,431 - DEBUG - Joint score for alpha[12]: 15.8334
2025-08-09 02:27:30,927 - DEBUG - Joint score for alpha[13]: 15.8249
2025-08-09 02:27:34,421 - DEBUG - Joint score for alpha[14]: 15.5487
2025-08-09 02:27:37,915 - DEBUG - Joint score for alpha[15]: 15.8260
2025-08-09 02:27:41,431 - DEBUG - Joint score for alpha[0]: 15.6731
2025-08-09 02:27:44,927 - DEBUG - Joint score for alpha[1]: 15.7564
2025-08-09 02:27:48,420 - DEBUG - Joint score for alpha[2]: 15.9452
2025-08-09 02:27:51,913 - DEBUG - Joint score for alpha[3]: 15.7796
2025-08-09 02:27:55,407 - DEBUG - Joint score for alpha[4]: 15.8772
2025-08-09 02:27:58,900 - DEBUG - Joint score for alpha[5]: 15.9489
2025-08-09 02:28:02,393 - DEBUG - Joint score for alpha[6]: 15.8877
2025-08-09 02:28:05,887 - DEBUG - Joint score for alpha[7]: 15.8190
2025-08-09 02:28:09,380 - DEBUG - Joint score for alpha[8]: 15.8377
2025-08-09 02:28:12,873 - DEBUG - Joint score for alpha[9]: 15.8313
2025-08-09 02:28:16,365 - DEBUG - Joint score for alpha[10]: 15.9822
2025-08-09 02:28:19,859 - DEBUG - Joint score for alpha[11]: 15.8320
2025-08-09 02:28:23,353 - DEBUG - Joint score for alpha[12]: 15.6123
2025-08-09 02:28:26,846 - DEBUG - Joint score for alpha[13]: 15.7276
2025-08-09 02:28:30,341 - DEBUG - Joint score for alpha[14]: 15.8272
2025-08-09 02:28:33,834 - DEBUG - Joint score for alpha[15]: 16.0378
2025-08-09 02:28:33,876 - INFO - Step 54/120: mean ENERGY=15.5599
2025-08-09 02:28:33,879 - DEBUG - Beginning Gibbs iteration s = 54
2025-08-09 02:28:37,497 - DEBUG - Joint score for alpha[0]: 16.0267
2025-08-09 02:28:40,993 - DEBUG - Joint score for alpha[1]: 15.8185
2025-08-09 02:28:44,487 - DEBUG - Joint score for alpha[2]: 16.1042
2025-08-09 02:28:47,983 - DEBUG - Joint score for alpha[3]: 15.8153
2025-08-09 02:28:51,477 - DEBUG - Joint score for alpha[4]: 15.7400
2025-08-09 02:28:54,973 - DEBUG - Joint score for alpha[5]: 16.0090
2025-08-09 02:28:58,467 - DEBUG - Joint score for alpha[6]: 15.7796
2025-08-09 02:29:01,961 - DEBUG - Joint score for alpha[7]: 15.8637
2025-08-09 02:29:05,454 - DEBUG - Joint score for alpha[8]: 15.5883
2025-08-09 02:29:08,947 - DEBUG - Joint score for alpha[9]: 15.6249
2025-08-09 02:29:12,440 - DEBUG - Joint score for alpha[10]: 15.9767
2025-08-09 02:29:15,933 - DEBUG - Joint score for alpha[11]: 15.7097
2025-08-09 02:29:19,426 - DEBUG - Joint score for alpha[12]: 15.9088
2025-08-09 02:29:22,919 - DEBUG - Joint score for alpha[13]: 15.5921
2025-08-09 02:29:26,411 - DEBUG - Joint score for alpha[14]: 15.7592
2025-08-09 02:29:29,904 - DEBUG - Joint score for alpha[15]: 15.8723
2025-08-09 02:29:33,419 - DEBUG - Joint score for alpha[0]: 15.6958
2025-08-09 02:29:36,914 - DEBUG - Joint score for alpha[1]: 15.6752
2025-08-09 02:29:40,407 - DEBUG - Joint score for alpha[2]: 15.8554
2025-08-09 02:29:43,902 - DEBUG - Joint score for alpha[3]: 15.7410
2025-08-09 02:29:47,396 - DEBUG - Joint score for alpha[4]: 15.8489
2025-08-09 02:29:50,890 - DEBUG - Joint score for alpha[5]: 15.6152
2025-08-09 02:29:54,385 - DEBUG - Joint score for alpha[6]: 15.8061
2025-08-09 02:29:57,877 - DEBUG - Joint score for alpha[7]: 15.6432
2025-08-09 02:30:01,371 - DEBUG - Joint score for alpha[8]: 15.6673
2025-08-09 02:30:04,863 - DEBUG - Joint score for alpha[9]: 15.8092
2025-08-09 02:30:08,356 - DEBUG - Joint score for alpha[10]: 15.7380
2025-08-09 02:30:11,849 - DEBUG - Joint score for alpha[11]: 15.5866
2025-08-09 02:30:15,342 - DEBUG - Joint score for alpha[12]: 15.7409
2025-08-09 02:30:18,835 - DEBUG - Joint score for alpha[13]: 15.9054
2025-08-09 02:30:22,329 - DEBUG - Joint score for alpha[14]: 15.6801
2025-08-09 02:30:25,820 - DEBUG - Joint score for alpha[15]: 15.7957
2025-08-09 02:30:29,336 - DEBUG - Joint score for alpha[0]: 15.8133
2025-08-09 02:30:32,834 - DEBUG - Joint score for alpha[1]: 15.5743
2025-08-09 02:30:36,329 - DEBUG - Joint score for alpha[2]: 15.7554
2025-08-09 02:30:39,823 - DEBUG - Joint score for alpha[3]: 15.4991
2025-08-09 02:30:43,318 - DEBUG - Joint score for alpha[4]: 16.1198
2025-08-09 02:30:46,812 - DEBUG - Joint score for alpha[5]: 15.6484
2025-08-09 02:30:50,304 - DEBUG - Joint score for alpha[6]: 15.6021
2025-08-09 02:30:53,797 - DEBUG - Joint score for alpha[7]: 15.7171
2025-08-09 02:30:57,291 - DEBUG - Joint score for alpha[8]: 15.9321
2025-08-09 02:31:00,782 - DEBUG - Joint score for alpha[9]: 15.8438
2025-08-09 02:31:04,277 - DEBUG - Joint score for alpha[10]: 15.6116
2025-08-09 02:31:07,770 - DEBUG - Joint score for alpha[11]: 15.8753
2025-08-09 02:31:11,262 - DEBUG - Joint score for alpha[12]: 15.5428
2025-08-09 02:31:14,753 - DEBUG - Joint score for alpha[13]: 15.8841
2025-08-09 02:31:18,244 - DEBUG - Joint score for alpha[14]: 15.7078
2025-08-09 02:31:21,735 - DEBUG - Joint score for alpha[15]: 15.7211
2025-08-09 02:31:25,396 - DEBUG - Joint score for alpha[0]: 15.7834
2025-08-09 02:31:28,892 - DEBUG - Joint score for alpha[1]: 15.6654
2025-08-09 02:31:32,384 - DEBUG - Joint score for alpha[2]: 15.7158
2025-08-09 02:31:35,875 - DEBUG - Joint score for alpha[3]: 16.0486
2025-08-09 02:31:39,369 - DEBUG - Joint score for alpha[4]: 15.8685
2025-08-09 02:31:42,861 - DEBUG - Joint score for alpha[5]: 15.9720
2025-08-09 02:31:46,353 - DEBUG - Joint score for alpha[6]: 15.8187
2025-08-09 02:31:49,845 - DEBUG - Joint score for alpha[7]: 15.9785
2025-08-09 02:31:53,339 - DEBUG - Joint score for alpha[8]: 15.6694
2025-08-09 02:31:56,831 - DEBUG - Joint score for alpha[9]: 15.7592
2025-08-09 02:32:00,325 - DEBUG - Joint score for alpha[10]: 15.7094
2025-08-09 02:32:03,816 - DEBUG - Joint score for alpha[11]: 15.8156
2025-08-09 02:32:07,311 - DEBUG - Joint score for alpha[12]: 15.9286
2025-08-09 02:32:10,804 - DEBUG - Joint score for alpha[13]: 15.7011
2025-08-09 02:32:14,298 - DEBUG - Joint score for alpha[14]: 15.7189
2025-08-09 02:32:17,791 - DEBUG - Joint score for alpha[15]: 15.7676
2025-08-09 02:32:21,308 - DEBUG - Joint score for alpha[0]: 15.9839
2025-08-09 02:32:24,804 - DEBUG - Joint score for alpha[1]: 15.8855
2025-08-09 02:32:28,296 - DEBUG - Joint score for alpha[2]: 15.7936
2025-08-09 02:32:31,787 - DEBUG - Joint score for alpha[3]: 15.9767
2025-08-09 02:32:35,278 - DEBUG - Joint score for alpha[4]: 15.5537
2025-08-09 02:32:38,772 - DEBUG - Joint score for alpha[5]: 15.6219
2025-08-09 02:32:42,268 - DEBUG - Joint score for alpha[6]: 15.5979
2025-08-09 02:32:45,763 - DEBUG - Joint score for alpha[7]: 15.7551
2025-08-09 02:32:49,255 - DEBUG - Joint score for alpha[8]: 15.6391
2025-08-09 02:32:52,749 - DEBUG - Joint score for alpha[9]: 15.9655
2025-08-09 02:32:56,244 - DEBUG - Joint score for alpha[10]: 15.9284
2025-08-09 02:32:59,736 - DEBUG - Joint score for alpha[11]: 15.8061
2025-08-09 02:33:03,227 - DEBUG - Joint score for alpha[12]: 15.7966
2025-08-09 02:33:06,718 - DEBUG - Joint score for alpha[13]: 15.8113
2025-08-09 02:33:10,211 - DEBUG - Joint score for alpha[14]: 15.6526
2025-08-09 02:33:13,702 - DEBUG - Joint score for alpha[15]: 15.8502
2025-08-09 02:33:13,745 - INFO - Step 55/120: mean ENERGY=15.5786
2025-08-09 02:33:13,748 - DEBUG - Beginning Gibbs iteration s = 55
2025-08-09 02:33:13,886 - DEBUG - Proposal variance adapted: 0.017
2025-08-09 02:33:17,352 - DEBUG - Joint score for alpha[0]: 15.8430
2025-08-09 02:33:20,848 - DEBUG - Joint score for alpha[1]: 15.6530
2025-08-09 02:33:24,343 - DEBUG - Joint score for alpha[2]: 15.7134
2025-08-09 02:33:27,835 - DEBUG - Joint score for alpha[3]: 15.9008
2025-08-09 02:33:31,328 - DEBUG - Joint score for alpha[4]: 15.8267
2025-08-09 02:33:34,821 - DEBUG - Joint score for alpha[5]: 15.8919
2025-08-09 02:33:38,315 - DEBUG - Joint score for alpha[6]: 15.7120
2025-08-09 02:33:41,809 - DEBUG - Joint score for alpha[7]: 15.9102
2025-08-09 02:33:45,300 - DEBUG - Joint score for alpha[8]: 15.5272
2025-08-09 02:33:48,793 - DEBUG - Joint score for alpha[9]: 15.8238
2025-08-09 02:33:52,286 - DEBUG - Joint score for alpha[10]: 15.9929
2025-08-09 02:33:55,779 - DEBUG - Joint score for alpha[11]: 15.7173
2025-08-09 02:33:59,272 - DEBUG - Joint score for alpha[12]: 15.8744
2025-08-09 02:34:02,765 - DEBUG - Joint score for alpha[13]: 15.8278
2025-08-09 02:34:06,259 - DEBUG - Joint score for alpha[14]: 15.8279
2025-08-09 02:34:09,752 - DEBUG - Joint score for alpha[15]: 15.8104
2025-08-09 02:34:13,267 - DEBUG - Joint score for alpha[0]: 15.7386
2025-08-09 02:34:16,764 - DEBUG - Joint score for alpha[1]: 15.7629
2025-08-09 02:34:20,255 - DEBUG - Joint score for alpha[2]: 15.6945
2025-08-09 02:34:23,748 - DEBUG - Joint score for alpha[3]: 15.9236
2025-08-09 02:34:27,240 - DEBUG - Joint score for alpha[4]: 15.8497
2025-08-09 02:34:30,733 - DEBUG - Joint score for alpha[5]: 15.8061
2025-08-09 02:34:34,225 - DEBUG - Joint score for alpha[6]: 15.8079
2025-08-09 02:34:37,722 - DEBUG - Joint score for alpha[7]: 15.6464
2025-08-09 02:34:41,215 - DEBUG - Joint score for alpha[8]: 15.7380
2025-08-09 02:34:44,707 - DEBUG - Joint score for alpha[9]: 15.8975
2025-08-09 02:34:48,201 - DEBUG - Joint score for alpha[10]: 15.7662
2025-08-09 02:34:51,695 - DEBUG - Joint score for alpha[11]: 15.6309
2025-08-09 02:34:55,188 - DEBUG - Joint score for alpha[12]: 15.9428
2025-08-09 02:34:58,682 - DEBUG - Joint score for alpha[13]: 15.9090
2025-08-09 02:35:02,175 - DEBUG - Joint score for alpha[14]: 15.9097
2025-08-09 02:35:05,668 - DEBUG - Joint score for alpha[15]: 15.5444
2025-08-09 02:35:09,183 - DEBUG - Joint score for alpha[0]: 15.8966
2025-08-09 02:35:12,678 - DEBUG - Joint score for alpha[1]: 15.9033
2025-08-09 02:35:16,172 - DEBUG - Joint score for alpha[2]: 15.8625
2025-08-09 02:35:19,667 - DEBUG - Joint score for alpha[3]: 15.8534
2025-08-09 02:35:23,161 - DEBUG - Joint score for alpha[4]: 15.6841
2025-08-09 02:35:26,653 - DEBUG - Joint score for alpha[5]: 15.7870
2025-08-09 02:35:30,146 - DEBUG - Joint score for alpha[6]: 15.7001
2025-08-09 02:35:33,638 - DEBUG - Joint score for alpha[7]: 15.7987
2025-08-09 02:35:37,131 - DEBUG - Joint score for alpha[8]: 15.6869
2025-08-09 02:35:40,624 - DEBUG - Joint score for alpha[9]: 15.7784
2025-08-09 02:35:44,117 - DEBUG - Joint score for alpha[10]: 15.9111
2025-08-09 02:35:47,610 - DEBUG - Joint score for alpha[11]: 15.7603
2025-08-09 02:35:51,103 - DEBUG - Joint score for alpha[12]: 15.7510
2025-08-09 02:35:54,596 - DEBUG - Joint score for alpha[13]: 15.5916
2025-08-09 02:35:58,090 - DEBUG - Joint score for alpha[14]: 15.8324
2025-08-09 02:36:01,585 - DEBUG - Joint score for alpha[15]: 15.5326
2025-08-09 02:36:05,100 - DEBUG - Joint score for alpha[0]: 15.7638
2025-08-09 02:36:08,594 - DEBUG - Joint score for alpha[1]: 15.6999
2025-08-09 02:36:12,087 - DEBUG - Joint score for alpha[2]: 16.0785
2025-08-09 02:36:15,580 - DEBUG - Joint score for alpha[3]: 15.6404
2025-08-09 02:36:19,073 - DEBUG - Joint score for alpha[4]: 15.8628
2025-08-09 02:36:22,565 - DEBUG - Joint score for alpha[5]: 16.0247
2025-08-09 02:36:26,058 - DEBUG - Joint score for alpha[6]: 15.6939
2025-08-09 02:36:29,552 - DEBUG - Joint score for alpha[7]: 15.8985
2025-08-09 02:36:33,045 - DEBUG - Joint score for alpha[8]: 15.6924
2025-08-09 02:36:36,539 - DEBUG - Joint score for alpha[9]: 16.0124
2025-08-09 02:36:40,034 - DEBUG - Joint score for alpha[10]: 15.6640
2025-08-09 02:36:43,527 - DEBUG - Joint score for alpha[11]: 15.8573
2025-08-09 02:36:47,018 - DEBUG - Joint score for alpha[12]: 15.7718
2025-08-09 02:36:50,511 - DEBUG - Joint score for alpha[13]: 15.6744
2025-08-09 02:36:54,003 - DEBUG - Joint score for alpha[14]: 15.8663
2025-08-09 02:36:57,496 - DEBUG - Joint score for alpha[15]: 15.8703
2025-08-09 02:37:01,012 - DEBUG - Joint score for alpha[0]: 15.7440
2025-08-09 02:37:04,509 - DEBUG - Joint score for alpha[1]: 15.6788
2025-08-09 02:37:08,005 - DEBUG - Joint score for alpha[2]: 15.7593
2025-08-09 02:37:11,499 - DEBUG - Joint score for alpha[3]: 15.6320
2025-08-09 02:37:14,995 - DEBUG - Joint score for alpha[4]: 15.6968
2025-08-09 02:37:18,491 - DEBUG - Joint score for alpha[5]: 15.7770
2025-08-09 02:37:21,987 - DEBUG - Joint score for alpha[6]: 15.9689
2025-08-09 02:37:25,480 - DEBUG - Joint score for alpha[7]: 15.7893
2025-08-09 02:37:28,974 - DEBUG - Joint score for alpha[8]: 15.9579
2025-08-09 02:37:32,466 - DEBUG - Joint score for alpha[9]: 15.8387
2025-08-09 02:37:35,959 - DEBUG - Joint score for alpha[10]: 15.7961
2025-08-09 02:37:39,451 - DEBUG - Joint score for alpha[11]: 15.8019
2025-08-09 02:37:42,945 - DEBUG - Joint score for alpha[12]: 15.8525
2025-08-09 02:37:46,437 - DEBUG - Joint score for alpha[13]: 15.8469
2025-08-09 02:37:49,932 - DEBUG - Joint score for alpha[14]: 15.6179
2025-08-09 02:37:53,425 - DEBUG - Joint score for alpha[15]: 15.9010
2025-08-09 02:37:53,468 - INFO - Step 56/120: mean ENERGY=15.5725
2025-08-09 02:37:53,470 - DEBUG - Beginning Gibbs iteration s = 56
2025-08-09 02:37:57,137 - DEBUG - Joint score for alpha[0]: 15.5439
2025-08-09 02:38:00,631 - DEBUG - Joint score for alpha[1]: 15.6356
2025-08-09 02:38:04,125 - DEBUG - Joint score for alpha[2]: 15.6413
2025-08-09 02:38:07,619 - DEBUG - Joint score for alpha[3]: 15.9827
2025-08-09 02:38:11,114 - DEBUG - Joint score for alpha[4]: 15.8028
2025-08-09 02:38:14,607 - DEBUG - Joint score for alpha[5]: 15.7739
2025-08-09 02:38:18,101 - DEBUG - Joint score for alpha[6]: 15.9315
2025-08-09 02:38:21,594 - DEBUG - Joint score for alpha[7]: 15.8726
2025-08-09 02:38:25,087 - DEBUG - Joint score for alpha[8]: 15.7502
2025-08-09 02:38:28,581 - DEBUG - Joint score for alpha[9]: 15.6319
2025-08-09 02:38:32,077 - DEBUG - Joint score for alpha[10]: 15.7517
2025-08-09 02:38:35,573 - DEBUG - Joint score for alpha[11]: 15.9245
2025-08-09 02:38:39,068 - DEBUG - Joint score for alpha[12]: 15.9316
2025-08-09 02:38:42,561 - DEBUG - Joint score for alpha[13]: 15.7306
2025-08-09 02:38:46,055 - DEBUG - Joint score for alpha[14]: 15.8103
2025-08-09 02:38:49,548 - DEBUG - Joint score for alpha[15]: 15.8020
2025-08-09 02:38:53,065 - DEBUG - Joint score for alpha[0]: 15.6670
2025-08-09 02:38:56,563 - DEBUG - Joint score for alpha[1]: 15.7591
2025-08-09 02:39:00,059 - DEBUG - Joint score for alpha[2]: 15.6649
2025-08-09 02:39:03,555 - DEBUG - Joint score for alpha[3]: 15.7138
2025-08-09 02:39:07,049 - DEBUG - Joint score for alpha[4]: 15.9457
2025-08-09 02:39:10,545 - DEBUG - Joint score for alpha[5]: 16.1775
2025-08-09 02:39:14,041 - DEBUG - Joint score for alpha[6]: 15.7747
2025-08-09 02:39:17,537 - DEBUG - Joint score for alpha[7]: 15.8810
2025-08-09 02:39:21,032 - DEBUG - Joint score for alpha[8]: 15.8691
2025-08-09 02:39:24,527 - DEBUG - Joint score for alpha[9]: 15.8950
2025-08-09 02:39:28,020 - DEBUG - Joint score for alpha[10]: 15.9354
2025-08-09 02:39:31,513 - DEBUG - Joint score for alpha[11]: 15.6599
2025-08-09 02:39:35,006 - DEBUG - Joint score for alpha[12]: 16.0995
2025-08-09 02:39:38,502 - DEBUG - Joint score for alpha[13]: 15.8320
2025-08-09 02:39:41,995 - DEBUG - Joint score for alpha[14]: 15.7219
2025-08-09 02:39:46,394 - DEBUG - Joint score for alpha[15]: 15.7020
2025-08-09 02:39:49,910 - DEBUG - Joint score for alpha[0]: 15.6476
2025-08-09 02:39:53,403 - DEBUG - Joint score for alpha[1]: 15.8602
2025-08-09 02:39:56,897 - DEBUG - Joint score for alpha[2]: 15.9818
2025-08-09 02:40:00,389 - DEBUG - Joint score for alpha[3]: 15.7240
2025-08-09 02:40:03,881 - DEBUG - Joint score for alpha[4]: 15.7363
2025-08-09 02:40:07,373 - DEBUG - Joint score for alpha[5]: 15.9543
2025-08-09 02:40:10,866 - DEBUG - Joint score for alpha[6]: 15.6153
2025-08-09 02:40:14,360 - DEBUG - Joint score for alpha[7]: 15.6964
2025-08-09 02:40:17,853 - DEBUG - Joint score for alpha[8]: 15.7063
2025-08-09 02:40:21,345 - DEBUG - Joint score for alpha[9]: 15.8698
2025-08-09 02:40:24,838 - DEBUG - Joint score for alpha[10]: 15.8323
2025-08-09 02:40:28,331 - DEBUG - Joint score for alpha[11]: 15.8385
2025-08-09 02:40:31,823 - DEBUG - Joint score for alpha[12]: 15.8553
2025-08-09 02:40:35,315 - DEBUG - Joint score for alpha[13]: 15.4741
2025-08-09 02:40:38,807 - DEBUG - Joint score for alpha[14]: 15.5868
2025-08-09 02:40:42,299 - DEBUG - Joint score for alpha[15]: 15.6735
2025-08-09 02:40:45,813 - DEBUG - Joint score for alpha[0]: 15.7754
2025-08-09 02:40:49,308 - DEBUG - Joint score for alpha[1]: 15.9308
2025-08-09 02:40:52,802 - DEBUG - Joint score for alpha[2]: 15.7187
2025-08-09 02:40:56,296 - DEBUG - Joint score for alpha[3]: 15.7389
2025-08-09 02:40:59,786 - DEBUG - Joint score for alpha[4]: 15.8875
2025-08-09 02:41:03,277 - DEBUG - Joint score for alpha[5]: 15.7796
2025-08-09 02:41:06,767 - DEBUG - Joint score for alpha[6]: 15.7979
2025-08-09 02:41:10,261 - DEBUG - Joint score for alpha[7]: 15.7826
2025-08-09 02:41:13,749 - DEBUG - Joint score for alpha[8]: 15.8184
2025-08-09 02:41:17,239 - DEBUG - Joint score for alpha[9]: 15.7791
2025-08-09 02:41:20,733 - DEBUG - Joint score for alpha[10]: 15.8675
2025-08-09 02:41:24,224 - DEBUG - Joint score for alpha[11]: 15.8255
2025-08-09 02:41:27,716 - DEBUG - Joint score for alpha[12]: 15.6513
2025-08-09 02:41:31,209 - DEBUG - Joint score for alpha[13]: 15.8042
2025-08-09 02:41:34,702 - DEBUG - Joint score for alpha[14]: 15.8219
2025-08-09 02:41:38,196 - DEBUG - Joint score for alpha[15]: 15.7750
2025-08-09 02:41:41,711 - DEBUG - Joint score for alpha[0]: 15.8225
2025-08-09 02:41:45,205 - DEBUG - Joint score for alpha[1]: 15.7991
2025-08-09 02:41:48,698 - DEBUG - Joint score for alpha[2]: 15.7172
2025-08-09 02:41:52,189 - DEBUG - Joint score for alpha[3]: 15.5897
2025-08-09 02:41:55,683 - DEBUG - Joint score for alpha[4]: 15.6387
2025-08-09 02:41:59,173 - DEBUG - Joint score for alpha[5]: 15.9365
2025-08-09 02:42:02,667 - DEBUG - Joint score for alpha[6]: 15.7064
2025-08-09 02:42:06,157 - DEBUG - Joint score for alpha[7]: 15.8088
2025-08-09 02:42:09,651 - DEBUG - Joint score for alpha[8]: 15.8181
2025-08-09 02:42:13,144 - DEBUG - Joint score for alpha[9]: 15.6993
2025-08-09 02:42:16,638 - DEBUG - Joint score for alpha[10]: 15.7524
2025-08-09 02:42:20,129 - DEBUG - Joint score for alpha[11]: 15.8566
2025-08-09 02:42:23,623 - DEBUG - Joint score for alpha[12]: 15.5729
2025-08-09 02:42:27,115 - DEBUG - Joint score for alpha[13]: 15.5860
2025-08-09 02:42:30,610 - DEBUG - Joint score for alpha[14]: 15.7387
2025-08-09 02:42:34,101 - DEBUG - Joint score for alpha[15]: 15.8607
2025-08-09 02:42:34,144 - INFO - Step 57/120: mean ENERGY=15.5804
2025-08-09 02:42:34,147 - DEBUG - Beginning Gibbs iteration s = 57
2025-08-09 02:42:37,738 - DEBUG - Joint score for alpha[0]: 15.6705
2025-08-09 02:42:41,231 - DEBUG - Joint score for alpha[1]: 15.8312
2025-08-09 02:42:44,721 - DEBUG - Joint score for alpha[2]: 15.6872
2025-08-09 02:42:48,212 - DEBUG - Joint score for alpha[3]: 15.7677
2025-08-09 02:42:51,702 - DEBUG - Joint score for alpha[4]: 15.6641
2025-08-09 02:42:55,192 - DEBUG - Joint score for alpha[5]: 15.6445
2025-08-09 02:42:58,682 - DEBUG - Joint score for alpha[6]: 15.7530
2025-08-09 02:43:02,171 - DEBUG - Joint score for alpha[7]: 15.6848
2025-08-09 02:43:05,660 - DEBUG - Joint score for alpha[8]: 15.9348
2025-08-09 02:43:09,151 - DEBUG - Joint score for alpha[9]: 15.8140
2025-08-09 02:43:12,641 - DEBUG - Joint score for alpha[10]: 15.8810
2025-08-09 02:43:16,131 - DEBUG - Joint score for alpha[11]: 15.5521
2025-08-09 02:43:19,620 - DEBUG - Joint score for alpha[12]: 15.7225
2025-08-09 02:43:23,108 - DEBUG - Joint score for alpha[13]: 15.7134
2025-08-09 02:43:26,597 - DEBUG - Joint score for alpha[14]: 15.8358
2025-08-09 02:43:30,088 - DEBUG - Joint score for alpha[15]: 15.7735
2025-08-09 02:43:33,603 - DEBUG - Joint score for alpha[0]: 15.7499
2025-08-09 02:43:37,098 - DEBUG - Joint score for alpha[1]: 15.8964
2025-08-09 02:43:40,588 - DEBUG - Joint score for alpha[2]: 15.5802
2025-08-09 02:43:44,077 - DEBUG - Joint score for alpha[3]: 15.6805
2025-08-09 02:43:47,569 - DEBUG - Joint score for alpha[4]: 15.6773
2025-08-09 02:43:51,059 - DEBUG - Joint score for alpha[5]: 15.6664
2025-08-09 02:43:54,551 - DEBUG - Joint score for alpha[6]: 15.6816
2025-08-09 02:43:58,042 - DEBUG - Joint score for alpha[7]: 15.6667
2025-08-09 02:44:01,532 - DEBUG - Joint score for alpha[8]: 16.0028
2025-08-09 02:44:05,024 - DEBUG - Joint score for alpha[9]: 15.9385
2025-08-09 02:44:08,514 - DEBUG - Joint score for alpha[10]: 15.8354
2025-08-09 02:44:12,006 - DEBUG - Joint score for alpha[11]: 15.9066
2025-08-09 02:44:15,496 - DEBUG - Joint score for alpha[12]: 15.8487
2025-08-09 02:44:18,987 - DEBUG - Joint score for alpha[13]: 16.1719
2025-08-09 02:44:22,480 - DEBUG - Joint score for alpha[14]: 15.7492
2025-08-09 02:44:25,972 - DEBUG - Joint score for alpha[15]: 15.5667
2025-08-09 02:44:29,487 - DEBUG - Joint score for alpha[0]: 15.6675
2025-08-09 02:44:32,981 - DEBUG - Joint score for alpha[1]: 15.7437
2025-08-09 02:44:36,477 - DEBUG - Joint score for alpha[2]: 15.7075
2025-08-09 02:44:39,968 - DEBUG - Joint score for alpha[3]: 15.9519
2025-08-09 02:44:43,460 - DEBUG - Joint score for alpha[4]: 16.0911
2025-08-09 02:44:46,950 - DEBUG - Joint score for alpha[5]: 15.7645
2025-08-09 02:44:50,442 - DEBUG - Joint score for alpha[6]: 15.9135
2025-08-09 02:44:53,932 - DEBUG - Joint score for alpha[7]: 16.0027
2025-08-09 02:44:57,423 - DEBUG - Joint score for alpha[8]: 15.8717
2025-08-09 02:45:00,915 - DEBUG - Joint score for alpha[9]: 15.8481
2025-08-09 02:45:04,408 - DEBUG - Joint score for alpha[10]: 15.6863
2025-08-09 02:45:07,900 - DEBUG - Joint score for alpha[11]: 15.9560
2025-08-09 02:45:11,391 - DEBUG - Joint score for alpha[12]: 15.7668
2025-08-09 02:45:14,883 - DEBUG - Joint score for alpha[13]: 15.8087
2025-08-09 02:45:18,376 - DEBUG - Joint score for alpha[14]: 15.9641
2025-08-09 02:45:21,866 - DEBUG - Joint score for alpha[15]: 15.8453
2025-08-09 02:45:25,436 - DEBUG - Joint score for alpha[0]: 15.7086
2025-08-09 02:45:28,930 - DEBUG - Joint score for alpha[1]: 15.7922
2025-08-09 02:45:32,422 - DEBUG - Joint score for alpha[2]: 15.9399
2025-08-09 02:45:35,911 - DEBUG - Joint score for alpha[3]: 15.7672
2025-08-09 02:45:39,402 - DEBUG - Joint score for alpha[4]: 15.8940
2025-08-09 02:45:42,891 - DEBUG - Joint score for alpha[5]: 15.9378
2025-08-09 02:45:46,382 - DEBUG - Joint score for alpha[6]: 15.9360
2025-08-09 02:45:49,872 - DEBUG - Joint score for alpha[7]: 15.8228
2025-08-09 02:45:53,363 - DEBUG - Joint score for alpha[8]: 15.7672
2025-08-09 02:45:56,855 - DEBUG - Joint score for alpha[9]: 15.8145
2025-08-09 02:46:00,345 - DEBUG - Joint score for alpha[10]: 15.7724
2025-08-09 02:46:03,837 - DEBUG - Joint score for alpha[11]: 15.8258
2025-08-09 02:46:07,327 - DEBUG - Joint score for alpha[12]: 15.7729
2025-08-09 02:46:10,818 - DEBUG - Joint score for alpha[13]: 15.9495
2025-08-09 02:46:14,309 - DEBUG - Joint score for alpha[14]: 15.7168
2025-08-09 02:46:17,802 - DEBUG - Joint score for alpha[15]: 15.9463
2025-08-09 02:46:21,315 - DEBUG - Joint score for alpha[0]: 16.0293
2025-08-09 02:46:24,810 - DEBUG - Joint score for alpha[1]: 15.7800
2025-08-09 02:46:28,300 - DEBUG - Joint score for alpha[2]: 15.9834
2025-08-09 02:46:31,792 - DEBUG - Joint score for alpha[3]: 15.9839
2025-08-09 02:46:35,284 - DEBUG - Joint score for alpha[4]: 15.8807
2025-08-09 02:46:38,778 - DEBUG - Joint score for alpha[5]: 15.9303
2025-08-09 02:46:42,269 - DEBUG - Joint score for alpha[6]: 15.5887
2025-08-09 02:46:45,760 - DEBUG - Joint score for alpha[7]: 16.0969
2025-08-09 02:46:49,250 - DEBUG - Joint score for alpha[8]: 15.8870
2025-08-09 02:46:52,739 - DEBUG - Joint score for alpha[9]: 15.6481
2025-08-09 02:46:56,232 - DEBUG - Joint score for alpha[10]: 15.7076
2025-08-09 02:46:59,723 - DEBUG - Joint score for alpha[11]: 15.6178
2025-08-09 02:47:03,215 - DEBUG - Joint score for alpha[12]: 15.7078
2025-08-09 02:47:06,707 - DEBUG - Joint score for alpha[13]: 15.7782
2025-08-09 02:47:10,197 - DEBUG - Joint score for alpha[14]: 15.7585
2025-08-09 02:47:13,686 - DEBUG - Joint score for alpha[15]: 15.8114
2025-08-09 02:47:13,726 - INFO - Step 58/120: mean ENERGY=15.6167
2025-08-09 02:47:13,730 - DEBUG - Beginning Gibbs iteration s = 58
2025-08-09 02:47:17,368 - DEBUG - Joint score for alpha[0]: 15.8226
2025-08-09 02:47:20,863 - DEBUG - Joint score for alpha[1]: 15.7911
2025-08-09 02:47:24,358 - DEBUG - Joint score for alpha[2]: 15.7913
2025-08-09 02:47:27,851 - DEBUG - Joint score for alpha[3]: 15.7677
2025-08-09 02:47:31,345 - DEBUG - Joint score for alpha[4]: 15.8686
2025-08-09 02:47:34,839 - DEBUG - Joint score for alpha[5]: 15.6344
2025-08-09 02:47:38,334 - DEBUG - Joint score for alpha[6]: 15.6302
2025-08-09 02:47:41,827 - DEBUG - Joint score for alpha[7]: 15.7951
2025-08-09 02:47:45,321 - DEBUG - Joint score for alpha[8]: 15.7766
2025-08-09 02:47:48,814 - DEBUG - Joint score for alpha[9]: 15.8481
2025-08-09 02:47:52,311 - DEBUG - Joint score for alpha[10]: 15.5708
2025-08-09 02:47:55,804 - DEBUG - Joint score for alpha[11]: 15.8535
2025-08-09 02:47:59,297 - DEBUG - Joint score for alpha[12]: 15.7185
2025-08-09 02:48:02,790 - DEBUG - Joint score for alpha[13]: 15.9551
2025-08-09 02:48:06,282 - DEBUG - Joint score for alpha[14]: 15.9481
2025-08-09 02:48:09,774 - DEBUG - Joint score for alpha[15]: 15.8356
2025-08-09 02:48:13,290 - DEBUG - Joint score for alpha[0]: 15.9345
2025-08-09 02:48:16,785 - DEBUG - Joint score for alpha[1]: 15.9335
2025-08-09 02:48:20,279 - DEBUG - Joint score for alpha[2]: 15.8264
2025-08-09 02:48:23,773 - DEBUG - Joint score for alpha[3]: 15.6413
2025-08-09 02:48:27,266 - DEBUG - Joint score for alpha[4]: 15.7513
2025-08-09 02:48:30,759 - DEBUG - Joint score for alpha[5]: 15.7582
2025-08-09 02:48:34,254 - DEBUG - Joint score for alpha[6]: 15.7111
2025-08-09 02:48:37,748 - DEBUG - Joint score for alpha[7]: 15.8191
2025-08-09 02:48:41,242 - DEBUG - Joint score for alpha[8]: 15.8230
2025-08-09 02:48:44,735 - DEBUG - Joint score for alpha[9]: 15.8453
2025-08-09 02:48:48,228 - DEBUG - Joint score for alpha[10]: 15.6737
2025-08-09 02:48:51,720 - DEBUG - Joint score for alpha[11]: 15.8759
2025-08-09 02:48:56,348 - DEBUG - Joint score for alpha[12]: 15.8265
2025-08-09 02:48:59,840 - DEBUG - Joint score for alpha[13]: 15.7089
2025-08-09 02:49:03,333 - DEBUG - Joint score for alpha[14]: 15.7590
2025-08-09 02:49:06,827 - DEBUG - Joint score for alpha[15]: 15.7028
2025-08-09 02:49:10,342 - DEBUG - Joint score for alpha[0]: 15.9306
2025-08-09 02:49:13,837 - DEBUG - Joint score for alpha[1]: 15.7514
2025-08-09 02:49:17,330 - DEBUG - Joint score for alpha[2]: 15.5981
2025-08-09 02:49:20,823 - DEBUG - Joint score for alpha[3]: 15.7602
2025-08-09 02:49:24,316 - DEBUG - Joint score for alpha[4]: 15.9214
2025-08-09 02:49:27,860 - DEBUG - Joint score for alpha[5]: 15.9276
2025-08-09 02:49:31,353 - DEBUG - Joint score for alpha[6]: 15.8615
2025-08-09 02:49:34,845 - DEBUG - Joint score for alpha[7]: 15.6876
2025-08-09 02:49:38,336 - DEBUG - Joint score for alpha[8]: 15.7575
2025-08-09 02:49:41,829 - DEBUG - Joint score for alpha[9]: 15.8215
2025-08-09 02:49:45,320 - DEBUG - Joint score for alpha[10]: 15.8598
2025-08-09 02:49:48,813 - DEBUG - Joint score for alpha[11]: 15.7517
2025-08-09 02:49:52,306 - DEBUG - Joint score for alpha[12]: 15.9221
2025-08-09 02:49:55,799 - DEBUG - Joint score for alpha[13]: 15.8661
2025-08-09 02:49:59,292 - DEBUG - Joint score for alpha[14]: 15.7588
2025-08-09 02:50:02,784 - DEBUG - Joint score for alpha[15]: 15.7090
2025-08-09 02:50:06,298 - DEBUG - Joint score for alpha[0]: 16.0341
2025-08-09 02:50:09,793 - DEBUG - Joint score for alpha[1]: 15.9890
2025-08-09 02:50:13,288 - DEBUG - Joint score for alpha[2]: 15.7578
2025-08-09 02:50:16,779 - DEBUG - Joint score for alpha[3]: 15.8780
2025-08-09 02:50:20,273 - DEBUG - Joint score for alpha[4]: 15.7192
2025-08-09 02:50:23,766 - DEBUG - Joint score for alpha[5]: 15.7039
2025-08-09 02:50:27,257 - DEBUG - Joint score for alpha[6]: 15.6589
2025-08-09 02:50:30,753 - DEBUG - Joint score for alpha[7]: 16.0215
2025-08-09 02:50:34,245 - DEBUG - Joint score for alpha[8]: 16.0327
2025-08-09 02:50:37,738 - DEBUG - Joint score for alpha[9]: 15.7156
2025-08-09 02:50:41,231 - DEBUG - Joint score for alpha[10]: 15.8815
2025-08-09 02:50:44,723 - DEBUG - Joint score for alpha[11]: 15.7629
2025-08-09 02:50:48,216 - DEBUG - Joint score for alpha[12]: 15.6335
2025-08-09 02:50:51,708 - DEBUG - Joint score for alpha[13]: 15.9645
2025-08-09 02:50:55,199 - DEBUG - Joint score for alpha[14]: 15.8208
2025-08-09 02:50:58,692 - DEBUG - Joint score for alpha[15]: 15.7595
2025-08-09 02:51:02,206 - DEBUG - Joint score for alpha[0]: 15.8846
2025-08-09 02:51:05,700 - DEBUG - Joint score for alpha[1]: 15.8785
2025-08-09 02:51:09,192 - DEBUG - Joint score for alpha[2]: 15.7116
2025-08-09 02:51:12,683 - DEBUG - Joint score for alpha[3]: 15.7778
2025-08-09 02:51:16,176 - DEBUG - Joint score for alpha[4]: 15.8972
2025-08-09 02:51:19,668 - DEBUG - Joint score for alpha[5]: 15.7674
2025-08-09 02:51:23,159 - DEBUG - Joint score for alpha[6]: 15.6431
2025-08-09 02:51:26,651 - DEBUG - Joint score for alpha[7]: 15.8871
2025-08-09 02:51:30,142 - DEBUG - Joint score for alpha[8]: 15.9823
2025-08-09 02:51:33,635 - DEBUG - Joint score for alpha[9]: 15.6745
2025-08-09 02:51:37,127 - DEBUG - Joint score for alpha[10]: 15.9188
2025-08-09 02:51:40,618 - DEBUG - Joint score for alpha[11]: 15.8737
2025-08-09 02:51:44,109 - DEBUG - Joint score for alpha[12]: 15.9433
2025-08-09 02:51:47,601 - DEBUG - Joint score for alpha[13]: 15.7698
2025-08-09 02:51:51,094 - DEBUG - Joint score for alpha[14]: 15.6547
2025-08-09 02:51:54,586 - DEBUG - Joint score for alpha[15]: 15.9452
2025-08-09 02:51:54,628 - INFO - Step 59/120: mean ENERGY=15.6174
2025-08-09 02:51:54,636 - DEBUG - Beginning Gibbs iteration s = 59
2025-08-09 02:51:58,396 - DEBUG - Joint score for alpha[0]: 15.8036
2025-08-09 02:52:01,892 - DEBUG - Joint score for alpha[1]: 15.9112
2025-08-09 02:52:05,385 - DEBUG - Joint score for alpha[2]: 15.9115
2025-08-09 02:52:08,877 - DEBUG - Joint score for alpha[3]: 15.8330
2025-08-09 02:52:12,369 - DEBUG - Joint score for alpha[4]: 16.0476
2025-08-09 02:52:15,863 - DEBUG - Joint score for alpha[5]: 15.8944
2025-08-09 02:52:19,355 - DEBUG - Joint score for alpha[6]: 15.7803
2025-08-09 02:52:22,848 - DEBUG - Joint score for alpha[7]: 15.8998
2025-08-09 02:52:26,340 - DEBUG - Joint score for alpha[8]: 16.0515
2025-08-09 02:52:29,832 - DEBUG - Joint score for alpha[9]: 15.9078
2025-08-09 02:52:33,325 - DEBUG - Joint score for alpha[10]: 15.7233
2025-08-09 02:52:36,818 - DEBUG - Joint score for alpha[11]: 15.7802
2025-08-09 02:52:40,311 - DEBUG - Joint score for alpha[12]: 15.8651
2025-08-09 02:52:43,804 - DEBUG - Joint score for alpha[13]: 15.7992
2025-08-09 02:52:47,297 - DEBUG - Joint score for alpha[14]: 15.6835
2025-08-09 02:52:50,791 - DEBUG - Joint score for alpha[15]: 15.9431
2025-08-09 02:52:54,309 - DEBUG - Joint score for alpha[0]: 15.9455
2025-08-09 02:52:57,805 - DEBUG - Joint score for alpha[1]: 15.8310
2025-08-09 02:53:01,298 - DEBUG - Joint score for alpha[2]: 16.0597
2025-08-09 02:53:04,790 - DEBUG - Joint score for alpha[3]: 15.8255
2025-08-09 02:53:08,283 - DEBUG - Joint score for alpha[4]: 15.7129
2025-08-09 02:53:11,775 - DEBUG - Joint score for alpha[5]: 15.8731
2025-08-09 02:53:15,268 - DEBUG - Joint score for alpha[6]: 15.6388
2025-08-09 02:53:18,759 - DEBUG - Joint score for alpha[7]: 15.9558
2025-08-09 02:53:22,253 - DEBUG - Joint score for alpha[8]: 16.1049
2025-08-09 02:53:25,746 - DEBUG - Joint score for alpha[9]: 15.7346
2025-08-09 02:53:29,238 - DEBUG - Joint score for alpha[10]: 16.0189
2025-08-09 02:53:32,730 - DEBUG - Joint score for alpha[11]: 15.8853
2025-08-09 02:53:36,224 - DEBUG - Joint score for alpha[12]: 15.9472
2025-08-09 02:53:39,716 - DEBUG - Joint score for alpha[13]: 15.8397
2025-08-09 02:53:43,210 - DEBUG - Joint score for alpha[14]: 15.9332
2025-08-09 02:53:46,702 - DEBUG - Joint score for alpha[15]: 15.7891
2025-08-09 02:53:50,218 - DEBUG - Joint score for alpha[0]: 16.0112
2025-08-09 02:53:53,711 - DEBUG - Joint score for alpha[1]: 15.9648
2025-08-09 02:53:57,205 - DEBUG - Joint score for alpha[2]: 15.9471
2025-08-09 02:54:00,698 - DEBUG - Joint score for alpha[3]: 15.9576
2025-08-09 02:54:04,190 - DEBUG - Joint score for alpha[4]: 15.7953
2025-08-09 02:54:07,682 - DEBUG - Joint score for alpha[5]: 15.8230
2025-08-09 02:54:11,173 - DEBUG - Joint score for alpha[6]: 15.6202
2025-08-09 02:54:14,664 - DEBUG - Joint score for alpha[7]: 16.0973
2025-08-09 02:54:18,156 - DEBUG - Joint score for alpha[8]: 16.0976
2025-08-09 02:54:21,650 - DEBUG - Joint score for alpha[9]: 15.9996
2025-08-09 02:54:25,142 - DEBUG - Joint score for alpha[10]: 16.0109
2025-08-09 02:54:28,637 - DEBUG - Joint score for alpha[11]: 15.8966
2025-08-09 02:54:32,130 - DEBUG - Joint score for alpha[12]: 15.8079
2025-08-09 02:54:35,623 - DEBUG - Joint score for alpha[13]: 15.8584
2025-08-09 02:54:39,117 - DEBUG - Joint score for alpha[14]: 15.8457
2025-08-09 02:54:42,609 - DEBUG - Joint score for alpha[15]: 15.8549
2025-08-09 02:54:46,123 - DEBUG - Joint score for alpha[0]: 15.8036
2025-08-09 02:54:49,619 - DEBUG - Joint score for alpha[1]: 15.8882
2025-08-09 02:54:53,114 - DEBUG - Joint score for alpha[2]: 16.1635
2025-08-09 02:54:56,608 - DEBUG - Joint score for alpha[3]: 16.1115
2025-08-09 02:55:00,103 - DEBUG - Joint score for alpha[4]: 15.9166
2025-08-09 02:55:03,597 - DEBUG - Joint score for alpha[5]: 15.9995
2025-08-09 02:55:07,092 - DEBUG - Joint score for alpha[6]: 15.9430
2025-08-09 02:55:10,586 - DEBUG - Joint score for alpha[7]: 15.7574
2025-08-09 02:55:14,080 - DEBUG - Joint score for alpha[8]: 15.9382
2025-08-09 02:55:17,574 - DEBUG - Joint score for alpha[9]: 15.7613
2025-08-09 02:55:21,070 - DEBUG - Joint score for alpha[10]: 15.8199
2025-08-09 02:55:24,563 - DEBUG - Joint score for alpha[11]: 15.9965
2025-08-09 02:55:28,060 - DEBUG - Joint score for alpha[12]: 15.7021
2025-08-09 02:55:31,556 - DEBUG - Joint score for alpha[13]: 15.8317
2025-08-09 02:55:35,050 - DEBUG - Joint score for alpha[14]: 15.9991
2025-08-09 02:55:38,547 - DEBUG - Joint score for alpha[15]: 15.8715
2025-08-09 02:55:42,065 - DEBUG - Joint score for alpha[0]: 16.0097
2025-08-09 02:55:45,561 - DEBUG - Joint score for alpha[1]: 16.2769
2025-08-09 02:55:49,056 - DEBUG - Joint score for alpha[2]: 15.7641
2025-08-09 02:55:52,548 - DEBUG - Joint score for alpha[3]: 16.0055
2025-08-09 02:55:56,041 - DEBUG - Joint score for alpha[4]: 16.0671
2025-08-09 02:55:59,533 - DEBUG - Joint score for alpha[5]: 15.7726
2025-08-09 02:56:03,026 - DEBUG - Joint score for alpha[6]: 15.8305
2025-08-09 02:56:06,519 - DEBUG - Joint score for alpha[7]: 16.1782
2025-08-09 02:56:10,013 - DEBUG - Joint score for alpha[8]: 15.8800
2025-08-09 02:56:13,505 - DEBUG - Joint score for alpha[9]: 15.7842
2025-08-09 02:56:16,997 - DEBUG - Joint score for alpha[10]: 15.8273
2025-08-09 02:56:20,489 - DEBUG - Joint score for alpha[11]: 15.9969
2025-08-09 02:56:23,982 - DEBUG - Joint score for alpha[12]: 15.8221
2025-08-09 02:56:27,474 - DEBUG - Joint score for alpha[13]: 15.7127
2025-08-09 02:56:30,966 - DEBUG - Joint score for alpha[14]: 15.9744
2025-08-09 02:56:34,459 - DEBUG - Joint score for alpha[15]: 15.7085
2025-08-09 02:56:34,502 - INFO - Step 60/120: mean ENERGY=15.6706
2025-08-09 02:56:34,505 - DEBUG - Beginning Gibbs iteration s = 60
2025-08-09 02:56:34,639 - DEBUG - Proposal variance adapted: 0.014
2025-08-09 02:56:38,103 - DEBUG - Joint score for alpha[0]: 15.5132
2025-08-09 02:56:41,598 - DEBUG - Joint score for alpha[1]: 15.7668
2025-08-09 02:56:45,090 - DEBUG - Joint score for alpha[2]: 15.7641
2025-08-09 02:56:48,582 - DEBUG - Joint score for alpha[3]: 15.6616
2025-08-09 02:56:52,076 - DEBUG - Joint score for alpha[4]: 15.5990
2025-08-09 02:56:55,566 - DEBUG - Joint score for alpha[5]: 15.9469
2025-08-09 02:56:59,059 - DEBUG - Joint score for alpha[6]: 15.6455
2025-08-09 02:57:02,549 - DEBUG - Joint score for alpha[7]: 15.8906
2025-08-09 02:57:06,043 - DEBUG - Joint score for alpha[8]: 15.9352
2025-08-09 02:57:09,534 - DEBUG - Joint score for alpha[9]: 15.6550
2025-08-09 02:57:13,027 - DEBUG - Joint score for alpha[10]: 15.9086
2025-08-09 02:57:16,518 - DEBUG - Joint score for alpha[11]: 15.7637
2025-08-09 02:57:20,011 - DEBUG - Joint score for alpha[12]: 15.8973
2025-08-09 02:57:23,504 - DEBUG - Joint score for alpha[13]: 15.7124
2025-08-09 02:57:26,998 - DEBUG - Joint score for alpha[14]: 15.7281
2025-08-09 02:57:30,492 - DEBUG - Joint score for alpha[15]: 15.6674
2025-08-09 02:57:34,008 - DEBUG - Joint score for alpha[0]: 15.8143
2025-08-09 02:57:37,504 - DEBUG - Joint score for alpha[1]: 15.5128
2025-08-09 02:57:40,998 - DEBUG - Joint score for alpha[2]: 15.7448
2025-08-09 02:57:44,491 - DEBUG - Joint score for alpha[3]: 15.8102
2025-08-09 02:57:47,985 - DEBUG - Joint score for alpha[4]: 15.6898
2025-08-09 02:57:51,479 - DEBUG - Joint score for alpha[5]: 15.4723
2025-08-09 02:57:54,970 - DEBUG - Joint score for alpha[6]: 15.7456
2025-08-09 02:57:58,463 - DEBUG - Joint score for alpha[7]: 15.8578
2025-08-09 02:58:01,955 - DEBUG - Joint score for alpha[8]: 15.7551
2025-08-09 02:58:05,450 - DEBUG - Joint score for alpha[9]: 15.6828
2025-08-09 02:58:08,944 - DEBUG - Joint score for alpha[10]: 15.6876
2025-08-09 02:58:12,436 - DEBUG - Joint score for alpha[11]: 15.7628
2025-08-09 02:58:15,930 - DEBUG - Joint score for alpha[12]: 15.6263
2025-08-09 02:58:19,424 - DEBUG - Joint score for alpha[13]: 15.8662
2025-08-09 02:58:22,916 - DEBUG - Joint score for alpha[14]: 15.9222
2025-08-09 02:58:26,411 - DEBUG - Joint score for alpha[15]: 15.9807
2025-08-09 02:58:29,926 - DEBUG - Joint score for alpha[0]: 15.5914
2025-08-09 02:58:33,421 - DEBUG - Joint score for alpha[1]: 15.7435
2025-08-09 02:58:36,914 - DEBUG - Joint score for alpha[2]: 15.7470
2025-08-09 02:58:40,406 - DEBUG - Joint score for alpha[3]: 15.9865
2025-08-09 02:58:43,900 - DEBUG - Joint score for alpha[4]: 15.9127
2025-08-09 02:58:47,393 - DEBUG - Joint score for alpha[5]: 15.9211
2025-08-09 02:58:50,887 - DEBUG - Joint score for alpha[6]: 15.6289
2025-08-09 02:58:54,380 - DEBUG - Joint score for alpha[7]: 15.7030
2025-08-09 02:58:57,873 - DEBUG - Joint score for alpha[8]: 15.8031
2025-08-09 02:59:01,365 - DEBUG - Joint score for alpha[9]: 15.9281
2025-08-09 02:59:04,859 - DEBUG - Joint score for alpha[10]: 15.6321
2025-08-09 02:59:08,351 - DEBUG - Joint score for alpha[11]: 15.9819
2025-08-09 02:59:11,846 - DEBUG - Joint score for alpha[12]: 15.7502
2025-08-09 02:59:15,340 - DEBUG - Joint score for alpha[13]: 15.8102
2025-08-09 02:59:18,834 - DEBUG - Joint score for alpha[14]: 15.7251
2025-08-09 02:59:22,328 - DEBUG - Joint score for alpha[15]: 15.8569
2025-08-09 02:59:25,846 - DEBUG - Joint score for alpha[0]: 15.7397
2025-08-09 02:59:29,342 - DEBUG - Joint score for alpha[1]: 15.8080
2025-08-09 02:59:32,834 - DEBUG - Joint score for alpha[2]: 15.7556
2025-08-09 02:59:36,324 - DEBUG - Joint score for alpha[3]: 16.1436
2025-08-09 02:59:39,817 - DEBUG - Joint score for alpha[4]: 15.6239
2025-08-09 02:59:43,310 - DEBUG - Joint score for alpha[5]: 15.9786
2025-08-09 02:59:46,801 - DEBUG - Joint score for alpha[6]: 15.7551
2025-08-09 02:59:50,294 - DEBUG - Joint score for alpha[7]: 15.5098
2025-08-09 02:59:53,786 - DEBUG - Joint score for alpha[8]: 15.9329
2025-08-09 02:59:57,278 - DEBUG - Joint score for alpha[9]: 15.8135
2025-08-09 03:00:00,770 - DEBUG - Joint score for alpha[10]: 15.5658
2025-08-09 03:00:04,262 - DEBUG - Joint score for alpha[11]: 15.7959
2025-08-09 03:00:07,755 - DEBUG - Joint score for alpha[12]: 15.9334
2025-08-09 03:00:11,247 - DEBUG - Joint score for alpha[13]: 15.7909
2025-08-09 03:00:14,741 - DEBUG - Joint score for alpha[14]: 15.6311
2025-08-09 03:00:18,236 - DEBUG - Joint score for alpha[15]: 15.6849
2025-08-09 03:00:21,752 - DEBUG - Joint score for alpha[0]: 15.9187
2025-08-09 03:00:25,247 - DEBUG - Joint score for alpha[1]: 15.8267
2025-08-09 03:00:28,741 - DEBUG - Joint score for alpha[2]: 15.9002
2025-08-09 03:00:32,234 - DEBUG - Joint score for alpha[3]: 15.8680
2025-08-09 03:00:35,729 - DEBUG - Joint score for alpha[4]: 15.7496
2025-08-09 03:00:39,224 - DEBUG - Joint score for alpha[5]: 15.8798
2025-08-09 03:00:42,716 - DEBUG - Joint score for alpha[6]: 15.7043
2025-08-09 03:00:46,208 - DEBUG - Joint score for alpha[7]: 15.5818
2025-08-09 03:00:49,705 - DEBUG - Joint score for alpha[8]: 15.8046
2025-08-09 03:00:53,197 - DEBUG - Joint score for alpha[9]: 15.8217
2025-08-09 03:00:56,690 - DEBUG - Joint score for alpha[10]: 15.5998
2025-08-09 03:01:00,183 - DEBUG - Joint score for alpha[11]: 15.8853
2025-08-09 03:01:03,676 - DEBUG - Joint score for alpha[12]: 15.6235
2025-08-09 03:01:07,168 - DEBUG - Joint score for alpha[13]: 15.7232
2025-08-09 03:01:10,661 - DEBUG - Joint score for alpha[14]: 15.9846
2025-08-09 03:01:14,153 - DEBUG - Joint score for alpha[15]: 15.6942
2025-08-09 03:01:14,195 - INFO - Step 61/120: mean ENERGY=15.5337
2025-08-09 03:01:14,199 - DEBUG - Beginning Gibbs iteration s = 61
2025-08-09 03:01:17,851 - DEBUG - Joint score for alpha[0]: 15.9559
2025-08-09 03:01:21,346 - DEBUG - Joint score for alpha[1]: 15.9116
2025-08-09 03:01:24,839 - DEBUG - Joint score for alpha[2]: 15.7543
2025-08-09 03:01:28,332 - DEBUG - Joint score for alpha[3]: 15.9648
2025-08-09 03:01:31,828 - DEBUG - Joint score for alpha[4]: 15.9817
2025-08-09 03:01:35,320 - DEBUG - Joint score for alpha[5]: 15.8458
2025-08-09 03:01:38,814 - DEBUG - Joint score for alpha[6]: 15.6968
2025-08-09 03:01:42,308 - DEBUG - Joint score for alpha[7]: 15.7313
2025-08-09 03:01:45,800 - DEBUG - Joint score for alpha[8]: 16.1013
2025-08-09 03:01:49,292 - DEBUG - Joint score for alpha[9]: 15.7176
2025-08-09 03:01:52,785 - DEBUG - Joint score for alpha[10]: 15.7106
2025-08-09 03:01:56,278 - DEBUG - Joint score for alpha[11]: 15.8998
2025-08-09 03:01:59,771 - DEBUG - Joint score for alpha[12]: 15.7169
2025-08-09 03:02:03,262 - DEBUG - Joint score for alpha[13]: 15.9402
2025-08-09 03:02:06,756 - DEBUG - Joint score for alpha[14]: 15.7555
2025-08-09 03:02:10,249 - DEBUG - Joint score for alpha[15]: 16.0033
2025-08-09 03:02:13,763 - DEBUG - Joint score for alpha[0]: 15.9533
2025-08-09 03:02:17,259 - DEBUG - Joint score for alpha[1]: 15.8356
2025-08-09 03:02:20,750 - DEBUG - Joint score for alpha[2]: 15.8376
2025-08-09 03:02:24,243 - DEBUG - Joint score for alpha[3]: 15.7648
2025-08-09 03:02:27,735 - DEBUG - Joint score for alpha[4]: 16.0229
2025-08-09 03:02:31,229 - DEBUG - Joint score for alpha[5]: 15.9684
2025-08-09 03:02:34,722 - DEBUG - Joint score for alpha[6]: 15.6591
2025-08-09 03:02:38,217 - DEBUG - Joint score for alpha[7]: 15.9113
2025-08-09 03:02:41,711 - DEBUG - Joint score for alpha[8]: 15.8488
2025-08-09 03:02:45,206 - DEBUG - Joint score for alpha[9]: 15.9126
2025-08-09 03:02:48,697 - DEBUG - Joint score for alpha[10]: 15.9111
2025-08-09 03:02:52,191 - DEBUG - Joint score for alpha[11]: 15.6641
2025-08-09 03:02:55,683 - DEBUG - Joint score for alpha[12]: 15.8433
2025-08-09 03:02:59,177 - DEBUG - Joint score for alpha[13]: 16.0222
2025-08-09 03:03:02,669 - DEBUG - Joint score for alpha[14]: 15.7383
2025-08-09 03:03:06,163 - DEBUG - Joint score for alpha[15]: 16.2593
2025-08-09 03:03:09,679 - DEBUG - Joint score for alpha[0]: 16.0158
2025-08-09 03:03:13,174 - DEBUG - Joint score for alpha[1]: 15.7559
2025-08-09 03:03:16,668 - DEBUG - Joint score for alpha[2]: 15.9939
2025-08-09 03:03:20,165 - DEBUG - Joint score for alpha[3]: 15.7585
2025-08-09 03:03:23,659 - DEBUG - Joint score for alpha[4]: 15.9304
2025-08-09 03:03:27,149 - DEBUG - Joint score for alpha[5]: 15.7758
2025-08-09 03:03:30,642 - DEBUG - Joint score for alpha[6]: 15.9478
2025-08-09 03:03:34,137 - DEBUG - Joint score for alpha[7]: 15.7267
2025-08-09 03:03:37,630 - DEBUG - Joint score for alpha[8]: 15.7318
2025-08-09 03:03:41,123 - DEBUG - Joint score for alpha[9]: 15.8569
2025-08-09 03:03:44,619 - DEBUG - Joint score for alpha[10]: 16.1245
2025-08-09 03:03:48,113 - DEBUG - Joint score for alpha[11]: 16.0394
2025-08-09 03:03:51,608 - DEBUG - Joint score for alpha[12]: 15.8949
2025-08-09 03:03:55,102 - DEBUG - Joint score for alpha[13]: 15.7765
2025-08-09 03:03:58,596 - DEBUG - Joint score for alpha[14]: 15.9827
2025-08-09 03:04:02,088 - DEBUG - Joint score for alpha[15]: 15.7590
2025-08-09 03:04:05,604 - DEBUG - Joint score for alpha[0]: 15.8308
2025-08-09 03:04:09,102 - DEBUG - Joint score for alpha[1]: 15.6056
2025-08-09 03:04:12,596 - DEBUG - Joint score for alpha[2]: 15.7873
2025-08-09 03:04:16,090 - DEBUG - Joint score for alpha[3]: 15.9137
2025-08-09 03:04:19,584 - DEBUG - Joint score for alpha[4]: 15.8949
2025-08-09 03:04:23,078 - DEBUG - Joint score for alpha[5]: 15.9439
2025-08-09 03:04:26,572 - DEBUG - Joint score for alpha[6]: 16.0256
2025-08-09 03:04:30,066 - DEBUG - Joint score for alpha[7]: 15.9617
2025-08-09 03:04:33,561 - DEBUG - Joint score for alpha[8]: 15.6974
2025-08-09 03:04:37,056 - DEBUG - Joint score for alpha[9]: 15.8399
2025-08-09 03:04:40,550 - DEBUG - Joint score for alpha[10]: 15.7761
2025-08-09 03:04:44,045 - DEBUG - Joint score for alpha[11]: 15.7148
2025-08-09 03:04:47,538 - DEBUG - Joint score for alpha[12]: 15.8927
2025-08-09 03:04:51,032 - DEBUG - Joint score for alpha[13]: 16.0246
2025-08-09 03:04:54,526 - DEBUG - Joint score for alpha[14]: 15.9463
2025-08-09 03:04:58,019 - DEBUG - Joint score for alpha[15]: 15.9292
2025-08-09 03:05:01,537 - DEBUG - Joint score for alpha[0]: 16.2345
2025-08-09 03:05:05,032 - DEBUG - Joint score for alpha[1]: 15.8414
2025-08-09 03:05:08,525 - DEBUG - Joint score for alpha[2]: 16.0956
2025-08-09 03:05:12,021 - DEBUG - Joint score for alpha[3]: 15.6656
2025-08-09 03:05:15,512 - DEBUG - Joint score for alpha[4]: 15.7262
2025-08-09 03:05:19,005 - DEBUG - Joint score for alpha[5]: 15.8473
2025-08-09 03:05:22,498 - DEBUG - Joint score for alpha[6]: 15.7692
2025-08-09 03:05:25,993 - DEBUG - Joint score for alpha[7]: 15.8629
2025-08-09 03:05:29,486 - DEBUG - Joint score for alpha[8]: 15.6696
2025-08-09 03:05:32,977 - DEBUG - Joint score for alpha[9]: 16.0041
2025-08-09 03:05:36,468 - DEBUG - Joint score for alpha[10]: 15.6149
2025-08-09 03:05:39,963 - DEBUG - Joint score for alpha[11]: 15.9561
2025-08-09 03:05:43,455 - DEBUG - Joint score for alpha[12]: 15.6615
2025-08-09 03:05:46,949 - DEBUG - Joint score for alpha[13]: 15.7315
2025-08-09 03:05:50,440 - DEBUG - Joint score for alpha[14]: 15.7742
2025-08-09 03:05:53,934 - DEBUG - Joint score for alpha[15]: 15.6459
2025-08-09 03:05:53,976 - INFO - Step 62/120: mean ENERGY=15.6606
2025-08-09 03:05:53,977 - DEBUG - Beginning Gibbs iteration s = 62
2025-08-09 03:05:57,662 - DEBUG - Joint score for alpha[0]: 15.5656
2025-08-09 03:06:01,154 - DEBUG - Joint score for alpha[1]: 15.9146
2025-08-09 03:06:04,644 - DEBUG - Joint score for alpha[2]: 15.8200
2025-08-09 03:06:08,136 - DEBUG - Joint score for alpha[3]: 15.6776
2025-08-09 03:06:11,627 - DEBUG - Joint score for alpha[4]: 16.0321
2025-08-09 03:06:15,118 - DEBUG - Joint score for alpha[5]: 15.8805
2025-08-09 03:06:18,609 - DEBUG - Joint score for alpha[6]: 15.6501
2025-08-09 03:06:22,099 - DEBUG - Joint score for alpha[7]: 15.6588
2025-08-09 03:06:25,591 - DEBUG - Joint score for alpha[8]: 15.9078
2025-08-09 03:06:29,081 - DEBUG - Joint score for alpha[9]: 15.7472
2025-08-09 03:06:32,572 - DEBUG - Joint score for alpha[10]: 15.8346
2025-08-09 03:06:36,064 - DEBUG - Joint score for alpha[11]: 15.7563
2025-08-09 03:06:39,557 - DEBUG - Joint score for alpha[12]: 15.8510
2025-08-09 03:06:43,049 - DEBUG - Joint score for alpha[13]: 16.0135
2025-08-09 03:06:46,541 - DEBUG - Joint score for alpha[14]: 15.8084
2025-08-09 03:06:50,031 - DEBUG - Joint score for alpha[15]: 15.7464
2025-08-09 03:06:53,547 - DEBUG - Joint score for alpha[0]: 15.7220
2025-08-09 03:06:57,044 - DEBUG - Joint score for alpha[1]: 15.9654
2025-08-09 03:07:00,536 - DEBUG - Joint score for alpha[2]: 15.6109
2025-08-09 03:07:04,028 - DEBUG - Joint score for alpha[3]: 15.6071
2025-08-09 03:07:07,520 - DEBUG - Joint score for alpha[4]: 15.9005
2025-08-09 03:07:11,013 - DEBUG - Joint score for alpha[5]: 15.7432
2025-08-09 03:07:14,504 - DEBUG - Joint score for alpha[6]: 15.6234
2025-08-09 03:07:17,997 - DEBUG - Joint score for alpha[7]: 15.8354
2025-08-09 03:07:21,487 - DEBUG - Joint score for alpha[8]: 15.6667
2025-08-09 03:07:24,979 - DEBUG - Joint score for alpha[9]: 15.9746
2025-08-09 03:07:28,470 - DEBUG - Joint score for alpha[10]: 15.8581
2025-08-09 03:07:31,961 - DEBUG - Joint score for alpha[11]: 15.6244
2025-08-09 03:07:35,452 - DEBUG - Joint score for alpha[12]: 15.6066
2025-08-09 03:07:38,943 - DEBUG - Joint score for alpha[13]: 15.9147
2025-08-09 03:07:42,433 - DEBUG - Joint score for alpha[14]: 15.6022
2025-08-09 03:07:45,924 - DEBUG - Joint score for alpha[15]: 16.2139
2025-08-09 03:07:49,439 - DEBUG - Joint score for alpha[0]: 15.8122
2025-08-09 03:07:52,931 - DEBUG - Joint score for alpha[1]: 15.7327
2025-08-09 03:07:56,422 - DEBUG - Joint score for alpha[2]: 15.5858
2025-08-09 03:07:59,913 - DEBUG - Joint score for alpha[3]: 16.1647
2025-08-09 03:08:03,403 - DEBUG - Joint score for alpha[4]: 15.8413
2025-08-09 03:08:06,892 - DEBUG - Joint score for alpha[5]: 15.7755
2025-08-09 03:08:10,382 - DEBUG - Joint score for alpha[6]: 15.7439
2025-08-09 03:08:13,872 - DEBUG - Joint score for alpha[7]: 15.7593
2025-08-09 03:08:17,364 - DEBUG - Joint score for alpha[8]: 15.8157
2025-08-09 03:08:20,855 - DEBUG - Joint score for alpha[9]: 15.7792
2025-08-09 03:08:24,346 - DEBUG - Joint score for alpha[10]: 15.8043
2025-08-09 03:08:27,836 - DEBUG - Joint score for alpha[11]: 15.6934
2025-08-09 03:08:31,326 - DEBUG - Joint score for alpha[12]: 15.8009
2025-08-09 03:08:34,815 - DEBUG - Joint score for alpha[13]: 15.7745
2025-08-09 03:08:38,308 - DEBUG - Joint score for alpha[14]: 15.6461
2025-08-09 03:08:41,800 - DEBUG - Joint score for alpha[15]: 15.9502
2025-08-09 03:08:45,314 - DEBUG - Joint score for alpha[0]: 15.8334
2025-08-09 03:08:48,808 - DEBUG - Joint score for alpha[1]: 15.7397
2025-08-09 03:08:52,299 - DEBUG - Joint score for alpha[2]: 15.8645
2025-08-09 03:08:55,790 - DEBUG - Joint score for alpha[3]: 15.7853
2025-08-09 03:08:59,285 - DEBUG - Joint score for alpha[4]: 15.8008
2025-08-09 03:09:02,775 - DEBUG - Joint score for alpha[5]: 15.7388
2025-08-09 03:09:06,267 - DEBUG - Joint score for alpha[6]: 15.8503
2025-08-09 03:09:09,758 - DEBUG - Joint score for alpha[7]: 15.7836
2025-08-09 03:09:13,250 - DEBUG - Joint score for alpha[8]: 15.6567
2025-08-09 03:09:16,739 - DEBUG - Joint score for alpha[9]: 15.8288
2025-08-09 03:09:20,231 - DEBUG - Joint score for alpha[10]: 15.6202
2025-08-09 03:09:23,723 - DEBUG - Joint score for alpha[11]: 15.7900
2025-08-09 03:09:27,211 - DEBUG - Joint score for alpha[12]: 15.6681
2025-08-09 03:09:30,702 - DEBUG - Joint score for alpha[13]: 15.7140
2025-08-09 03:09:34,192 - DEBUG - Joint score for alpha[14]: 16.0562
2025-08-09 03:09:37,684 - DEBUG - Joint score for alpha[15]: 15.7309
2025-08-09 03:09:41,200 - DEBUG - Joint score for alpha[0]: 15.6797
2025-08-09 03:09:44,692 - DEBUG - Joint score for alpha[1]: 15.8160
2025-08-09 03:09:48,183 - DEBUG - Joint score for alpha[2]: 15.5684
2025-08-09 03:09:51,674 - DEBUG - Joint score for alpha[3]: 15.8060
2025-08-09 03:09:55,168 - DEBUG - Joint score for alpha[4]: 15.6747
2025-08-09 03:09:58,659 - DEBUG - Joint score for alpha[5]: 15.5309
2025-08-09 03:10:02,151 - DEBUG - Joint score for alpha[6]: 15.9300
2025-08-09 03:10:05,641 - DEBUG - Joint score for alpha[7]: 15.6111
2025-08-09 03:10:09,132 - DEBUG - Joint score for alpha[8]: 15.7654
2025-08-09 03:10:12,623 - DEBUG - Joint score for alpha[9]: 15.7741
2025-08-09 03:10:16,114 - DEBUG - Joint score for alpha[10]: 15.7447
2025-08-09 03:10:19,604 - DEBUG - Joint score for alpha[11]: 15.7831
2025-08-09 03:10:23,095 - DEBUG - Joint score for alpha[12]: 16.1268
2025-08-09 03:10:26,587 - DEBUG - Joint score for alpha[13]: 15.7628
2025-08-09 03:10:30,077 - DEBUG - Joint score for alpha[14]: 15.9995
2025-08-09 03:10:33,567 - DEBUG - Joint score for alpha[15]: 15.7295
2025-08-09 03:10:33,609 - INFO - Step 63/120: mean ENERGY=15.5810
2025-08-09 03:10:33,610 - DEBUG - Beginning Gibbs iteration s = 63
2025-08-09 03:10:37,140 - DEBUG - Joint score for alpha[0]: 15.8330
2025-08-09 03:10:40,631 - DEBUG - Joint score for alpha[1]: 16.3211
2025-08-09 03:10:44,122 - DEBUG - Joint score for alpha[2]: 15.8504
2025-08-09 03:10:47,612 - DEBUG - Joint score for alpha[3]: 16.0308
2025-08-09 03:10:51,104 - DEBUG - Joint score for alpha[4]: 16.2439
2025-08-09 03:10:54,595 - DEBUG - Joint score for alpha[5]: 15.7559
2025-08-09 03:10:58,082 - DEBUG - Joint score for alpha[6]: 16.0011
2025-08-09 03:11:01,572 - DEBUG - Joint score for alpha[7]: 15.9828
2025-08-09 03:11:05,061 - DEBUG - Joint score for alpha[8]: 15.7315
2025-08-09 03:11:08,552 - DEBUG - Joint score for alpha[9]: 15.9344
2025-08-09 03:11:12,042 - DEBUG - Joint score for alpha[10]: 15.9884
2025-08-09 03:11:15,533 - DEBUG - Joint score for alpha[11]: 16.0919
2025-08-09 03:11:19,022 - DEBUG - Joint score for alpha[12]: 16.0244
2025-08-09 03:11:22,512 - DEBUG - Joint score for alpha[13]: 15.8588
2025-08-09 03:11:26,002 - DEBUG - Joint score for alpha[14]: 15.9050
2025-08-09 03:11:29,492 - DEBUG - Joint score for alpha[15]: 15.8847
2025-08-09 03:11:33,006 - DEBUG - Joint score for alpha[0]: 16.1243
2025-08-09 03:11:36,502 - DEBUG - Joint score for alpha[1]: 16.0254
2025-08-09 03:11:39,993 - DEBUG - Joint score for alpha[2]: 16.1868
2025-08-09 03:11:43,485 - DEBUG - Joint score for alpha[3]: 15.9022
2025-08-09 03:11:46,976 - DEBUG - Joint score for alpha[4]: 15.7086
2025-08-09 03:11:50,468 - DEBUG - Joint score for alpha[5]: 15.7877
2025-08-09 03:11:53,957 - DEBUG - Joint score for alpha[6]: 15.9507
2025-08-09 03:11:57,449 - DEBUG - Joint score for alpha[7]: 16.1624
2025-08-09 03:12:00,941 - DEBUG - Joint score for alpha[8]: 16.1007
2025-08-09 03:12:04,432 - DEBUG - Joint score for alpha[9]: 15.9258
2025-08-09 03:12:07,923 - DEBUG - Joint score for alpha[10]: 16.0263
2025-08-09 03:12:11,415 - DEBUG - Joint score for alpha[11]: 15.9281
2025-08-09 03:12:14,905 - DEBUG - Joint score for alpha[12]: 16.0622
2025-08-09 03:12:18,395 - DEBUG - Joint score for alpha[13]: 15.9769
2025-08-09 03:12:21,886 - DEBUG - Joint score for alpha[14]: 15.9821
2025-08-09 03:12:25,378 - DEBUG - Joint score for alpha[15]: 16.0878
2025-08-09 03:12:28,892 - DEBUG - Joint score for alpha[0]: 15.8962
2025-08-09 03:12:32,386 - DEBUG - Joint score for alpha[1]: 16.4475
2025-08-09 03:12:35,876 - DEBUG - Joint score for alpha[2]: 15.8910
2025-08-09 03:12:39,368 - DEBUG - Joint score for alpha[3]: 16.0656
2025-08-09 03:12:42,859 - DEBUG - Joint score for alpha[4]: 16.1788
2025-08-09 03:12:46,350 - DEBUG - Joint score for alpha[5]: 15.7513
2025-08-09 03:12:49,841 - DEBUG - Joint score for alpha[6]: 15.8678
2025-08-09 03:12:53,333 - DEBUG - Joint score for alpha[7]: 16.2082
2025-08-09 03:12:56,824 - DEBUG - Joint score for alpha[8]: 16.1959
2025-08-09 03:13:00,314 - DEBUG - Joint score for alpha[9]: 16.0153
2025-08-09 03:13:03,804 - DEBUG - Joint score for alpha[10]: 16.0440
2025-08-09 03:13:07,296 - DEBUG - Joint score for alpha[11]: 15.7889
2025-08-09 03:13:10,787 - DEBUG - Joint score for alpha[12]: 15.9693
2025-08-09 03:13:14,276 - DEBUG - Joint score for alpha[13]: 15.9410
2025-08-09 03:13:17,768 - DEBUG - Joint score for alpha[14]: 16.1421
2025-08-09 03:13:21,257 - DEBUG - Joint score for alpha[15]: 16.0472
2025-08-09 03:13:24,772 - DEBUG - Joint score for alpha[0]: 16.1885
2025-08-09 03:13:28,265 - DEBUG - Joint score for alpha[1]: 15.8846
2025-08-09 03:13:31,756 - DEBUG - Joint score for alpha[2]: 15.7829
2025-08-09 03:13:35,246 - DEBUG - Joint score for alpha[3]: 16.0661
2025-08-09 03:13:38,738 - DEBUG - Joint score for alpha[4]: 16.1128
2025-08-09 03:13:42,229 - DEBUG - Joint score for alpha[5]: 16.0500
2025-08-09 03:13:45,720 - DEBUG - Joint score for alpha[6]: 15.8100
2025-08-09 03:13:49,209 - DEBUG - Joint score for alpha[7]: 15.9231
2025-08-09 03:13:52,699 - DEBUG - Joint score for alpha[8]: 15.8727
2025-08-09 03:13:56,190 - DEBUG - Joint score for alpha[9]: 15.9892
2025-08-09 03:13:59,680 - DEBUG - Joint score for alpha[10]: 15.9276
2025-08-09 03:14:03,172 - DEBUG - Joint score for alpha[11]: 15.9318
2025-08-09 03:14:06,662 - DEBUG - Joint score for alpha[12]: 16.0584
2025-08-09 03:14:10,153 - DEBUG - Joint score for alpha[13]: 16.0297
2025-08-09 03:14:13,645 - DEBUG - Joint score for alpha[14]: 16.2747
2025-08-09 03:14:17,138 - DEBUG - Joint score for alpha[15]: 16.0429
2025-08-09 03:14:20,653 - DEBUG - Joint score for alpha[0]: 16.1852
2025-08-09 03:14:24,148 - DEBUG - Joint score for alpha[1]: 15.9385
2025-08-09 03:14:27,640 - DEBUG - Joint score for alpha[2]: 16.1144
2025-08-09 03:14:31,131 - DEBUG - Joint score for alpha[3]: 15.7519
2025-08-09 03:14:34,621 - DEBUG - Joint score for alpha[4]: 16.0873
2025-08-09 03:14:38,113 - DEBUG - Joint score for alpha[5]: 15.8313
2025-08-09 03:14:41,605 - DEBUG - Joint score for alpha[6]: 16.3668
2025-08-09 03:14:45,095 - DEBUG - Joint score for alpha[7]: 15.7728
2025-08-09 03:14:48,587 - DEBUG - Joint score for alpha[8]: 15.9194
2025-08-09 03:14:52,078 - DEBUG - Joint score for alpha[9]: 16.3003
2025-08-09 03:14:55,570 - DEBUG - Joint score for alpha[10]: 16.0349
2025-08-09 03:14:59,060 - DEBUG - Joint score for alpha[11]: 15.6968
2025-08-09 03:15:02,551 - DEBUG - Joint score for alpha[12]: 16.1302
2025-08-09 03:15:06,042 - DEBUG - Joint score for alpha[13]: 16.0032
2025-08-09 03:15:09,532 - DEBUG - Joint score for alpha[14]: 15.8095
2025-08-09 03:15:13,023 - DEBUG - Joint score for alpha[15]: 16.0247
2025-08-09 03:15:13,064 - INFO - Step 64/120: mean ENERGY=15.7342
2025-08-09 03:15:13,065 - DEBUG - Beginning Gibbs iteration s = 64
2025-08-09 03:15:16,599 - DEBUG - Joint score for alpha[0]: 15.7484
2025-08-09 03:15:20,092 - DEBUG - Joint score for alpha[1]: 16.1681
2025-08-09 03:15:23,581 - DEBUG - Joint score for alpha[2]: 15.9475
2025-08-09 03:15:27,071 - DEBUG - Joint score for alpha[3]: 15.7567
2025-08-09 03:15:30,563 - DEBUG - Joint score for alpha[4]: 15.9796
2025-08-09 03:15:34,053 - DEBUG - Joint score for alpha[5]: 15.9061
2025-08-09 03:15:37,543 - DEBUG - Joint score for alpha[6]: 15.8410
2025-08-09 03:15:41,034 - DEBUG - Joint score for alpha[7]: 15.8493
2025-08-09 03:15:44,524 - DEBUG - Joint score for alpha[8]: 15.9660
2025-08-09 03:15:48,015 - DEBUG - Joint score for alpha[9]: 15.9750
2025-08-09 03:15:51,504 - DEBUG - Joint score for alpha[10]: 16.0081
2025-08-09 03:15:54,994 - DEBUG - Joint score for alpha[11]: 15.8055
2025-08-09 03:15:58,485 - DEBUG - Joint score for alpha[12]: 15.9910
2025-08-09 03:16:01,975 - DEBUG - Joint score for alpha[13]: 15.9576
2025-08-09 03:16:05,466 - DEBUG - Joint score for alpha[14]: 15.8411
2025-08-09 03:16:08,957 - DEBUG - Joint score for alpha[15]: 16.2024
2025-08-09 03:16:12,470 - DEBUG - Joint score for alpha[0]: 16.0885
2025-08-09 03:16:15,963 - DEBUG - Joint score for alpha[1]: 15.6218
2025-08-09 03:16:19,453 - DEBUG - Joint score for alpha[2]: 15.7999
2025-08-09 03:16:22,943 - DEBUG - Joint score for alpha[3]: 15.8592
2025-08-09 03:16:26,433 - DEBUG - Joint score for alpha[4]: 15.8517
2025-08-09 03:16:29,925 - DEBUG - Joint score for alpha[5]: 15.8657
2025-08-09 03:16:33,417 - DEBUG - Joint score for alpha[6]: 15.8431
2025-08-09 03:16:36,907 - DEBUG - Joint score for alpha[7]: 15.9043
2025-08-09 03:16:40,399 - DEBUG - Joint score for alpha[8]: 15.9566
2025-08-09 03:16:43,890 - DEBUG - Joint score for alpha[9]: 15.8693
2025-08-09 03:16:47,380 - DEBUG - Joint score for alpha[10]: 15.9212
2025-08-09 03:16:50,869 - DEBUG - Joint score for alpha[11]: 15.7374
2025-08-09 03:16:54,360 - DEBUG - Joint score for alpha[12]: 15.9768
2025-08-09 03:16:57,853 - DEBUG - Joint score for alpha[13]: 15.9732
2025-08-09 03:17:01,345 - DEBUG - Joint score for alpha[14]: 16.2193
2025-08-09 03:17:04,836 - DEBUG - Joint score for alpha[15]: 15.8013
2025-08-09 03:17:08,352 - DEBUG - Joint score for alpha[0]: 15.9958
2025-08-09 03:17:11,845 - DEBUG - Joint score for alpha[1]: 15.9239
2025-08-09 03:17:15,337 - DEBUG - Joint score for alpha[2]: 15.7716
2025-08-09 03:17:18,829 - DEBUG - Joint score for alpha[3]: 15.6845
2025-08-09 03:17:22,322 - DEBUG - Joint score for alpha[4]: 16.0127
2025-08-09 03:17:25,813 - DEBUG - Joint score for alpha[5]: 15.9423
2025-08-09 03:17:29,304 - DEBUG - Joint score for alpha[6]: 15.9082
2025-08-09 03:17:32,797 - DEBUG - Joint score for alpha[7]: 15.6875
2025-08-09 03:17:36,288 - DEBUG - Joint score for alpha[8]: 15.9384
2025-08-09 03:17:39,780 - DEBUG - Joint score for alpha[9]: 15.9155
2025-08-09 03:17:43,272 - DEBUG - Joint score for alpha[10]: 15.8754
2025-08-09 03:17:46,765 - DEBUG - Joint score for alpha[11]: 15.7521
2025-08-09 03:17:50,258 - DEBUG - Joint score for alpha[12]: 15.7338
2025-08-09 03:17:53,749 - DEBUG - Joint score for alpha[13]: 15.9106
2025-08-09 03:17:57,240 - DEBUG - Joint score for alpha[14]: 15.8546
2025-08-09 03:18:00,732 - DEBUG - Joint score for alpha[15]: 15.8664
2025-08-09 03:18:04,246 - DEBUG - Joint score for alpha[0]: 15.9903
2025-08-09 03:18:07,739 - DEBUG - Joint score for alpha[1]: 16.0505
2025-08-09 03:18:11,233 - DEBUG - Joint score for alpha[2]: 15.9849
2025-08-09 03:18:14,724 - DEBUG - Joint score for alpha[3]: 15.9830
2025-08-09 03:18:18,218 - DEBUG - Joint score for alpha[4]: 16.1822
2025-08-09 03:18:21,707 - DEBUG - Joint score for alpha[5]: 16.1710
2025-08-09 03:18:25,199 - DEBUG - Joint score for alpha[6]: 15.9409
2025-08-09 03:18:28,691 - DEBUG - Joint score for alpha[7]: 16.1886
2025-08-09 03:18:32,183 - DEBUG - Joint score for alpha[8]: 15.9098
2025-08-09 03:18:35,673 - DEBUG - Joint score for alpha[9]: 15.8639
2025-08-09 03:18:39,164 - DEBUG - Joint score for alpha[10]: 15.8987
2025-08-09 03:18:42,654 - DEBUG - Joint score for alpha[11]: 15.9248
2025-08-09 03:18:46,145 - DEBUG - Joint score for alpha[12]: 15.8052
2025-08-09 03:18:49,636 - DEBUG - Joint score for alpha[13]: 16.0366
2025-08-09 03:18:53,129 - DEBUG - Joint score for alpha[14]: 15.8547
2025-08-09 03:18:56,620 - DEBUG - Joint score for alpha[15]: 15.6675
2025-08-09 03:19:00,133 - DEBUG - Joint score for alpha[0]: 15.8135
2025-08-09 03:19:03,626 - DEBUG - Joint score for alpha[1]: 15.8736
2025-08-09 03:19:07,117 - DEBUG - Joint score for alpha[2]: 15.8013
2025-08-09 03:19:10,607 - DEBUG - Joint score for alpha[3]: 15.6506
2025-08-09 03:19:14,098 - DEBUG - Joint score for alpha[4]: 15.8113
2025-08-09 03:19:17,588 - DEBUG - Joint score for alpha[5]: 15.8785
2025-08-09 03:19:21,079 - DEBUG - Joint score for alpha[6]: 15.8763
2025-08-09 03:19:24,571 - DEBUG - Joint score for alpha[7]: 16.0318
2025-08-09 03:19:28,065 - DEBUG - Joint score for alpha[8]: 15.8464
2025-08-09 03:19:31,557 - DEBUG - Joint score for alpha[9]: 15.5948
2025-08-09 03:19:35,049 - DEBUG - Joint score for alpha[10]: 15.7189
2025-08-09 03:19:38,540 - DEBUG - Joint score for alpha[11]: 15.8080
2025-08-09 03:19:42,031 - DEBUG - Joint score for alpha[12]: 15.8668
2025-08-09 03:19:45,524 - DEBUG - Joint score for alpha[13]: 15.9003
2025-08-09 03:19:49,015 - DEBUG - Joint score for alpha[14]: 15.8323
2025-08-09 03:19:52,506 - DEBUG - Joint score for alpha[15]: 15.9634
2025-08-09 03:19:52,547 - INFO - Step 65/120: mean ENERGY=15.6634
2025-08-09 03:19:52,551 - DEBUG - Beginning Gibbs iteration s = 65
2025-08-09 03:19:52,674 - INFO - Adaptation stopped at step 65, fixed at 0.014
2025-08-09 03:19:56,140 - DEBUG - Joint score for alpha[0]: 15.6749
2025-08-09 03:19:59,634 - DEBUG - Joint score for alpha[1]: 15.9345
2025-08-09 03:20:03,127 - DEBUG - Joint score for alpha[2]: 15.8341
2025-08-09 03:20:06,618 - DEBUG - Joint score for alpha[3]: 15.7821
2025-08-09 03:20:10,110 - DEBUG - Joint score for alpha[4]: 15.7637
2025-08-09 03:20:13,601 - DEBUG - Joint score for alpha[5]: 16.2355
2025-08-09 03:20:17,091 - DEBUG - Joint score for alpha[6]: 16.0644
2025-08-09 03:20:20,580 - DEBUG - Joint score for alpha[7]: 15.7422
2025-08-09 03:20:24,071 - DEBUG - Joint score for alpha[8]: 15.8927
2025-08-09 03:20:27,563 - DEBUG - Joint score for alpha[9]: 15.8824
2025-08-09 03:20:31,053 - DEBUG - Joint score for alpha[10]: 15.6173
2025-08-09 03:20:34,543 - DEBUG - Joint score for alpha[11]: 15.7185
2025-08-09 03:20:38,034 - DEBUG - Joint score for alpha[12]: 15.7866
2025-08-09 03:20:41,524 - DEBUG - Joint score for alpha[13]: 15.6970
2025-08-09 03:20:45,016 - DEBUG - Joint score for alpha[14]: 15.7664
2025-08-09 03:20:48,506 - DEBUG - Joint score for alpha[15]: 15.7141
2025-08-09 03:20:52,023 - DEBUG - Joint score for alpha[0]: 15.7286
2025-08-09 03:20:55,517 - DEBUG - Joint score for alpha[1]: 15.7787
2025-08-09 03:20:59,007 - DEBUG - Joint score for alpha[2]: 15.7328
2025-08-09 03:21:02,497 - DEBUG - Joint score for alpha[3]: 15.7812
2025-08-09 03:21:05,987 - DEBUG - Joint score for alpha[4]: 15.7289
2025-08-09 03:21:09,478 - DEBUG - Joint score for alpha[5]: 15.6927
2025-08-09 03:21:12,968 - DEBUG - Joint score for alpha[6]: 15.8602
2025-08-09 03:21:16,460 - DEBUG - Joint score for alpha[7]: 15.5574
2025-08-09 03:21:19,950 - DEBUG - Joint score for alpha[8]: 15.7857
2025-08-09 03:21:23,440 - DEBUG - Joint score for alpha[9]: 15.8949
2025-08-09 03:21:26,931 - DEBUG - Joint score for alpha[10]: 15.8369
2025-08-09 03:21:30,424 - DEBUG - Joint score for alpha[11]: 16.1805
2025-08-09 03:21:33,914 - DEBUG - Joint score for alpha[12]: 15.7276
2025-08-09 03:21:37,405 - DEBUG - Joint score for alpha[13]: 15.7358
2025-08-09 03:21:40,897 - DEBUG - Joint score for alpha[14]: 15.9655
2025-08-09 03:21:44,388 - DEBUG - Joint score for alpha[15]: 15.9512
2025-08-09 03:21:47,902 - DEBUG - Joint score for alpha[0]: 15.9486
2025-08-09 03:21:51,396 - DEBUG - Joint score for alpha[1]: 15.8195
2025-08-09 03:21:54,887 - DEBUG - Joint score for alpha[2]: 15.7870
2025-08-09 03:21:58,379 - DEBUG - Joint score for alpha[3]: 15.8913
2025-08-09 03:22:01,869 - DEBUG - Joint score for alpha[4]: 15.7626
2025-08-09 03:22:05,360 - DEBUG - Joint score for alpha[5]: 15.7039
2025-08-09 03:22:08,855 - DEBUG - Joint score for alpha[6]: 15.5653
2025-08-09 03:22:12,347 - DEBUG - Joint score for alpha[7]: 15.6602
2025-08-09 03:22:15,839 - DEBUG - Joint score for alpha[8]: 15.8422
2025-08-09 03:22:19,330 - DEBUG - Joint score for alpha[9]: 15.9662
2025-08-09 03:22:22,822 - DEBUG - Joint score for alpha[10]: 15.7618
2025-08-09 03:22:26,313 - DEBUG - Joint score for alpha[11]: 15.9783
2025-08-09 03:22:29,804 - DEBUG - Joint score for alpha[12]: 15.7314
2025-08-09 03:22:33,295 - DEBUG - Joint score for alpha[13]: 15.9682
2025-08-09 03:22:36,789 - DEBUG - Joint score for alpha[14]: 15.8846
2025-08-09 03:22:40,279 - DEBUG - Joint score for alpha[15]: 15.8296
2025-08-09 03:22:43,794 - DEBUG - Joint score for alpha[0]: 15.7497
2025-08-09 03:22:47,288 - DEBUG - Joint score for alpha[1]: 16.0187
2025-08-09 03:22:50,777 - DEBUG - Joint score for alpha[2]: 15.6192
2025-08-09 03:22:54,268 - DEBUG - Joint score for alpha[3]: 15.9170
2025-08-09 03:22:57,758 - DEBUG - Joint score for alpha[4]: 15.8671
2025-08-09 03:23:01,249 - DEBUG - Joint score for alpha[5]: 15.8042
2025-08-09 03:23:04,740 - DEBUG - Joint score for alpha[6]: 15.8080
2025-08-09 03:23:08,231 - DEBUG - Joint score for alpha[7]: 16.0504
2025-08-09 03:23:11,723 - DEBUG - Joint score for alpha[8]: 15.6895
2025-08-09 03:23:15,213 - DEBUG - Joint score for alpha[9]: 15.7925
2025-08-09 03:23:18,702 - DEBUG - Joint score for alpha[10]: 15.8022
2025-08-09 03:23:22,194 - DEBUG - Joint score for alpha[11]: 15.9781
2025-08-09 03:23:25,684 - DEBUG - Joint score for alpha[12]: 15.7265
2025-08-09 03:23:29,173 - DEBUG - Joint score for alpha[13]: 15.6739
2025-08-09 03:23:32,664 - DEBUG - Joint score for alpha[14]: 15.7427
2025-08-09 03:23:36,154 - DEBUG - Joint score for alpha[15]: 15.8040
2025-08-09 03:23:39,668 - DEBUG - Joint score for alpha[0]: 16.1539
2025-08-09 03:23:43,161 - DEBUG - Joint score for alpha[1]: 15.7255
2025-08-09 03:23:46,653 - DEBUG - Joint score for alpha[2]: 15.6736
2025-08-09 03:23:50,143 - DEBUG - Joint score for alpha[3]: 16.0429
2025-08-09 03:23:53,633 - DEBUG - Joint score for alpha[4]: 15.6312
2025-08-09 03:23:57,122 - DEBUG - Joint score for alpha[5]: 15.8042
2025-08-09 03:24:00,610 - DEBUG - Joint score for alpha[6]: 15.6180
2025-08-09 03:24:04,102 - DEBUG - Joint score for alpha[7]: 15.8011
2025-08-09 03:24:07,591 - DEBUG - Joint score for alpha[8]: 15.8118
2025-08-09 03:24:11,081 - DEBUG - Joint score for alpha[9]: 15.8156
2025-08-09 03:24:14,571 - DEBUG - Joint score for alpha[10]: 15.6364
2025-08-09 03:24:18,061 - DEBUG - Joint score for alpha[11]: 15.9586
2025-08-09 03:24:21,549 - DEBUG - Joint score for alpha[12]: 16.1159
2025-08-09 03:24:25,039 - DEBUG - Joint score for alpha[13]: 15.7369
2025-08-09 03:24:28,528 - DEBUG - Joint score for alpha[14]: 15.6762
2025-08-09 03:24:32,017 - DEBUG - Joint score for alpha[15]: 15.8716
2025-08-09 03:24:32,059 - INFO - Step 66/120: mean ENERGY=15.5954
2025-08-09 03:24:32,060 - DEBUG - Beginning Gibbs iteration s = 66
2025-08-09 03:24:35,591 - DEBUG - Joint score for alpha[0]: 15.6533
2025-08-09 03:24:39,082 - DEBUG - Joint score for alpha[1]: 15.8600
2025-08-09 03:24:42,571 - DEBUG - Joint score for alpha[2]: 15.8611
2025-08-09 03:24:46,059 - DEBUG - Joint score for alpha[3]: 15.7576
2025-08-09 03:24:49,549 - DEBUG - Joint score for alpha[4]: 15.8858
2025-08-09 03:24:53,038 - DEBUG - Joint score for alpha[5]: 15.7746
2025-08-09 03:24:56,528 - DEBUG - Joint score for alpha[6]: 15.6008
2025-08-09 03:25:00,019 - DEBUG - Joint score for alpha[7]: 15.8860
2025-08-09 03:25:03,509 - DEBUG - Joint score for alpha[8]: 15.6631
2025-08-09 03:25:06,999 - DEBUG - Joint score for alpha[9]: 15.8548
2025-08-09 03:25:10,489 - DEBUG - Joint score for alpha[10]: 15.8476
2025-08-09 03:25:13,980 - DEBUG - Joint score for alpha[11]: 15.6624
2025-08-09 03:25:17,470 - DEBUG - Joint score for alpha[12]: 15.8065
2025-08-09 03:25:20,961 - DEBUG - Joint score for alpha[13]: 16.0054
2025-08-09 03:25:24,452 - DEBUG - Joint score for alpha[14]: 15.6571
2025-08-09 03:25:27,945 - DEBUG - Joint score for alpha[15]: 15.7591
2025-08-09 03:25:31,461 - DEBUG - Joint score for alpha[0]: 15.6151
2025-08-09 03:25:34,955 - DEBUG - Joint score for alpha[1]: 15.6258
2025-08-09 03:25:38,445 - DEBUG - Joint score for alpha[2]: 15.6036
2025-08-09 03:25:41,937 - DEBUG - Joint score for alpha[3]: 15.9612
2025-08-09 03:25:45,429 - DEBUG - Joint score for alpha[4]: 15.6122
2025-08-09 03:25:48,924 - DEBUG - Joint score for alpha[5]: 15.6258
2025-08-09 03:25:52,417 - DEBUG - Joint score for alpha[6]: 15.7382
2025-08-09 03:25:55,907 - DEBUG - Joint score for alpha[7]: 15.5928
2025-08-09 03:25:59,400 - DEBUG - Joint score for alpha[8]: 15.6655
2025-08-09 03:26:02,890 - DEBUG - Joint score for alpha[9]: 15.7854
2025-08-09 03:26:06,382 - DEBUG - Joint score for alpha[10]: 15.6722
2025-08-09 03:26:09,875 - DEBUG - Joint score for alpha[11]: 15.7267
2025-08-09 03:26:13,368 - DEBUG - Joint score for alpha[12]: 15.6723
2025-08-09 03:26:16,860 - DEBUG - Joint score for alpha[13]: 15.7902
2025-08-09 03:26:20,352 - DEBUG - Joint score for alpha[14]: 15.7466
2025-08-09 03:26:23,843 - DEBUG - Joint score for alpha[15]: 15.7655
2025-08-09 03:26:27,360 - DEBUG - Joint score for alpha[0]: 15.7919
2025-08-09 03:26:30,854 - DEBUG - Joint score for alpha[1]: 15.6616
2025-08-09 03:26:34,348 - DEBUG - Joint score for alpha[2]: 15.7769
2025-08-09 03:26:37,841 - DEBUG - Joint score for alpha[3]: 15.6697
2025-08-09 03:26:41,333 - DEBUG - Joint score for alpha[4]: 15.6303
2025-08-09 03:26:44,825 - DEBUG - Joint score for alpha[5]: 15.6672
2025-08-09 03:26:48,319 - DEBUG - Joint score for alpha[6]: 15.7733
2025-08-09 03:26:51,812 - DEBUG - Joint score for alpha[7]: 15.5700
2025-08-09 03:26:55,303 - DEBUG - Joint score for alpha[8]: 15.6757
2025-08-09 03:26:58,797 - DEBUG - Joint score for alpha[9]: 15.6645
2025-08-09 03:27:02,289 - DEBUG - Joint score for alpha[10]: 15.8998
2025-08-09 03:27:05,783 - DEBUG - Joint score for alpha[11]: 15.7972
2025-08-09 03:27:09,275 - DEBUG - Joint score for alpha[12]: 15.8542
2025-08-09 03:27:12,769 - DEBUG - Joint score for alpha[13]: 15.7315
2025-08-09 03:27:16,262 - DEBUG - Joint score for alpha[14]: 15.6665
2025-08-09 03:27:19,755 - DEBUG - Joint score for alpha[15]: 15.7236
2025-08-09 03:27:23,270 - DEBUG - Joint score for alpha[0]: 15.9246
2025-08-09 03:27:26,764 - DEBUG - Joint score for alpha[1]: 15.7856
2025-08-09 03:27:30,255 - DEBUG - Joint score for alpha[2]: 15.7860
2025-08-09 03:27:33,747 - DEBUG - Joint score for alpha[3]: 15.6130
2025-08-09 03:27:37,238 - DEBUG - Joint score for alpha[4]: 15.8555
2025-08-09 03:27:40,728 - DEBUG - Joint score for alpha[5]: 15.6748
2025-08-09 03:27:44,220 - DEBUG - Joint score for alpha[6]: 15.6175
2025-08-09 03:27:47,711 - DEBUG - Joint score for alpha[7]: 16.0256
2025-08-09 03:27:51,202 - DEBUG - Joint score for alpha[8]: 15.6228
2025-08-09 03:27:54,694 - DEBUG - Joint score for alpha[9]: 15.6687
2025-08-09 03:27:58,185 - DEBUG - Joint score for alpha[10]: 15.7329
2025-08-09 03:28:01,677 - DEBUG - Joint score for alpha[11]: 15.5459
2025-08-09 03:28:05,169 - DEBUG - Joint score for alpha[12]: 16.0231
2025-08-09 03:28:08,662 - DEBUG - Joint score for alpha[13]: 15.5623
2025-08-09 03:28:12,154 - DEBUG - Joint score for alpha[14]: 15.8382
2025-08-09 03:28:15,644 - DEBUG - Joint score for alpha[15]: 15.5395
2025-08-09 03:28:19,157 - DEBUG - Joint score for alpha[0]: 15.7946
2025-08-09 03:28:22,652 - DEBUG - Joint score for alpha[1]: 15.7340
2025-08-09 03:28:26,144 - DEBUG - Joint score for alpha[2]: 15.7262
2025-08-09 03:28:29,635 - DEBUG - Joint score for alpha[3]: 15.6189
2025-08-09 03:28:33,125 - DEBUG - Joint score for alpha[4]: 15.5647
2025-08-09 03:28:36,617 - DEBUG - Joint score for alpha[5]: 15.6750
2025-08-09 03:28:40,108 - DEBUG - Joint score for alpha[6]: 15.7359
2025-08-09 03:28:43,599 - DEBUG - Joint score for alpha[7]: 15.7391
2025-08-09 03:28:47,089 - DEBUG - Joint score for alpha[8]: 15.6598
2025-08-09 03:28:50,581 - DEBUG - Joint score for alpha[9]: 15.8047
2025-08-09 03:28:54,072 - DEBUG - Joint score for alpha[10]: 15.4377
2025-08-09 03:28:57,562 - DEBUG - Joint score for alpha[11]: 15.7530
2025-08-09 03:29:01,052 - DEBUG - Joint score for alpha[12]: 15.6744
2025-08-09 03:29:04,541 - DEBUG - Joint score for alpha[13]: 15.8551
2025-08-09 03:29:08,030 - DEBUG - Joint score for alpha[14]: 16.0749
2025-08-09 03:29:11,523 - DEBUG - Joint score for alpha[15]: 15.5631
2025-08-09 03:29:11,564 - INFO - Step 67/120: mean ENERGY=15.5482
2025-08-09 03:29:11,566 - DEBUG - Beginning Gibbs iteration s = 67
2025-08-09 03:29:15,147 - DEBUG - Joint score for alpha[0]: 15.9499
2025-08-09 03:29:18,642 - DEBUG - Joint score for alpha[1]: 15.6407
2025-08-09 03:29:22,137 - DEBUG - Joint score for alpha[2]: 15.8407
2025-08-09 03:29:25,631 - DEBUG - Joint score for alpha[3]: 15.4801
2025-08-09 03:29:29,124 - DEBUG - Joint score for alpha[4]: 15.8380
2025-08-09 03:29:32,617 - DEBUG - Joint score for alpha[5]: 15.6970
2025-08-09 03:29:36,111 - DEBUG - Joint score for alpha[6]: 15.7914
2025-08-09 03:29:39,602 - DEBUG - Joint score for alpha[7]: 15.7342
2025-08-09 03:29:43,095 - DEBUG - Joint score for alpha[8]: 15.6502
2025-08-09 03:29:46,587 - DEBUG - Joint score for alpha[9]: 15.6273
2025-08-09 03:29:50,081 - DEBUG - Joint score for alpha[10]: 15.5064
2025-08-09 03:29:53,576 - DEBUG - Joint score for alpha[11]: 15.4418
2025-08-09 03:29:57,069 - DEBUG - Joint score for alpha[12]: 15.6398
2025-08-09 03:30:00,560 - DEBUG - Joint score for alpha[13]: 15.6042
2025-08-09 03:30:04,053 - DEBUG - Joint score for alpha[14]: 15.9554
2025-08-09 03:30:07,546 - DEBUG - Joint score for alpha[15]: 15.5136
2025-08-09 03:30:11,064 - DEBUG - Joint score for alpha[0]: 15.5317
2025-08-09 03:30:14,557 - DEBUG - Joint score for alpha[1]: 15.6308
2025-08-09 03:30:18,050 - DEBUG - Joint score for alpha[2]: 15.5442
2025-08-09 03:30:21,542 - DEBUG - Joint score for alpha[3]: 15.7698
2025-08-09 03:30:25,035 - DEBUG - Joint score for alpha[4]: 15.7691
2025-08-09 03:30:28,528 - DEBUG - Joint score for alpha[5]: 15.4043
2025-08-09 03:30:32,022 - DEBUG - Joint score for alpha[6]: 15.6545
2025-08-09 03:30:35,514 - DEBUG - Joint score for alpha[7]: 15.4795
2025-08-09 03:30:39,006 - DEBUG - Joint score for alpha[8]: 15.8219
2025-08-09 03:30:42,498 - DEBUG - Joint score for alpha[9]: 15.6983
2025-08-09 03:30:45,994 - DEBUG - Joint score for alpha[10]: 15.8854
2025-08-09 03:30:49,486 - DEBUG - Joint score for alpha[11]: 15.5928
2025-08-09 03:30:52,980 - DEBUG - Joint score for alpha[12]: 15.5721
2025-08-09 03:30:56,475 - DEBUG - Joint score for alpha[13]: 15.8352
2025-08-09 03:30:59,968 - DEBUG - Joint score for alpha[14]: 15.7101
2025-08-09 03:31:03,462 - DEBUG - Joint score for alpha[15]: 15.7690
2025-08-09 03:31:06,979 - DEBUG - Joint score for alpha[0]: 15.5592
2025-08-09 03:31:10,473 - DEBUG - Joint score for alpha[1]: 15.6471
2025-08-09 03:31:13,966 - DEBUG - Joint score for alpha[2]: 15.5700
2025-08-09 03:31:17,458 - DEBUG - Joint score for alpha[3]: 15.7643
2025-08-09 03:31:20,951 - DEBUG - Joint score for alpha[4]: 15.5618
2025-08-09 03:31:24,446 - DEBUG - Joint score for alpha[5]: 15.4614
2025-08-09 03:31:27,936 - DEBUG - Joint score for alpha[6]: 15.5789
2025-08-09 03:31:31,428 - DEBUG - Joint score for alpha[7]: 15.5467
2025-08-09 03:31:34,921 - DEBUG - Joint score for alpha[8]: 15.8294
2025-08-09 03:31:38,412 - DEBUG - Joint score for alpha[9]: 15.9013
2025-08-09 03:31:41,904 - DEBUG - Joint score for alpha[10]: 15.7453
2025-08-09 03:31:45,396 - DEBUG - Joint score for alpha[11]: 15.8048
2025-08-09 03:31:48,888 - DEBUG - Joint score for alpha[12]: 15.7398
2025-08-09 03:31:52,381 - DEBUG - Joint score for alpha[13]: 15.4597
2025-08-09 03:31:55,874 - DEBUG - Joint score for alpha[14]: 15.9250
2025-08-09 03:31:59,367 - DEBUG - Joint score for alpha[15]: 15.6154
2025-08-09 03:32:02,884 - DEBUG - Joint score for alpha[0]: 15.8856
2025-08-09 03:32:06,379 - DEBUG - Joint score for alpha[1]: 15.7114
2025-08-09 03:32:09,872 - DEBUG - Joint score for alpha[2]: 15.7147
2025-08-09 03:32:13,364 - DEBUG - Joint score for alpha[3]: 15.6053
2025-08-09 03:32:16,856 - DEBUG - Joint score for alpha[4]: 15.7653
2025-08-09 03:32:20,350 - DEBUG - Joint score for alpha[5]: 15.5258
2025-08-09 03:32:23,843 - DEBUG - Joint score for alpha[6]: 15.5301
2025-08-09 03:32:27,336 - DEBUG - Joint score for alpha[7]: 15.6987
2025-08-09 03:32:30,829 - DEBUG - Joint score for alpha[8]: 15.6882
2025-08-09 03:32:34,322 - DEBUG - Joint score for alpha[9]: 15.7575
2025-08-09 03:32:37,815 - DEBUG - Joint score for alpha[10]: 15.7076
2025-08-09 03:32:41,308 - DEBUG - Joint score for alpha[11]: 15.7637
2025-08-09 03:32:44,803 - DEBUG - Joint score for alpha[12]: 15.8864
2025-08-09 03:32:48,298 - DEBUG - Joint score for alpha[13]: 15.7000
2025-08-09 03:32:51,790 - DEBUG - Joint score for alpha[14]: 15.6092
2025-08-09 03:32:55,285 - DEBUG - Joint score for alpha[15]: 15.6288
2025-08-09 03:32:58,802 - DEBUG - Joint score for alpha[0]: 15.8212
2025-08-09 03:33:02,299 - DEBUG - Joint score for alpha[1]: 15.7342
2025-08-09 03:33:05,792 - DEBUG - Joint score for alpha[2]: 15.7705
2025-08-09 03:33:09,286 - DEBUG - Joint score for alpha[3]: 15.7101
2025-08-09 03:33:12,780 - DEBUG - Joint score for alpha[4]: 15.7460
2025-08-09 03:33:16,273 - DEBUG - Joint score for alpha[5]: 15.7578
2025-08-09 03:33:19,766 - DEBUG - Joint score for alpha[6]: 15.6215
2025-08-09 03:33:23,260 - DEBUG - Joint score for alpha[7]: 15.4607
2025-08-09 03:33:26,752 - DEBUG - Joint score for alpha[8]: 15.7269
2025-08-09 03:33:30,245 - DEBUG - Joint score for alpha[9]: 15.7916
2025-08-09 03:33:33,736 - DEBUG - Joint score for alpha[10]: 15.6310
2025-08-09 03:33:37,231 - DEBUG - Joint score for alpha[11]: 15.9085
2025-08-09 03:33:40,724 - DEBUG - Joint score for alpha[12]: 15.4982
2025-08-09 03:33:44,215 - DEBUG - Joint score for alpha[13]: 15.6473
2025-08-09 03:33:47,709 - DEBUG - Joint score for alpha[14]: 15.5467
2025-08-09 03:33:51,202 - DEBUG - Joint score for alpha[15]: 15.6913
2025-08-09 03:33:51,244 - INFO - Step 68/120: mean ENERGY=15.4585
2025-08-09 03:33:51,246 - DEBUG - Beginning Gibbs iteration s = 68
2025-08-09 03:33:55,014 - DEBUG - Joint score for alpha[0]: 15.8335
2025-08-09 03:33:58,510 - DEBUG - Joint score for alpha[1]: 15.7552
2025-08-09 03:34:02,004 - DEBUG - Joint score for alpha[2]: 15.8086
2025-08-09 03:34:05,497 - DEBUG - Joint score for alpha[3]: 16.1429
2025-08-09 03:34:08,991 - DEBUG - Joint score for alpha[4]: 16.0028
2025-08-09 03:34:12,486 - DEBUG - Joint score for alpha[5]: 16.0287
2025-08-09 03:34:15,979 - DEBUG - Joint score for alpha[6]: 16.2385
2025-08-09 03:34:19,473 - DEBUG - Joint score for alpha[7]: 15.6964
2025-08-09 03:34:22,965 - DEBUG - Joint score for alpha[8]: 15.8121
2025-08-09 03:34:26,458 - DEBUG - Joint score for alpha[9]: 15.9318
2025-08-09 03:34:29,952 - DEBUG - Joint score for alpha[10]: 15.7782
2025-08-09 03:34:33,445 - DEBUG - Joint score for alpha[11]: 15.6217
2025-08-09 03:34:36,937 - DEBUG - Joint score for alpha[12]: 15.6692
2025-08-09 03:34:40,429 - DEBUG - Joint score for alpha[13]: 15.9463
2025-08-09 03:34:43,922 - DEBUG - Joint score for alpha[14]: 16.2126
2025-08-09 03:34:47,417 - DEBUG - Joint score for alpha[15]: 15.8702
2025-08-09 03:34:50,934 - DEBUG - Joint score for alpha[0]: 15.8280
2025-08-09 03:34:54,430 - DEBUG - Joint score for alpha[1]: 15.8123
2025-08-09 03:34:57,924 - DEBUG - Joint score for alpha[2]: 16.0939
2025-08-09 03:35:01,417 - DEBUG - Joint score for alpha[3]: 16.0048
2025-08-09 03:35:04,909 - DEBUG - Joint score for alpha[4]: 15.8824
2025-08-09 03:35:08,401 - DEBUG - Joint score for alpha[5]: 15.7725
2025-08-09 03:35:11,894 - DEBUG - Joint score for alpha[6]: 16.1650
2025-08-09 03:35:15,384 - DEBUG - Joint score for alpha[7]: 15.6304
2025-08-09 03:35:18,878 - DEBUG - Joint score for alpha[8]: 15.6961
2025-08-09 03:35:22,371 - DEBUG - Joint score for alpha[9]: 15.7613
2025-08-09 03:35:25,863 - DEBUG - Joint score for alpha[10]: 15.8167
2025-08-09 03:35:29,356 - DEBUG - Joint score for alpha[11]: 15.8719
2025-08-09 03:35:32,849 - DEBUG - Joint score for alpha[12]: 15.7090
2025-08-09 03:35:36,342 - DEBUG - Joint score for alpha[13]: 15.8136
2025-08-09 03:35:39,835 - DEBUG - Joint score for alpha[14]: 15.9816
2025-08-09 03:35:43,327 - DEBUG - Joint score for alpha[15]: 15.7961
2025-08-09 03:35:46,843 - DEBUG - Joint score for alpha[0]: 16.0090
2025-08-09 03:35:50,336 - DEBUG - Joint score for alpha[1]: 15.9768
2025-08-09 03:35:53,831 - DEBUG - Joint score for alpha[2]: 15.9029
2025-08-09 03:35:57,325 - DEBUG - Joint score for alpha[3]: 15.9318
2025-08-09 03:36:00,817 - DEBUG - Joint score for alpha[4]: 15.9295
2025-08-09 03:36:04,309 - DEBUG - Joint score for alpha[5]: 15.9138
2025-08-09 03:36:07,802 - DEBUG - Joint score for alpha[6]: 15.8219
2025-08-09 03:36:11,293 - DEBUG - Joint score for alpha[7]: 15.8297
2025-08-09 03:36:14,786 - DEBUG - Joint score for alpha[8]: 15.9512
2025-08-09 03:36:18,280 - DEBUG - Joint score for alpha[9]: 15.8199
2025-08-09 03:36:21,771 - DEBUG - Joint score for alpha[10]: 15.9863
2025-08-09 03:36:25,265 - DEBUG - Joint score for alpha[11]: 15.8748
2025-08-09 03:36:28,758 - DEBUG - Joint score for alpha[12]: 15.9526
2025-08-09 03:36:32,252 - DEBUG - Joint score for alpha[13]: 16.1736
2025-08-09 03:36:35,745 - DEBUG - Joint score for alpha[14]: 15.8840
2025-08-09 03:36:39,238 - DEBUG - Joint score for alpha[15]: 15.8780
2025-08-09 03:36:42,751 - DEBUG - Joint score for alpha[0]: 15.7995
2025-08-09 03:36:46,248 - DEBUG - Joint score for alpha[1]: 16.0371
2025-08-09 03:36:49,740 - DEBUG - Joint score for alpha[2]: 15.9318
2025-08-09 03:36:53,234 - DEBUG - Joint score for alpha[3]: 16.1141
2025-08-09 03:36:56,727 - DEBUG - Joint score for alpha[4]: 15.9952
2025-08-09 03:37:00,220 - DEBUG - Joint score for alpha[5]: 15.9417
2025-08-09 03:37:03,712 - DEBUG - Joint score for alpha[6]: 15.8798
2025-08-09 03:37:07,204 - DEBUG - Joint score for alpha[7]: 15.8718
2025-08-09 03:37:10,695 - DEBUG - Joint score for alpha[8]: 15.7951
2025-08-09 03:37:14,187 - DEBUG - Joint score for alpha[9]: 15.6799
2025-08-09 03:37:17,681 - DEBUG - Joint score for alpha[10]: 15.8325
2025-08-09 03:37:21,174 - DEBUG - Joint score for alpha[11]: 15.8592
2025-08-09 03:37:24,668 - DEBUG - Joint score for alpha[12]: 15.7184
2025-08-09 03:37:28,161 - DEBUG - Joint score for alpha[13]: 15.9181
2025-08-09 03:37:31,653 - DEBUG - Joint score for alpha[14]: 15.9800
2025-08-09 03:37:35,147 - DEBUG - Joint score for alpha[15]: 15.6812
2025-08-09 03:37:38,663 - DEBUG - Joint score for alpha[0]: 15.7898
2025-08-09 03:37:42,158 - DEBUG - Joint score for alpha[1]: 16.1146
2025-08-09 03:37:45,652 - DEBUG - Joint score for alpha[2]: 15.9906
2025-08-09 03:37:49,144 - DEBUG - Joint score for alpha[3]: 15.8730
2025-08-09 03:37:52,636 - DEBUG - Joint score for alpha[4]: 15.9136
2025-08-09 03:37:56,129 - DEBUG - Joint score for alpha[5]: 15.9192
2025-08-09 03:37:59,621 - DEBUG - Joint score for alpha[6]: 15.8535
2025-08-09 03:38:03,115 - DEBUG - Joint score for alpha[7]: 15.6768
2025-08-09 03:38:06,608 - DEBUG - Joint score for alpha[8]: 15.9275
2025-08-09 03:38:10,100 - DEBUG - Joint score for alpha[9]: 16.0019
2025-08-09 03:38:13,593 - DEBUG - Joint score for alpha[10]: 15.8539
2025-08-09 03:38:17,086 - DEBUG - Joint score for alpha[11]: 15.6733
2025-08-09 03:38:20,580 - DEBUG - Joint score for alpha[12]: 15.6108
2025-08-09 03:38:24,072 - DEBUG - Joint score for alpha[13]: 16.2092
2025-08-09 03:38:27,565 - DEBUG - Joint score for alpha[14]: 15.7458
2025-08-09 03:38:31,057 - DEBUG - Joint score for alpha[15]: 16.1045
2025-08-09 03:38:31,099 - INFO - Step 69/120: mean ENERGY=15.6726
2025-08-09 03:38:31,101 - DEBUG - Beginning Gibbs iteration s = 69
2025-08-09 03:38:34,632 - DEBUG - Joint score for alpha[0]: 16.0118
2025-08-09 03:38:38,128 - DEBUG - Joint score for alpha[1]: 15.6178
2025-08-09 03:38:41,621 - DEBUG - Joint score for alpha[2]: 15.9605
2025-08-09 03:38:45,114 - DEBUG - Joint score for alpha[3]: 15.8459
2025-08-09 03:38:48,609 - DEBUG - Joint score for alpha[4]: 15.5474
2025-08-09 03:38:52,102 - DEBUG - Joint score for alpha[5]: 15.8777
2025-08-09 03:38:55,594 - DEBUG - Joint score for alpha[6]: 15.8249
2025-08-09 03:38:59,087 - DEBUG - Joint score for alpha[7]: 15.9362
2025-08-09 03:39:02,580 - DEBUG - Joint score for alpha[8]: 16.1793
2025-08-09 03:39:06,074 - DEBUG - Joint score for alpha[9]: 15.7998
2025-08-09 03:39:09,566 - DEBUG - Joint score for alpha[10]: 15.7383
2025-08-09 03:39:13,059 - DEBUG - Joint score for alpha[11]: 15.6775
2025-08-09 03:39:16,551 - DEBUG - Joint score for alpha[12]: 15.7467
2025-08-09 03:39:20,043 - DEBUG - Joint score for alpha[13]: 15.7233
2025-08-09 03:39:23,536 - DEBUG - Joint score for alpha[14]: 15.6799
2025-08-09 03:39:27,027 - DEBUG - Joint score for alpha[15]: 15.8843
2025-08-09 03:39:30,542 - DEBUG - Joint score for alpha[0]: 15.9218
2025-08-09 03:39:34,038 - DEBUG - Joint score for alpha[1]: 15.7714
2025-08-09 03:39:37,530 - DEBUG - Joint score for alpha[2]: 15.7532
2025-08-09 03:39:41,022 - DEBUG - Joint score for alpha[3]: 15.5299
2025-08-09 03:39:44,514 - DEBUG - Joint score for alpha[4]: 15.5903
2025-08-09 03:39:48,007 - DEBUG - Joint score for alpha[5]: 15.4794
2025-08-09 03:39:51,500 - DEBUG - Joint score for alpha[6]: 16.0003
2025-08-09 03:39:54,991 - DEBUG - Joint score for alpha[7]: 15.6510
2025-08-09 03:39:58,483 - DEBUG - Joint score for alpha[8]: 15.7681
2025-08-09 03:40:01,977 - DEBUG - Joint score for alpha[9]: 15.5910
2025-08-09 03:40:05,469 - DEBUG - Joint score for alpha[10]: 15.6526
2025-08-09 03:40:08,962 - DEBUG - Joint score for alpha[11]: 15.6894
2025-08-09 03:40:12,454 - DEBUG - Joint score for alpha[12]: 15.7013
2025-08-09 03:40:15,949 - DEBUG - Joint score for alpha[13]: 15.6603
2025-08-09 03:40:19,440 - DEBUG - Joint score for alpha[14]: 15.6007
2025-08-09 03:40:22,934 - DEBUG - Joint score for alpha[15]: 15.6503
2025-08-09 03:40:26,449 - DEBUG - Joint score for alpha[0]: 15.6807
2025-08-09 03:40:29,943 - DEBUG - Joint score for alpha[1]: 15.8532
2025-08-09 03:40:33,435 - DEBUG - Joint score for alpha[2]: 15.6724
2025-08-09 03:40:36,931 - DEBUG - Joint score for alpha[3]: 15.4277
2025-08-09 03:40:40,423 - DEBUG - Joint score for alpha[4]: 15.7992
2025-08-09 03:40:43,917 - DEBUG - Joint score for alpha[5]: 15.4275
2025-08-09 03:40:47,409 - DEBUG - Joint score for alpha[6]: 16.1238
2025-08-09 03:40:50,903 - DEBUG - Joint score for alpha[7]: 15.8027
2025-08-09 03:40:54,396 - DEBUG - Joint score for alpha[8]: 15.6300
2025-08-09 03:40:57,889 - DEBUG - Joint score for alpha[9]: 15.6587
2025-08-09 03:41:01,382 - DEBUG - Joint score for alpha[10]: 15.6761
2025-08-09 03:41:04,874 - DEBUG - Joint score for alpha[11]: 15.6744
2025-08-09 03:41:08,368 - DEBUG - Joint score for alpha[12]: 15.5882
2025-08-09 03:41:11,862 - DEBUG - Joint score for alpha[13]: 15.6455
2025-08-09 03:41:15,355 - DEBUG - Joint score for alpha[14]: 15.9073
2025-08-09 03:41:18,847 - DEBUG - Joint score for alpha[15]: 15.7721
2025-08-09 03:41:22,363 - DEBUG - Joint score for alpha[0]: 15.7073
2025-08-09 03:41:25,860 - DEBUG - Joint score for alpha[1]: 15.6917
2025-08-09 03:41:29,352 - DEBUG - Joint score for alpha[2]: 15.6533
2025-08-09 03:41:32,843 - DEBUG - Joint score for alpha[3]: 15.6429
2025-08-09 03:41:36,336 - DEBUG - Joint score for alpha[4]: 15.9220
2025-08-09 03:41:39,829 - DEBUG - Joint score for alpha[5]: 15.6006
2025-08-09 03:41:43,323 - DEBUG - Joint score for alpha[6]: 15.6475
2025-08-09 03:41:46,819 - DEBUG - Joint score for alpha[7]: 15.6366
2025-08-09 03:41:50,313 - DEBUG - Joint score for alpha[8]: 15.9311
2025-08-09 03:41:53,806 - DEBUG - Joint score for alpha[9]: 15.8750
2025-08-09 03:41:57,298 - DEBUG - Joint score for alpha[10]: 15.6389
2025-08-09 03:42:00,794 - DEBUG - Joint score for alpha[11]: 15.8947
2025-08-09 03:42:04,288 - DEBUG - Joint score for alpha[12]: 15.5949
2025-08-09 03:42:07,782 - DEBUG - Joint score for alpha[13]: 15.6441
2025-08-09 03:42:11,277 - DEBUG - Joint score for alpha[14]: 15.7740
2025-08-09 03:42:14,771 - DEBUG - Joint score for alpha[15]: 15.9382
2025-08-09 03:42:18,288 - DEBUG - Joint score for alpha[0]: 15.5244
2025-08-09 03:42:21,787 - DEBUG - Joint score for alpha[1]: 15.6442
2025-08-09 03:42:25,282 - DEBUG - Joint score for alpha[2]: 15.8663
2025-08-09 03:42:28,779 - DEBUG - Joint score for alpha[3]: 15.8615
2025-08-09 03:42:32,277 - DEBUG - Joint score for alpha[4]: 15.7481
2025-08-09 03:42:35,773 - DEBUG - Joint score for alpha[5]: 15.5756
2025-08-09 03:42:39,269 - DEBUG - Joint score for alpha[6]: 15.5761
2025-08-09 03:42:42,766 - DEBUG - Joint score for alpha[7]: 15.7101
2025-08-09 03:42:46,262 - DEBUG - Joint score for alpha[8]: 15.6403
2025-08-09 03:42:49,756 - DEBUG - Joint score for alpha[9]: 15.5792
2025-08-09 03:42:53,252 - DEBUG - Joint score for alpha[10]: 15.8342
2025-08-09 03:42:56,748 - DEBUG - Joint score for alpha[11]: 15.5418
2025-08-09 03:43:00,243 - DEBUG - Joint score for alpha[12]: 15.8433
2025-08-09 03:43:03,738 - DEBUG - Joint score for alpha[13]: 15.7943
2025-08-09 03:43:07,234 - DEBUG - Joint score for alpha[14]: 15.5898
2025-08-09 03:43:10,726 - DEBUG - Joint score for alpha[15]: 15.6374
2025-08-09 03:43:10,768 - INFO - Step 70/120: mean ENERGY=15.5147
2025-08-09 03:43:10,769 - DEBUG - Beginning Gibbs iteration s = 70
2025-08-09 03:43:14,302 - DEBUG - Joint score for alpha[0]: 15.7992
2025-08-09 03:43:17,799 - DEBUG - Joint score for alpha[1]: 15.7232
2025-08-09 03:43:21,293 - DEBUG - Joint score for alpha[2]: 15.7751
2025-08-09 03:43:24,786 - DEBUG - Joint score for alpha[3]: 15.8470
2025-08-09 03:43:28,280 - DEBUG - Joint score for alpha[4]: 15.6684
2025-08-09 03:43:31,775 - DEBUG - Joint score for alpha[5]: 15.7082
2025-08-09 03:43:35,268 - DEBUG - Joint score for alpha[6]: 15.7863
2025-08-09 03:43:38,761 - DEBUG - Joint score for alpha[7]: 15.7332
2025-08-09 03:43:42,254 - DEBUG - Joint score for alpha[8]: 15.5479
2025-08-09 03:43:45,749 - DEBUG - Joint score for alpha[9]: 15.7109
2025-08-09 03:43:49,242 - DEBUG - Joint score for alpha[10]: 15.7162
2025-08-09 03:43:52,736 - DEBUG - Joint score for alpha[11]: 15.7171
2025-08-09 03:43:56,229 - DEBUG - Joint score for alpha[12]: 15.7957
2025-08-09 03:43:59,724 - DEBUG - Joint score for alpha[13]: 15.8636
2025-08-09 03:44:03,217 - DEBUG - Joint score for alpha[14]: 15.6769
2025-08-09 03:44:06,711 - DEBUG - Joint score for alpha[15]: 15.6284
2025-08-09 03:44:10,227 - DEBUG - Joint score for alpha[0]: 15.4793
2025-08-09 03:44:13,722 - DEBUG - Joint score for alpha[1]: 15.7726
2025-08-09 03:44:17,215 - DEBUG - Joint score for alpha[2]: 15.6448
2025-08-09 03:44:20,710 - DEBUG - Joint score for alpha[3]: 15.6667
2025-08-09 03:44:24,205 - DEBUG - Joint score for alpha[4]: 15.5363
2025-08-09 03:44:27,699 - DEBUG - Joint score for alpha[5]: 15.6880
2025-08-09 03:44:31,192 - DEBUG - Joint score for alpha[6]: 15.6364
2025-08-09 03:44:34,686 - DEBUG - Joint score for alpha[7]: 15.7161
2025-08-09 03:44:38,179 - DEBUG - Joint score for alpha[8]: 15.5868
2025-08-09 03:44:41,672 - DEBUG - Joint score for alpha[9]: 15.8706
2025-08-09 03:44:45,167 - DEBUG - Joint score for alpha[10]: 15.7999
2025-08-09 03:44:48,660 - DEBUG - Joint score for alpha[11]: 15.5982
2025-08-09 03:44:52,154 - DEBUG - Joint score for alpha[12]: 15.8548
2025-08-09 03:44:55,649 - DEBUG - Joint score for alpha[13]: 15.5998
2025-08-09 03:44:59,142 - DEBUG - Joint score for alpha[14]: 15.6493
2025-08-09 03:45:02,637 - DEBUG - Joint score for alpha[15]: 15.7359
2025-08-09 03:45:06,152 - DEBUG - Joint score for alpha[0]: 15.6255
2025-08-09 03:45:09,646 - DEBUG - Joint score for alpha[1]: 15.7379
2025-08-09 03:45:13,141 - DEBUG - Joint score for alpha[2]: 15.5204
2025-08-09 03:45:16,634 - DEBUG - Joint score for alpha[3]: 15.6070
2025-08-09 03:45:20,126 - DEBUG - Joint score for alpha[4]: 15.4726
2025-08-09 03:45:23,620 - DEBUG - Joint score for alpha[5]: 15.7044
2025-08-09 03:45:27,113 - DEBUG - Joint score for alpha[6]: 15.5931
2025-08-09 03:45:30,607 - DEBUG - Joint score for alpha[7]: 15.6884
2025-08-09 03:45:34,101 - DEBUG - Joint score for alpha[8]: 15.5854
2025-08-09 03:45:37,594 - DEBUG - Joint score for alpha[9]: 15.5123
2025-08-09 03:45:41,089 - DEBUG - Joint score for alpha[10]: 15.5370
2025-08-09 03:45:44,581 - DEBUG - Joint score for alpha[11]: 15.5983
2025-08-09 03:45:48,074 - DEBUG - Joint score for alpha[12]: 15.6164
2025-08-09 03:45:51,567 - DEBUG - Joint score for alpha[13]: 15.7484
2025-08-09 03:45:55,061 - DEBUG - Joint score for alpha[14]: 15.7091
2025-08-09 03:45:58,555 - DEBUG - Joint score for alpha[15]: 15.6385
2025-08-09 03:46:02,072 - DEBUG - Joint score for alpha[0]: 15.8076
2025-08-09 03:46:05,568 - DEBUG - Joint score for alpha[1]: 15.5821
2025-08-09 03:46:09,063 - DEBUG - Joint score for alpha[2]: 15.7519
2025-08-09 03:46:12,557 - DEBUG - Joint score for alpha[3]: 15.5381
2025-08-09 03:46:16,052 - DEBUG - Joint score for alpha[4]: 15.6964
2025-08-09 03:46:19,546 - DEBUG - Joint score for alpha[5]: 15.8753
2025-08-09 03:46:23,039 - DEBUG - Joint score for alpha[6]: 15.8125
2025-08-09 03:46:26,532 - DEBUG - Joint score for alpha[7]: 15.5857
2025-08-09 03:46:30,026 - DEBUG - Joint score for alpha[8]: 15.5844
2025-08-09 03:46:33,519 - DEBUG - Joint score for alpha[9]: 15.6870
2025-08-09 03:46:37,011 - DEBUG - Joint score for alpha[10]: 15.7486
2025-08-09 03:46:40,502 - DEBUG - Joint score for alpha[11]: 15.5858
2025-08-09 03:46:43,995 - DEBUG - Joint score for alpha[12]: 15.5791
2025-08-09 03:46:47,490 - DEBUG - Joint score for alpha[13]: 15.4722
2025-08-09 03:46:50,984 - DEBUG - Joint score for alpha[14]: 15.8312
2025-08-09 03:46:54,477 - DEBUG - Joint score for alpha[15]: 15.6242
2025-08-09 03:46:57,994 - DEBUG - Joint score for alpha[0]: 15.7561
2025-08-09 03:47:01,487 - DEBUG - Joint score for alpha[1]: 15.5177
2025-08-09 03:47:04,981 - DEBUG - Joint score for alpha[2]: 15.7526
2025-08-09 03:47:08,476 - DEBUG - Joint score for alpha[3]: 15.7059
2025-08-09 03:47:11,970 - DEBUG - Joint score for alpha[4]: 15.5809
2025-08-09 03:47:15,463 - DEBUG - Joint score for alpha[5]: 15.5921
2025-08-09 03:47:18,959 - DEBUG - Joint score for alpha[6]: 15.5858
2025-08-09 03:47:22,452 - DEBUG - Joint score for alpha[7]: 15.9620
2025-08-09 03:47:25,944 - DEBUG - Joint score for alpha[8]: 15.7019
2025-08-09 03:47:29,440 - DEBUG - Joint score for alpha[9]: 15.6369
2025-08-09 03:47:32,932 - DEBUG - Joint score for alpha[10]: 15.7176
2025-08-09 03:47:36,429 - DEBUG - Joint score for alpha[11]: 15.5787
2025-08-09 03:47:39,924 - DEBUG - Joint score for alpha[12]: 15.6786
2025-08-09 03:47:43,418 - DEBUG - Joint score for alpha[13]: 15.6903
2025-08-09 03:47:46,910 - DEBUG - Joint score for alpha[14]: 15.6716
2025-08-09 03:47:50,402 - DEBUG - Joint score for alpha[15]: 15.9223
2025-08-09 03:47:50,444 - INFO - Step 71/120: mean ENERGY=15.4979
2025-08-09 03:47:50,445 - DEBUG - Beginning Gibbs iteration s = 71
2025-08-09 03:47:54,089 - DEBUG - Joint score for alpha[0]: 15.9284
2025-08-09 03:47:57,583 - DEBUG - Joint score for alpha[1]: 15.8288
2025-08-09 03:48:01,074 - DEBUG - Joint score for alpha[2]: 15.8835
2025-08-09 03:48:04,567 - DEBUG - Joint score for alpha[3]: 15.7099
2025-08-09 03:48:08,059 - DEBUG - Joint score for alpha[4]: 16.0205
2025-08-09 03:48:11,551 - DEBUG - Joint score for alpha[5]: 15.8131
2025-08-09 03:48:15,042 - DEBUG - Joint score for alpha[6]: 15.7815
2025-08-09 03:48:18,534 - DEBUG - Joint score for alpha[7]: 15.7381
2025-08-09 03:48:22,027 - DEBUG - Joint score for alpha[8]: 15.7094
2025-08-09 03:48:25,519 - DEBUG - Joint score for alpha[9]: 15.8836
2025-08-09 03:48:29,010 - DEBUG - Joint score for alpha[10]: 15.7828
2025-08-09 03:48:32,501 - DEBUG - Joint score for alpha[11]: 15.8238
2025-08-09 03:48:35,992 - DEBUG - Joint score for alpha[12]: 15.7763
2025-08-09 03:48:39,482 - DEBUG - Joint score for alpha[13]: 15.9932
2025-08-09 03:48:42,975 - DEBUG - Joint score for alpha[14]: 16.0833
2025-08-09 03:48:46,466 - DEBUG - Joint score for alpha[15]: 15.9422
2025-08-09 03:48:49,981 - DEBUG - Joint score for alpha[0]: 15.9234
2025-08-09 03:48:53,476 - DEBUG - Joint score for alpha[1]: 15.6413
2025-08-09 03:48:56,968 - DEBUG - Joint score for alpha[2]: 15.8648
2025-08-09 03:49:00,461 - DEBUG - Joint score for alpha[3]: 15.8993
2025-08-09 03:49:03,953 - DEBUG - Joint score for alpha[4]: 16.0223
2025-08-09 03:49:07,445 - DEBUG - Joint score for alpha[5]: 16.0776
2025-08-09 03:49:10,935 - DEBUG - Joint score for alpha[6]: 15.9826
2025-08-09 03:49:14,428 - DEBUG - Joint score for alpha[7]: 15.7148
2025-08-09 03:49:17,919 - DEBUG - Joint score for alpha[8]: 15.8223
2025-08-09 03:49:21,408 - DEBUG - Joint score for alpha[9]: 15.8340
2025-08-09 03:49:24,899 - DEBUG - Joint score for alpha[10]: 15.8165
2025-08-09 03:49:28,393 - DEBUG - Joint score for alpha[11]: 15.7655
2025-08-09 03:49:31,884 - DEBUG - Joint score for alpha[12]: 15.8561
2025-08-09 03:49:35,374 - DEBUG - Joint score for alpha[13]: 15.6997
2025-08-09 03:49:38,866 - DEBUG - Joint score for alpha[14]: 15.8074
2025-08-09 03:49:42,356 - DEBUG - Joint score for alpha[15]: 15.5708
2025-08-09 03:49:45,870 - DEBUG - Joint score for alpha[0]: 15.9224
2025-08-09 03:49:49,362 - DEBUG - Joint score for alpha[1]: 15.7325
2025-08-09 03:49:52,852 - DEBUG - Joint score for alpha[2]: 15.7863
2025-08-09 03:49:56,342 - DEBUG - Joint score for alpha[3]: 15.7285
2025-08-09 03:49:59,832 - DEBUG - Joint score for alpha[4]: 15.7180
2025-08-09 03:50:03,324 - DEBUG - Joint score for alpha[5]: 16.2401
2025-08-09 03:50:06,814 - DEBUG - Joint score for alpha[6]: 15.7779
2025-08-09 03:50:10,304 - DEBUG - Joint score for alpha[7]: 15.6177
2025-08-09 03:50:13,795 - DEBUG - Joint score for alpha[8]: 15.7811
2025-08-09 03:50:17,287 - DEBUG - Joint score for alpha[9]: 15.8822
2025-08-09 03:50:20,777 - DEBUG - Joint score for alpha[10]: 15.6745
2025-08-09 03:50:24,266 - DEBUG - Joint score for alpha[11]: 15.7810
2025-08-09 03:50:27,757 - DEBUG - Joint score for alpha[12]: 15.7798
2025-08-09 03:50:31,246 - DEBUG - Joint score for alpha[13]: 16.2338
2025-08-09 03:50:34,737 - DEBUG - Joint score for alpha[14]: 15.8196
2025-08-09 03:50:38,228 - DEBUG - Joint score for alpha[15]: 15.8227
2025-08-09 03:50:41,741 - DEBUG - Joint score for alpha[0]: 15.8663
2025-08-09 03:50:45,234 - DEBUG - Joint score for alpha[1]: 15.8978
2025-08-09 03:50:48,727 - DEBUG - Joint score for alpha[2]: 15.7971
2025-08-09 03:50:52,216 - DEBUG - Joint score for alpha[3]: 15.9634
2025-08-09 03:50:55,707 - DEBUG - Joint score for alpha[4]: 15.9132
2025-08-09 03:50:59,197 - DEBUG - Joint score for alpha[5]: 15.7481
2025-08-09 03:51:02,689 - DEBUG - Joint score for alpha[6]: 15.7379
2025-08-09 03:51:06,181 - DEBUG - Joint score for alpha[7]: 15.9163
2025-08-09 03:51:09,672 - DEBUG - Joint score for alpha[8]: 15.6956
2025-08-09 03:51:13,164 - DEBUG - Joint score for alpha[9]: 15.8674
2025-08-09 03:51:16,656 - DEBUG - Joint score for alpha[10]: 15.8716
2025-08-09 03:51:20,146 - DEBUG - Joint score for alpha[11]: 15.7426
2025-08-09 03:51:23,639 - DEBUG - Joint score for alpha[12]: 15.8022
2025-08-09 03:51:27,129 - DEBUG - Joint score for alpha[13]: 15.8602
2025-08-09 03:51:30,621 - DEBUG - Joint score for alpha[14]: 15.8643
2025-08-09 03:51:34,112 - DEBUG - Joint score for alpha[15]: 15.8520
2025-08-09 03:51:37,627 - DEBUG - Joint score for alpha[0]: 15.8394
2025-08-09 03:51:41,119 - DEBUG - Joint score for alpha[1]: 15.8057
2025-08-09 03:51:44,612 - DEBUG - Joint score for alpha[2]: 15.8734
2025-08-09 03:51:48,104 - DEBUG - Joint score for alpha[3]: 15.8152
2025-08-09 03:51:51,595 - DEBUG - Joint score for alpha[4]: 15.7802
2025-08-09 03:51:55,085 - DEBUG - Joint score for alpha[5]: 15.8686
2025-08-09 03:51:58,578 - DEBUG - Joint score for alpha[6]: 15.9897
2025-08-09 03:52:02,068 - DEBUG - Joint score for alpha[7]: 15.7702
2025-08-09 03:52:05,559 - DEBUG - Joint score for alpha[8]: 15.8428
2025-08-09 03:52:09,049 - DEBUG - Joint score for alpha[9]: 15.7765
2025-08-09 03:52:12,539 - DEBUG - Joint score for alpha[10]: 15.8566
2025-08-09 03:52:16,031 - DEBUG - Joint score for alpha[11]: 15.9230
2025-08-09 03:52:19,520 - DEBUG - Joint score for alpha[12]: 15.8945
2025-08-09 03:52:23,011 - DEBUG - Joint score for alpha[13]: 15.7168
2025-08-09 03:52:26,501 - DEBUG - Joint score for alpha[14]: 16.0334
2025-08-09 03:52:29,993 - DEBUG - Joint score for alpha[15]: 15.7756
2025-08-09 03:52:30,035 - INFO - Step 72/120: mean ENERGY=15.6621
2025-08-09 03:52:30,036 - DEBUG - Beginning Gibbs iteration s = 72
2025-08-09 03:52:33,621 - DEBUG - Joint score for alpha[0]: 15.7073
2025-08-09 03:52:37,115 - DEBUG - Joint score for alpha[1]: 15.7617
2025-08-09 03:52:40,607 - DEBUG - Joint score for alpha[2]: 15.6493
2025-08-09 03:52:44,100 - DEBUG - Joint score for alpha[3]: 15.7152
2025-08-09 03:52:47,593 - DEBUG - Joint score for alpha[4]: 15.7714
2025-08-09 03:52:51,086 - DEBUG - Joint score for alpha[5]: 15.6582
2025-08-09 03:52:54,579 - DEBUG - Joint score for alpha[6]: 15.6171
2025-08-09 03:52:58,073 - DEBUG - Joint score for alpha[7]: 15.7066
2025-08-09 03:53:01,566 - DEBUG - Joint score for alpha[8]: 15.8629
2025-08-09 03:53:05,058 - DEBUG - Joint score for alpha[9]: 16.1419
2025-08-09 03:53:08,551 - DEBUG - Joint score for alpha[10]: 15.7117
2025-08-09 03:53:12,043 - DEBUG - Joint score for alpha[11]: 15.6677
2025-08-09 03:53:15,535 - DEBUG - Joint score for alpha[12]: 15.7604
2025-08-09 03:53:19,029 - DEBUG - Joint score for alpha[13]: 15.7560
2025-08-09 03:53:22,522 - DEBUG - Joint score for alpha[14]: 15.8820
2025-08-09 03:53:26,014 - DEBUG - Joint score for alpha[15]: 15.7160
2025-08-09 03:53:29,529 - DEBUG - Joint score for alpha[0]: 15.6513
2025-08-09 03:53:33,024 - DEBUG - Joint score for alpha[1]: 15.8158
2025-08-09 03:53:36,518 - DEBUG - Joint score for alpha[2]: 15.6988
2025-08-09 03:53:40,009 - DEBUG - Joint score for alpha[3]: 15.8180
2025-08-09 03:53:43,502 - DEBUG - Joint score for alpha[4]: 15.7647
2025-08-09 03:53:46,994 - DEBUG - Joint score for alpha[5]: 15.8163
2025-08-09 03:53:50,488 - DEBUG - Joint score for alpha[6]: 15.7675
2025-08-09 03:53:53,978 - DEBUG - Joint score for alpha[7]: 15.9031
2025-08-09 03:53:57,471 - DEBUG - Joint score for alpha[8]: 15.7057
2025-08-09 03:54:00,963 - DEBUG - Joint score for alpha[9]: 16.0730
2025-08-09 03:54:04,455 - DEBUG - Joint score for alpha[10]: 15.6644
2025-08-09 03:54:07,947 - DEBUG - Joint score for alpha[11]: 15.8143
2025-08-09 03:54:11,439 - DEBUG - Joint score for alpha[12]: 15.8227
2025-08-09 03:54:14,931 - DEBUG - Joint score for alpha[13]: 15.7084
2025-08-09 03:54:18,425 - DEBUG - Joint score for alpha[14]: 15.7756
2025-08-09 03:54:21,918 - DEBUG - Joint score for alpha[15]: 15.7194
2025-08-09 03:54:25,436 - DEBUG - Joint score for alpha[0]: 15.7640
2025-08-09 03:54:28,931 - DEBUG - Joint score for alpha[1]: 15.8707
2025-08-09 03:54:32,424 - DEBUG - Joint score for alpha[2]: 15.8032
2025-08-09 03:54:35,918 - DEBUG - Joint score for alpha[3]: 15.8253
2025-08-09 03:54:39,411 - DEBUG - Joint score for alpha[4]: 15.7456
2025-08-09 03:54:42,906 - DEBUG - Joint score for alpha[5]: 15.6501
2025-08-09 03:54:46,399 - DEBUG - Joint score for alpha[6]: 15.7536
2025-08-09 03:54:49,894 - DEBUG - Joint score for alpha[7]: 15.8305
2025-08-09 03:54:53,388 - DEBUG - Joint score for alpha[8]: 15.8015
2025-08-09 03:54:56,882 - DEBUG - Joint score for alpha[9]: 15.8142
2025-08-09 03:55:00,373 - DEBUG - Joint score for alpha[10]: 15.7014
2025-08-09 03:55:03,866 - DEBUG - Joint score for alpha[11]: 15.8427
2025-08-09 03:55:07,360 - DEBUG - Joint score for alpha[12]: 15.6624
2025-08-09 03:55:10,852 - DEBUG - Joint score for alpha[13]: 15.8691
2025-08-09 03:55:14,345 - DEBUG - Joint score for alpha[14]: 15.7605
2025-08-09 03:55:17,839 - DEBUG - Joint score for alpha[15]: 15.7563
2025-08-09 03:55:21,355 - DEBUG - Joint score for alpha[0]: 15.7633
2025-08-09 03:55:24,851 - DEBUG - Joint score for alpha[1]: 15.7047
2025-08-09 03:55:28,344 - DEBUG - Joint score for alpha[2]: 15.7875
2025-08-09 03:55:31,837 - DEBUG - Joint score for alpha[3]: 15.8460
2025-08-09 03:55:35,331 - DEBUG - Joint score for alpha[4]: 15.9006
2025-08-09 03:55:38,824 - DEBUG - Joint score for alpha[5]: 15.9039
2025-08-09 03:55:42,315 - DEBUG - Joint score for alpha[6]: 15.6062
2025-08-09 03:55:45,811 - DEBUG - Joint score for alpha[7]: 15.7599
2025-08-09 03:55:49,304 - DEBUG - Joint score for alpha[8]: 15.6876
2025-08-09 03:55:52,800 - DEBUG - Joint score for alpha[9]: 15.8012
2025-08-09 03:55:56,292 - DEBUG - Joint score for alpha[10]: 15.9538
2025-08-09 03:55:59,786 - DEBUG - Joint score for alpha[11]: 15.7942
2025-08-09 03:56:03,279 - DEBUG - Joint score for alpha[12]: 15.9401
2025-08-09 03:56:06,773 - DEBUG - Joint score for alpha[13]: 15.8466
2025-08-09 03:56:10,269 - DEBUG - Joint score for alpha[14]: 15.6485
2025-08-09 03:56:13,762 - DEBUG - Joint score for alpha[15]: 15.5894
2025-08-09 03:56:17,280 - DEBUG - Joint score for alpha[0]: 15.5588
2025-08-09 03:56:20,776 - DEBUG - Joint score for alpha[1]: 15.8232
2025-08-09 03:56:24,272 - DEBUG - Joint score for alpha[2]: 15.6961
2025-08-09 03:56:27,766 - DEBUG - Joint score for alpha[3]: 15.8131
2025-08-09 03:56:31,261 - DEBUG - Joint score for alpha[4]: 15.8549
2025-08-09 03:56:34,755 - DEBUG - Joint score for alpha[5]: 15.8403
2025-08-09 03:56:38,249 - DEBUG - Joint score for alpha[6]: 15.6418
2025-08-09 03:56:41,741 - DEBUG - Joint score for alpha[7]: 15.8742
2025-08-09 03:56:45,235 - DEBUG - Joint score for alpha[8]: 15.7623
2025-08-09 03:56:48,728 - DEBUG - Joint score for alpha[9]: 15.6592
2025-08-09 03:56:52,219 - DEBUG - Joint score for alpha[10]: 15.8490
2025-08-09 03:56:55,712 - DEBUG - Joint score for alpha[11]: 15.7626
2025-08-09 03:56:59,206 - DEBUG - Joint score for alpha[12]: 15.7867
2025-08-09 03:57:02,701 - DEBUG - Joint score for alpha[13]: 15.8267
2025-08-09 03:57:06,194 - DEBUG - Joint score for alpha[14]: 15.5929
2025-08-09 03:57:09,688 - DEBUG - Joint score for alpha[15]: 15.5471
2025-08-09 03:57:09,731 - INFO - Step 73/120: mean ENERGY=15.6110
2025-08-09 03:57:09,734 - DEBUG - Beginning Gibbs iteration s = 73
2025-08-09 03:57:13,265 - DEBUG - Joint score for alpha[0]: 15.6456
2025-08-09 03:57:16,758 - DEBUG - Joint score for alpha[1]: 15.5889
2025-08-09 03:57:20,251 - DEBUG - Joint score for alpha[2]: 15.6693
2025-08-09 03:57:23,744 - DEBUG - Joint score for alpha[3]: 15.8034
2025-08-09 03:57:27,235 - DEBUG - Joint score for alpha[4]: 15.8068
2025-08-09 03:57:30,726 - DEBUG - Joint score for alpha[5]: 15.8117
2025-08-09 03:57:34,220 - DEBUG - Joint score for alpha[6]: 15.9302
2025-08-09 03:57:37,711 - DEBUG - Joint score for alpha[7]: 15.7163
2025-08-09 03:57:41,202 - DEBUG - Joint score for alpha[8]: 15.6307
2025-08-09 03:57:44,696 - DEBUG - Joint score for alpha[9]: 15.9879
2025-08-09 03:57:48,187 - DEBUG - Joint score for alpha[10]: 15.6797
2025-08-09 03:57:51,679 - DEBUG - Joint score for alpha[11]: 15.9201
2025-08-09 03:57:55,172 - DEBUG - Joint score for alpha[12]: 15.5141
2025-08-09 03:57:58,664 - DEBUG - Joint score for alpha[13]: 15.9089
2025-08-09 03:58:02,155 - DEBUG - Joint score for alpha[14]: 15.6643
2025-08-09 03:58:05,646 - DEBUG - Joint score for alpha[15]: 15.6396
2025-08-09 03:58:09,160 - DEBUG - Joint score for alpha[0]: 15.8455
2025-08-09 03:58:12,653 - DEBUG - Joint score for alpha[1]: 15.7854
2025-08-09 03:58:16,146 - DEBUG - Joint score for alpha[2]: 15.6931
2025-08-09 03:58:19,638 - DEBUG - Joint score for alpha[3]: 15.8576
2025-08-09 03:58:23,129 - DEBUG - Joint score for alpha[4]: 15.7041
2025-08-09 03:58:26,622 - DEBUG - Joint score for alpha[5]: 15.6426
2025-08-09 03:58:30,114 - DEBUG - Joint score for alpha[6]: 15.6995
2025-08-09 03:58:33,604 - DEBUG - Joint score for alpha[7]: 15.9644
2025-08-09 03:58:37,095 - DEBUG - Joint score for alpha[8]: 15.8452
2025-08-09 03:58:40,586 - DEBUG - Joint score for alpha[9]: 15.7640
2025-08-09 03:58:44,078 - DEBUG - Joint score for alpha[10]: 15.6077
2025-08-09 03:58:47,568 - DEBUG - Joint score for alpha[11]: 15.8109
2025-08-09 03:58:51,060 - DEBUG - Joint score for alpha[12]: 15.6383
2025-08-09 03:58:54,551 - DEBUG - Joint score for alpha[13]: 15.8126
2025-08-09 03:58:58,041 - DEBUG - Joint score for alpha[14]: 15.8051
2025-08-09 03:59:01,533 - DEBUG - Joint score for alpha[15]: 15.7962
2025-08-09 03:59:05,049 - DEBUG - Joint score for alpha[0]: 15.9147
2025-08-09 03:59:08,541 - DEBUG - Joint score for alpha[1]: 15.8064
2025-08-09 03:59:12,033 - DEBUG - Joint score for alpha[2]: 15.6207
2025-08-09 03:59:15,524 - DEBUG - Joint score for alpha[3]: 15.9806
2025-08-09 03:59:19,017 - DEBUG - Joint score for alpha[4]: 15.6602
2025-08-09 03:59:22,507 - DEBUG - Joint score for alpha[5]: 15.6620
2025-08-09 03:59:25,999 - DEBUG - Joint score for alpha[6]: 15.8250
2025-08-09 03:59:29,489 - DEBUG - Joint score for alpha[7]: 15.7061
2025-08-09 03:59:32,982 - DEBUG - Joint score for alpha[8]: 15.6576
2025-08-09 03:59:36,473 - DEBUG - Joint score for alpha[9]: 15.7480
2025-08-09 03:59:39,966 - DEBUG - Joint score for alpha[10]: 15.5422
2025-08-09 03:59:43,457 - DEBUG - Joint score for alpha[11]: 15.7527
2025-08-09 03:59:46,948 - DEBUG - Joint score for alpha[12]: 15.5801
2025-08-09 03:59:50,439 - DEBUG - Joint score for alpha[13]: 15.7084
2025-08-09 03:59:53,931 - DEBUG - Joint score for alpha[14]: 15.7626
2025-08-09 03:59:57,422 - DEBUG - Joint score for alpha[15]: 15.7011
2025-08-09 04:00:00,936 - DEBUG - Joint score for alpha[0]: 15.7499
2025-08-09 04:00:04,430 - DEBUG - Joint score for alpha[1]: 15.6394
2025-08-09 04:00:07,923 - DEBUG - Joint score for alpha[2]: 16.0738
2025-08-09 04:00:11,415 - DEBUG - Joint score for alpha[3]: 15.8171
2025-08-09 04:00:14,907 - DEBUG - Joint score for alpha[4]: 15.7504
2025-08-09 04:00:18,400 - DEBUG - Joint score for alpha[5]: 15.5913
2025-08-09 04:00:21,892 - DEBUG - Joint score for alpha[6]: 15.5547
2025-08-09 04:00:25,382 - DEBUG - Joint score for alpha[7]: 15.7089
2025-08-09 04:00:28,874 - DEBUG - Joint score for alpha[8]: 15.8146
2025-08-09 04:00:32,365 - DEBUG - Joint score for alpha[9]: 15.7583
2025-08-09 04:00:35,855 - DEBUG - Joint score for alpha[10]: 15.7614
2025-08-09 04:00:39,344 - DEBUG - Joint score for alpha[11]: 15.6548
2025-08-09 04:00:42,835 - DEBUG - Joint score for alpha[12]: 15.6526
2025-08-09 04:00:46,324 - DEBUG - Joint score for alpha[13]: 15.5956
2025-08-09 04:00:49,815 - DEBUG - Joint score for alpha[14]: 15.7188
2025-08-09 04:00:53,306 - DEBUG - Joint score for alpha[15]: 15.7596
2025-08-09 04:00:56,821 - DEBUG - Joint score for alpha[0]: 15.7091
2025-08-09 04:01:00,313 - DEBUG - Joint score for alpha[1]: 15.5598
2025-08-09 04:01:03,802 - DEBUG - Joint score for alpha[2]: 15.5487
2025-08-09 04:01:07,293 - DEBUG - Joint score for alpha[3]: 15.7572
2025-08-09 04:01:10,783 - DEBUG - Joint score for alpha[4]: 15.6415
2025-08-09 04:01:14,272 - DEBUG - Joint score for alpha[5]: 16.0068
2025-08-09 04:01:17,763 - DEBUG - Joint score for alpha[6]: 15.9056
2025-08-09 04:01:21,253 - DEBUG - Joint score for alpha[7]: 15.6660
2025-08-09 04:01:24,746 - DEBUG - Joint score for alpha[8]: 15.7496
2025-08-09 04:01:28,237 - DEBUG - Joint score for alpha[9]: 16.0265
2025-08-09 04:01:31,728 - DEBUG - Joint score for alpha[10]: 15.6604
2025-08-09 04:01:35,217 - DEBUG - Joint score for alpha[11]: 15.6841
2025-08-09 04:01:38,708 - DEBUG - Joint score for alpha[12]: 15.5908
2025-08-09 04:01:42,197 - DEBUG - Joint score for alpha[13]: 15.8070
2025-08-09 04:01:45,688 - DEBUG - Joint score for alpha[14]: 15.8163
2025-08-09 04:01:49,178 - DEBUG - Joint score for alpha[15]: 15.7254
2025-08-09 04:01:49,219 - INFO - Step 74/120: mean ENERGY=15.5535
2025-08-09 04:01:49,223 - DEBUG - Beginning Gibbs iteration s = 74
2025-08-09 04:01:52,753 - DEBUG - Joint score for alpha[0]: 15.8676
2025-08-09 04:01:56,248 - DEBUG - Joint score for alpha[1]: 15.7058
2025-08-09 04:01:59,739 - DEBUG - Joint score for alpha[2]: 15.8116
2025-08-09 04:02:03,231 - DEBUG - Joint score for alpha[3]: 15.6575
2025-08-09 04:02:06,725 - DEBUG - Joint score for alpha[4]: 15.9575
2025-08-09 04:02:10,219 - DEBUG - Joint score for alpha[5]: 15.9656
2025-08-09 04:02:13,712 - DEBUG - Joint score for alpha[6]: 15.7247
2025-08-09 04:02:17,205 - DEBUG - Joint score for alpha[7]: 16.1218
2025-08-09 04:02:20,699 - DEBUG - Joint score for alpha[8]: 15.8168
2025-08-09 04:02:24,191 - DEBUG - Joint score for alpha[9]: 15.8051
2025-08-09 04:02:27,683 - DEBUG - Joint score for alpha[10]: 15.8200
2025-08-09 04:02:31,176 - DEBUG - Joint score for alpha[11]: 15.7624
2025-08-09 04:02:34,668 - DEBUG - Joint score for alpha[12]: 15.7658
2025-08-09 04:02:38,161 - DEBUG - Joint score for alpha[13]: 15.7047
2025-08-09 04:02:41,652 - DEBUG - Joint score for alpha[14]: 15.8590
2025-08-09 04:02:45,144 - DEBUG - Joint score for alpha[15]: 15.8167
2025-08-09 04:02:48,659 - DEBUG - Joint score for alpha[0]: 15.7575
2025-08-09 04:02:52,154 - DEBUG - Joint score for alpha[1]: 15.9869
2025-08-09 04:02:55,648 - DEBUG - Joint score for alpha[2]: 15.8585
2025-08-09 04:02:59,140 - DEBUG - Joint score for alpha[3]: 15.8472
2025-08-09 04:03:02,633 - DEBUG - Joint score for alpha[4]: 15.7626
2025-08-09 04:03:06,126 - DEBUG - Joint score for alpha[5]: 15.6693
2025-08-09 04:03:09,619 - DEBUG - Joint score for alpha[6]: 15.9019
2025-08-09 04:03:13,113 - DEBUG - Joint score for alpha[7]: 15.7619
2025-08-09 04:03:16,607 - DEBUG - Joint score for alpha[8]: 15.7582
2025-08-09 04:03:20,101 - DEBUG - Joint score for alpha[9]: 15.6484
2025-08-09 04:03:23,595 - DEBUG - Joint score for alpha[10]: 15.9262
2025-08-09 04:03:27,089 - DEBUG - Joint score for alpha[11]: 15.7309
2025-08-09 04:03:30,581 - DEBUG - Joint score for alpha[12]: 15.9214
2025-08-09 04:03:34,074 - DEBUG - Joint score for alpha[13]: 15.9510
2025-08-09 04:03:37,567 - DEBUG - Joint score for alpha[14]: 15.6400
2025-08-09 04:03:41,061 - DEBUG - Joint score for alpha[15]: 15.7126
2025-08-09 04:03:44,576 - DEBUG - Joint score for alpha[0]: 15.8271
2025-08-09 04:03:48,071 - DEBUG - Joint score for alpha[1]: 15.7740
2025-08-09 04:03:51,564 - DEBUG - Joint score for alpha[2]: 15.7710
2025-08-09 04:03:55,058 - DEBUG - Joint score for alpha[3]: 15.7603
2025-08-09 04:03:58,552 - DEBUG - Joint score for alpha[4]: 15.9718
2025-08-09 04:04:02,045 - DEBUG - Joint score for alpha[5]: 15.9701
2025-08-09 04:04:05,540 - DEBUG - Joint score for alpha[6]: 15.7703
2025-08-09 04:04:09,035 - DEBUG - Joint score for alpha[7]: 15.7710
2025-08-09 04:04:12,528 - DEBUG - Joint score for alpha[8]: 15.8374
2025-08-09 04:04:16,020 - DEBUG - Joint score for alpha[9]: 15.8250
2025-08-09 04:04:19,514 - DEBUG - Joint score for alpha[10]: 15.8177
2025-08-09 04:04:23,007 - DEBUG - Joint score for alpha[11]: 15.7774
2025-08-09 04:04:26,499 - DEBUG - Joint score for alpha[12]: 15.7071
2025-08-09 04:04:29,992 - DEBUG - Joint score for alpha[13]: 15.8659
2025-08-09 04:04:33,485 - DEBUG - Joint score for alpha[14]: 15.6815
2025-08-09 04:04:36,980 - DEBUG - Joint score for alpha[15]: 15.8766
2025-08-09 04:04:40,495 - DEBUG - Joint score for alpha[0]: 15.9152
2025-08-09 04:04:43,989 - DEBUG - Joint score for alpha[1]: 15.8165
2025-08-09 04:04:47,481 - DEBUG - Joint score for alpha[2]: 15.9189
2025-08-09 04:04:50,974 - DEBUG - Joint score for alpha[3]: 15.8131
2025-08-09 04:04:54,466 - DEBUG - Joint score for alpha[4]: 15.6524
2025-08-09 04:04:57,958 - DEBUG - Joint score for alpha[5]: 15.6697
2025-08-09 04:05:01,450 - DEBUG - Joint score for alpha[6]: 15.9709
2025-08-09 04:05:04,943 - DEBUG - Joint score for alpha[7]: 15.8695
2025-08-09 04:05:08,435 - DEBUG - Joint score for alpha[8]: 15.8451
2025-08-09 04:05:11,927 - DEBUG - Joint score for alpha[9]: 15.7557
2025-08-09 04:05:15,420 - DEBUG - Joint score for alpha[10]: 15.8180
2025-08-09 04:05:18,913 - DEBUG - Joint score for alpha[11]: 15.6160
2025-08-09 04:05:22,409 - DEBUG - Joint score for alpha[12]: 15.8569
2025-08-09 04:05:25,903 - DEBUG - Joint score for alpha[13]: 15.7565
2025-08-09 04:05:29,397 - DEBUG - Joint score for alpha[14]: 15.8608
2025-08-09 04:05:32,891 - DEBUG - Joint score for alpha[15]: 15.8497
2025-08-09 04:05:36,407 - DEBUG - Joint score for alpha[0]: 15.7246
2025-08-09 04:05:39,902 - DEBUG - Joint score for alpha[1]: 15.7524
2025-08-09 04:05:43,395 - DEBUG - Joint score for alpha[2]: 15.9218
2025-08-09 04:05:46,888 - DEBUG - Joint score for alpha[3]: 15.7571
2025-08-09 04:05:50,383 - DEBUG - Joint score for alpha[4]: 15.8009
2025-08-09 04:05:53,876 - DEBUG - Joint score for alpha[5]: 15.7022
2025-08-09 04:05:57,370 - DEBUG - Joint score for alpha[6]: 15.7708
2025-08-09 04:06:00,864 - DEBUG - Joint score for alpha[7]: 15.7418
2025-08-09 04:06:04,356 - DEBUG - Joint score for alpha[8]: 15.9020
2025-08-09 04:06:07,849 - DEBUG - Joint score for alpha[9]: 16.0197
2025-08-09 04:06:11,341 - DEBUG - Joint score for alpha[10]: 15.7202
2025-08-09 04:06:14,834 - DEBUG - Joint score for alpha[11]: 16.0159
2025-08-09 04:06:18,328 - DEBUG - Joint score for alpha[12]: 15.7200
2025-08-09 04:06:21,820 - DEBUG - Joint score for alpha[13]: 15.8553
2025-08-09 04:06:25,315 - DEBUG - Joint score for alpha[14]: 15.8742
2025-08-09 04:06:28,808 - DEBUG - Joint score for alpha[15]: 15.6451
2025-08-09 04:06:28,850 - INFO - Step 75/120: mean ENERGY=15.6480
2025-08-09 04:06:28,856 - DEBUG - Beginning Gibbs iteration s = 75
2025-08-09 04:06:32,388 - DEBUG - Joint score for alpha[0]: 15.7027
2025-08-09 04:06:35,885 - DEBUG - Joint score for alpha[1]: 15.6262
2025-08-09 04:06:39,378 - DEBUG - Joint score for alpha[2]: 15.7768
2025-08-09 04:06:42,871 - DEBUG - Joint score for alpha[3]: 15.8521
2025-08-09 04:06:46,363 - DEBUG - Joint score for alpha[4]: 15.6974
2025-08-09 04:06:49,858 - DEBUG - Joint score for alpha[5]: 15.8047
2025-08-09 04:06:53,354 - DEBUG - Joint score for alpha[6]: 15.6306
2025-08-09 04:06:56,848 - DEBUG - Joint score for alpha[7]: 15.8152
2025-08-09 04:07:00,341 - DEBUG - Joint score for alpha[8]: 15.6464
2025-08-09 04:07:03,834 - DEBUG - Joint score for alpha[9]: 15.8665
2025-08-09 04:07:07,326 - DEBUG - Joint score for alpha[10]: 15.6765
2025-08-09 04:07:10,819 - DEBUG - Joint score for alpha[11]: 15.6429
2025-08-09 04:07:14,311 - DEBUG - Joint score for alpha[12]: 15.8105
2025-08-09 04:07:17,804 - DEBUG - Joint score for alpha[13]: 15.7825
2025-08-09 04:07:21,296 - DEBUG - Joint score for alpha[14]: 15.8107
2025-08-09 04:07:24,789 - DEBUG - Joint score for alpha[15]: 15.7663
2025-08-09 04:07:28,305 - DEBUG - Joint score for alpha[0]: 15.7780
2025-08-09 04:07:31,800 - DEBUG - Joint score for alpha[1]: 15.7490
2025-08-09 04:07:35,291 - DEBUG - Joint score for alpha[2]: 15.6394
2025-08-09 04:07:38,782 - DEBUG - Joint score for alpha[3]: 15.7346
2025-08-09 04:07:42,273 - DEBUG - Joint score for alpha[4]: 15.8374
2025-08-09 04:07:45,765 - DEBUG - Joint score for alpha[5]: 15.7350
2025-08-09 04:07:49,256 - DEBUG - Joint score for alpha[6]: 16.1331
2025-08-09 04:07:52,747 - DEBUG - Joint score for alpha[7]: 15.7387
2025-08-09 04:07:56,239 - DEBUG - Joint score for alpha[8]: 15.8900
2025-08-09 04:07:59,732 - DEBUG - Joint score for alpha[9]: 16.0349
2025-08-09 04:08:03,223 - DEBUG - Joint score for alpha[10]: 15.6724
2025-08-09 04:08:06,715 - DEBUG - Joint score for alpha[11]: 15.7862
2025-08-09 04:08:10,205 - DEBUG - Joint score for alpha[12]: 15.8004
2025-08-09 04:08:13,697 - DEBUG - Joint score for alpha[13]: 15.8224
2025-08-09 04:08:17,189 - DEBUG - Joint score for alpha[14]: 15.5819
2025-08-09 04:08:20,681 - DEBUG - Joint score for alpha[15]: 15.9000
2025-08-09 04:08:24,195 - DEBUG - Joint score for alpha[0]: 15.9016
2025-08-09 04:08:27,691 - DEBUG - Joint score for alpha[1]: 15.9593
2025-08-09 04:08:31,184 - DEBUG - Joint score for alpha[2]: 15.6644
2025-08-09 04:08:34,674 - DEBUG - Joint score for alpha[3]: 15.7926
2025-08-09 04:08:38,168 - DEBUG - Joint score for alpha[4]: 15.9095
2025-08-09 04:08:41,659 - DEBUG - Joint score for alpha[5]: 15.7958
2025-08-09 04:08:45,152 - DEBUG - Joint score for alpha[6]: 15.7504
2025-08-09 04:08:48,644 - DEBUG - Joint score for alpha[7]: 15.6997
2025-08-09 04:08:52,136 - DEBUG - Joint score for alpha[8]: 15.6030
2025-08-09 04:08:55,628 - DEBUG - Joint score for alpha[9]: 15.7151
2025-08-09 04:08:59,124 - DEBUG - Joint score for alpha[10]: 15.6934
2025-08-09 04:09:02,615 - DEBUG - Joint score for alpha[11]: 16.0474
2025-08-09 04:09:06,108 - DEBUG - Joint score for alpha[12]: 15.9839
2025-08-09 04:09:09,598 - DEBUG - Joint score for alpha[13]: 15.6003
2025-08-09 04:09:13,091 - DEBUG - Joint score for alpha[14]: 15.7557
2025-08-09 04:09:16,582 - DEBUG - Joint score for alpha[15]: 15.8506
2025-08-09 04:09:20,229 - DEBUG - Joint score for alpha[0]: 15.9507
2025-08-09 04:09:23,724 - DEBUG - Joint score for alpha[1]: 15.9480
2025-08-09 04:09:27,215 - DEBUG - Joint score for alpha[2]: 15.7555
2025-08-09 04:09:30,707 - DEBUG - Joint score for alpha[3]: 15.7949
2025-08-09 04:09:34,199 - DEBUG - Joint score for alpha[4]: 15.7952
2025-08-09 04:09:37,691 - DEBUG - Joint score for alpha[5]: 15.8349
2025-08-09 04:09:41,184 - DEBUG - Joint score for alpha[6]: 15.8739
2025-08-09 04:09:44,677 - DEBUG - Joint score for alpha[7]: 15.7954
2025-08-09 04:09:48,170 - DEBUG - Joint score for alpha[8]: 15.9042
2025-08-09 04:09:51,664 - DEBUG - Joint score for alpha[9]: 15.6966
2025-08-09 04:09:55,157 - DEBUG - Joint score for alpha[10]: 15.7465
2025-08-09 04:09:58,649 - DEBUG - Joint score for alpha[11]: 15.8402
2025-08-09 04:10:02,143 - DEBUG - Joint score for alpha[12]: 15.7328
2025-08-09 04:10:05,637 - DEBUG - Joint score for alpha[13]: 16.0445
2025-08-09 04:10:09,131 - DEBUG - Joint score for alpha[14]: 15.9553
2025-08-09 04:10:12,624 - DEBUG - Joint score for alpha[15]: 15.8889
2025-08-09 04:10:16,143 - DEBUG - Joint score for alpha[0]: 16.0391
2025-08-09 04:10:19,641 - DEBUG - Joint score for alpha[1]: 15.8164
2025-08-09 04:10:23,139 - DEBUG - Joint score for alpha[2]: 15.6651
2025-08-09 04:10:26,633 - DEBUG - Joint score for alpha[3]: 15.8333
2025-08-09 04:10:30,128 - DEBUG - Joint score for alpha[4]: 15.7642
2025-08-09 04:10:33,623 - DEBUG - Joint score for alpha[5]: 15.7775
2025-08-09 04:10:37,118 - DEBUG - Joint score for alpha[6]: 15.8319
2025-08-09 04:10:40,612 - DEBUG - Joint score for alpha[7]: 15.8220
2025-08-09 04:10:44,106 - DEBUG - Joint score for alpha[8]: 15.8765
2025-08-09 04:10:47,598 - DEBUG - Joint score for alpha[9]: 15.7673
2025-08-09 04:10:51,093 - DEBUG - Joint score for alpha[10]: 15.8310
2025-08-09 04:10:54,586 - DEBUG - Joint score for alpha[11]: 15.8085
2025-08-09 04:10:58,080 - DEBUG - Joint score for alpha[12]: 15.7469
2025-08-09 04:11:01,572 - DEBUG - Joint score for alpha[13]: 15.6616
2025-08-09 04:11:05,068 - DEBUG - Joint score for alpha[14]: 15.8517
2025-08-09 04:11:08,562 - DEBUG - Joint score for alpha[15]: 15.7195
2025-08-09 04:11:08,604 - INFO - Step 76/120: mean ENERGY=15.6333
2025-08-09 04:11:08,608 - DEBUG - Beginning Gibbs iteration s = 76
2025-08-09 04:11:08,740 - ERROR - ABC procedure failed: Sizes of tensors must match except in dimension 0. Expected size 12 but got size 7 for tensor number 41 in the list.
2025-08-09 04:11:08,809 - INFO - Memory cleanup completed
