2025-08-08 22:50:27,954 - INFO - --- Computing Configuration ---
2025-08-08 22:50:27,954 - INFO - Platform: Linux 4.18.0-477.27.1.el8_8.x86_64
2025-08-08 22:50:27,955 - INFO - Python version: 3.12.11
2025-08-08 22:50:27,955 - INFO - CUDA available: True
2025-08-08 22:50:27,991 - INFO - CUDA device count: 1
2025-08-08 22:50:27,995 - INFO - CUDA device name: NVIDIA L40S
2025-08-08 22:50:27,996 - INFO - CUDA device capability: (8, 9)
2025-08-08 22:50:27,996 - INFO - CUDA memory allocated: 0.00 GB
2025-08-08 22:50:27,996 - INFO - CUDA memory reserved: 0.00 GB
2025-08-08 22:50:27,996 - INFO - torch version: 2.7.1+cu126
2025-08-08 22:50:27,996 - INFO - Number of CPUs: 64
2025-08-08 22:50:27,996 - INFO - Physical CPU cores: 64
2025-08-08 22:50:27,996 - INFO - TORCH_NUM_THREADS: 1
2025-08-08 22:50:27,996 - INFO - N_WORKERS: 16
2025-08-08 22:50:27,996 - INFO - PARALLEL_BACKEND: thread
2025-08-08 22:50:27,996 - INFO - --------------------------------
2025-08-08 22:50:27,996 - INFO - Starting ABC-RFP procedure with device: cuda
2025-08-08 22:50:27,996 - INFO - Configuration: energy scoring, 120 steps, 50 ensemble size
2025-08-08 22:50:28,466 - INFO - Using temporal resampling: 100 samples per Gibbs step
2025-08-08 22:50:28,467 - INFO - Loading precomputed standardised ERA5 tensor
2025-08-08 22:50:28,554 - INFO - Beginning ABC-Gibbs inference with RFP perturbations
2025-08-08 22:50:46,302 - INFO - Using ENERGY as discrepancy measure
2025-08-08 22:50:46,302 - INFO - Inference mode: smc_gibbs
2025-08-08 22:50:46,302 - INFO - Temporal resampling enabled: 100 samples per step
2025-08-08 22:50:57,782 - DEBUG - Beginning Gibbs iteration s = 0
2025-08-08 22:51:05,805 - DEBUG - Calibrating batch size for input shape: torch.Size([100, 12, 32, 64])
2025-08-08 22:51:05,806 - INFO - Memory calibration (Free: 29.5GB/47.7GB)
2025-08-08 22:51:07,750 - WARNING - OOM retry 1/5, batch size: 28
2025-08-08 22:51:11,182 - DEBUG - Joint score for alpha[0]: 24.3606
2025-08-08 22:51:14,655 - DEBUG - Joint score for alpha[1]: 24.0707
2025-08-08 22:51:18,118 - DEBUG - Joint score for alpha[2]: 24.9543
2025-08-08 22:51:21,586 - DEBUG - Joint score for alpha[3]: 24.2600
2025-08-08 22:51:25,069 - DEBUG - Joint score for alpha[4]: 24.6570
2025-08-08 22:51:28,551 - DEBUG - Joint score for alpha[5]: 24.2312
2025-08-08 22:51:32,038 - DEBUG - Joint score for alpha[6]: 23.9453
2025-08-08 22:51:35,523 - DEBUG - Joint score for alpha[7]: 24.2904
2025-08-08 22:51:39,010 - DEBUG - Joint score for alpha[8]: 24.4290
2025-08-08 22:51:42,496 - DEBUG - Joint score for alpha[9]: 24.9728
2025-08-08 22:51:45,984 - DEBUG - Joint score for alpha[10]: 24.5565
2025-08-08 22:51:49,470 - DEBUG - Joint score for alpha[11]: 24.4692
2025-08-08 22:51:52,961 - DEBUG - Joint score for alpha[12]: 25.4827
2025-08-08 22:51:56,449 - DEBUG - Joint score for alpha[13]: 24.5323
2025-08-08 22:51:59,939 - DEBUG - Joint score for alpha[14]: 24.2278
2025-08-08 22:52:03,427 - DEBUG - Joint score for alpha[15]: 24.9198
2025-08-08 22:52:06,943 - DEBUG - Joint score for alpha[0]: 23.9670
2025-08-08 22:52:10,439 - DEBUG - Joint score for alpha[1]: 24.2042
2025-08-08 22:52:13,933 - DEBUG - Joint score for alpha[2]: 23.8465
2025-08-08 22:52:17,426 - DEBUG - Joint score for alpha[3]: 23.7964
2025-08-08 22:52:20,920 - DEBUG - Joint score for alpha[4]: 23.4036
2025-08-08 22:52:24,413 - DEBUG - Joint score for alpha[5]: 23.7059
2025-08-08 22:52:27,907 - DEBUG - Joint score for alpha[6]: 24.1363
2025-08-08 22:52:31,401 - DEBUG - Joint score for alpha[7]: 23.4929
2025-08-08 22:52:34,897 - DEBUG - Joint score for alpha[8]: 23.6825
2025-08-08 22:52:38,391 - DEBUG - Joint score for alpha[9]: 24.0775
2025-08-08 22:52:41,886 - DEBUG - Joint score for alpha[10]: 23.3723
2025-08-08 22:52:45,392 - DEBUG - Joint score for alpha[11]: 24.1440
2025-08-08 22:52:48,890 - DEBUG - Joint score for alpha[12]: 23.8550
2025-08-08 22:52:52,385 - DEBUG - Joint score for alpha[13]: 24.2300
2025-08-08 22:52:55,880 - DEBUG - Joint score for alpha[14]: 24.0048
2025-08-08 22:52:59,376 - DEBUG - Joint score for alpha[15]: 24.7925
2025-08-08 22:53:02,895 - DEBUG - Joint score for alpha[0]: 24.7986
2025-08-08 22:53:06,393 - DEBUG - Joint score for alpha[1]: 23.9800
2025-08-08 22:53:09,890 - DEBUG - Joint score for alpha[2]: 25.0778
2025-08-08 22:53:13,387 - DEBUG - Joint score for alpha[3]: 24.7565
2025-08-08 22:53:16,884 - DEBUG - Joint score for alpha[4]: 24.8174
2025-08-08 22:53:20,382 - DEBUG - Joint score for alpha[5]: 24.2685
2025-08-08 22:53:23,879 - DEBUG - Joint score for alpha[6]: 25.0769
2025-08-08 22:53:27,373 - DEBUG - Joint score for alpha[7]: 24.0707
2025-08-08 22:53:30,873 - DEBUG - Joint score for alpha[8]: 24.7648
2025-08-08 22:53:34,371 - DEBUG - Joint score for alpha[9]: 24.5248
2025-08-08 22:53:37,866 - DEBUG - Joint score for alpha[10]: 25.2508
2025-08-08 22:53:41,362 - DEBUG - Joint score for alpha[11]: 24.9266
2025-08-08 22:53:44,860 - DEBUG - Joint score for alpha[12]: 24.0884
2025-08-08 22:53:48,356 - DEBUG - Joint score for alpha[13]: 24.0583
2025-08-08 22:53:51,851 - DEBUG - Joint score for alpha[14]: 24.0025
2025-08-08 22:53:55,348 - DEBUG - Joint score for alpha[15]: 24.4946
2025-08-08 22:53:58,865 - DEBUG - Joint score for alpha[0]: 23.8228
2025-08-08 22:54:02,366 - DEBUG - Joint score for alpha[1]: 23.6299
2025-08-08 22:54:05,864 - DEBUG - Joint score for alpha[2]: 23.5123
2025-08-08 22:54:09,362 - DEBUG - Joint score for alpha[3]: 23.7375
2025-08-08 22:54:12,861 - DEBUG - Joint score for alpha[4]: 24.7261
2025-08-08 22:54:16,360 - DEBUG - Joint score for alpha[5]: 25.7479
2025-08-08 22:54:19,859 - DEBUG - Joint score for alpha[6]: 23.7918
2025-08-08 22:54:23,357 - DEBUG - Joint score for alpha[7]: 23.8420
2025-08-08 22:54:26,855 - DEBUG - Joint score for alpha[8]: 24.6514
2025-08-08 22:54:30,353 - DEBUG - Joint score for alpha[9]: 24.0616
2025-08-08 22:54:33,851 - DEBUG - Joint score for alpha[10]: 23.8489
2025-08-08 22:54:37,349 - DEBUG - Joint score for alpha[11]: 24.6923
2025-08-08 22:54:40,848 - DEBUG - Joint score for alpha[12]: 23.9391
2025-08-08 22:54:44,345 - DEBUG - Joint score for alpha[13]: 24.9246
2025-08-08 22:54:47,840 - DEBUG - Joint score for alpha[14]: 24.2836
2025-08-08 22:54:51,335 - DEBUG - Joint score for alpha[15]: 24.1856
2025-08-08 22:54:54,850 - DEBUG - Joint score for alpha[0]: 24.5674
2025-08-08 22:54:58,346 - DEBUG - Joint score for alpha[1]: 23.6721
2025-08-08 22:55:01,843 - DEBUG - Joint score for alpha[2]: 23.9199
2025-08-08 22:55:05,341 - DEBUG - Joint score for alpha[3]: 24.3579
2025-08-08 22:55:08,836 - DEBUG - Joint score for alpha[4]: 24.1914
2025-08-08 22:55:12,333 - DEBUG - Joint score for alpha[5]: 23.3736
2025-08-08 22:55:15,832 - DEBUG - Joint score for alpha[6]: 25.0123
2025-08-08 22:55:19,328 - DEBUG - Joint score for alpha[7]: 24.8010
2025-08-08 22:55:22,824 - DEBUG - Joint score for alpha[8]: 24.1882
2025-08-08 22:55:26,321 - DEBUG - Joint score for alpha[9]: 24.3339
2025-08-08 22:55:29,817 - DEBUG - Joint score for alpha[10]: 23.5846
2025-08-08 22:55:33,313 - DEBUG - Joint score for alpha[11]: 24.9347
2025-08-08 22:55:36,810 - DEBUG - Joint score for alpha[12]: 23.9271
2025-08-08 22:55:40,306 - DEBUG - Joint score for alpha[13]: 23.8101
2025-08-08 22:55:43,802 - DEBUG - Joint score for alpha[14]: 23.7712
2025-08-08 22:55:47,299 - DEBUG - Joint score for alpha[15]: 24.3213
2025-08-08 22:55:47,341 - INFO - Step 1/120: mean ENERGY=24.3899
2025-08-08 22:55:47,343 - DEBUG - Beginning Gibbs iteration s = 1
2025-08-08 22:55:57,566 - DEBUG - Joint score for alpha[0]: 23.3138
2025-08-08 22:56:01,063 - DEBUG - Joint score for alpha[1]: 25.0256
2025-08-08 22:56:04,555 - DEBUG - Joint score for alpha[2]: 24.3976
2025-08-08 22:56:08,047 - DEBUG - Joint score for alpha[3]: 25.4732
2025-08-08 22:56:11,540 - DEBUG - Joint score for alpha[4]: 24.7175
2025-08-08 22:56:15,032 - DEBUG - Joint score for alpha[5]: 24.0603
2025-08-08 22:56:18,524 - DEBUG - Joint score for alpha[6]: 24.1600
2025-08-08 22:56:22,016 - DEBUG - Joint score for alpha[7]: 23.0108
2025-08-08 22:56:25,508 - DEBUG - Joint score for alpha[8]: 24.2085
2025-08-08 22:56:29,001 - DEBUG - Joint score for alpha[9]: 24.3500
2025-08-08 22:56:32,493 - DEBUG - Joint score for alpha[10]: 23.5987
2025-08-08 22:56:35,988 - DEBUG - Joint score for alpha[11]: 25.5961
2025-08-08 22:56:39,480 - DEBUG - Joint score for alpha[12]: 24.3134
2025-08-08 22:56:42,975 - DEBUG - Joint score for alpha[13]: 24.5663
2025-08-08 22:56:46,468 - DEBUG - Joint score for alpha[14]: 24.1440
2025-08-08 22:56:49,962 - DEBUG - Joint score for alpha[15]: 23.9654
2025-08-08 22:56:53,479 - DEBUG - Joint score for alpha[0]: 25.2945
2025-08-08 22:56:56,975 - DEBUG - Joint score for alpha[1]: 25.1036
2025-08-08 22:57:00,468 - DEBUG - Joint score for alpha[2]: 25.4464
2025-08-08 22:57:03,961 - DEBUG - Joint score for alpha[3]: 25.3105
2025-08-08 22:57:07,456 - DEBUG - Joint score for alpha[4]: 25.8016
2025-08-08 22:57:10,951 - DEBUG - Joint score for alpha[5]: 24.8098
2025-08-08 22:57:14,444 - DEBUG - Joint score for alpha[6]: 25.2148
2025-08-08 22:57:17,939 - DEBUG - Joint score for alpha[7]: 25.8066
2025-08-08 22:57:21,434 - DEBUG - Joint score for alpha[8]: 25.7532
2025-08-08 22:57:24,928 - DEBUG - Joint score for alpha[9]: 25.4859
2025-08-08 22:57:28,424 - DEBUG - Joint score for alpha[10]: 25.5504
2025-08-08 22:57:31,918 - DEBUG - Joint score for alpha[11]: 25.2050
2025-08-08 22:57:35,415 - DEBUG - Joint score for alpha[12]: 25.6178
2025-08-08 22:57:38,909 - DEBUG - Joint score for alpha[13]: 26.1332
2025-08-08 22:57:42,404 - DEBUG - Joint score for alpha[14]: 25.3293
2025-08-08 22:57:45,899 - DEBUG - Joint score for alpha[15]: 24.4794
2025-08-08 22:57:49,418 - DEBUG - Joint score for alpha[0]: 24.1754
2025-08-08 22:57:52,916 - DEBUG - Joint score for alpha[1]: 25.0396
2025-08-08 22:57:56,412 - DEBUG - Joint score for alpha[2]: 24.6970
2025-08-08 22:57:59,908 - DEBUG - Joint score for alpha[3]: 25.3358
2025-08-08 22:58:03,403 - DEBUG - Joint score for alpha[4]: 25.0335
2025-08-08 22:58:06,898 - DEBUG - Joint score for alpha[5]: 24.4201
2025-08-08 22:58:10,392 - DEBUG - Joint score for alpha[6]: 25.2646
2025-08-08 22:58:13,887 - DEBUG - Joint score for alpha[7]: 25.3449
2025-08-08 22:58:17,381 - DEBUG - Joint score for alpha[8]: 24.3797
2025-08-08 22:58:20,877 - DEBUG - Joint score for alpha[9]: 24.1747
2025-08-08 22:58:24,372 - DEBUG - Joint score for alpha[10]: 24.5648
2025-08-08 22:58:27,869 - DEBUG - Joint score for alpha[11]: 24.3627
2025-08-08 22:58:31,365 - DEBUG - Joint score for alpha[12]: 24.1247
2025-08-08 22:58:34,861 - DEBUG - Joint score for alpha[13]: 24.1543
2025-08-08 22:58:38,356 - DEBUG - Joint score for alpha[14]: 24.0157
2025-08-08 22:58:41,850 - DEBUG - Joint score for alpha[15]: 24.5120
2025-08-08 22:58:45,370 - DEBUG - Joint score for alpha[0]: 24.8911
2025-08-08 22:58:48,869 - DEBUG - Joint score for alpha[1]: 24.2286
2025-08-08 22:58:52,365 - DEBUG - Joint score for alpha[2]: 24.9175
2025-08-08 22:58:55,861 - DEBUG - Joint score for alpha[3]: 24.0347
2025-08-08 22:58:59,357 - DEBUG - Joint score for alpha[4]: 25.2248
2025-08-08 22:59:02,852 - DEBUG - Joint score for alpha[5]: 24.2405
2025-08-08 22:59:06,346 - DEBUG - Joint score for alpha[6]: 25.0116
2025-08-08 22:59:09,840 - DEBUG - Joint score for alpha[7]: 24.9011
2025-08-08 22:59:13,339 - DEBUG - Joint score for alpha[8]: 24.6793
2025-08-08 22:59:16,836 - DEBUG - Joint score for alpha[9]: 24.4536
2025-08-08 22:59:20,331 - DEBUG - Joint score for alpha[10]: 24.0459
2025-08-08 22:59:23,827 - DEBUG - Joint score for alpha[11]: 23.6891
2025-08-08 22:59:27,323 - DEBUG - Joint score for alpha[12]: 25.5455
2025-08-08 22:59:30,818 - DEBUG - Joint score for alpha[13]: 24.4408
2025-08-08 22:59:34,316 - DEBUG - Joint score for alpha[14]: 24.8536
2025-08-08 22:59:37,810 - DEBUG - Joint score for alpha[15]: 24.3704
2025-08-08 22:59:41,328 - DEBUG - Joint score for alpha[0]: 25.2216
2025-08-08 22:59:44,825 - DEBUG - Joint score for alpha[1]: 24.6228
2025-08-08 22:59:48,320 - DEBUG - Joint score for alpha[2]: 24.7683
2025-08-08 22:59:51,816 - DEBUG - Joint score for alpha[3]: 23.7847
2025-08-08 22:59:55,310 - DEBUG - Joint score for alpha[4]: 25.1879
2025-08-08 22:59:58,806 - DEBUG - Joint score for alpha[5]: 23.7824
2025-08-08 23:00:02,305 - DEBUG - Joint score for alpha[6]: 23.6290
2025-08-08 23:00:05,800 - DEBUG - Joint score for alpha[7]: 24.8568
2025-08-08 23:00:09,296 - DEBUG - Joint score for alpha[8]: 24.1493
2025-08-08 23:00:12,791 - DEBUG - Joint score for alpha[9]: 25.2050
2025-08-08 23:00:16,287 - DEBUG - Joint score for alpha[10]: 25.5871
2025-08-08 23:00:19,782 - DEBUG - Joint score for alpha[11]: 25.5996
2025-08-08 23:00:23,279 - DEBUG - Joint score for alpha[12]: 24.5089
2025-08-08 23:00:26,773 - DEBUG - Joint score for alpha[13]: 23.9912
2025-08-08 23:00:30,268 - DEBUG - Joint score for alpha[14]: 24.7137
2025-08-08 23:00:33,763 - DEBUG - Joint score for alpha[15]: 24.3376
2025-08-08 23:00:33,805 - INFO - Step 2/120: mean ENERGY=24.8202
2025-08-08 23:00:33,808 - DEBUG - Beginning Gibbs iteration s = 2
2025-08-08 23:00:56,652 - DEBUG - Joint score for alpha[0]: 25.7646
2025-08-08 23:01:00,146 - DEBUG - Joint score for alpha[1]: 25.7850
2025-08-08 23:01:03,637 - DEBUG - Joint score for alpha[2]: 23.9894
2025-08-08 23:01:07,129 - DEBUG - Joint score for alpha[3]: 25.2572
2025-08-08 23:01:10,622 - DEBUG - Joint score for alpha[4]: 24.9230
2025-08-08 23:01:14,114 - DEBUG - Joint score for alpha[5]: 26.0807
2025-08-08 23:01:17,607 - DEBUG - Joint score for alpha[6]: 25.3766
2025-08-08 23:01:21,099 - DEBUG - Joint score for alpha[7]: 26.3985
2025-08-08 23:01:24,592 - DEBUG - Joint score for alpha[8]: 23.9513
2025-08-08 23:01:28,086 - DEBUG - Joint score for alpha[9]: 25.3202
2025-08-08 23:01:31,578 - DEBUG - Joint score for alpha[10]: 25.6275
2025-08-08 23:01:35,073 - DEBUG - Joint score for alpha[11]: 25.2083
2025-08-08 23:01:38,565 - DEBUG - Joint score for alpha[12]: 25.6283
2025-08-08 23:01:42,060 - DEBUG - Joint score for alpha[13]: 26.9828
2025-08-08 23:01:45,553 - DEBUG - Joint score for alpha[14]: 25.2712
2025-08-08 23:01:49,046 - DEBUG - Joint score for alpha[15]: 25.3886
2025-08-08 23:01:52,562 - DEBUG - Joint score for alpha[0]: 25.4933
2025-08-08 23:01:56,059 - DEBUG - Joint score for alpha[1]: 25.0192
2025-08-08 23:01:59,554 - DEBUG - Joint score for alpha[2]: 25.0084
2025-08-08 23:02:03,049 - DEBUG - Joint score for alpha[3]: 24.4207
2025-08-08 23:02:06,543 - DEBUG - Joint score for alpha[4]: 25.2385
2025-08-08 23:02:10,038 - DEBUG - Joint score for alpha[5]: 26.5420
2025-08-08 23:02:13,532 - DEBUG - Joint score for alpha[6]: 25.5372
2025-08-08 23:02:17,026 - DEBUG - Joint score for alpha[7]: 25.0819
2025-08-08 23:02:20,522 - DEBUG - Joint score for alpha[8]: 24.9528
2025-08-08 23:02:24,014 - DEBUG - Joint score for alpha[9]: 24.5453
2025-08-08 23:02:27,509 - DEBUG - Joint score for alpha[10]: 25.3964
2025-08-08 23:02:31,003 - DEBUG - Joint score for alpha[11]: 24.4149
2025-08-08 23:02:34,497 - DEBUG - Joint score for alpha[12]: 25.6164
2025-08-08 23:02:37,991 - DEBUG - Joint score for alpha[13]: 25.0348
2025-08-08 23:02:41,487 - DEBUG - Joint score for alpha[14]: 25.2994
2025-08-08 23:02:44,982 - DEBUG - Joint score for alpha[15]: 26.7308
2025-08-08 23:02:48,500 - DEBUG - Joint score for alpha[0]: 24.9555
2025-08-08 23:02:51,996 - DEBUG - Joint score for alpha[1]: 24.7506
2025-08-08 23:02:55,490 - DEBUG - Joint score for alpha[2]: 24.5309
2025-08-08 23:02:58,983 - DEBUG - Joint score for alpha[3]: 24.1594
2025-08-08 23:03:02,477 - DEBUG - Joint score for alpha[4]: 25.5778
2025-08-08 23:03:05,971 - DEBUG - Joint score for alpha[5]: 25.0509
2025-08-08 23:03:09,466 - DEBUG - Joint score for alpha[6]: 24.9560
2025-08-08 23:03:12,960 - DEBUG - Joint score for alpha[7]: 25.1024
2025-08-08 23:03:16,455 - DEBUG - Joint score for alpha[8]: 24.5449
2025-08-08 23:03:19,950 - DEBUG - Joint score for alpha[9]: 23.9835
2025-08-08 23:03:23,445 - DEBUG - Joint score for alpha[10]: 24.5006
2025-08-08 23:03:26,938 - DEBUG - Joint score for alpha[11]: 24.6423
2025-08-08 23:03:30,433 - DEBUG - Joint score for alpha[12]: 24.8118
2025-08-08 23:03:33,927 - DEBUG - Joint score for alpha[13]: 24.7682
2025-08-08 23:03:37,424 - DEBUG - Joint score for alpha[14]: 25.1672
2025-08-08 23:03:40,917 - DEBUG - Joint score for alpha[15]: 24.8936
2025-08-08 23:03:44,436 - DEBUG - Joint score for alpha[0]: 24.6083
2025-08-08 23:03:47,934 - DEBUG - Joint score for alpha[1]: 23.8273
2025-08-08 23:03:51,427 - DEBUG - Joint score for alpha[2]: 25.5154
2025-08-08 23:03:54,921 - DEBUG - Joint score for alpha[3]: 23.6142
2025-08-08 23:03:58,417 - DEBUG - Joint score for alpha[4]: 24.6375
2025-08-08 23:04:01,913 - DEBUG - Joint score for alpha[5]: 24.3956
2025-08-08 23:04:05,406 - DEBUG - Joint score for alpha[6]: 25.0379
2025-08-08 23:04:08,901 - DEBUG - Joint score for alpha[7]: 24.8046
2025-08-08 23:04:12,398 - DEBUG - Joint score for alpha[8]: 25.0964
2025-08-08 23:04:15,892 - DEBUG - Joint score for alpha[9]: 23.9107
2025-08-08 23:04:19,388 - DEBUG - Joint score for alpha[10]: 23.8741
2025-08-08 23:04:22,881 - DEBUG - Joint score for alpha[11]: 24.1692
2025-08-08 23:04:26,377 - DEBUG - Joint score for alpha[12]: 24.9331
2025-08-08 23:04:29,871 - DEBUG - Joint score for alpha[13]: 24.3334
2025-08-08 23:04:33,366 - DEBUG - Joint score for alpha[14]: 24.8306
2025-08-08 23:04:36,860 - DEBUG - Joint score for alpha[15]: 25.1157
2025-08-08 23:04:40,380 - DEBUG - Joint score for alpha[0]: 25.6978
2025-08-08 23:04:43,876 - DEBUG - Joint score for alpha[1]: 25.7416
2025-08-08 23:04:47,369 - DEBUG - Joint score for alpha[2]: 25.1980
2025-08-08 23:04:50,863 - DEBUG - Joint score for alpha[3]: 25.5563
2025-08-08 23:04:54,356 - DEBUG - Joint score for alpha[4]: 25.4818
2025-08-08 23:04:57,850 - DEBUG - Joint score for alpha[5]: 24.1785
2025-08-08 23:05:01,344 - DEBUG - Joint score for alpha[6]: 25.0356
2025-08-08 23:05:04,840 - DEBUG - Joint score for alpha[7]: 25.3575
2025-08-08 23:05:08,334 - DEBUG - Joint score for alpha[8]: 26.0375
2025-08-08 23:05:11,828 - DEBUG - Joint score for alpha[9]: 25.9285
2025-08-08 23:05:15,322 - DEBUG - Joint score for alpha[10]: 23.9551
2025-08-08 23:05:18,815 - DEBUG - Joint score for alpha[11]: 25.5197
2025-08-08 23:05:22,309 - DEBUG - Joint score for alpha[12]: 24.9474
2025-08-08 23:05:25,804 - DEBUG - Joint score for alpha[13]: 24.6842
2025-08-08 23:05:29,297 - DEBUG - Joint score for alpha[14]: 24.1496
2025-08-08 23:05:32,792 - DEBUG - Joint score for alpha[15]: 25.6701
2025-08-08 23:05:32,834 - INFO - Step 3/120: mean ENERGY=24.7730
2025-08-08 23:05:32,837 - DEBUG - Beginning Gibbs iteration s = 3
2025-08-08 23:06:21,287 - DEBUG - Joint score for alpha[0]: 26.2087
2025-08-08 23:06:24,778 - DEBUG - Joint score for alpha[1]: 25.4395
2025-08-08 23:06:28,269 - DEBUG - Joint score for alpha[2]: 25.4678
2025-08-08 23:06:31,760 - DEBUG - Joint score for alpha[3]: 26.5453
2025-08-08 23:06:35,253 - DEBUG - Joint score for alpha[4]: 25.0068
2025-08-08 23:06:38,743 - DEBUG - Joint score for alpha[5]: 26.7133
2025-08-08 23:06:42,235 - DEBUG - Joint score for alpha[6]: 24.6374
2025-08-08 23:06:45,727 - DEBUG - Joint score for alpha[7]: 26.4742
2025-08-08 23:06:49,219 - DEBUG - Joint score for alpha[8]: 25.0057
2025-08-08 23:06:52,711 - DEBUG - Joint score for alpha[9]: 25.2886
2025-08-08 23:06:56,203 - DEBUG - Joint score for alpha[10]: 25.4805
2025-08-08 23:06:59,698 - DEBUG - Joint score for alpha[11]: 25.9441
2025-08-08 23:07:03,188 - DEBUG - Joint score for alpha[12]: 25.8013
2025-08-08 23:07:06,679 - DEBUG - Joint score for alpha[13]: 23.8687
2025-08-08 23:07:10,169 - DEBUG - Joint score for alpha[14]: 24.7186
2025-08-08 23:07:13,659 - DEBUG - Joint score for alpha[15]: 24.3861
2025-08-08 23:07:17,174 - DEBUG - Joint score for alpha[0]: 24.9205
2025-08-08 23:07:20,668 - DEBUG - Joint score for alpha[1]: 25.3299
2025-08-08 23:07:24,159 - DEBUG - Joint score for alpha[2]: 26.2632
2025-08-08 23:07:27,652 - DEBUG - Joint score for alpha[3]: 24.6193
2025-08-08 23:07:31,142 - DEBUG - Joint score for alpha[4]: 25.6486
2025-08-08 23:07:34,636 - DEBUG - Joint score for alpha[5]: 25.0459
2025-08-08 23:07:38,126 - DEBUG - Joint score for alpha[6]: 24.2621
2025-08-08 23:07:41,617 - DEBUG - Joint score for alpha[7]: 25.0360
2025-08-08 23:07:45,110 - DEBUG - Joint score for alpha[8]: 25.5343
2025-08-08 23:07:48,602 - DEBUG - Joint score for alpha[9]: 25.1186
2025-08-08 23:07:52,095 - DEBUG - Joint score for alpha[10]: 24.8798
2025-08-08 23:07:55,586 - DEBUG - Joint score for alpha[11]: 24.6515
2025-08-08 23:07:59,079 - DEBUG - Joint score for alpha[12]: 25.0834
2025-08-08 23:08:02,570 - DEBUG - Joint score for alpha[13]: 24.0444
2025-08-08 23:08:06,063 - DEBUG - Joint score for alpha[14]: 25.1908
2025-08-08 23:08:09,556 - DEBUG - Joint score for alpha[15]: 24.7495
2025-08-08 23:08:13,073 - DEBUG - Joint score for alpha[0]: 24.7453
2025-08-08 23:08:16,568 - DEBUG - Joint score for alpha[1]: 24.6086
2025-08-08 23:08:20,061 - DEBUG - Joint score for alpha[2]: 24.8107
2025-08-08 23:08:23,552 - DEBUG - Joint score for alpha[3]: 25.5459
2025-08-08 23:08:27,045 - DEBUG - Joint score for alpha[4]: 24.3655
2025-08-08 23:08:30,537 - DEBUG - Joint score for alpha[5]: 24.9059
2025-08-08 23:08:34,032 - DEBUG - Joint score for alpha[6]: 24.6610
2025-08-08 23:08:37,523 - DEBUG - Joint score for alpha[7]: 24.3496
2025-08-08 23:08:41,017 - DEBUG - Joint score for alpha[8]: 24.2838
2025-08-08 23:08:44,510 - DEBUG - Joint score for alpha[9]: 24.6412
2025-08-08 23:08:48,003 - DEBUG - Joint score for alpha[10]: 25.4608
2025-08-08 23:08:51,494 - DEBUG - Joint score for alpha[11]: 23.8427
2025-08-08 23:08:54,988 - DEBUG - Joint score for alpha[12]: 24.3098
2025-08-08 23:08:58,482 - DEBUG - Joint score for alpha[13]: 24.4451
2025-08-08 23:09:01,975 - DEBUG - Joint score for alpha[14]: 23.9855
2025-08-08 23:09:05,469 - DEBUG - Joint score for alpha[15]: 24.7624
2025-08-08 23:09:08,986 - DEBUG - Joint score for alpha[0]: 24.6842
2025-08-08 23:09:12,484 - DEBUG - Joint score for alpha[1]: 24.1284
2025-08-08 23:09:15,978 - DEBUG - Joint score for alpha[2]: 24.5446
2025-08-08 23:09:19,471 - DEBUG - Joint score for alpha[3]: 25.0125
2025-08-08 23:09:22,965 - DEBUG - Joint score for alpha[4]: 23.7858
2025-08-08 23:09:26,460 - DEBUG - Joint score for alpha[5]: 24.8601
2025-08-08 23:09:29,953 - DEBUG - Joint score for alpha[6]: 25.1894
2025-08-08 23:09:33,446 - DEBUG - Joint score for alpha[7]: 23.5203
2025-08-08 23:09:36,941 - DEBUG - Joint score for alpha[8]: 24.0542
2025-08-08 23:09:40,436 - DEBUG - Joint score for alpha[9]: 24.1153
2025-08-08 23:09:43,930 - DEBUG - Joint score for alpha[10]: 24.5590
2025-08-08 23:09:47,425 - DEBUG - Joint score for alpha[11]: 24.0618
2025-08-08 23:09:50,921 - DEBUG - Joint score for alpha[12]: 24.3133
2025-08-08 23:09:54,415 - DEBUG - Joint score for alpha[13]: 24.2468
2025-08-08 23:09:57,909 - DEBUG - Joint score for alpha[14]: 24.4129
2025-08-08 23:10:01,404 - DEBUG - Joint score for alpha[15]: 24.4629
2025-08-08 23:10:04,924 - DEBUG - Joint score for alpha[0]: 23.8049
2025-08-08 23:10:08,420 - DEBUG - Joint score for alpha[1]: 23.8606
2025-08-08 23:10:11,915 - DEBUG - Joint score for alpha[2]: 24.0631
2025-08-08 23:10:15,408 - DEBUG - Joint score for alpha[3]: 24.2223
2025-08-08 23:10:18,902 - DEBUG - Joint score for alpha[4]: 23.8269
2025-08-08 23:10:22,395 - DEBUG - Joint score for alpha[5]: 24.0207
2025-08-08 23:10:25,889 - DEBUG - Joint score for alpha[6]: 24.4449
2025-08-08 23:10:29,385 - DEBUG - Joint score for alpha[7]: 24.8730
2025-08-08 23:10:32,879 - DEBUG - Joint score for alpha[8]: 24.8200
2025-08-08 23:10:36,373 - DEBUG - Joint score for alpha[9]: 24.9400
2025-08-08 23:10:39,866 - DEBUG - Joint score for alpha[10]: 23.8445
2025-08-08 23:10:43,358 - DEBUG - Joint score for alpha[11]: 24.4572
2025-08-08 23:10:46,851 - DEBUG - Joint score for alpha[12]: 23.0890
2025-08-08 23:10:50,345 - DEBUG - Joint score for alpha[13]: 24.0070
2025-08-08 23:10:53,840 - DEBUG - Joint score for alpha[14]: 23.6914
2025-08-08 23:10:57,335 - DEBUG - Joint score for alpha[15]: 23.9470
2025-08-08 23:10:57,376 - INFO - Step 4/120: mean ENERGY=24.1857
2025-08-08 23:10:57,380 - DEBUG - Beginning Gibbs iteration s = 4
2025-08-08 23:11:44,402 - DEBUG - Joint score for alpha[0]: 23.1341
2025-08-08 23:11:47,894 - DEBUG - Joint score for alpha[1]: 23.4595
2025-08-08 23:11:51,383 - DEBUG - Joint score for alpha[2]: 23.1046
2025-08-08 23:11:54,873 - DEBUG - Joint score for alpha[3]: 22.8676
2025-08-08 23:11:58,366 - DEBUG - Joint score for alpha[4]: 23.4224
2025-08-08 23:12:01,857 - DEBUG - Joint score for alpha[5]: 23.9273
2025-08-08 23:12:05,349 - DEBUG - Joint score for alpha[6]: 23.3149
2025-08-08 23:12:08,840 - DEBUG - Joint score for alpha[7]: 24.1351
2025-08-08 23:12:12,333 - DEBUG - Joint score for alpha[8]: 24.3307
2025-08-08 23:12:15,827 - DEBUG - Joint score for alpha[9]: 22.8428
2025-08-08 23:12:19,319 - DEBUG - Joint score for alpha[10]: 22.0792
2025-08-08 23:12:22,814 - DEBUG - Joint score for alpha[11]: 22.8177
2025-08-08 23:12:26,308 - DEBUG - Joint score for alpha[12]: 23.5519
2025-08-08 23:12:29,803 - DEBUG - Joint score for alpha[13]: 23.2860
2025-08-08 23:12:33,297 - DEBUG - Joint score for alpha[14]: 24.3397
2025-08-08 23:12:36,791 - DEBUG - Joint score for alpha[15]: 22.7177
2025-08-08 23:12:40,309 - DEBUG - Joint score for alpha[0]: 22.9750
2025-08-08 23:12:43,806 - DEBUG - Joint score for alpha[1]: 23.5622
2025-08-08 23:12:47,301 - DEBUG - Joint score for alpha[2]: 22.2789
2025-08-08 23:12:50,794 - DEBUG - Joint score for alpha[3]: 22.5741
2025-08-08 23:12:54,286 - DEBUG - Joint score for alpha[4]: 22.2125
2025-08-08 23:12:57,779 - DEBUG - Joint score for alpha[5]: 21.7449
2025-08-08 23:13:01,271 - DEBUG - Joint score for alpha[6]: 22.3087
2025-08-08 23:13:04,764 - DEBUG - Joint score for alpha[7]: 22.3340
2025-08-08 23:13:08,258 - DEBUG - Joint score for alpha[8]: 22.2399
2025-08-08 23:13:11,749 - DEBUG - Joint score for alpha[9]: 22.6554
2025-08-08 23:13:15,241 - DEBUG - Joint score for alpha[10]: 22.0436
2025-08-08 23:13:18,732 - DEBUG - Joint score for alpha[11]: 22.3086
2025-08-08 23:13:22,225 - DEBUG - Joint score for alpha[12]: 22.2767
2025-08-08 23:13:25,718 - DEBUG - Joint score for alpha[13]: 23.0996
2025-08-08 23:13:29,211 - DEBUG - Joint score for alpha[14]: 22.5970
2025-08-08 23:13:32,705 - DEBUG - Joint score for alpha[15]: 22.4189
2025-08-08 23:13:36,222 - DEBUG - Joint score for alpha[0]: 22.6594
2025-08-08 23:13:39,718 - DEBUG - Joint score for alpha[1]: 21.8785
2025-08-08 23:13:43,213 - DEBUG - Joint score for alpha[2]: 22.6144
2025-08-08 23:13:46,704 - DEBUG - Joint score for alpha[3]: 22.1917
2025-08-08 23:13:50,198 - DEBUG - Joint score for alpha[4]: 21.7728
2025-08-08 23:13:53,692 - DEBUG - Joint score for alpha[5]: 21.9219
2025-08-08 23:13:57,184 - DEBUG - Joint score for alpha[6]: 22.4123
2025-08-08 23:14:00,676 - DEBUG - Joint score for alpha[7]: 22.2836
2025-08-08 23:14:04,172 - DEBUG - Joint score for alpha[8]: 21.8123
2025-08-08 23:14:07,664 - DEBUG - Joint score for alpha[9]: 22.6405
2025-08-08 23:14:11,157 - DEBUG - Joint score for alpha[10]: 22.9132
2025-08-08 23:14:14,649 - DEBUG - Joint score for alpha[11]: 22.4405
2025-08-08 23:14:18,143 - DEBUG - Joint score for alpha[12]: 22.2256
2025-08-08 23:14:21,637 - DEBUG - Joint score for alpha[13]: 22.1531
2025-08-08 23:14:25,133 - DEBUG - Joint score for alpha[14]: 23.1365
2025-08-08 23:14:28,627 - DEBUG - Joint score for alpha[15]: 22.6114
2025-08-08 23:14:32,145 - DEBUG - Joint score for alpha[0]: 22.2009
2025-08-08 23:14:35,642 - DEBUG - Joint score for alpha[1]: 21.3713
2025-08-08 23:14:39,136 - DEBUG - Joint score for alpha[2]: 23.1343
2025-08-08 23:14:42,630 - DEBUG - Joint score for alpha[3]: 22.4758
2025-08-08 23:14:46,126 - DEBUG - Joint score for alpha[4]: 21.6832
2025-08-08 23:14:49,622 - DEBUG - Joint score for alpha[5]: 22.1557
2025-08-08 23:14:53,115 - DEBUG - Joint score for alpha[6]: 22.7512
2025-08-08 23:14:56,611 - DEBUG - Joint score for alpha[7]: 21.3951
2025-08-08 23:15:00,107 - DEBUG - Joint score for alpha[8]: 20.9144
2025-08-08 23:15:03,601 - DEBUG - Joint score for alpha[9]: 23.3113
2025-08-08 23:15:07,096 - DEBUG - Joint score for alpha[10]: 23.3649
2025-08-08 23:15:10,590 - DEBUG - Joint score for alpha[11]: 23.1511
2025-08-08 23:15:14,086 - DEBUG - Joint score for alpha[12]: 21.7523
2025-08-08 23:15:17,580 - DEBUG - Joint score for alpha[13]: 22.0705
2025-08-08 23:15:21,075 - DEBUG - Joint score for alpha[14]: 22.0085
2025-08-08 23:15:24,570 - DEBUG - Joint score for alpha[15]: 22.1327
2025-08-08 23:15:28,089 - DEBUG - Joint score for alpha[0]: 23.0320
2025-08-08 23:15:31,586 - DEBUG - Joint score for alpha[1]: 23.5155
2025-08-08 23:15:35,080 - DEBUG - Joint score for alpha[2]: 23.6659
2025-08-08 23:15:38,575 - DEBUG - Joint score for alpha[3]: 22.4465
2025-08-08 23:15:42,069 - DEBUG - Joint score for alpha[4]: 24.0411
2025-08-08 23:15:45,563 - DEBUG - Joint score for alpha[5]: 23.1472
2025-08-08 23:15:49,057 - DEBUG - Joint score for alpha[6]: 22.3564
2025-08-08 23:15:52,553 - DEBUG - Joint score for alpha[7]: 23.0698
2025-08-08 23:15:56,049 - DEBUG - Joint score for alpha[8]: 23.5616
2025-08-08 23:15:59,544 - DEBUG - Joint score for alpha[9]: 23.2776
2025-08-08 23:16:03,038 - DEBUG - Joint score for alpha[10]: 21.9677
2025-08-08 23:16:06,532 - DEBUG - Joint score for alpha[11]: 23.3109
2025-08-08 23:16:10,027 - DEBUG - Joint score for alpha[12]: 24.4519
2025-08-08 23:16:13,522 - DEBUG - Joint score for alpha[13]: 22.9987
2025-08-08 23:16:17,015 - DEBUG - Joint score for alpha[14]: 23.6256
2025-08-08 23:16:20,510 - DEBUG - Joint score for alpha[15]: 22.2076
2025-08-08 23:16:20,551 - INFO - Step 5/120: mean ENERGY=22.7655
2025-08-08 23:16:20,555 - DEBUG - Beginning Gibbs iteration s = 5
2025-08-08 23:16:27,370 - DEBUG - Proposal variance adapted: 0.085
2025-08-08 23:16:30,822 - DEBUG - Joint score for alpha[0]: 22.4425
2025-08-08 23:16:34,320 - DEBUG - Joint score for alpha[1]: 23.6460
2025-08-08 23:16:37,816 - DEBUG - Joint score for alpha[2]: 21.9740
2025-08-08 23:16:41,310 - DEBUG - Joint score for alpha[3]: 22.5406
2025-08-08 23:16:44,804 - DEBUG - Joint score for alpha[4]: 22.5080
2025-08-08 23:16:48,296 - DEBUG - Joint score for alpha[5]: 23.2859
2025-08-08 23:16:51,788 - DEBUG - Joint score for alpha[6]: 21.6823
2025-08-08 23:16:55,280 - DEBUG - Joint score for alpha[7]: 24.2436
2025-08-08 23:16:58,772 - DEBUG - Joint score for alpha[8]: 22.8827
2025-08-08 23:17:02,266 - DEBUG - Joint score for alpha[9]: 23.6098
2025-08-08 23:17:05,759 - DEBUG - Joint score for alpha[10]: 23.7218
2025-08-08 23:17:09,253 - DEBUG - Joint score for alpha[11]: 22.5955
2025-08-08 23:17:12,747 - DEBUG - Joint score for alpha[12]: 23.0597
2025-08-08 23:17:16,242 - DEBUG - Joint score for alpha[13]: 23.7604
2025-08-08 23:17:19,735 - DEBUG - Joint score for alpha[14]: 23.4270
2025-08-08 23:17:23,229 - DEBUG - Joint score for alpha[15]: 23.4509
2025-08-08 23:17:26,747 - DEBUG - Joint score for alpha[0]: 21.8225
2025-08-08 23:17:30,244 - DEBUG - Joint score for alpha[1]: 21.4017
2025-08-08 23:17:33,738 - DEBUG - Joint score for alpha[2]: 21.5680
2025-08-08 23:17:37,234 - DEBUG - Joint score for alpha[3]: 22.0580
2025-08-08 23:17:40,728 - DEBUG - Joint score for alpha[4]: 21.4936
2025-08-08 23:17:44,224 - DEBUG - Joint score for alpha[5]: 22.0424
2025-08-08 23:17:47,717 - DEBUG - Joint score for alpha[6]: 21.9204
2025-08-08 23:17:51,211 - DEBUG - Joint score for alpha[7]: 22.0392
2025-08-08 23:17:54,707 - DEBUG - Joint score for alpha[8]: 22.0822
2025-08-08 23:17:58,201 - DEBUG - Joint score for alpha[9]: 21.8645
2025-08-08 23:18:01,697 - DEBUG - Joint score for alpha[10]: 21.6290
2025-08-08 23:18:05,192 - DEBUG - Joint score for alpha[11]: 21.6754
2025-08-08 23:18:08,688 - DEBUG - Joint score for alpha[12]: 22.7941
2025-08-08 23:18:12,182 - DEBUG - Joint score for alpha[13]: 21.7680
2025-08-08 23:18:15,677 - DEBUG - Joint score for alpha[14]: 22.1879
2025-08-08 23:18:19,173 - DEBUG - Joint score for alpha[15]: 22.0356
2025-08-08 23:18:22,691 - DEBUG - Joint score for alpha[0]: 22.0622
2025-08-08 23:18:26,188 - DEBUG - Joint score for alpha[1]: 21.9012
2025-08-08 23:18:29,683 - DEBUG - Joint score for alpha[2]: 22.3408
2025-08-08 23:18:33,175 - DEBUG - Joint score for alpha[3]: 21.9745
2025-08-08 23:18:36,670 - DEBUG - Joint score for alpha[4]: 22.4351
2025-08-08 23:18:40,163 - DEBUG - Joint score for alpha[5]: 21.4886
2025-08-08 23:18:43,659 - DEBUG - Joint score for alpha[6]: 21.8419
2025-08-08 23:18:47,154 - DEBUG - Joint score for alpha[7]: 22.2731
2025-08-08 23:18:50,650 - DEBUG - Joint score for alpha[8]: 21.3850
2025-08-08 23:18:54,144 - DEBUG - Joint score for alpha[9]: 22.2203
2025-08-08 23:18:57,638 - DEBUG - Joint score for alpha[10]: 21.9360
2025-08-08 23:19:01,132 - DEBUG - Joint score for alpha[11]: 21.5506
2025-08-08 23:19:04,628 - DEBUG - Joint score for alpha[12]: 22.0507
2025-08-08 23:19:08,122 - DEBUG - Joint score for alpha[13]: 21.4025
2025-08-08 23:19:11,617 - DEBUG - Joint score for alpha[14]: 21.9362
2025-08-08 23:19:15,113 - DEBUG - Joint score for alpha[15]: 21.4811
2025-08-08 23:19:18,634 - DEBUG - Joint score for alpha[0]: 21.8584
2025-08-08 23:19:22,134 - DEBUG - Joint score for alpha[1]: 22.3411
2025-08-08 23:19:25,632 - DEBUG - Joint score for alpha[2]: 21.1191
2025-08-08 23:19:29,129 - DEBUG - Joint score for alpha[3]: 21.2274
2025-08-08 23:19:32,627 - DEBUG - Joint score for alpha[4]: 21.8564
2025-08-08 23:19:36,125 - DEBUG - Joint score for alpha[5]: 21.9351
2025-08-08 23:19:39,620 - DEBUG - Joint score for alpha[6]: 20.7413
2025-08-08 23:19:43,116 - DEBUG - Joint score for alpha[7]: 22.1981
2025-08-08 23:19:46,613 - DEBUG - Joint score for alpha[8]: 21.6767
2025-08-08 23:19:50,108 - DEBUG - Joint score for alpha[9]: 21.5443
2025-08-08 23:19:53,602 - DEBUG - Joint score for alpha[10]: 22.4369
2025-08-08 23:19:57,098 - DEBUG - Joint score for alpha[11]: 22.4501
2025-08-08 23:20:00,595 - DEBUG - Joint score for alpha[12]: 22.6049
2025-08-08 23:20:04,089 - DEBUG - Joint score for alpha[13]: 20.8840
2025-08-08 23:20:07,583 - DEBUG - Joint score for alpha[14]: 21.8419
2025-08-08 23:20:11,077 - DEBUG - Joint score for alpha[15]: 21.8066
2025-08-08 23:20:14,596 - DEBUG - Joint score for alpha[0]: 21.4516
2025-08-08 23:20:18,093 - DEBUG - Joint score for alpha[1]: 20.8132
2025-08-08 23:20:21,588 - DEBUG - Joint score for alpha[2]: 21.0873
2025-08-08 23:20:25,082 - DEBUG - Joint score for alpha[3]: 21.2257
2025-08-08 23:20:28,576 - DEBUG - Joint score for alpha[4]: 21.5341
2025-08-08 23:20:32,068 - DEBUG - Joint score for alpha[5]: 21.9762
2025-08-08 23:20:35,560 - DEBUG - Joint score for alpha[6]: 21.0218
2025-08-08 23:20:39,055 - DEBUG - Joint score for alpha[7]: 20.5930
2025-08-08 23:20:42,548 - DEBUG - Joint score for alpha[8]: 22.5367
2025-08-08 23:20:46,042 - DEBUG - Joint score for alpha[9]: 21.6951
2025-08-08 23:20:49,535 - DEBUG - Joint score for alpha[10]: 22.2663
2025-08-08 23:20:53,025 - DEBUG - Joint score for alpha[11]: 21.8891
2025-08-08 23:20:56,517 - DEBUG - Joint score for alpha[12]: 21.5202
2025-08-08 23:21:00,010 - DEBUG - Joint score for alpha[13]: 22.2487
2025-08-08 23:21:03,502 - DEBUG - Joint score for alpha[14]: 21.9189
2025-08-08 23:21:06,996 - DEBUG - Joint score for alpha[15]: 21.6011
2025-08-08 23:21:07,037 - INFO - Step 6/120: mean ENERGY=21.8610
2025-08-08 23:21:07,041 - DEBUG - Beginning Gibbs iteration s = 6
2025-08-08 23:21:15,601 - DEBUG - Joint score for alpha[0]: 22.8320
2025-08-08 23:21:19,098 - DEBUG - Joint score for alpha[1]: 21.1605
2025-08-08 23:21:22,594 - DEBUG - Joint score for alpha[2]: 22.2215
2025-08-08 23:21:26,090 - DEBUG - Joint score for alpha[3]: 22.3903
2025-08-08 23:21:29,588 - DEBUG - Joint score for alpha[4]: 21.6687
2025-08-08 23:21:33,082 - DEBUG - Joint score for alpha[5]: 22.7380
2025-08-08 23:21:36,579 - DEBUG - Joint score for alpha[6]: 21.0669
2025-08-08 23:21:40,073 - DEBUG - Joint score for alpha[7]: 21.5673
2025-08-08 23:21:43,570 - DEBUG - Joint score for alpha[8]: 21.4819
2025-08-08 23:21:47,067 - DEBUG - Joint score for alpha[9]: 22.1488
2025-08-08 23:21:50,562 - DEBUG - Joint score for alpha[10]: 21.6892
2025-08-08 23:21:54,060 - DEBUG - Joint score for alpha[11]: 22.3208
2025-08-08 23:21:57,556 - DEBUG - Joint score for alpha[12]: 21.2634
2025-08-08 23:22:01,053 - DEBUG - Joint score for alpha[13]: 22.8298
2025-08-08 23:22:04,549 - DEBUG - Joint score for alpha[14]: 22.3881
2025-08-08 23:22:08,045 - DEBUG - Joint score for alpha[15]: 22.5914
2025-08-08 23:22:11,566 - DEBUG - Joint score for alpha[0]: 20.9731
2025-08-08 23:22:15,064 - DEBUG - Joint score for alpha[1]: 20.2878
2025-08-08 23:22:18,561 - DEBUG - Joint score for alpha[2]: 20.7653
2025-08-08 23:22:22,058 - DEBUG - Joint score for alpha[3]: 20.5612
2025-08-08 23:22:25,554 - DEBUG - Joint score for alpha[4]: 20.4525
2025-08-08 23:22:29,051 - DEBUG - Joint score for alpha[5]: 21.0332
2025-08-08 23:22:32,547 - DEBUG - Joint score for alpha[6]: 20.4455
2025-08-08 23:22:36,043 - DEBUG - Joint score for alpha[7]: 20.8770
2025-08-08 23:22:39,539 - DEBUG - Joint score for alpha[8]: 20.9117
2025-08-08 23:22:43,035 - DEBUG - Joint score for alpha[9]: 20.7023
2025-08-08 23:22:46,532 - DEBUG - Joint score for alpha[10]: 21.0388
2025-08-08 23:22:50,028 - DEBUG - Joint score for alpha[11]: 20.4562
2025-08-08 23:22:53,525 - DEBUG - Joint score for alpha[12]: 20.5900
2025-08-08 23:22:57,019 - DEBUG - Joint score for alpha[13]: 20.7130
2025-08-08 23:23:00,516 - DEBUG - Joint score for alpha[14]: 21.1154
2025-08-08 23:23:04,012 - DEBUG - Joint score for alpha[15]: 20.6082
2025-08-08 23:23:07,533 - DEBUG - Joint score for alpha[0]: 20.4360
2025-08-08 23:23:11,031 - DEBUG - Joint score for alpha[1]: 20.3680
2025-08-08 23:23:14,528 - DEBUG - Joint score for alpha[2]: 20.5154
2025-08-08 23:23:18,022 - DEBUG - Joint score for alpha[3]: 20.2346
2025-08-08 23:23:21,518 - DEBUG - Joint score for alpha[4]: 20.9528
2025-08-08 23:23:25,012 - DEBUG - Joint score for alpha[5]: 20.4988
2025-08-08 23:23:28,510 - DEBUG - Joint score for alpha[6]: 20.7579
2025-08-08 23:23:32,006 - DEBUG - Joint score for alpha[7]: 20.7533
2025-08-08 23:23:35,503 - DEBUG - Joint score for alpha[8]: 21.0394
2025-08-08 23:23:38,999 - DEBUG - Joint score for alpha[9]: 20.6540
2025-08-08 23:23:42,494 - DEBUG - Joint score for alpha[10]: 20.6279
2025-08-08 23:23:45,988 - DEBUG - Joint score for alpha[11]: 20.6610
2025-08-08 23:23:49,483 - DEBUG - Joint score for alpha[12]: 20.9101
2025-08-08 23:23:52,978 - DEBUG - Joint score for alpha[13]: 20.8883
2025-08-08 23:23:56,475 - DEBUG - Joint score for alpha[14]: 21.3022
2025-08-08 23:23:59,970 - DEBUG - Joint score for alpha[15]: 20.4853
2025-08-08 23:24:03,491 - DEBUG - Joint score for alpha[0]: 21.0557
2025-08-08 23:24:06,990 - DEBUG - Joint score for alpha[1]: 20.0174
2025-08-08 23:24:10,486 - DEBUG - Joint score for alpha[2]: 20.8144
2025-08-08 23:24:13,982 - DEBUG - Joint score for alpha[3]: 20.2960
2025-08-08 23:24:17,480 - DEBUG - Joint score for alpha[4]: 20.5486
2025-08-08 23:24:20,978 - DEBUG - Joint score for alpha[5]: 21.0011
2025-08-08 23:24:24,472 - DEBUG - Joint score for alpha[6]: 21.4659
2025-08-08 23:24:27,969 - DEBUG - Joint score for alpha[7]: 20.5803
2025-08-08 23:24:31,465 - DEBUG - Joint score for alpha[8]: 20.6052
2025-08-08 23:24:34,960 - DEBUG - Joint score for alpha[9]: 20.3073
2025-08-08 23:24:38,456 - DEBUG - Joint score for alpha[10]: 20.4819
2025-08-08 23:24:41,952 - DEBUG - Joint score for alpha[11]: 21.4709
2025-08-08 23:24:45,449 - DEBUG - Joint score for alpha[12]: 20.6958
2025-08-08 23:24:48,945 - DEBUG - Joint score for alpha[13]: 21.1608
2025-08-08 23:24:52,441 - DEBUG - Joint score for alpha[14]: 20.9902
2025-08-08 23:24:55,937 - DEBUG - Joint score for alpha[15]: 20.1517
2025-08-08 23:24:59,459 - DEBUG - Joint score for alpha[0]: 20.2806
2025-08-08 23:25:02,957 - DEBUG - Joint score for alpha[1]: 21.6999
2025-08-08 23:25:06,453 - DEBUG - Joint score for alpha[2]: 20.4914
2025-08-08 23:25:09,947 - DEBUG - Joint score for alpha[3]: 20.2604
2025-08-08 23:25:13,440 - DEBUG - Joint score for alpha[4]: 19.8566
2025-08-08 23:25:16,932 - DEBUG - Joint score for alpha[5]: 19.8276
2025-08-08 23:25:20,424 - DEBUG - Joint score for alpha[6]: 20.6569
2025-08-08 23:25:23,918 - DEBUG - Joint score for alpha[7]: 20.5980
2025-08-08 23:25:27,410 - DEBUG - Joint score for alpha[8]: 20.4561
2025-08-08 23:25:30,903 - DEBUG - Joint score for alpha[9]: 21.4890
2025-08-08 23:25:34,394 - DEBUG - Joint score for alpha[10]: 20.2963
2025-08-08 23:25:37,884 - DEBUG - Joint score for alpha[11]: 19.6292
2025-08-08 23:25:41,377 - DEBUG - Joint score for alpha[12]: 21.8933
2025-08-08 23:25:44,870 - DEBUG - Joint score for alpha[13]: 21.1289
2025-08-08 23:25:48,362 - DEBUG - Joint score for alpha[14]: 20.8308
2025-08-08 23:25:51,855 - DEBUG - Joint score for alpha[15]: 20.2097
2025-08-08 23:25:51,897 - INFO - Step 7/120: mean ENERGY=21.0530
2025-08-08 23:25:51,900 - DEBUG - Beginning Gibbs iteration s = 7
2025-08-08 23:26:01,193 - DEBUG - Joint score for alpha[0]: 20.5083
2025-08-08 23:26:04,690 - DEBUG - Joint score for alpha[1]: 20.9797
2025-08-08 23:26:08,185 - DEBUG - Joint score for alpha[2]: 21.9940
2025-08-08 23:26:11,678 - DEBUG - Joint score for alpha[3]: 20.4107
2025-08-08 23:26:15,174 - DEBUG - Joint score for alpha[4]: 21.1918
2025-08-08 23:26:18,667 - DEBUG - Joint score for alpha[5]: 20.9478
2025-08-08 23:26:22,162 - DEBUG - Joint score for alpha[6]: 21.1991
2025-08-08 23:26:25,655 - DEBUG - Joint score for alpha[7]: 21.2395
2025-08-08 23:26:29,149 - DEBUG - Joint score for alpha[8]: 20.2274
2025-08-08 23:26:32,644 - DEBUG - Joint score for alpha[9]: 21.1658
2025-08-08 23:26:36,138 - DEBUG - Joint score for alpha[10]: 21.1267
2025-08-08 23:26:39,634 - DEBUG - Joint score for alpha[11]: 21.6727
2025-08-08 23:26:43,129 - DEBUG - Joint score for alpha[12]: 21.0319
2025-08-08 23:26:46,625 - DEBUG - Joint score for alpha[13]: 20.9118
2025-08-08 23:26:50,120 - DEBUG - Joint score for alpha[14]: 21.0135
2025-08-08 23:26:53,616 - DEBUG - Joint score for alpha[15]: 21.2703
2025-08-08 23:26:57,135 - DEBUG - Joint score for alpha[0]: 20.6188
2025-08-08 23:27:00,633 - DEBUG - Joint score for alpha[1]: 21.5996
2025-08-08 23:27:04,129 - DEBUG - Joint score for alpha[2]: 21.1652
2025-08-08 23:27:07,625 - DEBUG - Joint score for alpha[3]: 21.4453
2025-08-08 23:27:11,120 - DEBUG - Joint score for alpha[4]: 21.2361
2025-08-08 23:27:14,616 - DEBUG - Joint score for alpha[5]: 20.9587
2025-08-08 23:27:18,109 - DEBUG - Joint score for alpha[6]: 21.3734
2025-08-08 23:27:21,605 - DEBUG - Joint score for alpha[7]: 21.0537
2025-08-08 23:27:25,102 - DEBUG - Joint score for alpha[8]: 20.9659
2025-08-08 23:27:28,598 - DEBUG - Joint score for alpha[9]: 20.9323
2025-08-08 23:27:32,094 - DEBUG - Joint score for alpha[10]: 20.9976
2025-08-08 23:27:35,588 - DEBUG - Joint score for alpha[11]: 21.1134
2025-08-08 23:27:39,084 - DEBUG - Joint score for alpha[12]: 20.9456
2025-08-08 23:27:42,579 - DEBUG - Joint score for alpha[13]: 20.8803
2025-08-08 23:27:46,075 - DEBUG - Joint score for alpha[14]: 20.7549
2025-08-08 23:27:49,572 - DEBUG - Joint score for alpha[15]: 21.4157
2025-08-08 23:27:53,091 - DEBUG - Joint score for alpha[0]: 21.0875
2025-08-08 23:27:56,589 - DEBUG - Joint score for alpha[1]: 20.4004
2025-08-08 23:28:00,086 - DEBUG - Joint score for alpha[2]: 20.5929
2025-08-08 23:28:03,580 - DEBUG - Joint score for alpha[3]: 21.0102
2025-08-08 23:28:07,075 - DEBUG - Joint score for alpha[4]: 21.2095
2025-08-08 23:28:10,570 - DEBUG - Joint score for alpha[5]: 21.1774
2025-08-08 23:28:14,066 - DEBUG - Joint score for alpha[6]: 21.5042
2025-08-08 23:28:17,562 - DEBUG - Joint score for alpha[7]: 21.2543
2025-08-08 23:28:21,059 - DEBUG - Joint score for alpha[8]: 21.2172
2025-08-08 23:28:24,554 - DEBUG - Joint score for alpha[9]: 21.0942
2025-08-08 23:28:28,049 - DEBUG - Joint score for alpha[10]: 21.2067
2025-08-08 23:28:31,543 - DEBUG - Joint score for alpha[11]: 21.1069
2025-08-08 23:28:35,041 - DEBUG - Joint score for alpha[12]: 20.8992
2025-08-08 23:28:38,536 - DEBUG - Joint score for alpha[13]: 21.6473
2025-08-08 23:28:42,033 - DEBUG - Joint score for alpha[14]: 20.9753
2025-08-08 23:28:45,528 - DEBUG - Joint score for alpha[15]: 20.6938
2025-08-08 23:28:49,048 - DEBUG - Joint score for alpha[0]: 21.2822
2025-08-08 23:28:52,548 - DEBUG - Joint score for alpha[1]: 21.3066
2025-08-08 23:28:56,045 - DEBUG - Joint score for alpha[2]: 20.5472
2025-08-08 23:28:59,542 - DEBUG - Joint score for alpha[3]: 20.3211
2025-08-08 23:29:03,040 - DEBUG - Joint score for alpha[4]: 20.7511
2025-08-08 23:29:06,537 - DEBUG - Joint score for alpha[5]: 20.4597
2025-08-08 23:29:10,033 - DEBUG - Joint score for alpha[6]: 21.1295
2025-08-08 23:29:13,530 - DEBUG - Joint score for alpha[7]: 22.4346
2025-08-08 23:29:17,028 - DEBUG - Joint score for alpha[8]: 20.7809
2025-08-08 23:29:20,524 - DEBUG - Joint score for alpha[9]: 20.7844
2025-08-08 23:29:24,020 - DEBUG - Joint score for alpha[10]: 21.3689
2025-08-08 23:29:27,517 - DEBUG - Joint score for alpha[11]: 21.0449
2025-08-08 23:29:31,015 - DEBUG - Joint score for alpha[12]: 20.9876
2025-08-08 23:29:34,511 - DEBUG - Joint score for alpha[13]: 21.1991
2025-08-08 23:29:38,008 - DEBUG - Joint score for alpha[14]: 20.7922
2025-08-08 23:29:41,502 - DEBUG - Joint score for alpha[15]: 21.2852
2025-08-08 23:29:45,020 - DEBUG - Joint score for alpha[0]: 19.7688
2025-08-08 23:29:48,516 - DEBUG - Joint score for alpha[1]: 20.8476
2025-08-08 23:29:52,009 - DEBUG - Joint score for alpha[2]: 20.3269
2025-08-08 23:29:55,502 - DEBUG - Joint score for alpha[3]: 20.8444
2025-08-08 23:29:58,993 - DEBUG - Joint score for alpha[4]: 19.9560
2025-08-08 23:30:02,485 - DEBUG - Joint score for alpha[5]: 20.4807
2025-08-08 23:30:05,977 - DEBUG - Joint score for alpha[6]: 20.2028
2025-08-08 23:30:09,471 - DEBUG - Joint score for alpha[7]: 20.8492
2025-08-08 23:30:12,963 - DEBUG - Joint score for alpha[8]: 22.2858
2025-08-08 23:30:16,455 - DEBUG - Joint score for alpha[9]: 20.3893
2025-08-08 23:30:19,946 - DEBUG - Joint score for alpha[10]: 21.2502
2025-08-08 23:30:23,437 - DEBUG - Joint score for alpha[11]: 20.8429
2025-08-08 23:30:26,930 - DEBUG - Joint score for alpha[12]: 19.5524
2025-08-08 23:30:30,421 - DEBUG - Joint score for alpha[13]: 21.1857
2025-08-08 23:30:33,913 - DEBUG - Joint score for alpha[14]: 20.0671
2025-08-08 23:30:37,406 - DEBUG - Joint score for alpha[15]: 20.6080
2025-08-08 23:30:37,447 - INFO - Step 8/120: mean ENERGY=20.8318
2025-08-08 23:30:37,453 - DEBUG - Beginning Gibbs iteration s = 8
2025-08-08 23:30:49,831 - DEBUG - Joint score for alpha[0]: 20.5600
2025-08-08 23:30:53,326 - DEBUG - Joint score for alpha[1]: 20.4297
2025-08-08 23:30:56,820 - DEBUG - Joint score for alpha[2]: 20.0236
2025-08-08 23:31:00,313 - DEBUG - Joint score for alpha[3]: 19.6972
2025-08-08 23:31:03,807 - DEBUG - Joint score for alpha[4]: 21.6630
2025-08-08 23:31:07,300 - DEBUG - Joint score for alpha[5]: 21.1104
2025-08-08 23:31:10,794 - DEBUG - Joint score for alpha[6]: 20.5181
2025-08-08 23:31:14,288 - DEBUG - Joint score for alpha[7]: 19.8998
2025-08-08 23:31:17,783 - DEBUG - Joint score for alpha[8]: 20.8984
2025-08-08 23:31:21,283 - DEBUG - Joint score for alpha[9]: 20.6295
2025-08-08 23:31:24,777 - DEBUG - Joint score for alpha[10]: 20.7735
2025-08-08 23:31:28,272 - DEBUG - Joint score for alpha[11]: 20.8273
2025-08-08 23:31:31,766 - DEBUG - Joint score for alpha[12]: 19.9820
2025-08-08 23:31:35,262 - DEBUG - Joint score for alpha[13]: 20.0834
2025-08-08 23:31:38,757 - DEBUG - Joint score for alpha[14]: 19.9678
2025-08-08 23:31:42,252 - DEBUG - Joint score for alpha[15]: 20.1885
2025-08-08 23:31:45,769 - DEBUG - Joint score for alpha[0]: 22.2179
2025-08-08 23:31:49,267 - DEBUG - Joint score for alpha[1]: 21.6172
2025-08-08 23:31:52,763 - DEBUG - Joint score for alpha[2]: 22.3308
2025-08-08 23:31:56,257 - DEBUG - Joint score for alpha[3]: 21.7996
2025-08-08 23:31:59,754 - DEBUG - Joint score for alpha[4]: 21.7816
2025-08-08 23:32:03,249 - DEBUG - Joint score for alpha[5]: 21.5235
2025-08-08 23:32:06,746 - DEBUG - Joint score for alpha[6]: 21.4803
2025-08-08 23:32:10,242 - DEBUG - Joint score for alpha[7]: 22.2352
2025-08-08 23:32:13,739 - DEBUG - Joint score for alpha[8]: 21.8836
2025-08-08 23:32:17,234 - DEBUG - Joint score for alpha[9]: 21.7321
2025-08-08 23:32:20,731 - DEBUG - Joint score for alpha[10]: 21.8010
2025-08-08 23:32:24,228 - DEBUG - Joint score for alpha[11]: 21.9148
2025-08-08 23:32:27,725 - DEBUG - Joint score for alpha[12]: 21.9278
2025-08-08 23:32:31,221 - DEBUG - Joint score for alpha[13]: 22.0686
2025-08-08 23:32:34,716 - DEBUG - Joint score for alpha[14]: 21.7861
2025-08-08 23:32:38,214 - DEBUG - Joint score for alpha[15]: 22.2519
2025-08-08 23:32:41,730 - DEBUG - Joint score for alpha[0]: 21.5511
2025-08-08 23:32:45,227 - DEBUG - Joint score for alpha[1]: 21.6677
2025-08-08 23:32:48,724 - DEBUG - Joint score for alpha[2]: 21.8953
2025-08-08 23:32:52,221 - DEBUG - Joint score for alpha[3]: 21.7125
2025-08-08 23:32:55,717 - DEBUG - Joint score for alpha[4]: 21.5881
2025-08-08 23:32:59,211 - DEBUG - Joint score for alpha[5]: 21.7933
2025-08-08 23:33:02,706 - DEBUG - Joint score for alpha[6]: 21.5490
2025-08-08 23:33:06,200 - DEBUG - Joint score for alpha[7]: 21.6440
2025-08-08 23:33:09,692 - DEBUG - Joint score for alpha[8]: 22.4708
2025-08-08 23:33:13,185 - DEBUG - Joint score for alpha[9]: 21.7351
2025-08-08 23:33:16,676 - DEBUG - Joint score for alpha[10]: 22.1137
2025-08-08 23:33:20,171 - DEBUG - Joint score for alpha[11]: 21.7536
2025-08-08 23:33:23,663 - DEBUG - Joint score for alpha[12]: 21.7036
2025-08-08 23:33:27,157 - DEBUG - Joint score for alpha[13]: 21.4964
2025-08-08 23:33:30,649 - DEBUG - Joint score for alpha[14]: 21.5245
2025-08-08 23:33:34,142 - DEBUG - Joint score for alpha[15]: 21.7075
2025-08-08 23:33:37,660 - DEBUG - Joint score for alpha[0]: 22.4288
2025-08-08 23:33:41,156 - DEBUG - Joint score for alpha[1]: 21.8297
2025-08-08 23:33:44,648 - DEBUG - Joint score for alpha[2]: 21.7483
2025-08-08 23:33:48,141 - DEBUG - Joint score for alpha[3]: 21.5627
2025-08-08 23:33:51,634 - DEBUG - Joint score for alpha[4]: 21.3686
2025-08-08 23:33:55,127 - DEBUG - Joint score for alpha[5]: 21.3403
2025-08-08 23:33:58,620 - DEBUG - Joint score for alpha[6]: 21.5314
2025-08-08 23:34:02,114 - DEBUG - Joint score for alpha[7]: 22.2061
2025-08-08 23:34:05,607 - DEBUG - Joint score for alpha[8]: 22.4032
2025-08-08 23:34:09,100 - DEBUG - Joint score for alpha[9]: 21.5849
2025-08-08 23:34:12,593 - DEBUG - Joint score for alpha[10]: 21.7385
2025-08-08 23:34:16,087 - DEBUG - Joint score for alpha[11]: 22.5023
2025-08-08 23:34:19,581 - DEBUG - Joint score for alpha[12]: 21.5812
2025-08-08 23:34:23,075 - DEBUG - Joint score for alpha[13]: 21.5263
2025-08-08 23:34:26,569 - DEBUG - Joint score for alpha[14]: 22.1378
2025-08-08 23:34:30,062 - DEBUG - Joint score for alpha[15]: 21.6519
2025-08-08 23:34:33,579 - DEBUG - Joint score for alpha[0]: 22.0724
2025-08-08 23:34:37,075 - DEBUG - Joint score for alpha[1]: 21.5990
2025-08-08 23:34:40,570 - DEBUG - Joint score for alpha[2]: 22.8545
2025-08-08 23:34:44,065 - DEBUG - Joint score for alpha[3]: 23.3643
2025-08-08 23:34:47,559 - DEBUG - Joint score for alpha[4]: 22.9346
2025-08-08 23:34:51,051 - DEBUG - Joint score for alpha[5]: 21.9164
2025-08-08 23:34:54,544 - DEBUG - Joint score for alpha[6]: 20.7294
2025-08-08 23:34:58,037 - DEBUG - Joint score for alpha[7]: 21.7031
2025-08-08 23:35:01,530 - DEBUG - Joint score for alpha[8]: 22.3771
2025-08-08 23:35:05,025 - DEBUG - Joint score for alpha[9]: 21.5069
2025-08-08 23:35:08,520 - DEBUG - Joint score for alpha[10]: 21.9962
2025-08-08 23:35:12,014 - DEBUG - Joint score for alpha[11]: 22.6870
2025-08-08 23:35:15,509 - DEBUG - Joint score for alpha[12]: 23.4261
2025-08-08 23:35:19,004 - DEBUG - Joint score for alpha[13]: 21.1490
2025-08-08 23:35:22,499 - DEBUG - Joint score for alpha[14]: 21.8607
2025-08-08 23:35:25,995 - DEBUG - Joint score for alpha[15]: 21.8145
2025-08-08 23:35:26,038 - INFO - Step 9/120: mean ENERGY=21.7606
2025-08-08 23:35:26,041 - DEBUG - Beginning Gibbs iteration s = 9
2025-08-08 23:35:33,522 - DEBUG - Joint score for alpha[0]: 21.3872
2025-08-08 23:35:37,020 - DEBUG - Joint score for alpha[1]: 22.4358
2025-08-08 23:35:40,516 - DEBUG - Joint score for alpha[2]: 21.3903
2025-08-08 23:35:44,010 - DEBUG - Joint score for alpha[3]: 22.1502
2025-08-08 23:35:47,507 - DEBUG - Joint score for alpha[4]: 22.3254
2025-08-08 23:35:51,001 - DEBUG - Joint score for alpha[5]: 21.9276
2025-08-08 23:35:54,497 - DEBUG - Joint score for alpha[6]: 22.4635
2025-08-08 23:35:57,991 - DEBUG - Joint score for alpha[7]: 20.4894
2025-08-08 23:36:01,487 - DEBUG - Joint score for alpha[8]: 22.9773
2025-08-08 23:36:04,984 - DEBUG - Joint score for alpha[9]: 22.0994
2025-08-08 23:36:08,478 - DEBUG - Joint score for alpha[10]: 21.9904
2025-08-08 23:36:11,973 - DEBUG - Joint score for alpha[11]: 22.6478
2025-08-08 23:36:15,465 - DEBUG - Joint score for alpha[12]: 21.4217
2025-08-08 23:36:18,959 - DEBUG - Joint score for alpha[13]: 22.0316
2025-08-08 23:36:22,452 - DEBUG - Joint score for alpha[14]: 22.3277
2025-08-08 23:36:25,945 - DEBUG - Joint score for alpha[15]: 22.1310
2025-08-08 23:36:29,461 - DEBUG - Joint score for alpha[0]: 20.2878
2025-08-08 23:36:32,956 - DEBUG - Joint score for alpha[1]: 19.9829
2025-08-08 23:36:36,449 - DEBUG - Joint score for alpha[2]: 20.8520
2025-08-08 23:36:39,942 - DEBUG - Joint score for alpha[3]: 21.2923
2025-08-08 23:36:43,434 - DEBUG - Joint score for alpha[4]: 20.4109
2025-08-08 23:36:46,927 - DEBUG - Joint score for alpha[5]: 20.3132
2025-08-08 23:36:50,419 - DEBUG - Joint score for alpha[6]: 20.5501
2025-08-08 23:36:53,911 - DEBUG - Joint score for alpha[7]: 20.8384
2025-08-08 23:36:57,404 - DEBUG - Joint score for alpha[8]: 20.5270
2025-08-08 23:37:00,896 - DEBUG - Joint score for alpha[9]: 20.3684
2025-08-08 23:37:04,389 - DEBUG - Joint score for alpha[10]: 20.2089
2025-08-08 23:37:07,884 - DEBUG - Joint score for alpha[11]: 20.3609
2025-08-08 23:37:11,381 - DEBUG - Joint score for alpha[12]: 20.7544
2025-08-08 23:37:14,875 - DEBUG - Joint score for alpha[13]: 20.3395
2025-08-08 23:37:18,371 - DEBUG - Joint score for alpha[14]: 20.4627
2025-08-08 23:37:21,868 - DEBUG - Joint score for alpha[15]: 20.3517
2025-08-08 23:37:25,387 - DEBUG - Joint score for alpha[0]: 20.9239
2025-08-08 23:37:28,884 - DEBUG - Joint score for alpha[1]: 20.5924
2025-08-08 23:37:32,380 - DEBUG - Joint score for alpha[2]: 20.8564
2025-08-08 23:37:35,873 - DEBUG - Joint score for alpha[3]: 21.0056
2025-08-08 23:37:39,368 - DEBUG - Joint score for alpha[4]: 21.1647
2025-08-08 23:37:42,863 - DEBUG - Joint score for alpha[5]: 20.4637
2025-08-08 23:37:46,359 - DEBUG - Joint score for alpha[6]: 20.3123
2025-08-08 23:37:49,855 - DEBUG - Joint score for alpha[7]: 20.5864
2025-08-08 23:37:53,352 - DEBUG - Joint score for alpha[8]: 20.8746
2025-08-08 23:37:56,847 - DEBUG - Joint score for alpha[9]: 20.7234
2025-08-08 23:38:00,344 - DEBUG - Joint score for alpha[10]: 21.0084
2025-08-08 23:38:03,839 - DEBUG - Joint score for alpha[11]: 21.4279
2025-08-08 23:38:07,335 - DEBUG - Joint score for alpha[12]: 20.1932
2025-08-08 23:38:10,830 - DEBUG - Joint score for alpha[13]: 20.6845
2025-08-08 23:38:14,326 - DEBUG - Joint score for alpha[14]: 20.5868
2025-08-08 23:38:17,821 - DEBUG - Joint score for alpha[15]: 21.0867
2025-08-08 23:38:21,341 - DEBUG - Joint score for alpha[0]: 21.0711
2025-08-08 23:38:24,841 - DEBUG - Joint score for alpha[1]: 20.7858
2025-08-08 23:38:28,338 - DEBUG - Joint score for alpha[2]: 21.1328
2025-08-08 23:38:31,834 - DEBUG - Joint score for alpha[3]: 21.5435
2025-08-08 23:38:35,328 - DEBUG - Joint score for alpha[4]: 21.4637
2025-08-08 23:38:38,824 - DEBUG - Joint score for alpha[5]: 19.9725
2025-08-08 23:38:42,316 - DEBUG - Joint score for alpha[6]: 21.0443
2025-08-08 23:38:45,810 - DEBUG - Joint score for alpha[7]: 21.3562
2025-08-08 23:38:49,304 - DEBUG - Joint score for alpha[8]: 21.1264
2025-08-08 23:38:52,798 - DEBUG - Joint score for alpha[9]: 20.8873
2025-08-08 23:38:56,291 - DEBUG - Joint score for alpha[10]: 21.4300
2025-08-08 23:38:59,784 - DEBUG - Joint score for alpha[11]: 21.1490
2025-08-08 23:39:03,279 - DEBUG - Joint score for alpha[12]: 21.3041
2025-08-08 23:39:06,771 - DEBUG - Joint score for alpha[13]: 21.1707
2025-08-08 23:39:10,262 - DEBUG - Joint score for alpha[14]: 21.4366
2025-08-08 23:39:13,755 - DEBUG - Joint score for alpha[15]: 20.8553
2025-08-08 23:39:17,273 - DEBUG - Joint score for alpha[0]: 21.1533
2025-08-08 23:39:20,767 - DEBUG - Joint score for alpha[1]: 20.8065
2025-08-08 23:39:24,260 - DEBUG - Joint score for alpha[2]: 21.3692
2025-08-08 23:39:27,752 - DEBUG - Joint score for alpha[3]: 21.1762
2025-08-08 23:39:31,241 - DEBUG - Joint score for alpha[4]: 21.3349
2025-08-08 23:39:34,733 - DEBUG - Joint score for alpha[5]: 21.6125
2025-08-08 23:39:38,226 - DEBUG - Joint score for alpha[6]: 20.7964
2025-08-08 23:39:41,723 - DEBUG - Joint score for alpha[7]: 21.5768
2025-08-08 23:39:45,218 - DEBUG - Joint score for alpha[8]: 20.8268
2025-08-08 23:39:48,714 - DEBUG - Joint score for alpha[9]: 21.2274
2025-08-08 23:39:52,209 - DEBUG - Joint score for alpha[10]: 21.4909
2025-08-08 23:39:55,701 - DEBUG - Joint score for alpha[11]: 22.0146
2025-08-08 23:39:59,196 - DEBUG - Joint score for alpha[12]: 20.7886
2025-08-08 23:40:02,690 - DEBUG - Joint score for alpha[13]: 21.6108
2025-08-08 23:40:06,183 - DEBUG - Joint score for alpha[14]: 20.5619
2025-08-08 23:40:09,678 - DEBUG - Joint score for alpha[15]: 21.1554
2025-08-08 23:40:09,720 - INFO - Step 10/120: mean ENERGY=20.6935
2025-08-08 23:40:09,722 - DEBUG - Beginning Gibbs iteration s = 10
2025-08-08 23:40:13,994 - DEBUG - Proposal variance adapted: 0.072
2025-08-08 23:40:17,450 - DEBUG - Joint score for alpha[0]: 20.5521
2025-08-08 23:40:20,947 - DEBUG - Joint score for alpha[1]: 20.6441
2025-08-08 23:40:24,443 - DEBUG - Joint score for alpha[2]: 21.0837
2025-08-08 23:40:27,939 - DEBUG - Joint score for alpha[3]: 20.1308
2025-08-08 23:40:31,436 - DEBUG - Joint score for alpha[4]: 20.1190
2025-08-08 23:40:34,931 - DEBUG - Joint score for alpha[5]: 21.0751
2025-08-08 23:40:38,425 - DEBUG - Joint score for alpha[6]: 21.3183
2025-08-08 23:40:41,916 - DEBUG - Joint score for alpha[7]: 20.6347
2025-08-08 23:40:45,409 - DEBUG - Joint score for alpha[8]: 20.9024
2025-08-08 23:40:48,903 - DEBUG - Joint score for alpha[9]: 21.1189
2025-08-08 23:40:52,396 - DEBUG - Joint score for alpha[10]: 20.5464
2025-08-08 23:40:55,890 - DEBUG - Joint score for alpha[11]: 20.3875
2025-08-08 23:40:59,384 - DEBUG - Joint score for alpha[12]: 20.5649
2025-08-08 23:41:02,877 - DEBUG - Joint score for alpha[13]: 20.7457
2025-08-08 23:41:06,371 - DEBUG - Joint score for alpha[14]: 20.2549
2025-08-08 23:41:09,865 - DEBUG - Joint score for alpha[15]: 20.5656
2025-08-08 23:41:13,383 - DEBUG - Joint score for alpha[0]: 21.3604
2025-08-08 23:41:16,880 - DEBUG - Joint score for alpha[1]: 21.0832
2025-08-08 23:41:20,374 - DEBUG - Joint score for alpha[2]: 21.7366
2025-08-08 23:41:23,867 - DEBUG - Joint score for alpha[3]: 20.8043
2025-08-08 23:41:27,359 - DEBUG - Joint score for alpha[4]: 20.9798
2025-08-08 23:41:30,854 - DEBUG - Joint score for alpha[5]: 21.2340
2025-08-08 23:41:34,346 - DEBUG - Joint score for alpha[6]: 21.4053
2025-08-08 23:41:37,839 - DEBUG - Joint score for alpha[7]: 21.4191
2025-08-08 23:41:41,334 - DEBUG - Joint score for alpha[8]: 21.0045
2025-08-08 23:41:44,826 - DEBUG - Joint score for alpha[9]: 20.9177
2025-08-08 23:41:48,320 - DEBUG - Joint score for alpha[10]: 21.3242
2025-08-08 23:41:51,812 - DEBUG - Joint score for alpha[11]: 21.3536
2025-08-08 23:41:55,306 - DEBUG - Joint score for alpha[12]: 20.6946
2025-08-08 23:41:58,797 - DEBUG - Joint score for alpha[13]: 21.4854
2025-08-08 23:42:02,291 - DEBUG - Joint score for alpha[14]: 21.1998
2025-08-08 23:42:05,785 - DEBUG - Joint score for alpha[15]: 21.0539
2025-08-08 23:42:09,301 - DEBUG - Joint score for alpha[0]: 21.8226
2025-08-08 23:42:12,796 - DEBUG - Joint score for alpha[1]: 21.6771
2025-08-08 23:42:16,289 - DEBUG - Joint score for alpha[2]: 21.6253
2025-08-08 23:42:19,779 - DEBUG - Joint score for alpha[3]: 22.1782
2025-08-08 23:42:23,271 - DEBUG - Joint score for alpha[4]: 21.5053
2025-08-08 23:42:26,762 - DEBUG - Joint score for alpha[5]: 21.5687
2025-08-08 23:42:30,255 - DEBUG - Joint score for alpha[6]: 22.2176
2025-08-08 23:42:33,746 - DEBUG - Joint score for alpha[7]: 21.6321
2025-08-08 23:42:37,239 - DEBUG - Joint score for alpha[8]: 21.7898
2025-08-08 23:42:40,731 - DEBUG - Joint score for alpha[9]: 21.5217
2025-08-08 23:42:44,222 - DEBUG - Joint score for alpha[10]: 21.3336
2025-08-08 23:42:47,712 - DEBUG - Joint score for alpha[11]: 21.8541
2025-08-08 23:42:51,205 - DEBUG - Joint score for alpha[12]: 21.9902
2025-08-08 23:42:54,697 - DEBUG - Joint score for alpha[13]: 21.6637
2025-08-08 23:42:58,190 - DEBUG - Joint score for alpha[14]: 20.9991
2025-08-08 23:43:01,682 - DEBUG - Joint score for alpha[15]: 21.2626
2025-08-08 23:43:05,198 - DEBUG - Joint score for alpha[0]: 21.7565
2025-08-08 23:43:08,696 - DEBUG - Joint score for alpha[1]: 21.8080
2025-08-08 23:43:12,192 - DEBUG - Joint score for alpha[2]: 21.7548
2025-08-08 23:43:15,689 - DEBUG - Joint score for alpha[3]: 21.4393
2025-08-08 23:43:19,186 - DEBUG - Joint score for alpha[4]: 21.0342
2025-08-08 23:43:22,684 - DEBUG - Joint score for alpha[5]: 21.8032
2025-08-08 23:43:26,180 - DEBUG - Joint score for alpha[6]: 21.6080
2025-08-08 23:43:29,676 - DEBUG - Joint score for alpha[7]: 21.6455
2025-08-08 23:43:33,173 - DEBUG - Joint score for alpha[8]: 21.6591
2025-08-08 23:43:36,670 - DEBUG - Joint score for alpha[9]: 21.4076
2025-08-08 23:43:40,166 - DEBUG - Joint score for alpha[10]: 22.6541
2025-08-08 23:43:43,664 - DEBUG - Joint score for alpha[11]: 21.3834
2025-08-08 23:43:47,162 - DEBUG - Joint score for alpha[12]: 21.3378
2025-08-08 23:43:50,658 - DEBUG - Joint score for alpha[13]: 22.3614
2025-08-08 23:43:54,154 - DEBUG - Joint score for alpha[14]: 21.9257
2025-08-08 23:43:57,650 - DEBUG - Joint score for alpha[15]: 21.5210
2025-08-08 23:44:01,171 - DEBUG - Joint score for alpha[0]: 22.1509
2025-08-08 23:44:04,669 - DEBUG - Joint score for alpha[1]: 21.7545
2025-08-08 23:44:08,165 - DEBUG - Joint score for alpha[2]: 21.0808
2025-08-08 23:44:11,661 - DEBUG - Joint score for alpha[3]: 21.7203
2025-08-08 23:44:15,156 - DEBUG - Joint score for alpha[4]: 20.7927
2025-08-08 23:44:18,649 - DEBUG - Joint score for alpha[5]: 21.0887
2025-08-08 23:44:22,141 - DEBUG - Joint score for alpha[6]: 21.2677
2025-08-08 23:44:25,635 - DEBUG - Joint score for alpha[7]: 20.7189
2025-08-08 23:44:29,127 - DEBUG - Joint score for alpha[8]: 21.4670
2025-08-08 23:44:32,620 - DEBUG - Joint score for alpha[9]: 21.2376
2025-08-08 23:44:36,112 - DEBUG - Joint score for alpha[10]: 21.5156
2025-08-08 23:44:39,603 - DEBUG - Joint score for alpha[11]: 22.0560
2025-08-08 23:44:43,095 - DEBUG - Joint score for alpha[12]: 21.6512
2025-08-08 23:44:46,588 - DEBUG - Joint score for alpha[13]: 20.2347
2025-08-08 23:44:50,080 - DEBUG - Joint score for alpha[14]: 20.4553
2025-08-08 23:44:53,572 - DEBUG - Joint score for alpha[15]: 21.0042
2025-08-08 23:44:53,614 - INFO - Step 11/120: mean ENERGY=21.6129
2025-08-08 23:44:53,617 - DEBUG - Beginning Gibbs iteration s = 11
2025-08-08 23:45:00,403 - DEBUG - Joint score for alpha[0]: 20.7245
2025-08-08 23:45:03,901 - DEBUG - Joint score for alpha[1]: 21.4631
2025-08-08 23:45:07,397 - DEBUG - Joint score for alpha[2]: 21.7039
2025-08-08 23:45:10,892 - DEBUG - Joint score for alpha[3]: 20.3977
2025-08-08 23:45:14,389 - DEBUG - Joint score for alpha[4]: 20.6490
2025-08-08 23:45:17,883 - DEBUG - Joint score for alpha[5]: 20.8159
2025-08-08 23:45:21,379 - DEBUG - Joint score for alpha[6]: 21.0534
2025-08-08 23:45:24,874 - DEBUG - Joint score for alpha[7]: 21.1846
2025-08-08 23:45:28,370 - DEBUG - Joint score for alpha[8]: 21.2059
2025-08-08 23:45:31,866 - DEBUG - Joint score for alpha[9]: 20.8086
2025-08-08 23:45:35,360 - DEBUG - Joint score for alpha[10]: 20.8502
2025-08-08 23:45:38,856 - DEBUG - Joint score for alpha[11]: 20.9364
2025-08-08 23:45:42,352 - DEBUG - Joint score for alpha[12]: 20.6437
2025-08-08 23:45:45,847 - DEBUG - Joint score for alpha[13]: 21.8442
2025-08-08 23:45:49,341 - DEBUG - Joint score for alpha[14]: 20.9684
2025-08-08 23:45:52,837 - DEBUG - Joint score for alpha[15]: 20.9690
2025-08-08 23:45:56,357 - DEBUG - Joint score for alpha[0]: 21.6552
2025-08-08 23:45:59,854 - DEBUG - Joint score for alpha[1]: 21.6388
2025-08-08 23:46:03,349 - DEBUG - Joint score for alpha[2]: 21.2969
2025-08-08 23:46:06,845 - DEBUG - Joint score for alpha[3]: 21.7731
2025-08-08 23:46:10,340 - DEBUG - Joint score for alpha[4]: 21.3270
2025-08-08 23:46:13,836 - DEBUG - Joint score for alpha[5]: 21.9976
2025-08-08 23:46:17,328 - DEBUG - Joint score for alpha[6]: 21.4129
2025-08-08 23:46:20,821 - DEBUG - Joint score for alpha[7]: 21.6478
2025-08-08 23:46:24,315 - DEBUG - Joint score for alpha[8]: 20.8590
2025-08-08 23:46:27,809 - DEBUG - Joint score for alpha[9]: 21.6686
2025-08-08 23:46:31,306 - DEBUG - Joint score for alpha[10]: 21.3349
2025-08-08 23:46:34,801 - DEBUG - Joint score for alpha[11]: 21.0760
2025-08-08 23:46:38,297 - DEBUG - Joint score for alpha[12]: 21.4797
2025-08-08 23:46:41,791 - DEBUG - Joint score for alpha[13]: 22.4169
2025-08-08 23:46:45,288 - DEBUG - Joint score for alpha[14]: 21.9154
2025-08-08 23:46:48,785 - DEBUG - Joint score for alpha[15]: 21.6934
2025-08-08 23:46:52,304 - DEBUG - Joint score for alpha[0]: 21.7566
2025-08-08 23:46:55,802 - DEBUG - Joint score for alpha[1]: 21.1004
2025-08-08 23:46:59,299 - DEBUG - Joint score for alpha[2]: 21.6430
2025-08-08 23:47:02,792 - DEBUG - Joint score for alpha[3]: 21.3796
2025-08-08 23:47:06,287 - DEBUG - Joint score for alpha[4]: 20.9612
2025-08-08 23:47:09,781 - DEBUG - Joint score for alpha[5]: 20.9962
2025-08-08 23:47:13,277 - DEBUG - Joint score for alpha[6]: 21.0845
2025-08-08 23:47:16,773 - DEBUG - Joint score for alpha[7]: 21.4476
2025-08-08 23:47:20,271 - DEBUG - Joint score for alpha[8]: 21.4068
2025-08-08 23:47:23,766 - DEBUG - Joint score for alpha[9]: 21.4565
2025-08-08 23:47:27,262 - DEBUG - Joint score for alpha[10]: 20.9067
2025-08-08 23:47:30,757 - DEBUG - Joint score for alpha[11]: 21.3197
2025-08-08 23:47:34,254 - DEBUG - Joint score for alpha[12]: 20.9493
2025-08-08 23:47:37,748 - DEBUG - Joint score for alpha[13]: 21.6750
2025-08-08 23:47:41,245 - DEBUG - Joint score for alpha[14]: 21.1079
2025-08-08 23:47:44,742 - DEBUG - Joint score for alpha[15]: 21.1676
2025-08-08 23:47:48,262 - DEBUG - Joint score for alpha[0]: 21.8754
2025-08-08 23:47:51,761 - DEBUG - Joint score for alpha[1]: 21.2687
2025-08-08 23:47:55,257 - DEBUG - Joint score for alpha[2]: 21.3643
2025-08-08 23:47:58,752 - DEBUG - Joint score for alpha[3]: 20.7437
2025-08-08 23:48:02,249 - DEBUG - Joint score for alpha[4]: 20.6417
2025-08-08 23:48:05,746 - DEBUG - Joint score for alpha[5]: 21.8686
2025-08-08 23:48:09,240 - DEBUG - Joint score for alpha[6]: 20.7764
2025-08-08 23:48:12,737 - DEBUG - Joint score for alpha[7]: 20.7927
2025-08-08 23:48:16,234 - DEBUG - Joint score for alpha[8]: 21.2770
2025-08-08 23:48:19,730 - DEBUG - Joint score for alpha[9]: 20.6811
2025-08-08 23:48:23,227 - DEBUG - Joint score for alpha[10]: 21.2181
2025-08-08 23:48:26,723 - DEBUG - Joint score for alpha[11]: 21.6343
2025-08-08 23:48:30,220 - DEBUG - Joint score for alpha[12]: 20.8360
2025-08-08 23:48:33,716 - DEBUG - Joint score for alpha[13]: 21.0148
2025-08-08 23:48:37,212 - DEBUG - Joint score for alpha[14]: 21.7243
2025-08-08 23:48:40,708 - DEBUG - Joint score for alpha[15]: 21.6897
2025-08-08 23:48:44,229 - DEBUG - Joint score for alpha[0]: 19.9615
2025-08-08 23:48:47,727 - DEBUG - Joint score for alpha[1]: 20.9921
2025-08-08 23:48:51,223 - DEBUG - Joint score for alpha[2]: 20.6126
2025-08-08 23:48:54,720 - DEBUG - Joint score for alpha[3]: 21.2207
2025-08-08 23:48:58,216 - DEBUG - Joint score for alpha[4]: 20.8060
2025-08-08 23:49:01,715 - DEBUG - Joint score for alpha[5]: 21.0176
2025-08-08 23:49:05,210 - DEBUG - Joint score for alpha[6]: 21.0147
2025-08-08 23:49:08,706 - DEBUG - Joint score for alpha[7]: 21.3923
2025-08-08 23:49:12,201 - DEBUG - Joint score for alpha[8]: 20.9587
2025-08-08 23:49:15,696 - DEBUG - Joint score for alpha[9]: 20.7075
2025-08-08 23:49:19,191 - DEBUG - Joint score for alpha[10]: 20.4241
2025-08-08 23:49:22,687 - DEBUG - Joint score for alpha[11]: 20.7030
2025-08-08 23:49:26,183 - DEBUG - Joint score for alpha[12]: 20.8354
2025-08-08 23:49:29,678 - DEBUG - Joint score for alpha[13]: 21.1727
2025-08-08 23:49:33,174 - DEBUG - Joint score for alpha[14]: 21.1119
2025-08-08 23:49:36,668 - DEBUG - Joint score for alpha[15]: 21.3858
2025-08-08 23:49:36,710 - INFO - Step 12/120: mean ENERGY=21.1711
2025-08-08 23:49:36,712 - DEBUG - Beginning Gibbs iteration s = 12
2025-08-08 23:49:43,993 - DEBUG - Joint score for alpha[0]: 20.2770
2025-08-08 23:49:47,490 - DEBUG - Joint score for alpha[1]: 20.1045
2025-08-08 23:49:50,986 - DEBUG - Joint score for alpha[2]: 21.0216
2025-08-08 23:49:54,482 - DEBUG - Joint score for alpha[3]: 21.6070
2025-08-08 23:49:57,977 - DEBUG - Joint score for alpha[4]: 20.1992
2025-08-08 23:50:01,472 - DEBUG - Joint score for alpha[5]: 21.9740
2025-08-08 23:50:04,968 - DEBUG - Joint score for alpha[6]: 20.9045
2025-08-08 23:50:08,462 - DEBUG - Joint score for alpha[7]: 20.6690
2025-08-08 23:50:11,958 - DEBUG - Joint score for alpha[8]: 21.3129
2025-08-08 23:50:15,454 - DEBUG - Joint score for alpha[9]: 20.9515
2025-08-08 23:50:18,948 - DEBUG - Joint score for alpha[10]: 21.1273
2025-08-08 23:50:22,445 - DEBUG - Joint score for alpha[11]: 21.3109
2025-08-08 23:50:25,941 - DEBUG - Joint score for alpha[12]: 20.7310
2025-08-08 23:50:29,437 - DEBUG - Joint score for alpha[13]: 20.9075
2025-08-08 23:50:32,933 - DEBUG - Joint score for alpha[14]: 21.4417
2025-08-08 23:50:36,428 - DEBUG - Joint score for alpha[15]: 20.3029
2025-08-08 23:50:39,949 - DEBUG - Joint score for alpha[0]: 20.9914
2025-08-08 23:50:43,447 - DEBUG - Joint score for alpha[1]: 20.6727
2025-08-08 23:50:46,943 - DEBUG - Joint score for alpha[2]: 20.4986
2025-08-08 23:50:50,440 - DEBUG - Joint score for alpha[3]: 20.9214
2025-08-08 23:50:53,936 - DEBUG - Joint score for alpha[4]: 21.5116
2025-08-08 23:50:57,433 - DEBUG - Joint score for alpha[5]: 20.6961
2025-08-08 23:51:00,927 - DEBUG - Joint score for alpha[6]: 21.1174
2025-08-08 23:51:04,422 - DEBUG - Joint score for alpha[7]: 21.0240
2025-08-08 23:51:07,919 - DEBUG - Joint score for alpha[8]: 20.8237
2025-08-08 23:51:11,415 - DEBUG - Joint score for alpha[9]: 21.1755
2025-08-08 23:51:14,913 - DEBUG - Joint score for alpha[10]: 21.1873
2025-08-08 23:51:18,408 - DEBUG - Joint score for alpha[11]: 20.4804
2025-08-08 23:51:21,904 - DEBUG - Joint score for alpha[12]: 21.2973
2025-08-08 23:51:25,399 - DEBUG - Joint score for alpha[13]: 20.5853
2025-08-08 23:51:28,896 - DEBUG - Joint score for alpha[14]: 20.8802
2025-08-08 23:51:32,393 - DEBUG - Joint score for alpha[15]: 20.7662
2025-08-08 23:51:35,913 - DEBUG - Joint score for alpha[0]: 20.4102
2025-08-08 23:51:39,413 - DEBUG - Joint score for alpha[1]: 20.5670
2025-08-08 23:51:42,909 - DEBUG - Joint score for alpha[2]: 21.1040
2025-08-08 23:51:46,404 - DEBUG - Joint score for alpha[3]: 21.1288
2025-08-08 23:51:49,899 - DEBUG - Joint score for alpha[4]: 20.8741
2025-08-08 23:51:53,394 - DEBUG - Joint score for alpha[5]: 21.4382
2025-08-08 23:51:56,891 - DEBUG - Joint score for alpha[6]: 20.4537
2025-08-08 23:52:00,386 - DEBUG - Joint score for alpha[7]: 20.8101
2025-08-08 23:52:03,883 - DEBUG - Joint score for alpha[8]: 20.7017
2025-08-08 23:52:07,378 - DEBUG - Joint score for alpha[9]: 20.7206
2025-08-08 23:52:10,873 - DEBUG - Joint score for alpha[10]: 20.8584
2025-08-08 23:52:14,367 - DEBUG - Joint score for alpha[11]: 20.8961
2025-08-08 23:52:17,863 - DEBUG - Joint score for alpha[12]: 20.8560
2025-08-08 23:52:21,357 - DEBUG - Joint score for alpha[13]: 21.1174
2025-08-08 23:52:24,852 - DEBUG - Joint score for alpha[14]: 20.4839
2025-08-08 23:52:28,348 - DEBUG - Joint score for alpha[15]: 20.6540
2025-08-08 23:52:31,867 - DEBUG - Joint score for alpha[0]: 20.6532
2025-08-08 23:52:35,366 - DEBUG - Joint score for alpha[1]: 21.1612
2025-08-08 23:52:38,861 - DEBUG - Joint score for alpha[2]: 20.6087
2025-08-08 23:52:42,356 - DEBUG - Joint score for alpha[3]: 21.1634
2025-08-08 23:52:45,852 - DEBUG - Joint score for alpha[4]: 20.6175
2025-08-08 23:52:49,348 - DEBUG - Joint score for alpha[5]: 21.3948
2025-08-08 23:52:52,842 - DEBUG - Joint score for alpha[6]: 20.8872
2025-08-08 23:52:56,337 - DEBUG - Joint score for alpha[7]: 20.7779
2025-08-08 23:52:59,833 - DEBUG - Joint score for alpha[8]: 21.3428
2025-08-08 23:53:03,329 - DEBUG - Joint score for alpha[9]: 20.7944
2025-08-08 23:53:06,824 - DEBUG - Joint score for alpha[10]: 20.7878
2025-08-08 23:53:10,319 - DEBUG - Joint score for alpha[11]: 20.9389
2025-08-08 23:53:13,816 - DEBUG - Joint score for alpha[12]: 21.2761
2025-08-08 23:53:17,314 - DEBUG - Joint score for alpha[13]: 20.8566
2025-08-08 23:53:20,809 - DEBUG - Joint score for alpha[14]: 20.1538
2025-08-08 23:53:24,303 - DEBUG - Joint score for alpha[15]: 21.1675
2025-08-08 23:53:27,822 - DEBUG - Joint score for alpha[0]: 20.6942
2025-08-08 23:53:31,318 - DEBUG - Joint score for alpha[1]: 20.4511
2025-08-08 23:53:34,811 - DEBUG - Joint score for alpha[2]: 21.1947
2025-08-08 23:53:38,304 - DEBUG - Joint score for alpha[3]: 20.5769
2025-08-08 23:53:41,796 - DEBUG - Joint score for alpha[4]: 21.5538
2025-08-08 23:53:45,288 - DEBUG - Joint score for alpha[5]: 19.8877
2025-08-08 23:53:48,781 - DEBUG - Joint score for alpha[6]: 20.8876
2025-08-08 23:53:52,274 - DEBUG - Joint score for alpha[7]: 21.2924
2025-08-08 23:53:55,766 - DEBUG - Joint score for alpha[8]: 22.0798
2025-08-08 23:53:59,259 - DEBUG - Joint score for alpha[9]: 19.4820
2025-08-08 23:54:02,751 - DEBUG - Joint score for alpha[10]: 20.4783
2025-08-08 23:54:06,242 - DEBUG - Joint score for alpha[11]: 19.7883
2025-08-08 23:54:09,734 - DEBUG - Joint score for alpha[12]: 21.7840
2025-08-08 23:54:13,227 - DEBUG - Joint score for alpha[13]: 20.4895
2025-08-08 23:54:16,719 - DEBUG - Joint score for alpha[14]: 21.0097
2025-08-08 23:54:20,213 - DEBUG - Joint score for alpha[15]: 20.7061
2025-08-08 23:54:20,255 - INFO - Step 13/120: mean ENERGY=20.4598
2025-08-08 23:54:20,258 - DEBUG - Beginning Gibbs iteration s = 13
2025-08-08 23:54:26,704 - DEBUG - Joint score for alpha[0]: 21.7964
2025-08-08 23:54:30,201 - DEBUG - Joint score for alpha[1]: 20.4932
2025-08-08 23:54:33,697 - DEBUG - Joint score for alpha[2]: 22.1078
2025-08-08 23:54:37,192 - DEBUG - Joint score for alpha[3]: 20.3809
2025-08-08 23:54:40,688 - DEBUG - Joint score for alpha[4]: 20.1375
2025-08-08 23:54:44,183 - DEBUG - Joint score for alpha[5]: 19.8061
2025-08-08 23:54:47,679 - DEBUG - Joint score for alpha[6]: 20.5391
2025-08-08 23:54:51,173 - DEBUG - Joint score for alpha[7]: 20.3801
2025-08-08 23:54:54,670 - DEBUG - Joint score for alpha[8]: 21.4267
2025-08-08 23:54:58,166 - DEBUG - Joint score for alpha[9]: 19.5586
2025-08-08 23:55:01,661 - DEBUG - Joint score for alpha[10]: 19.8685
2025-08-08 23:55:05,158 - DEBUG - Joint score for alpha[11]: 19.8200
2025-08-08 23:55:08,654 - DEBUG - Joint score for alpha[12]: 19.6454
2025-08-08 23:55:12,151 - DEBUG - Joint score for alpha[13]: 20.4421
2025-08-08 23:55:15,646 - DEBUG - Joint score for alpha[14]: 20.4106
2025-08-08 23:55:19,143 - DEBUG - Joint score for alpha[15]: 20.9374
2025-08-08 23:55:22,663 - DEBUG - Joint score for alpha[0]: 21.4522
2025-08-08 23:55:26,160 - DEBUG - Joint score for alpha[1]: 21.4042
2025-08-08 23:55:29,656 - DEBUG - Joint score for alpha[2]: 21.8122
2025-08-08 23:55:33,153 - DEBUG - Joint score for alpha[3]: 21.3327
2025-08-08 23:55:36,649 - DEBUG - Joint score for alpha[4]: 21.4937
2025-08-08 23:55:40,146 - DEBUG - Joint score for alpha[5]: 21.3972
2025-08-08 23:55:43,641 - DEBUG - Joint score for alpha[6]: 21.4912
2025-08-08 23:55:47,136 - DEBUG - Joint score for alpha[7]: 21.3684
2025-08-08 23:55:50,633 - DEBUG - Joint score for alpha[8]: 21.6180
2025-08-08 23:55:54,129 - DEBUG - Joint score for alpha[9]: 21.1212
2025-08-08 23:55:57,625 - DEBUG - Joint score for alpha[10]: 21.4119
2025-08-08 23:56:01,120 - DEBUG - Joint score for alpha[11]: 22.3178
2025-08-08 23:56:04,617 - DEBUG - Joint score for alpha[12]: 21.4742
2025-08-08 23:56:08,112 - DEBUG - Joint score for alpha[13]: 21.1577
2025-08-08 23:56:11,609 - DEBUG - Joint score for alpha[14]: 21.5555
2025-08-08 23:56:15,106 - DEBUG - Joint score for alpha[15]: 21.6975
2025-08-08 23:56:18,622 - DEBUG - Joint score for alpha[0]: 21.3231
2025-08-08 23:56:22,118 - DEBUG - Joint score for alpha[1]: 21.8147
2025-08-08 23:56:25,612 - DEBUG - Joint score for alpha[2]: 21.5059
2025-08-08 23:56:29,103 - DEBUG - Joint score for alpha[3]: 22.1117
2025-08-08 23:56:32,597 - DEBUG - Joint score for alpha[4]: 21.2971
2025-08-08 23:56:36,088 - DEBUG - Joint score for alpha[5]: 20.8692
2025-08-08 23:56:39,582 - DEBUG - Joint score for alpha[6]: 21.2552
2025-08-08 23:56:43,074 - DEBUG - Joint score for alpha[7]: 21.7228
2025-08-08 23:56:46,568 - DEBUG - Joint score for alpha[8]: 20.7764
2025-08-08 23:56:50,060 - DEBUG - Joint score for alpha[9]: 21.8170
2025-08-08 23:56:53,552 - DEBUG - Joint score for alpha[10]: 21.2771
2025-08-08 23:56:57,043 - DEBUG - Joint score for alpha[11]: 21.4592
2025-08-08 23:57:00,537 - DEBUG - Joint score for alpha[12]: 21.3323
2025-08-08 23:57:04,028 - DEBUG - Joint score for alpha[13]: 21.8884
2025-08-08 23:57:07,520 - DEBUG - Joint score for alpha[14]: 22.2202
2025-08-08 23:57:11,013 - DEBUG - Joint score for alpha[15]: 21.1897
2025-08-08 23:57:14,529 - DEBUG - Joint score for alpha[0]: 22.2490
2025-08-08 23:57:18,025 - DEBUG - Joint score for alpha[1]: 21.2013
2025-08-08 23:57:21,518 - DEBUG - Joint score for alpha[2]: 20.9301
2025-08-08 23:57:25,010 - DEBUG - Joint score for alpha[3]: 21.5712
2025-08-08 23:57:28,504 - DEBUG - Joint score for alpha[4]: 21.6903
2025-08-08 23:57:31,999 - DEBUG - Joint score for alpha[5]: 21.7380
2025-08-08 23:57:35,489 - DEBUG - Joint score for alpha[6]: 21.6724
2025-08-08 23:57:38,982 - DEBUG - Joint score for alpha[7]: 21.4604
2025-08-08 23:57:42,475 - DEBUG - Joint score for alpha[8]: 22.1287
2025-08-08 23:57:45,967 - DEBUG - Joint score for alpha[9]: 21.5569
2025-08-08 23:57:49,460 - DEBUG - Joint score for alpha[10]: 21.5031
2025-08-08 23:57:52,954 - DEBUG - Joint score for alpha[11]: 21.4612
2025-08-08 23:57:56,447 - DEBUG - Joint score for alpha[12]: 21.5489
2025-08-08 23:57:59,940 - DEBUG - Joint score for alpha[13]: 22.6852
2025-08-08 23:58:03,432 - DEBUG - Joint score for alpha[14]: 21.5188
2025-08-08 23:58:06,926 - DEBUG - Joint score for alpha[15]: 21.0530
2025-08-08 23:58:10,444 - DEBUG - Joint score for alpha[0]: 21.8862
2025-08-08 23:58:13,939 - DEBUG - Joint score for alpha[1]: 21.9423
2025-08-08 23:58:17,430 - DEBUG - Joint score for alpha[2]: 21.4677
2025-08-08 23:58:20,924 - DEBUG - Joint score for alpha[3]: 21.4059
2025-08-08 23:58:24,415 - DEBUG - Joint score for alpha[4]: 21.9576
2025-08-08 23:58:27,906 - DEBUG - Joint score for alpha[5]: 21.6147
2025-08-08 23:58:31,399 - DEBUG - Joint score for alpha[6]: 21.2063
2025-08-08 23:58:34,893 - DEBUG - Joint score for alpha[7]: 21.3639
2025-08-08 23:58:38,384 - DEBUG - Joint score for alpha[8]: 20.8077
2025-08-08 23:58:41,877 - DEBUG - Joint score for alpha[9]: 20.9428
2025-08-08 23:58:45,367 - DEBUG - Joint score for alpha[10]: 20.6658
2025-08-08 23:58:48,857 - DEBUG - Joint score for alpha[11]: 22.1672
2025-08-08 23:58:52,349 - DEBUG - Joint score for alpha[12]: 21.6695
2025-08-08 23:58:55,840 - DEBUG - Joint score for alpha[13]: 20.8329
2025-08-08 23:58:59,332 - DEBUG - Joint score for alpha[14]: 20.9248
2025-08-08 23:59:02,824 - DEBUG - Joint score for alpha[15]: 20.9363
2025-08-08 23:59:02,866 - INFO - Step 14/120: mean ENERGY=21.5504
2025-08-08 23:59:02,869 - DEBUG - Beginning Gibbs iteration s = 14
2025-08-08 23:59:08,976 - DEBUG - Joint score for alpha[0]: 19.8781
2025-08-08 23:59:12,473 - DEBUG - Joint score for alpha[1]: 20.6444
2025-08-08 23:59:15,969 - DEBUG - Joint score for alpha[2]: 20.7374
2025-08-08 23:59:19,464 - DEBUG - Joint score for alpha[3]: 20.4704
2025-08-08 23:59:22,959 - DEBUG - Joint score for alpha[4]: 19.9922
2025-08-08 23:59:26,452 - DEBUG - Joint score for alpha[5]: 21.1537
2025-08-08 23:59:29,948 - DEBUG - Joint score for alpha[6]: 20.9790
2025-08-08 23:59:33,442 - DEBUG - Joint score for alpha[7]: 20.4141
2025-08-08 23:59:36,938 - DEBUG - Joint score for alpha[8]: 19.7948
2025-08-08 23:59:40,434 - DEBUG - Joint score for alpha[9]: 21.1160
2025-08-08 23:59:43,929 - DEBUG - Joint score for alpha[10]: 20.5450
2025-08-08 23:59:47,426 - DEBUG - Joint score for alpha[11]: 20.3704
2025-08-08 23:59:50,919 - DEBUG - Joint score for alpha[12]: 20.7133
2025-08-08 23:59:54,411 - DEBUG - Joint score for alpha[13]: 19.9575
2025-08-08 23:59:57,902 - DEBUG - Joint score for alpha[14]: 21.1680
2025-08-09 00:00:01,395 - DEBUG - Joint score for alpha[15]: 19.4222
2025-08-09 00:00:04,912 - DEBUG - Joint score for alpha[0]: 20.7011
2025-08-09 00:00:08,407 - DEBUG - Joint score for alpha[1]: 20.4427
2025-08-09 00:00:11,899 - DEBUG - Joint score for alpha[2]: 20.4425
2025-08-09 00:00:15,392 - DEBUG - Joint score for alpha[3]: 20.3563
2025-08-09 00:00:18,884 - DEBUG - Joint score for alpha[4]: 20.1508
2025-08-09 00:00:22,377 - DEBUG - Joint score for alpha[5]: 20.4632
2025-08-09 00:00:25,869 - DEBUG - Joint score for alpha[6]: 20.7339
2025-08-09 00:00:29,361 - DEBUG - Joint score for alpha[7]: 20.7279
2025-08-09 00:00:32,854 - DEBUG - Joint score for alpha[8]: 20.6486
2025-08-09 00:00:36,346 - DEBUG - Joint score for alpha[9]: 20.2001
2025-08-09 00:00:39,844 - DEBUG - Joint score for alpha[10]: 20.5084
2025-08-09 00:00:43,339 - DEBUG - Joint score for alpha[11]: 20.0111
2025-08-09 00:00:46,836 - DEBUG - Joint score for alpha[12]: 20.3925
2025-08-09 00:00:50,331 - DEBUG - Joint score for alpha[13]: 20.3854
2025-08-09 00:00:53,828 - DEBUG - Joint score for alpha[14]: 20.2556
2025-08-09 00:00:57,323 - DEBUG - Joint score for alpha[15]: 21.2179
2025-08-09 00:01:00,842 - DEBUG - Joint score for alpha[0]: 20.6168
2025-08-09 00:01:04,340 - DEBUG - Joint score for alpha[1]: 20.4066
2025-08-09 00:01:07,835 - DEBUG - Joint score for alpha[2]: 19.9025
2025-08-09 00:01:11,328 - DEBUG - Joint score for alpha[3]: 20.3191
2025-08-09 00:01:14,824 - DEBUG - Joint score for alpha[4]: 20.6599
2025-08-09 00:01:18,318 - DEBUG - Joint score for alpha[5]: 20.0941
2025-08-09 00:01:21,814 - DEBUG - Joint score for alpha[6]: 20.7100
2025-08-09 00:01:25,309 - DEBUG - Joint score for alpha[7]: 20.5260
2025-08-09 00:01:28,806 - DEBUG - Joint score for alpha[8]: 20.5622
2025-08-09 00:01:32,300 - DEBUG - Joint score for alpha[9]: 20.3358
2025-08-09 00:01:35,795 - DEBUG - Joint score for alpha[10]: 20.3781
2025-08-09 00:01:39,289 - DEBUG - Joint score for alpha[11]: 19.9522
2025-08-09 00:01:42,785 - DEBUG - Joint score for alpha[12]: 20.7827
2025-08-09 00:01:46,280 - DEBUG - Joint score for alpha[13]: 20.4533
2025-08-09 00:01:49,776 - DEBUG - Joint score for alpha[14]: 20.5560
2025-08-09 00:01:53,272 - DEBUG - Joint score for alpha[15]: 20.2215
2025-08-09 00:01:56,793 - DEBUG - Joint score for alpha[0]: 19.9899
2025-08-09 00:02:00,293 - DEBUG - Joint score for alpha[1]: 21.1866
2025-08-09 00:02:03,788 - DEBUG - Joint score for alpha[2]: 20.5927
2025-08-09 00:02:07,282 - DEBUG - Joint score for alpha[3]: 19.7745
2025-08-09 00:02:10,777 - DEBUG - Joint score for alpha[4]: 20.6346
2025-08-09 00:02:14,273 - DEBUG - Joint score for alpha[5]: 20.1895
2025-08-09 00:02:17,766 - DEBUG - Joint score for alpha[6]: 19.8601
2025-08-09 00:02:21,260 - DEBUG - Joint score for alpha[7]: 20.7804
2025-08-09 00:02:24,754 - DEBUG - Joint score for alpha[8]: 20.3297
2025-08-09 00:02:28,248 - DEBUG - Joint score for alpha[9]: 20.1970
2025-08-09 00:02:31,742 - DEBUG - Joint score for alpha[10]: 19.5596
2025-08-09 00:02:35,237 - DEBUG - Joint score for alpha[11]: 20.1178
2025-08-09 00:02:38,731 - DEBUG - Joint score for alpha[12]: 21.4313
2025-08-09 00:02:42,224 - DEBUG - Joint score for alpha[13]: 19.6186
2025-08-09 00:02:45,718 - DEBUG - Joint score for alpha[14]: 20.4179
2025-08-09 00:02:49,212 - DEBUG - Joint score for alpha[15]: 20.2788
2025-08-09 00:02:52,731 - DEBUG - Joint score for alpha[0]: 19.4641
2025-08-09 00:02:56,227 - DEBUG - Joint score for alpha[1]: 18.8757
2025-08-09 00:02:59,722 - DEBUG - Joint score for alpha[2]: 20.2739
2025-08-09 00:03:03,217 - DEBUG - Joint score for alpha[3]: 20.3088
2025-08-09 00:03:06,710 - DEBUG - Joint score for alpha[4]: 19.4777
2025-08-09 00:03:10,203 - DEBUG - Joint score for alpha[5]: 19.4746
2025-08-09 00:03:13,696 - DEBUG - Joint score for alpha[6]: 19.3612
2025-08-09 00:03:17,189 - DEBUG - Joint score for alpha[7]: 20.3265
2025-08-09 00:03:20,682 - DEBUG - Joint score for alpha[8]: 19.6647
2025-08-09 00:03:24,175 - DEBUG - Joint score for alpha[9]: 19.3274
2025-08-09 00:03:27,667 - DEBUG - Joint score for alpha[10]: 19.4161
2025-08-09 00:03:31,157 - DEBUG - Joint score for alpha[11]: 19.8018
2025-08-09 00:03:34,649 - DEBUG - Joint score for alpha[12]: 19.5053
2025-08-09 00:03:38,142 - DEBUG - Joint score for alpha[13]: 19.9873
2025-08-09 00:03:41,635 - DEBUG - Joint score for alpha[14]: 20.2945
2025-08-09 00:03:45,128 - DEBUG - Joint score for alpha[15]: 19.2801
2025-08-09 00:03:45,170 - INFO - Step 15/120: mean ENERGY=20.0315
2025-08-09 00:03:45,172 - DEBUG - Beginning Gibbs iteration s = 15
2025-08-09 00:03:47,248 - DEBUG - Proposal variance adapted: 0.061
2025-08-09 00:03:50,705 - DEBUG - Joint score for alpha[0]: 20.0648
2025-08-09 00:03:54,203 - DEBUG - Joint score for alpha[1]: 20.0884
2025-08-09 00:03:57,698 - DEBUG - Joint score for alpha[2]: 20.0667
2025-08-09 00:04:01,194 - DEBUG - Joint score for alpha[3]: 19.8234
2025-08-09 00:04:04,690 - DEBUG - Joint score for alpha[4]: 19.2228
2025-08-09 00:04:08,184 - DEBUG - Joint score for alpha[5]: 19.1520
2025-08-09 00:04:11,680 - DEBUG - Joint score for alpha[6]: 19.1996
2025-08-09 00:04:15,175 - DEBUG - Joint score for alpha[7]: 19.1969
2025-08-09 00:04:18,670 - DEBUG - Joint score for alpha[8]: 20.5229
2025-08-09 00:04:22,166 - DEBUG - Joint score for alpha[9]: 19.9627
2025-08-09 00:04:25,660 - DEBUG - Joint score for alpha[10]: 19.6104
2025-08-09 00:04:29,157 - DEBUG - Joint score for alpha[11]: 19.5744
2025-08-09 00:04:32,652 - DEBUG - Joint score for alpha[12]: 20.0843
2025-08-09 00:04:36,148 - DEBUG - Joint score for alpha[13]: 19.6408
2025-08-09 00:04:39,642 - DEBUG - Joint score for alpha[14]: 19.2468
2025-08-09 00:04:43,137 - DEBUG - Joint score for alpha[15]: 19.9574
2025-08-09 00:04:46,656 - DEBUG - Joint score for alpha[0]: 19.2515
2025-08-09 00:04:50,153 - DEBUG - Joint score for alpha[1]: 18.9243
2025-08-09 00:04:53,648 - DEBUG - Joint score for alpha[2]: 18.6687
2025-08-09 00:04:57,144 - DEBUG - Joint score for alpha[3]: 19.1508
2025-08-09 00:05:00,639 - DEBUG - Joint score for alpha[4]: 18.8314
2025-08-09 00:05:04,135 - DEBUG - Joint score for alpha[5]: 19.0841
2025-08-09 00:05:07,629 - DEBUG - Joint score for alpha[6]: 19.0301
2025-08-09 00:05:11,124 - DEBUG - Joint score for alpha[7]: 19.1066
2025-08-09 00:05:14,619 - DEBUG - Joint score for alpha[8]: 18.9343
2025-08-09 00:05:18,114 - DEBUG - Joint score for alpha[9]: 18.8119
2025-08-09 00:05:21,610 - DEBUG - Joint score for alpha[10]: 18.8258
2025-08-09 00:05:25,105 - DEBUG - Joint score for alpha[11]: 19.3108
2025-08-09 00:05:28,602 - DEBUG - Joint score for alpha[12]: 19.3028
2025-08-09 00:05:32,097 - DEBUG - Joint score for alpha[13]: 18.6551
2025-08-09 00:05:35,593 - DEBUG - Joint score for alpha[14]: 18.7275
2025-08-09 00:05:39,089 - DEBUG - Joint score for alpha[15]: 19.4717
2025-08-09 00:05:42,609 - DEBUG - Joint score for alpha[0]: 19.8902
2025-08-09 00:05:46,107 - DEBUG - Joint score for alpha[1]: 19.3027
2025-08-09 00:05:49,603 - DEBUG - Joint score for alpha[2]: 19.3363
2025-08-09 00:05:53,097 - DEBUG - Joint score for alpha[3]: 19.2812
2025-08-09 00:05:56,592 - DEBUG - Joint score for alpha[4]: 19.2951
2025-08-09 00:06:00,087 - DEBUG - Joint score for alpha[5]: 19.0832
2025-08-09 00:06:03,584 - DEBUG - Joint score for alpha[6]: 19.6094
2025-08-09 00:06:07,080 - DEBUG - Joint score for alpha[7]: 19.7690
2025-08-09 00:06:10,577 - DEBUG - Joint score for alpha[8]: 19.3953
2025-08-09 00:06:14,073 - DEBUG - Joint score for alpha[9]: 19.3741
2025-08-09 00:06:17,567 - DEBUG - Joint score for alpha[10]: 19.2771
2025-08-09 00:06:21,059 - DEBUG - Joint score for alpha[11]: 19.1144
2025-08-09 00:06:24,553 - DEBUG - Joint score for alpha[12]: 19.4645
2025-08-09 00:06:28,046 - DEBUG - Joint score for alpha[13]: 19.2347
2025-08-09 00:06:31,540 - DEBUG - Joint score for alpha[14]: 19.3765
2025-08-09 00:06:35,032 - DEBUG - Joint score for alpha[15]: 18.7193
2025-08-09 00:06:38,547 - DEBUG - Joint score for alpha[0]: 19.1355
2025-08-09 00:06:42,042 - DEBUG - Joint score for alpha[1]: 19.5350
2025-08-09 00:06:45,534 - DEBUG - Joint score for alpha[2]: 19.3470
2025-08-09 00:06:49,026 - DEBUG - Joint score for alpha[3]: 19.7941
2025-08-09 00:06:52,520 - DEBUG - Joint score for alpha[4]: 19.0899
2025-08-09 00:06:56,014 - DEBUG - Joint score for alpha[5]: 19.2688
2025-08-09 00:06:59,506 - DEBUG - Joint score for alpha[6]: 19.3159
2025-08-09 00:07:03,001 - DEBUG - Joint score for alpha[7]: 18.9046
2025-08-09 00:07:06,497 - DEBUG - Joint score for alpha[8]: 19.1246
2025-08-09 00:07:09,990 - DEBUG - Joint score for alpha[9]: 19.7193
2025-08-09 00:07:13,484 - DEBUG - Joint score for alpha[10]: 19.1101
2025-08-09 00:07:16,979 - DEBUG - Joint score for alpha[11]: 19.3834
2025-08-09 00:07:20,474 - DEBUG - Joint score for alpha[12]: 19.4564
2025-08-09 00:07:23,967 - DEBUG - Joint score for alpha[13]: 20.0395
2025-08-09 00:07:27,459 - DEBUG - Joint score for alpha[14]: 19.4537
2025-08-09 00:07:30,952 - DEBUG - Joint score for alpha[15]: 18.6693
2025-08-09 00:07:34,470 - DEBUG - Joint score for alpha[0]: 19.0498
2025-08-09 00:07:37,965 - DEBUG - Joint score for alpha[1]: 19.3469
2025-08-09 00:07:41,456 - DEBUG - Joint score for alpha[2]: 19.6345
2025-08-09 00:07:44,949 - DEBUG - Joint score for alpha[3]: 19.4627
2025-08-09 00:07:48,440 - DEBUG - Joint score for alpha[4]: 19.4044
2025-08-09 00:07:51,931 - DEBUG - Joint score for alpha[5]: 19.4645
2025-08-09 00:07:55,423 - DEBUG - Joint score for alpha[6]: 20.1491
2025-08-09 00:07:58,916 - DEBUG - Joint score for alpha[7]: 19.1283
2025-08-09 00:08:02,409 - DEBUG - Joint score for alpha[8]: 19.4106
2025-08-09 00:08:05,901 - DEBUG - Joint score for alpha[9]: 19.6768
2025-08-09 00:08:09,392 - DEBUG - Joint score for alpha[10]: 19.5251
2025-08-09 00:08:12,883 - DEBUG - Joint score for alpha[11]: 19.4353
2025-08-09 00:08:16,375 - DEBUG - Joint score for alpha[12]: 19.3340
2025-08-09 00:08:19,867 - DEBUG - Joint score for alpha[13]: 20.0123
2025-08-09 00:08:23,360 - DEBUG - Joint score for alpha[14]: 19.7280
2025-08-09 00:08:26,853 - DEBUG - Joint score for alpha[15]: 19.2138
2025-08-09 00:08:26,895 - INFO - Step 16/120: mean ENERGY=19.4644
2025-08-09 00:08:26,898 - DEBUG - Beginning Gibbs iteration s = 16
2025-08-09 00:08:33,046 - DEBUG - Joint score for alpha[0]: 20.0228
2025-08-09 00:08:36,545 - DEBUG - Joint score for alpha[1]: 19.8254
2025-08-09 00:08:40,041 - DEBUG - Joint score for alpha[2]: 20.1433
2025-08-09 00:08:43,537 - DEBUG - Joint score for alpha[3]: 18.9724
2025-08-09 00:08:47,034 - DEBUG - Joint score for alpha[4]: 20.0815
2025-08-09 00:08:50,529 - DEBUG - Joint score for alpha[5]: 19.9293
2025-08-09 00:08:54,025 - DEBUG - Joint score for alpha[6]: 20.2434
2025-08-09 00:08:57,519 - DEBUG - Joint score for alpha[7]: 19.5132
2025-08-09 00:09:01,015 - DEBUG - Joint score for alpha[8]: 18.9675
2025-08-09 00:09:04,511 - DEBUG - Joint score for alpha[9]: 19.8305
2025-08-09 00:09:08,006 - DEBUG - Joint score for alpha[10]: 19.7508
2025-08-09 00:09:11,503 - DEBUG - Joint score for alpha[11]: 19.8347
2025-08-09 00:09:14,999 - DEBUG - Joint score for alpha[12]: 18.5265
2025-08-09 00:09:18,496 - DEBUG - Joint score for alpha[13]: 19.1500
2025-08-09 00:09:21,993 - DEBUG - Joint score for alpha[14]: 19.5482
2025-08-09 00:09:25,489 - DEBUG - Joint score for alpha[15]: 19.9964
2025-08-09 00:09:29,010 - DEBUG - Joint score for alpha[0]: 19.2106
2025-08-09 00:09:32,509 - DEBUG - Joint score for alpha[1]: 18.7031
2025-08-09 00:09:36,005 - DEBUG - Joint score for alpha[2]: 19.4406
2025-08-09 00:09:39,501 - DEBUG - Joint score for alpha[3]: 18.9514
2025-08-09 00:09:42,997 - DEBUG - Joint score for alpha[4]: 18.7326
2025-08-09 00:09:46,493 - DEBUG - Joint score for alpha[5]: 18.5622
2025-08-09 00:09:49,988 - DEBUG - Joint score for alpha[6]: 18.7095
2025-08-09 00:09:53,484 - DEBUG - Joint score for alpha[7]: 18.7749
2025-08-09 00:09:56,981 - DEBUG - Joint score for alpha[8]: 18.5843
2025-08-09 00:10:00,476 - DEBUG - Joint score for alpha[9]: 19.1959
2025-08-09 00:10:03,973 - DEBUG - Joint score for alpha[10]: 18.5303
2025-08-09 00:10:07,467 - DEBUG - Joint score for alpha[11]: 18.6199
2025-08-09 00:10:10,964 - DEBUG - Joint score for alpha[12]: 18.8030
2025-08-09 00:10:14,459 - DEBUG - Joint score for alpha[13]: 18.3117
2025-08-09 00:10:17,955 - DEBUG - Joint score for alpha[14]: 18.3770
2025-08-09 00:10:21,451 - DEBUG - Joint score for alpha[15]: 19.1502
2025-08-09 00:10:24,970 - DEBUG - Joint score for alpha[0]: 19.4725
2025-08-09 00:10:28,468 - DEBUG - Joint score for alpha[1]: 19.3563
2025-08-09 00:10:31,963 - DEBUG - Joint score for alpha[2]: 19.4137
2025-08-09 00:10:35,456 - DEBUG - Joint score for alpha[3]: 19.1286
2025-08-09 00:10:38,951 - DEBUG - Joint score for alpha[4]: 19.0852
2025-08-09 00:10:42,445 - DEBUG - Joint score for alpha[5]: 19.1564
2025-08-09 00:10:45,941 - DEBUG - Joint score for alpha[6]: 18.8345
2025-08-09 00:10:49,436 - DEBUG - Joint score for alpha[7]: 19.2678
2025-08-09 00:10:52,932 - DEBUG - Joint score for alpha[8]: 18.8701
2025-08-09 00:10:56,428 - DEBUG - Joint score for alpha[9]: 19.2423
2025-08-09 00:10:59,923 - DEBUG - Joint score for alpha[10]: 19.3112
2025-08-09 00:11:03,416 - DEBUG - Joint score for alpha[11]: 19.6467
2025-08-09 00:11:06,913 - DEBUG - Joint score for alpha[12]: 19.2233
2025-08-09 00:11:10,408 - DEBUG - Joint score for alpha[13]: 19.4260
2025-08-09 00:11:13,903 - DEBUG - Joint score for alpha[14]: 19.1225
2025-08-09 00:11:17,398 - DEBUG - Joint score for alpha[15]: 19.4608
2025-08-09 00:11:20,918 - DEBUG - Joint score for alpha[0]: 19.6450
2025-08-09 00:11:24,417 - DEBUG - Joint score for alpha[1]: 19.5294
2025-08-09 00:11:27,912 - DEBUG - Joint score for alpha[2]: 19.1176
2025-08-09 00:11:31,408 - DEBUG - Joint score for alpha[3]: 19.1253
2025-08-09 00:11:34,952 - DEBUG - Joint score for alpha[4]: 19.0306
2025-08-09 00:11:38,447 - DEBUG - Joint score for alpha[5]: 18.8642
2025-08-09 00:11:41,943 - DEBUG - Joint score for alpha[6]: 18.7026
2025-08-09 00:11:45,442 - DEBUG - Joint score for alpha[7]: 19.1187
2025-08-09 00:11:48,939 - DEBUG - Joint score for alpha[8]: 18.9298
2025-08-09 00:11:52,434 - DEBUG - Joint score for alpha[9]: 19.3353
2025-08-09 00:11:55,928 - DEBUG - Joint score for alpha[10]: 18.5721
2025-08-09 00:11:59,419 - DEBUG - Joint score for alpha[11]: 19.7574
2025-08-09 00:12:02,916 - DEBUG - Joint score for alpha[12]: 18.9570
2025-08-09 00:12:06,409 - DEBUG - Joint score for alpha[13]: 19.3316
2025-08-09 00:12:09,901 - DEBUG - Joint score for alpha[14]: 19.3047
2025-08-09 00:12:13,392 - DEBUG - Joint score for alpha[15]: 18.5317
2025-08-09 00:12:16,910 - DEBUG - Joint score for alpha[0]: 18.8973
2025-08-09 00:12:20,405 - DEBUG - Joint score for alpha[1]: 18.1282
2025-08-09 00:12:23,898 - DEBUG - Joint score for alpha[2]: 19.3132
2025-08-09 00:12:27,391 - DEBUG - Joint score for alpha[3]: 19.0429
2025-08-09 00:12:30,885 - DEBUG - Joint score for alpha[4]: 18.7376
2025-08-09 00:12:34,379 - DEBUG - Joint score for alpha[5]: 19.1833
2025-08-09 00:12:37,871 - DEBUG - Joint score for alpha[6]: 18.6606
2025-08-09 00:12:41,366 - DEBUG - Joint score for alpha[7]: 19.0740
2025-08-09 00:12:44,861 - DEBUG - Joint score for alpha[8]: 18.6162
2025-08-09 00:12:48,355 - DEBUG - Joint score for alpha[9]: 18.7719
2025-08-09 00:12:51,849 - DEBUG - Joint score for alpha[10]: 19.1023
2025-08-09 00:12:55,343 - DEBUG - Joint score for alpha[11]: 18.5845
2025-08-09 00:12:58,836 - DEBUG - Joint score for alpha[12]: 18.7572
2025-08-09 00:13:02,330 - DEBUG - Joint score for alpha[13]: 18.6917
2025-08-09 00:13:05,826 - DEBUG - Joint score for alpha[14]: 18.6675
2025-08-09 00:13:09,319 - DEBUG - Joint score for alpha[15]: 18.2333
2025-08-09 00:13:09,361 - INFO - Step 17/120: mean ENERGY=18.8089
2025-08-09 00:13:09,365 - DEBUG - Beginning Gibbs iteration s = 17
2025-08-09 00:13:15,091 - DEBUG - Joint score for alpha[0]: 18.2576
2025-08-09 00:13:18,588 - DEBUG - Joint score for alpha[1]: 18.3482
2025-08-09 00:13:22,085 - DEBUG - Joint score for alpha[2]: 19.0102
2025-08-09 00:13:25,579 - DEBUG - Joint score for alpha[3]: 18.0149
2025-08-09 00:13:29,073 - DEBUG - Joint score for alpha[4]: 17.5802
2025-08-09 00:13:32,567 - DEBUG - Joint score for alpha[5]: 18.8664
2025-08-09 00:13:36,061 - DEBUG - Joint score for alpha[6]: 18.3039
2025-08-09 00:13:39,555 - DEBUG - Joint score for alpha[7]: 18.7668
2025-08-09 00:13:43,050 - DEBUG - Joint score for alpha[8]: 17.9515
2025-08-09 00:13:46,544 - DEBUG - Joint score for alpha[9]: 19.1335
2025-08-09 00:13:50,037 - DEBUG - Joint score for alpha[10]: 17.4864
2025-08-09 00:13:53,531 - DEBUG - Joint score for alpha[11]: 18.1757
2025-08-09 00:13:57,024 - DEBUG - Joint score for alpha[12]: 17.6759
2025-08-09 00:14:00,518 - DEBUG - Joint score for alpha[13]: 18.6639
2025-08-09 00:14:04,013 - DEBUG - Joint score for alpha[14]: 17.9973
2025-08-09 00:14:07,506 - DEBUG - Joint score for alpha[15]: 17.8932
2025-08-09 00:14:11,024 - DEBUG - Joint score for alpha[0]: 17.7327
2025-08-09 00:14:14,519 - DEBUG - Joint score for alpha[1]: 17.7338
2025-08-09 00:14:18,013 - DEBUG - Joint score for alpha[2]: 18.4379
2025-08-09 00:14:21,507 - DEBUG - Joint score for alpha[3]: 17.7982
2025-08-09 00:14:24,999 - DEBUG - Joint score for alpha[4]: 18.2658
2025-08-09 00:14:28,493 - DEBUG - Joint score for alpha[5]: 18.4444
2025-08-09 00:14:31,983 - DEBUG - Joint score for alpha[6]: 18.2847
2025-08-09 00:14:35,476 - DEBUG - Joint score for alpha[7]: 17.6228
2025-08-09 00:14:38,969 - DEBUG - Joint score for alpha[8]: 17.9197
2025-08-09 00:14:42,462 - DEBUG - Joint score for alpha[9]: 18.2785
2025-08-09 00:14:45,956 - DEBUG - Joint score for alpha[10]: 17.4943
2025-08-09 00:14:49,449 - DEBUG - Joint score for alpha[11]: 17.9485
2025-08-09 00:14:52,942 - DEBUG - Joint score for alpha[12]: 18.3994
2025-08-09 00:14:56,434 - DEBUG - Joint score for alpha[13]: 17.5624
2025-08-09 00:14:59,927 - DEBUG - Joint score for alpha[14]: 17.9801
2025-08-09 00:15:03,419 - DEBUG - Joint score for alpha[15]: 17.8838
2025-08-09 00:15:06,935 - DEBUG - Joint score for alpha[0]: 17.8306
2025-08-09 00:15:10,429 - DEBUG - Joint score for alpha[1]: 17.9519
2025-08-09 00:15:13,921 - DEBUG - Joint score for alpha[2]: 17.8172
2025-08-09 00:15:17,411 - DEBUG - Joint score for alpha[3]: 17.5791
2025-08-09 00:15:20,903 - DEBUG - Joint score for alpha[4]: 17.7244
2025-08-09 00:15:24,393 - DEBUG - Joint score for alpha[5]: 18.2497
2025-08-09 00:15:27,886 - DEBUG - Joint score for alpha[6]: 18.2519
2025-08-09 00:15:31,378 - DEBUG - Joint score for alpha[7]: 18.1087
2025-08-09 00:15:34,872 - DEBUG - Joint score for alpha[8]: 17.9335
2025-08-09 00:15:38,363 - DEBUG - Joint score for alpha[9]: 17.7920
2025-08-09 00:15:41,856 - DEBUG - Joint score for alpha[10]: 17.9247
2025-08-09 00:15:45,347 - DEBUG - Joint score for alpha[11]: 17.8322
2025-08-09 00:15:48,840 - DEBUG - Joint score for alpha[12]: 17.7338
2025-08-09 00:15:52,332 - DEBUG - Joint score for alpha[13]: 18.0281
2025-08-09 00:15:55,825 - DEBUG - Joint score for alpha[14]: 18.2335
2025-08-09 00:15:59,317 - DEBUG - Joint score for alpha[15]: 17.8423
2025-08-09 00:16:02,835 - DEBUG - Joint score for alpha[0]: 18.7560
2025-08-09 00:16:06,330 - DEBUG - Joint score for alpha[1]: 18.2914
2025-08-09 00:16:09,823 - DEBUG - Joint score for alpha[2]: 18.2868
2025-08-09 00:16:13,315 - DEBUG - Joint score for alpha[3]: 18.0833
2025-08-09 00:16:16,809 - DEBUG - Joint score for alpha[4]: 18.0945
2025-08-09 00:16:20,302 - DEBUG - Joint score for alpha[5]: 18.3351
2025-08-09 00:16:23,793 - DEBUG - Joint score for alpha[6]: 17.7398
2025-08-09 00:16:27,286 - DEBUG - Joint score for alpha[7]: 18.0132
2025-08-09 00:16:30,780 - DEBUG - Joint score for alpha[8]: 18.1093
2025-08-09 00:16:34,272 - DEBUG - Joint score for alpha[9]: 18.6448
2025-08-09 00:16:37,765 - DEBUG - Joint score for alpha[10]: 17.7958
2025-08-09 00:16:41,258 - DEBUG - Joint score for alpha[11]: 18.0190
2025-08-09 00:16:44,751 - DEBUG - Joint score for alpha[12]: 18.5444
2025-08-09 00:16:48,244 - DEBUG - Joint score for alpha[13]: 17.8760
2025-08-09 00:16:51,736 - DEBUG - Joint score for alpha[14]: 18.1858
2025-08-09 00:16:55,228 - DEBUG - Joint score for alpha[15]: 18.3667
2025-08-09 00:16:58,746 - DEBUG - Joint score for alpha[0]: 17.2505
2025-08-09 00:17:02,240 - DEBUG - Joint score for alpha[1]: 17.7379
2025-08-09 00:17:05,733 - DEBUG - Joint score for alpha[2]: 17.4904
2025-08-09 00:17:09,225 - DEBUG - Joint score for alpha[3]: 17.6624
2025-08-09 00:17:12,716 - DEBUG - Joint score for alpha[4]: 18.2451
2025-08-09 00:17:16,209 - DEBUG - Joint score for alpha[5]: 17.7124
2025-08-09 00:17:19,700 - DEBUG - Joint score for alpha[6]: 19.0997
2025-08-09 00:17:23,194 - DEBUG - Joint score for alpha[7]: 17.4646
2025-08-09 00:17:26,687 - DEBUG - Joint score for alpha[8]: 17.0192
2025-08-09 00:17:30,180 - DEBUG - Joint score for alpha[9]: 17.9875
2025-08-09 00:17:33,672 - DEBUG - Joint score for alpha[10]: 16.9759
2025-08-09 00:17:37,164 - DEBUG - Joint score for alpha[11]: 17.2933
2025-08-09 00:17:40,657 - DEBUG - Joint score for alpha[12]: 17.4434
2025-08-09 00:17:44,149 - DEBUG - Joint score for alpha[13]: 17.3002
2025-08-09 00:17:47,642 - DEBUG - Joint score for alpha[14]: 17.9288
2025-08-09 00:17:51,135 - DEBUG - Joint score for alpha[15]: 17.6677
2025-08-09 00:17:51,176 - INFO - Step 18/120: mean ENERGY=18.0920
2025-08-09 00:17:51,178 - DEBUG - Beginning Gibbs iteration s = 18
2025-08-09 00:17:56,380 - DEBUG - Joint score for alpha[0]: 18.3068
2025-08-09 00:17:59,877 - DEBUG - Joint score for alpha[1]: 19.0225
2025-08-09 00:18:03,373 - DEBUG - Joint score for alpha[2]: 18.0009
2025-08-09 00:18:06,867 - DEBUG - Joint score for alpha[3]: 18.4164
2025-08-09 00:18:10,360 - DEBUG - Joint score for alpha[4]: 18.2209
2025-08-09 00:18:13,852 - DEBUG - Joint score for alpha[5]: 19.0742
2025-08-09 00:18:17,344 - DEBUG - Joint score for alpha[6]: 18.8977
2025-08-09 00:18:20,836 - DEBUG - Joint score for alpha[7]: 18.3552
2025-08-09 00:18:24,329 - DEBUG - Joint score for alpha[8]: 18.5004
2025-08-09 00:18:27,822 - DEBUG - Joint score for alpha[9]: 18.4492
2025-08-09 00:18:31,313 - DEBUG - Joint score for alpha[10]: 18.6420
2025-08-09 00:18:34,807 - DEBUG - Joint score for alpha[11]: 18.7447
2025-08-09 00:18:38,299 - DEBUG - Joint score for alpha[12]: 19.0994
2025-08-09 00:18:41,791 - DEBUG - Joint score for alpha[13]: 18.3229
2025-08-09 00:18:45,282 - DEBUG - Joint score for alpha[14]: 17.9939
2025-08-09 00:18:48,774 - DEBUG - Joint score for alpha[15]: 18.5628
2025-08-09 00:18:52,290 - DEBUG - Joint score for alpha[0]: 18.1187
2025-08-09 00:18:55,784 - DEBUG - Joint score for alpha[1]: 18.3120
2025-08-09 00:18:59,277 - DEBUG - Joint score for alpha[2]: 18.0810
2025-08-09 00:19:02,771 - DEBUG - Joint score for alpha[3]: 18.3789
2025-08-09 00:19:06,262 - DEBUG - Joint score for alpha[4]: 18.7118
2025-08-09 00:19:09,755 - DEBUG - Joint score for alpha[5]: 18.2238
2025-08-09 00:19:13,246 - DEBUG - Joint score for alpha[6]: 18.0358
2025-08-09 00:19:16,737 - DEBUG - Joint score for alpha[7]: 17.5710
2025-08-09 00:19:20,229 - DEBUG - Joint score for alpha[8]: 18.6146
2025-08-09 00:19:23,719 - DEBUG - Joint score for alpha[9]: 18.3164
2025-08-09 00:19:27,212 - DEBUG - Joint score for alpha[10]: 18.6955
2025-08-09 00:19:30,704 - DEBUG - Joint score for alpha[11]: 18.1994
2025-08-09 00:19:34,196 - DEBUG - Joint score for alpha[12]: 18.7051
2025-08-09 00:19:37,686 - DEBUG - Joint score for alpha[13]: 18.3611
2025-08-09 00:19:41,179 - DEBUG - Joint score for alpha[14]: 18.2905
2025-08-09 00:19:44,671 - DEBUG - Joint score for alpha[15]: 18.2101
2025-08-09 00:19:48,185 - DEBUG - Joint score for alpha[0]: 17.8912
2025-08-09 00:19:51,679 - DEBUG - Joint score for alpha[1]: 17.9799
2025-08-09 00:19:55,171 - DEBUG - Joint score for alpha[2]: 18.3972
2025-08-09 00:19:58,660 - DEBUG - Joint score for alpha[3]: 17.9028
2025-08-09 00:20:02,152 - DEBUG - Joint score for alpha[4]: 17.7439
2025-08-09 00:20:05,642 - DEBUG - Joint score for alpha[5]: 18.3534
2025-08-09 00:20:09,133 - DEBUG - Joint score for alpha[6]: 18.0793
2025-08-09 00:20:12,624 - DEBUG - Joint score for alpha[7]: 18.4615
2025-08-09 00:20:16,116 - DEBUG - Joint score for alpha[8]: 18.4913
2025-08-09 00:20:19,606 - DEBUG - Joint score for alpha[9]: 17.7394
2025-08-09 00:20:23,096 - DEBUG - Joint score for alpha[10]: 18.1920
2025-08-09 00:20:26,585 - DEBUG - Joint score for alpha[11]: 18.1352
2025-08-09 00:20:30,076 - DEBUG - Joint score for alpha[12]: 18.2199
2025-08-09 00:20:33,568 - DEBUG - Joint score for alpha[13]: 17.7364
2025-08-09 00:20:37,060 - DEBUG - Joint score for alpha[14]: 17.8744
2025-08-09 00:20:40,550 - DEBUG - Joint score for alpha[15]: 18.7762
2025-08-09 00:20:44,066 - DEBUG - Joint score for alpha[0]: 17.5204
2025-08-09 00:20:47,562 - DEBUG - Joint score for alpha[1]: 17.9571
2025-08-09 00:20:51,054 - DEBUG - Joint score for alpha[2]: 18.1693
2025-08-09 00:20:54,546 - DEBUG - Joint score for alpha[3]: 18.0101
2025-08-09 00:20:58,038 - DEBUG - Joint score for alpha[4]: 18.0122
2025-08-09 00:21:01,531 - DEBUG - Joint score for alpha[5]: 17.3098
2025-08-09 00:21:05,022 - DEBUG - Joint score for alpha[6]: 18.4421
2025-08-09 00:21:08,514 - DEBUG - Joint score for alpha[7]: 17.6503
2025-08-09 00:21:12,006 - DEBUG - Joint score for alpha[8]: 18.1877
2025-08-09 00:21:15,497 - DEBUG - Joint score for alpha[9]: 17.9295
2025-08-09 00:21:18,989 - DEBUG - Joint score for alpha[10]: 18.4150
2025-08-09 00:21:22,482 - DEBUG - Joint score for alpha[11]: 17.8727
2025-08-09 00:21:25,975 - DEBUG - Joint score for alpha[12]: 18.5180
2025-08-09 00:21:29,512 - DEBUG - Joint score for alpha[13]: 18.1397
2025-08-09 00:21:33,010 - DEBUG - Joint score for alpha[14]: 18.1730
2025-08-09 00:21:36,507 - DEBUG - Joint score for alpha[15]: 18.8832
2025-08-09 00:21:40,028 - DEBUG - Joint score for alpha[0]: 17.3726
2025-08-09 00:21:43,528 - DEBUG - Joint score for alpha[1]: 18.6009
2025-08-09 00:21:47,024 - DEBUG - Joint score for alpha[2]: 17.3458
2025-08-09 00:21:50,519 - DEBUG - Joint score for alpha[3]: 17.6603
2025-08-09 00:21:54,013 - DEBUG - Joint score for alpha[4]: 18.0864
2025-08-09 00:21:57,510 - DEBUG - Joint score for alpha[5]: 17.5432
2025-08-09 00:22:01,007 - DEBUG - Joint score for alpha[6]: 18.1655
2025-08-09 00:22:04,501 - DEBUG - Joint score for alpha[7]: 18.5106
2025-08-09 00:22:07,998 - DEBUG - Joint score for alpha[8]: 17.4492
2025-08-09 00:22:11,491 - DEBUG - Joint score for alpha[9]: 17.5948
2025-08-09 00:22:14,987 - DEBUG - Joint score for alpha[10]: 17.3235
2025-08-09 00:22:18,480 - DEBUG - Joint score for alpha[11]: 17.1170
2025-08-09 00:22:21,973 - DEBUG - Joint score for alpha[12]: 17.9438
2025-08-09 00:22:25,465 - DEBUG - Joint score for alpha[13]: 17.8215
2025-08-09 00:22:28,959 - DEBUG - Joint score for alpha[14]: 17.2692
2025-08-09 00:22:32,450 - DEBUG - Joint score for alpha[15]: 17.4717
2025-08-09 00:22:32,492 - INFO - Step 19/120: mean ENERGY=17.8430
2025-08-09 00:22:32,496 - DEBUG - Beginning Gibbs iteration s = 19
2025-08-09 00:22:40,206 - DEBUG - Joint score for alpha[0]: 16.2557
2025-08-09 00:22:43,703 - DEBUG - Joint score for alpha[1]: 16.5464
2025-08-09 00:22:47,198 - DEBUG - Joint score for alpha[2]: 16.6848
2025-08-09 00:22:50,692 - DEBUG - Joint score for alpha[3]: 16.9620
2025-08-09 00:22:54,188 - DEBUG - Joint score for alpha[4]: 17.0056
2025-08-09 00:22:57,682 - DEBUG - Joint score for alpha[5]: 17.1075
2025-08-09 00:23:01,177 - DEBUG - Joint score for alpha[6]: 17.3105
2025-08-09 00:23:04,672 - DEBUG - Joint score for alpha[7]: 16.6452
2025-08-09 00:23:08,168 - DEBUG - Joint score for alpha[8]: 16.6433
2025-08-09 00:23:11,664 - DEBUG - Joint score for alpha[9]: 17.8801
2025-08-09 00:23:15,159 - DEBUG - Joint score for alpha[10]: 16.8371
2025-08-09 00:23:18,656 - DEBUG - Joint score for alpha[11]: 17.2431
2025-08-09 00:23:22,152 - DEBUG - Joint score for alpha[12]: 17.3147
2025-08-09 00:23:25,648 - DEBUG - Joint score for alpha[13]: 17.3642
2025-08-09 00:23:29,144 - DEBUG - Joint score for alpha[14]: 17.3442
2025-08-09 00:23:32,640 - DEBUG - Joint score for alpha[15]: 16.9992
2025-08-09 00:23:36,160 - DEBUG - Joint score for alpha[0]: 16.9410
2025-08-09 00:23:39,658 - DEBUG - Joint score for alpha[1]: 16.3556
2025-08-09 00:23:43,154 - DEBUG - Joint score for alpha[2]: 16.4441
2025-08-09 00:23:46,649 - DEBUG - Joint score for alpha[3]: 16.8900
2025-08-09 00:23:50,144 - DEBUG - Joint score for alpha[4]: 16.6130
2025-08-09 00:23:53,640 - DEBUG - Joint score for alpha[5]: 16.9878
2025-08-09 00:23:57,135 - DEBUG - Joint score for alpha[6]: 16.4511
2025-08-09 00:24:00,630 - DEBUG - Joint score for alpha[7]: 17.1162
2025-08-09 00:24:04,127 - DEBUG - Joint score for alpha[8]: 16.4675
2025-08-09 00:24:07,621 - DEBUG - Joint score for alpha[9]: 16.6940
2025-08-09 00:24:11,118 - DEBUG - Joint score for alpha[10]: 16.6610
2025-08-09 00:24:14,613 - DEBUG - Joint score for alpha[11]: 16.4198
2025-08-09 00:24:18,109 - DEBUG - Joint score for alpha[12]: 16.5290
2025-08-09 00:24:21,605 - DEBUG - Joint score for alpha[13]: 16.5490
2025-08-09 00:24:25,100 - DEBUG - Joint score for alpha[14]: 17.0140
2025-08-09 00:24:28,597 - DEBUG - Joint score for alpha[15]: 16.5609
2025-08-09 00:24:32,115 - DEBUG - Joint score for alpha[0]: 16.9438
2025-08-09 00:24:35,612 - DEBUG - Joint score for alpha[1]: 17.3382
2025-08-09 00:24:39,108 - DEBUG - Joint score for alpha[2]: 16.8085
2025-08-09 00:24:42,601 - DEBUG - Joint score for alpha[3]: 17.1220
2025-08-09 00:24:46,096 - DEBUG - Joint score for alpha[4]: 16.5527
2025-08-09 00:24:49,590 - DEBUG - Joint score for alpha[5]: 17.2179
2025-08-09 00:24:53,087 - DEBUG - Joint score for alpha[6]: 16.6931
2025-08-09 00:24:56,581 - DEBUG - Joint score for alpha[7]: 17.1266
2025-08-09 00:25:00,077 - DEBUG - Joint score for alpha[8]: 17.0425
2025-08-09 00:25:03,571 - DEBUG - Joint score for alpha[9]: 16.7064
2025-08-09 00:25:07,067 - DEBUG - Joint score for alpha[10]: 16.7242
2025-08-09 00:25:10,560 - DEBUG - Joint score for alpha[11]: 16.7313
2025-08-09 00:25:14,055 - DEBUG - Joint score for alpha[12]: 16.8404
2025-08-09 00:25:17,550 - DEBUG - Joint score for alpha[13]: 17.0329
2025-08-09 00:25:21,046 - DEBUG - Joint score for alpha[14]: 16.9052
2025-08-09 00:25:24,540 - DEBUG - Joint score for alpha[15]: 16.7856
2025-08-09 00:25:28,059 - DEBUG - Joint score for alpha[0]: 16.8374
2025-08-09 00:25:31,557 - DEBUG - Joint score for alpha[1]: 17.0051
2025-08-09 00:25:35,053 - DEBUG - Joint score for alpha[2]: 16.8254
2025-08-09 00:25:38,549 - DEBUG - Joint score for alpha[3]: 17.0927
2025-08-09 00:25:42,047 - DEBUG - Joint score for alpha[4]: 16.7469
2025-08-09 00:25:45,544 - DEBUG - Joint score for alpha[5]: 16.9183
2025-08-09 00:25:49,039 - DEBUG - Joint score for alpha[6]: 16.7159
2025-08-09 00:25:52,536 - DEBUG - Joint score for alpha[7]: 16.8555
2025-08-09 00:25:56,033 - DEBUG - Joint score for alpha[8]: 16.5320
2025-08-09 00:25:59,529 - DEBUG - Joint score for alpha[9]: 16.7782
2025-08-09 00:26:03,026 - DEBUG - Joint score for alpha[10]: 16.7470
2025-08-09 00:26:06,523 - DEBUG - Joint score for alpha[11]: 16.7291
2025-08-09 00:26:10,020 - DEBUG - Joint score for alpha[12]: 16.7126
2025-08-09 00:26:13,516 - DEBUG - Joint score for alpha[13]: 16.7162
2025-08-09 00:26:17,011 - DEBUG - Joint score for alpha[14]: 16.5162
2025-08-09 00:26:20,508 - DEBUG - Joint score for alpha[15]: 16.7596
2025-08-09 00:26:24,031 - DEBUG - Joint score for alpha[0]: 16.9857
2025-08-09 00:26:27,530 - DEBUG - Joint score for alpha[1]: 16.9472
2025-08-09 00:26:31,027 - DEBUG - Joint score for alpha[2]: 15.9353
2025-08-09 00:26:34,525 - DEBUG - Joint score for alpha[3]: 16.7785
2025-08-09 00:26:38,019 - DEBUG - Joint score for alpha[4]: 16.4094
2025-08-09 00:26:41,511 - DEBUG - Joint score for alpha[5]: 16.3900
2025-08-09 00:26:45,004 - DEBUG - Joint score for alpha[6]: 16.3574
2025-08-09 00:26:48,498 - DEBUG - Joint score for alpha[7]: 16.5147
2025-08-09 00:26:51,990 - DEBUG - Joint score for alpha[8]: 16.3177
2025-08-09 00:26:55,483 - DEBUG - Joint score for alpha[9]: 16.1492
2025-08-09 00:26:58,975 - DEBUG - Joint score for alpha[10]: 16.7073
2025-08-09 00:27:02,467 - DEBUG - Joint score for alpha[11]: 16.3509
2025-08-09 00:27:05,958 - DEBUG - Joint score for alpha[12]: 16.9555
2025-08-09 00:27:09,450 - DEBUG - Joint score for alpha[13]: 16.7380
2025-08-09 00:27:12,941 - DEBUG - Joint score for alpha[14]: 16.4099
2025-08-09 00:27:16,433 - DEBUG - Joint score for alpha[15]: 16.6479
2025-08-09 00:27:16,475 - INFO - Step 20/120: mean ENERGY=16.6684
2025-08-09 00:27:16,477 - DEBUG - Beginning Gibbs iteration s = 20
2025-08-09 00:27:17,420 - DEBUG - Proposal variance adapted: 0.052
2025-08-09 00:27:20,878 - DEBUG - Joint score for alpha[0]: 15.8487
2025-08-09 00:27:24,377 - DEBUG - Joint score for alpha[1]: 16.0979
2025-08-09 00:27:27,874 - DEBUG - Joint score for alpha[2]: 16.2390
2025-08-09 00:27:31,371 - DEBUG - Joint score for alpha[3]: 16.1630
2025-08-09 00:27:34,867 - DEBUG - Joint score for alpha[4]: 16.3506
2025-08-09 00:27:38,361 - DEBUG - Joint score for alpha[5]: 15.9718
2025-08-09 00:27:41,855 - DEBUG - Joint score for alpha[6]: 16.1324
2025-08-09 00:27:45,347 - DEBUG - Joint score for alpha[7]: 16.2398
2025-08-09 00:27:48,840 - DEBUG - Joint score for alpha[8]: 16.2066
2025-08-09 00:27:52,333 - DEBUG - Joint score for alpha[9]: 16.0930
2025-08-09 00:27:55,825 - DEBUG - Joint score for alpha[10]: 15.8791
2025-08-09 00:27:59,319 - DEBUG - Joint score for alpha[11]: 15.9019
2025-08-09 00:28:02,811 - DEBUG - Joint score for alpha[12]: 15.8601
2025-08-09 00:28:06,304 - DEBUG - Joint score for alpha[13]: 15.8514
2025-08-09 00:28:09,796 - DEBUG - Joint score for alpha[14]: 16.5575
2025-08-09 00:28:13,288 - DEBUG - Joint score for alpha[15]: 16.3536
2025-08-09 00:28:16,806 - DEBUG - Joint score for alpha[0]: 16.3160
2025-08-09 00:28:20,301 - DEBUG - Joint score for alpha[1]: 16.0466
2025-08-09 00:28:23,794 - DEBUG - Joint score for alpha[2]: 16.1826
2025-08-09 00:28:27,289 - DEBUG - Joint score for alpha[3]: 16.0781
2025-08-09 00:28:30,782 - DEBUG - Joint score for alpha[4]: 16.1254
2025-08-09 00:28:34,276 - DEBUG - Joint score for alpha[5]: 15.9530
2025-08-09 00:28:37,767 - DEBUG - Joint score for alpha[6]: 16.1309
2025-08-09 00:28:41,260 - DEBUG - Joint score for alpha[7]: 16.1136
2025-08-09 00:28:44,754 - DEBUG - Joint score for alpha[8]: 16.0701
2025-08-09 00:28:48,247 - DEBUG - Joint score for alpha[9]: 16.1312
2025-08-09 00:28:51,741 - DEBUG - Joint score for alpha[10]: 16.1078
2025-08-09 00:28:55,233 - DEBUG - Joint score for alpha[11]: 16.1279
2025-08-09 00:28:58,727 - DEBUG - Joint score for alpha[12]: 15.9187
2025-08-09 00:29:02,219 - DEBUG - Joint score for alpha[13]: 16.2569
2025-08-09 00:29:05,712 - DEBUG - Joint score for alpha[14]: 15.7803
2025-08-09 00:29:09,206 - DEBUG - Joint score for alpha[15]: 16.3527
2025-08-09 00:29:12,721 - DEBUG - Joint score for alpha[0]: 16.2478
2025-08-09 00:29:16,215 - DEBUG - Joint score for alpha[1]: 15.9213
2025-08-09 00:29:19,708 - DEBUG - Joint score for alpha[2]: 16.1827
2025-08-09 00:29:23,199 - DEBUG - Joint score for alpha[3]: 16.1978
2025-08-09 00:29:26,695 - DEBUG - Joint score for alpha[4]: 16.1060
2025-08-09 00:29:30,189 - DEBUG - Joint score for alpha[5]: 16.2477
2025-08-09 00:29:33,686 - DEBUG - Joint score for alpha[6]: 16.3557
2025-08-09 00:29:37,182 - DEBUG - Joint score for alpha[7]: 16.0288
2025-08-09 00:29:40,680 - DEBUG - Joint score for alpha[8]: 16.0318
2025-08-09 00:29:44,175 - DEBUG - Joint score for alpha[9]: 16.4755
2025-08-09 00:29:47,670 - DEBUG - Joint score for alpha[10]: 15.9877
2025-08-09 00:29:51,165 - DEBUG - Joint score for alpha[11]: 16.5878
2025-08-09 00:29:54,662 - DEBUG - Joint score for alpha[12]: 15.9727
2025-08-09 00:29:58,158 - DEBUG - Joint score for alpha[13]: 16.0833
2025-08-09 00:30:01,655 - DEBUG - Joint score for alpha[14]: 16.0538
2025-08-09 00:30:05,151 - DEBUG - Joint score for alpha[15]: 16.4012
2025-08-09 00:30:08,671 - DEBUG - Joint score for alpha[0]: 15.9063
2025-08-09 00:30:12,171 - DEBUG - Joint score for alpha[1]: 15.8802
2025-08-09 00:30:15,667 - DEBUG - Joint score for alpha[2]: 15.9826
2025-08-09 00:30:19,164 - DEBUG - Joint score for alpha[3]: 16.2004
2025-08-09 00:30:22,662 - DEBUG - Joint score for alpha[4]: 15.9451
2025-08-09 00:30:26,160 - DEBUG - Joint score for alpha[5]: 15.6633
2025-08-09 00:30:29,655 - DEBUG - Joint score for alpha[6]: 16.1234
2025-08-09 00:30:33,153 - DEBUG - Joint score for alpha[7]: 16.1177
2025-08-09 00:30:36,652 - DEBUG - Joint score for alpha[8]: 15.9554
2025-08-09 00:30:40,149 - DEBUG - Joint score for alpha[9]: 16.0880
2025-08-09 00:30:43,645 - DEBUG - Joint score for alpha[10]: 15.8420
2025-08-09 00:30:47,138 - DEBUG - Joint score for alpha[11]: 15.7740
2025-08-09 00:30:50,633 - DEBUG - Joint score for alpha[12]: 16.1640
2025-08-09 00:30:54,126 - DEBUG - Joint score for alpha[13]: 15.8705
2025-08-09 00:30:57,618 - DEBUG - Joint score for alpha[14]: 15.8386
2025-08-09 00:31:01,111 - DEBUG - Joint score for alpha[15]: 16.4175
2025-08-09 00:31:04,629 - DEBUG - Joint score for alpha[0]: 15.8918
2025-08-09 00:31:08,124 - DEBUG - Joint score for alpha[1]: 15.9136
2025-08-09 00:31:11,617 - DEBUG - Joint score for alpha[2]: 15.8606
2025-08-09 00:31:15,111 - DEBUG - Joint score for alpha[3]: 15.4914
2025-08-09 00:31:18,602 - DEBUG - Joint score for alpha[4]: 15.9647
2025-08-09 00:31:22,093 - DEBUG - Joint score for alpha[5]: 15.8562
2025-08-09 00:31:25,586 - DEBUG - Joint score for alpha[6]: 15.9006
2025-08-09 00:31:29,080 - DEBUG - Joint score for alpha[7]: 15.9044
2025-08-09 00:31:32,572 - DEBUG - Joint score for alpha[8]: 15.8126
2025-08-09 00:31:36,066 - DEBUG - Joint score for alpha[9]: 15.7967
2025-08-09 00:31:39,559 - DEBUG - Joint score for alpha[10]: 15.9784
2025-08-09 00:31:43,050 - DEBUG - Joint score for alpha[11]: 15.6882
2025-08-09 00:31:46,542 - DEBUG - Joint score for alpha[12]: 15.7715
2025-08-09 00:31:50,035 - DEBUG - Joint score for alpha[13]: 16.0426
2025-08-09 00:31:53,526 - DEBUG - Joint score for alpha[14]: 15.7648
2025-08-09 00:31:57,019 - DEBUG - Joint score for alpha[15]: 15.8412
2025-08-09 00:31:57,063 - INFO - Step 21/120: mean ENERGY=15.9720
2025-08-09 00:31:57,065 - DEBUG - Beginning Gibbs iteration s = 21
2025-08-09 00:32:02,137 - DEBUG - Joint score for alpha[0]: 15.8672
2025-08-09 00:32:05,635 - DEBUG - Joint score for alpha[1]: 15.7643
2025-08-09 00:32:09,130 - DEBUG - Joint score for alpha[2]: 16.0494
2025-08-09 00:32:12,625 - DEBUG - Joint score for alpha[3]: 15.5799
2025-08-09 00:32:16,121 - DEBUG - Joint score for alpha[4]: 15.5836
2025-08-09 00:32:19,614 - DEBUG - Joint score for alpha[5]: 15.8061
2025-08-09 00:32:23,110 - DEBUG - Joint score for alpha[6]: 15.9809
2025-08-09 00:32:26,603 - DEBUG - Joint score for alpha[7]: 15.7749
2025-08-09 00:32:30,098 - DEBUG - Joint score for alpha[8]: 15.5267
2025-08-09 00:32:33,594 - DEBUG - Joint score for alpha[9]: 15.8695
2025-08-09 00:32:37,087 - DEBUG - Joint score for alpha[10]: 16.4030
2025-08-09 00:32:40,581 - DEBUG - Joint score for alpha[11]: 15.9806
2025-08-09 00:32:44,075 - DEBUG - Joint score for alpha[12]: 15.9982
2025-08-09 00:32:47,570 - DEBUG - Joint score for alpha[13]: 16.0308
2025-08-09 00:32:51,065 - DEBUG - Joint score for alpha[14]: 15.7311
2025-08-09 00:32:54,558 - DEBUG - Joint score for alpha[15]: 16.1228
2025-08-09 00:32:58,078 - DEBUG - Joint score for alpha[0]: 16.3707
2025-08-09 00:33:01,575 - DEBUG - Joint score for alpha[1]: 16.1951
2025-08-09 00:33:05,069 - DEBUG - Joint score for alpha[2]: 16.2317
2025-08-09 00:33:08,564 - DEBUG - Joint score for alpha[3]: 16.2627
2025-08-09 00:33:12,058 - DEBUG - Joint score for alpha[4]: 16.2275
2025-08-09 00:33:15,555 - DEBUG - Joint score for alpha[5]: 16.1632
2025-08-09 00:33:19,047 - DEBUG - Joint score for alpha[6]: 15.9675
2025-08-09 00:33:22,538 - DEBUG - Joint score for alpha[7]: 15.8869
2025-08-09 00:33:26,069 - DEBUG - Joint score for alpha[8]: 16.2497
2025-08-09 00:33:29,562 - DEBUG - Joint score for alpha[9]: 16.0778
2025-08-09 00:33:33,055 - DEBUG - Joint score for alpha[10]: 15.9122
2025-08-09 00:33:36,547 - DEBUG - Joint score for alpha[11]: 16.1445
2025-08-09 00:33:40,040 - DEBUG - Joint score for alpha[12]: 16.0553
2025-08-09 00:33:43,533 - DEBUG - Joint score for alpha[13]: 16.2796
2025-08-09 00:33:47,026 - DEBUG - Joint score for alpha[14]: 16.0546
2025-08-09 00:33:50,519 - DEBUG - Joint score for alpha[15]: 16.1384
2025-08-09 00:33:54,035 - DEBUG - Joint score for alpha[0]: 15.9805
2025-08-09 00:33:57,528 - DEBUG - Joint score for alpha[1]: 15.8718
2025-08-09 00:34:01,020 - DEBUG - Joint score for alpha[2]: 16.1252
2025-08-09 00:34:04,513 - DEBUG - Joint score for alpha[3]: 16.2498
2025-08-09 00:34:08,008 - DEBUG - Joint score for alpha[4]: 15.9813
2025-08-09 00:34:11,501 - DEBUG - Joint score for alpha[5]: 16.0086
2025-08-09 00:34:14,997 - DEBUG - Joint score for alpha[6]: 16.2015
2025-08-09 00:34:18,493 - DEBUG - Joint score for alpha[7]: 16.2746
2025-08-09 00:34:21,988 - DEBUG - Joint score for alpha[8]: 15.9222
2025-08-09 00:34:25,482 - DEBUG - Joint score for alpha[9]: 16.0807
2025-08-09 00:34:28,977 - DEBUG - Joint score for alpha[10]: 15.8954
2025-08-09 00:34:32,471 - DEBUG - Joint score for alpha[11]: 16.1248
2025-08-09 00:34:35,969 - DEBUG - Joint score for alpha[12]: 16.4429
2025-08-09 00:34:39,465 - DEBUG - Joint score for alpha[13]: 16.3093
2025-08-09 00:34:42,962 - DEBUG - Joint score for alpha[14]: 15.9460
2025-08-09 00:34:46,458 - DEBUG - Joint score for alpha[15]: 16.1086
2025-08-09 00:34:49,978 - DEBUG - Joint score for alpha[0]: 16.0159
2025-08-09 00:34:53,475 - DEBUG - Joint score for alpha[1]: 15.8673
2025-08-09 00:34:56,970 - DEBUG - Joint score for alpha[2]: 16.1681
2025-08-09 00:35:00,465 - DEBUG - Joint score for alpha[3]: 16.3735
2025-08-09 00:35:03,960 - DEBUG - Joint score for alpha[4]: 16.2585
2025-08-09 00:35:07,453 - DEBUG - Joint score for alpha[5]: 15.8664
2025-08-09 00:35:10,947 - DEBUG - Joint score for alpha[6]: 15.8463
2025-08-09 00:35:14,441 - DEBUG - Joint score for alpha[7]: 16.2134
2025-08-09 00:35:17,937 - DEBUG - Joint score for alpha[8]: 16.4063
2025-08-09 00:35:21,430 - DEBUG - Joint score for alpha[9]: 16.1703
2025-08-09 00:35:24,924 - DEBUG - Joint score for alpha[10]: 16.0215
2025-08-09 00:35:28,417 - DEBUG - Joint score for alpha[11]: 15.9007
2025-08-09 00:35:31,910 - DEBUG - Joint score for alpha[12]: 16.4322
2025-08-09 00:35:35,404 - DEBUG - Joint score for alpha[13]: 15.8405
2025-08-09 00:35:38,898 - DEBUG - Joint score for alpha[14]: 15.8945
2025-08-09 00:35:42,391 - DEBUG - Joint score for alpha[15]: 15.9410
2025-08-09 00:35:45,910 - DEBUG - Joint score for alpha[0]: 16.0458
2025-08-09 00:35:49,406 - DEBUG - Joint score for alpha[1]: 16.0205
2025-08-09 00:35:52,900 - DEBUG - Joint score for alpha[2]: 16.2466
2025-08-09 00:35:56,394 - DEBUG - Joint score for alpha[3]: 16.0127
2025-08-09 00:35:59,886 - DEBUG - Joint score for alpha[4]: 16.1928
2025-08-09 00:36:03,380 - DEBUG - Joint score for alpha[5]: 16.2635
2025-08-09 00:36:06,872 - DEBUG - Joint score for alpha[6]: 16.1272
2025-08-09 00:36:10,366 - DEBUG - Joint score for alpha[7]: 16.2823
2025-08-09 00:36:13,859 - DEBUG - Joint score for alpha[8]: 16.1530
2025-08-09 00:36:17,352 - DEBUG - Joint score for alpha[9]: 16.2863
2025-08-09 00:36:20,845 - DEBUG - Joint score for alpha[10]: 16.5939
2025-08-09 00:36:24,339 - DEBUG - Joint score for alpha[11]: 16.0182
2025-08-09 00:36:27,832 - DEBUG - Joint score for alpha[12]: 16.1597
2025-08-09 00:36:31,324 - DEBUG - Joint score for alpha[13]: 15.7668
2025-08-09 00:36:34,817 - DEBUG - Joint score for alpha[14]: 16.0124
2025-08-09 00:36:38,311 - DEBUG - Joint score for alpha[15]: 16.0520
2025-08-09 00:36:38,353 - INFO - Step 22/120: mean ENERGY=16.2855
2025-08-09 00:36:38,356 - DEBUG - Beginning Gibbs iteration s = 22
2025-08-09 00:36:43,683 - DEBUG - Joint score for alpha[0]: 16.5277
2025-08-09 00:36:47,180 - DEBUG - Joint score for alpha[1]: 16.4762
2025-08-09 00:36:50,675 - DEBUG - Joint score for alpha[2]: 16.2007
2025-08-09 00:36:54,171 - DEBUG - Joint score for alpha[3]: 16.1453
2025-08-09 00:36:57,665 - DEBUG - Joint score for alpha[4]: 16.1160
2025-08-09 00:37:01,159 - DEBUG - Joint score for alpha[5]: 16.9546
2025-08-09 00:37:04,655 - DEBUG - Joint score for alpha[6]: 16.0981
2025-08-09 00:37:08,150 - DEBUG - Joint score for alpha[7]: 16.4828
2025-08-09 00:37:11,644 - DEBUG - Joint score for alpha[8]: 15.7813
2025-08-09 00:37:15,137 - DEBUG - Joint score for alpha[9]: 16.4366
2025-08-09 00:37:18,629 - DEBUG - Joint score for alpha[10]: 16.1067
2025-08-09 00:37:22,122 - DEBUG - Joint score for alpha[11]: 16.4947
2025-08-09 00:37:25,615 - DEBUG - Joint score for alpha[12]: 16.8405
2025-08-09 00:37:29,109 - DEBUG - Joint score for alpha[13]: 16.8185
2025-08-09 00:37:32,602 - DEBUG - Joint score for alpha[14]: 16.1481
2025-08-09 00:37:36,094 - DEBUG - Joint score for alpha[15]: 16.3066
2025-08-09 00:37:39,611 - DEBUG - Joint score for alpha[0]: 15.8947
2025-08-09 00:37:43,106 - DEBUG - Joint score for alpha[1]: 16.4282
2025-08-09 00:37:46,600 - DEBUG - Joint score for alpha[2]: 16.3274
2025-08-09 00:37:50,093 - DEBUG - Joint score for alpha[3]: 16.2817
2025-08-09 00:37:53,587 - DEBUG - Joint score for alpha[4]: 16.3422
2025-08-09 00:37:57,079 - DEBUG - Joint score for alpha[5]: 16.0846
2025-08-09 00:38:00,571 - DEBUG - Joint score for alpha[6]: 16.1619
2025-08-09 00:38:04,064 - DEBUG - Joint score for alpha[7]: 16.3894
2025-08-09 00:38:07,558 - DEBUG - Joint score for alpha[8]: 16.4096
2025-08-09 00:38:11,050 - DEBUG - Joint score for alpha[9]: 16.0803
2025-08-09 00:38:14,546 - DEBUG - Joint score for alpha[10]: 15.8241
2025-08-09 00:38:18,037 - DEBUG - Joint score for alpha[11]: 16.2880
2025-08-09 00:38:21,531 - DEBUG - Joint score for alpha[12]: 15.9971
2025-08-09 00:38:25,023 - DEBUG - Joint score for alpha[13]: 16.1868
2025-08-09 00:38:28,517 - DEBUG - Joint score for alpha[14]: 16.2806
2025-08-09 00:38:32,010 - DEBUG - Joint score for alpha[15]: 16.0968
2025-08-09 00:38:35,580 - DEBUG - Joint score for alpha[0]: 16.0061
2025-08-09 00:38:39,075 - DEBUG - Joint score for alpha[1]: 15.9357
2025-08-09 00:38:42,569 - DEBUG - Joint score for alpha[2]: 15.8372
2025-08-09 00:38:46,061 - DEBUG - Joint score for alpha[3]: 16.0704
2025-08-09 00:38:49,553 - DEBUG - Joint score for alpha[4]: 15.9921
2025-08-09 00:38:53,047 - DEBUG - Joint score for alpha[5]: 15.9555
2025-08-09 00:38:56,540 - DEBUG - Joint score for alpha[6]: 16.1896
2025-08-09 00:39:00,033 - DEBUG - Joint score for alpha[7]: 15.7458
2025-08-09 00:39:03,526 - DEBUG - Joint score for alpha[8]: 15.7599
2025-08-09 00:39:07,020 - DEBUG - Joint score for alpha[9]: 15.8653
2025-08-09 00:39:10,514 - DEBUG - Joint score for alpha[10]: 15.9393
2025-08-09 00:39:14,008 - DEBUG - Joint score for alpha[11]: 16.1543
2025-08-09 00:39:17,501 - DEBUG - Joint score for alpha[12]: 16.1027
2025-08-09 00:39:20,994 - DEBUG - Joint score for alpha[13]: 16.3242
2025-08-09 00:39:24,485 - DEBUG - Joint score for alpha[14]: 15.9607
2025-08-09 00:39:27,976 - DEBUG - Joint score for alpha[15]: 16.1623
2025-08-09 00:39:31,494 - DEBUG - Joint score for alpha[0]: 15.7994
2025-08-09 00:39:34,990 - DEBUG - Joint score for alpha[1]: 16.2160
2025-08-09 00:39:38,483 - DEBUG - Joint score for alpha[2]: 16.0199
2025-08-09 00:39:41,975 - DEBUG - Joint score for alpha[3]: 15.9283
2025-08-09 00:39:45,466 - DEBUG - Joint score for alpha[4]: 15.8173
2025-08-09 00:39:48,958 - DEBUG - Joint score for alpha[5]: 15.9530
2025-08-09 00:39:52,449 - DEBUG - Joint score for alpha[6]: 15.9098
2025-08-09 00:39:55,941 - DEBUG - Joint score for alpha[7]: 16.0404
2025-08-09 00:39:59,431 - DEBUG - Joint score for alpha[8]: 16.1236
2025-08-09 00:40:02,924 - DEBUG - Joint score for alpha[9]: 15.9271
2025-08-09 00:40:06,413 - DEBUG - Joint score for alpha[10]: 15.9831
2025-08-09 00:40:09,906 - DEBUG - Joint score for alpha[11]: 16.0279
2025-08-09 00:40:13,397 - DEBUG - Joint score for alpha[12]: 15.8588
2025-08-09 00:40:16,888 - DEBUG - Joint score for alpha[13]: 16.3189
2025-08-09 00:40:20,381 - DEBUG - Joint score for alpha[14]: 15.9705
2025-08-09 00:40:23,872 - DEBUG - Joint score for alpha[15]: 16.0705
2025-08-09 00:40:27,388 - DEBUG - Joint score for alpha[0]: 16.2633
2025-08-09 00:40:30,882 - DEBUG - Joint score for alpha[1]: 16.3232
2025-08-09 00:40:34,374 - DEBUG - Joint score for alpha[2]: 16.0948
2025-08-09 00:40:37,867 - DEBUG - Joint score for alpha[3]: 16.1681
2025-08-09 00:40:41,361 - DEBUG - Joint score for alpha[4]: 15.5674
2025-08-09 00:40:44,852 - DEBUG - Joint score for alpha[5]: 16.2929
2025-08-09 00:40:48,344 - DEBUG - Joint score for alpha[6]: 15.9404
2025-08-09 00:40:51,836 - DEBUG - Joint score for alpha[7]: 16.3760
2025-08-09 00:40:55,328 - DEBUG - Joint score for alpha[8]: 16.7650
2025-08-09 00:40:58,823 - DEBUG - Joint score for alpha[9]: 16.3424
2025-08-09 00:41:02,317 - DEBUG - Joint score for alpha[10]: 16.2687
2025-08-09 00:41:05,811 - DEBUG - Joint score for alpha[11]: 15.8298
2025-08-09 00:41:09,305 - DEBUG - Joint score for alpha[12]: 16.0960
2025-08-09 00:41:12,799 - DEBUG - Joint score for alpha[13]: 15.9339
2025-08-09 00:41:16,292 - DEBUG - Joint score for alpha[14]: 15.9876
2025-08-09 00:41:19,789 - DEBUG - Joint score for alpha[15]: 16.2514
2025-08-09 00:41:19,831 - INFO - Step 23/120: mean ENERGY=16.1432
2025-08-09 00:41:19,834 - DEBUG - Beginning Gibbs iteration s = 23
2025-08-09 00:41:24,205 - DEBUG - Joint score for alpha[0]: 16.2964
2025-08-09 00:41:27,703 - DEBUG - Joint score for alpha[1]: 16.0916
2025-08-09 00:41:31,198 - DEBUG - Joint score for alpha[2]: 16.5169
2025-08-09 00:41:35,191 - DEBUG - Joint score for alpha[3]: 16.6391
2025-08-09 00:41:38,685 - DEBUG - Joint score for alpha[4]: 16.6694
2025-08-09 00:41:42,179 - DEBUG - Joint score for alpha[5]: 16.7494
2025-08-09 00:41:45,673 - DEBUG - Joint score for alpha[6]: 16.3209
2025-08-09 00:41:49,168 - DEBUG - Joint score for alpha[7]: 16.6378
2025-08-09 00:41:52,661 - DEBUG - Joint score for alpha[8]: 16.2343
2025-08-09 00:41:56,154 - DEBUG - Joint score for alpha[9]: 16.1267
2025-08-09 00:41:59,646 - DEBUG - Joint score for alpha[10]: 16.5188
2025-08-09 00:42:03,136 - DEBUG - Joint score for alpha[11]: 16.6087
2025-08-09 00:42:06,629 - DEBUG - Joint score for alpha[12]: 16.6241
2025-08-09 00:42:10,121 - DEBUG - Joint score for alpha[13]: 16.6946
2025-08-09 00:42:13,611 - DEBUG - Joint score for alpha[14]: 16.9098
2025-08-09 00:42:17,105 - DEBUG - Joint score for alpha[15]: 16.4249
2025-08-09 00:42:20,621 - DEBUG - Joint score for alpha[0]: 16.7824
2025-08-09 00:42:24,115 - DEBUG - Joint score for alpha[1]: 16.6762
2025-08-09 00:42:27,607 - DEBUG - Joint score for alpha[2]: 17.0221
2025-08-09 00:42:31,100 - DEBUG - Joint score for alpha[3]: 17.0540
2025-08-09 00:42:34,594 - DEBUG - Joint score for alpha[4]: 16.6148
2025-08-09 00:42:38,087 - DEBUG - Joint score for alpha[5]: 16.8200
2025-08-09 00:42:41,581 - DEBUG - Joint score for alpha[6]: 16.6066
2025-08-09 00:42:45,072 - DEBUG - Joint score for alpha[7]: 16.6994
2025-08-09 00:42:48,565 - DEBUG - Joint score for alpha[8]: 16.6781
2025-08-09 00:42:52,058 - DEBUG - Joint score for alpha[9]: 16.8268
2025-08-09 00:42:55,550 - DEBUG - Joint score for alpha[10]: 16.5050
2025-08-09 00:42:59,042 - DEBUG - Joint score for alpha[11]: 16.7874
2025-08-09 00:43:02,534 - DEBUG - Joint score for alpha[12]: 16.7918
2025-08-09 00:43:06,025 - DEBUG - Joint score for alpha[13]: 16.6401
2025-08-09 00:43:09,516 - DEBUG - Joint score for alpha[14]: 16.6455
2025-08-09 00:43:13,007 - DEBUG - Joint score for alpha[15]: 16.9412
2025-08-09 00:43:16,525 - DEBUG - Joint score for alpha[0]: 17.0039
2025-08-09 00:43:20,019 - DEBUG - Joint score for alpha[1]: 17.1845
2025-08-09 00:43:23,512 - DEBUG - Joint score for alpha[2]: 16.8398
2025-08-09 00:43:27,003 - DEBUG - Joint score for alpha[3]: 16.8392
2025-08-09 00:43:30,496 - DEBUG - Joint score for alpha[4]: 16.7844
2025-08-09 00:43:33,988 - DEBUG - Joint score for alpha[5]: 17.2327
2025-08-09 00:43:37,480 - DEBUG - Joint score for alpha[6]: 16.6448
2025-08-09 00:43:40,972 - DEBUG - Joint score for alpha[7]: 16.8489
2025-08-09 00:43:44,466 - DEBUG - Joint score for alpha[8]: 16.5822
2025-08-09 00:43:47,959 - DEBUG - Joint score for alpha[9]: 16.8670
2025-08-09 00:43:51,453 - DEBUG - Joint score for alpha[10]: 16.8533
2025-08-09 00:43:54,945 - DEBUG - Joint score for alpha[11]: 16.9769
2025-08-09 00:43:58,439 - DEBUG - Joint score for alpha[12]: 16.8354
2025-08-09 00:44:01,931 - DEBUG - Joint score for alpha[13]: 17.0286
2025-08-09 00:44:05,425 - DEBUG - Joint score for alpha[14]: 16.8609
2025-08-09 00:44:08,918 - DEBUG - Joint score for alpha[15]: 16.7917
2025-08-09 00:44:12,436 - DEBUG - Joint score for alpha[0]: 17.1970
2025-08-09 00:44:15,933 - DEBUG - Joint score for alpha[1]: 16.7709
2025-08-09 00:44:19,426 - DEBUG - Joint score for alpha[2]: 16.7313
2025-08-09 00:44:22,922 - DEBUG - Joint score for alpha[3]: 17.2126
2025-08-09 00:44:26,415 - DEBUG - Joint score for alpha[4]: 16.8995
2025-08-09 00:44:29,908 - DEBUG - Joint score for alpha[5]: 16.4386
2025-08-09 00:44:33,405 - DEBUG - Joint score for alpha[6]: 16.5339
2025-08-09 00:44:36,900 - DEBUG - Joint score for alpha[7]: 16.4752
2025-08-09 00:44:40,392 - DEBUG - Joint score for alpha[8]: 16.7562
2025-08-09 00:44:43,885 - DEBUG - Joint score for alpha[9]: 16.9326
2025-08-09 00:44:47,379 - DEBUG - Joint score for alpha[10]: 16.9409
2025-08-09 00:44:50,874 - DEBUG - Joint score for alpha[11]: 16.9599
2025-08-09 00:44:54,368 - DEBUG - Joint score for alpha[12]: 16.4943
2025-08-09 00:44:57,861 - DEBUG - Joint score for alpha[13]: 16.7122
2025-08-09 00:45:01,357 - DEBUG - Joint score for alpha[14]: 16.8180
2025-08-09 00:45:04,851 - DEBUG - Joint score for alpha[15]: 16.4714
2025-08-09 00:45:08,368 - DEBUG - Joint score for alpha[0]: 16.8739
2025-08-09 00:45:11,864 - DEBUG - Joint score for alpha[1]: 16.8124
2025-08-09 00:45:15,358 - DEBUG - Joint score for alpha[2]: 16.5822
2025-08-09 00:45:18,852 - DEBUG - Joint score for alpha[3]: 17.6701
2025-08-09 00:45:22,347 - DEBUG - Joint score for alpha[4]: 16.3177
2025-08-09 00:45:25,842 - DEBUG - Joint score for alpha[5]: 16.7303
2025-08-09 00:45:29,336 - DEBUG - Joint score for alpha[6]: 16.7864
2025-08-09 00:45:32,832 - DEBUG - Joint score for alpha[7]: 17.4806
2025-08-09 00:45:36,326 - DEBUG - Joint score for alpha[8]: 17.3487
2025-08-09 00:45:39,821 - DEBUG - Joint score for alpha[9]: 16.5516
2025-08-09 00:45:43,316 - DEBUG - Joint score for alpha[10]: 16.7032
2025-08-09 00:45:46,810 - DEBUG - Joint score for alpha[11]: 16.6106
2025-08-09 00:45:50,307 - DEBUG - Joint score for alpha[12]: 16.9200
2025-08-09 00:45:53,803 - DEBUG - Joint score for alpha[13]: 17.0477
2025-08-09 00:45:57,296 - DEBUG - Joint score for alpha[14]: 16.7955
2025-08-09 00:46:00,791 - DEBUG - Joint score for alpha[15]: 17.3461
2025-08-09 00:46:00,834 - INFO - Step 24/120: mean ENERGY=16.7833
2025-08-09 00:46:00,838 - DEBUG - Beginning Gibbs iteration s = 24
2025-08-09 00:46:06,504 - DEBUG - Joint score for alpha[0]: 16.1446
2025-08-09 00:46:10,000 - DEBUG - Joint score for alpha[1]: 15.9085
2025-08-09 00:46:13,494 - DEBUG - Joint score for alpha[2]: 16.5782
2025-08-09 00:46:16,988 - DEBUG - Joint score for alpha[3]: 16.2278
2025-08-09 00:46:20,482 - DEBUG - Joint score for alpha[4]: 15.7527
2025-08-09 00:46:23,974 - DEBUG - Joint score for alpha[5]: 16.4879
2025-08-09 00:46:27,468 - DEBUG - Joint score for alpha[6]: 16.7867
2025-08-09 00:46:30,961 - DEBUG - Joint score for alpha[7]: 16.2402
2025-08-09 00:46:34,455 - DEBUG - Joint score for alpha[8]: 16.6000
2025-08-09 00:46:37,950 - DEBUG - Joint score for alpha[9]: 16.3319
2025-08-09 00:46:41,442 - DEBUG - Joint score for alpha[10]: 16.1535
2025-08-09 00:46:44,936 - DEBUG - Joint score for alpha[11]: 16.3648
2025-08-09 00:46:48,431 - DEBUG - Joint score for alpha[12]: 15.9101
2025-08-09 00:46:51,924 - DEBUG - Joint score for alpha[13]: 16.3938
2025-08-09 00:46:55,418 - DEBUG - Joint score for alpha[14]: 15.7748
2025-08-09 00:46:58,911 - DEBUG - Joint score for alpha[15]: 16.3141
2025-08-09 00:47:02,429 - DEBUG - Joint score for alpha[0]: 16.4581
2025-08-09 00:47:05,925 - DEBUG - Joint score for alpha[1]: 16.3684
2025-08-09 00:47:09,420 - DEBUG - Joint score for alpha[2]: 16.3767
2025-08-09 00:47:12,915 - DEBUG - Joint score for alpha[3]: 16.7076
2025-08-09 00:47:16,409 - DEBUG - Joint score for alpha[4]: 16.6317
2025-08-09 00:47:19,903 - DEBUG - Joint score for alpha[5]: 16.6026
2025-08-09 00:47:23,397 - DEBUG - Joint score for alpha[6]: 16.2961
2025-08-09 00:47:26,891 - DEBUG - Joint score for alpha[7]: 17.1246
2025-08-09 00:47:30,386 - DEBUG - Joint score for alpha[8]: 16.3107
2025-08-09 00:47:33,880 - DEBUG - Joint score for alpha[9]: 16.6562
2025-08-09 00:47:37,375 - DEBUG - Joint score for alpha[10]: 16.3863
2025-08-09 00:47:40,869 - DEBUG - Joint score for alpha[11]: 16.3308
2025-08-09 00:47:44,365 - DEBUG - Joint score for alpha[12]: 16.5971
2025-08-09 00:47:47,858 - DEBUG - Joint score for alpha[13]: 16.5904
2025-08-09 00:47:51,353 - DEBUG - Joint score for alpha[14]: 16.8803
2025-08-09 00:47:54,848 - DEBUG - Joint score for alpha[15]: 16.3665
2025-08-09 00:47:58,366 - DEBUG - Joint score for alpha[0]: 16.5917
2025-08-09 00:48:01,862 - DEBUG - Joint score for alpha[1]: 16.9300
2025-08-09 00:48:05,356 - DEBUG - Joint score for alpha[2]: 16.5382
2025-08-09 00:48:08,848 - DEBUG - Joint score for alpha[3]: 16.8664
2025-08-09 00:48:12,342 - DEBUG - Joint score for alpha[4]: 17.0527
2025-08-09 00:48:15,835 - DEBUG - Joint score for alpha[5]: 16.5161
2025-08-09 00:48:19,330 - DEBUG - Joint score for alpha[6]: 16.5459
2025-08-09 00:48:22,824 - DEBUG - Joint score for alpha[7]: 16.6206
2025-08-09 00:48:26,320 - DEBUG - Joint score for alpha[8]: 16.7937
2025-08-09 00:48:29,813 - DEBUG - Joint score for alpha[9]: 16.6914
2025-08-09 00:48:33,308 - DEBUG - Joint score for alpha[10]: 16.6012
2025-08-09 00:48:36,800 - DEBUG - Joint score for alpha[11]: 16.4341
2025-08-09 00:48:40,295 - DEBUG - Joint score for alpha[12]: 16.4417
2025-08-09 00:48:43,789 - DEBUG - Joint score for alpha[13]: 16.5045
2025-08-09 00:48:47,284 - DEBUG - Joint score for alpha[14]: 16.4584
2025-08-09 00:48:50,779 - DEBUG - Joint score for alpha[15]: 16.7574
2025-08-09 00:48:54,298 - DEBUG - Joint score for alpha[0]: 16.8655
2025-08-09 00:48:57,797 - DEBUG - Joint score for alpha[1]: 16.4627
2025-08-09 00:49:01,291 - DEBUG - Joint score for alpha[2]: 16.5763
2025-08-09 00:49:04,786 - DEBUG - Joint score for alpha[3]: 16.5923
2025-08-09 00:49:08,281 - DEBUG - Joint score for alpha[4]: 16.9549
2025-08-09 00:49:11,777 - DEBUG - Joint score for alpha[5]: 16.6074
2025-08-09 00:49:15,272 - DEBUG - Joint score for alpha[6]: 16.5657
2025-08-09 00:49:18,767 - DEBUG - Joint score for alpha[7]: 16.4845
2025-08-09 00:49:22,262 - DEBUG - Joint score for alpha[8]: 16.8619
2025-08-09 00:49:25,758 - DEBUG - Joint score for alpha[9]: 17.3943
2025-08-09 00:49:29,252 - DEBUG - Joint score for alpha[10]: 16.9583
2025-08-09 00:49:32,748 - DEBUG - Joint score for alpha[11]: 16.6898
2025-08-09 00:49:36,245 - DEBUG - Joint score for alpha[12]: 16.6157
2025-08-09 00:49:39,739 - DEBUG - Joint score for alpha[13]: 16.6154
2025-08-09 00:49:43,235 - DEBUG - Joint score for alpha[14]: 16.8696
2025-08-09 00:49:46,730 - DEBUG - Joint score for alpha[15]: 17.2491
2025-08-09 00:49:50,251 - DEBUG - Joint score for alpha[0]: 16.4556
2025-08-09 00:49:53,749 - DEBUG - Joint score for alpha[1]: 16.6577
2025-08-09 00:49:57,245 - DEBUG - Joint score for alpha[2]: 17.2365
2025-08-09 00:50:00,740 - DEBUG - Joint score for alpha[3]: 17.4684
2025-08-09 00:50:04,235 - DEBUG - Joint score for alpha[4]: 16.6343
2025-08-09 00:50:07,728 - DEBUG - Joint score for alpha[5]: 16.9074
2025-08-09 00:50:11,223 - DEBUG - Joint score for alpha[6]: 16.7010
2025-08-09 00:50:14,720 - DEBUG - Joint score for alpha[7]: 16.6980
2025-08-09 00:50:18,215 - DEBUG - Joint score for alpha[8]: 16.9754
2025-08-09 00:50:21,711 - DEBUG - Joint score for alpha[9]: 16.5337
2025-08-09 00:50:25,206 - DEBUG - Joint score for alpha[10]: 16.6724
2025-08-09 00:50:28,700 - DEBUG - Joint score for alpha[11]: 16.5046
2025-08-09 00:50:32,196 - DEBUG - Joint score for alpha[12]: 17.1941
2025-08-09 00:50:35,692 - DEBUG - Joint score for alpha[13]: 16.8823
2025-08-09 00:50:39,188 - DEBUG - Joint score for alpha[14]: 16.7524
2025-08-09 00:50:42,684 - DEBUG - Joint score for alpha[15]: 16.8509
2025-08-09 00:50:42,726 - INFO - Step 25/120: mean ENERGY=16.7307
2025-08-09 00:50:42,729 - DEBUG - Beginning Gibbs iteration s = 25
2025-08-09 00:50:43,743 - DEBUG - Proposal variance adapted: 0.044
2025-08-09 00:50:47,199 - DEBUG - Joint score for alpha[0]: 16.6871
2025-08-09 00:50:50,697 - DEBUG - Joint score for alpha[1]: 16.5038
2025-08-09 00:50:54,193 - DEBUG - Joint score for alpha[2]: 16.6551
2025-08-09 00:50:57,688 - DEBUG - Joint score for alpha[3]: 16.4131
2025-08-09 00:51:01,185 - DEBUG - Joint score for alpha[4]: 16.3981
2025-08-09 00:51:04,678 - DEBUG - Joint score for alpha[5]: 16.0864
2025-08-09 00:51:08,174 - DEBUG - Joint score for alpha[6]: 16.3346
2025-08-09 00:51:11,668 - DEBUG - Joint score for alpha[7]: 16.8740
2025-08-09 00:51:15,162 - DEBUG - Joint score for alpha[8]: 16.3488
2025-08-09 00:51:18,659 - DEBUG - Joint score for alpha[9]: 16.6349
2025-08-09 00:51:22,153 - DEBUG - Joint score for alpha[10]: 16.1766
2025-08-09 00:51:25,650 - DEBUG - Joint score for alpha[11]: 16.2521
2025-08-09 00:51:29,146 - DEBUG - Joint score for alpha[12]: 16.4561
2025-08-09 00:51:32,642 - DEBUG - Joint score for alpha[13]: 16.4238
2025-08-09 00:51:36,138 - DEBUG - Joint score for alpha[14]: 16.8054
2025-08-09 00:51:39,634 - DEBUG - Joint score for alpha[15]: 16.5180
2025-08-09 00:51:43,154 - DEBUG - Joint score for alpha[0]: 16.3031
2025-08-09 00:51:46,652 - DEBUG - Joint score for alpha[1]: 16.3047
2025-08-09 00:51:50,147 - DEBUG - Joint score for alpha[2]: 16.6748
2025-08-09 00:51:53,643 - DEBUG - Joint score for alpha[3]: 16.2096
2025-08-09 00:51:57,138 - DEBUG - Joint score for alpha[4]: 16.3580
2025-08-09 00:52:00,635 - DEBUG - Joint score for alpha[5]: 16.2092
2025-08-09 00:52:04,131 - DEBUG - Joint score for alpha[6]: 16.7616
2025-08-09 00:52:07,626 - DEBUG - Joint score for alpha[7]: 16.3653
2025-08-09 00:52:11,123 - DEBUG - Joint score for alpha[8]: 16.3245
2025-08-09 00:52:14,620 - DEBUG - Joint score for alpha[9]: 16.4469
2025-08-09 00:52:18,117 - DEBUG - Joint score for alpha[10]: 16.5613
2025-08-09 00:52:21,612 - DEBUG - Joint score for alpha[11]: 16.3455
2025-08-09 00:52:25,109 - DEBUG - Joint score for alpha[12]: 16.6215
2025-08-09 00:52:28,604 - DEBUG - Joint score for alpha[13]: 16.2581
2025-08-09 00:52:32,100 - DEBUG - Joint score for alpha[14]: 16.2481
2025-08-09 00:52:35,597 - DEBUG - Joint score for alpha[15]: 16.7197
2025-08-09 00:52:39,115 - DEBUG - Joint score for alpha[0]: 16.7507
2025-08-09 00:52:42,612 - DEBUG - Joint score for alpha[1]: 16.4780
2025-08-09 00:52:46,107 - DEBUG - Joint score for alpha[2]: 16.4586
2025-08-09 00:52:49,599 - DEBUG - Joint score for alpha[3]: 16.6138
2025-08-09 00:52:53,093 - DEBUG - Joint score for alpha[4]: 16.4058
2025-08-09 00:52:56,587 - DEBUG - Joint score for alpha[5]: 16.2477
2025-08-09 00:53:00,083 - DEBUG - Joint score for alpha[6]: 16.5198
2025-08-09 00:53:03,578 - DEBUG - Joint score for alpha[7]: 16.5749
2025-08-09 00:53:07,074 - DEBUG - Joint score for alpha[8]: 16.3723
2025-08-09 00:53:10,569 - DEBUG - Joint score for alpha[9]: 16.8734
2025-08-09 00:53:14,064 - DEBUG - Joint score for alpha[10]: 16.2200
2025-08-09 00:53:17,558 - DEBUG - Joint score for alpha[11]: 16.6595
2025-08-09 00:53:21,053 - DEBUG - Joint score for alpha[12]: 16.2447
2025-08-09 00:53:24,548 - DEBUG - Joint score for alpha[13]: 16.2353
2025-08-09 00:53:28,044 - DEBUG - Joint score for alpha[14]: 16.6581
2025-08-09 00:53:31,538 - DEBUG - Joint score for alpha[15]: 16.5138
2025-08-09 00:53:35,058 - DEBUG - Joint score for alpha[0]: 16.4552
2025-08-09 00:53:38,557 - DEBUG - Joint score for alpha[1]: 16.3163
2025-08-09 00:53:42,053 - DEBUG - Joint score for alpha[2]: 16.2189
2025-08-09 00:53:45,548 - DEBUG - Joint score for alpha[3]: 16.1197
2025-08-09 00:53:49,045 - DEBUG - Joint score for alpha[4]: 16.6565
2025-08-09 00:53:52,542 - DEBUG - Joint score for alpha[5]: 16.3099
2025-08-09 00:53:56,037 - DEBUG - Joint score for alpha[6]: 16.2940
2025-08-09 00:53:59,533 - DEBUG - Joint score for alpha[7]: 16.5150
2025-08-09 00:54:03,031 - DEBUG - Joint score for alpha[8]: 16.3410
2025-08-09 00:54:06,527 - DEBUG - Joint score for alpha[9]: 16.4713
2025-08-09 00:54:10,023 - DEBUG - Joint score for alpha[10]: 16.7168
2025-08-09 00:54:13,519 - DEBUG - Joint score for alpha[11]: 16.4248
2025-08-09 00:54:17,016 - DEBUG - Joint score for alpha[12]: 16.5206
2025-08-09 00:54:20,512 - DEBUG - Joint score for alpha[13]: 16.2735
2025-08-09 00:54:24,009 - DEBUG - Joint score for alpha[14]: 16.2200
2025-08-09 00:54:27,504 - DEBUG - Joint score for alpha[15]: 16.3410
2025-08-09 00:54:31,026 - DEBUG - Joint score for alpha[0]: 16.4906
2025-08-09 00:54:34,524 - DEBUG - Joint score for alpha[1]: 16.5106
2025-08-09 00:54:38,019 - DEBUG - Joint score for alpha[2]: 16.4380
2025-08-09 00:54:41,516 - DEBUG - Joint score for alpha[3]: 16.0255
2025-08-09 00:54:45,011 - DEBUG - Joint score for alpha[4]: 16.2454
2025-08-09 00:54:48,507 - DEBUG - Joint score for alpha[5]: 16.3414
2025-08-09 00:54:52,003 - DEBUG - Joint score for alpha[6]: 16.1770
2025-08-09 00:54:55,501 - DEBUG - Joint score for alpha[7]: 16.5038
2025-08-09 00:54:58,998 - DEBUG - Joint score for alpha[8]: 16.5145
2025-08-09 00:55:02,495 - DEBUG - Joint score for alpha[9]: 16.6665
2025-08-09 00:55:05,991 - DEBUG - Joint score for alpha[10]: 16.0855
2025-08-09 00:55:09,486 - DEBUG - Joint score for alpha[11]: 16.3955
2025-08-09 00:55:12,983 - DEBUG - Joint score for alpha[12]: 16.2397
2025-08-09 00:55:16,479 - DEBUG - Joint score for alpha[13]: 16.6786
2025-08-09 00:55:19,974 - DEBUG - Joint score for alpha[14]: 16.3667
2025-08-09 00:55:23,472 - DEBUG - Joint score for alpha[15]: 16.2078
2025-08-09 00:55:23,514 - INFO - Step 26/120: mean ENERGY=16.3435
2025-08-09 00:55:23,517 - DEBUG - Beginning Gibbs iteration s = 26
2025-08-09 00:55:27,810 - DEBUG - Joint score for alpha[0]: 16.5813
2025-08-09 00:55:31,309 - DEBUG - Joint score for alpha[1]: 16.6479
2025-08-09 00:55:34,806 - DEBUG - Joint score for alpha[2]: 16.3123
2025-08-09 00:55:38,303 - DEBUG - Joint score for alpha[3]: 16.6265
2025-08-09 00:55:41,800 - DEBUG - Joint score for alpha[4]: 16.4893
2025-08-09 00:55:45,295 - DEBUG - Joint score for alpha[5]: 16.6783
2025-08-09 00:55:48,791 - DEBUG - Joint score for alpha[6]: 16.5865
2025-08-09 00:55:52,287 - DEBUG - Joint score for alpha[7]: 16.7878
2025-08-09 00:55:55,784 - DEBUG - Joint score for alpha[8]: 16.4026
2025-08-09 00:55:59,281 - DEBUG - Joint score for alpha[9]: 16.3055
2025-08-09 00:56:02,777 - DEBUG - Joint score for alpha[10]: 16.2833
2025-08-09 00:56:06,275 - DEBUG - Joint score for alpha[11]: 16.5781
2025-08-09 00:56:09,772 - DEBUG - Joint score for alpha[12]: 16.7221
2025-08-09 00:56:13,268 - DEBUG - Joint score for alpha[13]: 16.3564
2025-08-09 00:56:16,765 - DEBUG - Joint score for alpha[14]: 16.2915
2025-08-09 00:56:20,264 - DEBUG - Joint score for alpha[15]: 16.5001
2025-08-09 00:56:23,786 - DEBUG - Joint score for alpha[0]: 17.0442
2025-08-09 00:56:27,285 - DEBUG - Joint score for alpha[1]: 16.5289
2025-08-09 00:56:30,783 - DEBUG - Joint score for alpha[2]: 17.0103
2025-08-09 00:56:34,280 - DEBUG - Joint score for alpha[3]: 16.9249
2025-08-09 00:56:37,778 - DEBUG - Joint score for alpha[4]: 16.7875
2025-08-09 00:56:41,274 - DEBUG - Joint score for alpha[5]: 16.8915
2025-08-09 00:56:44,771 - DEBUG - Joint score for alpha[6]: 16.8802
2025-08-09 00:56:48,269 - DEBUG - Joint score for alpha[7]: 17.1552
2025-08-09 00:56:51,766 - DEBUG - Joint score for alpha[8]: 16.8235
2025-08-09 00:56:55,263 - DEBUG - Joint score for alpha[9]: 16.9467
2025-08-09 00:56:58,760 - DEBUG - Joint score for alpha[10]: 16.6520
2025-08-09 00:57:02,256 - DEBUG - Joint score for alpha[11]: 16.6834
2025-08-09 00:57:05,754 - DEBUG - Joint score for alpha[12]: 16.8939
2025-08-09 00:57:09,251 - DEBUG - Joint score for alpha[13]: 17.0987
2025-08-09 00:57:12,748 - DEBUG - Joint score for alpha[14]: 16.9754
2025-08-09 00:57:16,245 - DEBUG - Joint score for alpha[15]: 17.1238
2025-08-09 00:57:19,765 - DEBUG - Joint score for alpha[0]: 17.3996
2025-08-09 00:57:23,264 - DEBUG - Joint score for alpha[1]: 17.1541
2025-08-09 00:57:26,762 - DEBUG - Joint score for alpha[2]: 17.3002
2025-08-09 00:57:30,258 - DEBUG - Joint score for alpha[3]: 17.0230
2025-08-09 00:57:33,754 - DEBUG - Joint score for alpha[4]: 17.2549
2025-08-09 00:57:37,250 - DEBUG - Joint score for alpha[5]: 17.2207
2025-08-09 00:57:40,745 - DEBUG - Joint score for alpha[6]: 16.7378
2025-08-09 00:57:44,241 - DEBUG - Joint score for alpha[7]: 17.0882
2025-08-09 00:57:47,739 - DEBUG - Joint score for alpha[8]: 17.3831
2025-08-09 00:57:51,234 - DEBUG - Joint score for alpha[9]: 17.1052
2025-08-09 00:57:54,729 - DEBUG - Joint score for alpha[10]: 17.1685
2025-08-09 00:57:58,224 - DEBUG - Joint score for alpha[11]: 16.8982
2025-08-09 00:58:01,718 - DEBUG - Joint score for alpha[12]: 17.0354
2025-08-09 00:58:05,213 - DEBUG - Joint score for alpha[13]: 16.6789
2025-08-09 00:58:08,709 - DEBUG - Joint score for alpha[14]: 17.0669
2025-08-09 00:58:12,204 - DEBUG - Joint score for alpha[15]: 16.9597
2025-08-09 00:58:15,723 - DEBUG - Joint score for alpha[0]: 16.8401
2025-08-09 00:58:19,221 - DEBUG - Joint score for alpha[1]: 16.9562
2025-08-09 00:58:22,716 - DEBUG - Joint score for alpha[2]: 17.0097
2025-08-09 00:58:26,212 - DEBUG - Joint score for alpha[3]: 16.9308
2025-08-09 00:58:29,708 - DEBUG - Joint score for alpha[4]: 17.1289
2025-08-09 00:58:33,205 - DEBUG - Joint score for alpha[5]: 16.9241
2025-08-09 00:58:36,701 - DEBUG - Joint score for alpha[6]: 17.3031
2025-08-09 00:58:40,198 - DEBUG - Joint score for alpha[7]: 16.7092
2025-08-09 00:58:43,693 - DEBUG - Joint score for alpha[8]: 17.3162
2025-08-09 00:58:47,190 - DEBUG - Joint score for alpha[9]: 17.2045
2025-08-09 00:58:50,684 - DEBUG - Joint score for alpha[10]: 17.2049
2025-08-09 00:58:54,183 - DEBUG - Joint score for alpha[11]: 17.0292
2025-08-09 00:58:57,679 - DEBUG - Joint score for alpha[12]: 16.8673
2025-08-09 00:59:01,175 - DEBUG - Joint score for alpha[13]: 17.1554
2025-08-09 00:59:04,672 - DEBUG - Joint score for alpha[14]: 16.9734
2025-08-09 00:59:08,168 - DEBUG - Joint score for alpha[15]: 17.1735
2025-08-09 00:59:11,688 - DEBUG - Joint score for alpha[0]: 16.7275
2025-08-09 00:59:15,186 - DEBUG - Joint score for alpha[1]: 16.7442
2025-08-09 00:59:18,683 - DEBUG - Joint score for alpha[2]: 16.7121
2025-08-09 00:59:22,177 - DEBUG - Joint score for alpha[3]: 16.4975
2025-08-09 00:59:25,673 - DEBUG - Joint score for alpha[4]: 17.2568
2025-08-09 00:59:29,167 - DEBUG - Joint score for alpha[5]: 16.4813
2025-08-09 00:59:32,663 - DEBUG - Joint score for alpha[6]: 16.8996
2025-08-09 00:59:36,157 - DEBUG - Joint score for alpha[7]: 17.0456
2025-08-09 00:59:39,653 - DEBUG - Joint score for alpha[8]: 16.7862
2025-08-09 00:59:43,147 - DEBUG - Joint score for alpha[9]: 17.2814
2025-08-09 00:59:46,643 - DEBUG - Joint score for alpha[10]: 17.4093
2025-08-09 00:59:50,136 - DEBUG - Joint score for alpha[11]: 17.1815
2025-08-09 00:59:53,630 - DEBUG - Joint score for alpha[12]: 16.6238
2025-08-09 00:59:57,124 - DEBUG - Joint score for alpha[13]: 17.0598
2025-08-09 01:00:00,617 - DEBUG - Joint score for alpha[14]: 16.5900
2025-08-09 01:00:04,111 - DEBUG - Joint score for alpha[15]: 16.9724
2025-08-09 01:00:04,153 - INFO - Step 27/120: mean ENERGY=17.0144
2025-08-09 01:00:04,156 - DEBUG - Beginning Gibbs iteration s = 27
2025-08-09 01:00:08,662 - DEBUG - Joint score for alpha[0]: 17.4473
2025-08-09 01:00:12,158 - DEBUG - Joint score for alpha[1]: 17.3340
2025-08-09 01:00:15,652 - DEBUG - Joint score for alpha[2]: 17.3834
2025-08-09 01:00:19,146 - DEBUG - Joint score for alpha[3]: 17.0823
2025-08-09 01:00:22,640 - DEBUG - Joint score for alpha[4]: 17.7682
2025-08-09 01:00:26,131 - DEBUG - Joint score for alpha[5]: 17.2721
2025-08-09 01:00:29,625 - DEBUG - Joint score for alpha[6]: 16.8682
2025-08-09 01:00:33,117 - DEBUG - Joint score for alpha[7]: 17.1074
2025-08-09 01:00:36,610 - DEBUG - Joint score for alpha[8]: 17.2920
2025-08-09 01:00:40,104 - DEBUG - Joint score for alpha[9]: 16.4966
2025-08-09 01:00:43,598 - DEBUG - Joint score for alpha[10]: 16.9161
2025-08-09 01:00:47,093 - DEBUG - Joint score for alpha[11]: 17.5117
2025-08-09 01:00:50,587 - DEBUG - Joint score for alpha[12]: 17.1521
2025-08-09 01:00:54,082 - DEBUG - Joint score for alpha[13]: 16.7208
2025-08-09 01:00:57,576 - DEBUG - Joint score for alpha[14]: 17.0882
2025-08-09 01:01:01,071 - DEBUG - Joint score for alpha[15]: 17.3498
2025-08-09 01:01:04,590 - DEBUG - Joint score for alpha[0]: 16.7301
2025-08-09 01:01:08,088 - DEBUG - Joint score for alpha[1]: 16.8286
2025-08-09 01:01:11,583 - DEBUG - Joint score for alpha[2]: 16.8803
2025-08-09 01:01:15,079 - DEBUG - Joint score for alpha[3]: 16.8886
2025-08-09 01:01:18,574 - DEBUG - Joint score for alpha[4]: 17.1795
2025-08-09 01:01:22,072 - DEBUG - Joint score for alpha[5]: 17.1545
2025-08-09 01:01:25,566 - DEBUG - Joint score for alpha[6]: 16.5943
2025-08-09 01:01:29,062 - DEBUG - Joint score for alpha[7]: 16.8922
2025-08-09 01:01:32,557 - DEBUG - Joint score for alpha[8]: 16.9467
2025-08-09 01:01:36,054 - DEBUG - Joint score for alpha[9]: 17.0360
2025-08-09 01:01:39,551 - DEBUG - Joint score for alpha[10]: 16.7149
2025-08-09 01:01:43,047 - DEBUG - Joint score for alpha[11]: 16.8336
2025-08-09 01:01:46,547 - DEBUG - Joint score for alpha[12]: 17.2996
2025-08-09 01:01:50,046 - DEBUG - Joint score for alpha[13]: 16.7562
2025-08-09 01:01:53,547 - DEBUG - Joint score for alpha[14]: 17.0735
2025-08-09 01:01:57,048 - DEBUG - Joint score for alpha[15]: 16.5988
2025-08-09 01:02:00,572 - DEBUG - Joint score for alpha[0]: 16.8681
2025-08-09 01:02:04,073 - DEBUG - Joint score for alpha[1]: 16.7962
2025-08-09 01:02:07,574 - DEBUG - Joint score for alpha[2]: 16.6200
2025-08-09 01:02:11,072 - DEBUG - Joint score for alpha[3]: 16.7858
2025-08-09 01:02:14,572 - DEBUG - Joint score for alpha[4]: 16.7031
2025-08-09 01:02:18,071 - DEBUG - Joint score for alpha[5]: 16.7483
2025-08-09 01:02:21,570 - DEBUG - Joint score for alpha[6]: 16.8627
2025-08-09 01:02:25,069 - DEBUG - Joint score for alpha[7]: 16.7231
2025-08-09 01:02:28,570 - DEBUG - Joint score for alpha[8]: 16.6724
2025-08-09 01:02:32,070 - DEBUG - Joint score for alpha[9]: 17.0880
2025-08-09 01:02:35,569 - DEBUG - Joint score for alpha[10]: 16.6266
2025-08-09 01:02:39,067 - DEBUG - Joint score for alpha[11]: 16.6716
2025-08-09 01:02:42,568 - DEBUG - Joint score for alpha[12]: 16.7317
2025-08-09 01:02:46,068 - DEBUG - Joint score for alpha[13]: 16.8213
2025-08-09 01:02:49,567 - DEBUG - Joint score for alpha[14]: 17.0447
2025-08-09 01:02:53,067 - DEBUG - Joint score for alpha[15]: 16.8141
2025-08-09 01:02:56,592 - DEBUG - Joint score for alpha[0]: 16.5442
2025-08-09 01:03:00,094 - DEBUG - Joint score for alpha[1]: 16.8810
2025-08-09 01:03:03,591 - DEBUG - Joint score for alpha[2]: 16.8888
2025-08-09 01:03:07,088 - DEBUG - Joint score for alpha[3]: 16.7347
2025-08-09 01:03:10,585 - DEBUG - Joint score for alpha[4]: 16.8156
2025-08-09 01:03:14,084 - DEBUG - Joint score for alpha[5]: 16.9025
2025-08-09 01:03:17,579 - DEBUG - Joint score for alpha[6]: 17.0101
2025-08-09 01:03:21,077 - DEBUG - Joint score for alpha[7]: 16.9345
2025-08-09 01:03:24,575 - DEBUG - Joint score for alpha[8]: 17.0360
2025-08-09 01:03:28,245 - DEBUG - Joint score for alpha[9]: 16.7838
2025-08-09 01:03:31,743 - DEBUG - Joint score for alpha[10]: 16.9449
2025-08-09 01:03:35,241 - DEBUG - Joint score for alpha[11]: 16.6069
2025-08-09 01:03:38,741 - DEBUG - Joint score for alpha[12]: 16.7503
2025-08-09 01:03:42,241 - DEBUG - Joint score for alpha[13]: 16.7115
2025-08-09 01:03:45,742 - DEBUG - Joint score for alpha[14]: 16.4126
2025-08-09 01:03:49,239 - DEBUG - Joint score for alpha[15]: 16.9155
2025-08-09 01:03:52,761 - DEBUG - Joint score for alpha[0]: 16.5723
2025-08-09 01:03:56,260 - DEBUG - Joint score for alpha[1]: 16.5394
2025-08-09 01:03:59,760 - DEBUG - Joint score for alpha[2]: 17.1380
2025-08-09 01:04:03,256 - DEBUG - Joint score for alpha[3]: 17.3780
2025-08-09 01:04:06,753 - DEBUG - Joint score for alpha[4]: 16.9618
2025-08-09 01:04:10,250 - DEBUG - Joint score for alpha[5]: 17.2007
2025-08-09 01:04:13,747 - DEBUG - Joint score for alpha[6]: 17.2329
2025-08-09 01:04:17,242 - DEBUG - Joint score for alpha[7]: 16.5360
2025-08-09 01:04:20,737 - DEBUG - Joint score for alpha[8]: 16.9372
2025-08-09 01:04:24,231 - DEBUG - Joint score for alpha[9]: 16.7213
2025-08-09 01:04:27,727 - DEBUG - Joint score for alpha[10]: 17.1353
2025-08-09 01:04:31,221 - DEBUG - Joint score for alpha[11]: 16.7677
2025-08-09 01:04:34,716 - DEBUG - Joint score for alpha[12]: 17.0549
2025-08-09 01:04:38,211 - DEBUG - Joint score for alpha[13]: 16.6615
2025-08-09 01:04:41,707 - DEBUG - Joint score for alpha[14]: 16.6434
2025-08-09 01:04:45,202 - DEBUG - Joint score for alpha[15]: 16.6866
2025-08-09 01:04:45,244 - INFO - Step 28/120: mean ENERGY=16.8657
2025-08-09 01:04:45,248 - DEBUG - Beginning Gibbs iteration s = 28
2025-08-09 01:04:52,884 - DEBUG - Joint score for alpha[0]: 16.8618
2025-08-09 01:04:56,382 - DEBUG - Joint score for alpha[1]: 16.5329
2025-08-09 01:04:59,879 - DEBUG - Joint score for alpha[2]: 16.9783
2025-08-09 01:05:03,376 - DEBUG - Joint score for alpha[3]: 17.1842
2025-08-09 01:05:06,873 - DEBUG - Joint score for alpha[4]: 16.6122
2025-08-09 01:05:10,368 - DEBUG - Joint score for alpha[5]: 16.8297
2025-08-09 01:05:13,864 - DEBUG - Joint score for alpha[6]: 16.8808
2025-08-09 01:05:17,360 - DEBUG - Joint score for alpha[7]: 16.6060
2025-08-09 01:05:20,856 - DEBUG - Joint score for alpha[8]: 16.6845
2025-08-09 01:05:24,354 - DEBUG - Joint score for alpha[9]: 16.9790
2025-08-09 01:05:27,849 - DEBUG - Joint score for alpha[10]: 16.9149
2025-08-09 01:05:31,346 - DEBUG - Joint score for alpha[11]: 16.8773
2025-08-09 01:05:34,842 - DEBUG - Joint score for alpha[12]: 17.2428
2025-08-09 01:05:38,339 - DEBUG - Joint score for alpha[13]: 17.7905
2025-08-09 01:05:41,835 - DEBUG - Joint score for alpha[14]: 16.9048
2025-08-09 01:05:45,331 - DEBUG - Joint score for alpha[15]: 17.3760
2025-08-09 01:05:48,851 - DEBUG - Joint score for alpha[0]: 16.6735
2025-08-09 01:05:52,350 - DEBUG - Joint score for alpha[1]: 16.4788
2025-08-09 01:05:55,847 - DEBUG - Joint score for alpha[2]: 17.0686
2025-08-09 01:05:59,344 - DEBUG - Joint score for alpha[3]: 16.6790
2025-08-09 01:06:02,840 - DEBUG - Joint score for alpha[4]: 16.7710
2025-08-09 01:06:06,338 - DEBUG - Joint score for alpha[5]: 16.8048
2025-08-09 01:06:09,834 - DEBUG - Joint score for alpha[6]: 16.8441
2025-08-09 01:06:13,330 - DEBUG - Joint score for alpha[7]: 16.9516
2025-08-09 01:06:16,828 - DEBUG - Joint score for alpha[8]: 16.9081
2025-08-09 01:06:20,325 - DEBUG - Joint score for alpha[9]: 16.9846
2025-08-09 01:06:23,822 - DEBUG - Joint score for alpha[10]: 16.4778
2025-08-09 01:06:27,317 - DEBUG - Joint score for alpha[11]: 16.8750
2025-08-09 01:06:30,815 - DEBUG - Joint score for alpha[12]: 16.9114
2025-08-09 01:06:34,311 - DEBUG - Joint score for alpha[13]: 16.6410
2025-08-09 01:06:37,809 - DEBUG - Joint score for alpha[14]: 16.4641
2025-08-09 01:06:41,306 - DEBUG - Joint score for alpha[15]: 16.5242
2025-08-09 01:06:44,826 - DEBUG - Joint score for alpha[0]: 16.9274
2025-08-09 01:06:48,325 - DEBUG - Joint score for alpha[1]: 16.5356
2025-08-09 01:06:51,822 - DEBUG - Joint score for alpha[2]: 16.6178
2025-08-09 01:06:55,318 - DEBUG - Joint score for alpha[3]: 16.4844
2025-08-09 01:06:58,813 - DEBUG - Joint score for alpha[4]: 16.7372
2025-08-09 01:07:02,308 - DEBUG - Joint score for alpha[5]: 16.4796
2025-08-09 01:07:05,805 - DEBUG - Joint score for alpha[6]: 16.7455
2025-08-09 01:07:09,300 - DEBUG - Joint score for alpha[7]: 16.4442
2025-08-09 01:07:12,797 - DEBUG - Joint score for alpha[8]: 16.6323
2025-08-09 01:07:16,293 - DEBUG - Joint score for alpha[9]: 16.4964
2025-08-09 01:07:19,790 - DEBUG - Joint score for alpha[10]: 16.5881
2025-08-09 01:07:23,285 - DEBUG - Joint score for alpha[11]: 16.6570
2025-08-09 01:07:26,781 - DEBUG - Joint score for alpha[12]: 16.7327
2025-08-09 01:07:30,277 - DEBUG - Joint score for alpha[13]: 16.7721
2025-08-09 01:07:33,774 - DEBUG - Joint score for alpha[14]: 16.5035
2025-08-09 01:07:37,271 - DEBUG - Joint score for alpha[15]: 17.0429
2025-08-09 01:07:40,792 - DEBUG - Joint score for alpha[0]: 16.8511
2025-08-09 01:07:44,293 - DEBUG - Joint score for alpha[1]: 16.5385
2025-08-09 01:07:47,790 - DEBUG - Joint score for alpha[2]: 16.5878
2025-08-09 01:07:51,287 - DEBUG - Joint score for alpha[3]: 16.8426
2025-08-09 01:07:54,785 - DEBUG - Joint score for alpha[4]: 16.4336
2025-08-09 01:07:58,284 - DEBUG - Joint score for alpha[5]: 16.6770
2025-08-09 01:08:01,779 - DEBUG - Joint score for alpha[6]: 16.6354
2025-08-09 01:08:05,278 - DEBUG - Joint score for alpha[7]: 16.6650
2025-08-09 01:08:08,776 - DEBUG - Joint score for alpha[8]: 16.4146
2025-08-09 01:08:12,273 - DEBUG - Joint score for alpha[9]: 16.7559
2025-08-09 01:08:15,770 - DEBUG - Joint score for alpha[10]: 16.6687
2025-08-09 01:08:19,266 - DEBUG - Joint score for alpha[11]: 16.7556
2025-08-09 01:08:22,764 - DEBUG - Joint score for alpha[12]: 16.9570
2025-08-09 01:08:26,261 - DEBUG - Joint score for alpha[13]: 16.6271
2025-08-09 01:08:29,757 - DEBUG - Joint score for alpha[14]: 16.5146
2025-08-09 01:08:33,255 - DEBUG - Joint score for alpha[15]: 16.6433
2025-08-09 01:08:36,777 - DEBUG - Joint score for alpha[0]: 16.6444
2025-08-09 01:08:40,276 - DEBUG - Joint score for alpha[1]: 16.9141
2025-08-09 01:08:43,773 - DEBUG - Joint score for alpha[2]: 16.5794
2025-08-09 01:08:47,269 - DEBUG - Joint score for alpha[3]: 16.7026
2025-08-09 01:08:50,764 - DEBUG - Joint score for alpha[4]: 16.5554
2025-08-09 01:08:54,260 - DEBUG - Joint score for alpha[5]: 16.4533
2025-08-09 01:08:57,756 - DEBUG - Joint score for alpha[6]: 16.6825
2025-08-09 01:09:01,255 - DEBUG - Joint score for alpha[7]: 16.5894
2025-08-09 01:09:04,752 - DEBUG - Joint score for alpha[8]: 16.3427
2025-08-09 01:09:08,249 - DEBUG - Joint score for alpha[9]: 16.6924
2025-08-09 01:09:11,745 - DEBUG - Joint score for alpha[10]: 16.5492
2025-08-09 01:09:15,240 - DEBUG - Joint score for alpha[11]: 16.7209
2025-08-09 01:09:18,735 - DEBUG - Joint score for alpha[12]: 16.9944
2025-08-09 01:09:22,231 - DEBUG - Joint score for alpha[13]: 16.4931
2025-08-09 01:09:25,725 - DEBUG - Joint score for alpha[14]: 16.3199
2025-08-09 01:09:29,221 - DEBUG - Joint score for alpha[15]: 16.2855
2025-08-09 01:09:29,263 - INFO - Step 29/120: mean ENERGY=16.6045
2025-08-09 01:09:29,265 - DEBUG - Beginning Gibbs iteration s = 29
2025-08-09 01:09:33,468 - DEBUG - Joint score for alpha[0]: 16.3776
2025-08-09 01:09:36,966 - DEBUG - Joint score for alpha[1]: 16.6424
2025-08-09 01:09:40,462 - DEBUG - Joint score for alpha[2]: 16.6392
2025-08-09 01:09:43,959 - DEBUG - Joint score for alpha[3]: 16.4700
2025-08-09 01:09:47,456 - DEBUG - Joint score for alpha[4]: 16.2112
2025-08-09 01:09:50,951 - DEBUG - Joint score for alpha[5]: 16.3350
2025-08-09 01:09:54,447 - DEBUG - Joint score for alpha[6]: 16.6745
2025-08-09 01:09:57,942 - DEBUG - Joint score for alpha[7]: 16.4376
2025-08-09 01:10:01,438 - DEBUG - Joint score for alpha[8]: 16.5608
2025-08-09 01:10:04,935 - DEBUG - Joint score for alpha[9]: 16.6566
2025-08-09 01:10:08,431 - DEBUG - Joint score for alpha[10]: 15.9128
2025-08-09 01:10:11,928 - DEBUG - Joint score for alpha[11]: 16.5159
2025-08-09 01:10:15,424 - DEBUG - Joint score for alpha[12]: 16.2068
2025-08-09 01:10:18,922 - DEBUG - Joint score for alpha[13]: 16.4039
2025-08-09 01:10:22,417 - DEBUG - Joint score for alpha[14]: 16.3663
2025-08-09 01:10:25,913 - DEBUG - Joint score for alpha[15]: 16.5143
2025-08-09 01:10:29,433 - DEBUG - Joint score for alpha[0]: 16.5903
2025-08-09 01:10:32,931 - DEBUG - Joint score for alpha[1]: 16.1269
2025-08-09 01:10:36,427 - DEBUG - Joint score for alpha[2]: 16.4784
2025-08-09 01:10:39,924 - DEBUG - Joint score for alpha[3]: 16.4298
2025-08-09 01:10:43,420 - DEBUG - Joint score for alpha[4]: 15.8931
2025-08-09 01:10:46,920 - DEBUG - Joint score for alpha[5]: 16.1243
2025-08-09 01:10:50,418 - DEBUG - Joint score for alpha[6]: 16.1775
2025-08-09 01:10:53,917 - DEBUG - Joint score for alpha[7]: 16.0867
2025-08-09 01:10:57,418 - DEBUG - Joint score for alpha[8]: 16.2157
2025-08-09 01:11:00,917 - DEBUG - Joint score for alpha[9]: 16.5073
2025-08-09 01:11:04,418 - DEBUG - Joint score for alpha[10]: 16.2325
2025-08-09 01:11:07,917 - DEBUG - Joint score for alpha[11]: 16.5450
2025-08-09 01:11:11,416 - DEBUG - Joint score for alpha[12]: 16.0965
2025-08-09 01:11:14,914 - DEBUG - Joint score for alpha[13]: 16.2989
2025-08-09 01:11:18,414 - DEBUG - Joint score for alpha[14]: 16.2102
2025-08-09 01:11:21,914 - DEBUG - Joint score for alpha[15]: 16.2012
2025-08-09 01:11:25,436 - DEBUG - Joint score for alpha[0]: 16.5361
2025-08-09 01:11:28,939 - DEBUG - Joint score for alpha[1]: 16.3129
2025-08-09 01:11:32,439 - DEBUG - Joint score for alpha[2]: 16.3055
2025-08-09 01:11:35,936 - DEBUG - Joint score for alpha[3]: 16.4671
2025-08-09 01:11:39,435 - DEBUG - Joint score for alpha[4]: 16.0469
2025-08-09 01:11:42,933 - DEBUG - Joint score for alpha[5]: 16.5405
2025-08-09 01:11:46,433 - DEBUG - Joint score for alpha[6]: 16.3872
2025-08-09 01:11:49,932 - DEBUG - Joint score for alpha[7]: 16.6716
2025-08-09 01:11:53,434 - DEBUG - Joint score for alpha[8]: 16.3293
2025-08-09 01:11:56,934 - DEBUG - Joint score for alpha[9]: 16.5654
2025-08-09 01:12:00,433 - DEBUG - Joint score for alpha[10]: 16.3608
2025-08-09 01:12:03,931 - DEBUG - Joint score for alpha[11]: 16.2684
2025-08-09 01:12:07,431 - DEBUG - Joint score for alpha[12]: 16.4306
2025-08-09 01:12:10,930 - DEBUG - Joint score for alpha[13]: 16.4394
2025-08-09 01:12:14,430 - DEBUG - Joint score for alpha[14]: 16.9010
2025-08-09 01:12:17,929 - DEBUG - Joint score for alpha[15]: 16.1905
2025-08-09 01:12:21,453 - DEBUG - Joint score for alpha[0]: 16.3389
2025-08-09 01:12:24,956 - DEBUG - Joint score for alpha[1]: 16.1054
2025-08-09 01:12:28,455 - DEBUG - Joint score for alpha[2]: 16.4247
2025-08-09 01:12:31,954 - DEBUG - Joint score for alpha[3]: 16.4561
2025-08-09 01:12:35,456 - DEBUG - Joint score for alpha[4]: 16.5900
2025-08-09 01:12:38,958 - DEBUG - Joint score for alpha[5]: 16.4248
2025-08-09 01:12:42,457 - DEBUG - Joint score for alpha[6]: 16.0470
2025-08-09 01:12:45,957 - DEBUG - Joint score for alpha[7]: 16.2594
2025-08-09 01:12:49,458 - DEBUG - Joint score for alpha[8]: 16.2988
2025-08-09 01:12:52,958 - DEBUG - Joint score for alpha[9]: 16.4999
2025-08-09 01:12:56,459 - DEBUG - Joint score for alpha[10]: 16.2116
2025-08-09 01:12:59,960 - DEBUG - Joint score for alpha[11]: 16.5545
2025-08-09 01:13:03,462 - DEBUG - Joint score for alpha[12]: 16.6326
2025-08-09 01:13:06,961 - DEBUG - Joint score for alpha[13]: 16.4266
2025-08-09 01:13:10,462 - DEBUG - Joint score for alpha[14]: 16.5436
2025-08-09 01:13:13,962 - DEBUG - Joint score for alpha[15]: 16.3030
2025-08-09 01:13:17,487 - DEBUG - Joint score for alpha[0]: 16.4945
2025-08-09 01:13:20,990 - DEBUG - Joint score for alpha[1]: 16.7072
2025-08-09 01:13:24,490 - DEBUG - Joint score for alpha[2]: 16.3593
2025-08-09 01:13:27,990 - DEBUG - Joint score for alpha[3]: 16.4395
2025-08-09 01:13:31,489 - DEBUG - Joint score for alpha[4]: 16.4285
2025-08-09 01:13:34,988 - DEBUG - Joint score for alpha[5]: 16.4019
2025-08-09 01:13:38,488 - DEBUG - Joint score for alpha[6]: 16.4738
2025-08-09 01:13:41,989 - DEBUG - Joint score for alpha[7]: 16.2613
2025-08-09 01:13:45,489 - DEBUG - Joint score for alpha[8]: 16.1392
2025-08-09 01:13:48,990 - DEBUG - Joint score for alpha[9]: 16.3087
2025-08-09 01:13:52,490 - DEBUG - Joint score for alpha[10]: 16.3027
2025-08-09 01:13:55,989 - DEBUG - Joint score for alpha[11]: 16.2943
2025-08-09 01:13:59,489 - DEBUG - Joint score for alpha[12]: 16.1034
2025-08-09 01:14:02,988 - DEBUG - Joint score for alpha[13]: 16.4559
2025-08-09 01:14:06,488 - DEBUG - Joint score for alpha[14]: 16.5282
2025-08-09 01:14:09,987 - DEBUG - Joint score for alpha[15]: 16.5101
2025-08-09 01:14:10,029 - INFO - Step 30/120: mean ENERGY=16.4924
2025-08-09 01:14:10,032 - DEBUG - Beginning Gibbs iteration s = 30
2025-08-09 01:14:10,918 - DEBUG - Proposal variance adapted: 0.038
2025-08-09 01:14:14,380 - DEBUG - Joint score for alpha[0]: 16.7859
2025-08-09 01:14:17,882 - DEBUG - Joint score for alpha[1]: 16.6068
2025-08-09 01:14:21,383 - DEBUG - Joint score for alpha[2]: 16.7189
2025-08-09 01:14:24,885 - DEBUG - Joint score for alpha[3]: 16.8159
2025-08-09 01:14:28,387 - DEBUG - Joint score for alpha[4]: 17.0601
2025-08-09 01:14:31,886 - DEBUG - Joint score for alpha[5]: 16.7302
2025-08-09 01:14:35,385 - DEBUG - Joint score for alpha[6]: 16.5673
2025-08-09 01:14:38,883 - DEBUG - Joint score for alpha[7]: 16.5813
2025-08-09 01:14:42,383 - DEBUG - Joint score for alpha[8]: 16.4647
2025-08-09 01:14:45,883 - DEBUG - Joint score for alpha[9]: 16.5835
2025-08-09 01:14:49,381 - DEBUG - Joint score for alpha[10]: 16.6208
2025-08-09 01:14:52,878 - DEBUG - Joint score for alpha[11]: 16.7734
2025-08-09 01:14:56,377 - DEBUG - Joint score for alpha[12]: 16.6360
2025-08-09 01:14:59,877 - DEBUG - Joint score for alpha[13]: 16.4257
2025-08-09 01:15:03,374 - DEBUG - Joint score for alpha[14]: 16.4630
2025-08-09 01:15:06,873 - DEBUG - Joint score for alpha[15]: 16.8175
2025-08-09 01:15:10,395 - DEBUG - Joint score for alpha[0]: 16.4053
2025-08-09 01:15:13,896 - DEBUG - Joint score for alpha[1]: 16.2978
2025-08-09 01:15:17,395 - DEBUG - Joint score for alpha[2]: 16.2440
2025-08-09 01:15:20,892 - DEBUG - Joint score for alpha[3]: 16.6007
2025-08-09 01:15:24,393 - DEBUG - Joint score for alpha[4]: 16.1132
2025-08-09 01:15:27,893 - DEBUG - Joint score for alpha[5]: 16.4488
2025-08-09 01:15:31,391 - DEBUG - Joint score for alpha[6]: 16.6637
2025-08-09 01:15:34,891 - DEBUG - Joint score for alpha[7]: 16.2730
2025-08-09 01:15:38,390 - DEBUG - Joint score for alpha[8]: 16.4635
2025-08-09 01:15:41,889 - DEBUG - Joint score for alpha[9]: 16.7700
2025-08-09 01:15:45,388 - DEBUG - Joint score for alpha[10]: 16.5359
2025-08-09 01:15:48,887 - DEBUG - Joint score for alpha[11]: 16.5156
2025-08-09 01:15:52,384 - DEBUG - Joint score for alpha[12]: 16.4157
2025-08-09 01:15:55,880 - DEBUG - Joint score for alpha[13]: 16.7115
2025-08-09 01:15:59,374 - DEBUG - Joint score for alpha[14]: 17.0142
2025-08-09 01:16:02,869 - DEBUG - Joint score for alpha[15]: 16.5595
2025-08-09 01:16:06,387 - DEBUG - Joint score for alpha[0]: 16.2662
2025-08-09 01:16:09,883 - DEBUG - Joint score for alpha[1]: 15.9711
2025-08-09 01:16:13,379 - DEBUG - Joint score for alpha[2]: 16.3051
2025-08-09 01:16:16,873 - DEBUG - Joint score for alpha[3]: 16.4109
2025-08-09 01:16:20,367 - DEBUG - Joint score for alpha[4]: 16.5133
2025-08-09 01:16:23,861 - DEBUG - Joint score for alpha[5]: 16.2600
2025-08-09 01:16:27,357 - DEBUG - Joint score for alpha[6]: 16.1120
2025-08-09 01:16:30,852 - DEBUG - Joint score for alpha[7]: 16.2669
2025-08-09 01:16:34,346 - DEBUG - Joint score for alpha[8]: 16.1229
2025-08-09 01:16:37,840 - DEBUG - Joint score for alpha[9]: 16.4197
2025-08-09 01:16:41,334 - DEBUG - Joint score for alpha[10]: 16.4665
2025-08-09 01:16:44,828 - DEBUG - Joint score for alpha[11]: 16.2593
2025-08-09 01:16:48,324 - DEBUG - Joint score for alpha[12]: 16.2696
2025-08-09 01:16:51,819 - DEBUG - Joint score for alpha[13]: 16.3861
2025-08-09 01:16:55,314 - DEBUG - Joint score for alpha[14]: 16.6542
2025-08-09 01:16:58,808 - DEBUG - Joint score for alpha[15]: 16.1772
2025-08-09 01:17:02,328 - DEBUG - Joint score for alpha[0]: 16.4320
2025-08-09 01:17:05,825 - DEBUG - Joint score for alpha[1]: 16.2132
2025-08-09 01:17:09,319 - DEBUG - Joint score for alpha[2]: 16.0283
2025-08-09 01:17:12,815 - DEBUG - Joint score for alpha[3]: 15.9698
2025-08-09 01:17:16,313 - DEBUG - Joint score for alpha[4]: 15.9977
2025-08-09 01:17:19,808 - DEBUG - Joint score for alpha[5]: 16.5949
2025-08-09 01:17:23,304 - DEBUG - Joint score for alpha[6]: 16.2092
2025-08-09 01:17:26,798 - DEBUG - Joint score for alpha[7]: 16.4846
2025-08-09 01:17:30,294 - DEBUG - Joint score for alpha[8]: 16.3833
2025-08-09 01:17:33,789 - DEBUG - Joint score for alpha[9]: 16.1928
2025-08-09 01:17:37,286 - DEBUG - Joint score for alpha[10]: 16.5717
2025-08-09 01:17:40,780 - DEBUG - Joint score for alpha[11]: 16.0996
2025-08-09 01:17:44,275 - DEBUG - Joint score for alpha[12]: 16.1243
2025-08-09 01:17:47,769 - DEBUG - Joint score for alpha[13]: 16.5311
2025-08-09 01:17:51,265 - DEBUG - Joint score for alpha[14]: 16.3582
2025-08-09 01:17:54,760 - DEBUG - Joint score for alpha[15]: 16.4989
2025-08-09 01:17:58,279 - DEBUG - Joint score for alpha[0]: 16.0724
2025-08-09 01:18:01,777 - DEBUG - Joint score for alpha[1]: 16.1179
2025-08-09 01:18:05,270 - DEBUG - Joint score for alpha[2]: 16.2659
2025-08-09 01:18:08,765 - DEBUG - Joint score for alpha[3]: 16.2050
2025-08-09 01:18:12,258 - DEBUG - Joint score for alpha[4]: 16.1354
2025-08-09 01:18:15,753 - DEBUG - Joint score for alpha[5]: 16.0453
2025-08-09 01:18:19,249 - DEBUG - Joint score for alpha[6]: 16.2279
2025-08-09 01:18:22,744 - DEBUG - Joint score for alpha[7]: 16.5230
2025-08-09 01:18:26,239 - DEBUG - Joint score for alpha[8]: 16.2808
2025-08-09 01:18:29,731 - DEBUG - Joint score for alpha[9]: 16.4724
2025-08-09 01:18:33,227 - DEBUG - Joint score for alpha[10]: 16.0156
2025-08-09 01:18:36,721 - DEBUG - Joint score for alpha[11]: 16.1685
2025-08-09 01:18:40,215 - DEBUG - Joint score for alpha[12]: 16.0575
2025-08-09 01:18:43,709 - DEBUG - Joint score for alpha[13]: 16.2460
2025-08-09 01:18:47,201 - DEBUG - Joint score for alpha[14]: 16.7104
2025-08-09 01:18:50,696 - DEBUG - Joint score for alpha[15]: 16.4450
2025-08-09 01:18:50,739 - INFO - Step 31/120: mean ENERGY=16.2793
2025-08-09 01:18:50,742 - DEBUG - Beginning Gibbs iteration s = 31
2025-08-09 01:18:55,248 - DEBUG - Joint score for alpha[0]: 15.8264
2025-08-09 01:18:58,746 - DEBUG - Joint score for alpha[1]: 15.8533
2025-08-09 01:19:02,242 - DEBUG - Joint score for alpha[2]: 16.3518
2025-08-09 01:19:05,739 - DEBUG - Joint score for alpha[3]: 16.4161
2025-08-09 01:19:09,236 - DEBUG - Joint score for alpha[4]: 16.0426
2025-08-09 01:19:12,731 - DEBUG - Joint score for alpha[5]: 15.8125
2025-08-09 01:19:16,228 - DEBUG - Joint score for alpha[6]: 15.8777
2025-08-09 01:19:19,723 - DEBUG - Joint score for alpha[7]: 15.7096
2025-08-09 01:19:23,221 - DEBUG - Joint score for alpha[8]: 15.9038
2025-08-09 01:19:26,718 - DEBUG - Joint score for alpha[9]: 15.9631
2025-08-09 01:19:30,213 - DEBUG - Joint score for alpha[10]: 16.0351
2025-08-09 01:19:33,711 - DEBUG - Joint score for alpha[11]: 15.9234
2025-08-09 01:19:37,207 - DEBUG - Joint score for alpha[12]: 16.5497
2025-08-09 01:19:40,704 - DEBUG - Joint score for alpha[13]: 16.0843
2025-08-09 01:19:44,200 - DEBUG - Joint score for alpha[14]: 16.2895
2025-08-09 01:19:47,697 - DEBUG - Joint score for alpha[15]: 16.0309
2025-08-09 01:19:51,219 - DEBUG - Joint score for alpha[0]: 16.7170
2025-08-09 01:19:54,720 - DEBUG - Joint score for alpha[1]: 16.0002
2025-08-09 01:19:58,220 - DEBUG - Joint score for alpha[2]: 15.9175
2025-08-09 01:20:01,718 - DEBUG - Joint score for alpha[3]: 16.2978
2025-08-09 01:20:05,216 - DEBUG - Joint score for alpha[4]: 16.1942
2025-08-09 01:20:08,716 - DEBUG - Joint score for alpha[5]: 16.1929
2025-08-09 01:20:12,213 - DEBUG - Joint score for alpha[6]: 16.0877
2025-08-09 01:20:15,712 - DEBUG - Joint score for alpha[7]: 15.9155
2025-08-09 01:20:19,211 - DEBUG - Joint score for alpha[8]: 16.3458
2025-08-09 01:20:22,709 - DEBUG - Joint score for alpha[9]: 16.1620
2025-08-09 01:20:26,208 - DEBUG - Joint score for alpha[10]: 16.1295
2025-08-09 01:20:29,704 - DEBUG - Joint score for alpha[11]: 16.1890
2025-08-09 01:20:33,201 - DEBUG - Joint score for alpha[12]: 16.3459
2025-08-09 01:20:36,698 - DEBUG - Joint score for alpha[13]: 16.1172
2025-08-09 01:20:40,195 - DEBUG - Joint score for alpha[14]: 16.2887
2025-08-09 01:20:43,692 - DEBUG - Joint score for alpha[15]: 16.3340
2025-08-09 01:20:47,212 - DEBUG - Joint score for alpha[0]: 16.0842
2025-08-09 01:20:50,711 - DEBUG - Joint score for alpha[1]: 16.2876
2025-08-09 01:20:54,207 - DEBUG - Joint score for alpha[2]: 16.3870
2025-08-09 01:20:57,702 - DEBUG - Joint score for alpha[3]: 16.6248
2025-08-09 01:21:01,199 - DEBUG - Joint score for alpha[4]: 16.2639
2025-08-09 01:21:04,695 - DEBUG - Joint score for alpha[5]: 16.2085
2025-08-09 01:21:08,193 - DEBUG - Joint score for alpha[6]: 16.3669
2025-08-09 01:21:11,689 - DEBUG - Joint score for alpha[7]: 16.1497
2025-08-09 01:21:15,188 - DEBUG - Joint score for alpha[8]: 16.1100
2025-08-09 01:21:18,684 - DEBUG - Joint score for alpha[9]: 16.3004
2025-08-09 01:21:22,180 - DEBUG - Joint score for alpha[10]: 16.5223
2025-08-09 01:21:25,675 - DEBUG - Joint score for alpha[11]: 16.1715
2025-08-09 01:21:29,172 - DEBUG - Joint score for alpha[12]: 16.1914
2025-08-09 01:21:32,668 - DEBUG - Joint score for alpha[13]: 15.9930
2025-08-09 01:21:36,166 - DEBUG - Joint score for alpha[14]: 16.0557
2025-08-09 01:21:39,662 - DEBUG - Joint score for alpha[15]: 16.5175
2025-08-09 01:21:43,181 - DEBUG - Joint score for alpha[0]: 16.1941
2025-08-09 01:21:46,680 - DEBUG - Joint score for alpha[1]: 16.4487
2025-08-09 01:21:50,175 - DEBUG - Joint score for alpha[2]: 16.3494
2025-08-09 01:21:53,671 - DEBUG - Joint score for alpha[3]: 16.3111
2025-08-09 01:21:57,168 - DEBUG - Joint score for alpha[4]: 16.7292
2025-08-09 01:22:00,666 - DEBUG - Joint score for alpha[5]: 16.5495
2025-08-09 01:22:04,161 - DEBUG - Joint score for alpha[6]: 16.1036
2025-08-09 01:22:07,658 - DEBUG - Joint score for alpha[7]: 16.4197
2025-08-09 01:22:11,155 - DEBUG - Joint score for alpha[8]: 16.4185
2025-08-09 01:22:14,651 - DEBUG - Joint score for alpha[9]: 16.0861
2025-08-09 01:22:18,148 - DEBUG - Joint score for alpha[10]: 16.0626
2025-08-09 01:22:21,645 - DEBUG - Joint score for alpha[11]: 16.0725
2025-08-09 01:22:25,144 - DEBUG - Joint score for alpha[12]: 16.3988
2025-08-09 01:22:28,643 - DEBUG - Joint score for alpha[13]: 16.4515
2025-08-09 01:22:32,140 - DEBUG - Joint score for alpha[14]: 16.2032
2025-08-09 01:22:35,638 - DEBUG - Joint score for alpha[15]: 16.2476
2025-08-09 01:22:39,161 - DEBUG - Joint score for alpha[0]: 16.4731
2025-08-09 01:22:42,662 - DEBUG - Joint score for alpha[1]: 16.1082
2025-08-09 01:22:46,159 - DEBUG - Joint score for alpha[2]: 16.4005
2025-08-09 01:22:49,658 - DEBUG - Joint score for alpha[3]: 16.2093
2025-08-09 01:22:53,155 - DEBUG - Joint score for alpha[4]: 16.5377
2025-08-09 01:22:56,653 - DEBUG - Joint score for alpha[5]: 16.1409
2025-08-09 01:23:00,151 - DEBUG - Joint score for alpha[6]: 16.5403
2025-08-09 01:23:03,650 - DEBUG - Joint score for alpha[7]: 16.4064
2025-08-09 01:23:07,148 - DEBUG - Joint score for alpha[8]: 16.3174
2025-08-09 01:23:10,645 - DEBUG - Joint score for alpha[9]: 16.6977
2025-08-09 01:23:14,143 - DEBUG - Joint score for alpha[10]: 16.6036
2025-08-09 01:23:17,639 - DEBUG - Joint score for alpha[11]: 16.1901
2025-08-09 01:23:21,136 - DEBUG - Joint score for alpha[12]: 16.4117
2025-08-09 01:23:24,634 - DEBUG - Joint score for alpha[13]: 16.3408
2025-08-09 01:23:28,131 - DEBUG - Joint score for alpha[14]: 16.4644
2025-08-09 01:23:31,630 - DEBUG - Joint score for alpha[15]: 16.0842
2025-08-09 01:23:31,671 - INFO - Step 32/120: mean ENERGY=16.1868
2025-08-09 01:23:31,674 - DEBUG - Beginning Gibbs iteration s = 32
2025-08-09 01:23:35,780 - DEBUG - Joint score for alpha[0]: 16.2541
2025-08-09 01:23:39,280 - DEBUG - Joint score for alpha[1]: 16.0881
2025-08-09 01:23:42,777 - DEBUG - Joint score for alpha[2]: 16.4083
2025-08-09 01:23:46,274 - DEBUG - Joint score for alpha[3]: 16.3017
2025-08-09 01:23:49,771 - DEBUG - Joint score for alpha[4]: 16.4223
2025-08-09 01:23:53,266 - DEBUG - Joint score for alpha[5]: 16.1857
2025-08-09 01:23:56,762 - DEBUG - Joint score for alpha[6]: 16.4718
2025-08-09 01:24:00,257 - DEBUG - Joint score for alpha[7]: 16.1511
2025-08-09 01:24:03,755 - DEBUG - Joint score for alpha[8]: 16.1885
2025-08-09 01:24:07,252 - DEBUG - Joint score for alpha[9]: 16.2729
2025-08-09 01:24:10,748 - DEBUG - Joint score for alpha[10]: 16.5371
2025-08-09 01:24:14,246 - DEBUG - Joint score for alpha[11]: 16.7204
2025-08-09 01:24:17,743 - DEBUG - Joint score for alpha[12]: 16.4436
2025-08-09 01:24:21,240 - DEBUG - Joint score for alpha[13]: 16.0564
2025-08-09 01:24:24,736 - DEBUG - Joint score for alpha[14]: 16.2195
2025-08-09 01:24:28,233 - DEBUG - Joint score for alpha[15]: 16.2980
2025-08-09 01:24:31,754 - DEBUG - Joint score for alpha[0]: 16.5762
2025-08-09 01:24:35,254 - DEBUG - Joint score for alpha[1]: 16.3747
2025-08-09 01:24:38,751 - DEBUG - Joint score for alpha[2]: 16.3262
2025-08-09 01:24:42,250 - DEBUG - Joint score for alpha[3]: 16.4419
2025-08-09 01:24:45,746 - DEBUG - Joint score for alpha[4]: 15.9890
2025-08-09 01:24:49,245 - DEBUG - Joint score for alpha[5]: 16.8469
2025-08-09 01:24:52,742 - DEBUG - Joint score for alpha[6]: 16.2656
2025-08-09 01:24:56,240 - DEBUG - Joint score for alpha[7]: 16.4802
2025-08-09 01:24:59,739 - DEBUG - Joint score for alpha[8]: 16.4994
2025-08-09 01:25:03,238 - DEBUG - Joint score for alpha[9]: 16.3259
2025-08-09 01:25:06,738 - DEBUG - Joint score for alpha[10]: 16.3439
2025-08-09 01:25:10,237 - DEBUG - Joint score for alpha[11]: 16.5416
2025-08-09 01:25:13,738 - DEBUG - Joint score for alpha[12]: 16.2870
2025-08-09 01:25:17,238 - DEBUG - Joint score for alpha[13]: 16.0668
2025-08-09 01:25:20,738 - DEBUG - Joint score for alpha[14]: 16.6274
2025-08-09 01:25:24,715 - DEBUG - Joint score for alpha[15]: 16.5692
2025-08-09 01:25:28,237 - DEBUG - Joint score for alpha[0]: 16.5723
2025-08-09 01:25:31,737 - DEBUG - Joint score for alpha[1]: 16.1811
2025-08-09 01:25:35,236 - DEBUG - Joint score for alpha[2]: 16.5565
2025-08-09 01:25:38,731 - DEBUG - Joint score for alpha[3]: 16.4702
2025-08-09 01:25:42,228 - DEBUG - Joint score for alpha[4]: 16.5393
2025-08-09 01:25:45,725 - DEBUG - Joint score for alpha[5]: 16.3143
2025-08-09 01:25:49,646 - DEBUG - Joint score for alpha[6]: 16.5609
2025-08-09 01:25:53,142 - DEBUG - Joint score for alpha[7]: 16.7257
2025-08-09 01:25:56,638 - DEBUG - Joint score for alpha[8]: 16.3905
2025-08-09 01:26:00,132 - DEBUG - Joint score for alpha[9]: 16.0506
2025-08-09 01:26:03,628 - DEBUG - Joint score for alpha[10]: 16.4171
2025-08-09 01:26:07,122 - DEBUG - Joint score for alpha[11]: 16.2519
2025-08-09 01:26:10,620 - DEBUG - Joint score for alpha[12]: 16.1636
2025-08-09 01:26:14,115 - DEBUG - Joint score for alpha[13]: 16.3207
2025-08-09 01:26:17,608 - DEBUG - Joint score for alpha[14]: 16.2489
2025-08-09 01:26:21,101 - DEBUG - Joint score for alpha[15]: 16.2388
2025-08-09 01:26:24,619 - DEBUG - Joint score for alpha[0]: 16.1202
2025-08-09 01:26:28,118 - DEBUG - Joint score for alpha[1]: 16.4863
2025-08-09 01:26:31,615 - DEBUG - Joint score for alpha[2]: 16.3968
2025-08-09 01:26:35,111 - DEBUG - Joint score for alpha[3]: 16.1712
2025-08-09 01:26:38,609 - DEBUG - Joint score for alpha[4]: 16.7666
2025-08-09 01:26:42,106 - DEBUG - Joint score for alpha[5]: 16.1908
2025-08-09 01:26:45,602 - DEBUG - Joint score for alpha[6]: 16.2289
2025-08-09 01:26:49,099 - DEBUG - Joint score for alpha[7]: 16.4791
2025-08-09 01:26:52,596 - DEBUG - Joint score for alpha[8]: 16.7738
2025-08-09 01:26:56,092 - DEBUG - Joint score for alpha[9]: 16.4421
2025-08-09 01:26:59,592 - DEBUG - Joint score for alpha[10]: 16.3189
2025-08-09 01:27:03,091 - DEBUG - Joint score for alpha[11]: 16.4658
2025-08-09 01:27:06,590 - DEBUG - Joint score for alpha[12]: 16.4484
2025-08-09 01:27:10,089 - DEBUG - Joint score for alpha[13]: 16.1856
2025-08-09 01:27:13,588 - DEBUG - Joint score for alpha[14]: 16.2808
2025-08-09 01:27:17,087 - DEBUG - Joint score for alpha[15]: 16.7720
2025-08-09 01:27:20,609 - DEBUG - Joint score for alpha[0]: 16.3017
2025-08-09 01:27:24,109 - DEBUG - Joint score for alpha[1]: 16.8196
2025-08-09 01:27:27,607 - DEBUG - Joint score for alpha[2]: 16.7131
2025-08-09 01:27:31,105 - DEBUG - Joint score for alpha[3]: 16.7064
2025-08-09 01:27:34,603 - DEBUG - Joint score for alpha[4]: 17.1127
2025-08-09 01:27:38,100 - DEBUG - Joint score for alpha[5]: 16.2753
2025-08-09 01:27:41,599 - DEBUG - Joint score for alpha[6]: 16.4072
2025-08-09 01:27:45,096 - DEBUG - Joint score for alpha[7]: 16.2061
2025-08-09 01:27:48,596 - DEBUG - Joint score for alpha[8]: 17.1355
2025-08-09 01:27:52,094 - DEBUG - Joint score for alpha[9]: 16.4495
2025-08-09 01:27:55,591 - DEBUG - Joint score for alpha[10]: 16.1932
2025-08-09 01:27:59,088 - DEBUG - Joint score for alpha[11]: 16.9167
2025-08-09 01:28:02,583 - DEBUG - Joint score for alpha[12]: 16.4328
2025-08-09 01:28:06,079 - DEBUG - Joint score for alpha[13]: 16.3000
2025-08-09 01:28:09,575 - DEBUG - Joint score for alpha[14]: 16.3954
2025-08-09 01:28:13,071 - DEBUG - Joint score for alpha[15]: 16.4686
2025-08-09 01:28:13,113 - INFO - Step 33/120: mean ENERGY=16.4640
2025-08-09 01:28:13,116 - DEBUG - Beginning Gibbs iteration s = 33
2025-08-09 01:28:16,897 - DEBUG - Joint score for alpha[0]: 16.2617
2025-08-09 01:28:20,400 - DEBUG - Joint score for alpha[1]: 16.7933
2025-08-09 01:28:23,900 - DEBUG - Joint score for alpha[2]: 16.2005
2025-08-09 01:28:27,399 - DEBUG - Joint score for alpha[3]: 16.5173
2025-08-09 01:28:30,898 - DEBUG - Joint score for alpha[4]: 16.3725
2025-08-09 01:28:34,398 - DEBUG - Joint score for alpha[5]: 16.0711
2025-08-09 01:28:37,897 - DEBUG - Joint score for alpha[6]: 16.2698
2025-08-09 01:28:41,397 - DEBUG - Joint score for alpha[7]: 16.5142
2025-08-09 01:28:44,897 - DEBUG - Joint score for alpha[8]: 16.0952
2025-08-09 01:28:48,397 - DEBUG - Joint score for alpha[9]: 16.4311
2025-08-09 01:28:51,894 - DEBUG - Joint score for alpha[10]: 16.3459
2025-08-09 01:28:55,391 - DEBUG - Joint score for alpha[11]: 16.4998
2025-08-09 01:28:58,888 - DEBUG - Joint score for alpha[12]: 16.3933
2025-08-09 01:29:02,384 - DEBUG - Joint score for alpha[13]: 16.2235
2025-08-09 01:29:05,882 - DEBUG - Joint score for alpha[14]: 16.2846
2025-08-09 01:29:09,383 - DEBUG - Joint score for alpha[15]: 16.4396
2025-08-09 01:29:12,904 - DEBUG - Joint score for alpha[0]: 16.5897
2025-08-09 01:29:16,406 - DEBUG - Joint score for alpha[1]: 16.5910
2025-08-09 01:29:19,906 - DEBUG - Joint score for alpha[2]: 16.5554
2025-08-09 01:29:23,405 - DEBUG - Joint score for alpha[3]: 16.2338
2025-08-09 01:29:26,903 - DEBUG - Joint score for alpha[4]: 16.4571
2025-08-09 01:29:30,402 - DEBUG - Joint score for alpha[5]: 16.5410
2025-08-09 01:29:33,901 - DEBUG - Joint score for alpha[6]: 16.5833
2025-08-09 01:29:37,398 - DEBUG - Joint score for alpha[7]: 16.3343
2025-08-09 01:29:40,896 - DEBUG - Joint score for alpha[8]: 16.2684
2025-08-09 01:29:44,397 - DEBUG - Joint score for alpha[9]: 16.4877
2025-08-09 01:29:47,895 - DEBUG - Joint score for alpha[10]: 16.1799
2025-08-09 01:29:51,393 - DEBUG - Joint score for alpha[11]: 16.4887
2025-08-09 01:29:54,894 - DEBUG - Joint score for alpha[12]: 16.8329
2025-08-09 01:29:58,393 - DEBUG - Joint score for alpha[13]: 16.3381
2025-08-09 01:30:01,891 - DEBUG - Joint score for alpha[14]: 16.4686
2025-08-09 01:30:05,388 - DEBUG - Joint score for alpha[15]: 16.4685
2025-08-09 01:30:08,908 - DEBUG - Joint score for alpha[0]: 16.1925
2025-08-09 01:30:12,408 - DEBUG - Joint score for alpha[1]: 16.3419
2025-08-09 01:30:15,908 - DEBUG - Joint score for alpha[2]: 16.5248
2025-08-09 01:30:19,408 - DEBUG - Joint score for alpha[3]: 16.1982
2025-08-09 01:30:22,906 - DEBUG - Joint score for alpha[4]: 16.1225
2025-08-09 01:30:26,406 - DEBUG - Joint score for alpha[5]: 16.6720
2025-08-09 01:30:29,904 - DEBUG - Joint score for alpha[6]: 16.2605
2025-08-09 01:30:33,401 - DEBUG - Joint score for alpha[7]: 16.3551
2025-08-09 01:30:36,900 - DEBUG - Joint score for alpha[8]: 16.0737
2025-08-09 01:30:40,400 - DEBUG - Joint score for alpha[9]: 16.3893
2025-08-09 01:30:43,898 - DEBUG - Joint score for alpha[10]: 16.2284
2025-08-09 01:30:47,400 - DEBUG - Joint score for alpha[11]: 16.5464
2025-08-09 01:30:50,901 - DEBUG - Joint score for alpha[12]: 16.2879
2025-08-09 01:30:54,401 - DEBUG - Joint score for alpha[13]: 16.5401
2025-08-09 01:30:57,903 - DEBUG - Joint score for alpha[14]: 16.3879
2025-08-09 01:31:01,403 - DEBUG - Joint score for alpha[15]: 16.1170
2025-08-09 01:31:04,926 - DEBUG - Joint score for alpha[0]: 16.2046
2025-08-09 01:31:08,428 - DEBUG - Joint score for alpha[1]: 16.3458
2025-08-09 01:31:11,928 - DEBUG - Joint score for alpha[2]: 16.6550
2025-08-09 01:31:15,430 - DEBUG - Joint score for alpha[3]: 16.2941
2025-08-09 01:31:18,930 - DEBUG - Joint score for alpha[4]: 16.4946
2025-08-09 01:31:22,433 - DEBUG - Joint score for alpha[5]: 16.3825
2025-08-09 01:31:25,937 - DEBUG - Joint score for alpha[6]: 16.0291
2025-08-09 01:31:29,438 - DEBUG - Joint score for alpha[7]: 16.5121
2025-08-09 01:31:32,940 - DEBUG - Joint score for alpha[8]: 16.3362
2025-08-09 01:31:36,441 - DEBUG - Joint score for alpha[9]: 16.2548
2025-08-09 01:31:39,942 - DEBUG - Joint score for alpha[10]: 16.5819
2025-08-09 01:31:43,443 - DEBUG - Joint score for alpha[11]: 16.2350
2025-08-09 01:31:46,945 - DEBUG - Joint score for alpha[12]: 16.1105
2025-08-09 01:31:50,447 - DEBUG - Joint score for alpha[13]: 16.1734
2025-08-09 01:31:53,949 - DEBUG - Joint score for alpha[14]: 16.0927
2025-08-09 01:31:57,453 - DEBUG - Joint score for alpha[15]: 16.4020
2025-08-09 01:32:00,976 - DEBUG - Joint score for alpha[0]: 16.6739
2025-08-09 01:32:04,480 - DEBUG - Joint score for alpha[1]: 16.5842
2025-08-09 01:32:07,984 - DEBUG - Joint score for alpha[2]: 16.1947
2025-08-09 01:32:11,487 - DEBUG - Joint score for alpha[3]: 16.3013
2025-08-09 01:32:14,990 - DEBUG - Joint score for alpha[4]: 16.4055
2025-08-09 01:32:18,493 - DEBUG - Joint score for alpha[5]: 16.2949
2025-08-09 01:32:21,995 - DEBUG - Joint score for alpha[6]: 16.4367
2025-08-09 01:32:25,496 - DEBUG - Joint score for alpha[7]: 16.5858
2025-08-09 01:32:28,996 - DEBUG - Joint score for alpha[8]: 16.6064
2025-08-09 01:32:32,494 - DEBUG - Joint score for alpha[9]: 16.6510
2025-08-09 01:32:35,993 - DEBUG - Joint score for alpha[10]: 16.5717
2025-08-09 01:32:39,493 - DEBUG - Joint score for alpha[11]: 16.3366
2025-08-09 01:32:42,992 - DEBUG - Joint score for alpha[12]: 16.4504
2025-08-09 01:32:46,492 - DEBUG - Joint score for alpha[13]: 16.7040
2025-08-09 01:32:49,991 - DEBUG - Joint score for alpha[14]: 16.5815
2025-08-09 01:32:53,491 - DEBUG - Joint score for alpha[15]: 16.6140
2025-08-09 01:32:53,533 - INFO - Step 34/120: mean ENERGY=16.4105
2025-08-09 01:32:53,536 - DEBUG - Beginning Gibbs iteration s = 34
2025-08-09 01:32:57,818 - DEBUG - Joint score for alpha[0]: 16.7507
2025-08-09 01:33:01,319 - DEBUG - Joint score for alpha[1]: 17.1555
2025-08-09 01:33:04,818 - DEBUG - Joint score for alpha[2]: 16.6537
2025-08-09 01:33:08,318 - DEBUG - Joint score for alpha[3]: 16.7094
2025-08-09 01:33:11,817 - DEBUG - Joint score for alpha[4]: 16.4910
2025-08-09 01:33:15,318 - DEBUG - Joint score for alpha[5]: 16.9848
2025-08-09 01:33:18,817 - DEBUG - Joint score for alpha[6]: 16.7757
2025-08-09 01:33:22,318 - DEBUG - Joint score for alpha[7]: 16.6127
2025-08-09 01:33:25,818 - DEBUG - Joint score for alpha[8]: 16.9412
2025-08-09 01:33:29,318 - DEBUG - Joint score for alpha[9]: 16.4662
2025-08-09 01:33:32,819 - DEBUG - Joint score for alpha[10]: 16.9613
2025-08-09 01:33:36,318 - DEBUG - Joint score for alpha[11]: 16.2971
2025-08-09 01:33:39,818 - DEBUG - Joint score for alpha[12]: 17.0294
2025-08-09 01:33:43,318 - DEBUG - Joint score for alpha[13]: 16.3504
2025-08-09 01:33:46,818 - DEBUG - Joint score for alpha[14]: 16.9541
2025-08-09 01:33:50,321 - DEBUG - Joint score for alpha[15]: 16.4997
2025-08-09 01:33:53,844 - DEBUG - Joint score for alpha[0]: 16.9954
2025-08-09 01:33:57,347 - DEBUG - Joint score for alpha[1]: 16.7876
2025-08-09 01:34:00,848 - DEBUG - Joint score for alpha[2]: 16.9968
2025-08-09 01:34:04,351 - DEBUG - Joint score for alpha[3]: 16.7545
2025-08-09 01:34:07,851 - DEBUG - Joint score for alpha[4]: 17.3192
2025-08-09 01:34:11,352 - DEBUG - Joint score for alpha[5]: 17.1758
2025-08-09 01:34:14,854 - DEBUG - Joint score for alpha[6]: 16.8584
2025-08-09 01:34:18,355 - DEBUG - Joint score for alpha[7]: 16.5898
2025-08-09 01:34:21,857 - DEBUG - Joint score for alpha[8]: 16.9670
2025-08-09 01:34:25,359 - DEBUG - Joint score for alpha[9]: 16.9173
2025-08-09 01:34:28,860 - DEBUG - Joint score for alpha[10]: 16.9511
2025-08-09 01:34:32,361 - DEBUG - Joint score for alpha[11]: 16.6677
2025-08-09 01:34:35,864 - DEBUG - Joint score for alpha[12]: 16.7802
2025-08-09 01:34:39,365 - DEBUG - Joint score for alpha[13]: 16.7072
2025-08-09 01:34:42,865 - DEBUG - Joint score for alpha[14]: 17.2161
2025-08-09 01:34:46,366 - DEBUG - Joint score for alpha[15]: 16.5379
2025-08-09 01:34:49,890 - DEBUG - Joint score for alpha[0]: 17.0465
2025-08-09 01:34:53,394 - DEBUG - Joint score for alpha[1]: 16.7800
2025-08-09 01:34:56,896 - DEBUG - Joint score for alpha[2]: 16.7148
2025-08-09 01:35:00,399 - DEBUG - Joint score for alpha[3]: 16.8782
2025-08-09 01:35:03,900 - DEBUG - Joint score for alpha[4]: 16.5779
2025-08-09 01:35:07,403 - DEBUG - Joint score for alpha[5]: 16.8020
2025-08-09 01:35:10,904 - DEBUG - Joint score for alpha[6]: 16.7863
2025-08-09 01:35:14,405 - DEBUG - Joint score for alpha[7]: 16.8610
2025-08-09 01:35:17,906 - DEBUG - Joint score for alpha[8]: 16.4449
2025-08-09 01:35:21,409 - DEBUG - Joint score for alpha[9]: 17.1609
2025-08-09 01:35:24,909 - DEBUG - Joint score for alpha[10]: 16.8175
2025-08-09 01:35:28,411 - DEBUG - Joint score for alpha[11]: 16.5848
2025-08-09 01:35:31,913 - DEBUG - Joint score for alpha[12]: 17.0462
2025-08-09 01:35:35,414 - DEBUG - Joint score for alpha[13]: 16.8211
2025-08-09 01:35:38,915 - DEBUG - Joint score for alpha[14]: 16.9983
2025-08-09 01:35:42,415 - DEBUG - Joint score for alpha[15]: 16.7024
2025-08-09 01:35:45,938 - DEBUG - Joint score for alpha[0]: 16.9065
2025-08-09 01:35:49,440 - DEBUG - Joint score for alpha[1]: 16.6280
2025-08-09 01:35:52,940 - DEBUG - Joint score for alpha[2]: 16.8403
2025-08-09 01:35:56,441 - DEBUG - Joint score for alpha[3]: 17.1305
2025-08-09 01:35:59,941 - DEBUG - Joint score for alpha[4]: 16.6052
2025-08-09 01:36:03,442 - DEBUG - Joint score for alpha[5]: 17.0072
2025-08-09 01:36:06,944 - DEBUG - Joint score for alpha[6]: 17.0196
2025-08-09 01:36:10,443 - DEBUG - Joint score for alpha[7]: 16.7803
2025-08-09 01:36:13,943 - DEBUG - Joint score for alpha[8]: 16.6079
2025-08-09 01:36:17,443 - DEBUG - Joint score for alpha[9]: 17.1695
2025-08-09 01:36:20,942 - DEBUG - Joint score for alpha[10]: 17.0412
2025-08-09 01:36:24,442 - DEBUG - Joint score for alpha[11]: 16.8271
2025-08-09 01:36:27,942 - DEBUG - Joint score for alpha[12]: 16.8488
2025-08-09 01:36:31,442 - DEBUG - Joint score for alpha[13]: 16.7800
2025-08-09 01:36:34,943 - DEBUG - Joint score for alpha[14]: 16.8828
2025-08-09 01:36:38,443 - DEBUG - Joint score for alpha[15]: 16.8050
2025-08-09 01:36:41,965 - DEBUG - Joint score for alpha[0]: 16.7991
2025-08-09 01:36:45,467 - DEBUG - Joint score for alpha[1]: 17.0241
2025-08-09 01:36:48,967 - DEBUG - Joint score for alpha[2]: 16.3305
2025-08-09 01:36:52,468 - DEBUG - Joint score for alpha[3]: 16.9216
2025-08-09 01:36:55,970 - DEBUG - Joint score for alpha[4]: 17.0970
2025-08-09 01:36:59,471 - DEBUG - Joint score for alpha[5]: 16.8702
2025-08-09 01:37:02,971 - DEBUG - Joint score for alpha[6]: 16.5876
2025-08-09 01:37:06,469 - DEBUG - Joint score for alpha[7]: 16.7039
2025-08-09 01:37:09,969 - DEBUG - Joint score for alpha[8]: 16.8685
2025-08-09 01:37:13,466 - DEBUG - Joint score for alpha[9]: 17.0775
2025-08-09 01:37:16,964 - DEBUG - Joint score for alpha[10]: 16.6870
2025-08-09 01:37:20,463 - DEBUG - Joint score for alpha[11]: 17.0479
2025-08-09 01:37:23,963 - DEBUG - Joint score for alpha[12]: 16.4156
2025-08-09 01:37:27,507 - DEBUG - Joint score for alpha[13]: 16.9408
2025-08-09 01:37:31,007 - DEBUG - Joint score for alpha[14]: 17.3453
2025-08-09 01:37:34,507 - DEBUG - Joint score for alpha[15]: 16.7529
2025-08-09 01:37:34,549 - INFO - Step 35/120: mean ENERGY=16.8352
2025-08-09 01:37:34,552 - DEBUG - Beginning Gibbs iteration s = 35
2025-08-09 01:37:35,678 - DEBUG - Proposal variance adapted: 0.032
2025-08-09 01:37:39,137 - DEBUG - Joint score for alpha[0]: 17.5838
2025-08-09 01:37:42,641 - DEBUG - Joint score for alpha[1]: 17.2828
2025-08-09 01:37:46,143 - DEBUG - Joint score for alpha[2]: 16.7924
2025-08-09 01:37:49,645 - DEBUG - Joint score for alpha[3]: 17.1422
2025-08-09 01:37:53,147 - DEBUG - Joint score for alpha[4]: 16.8779
2025-08-09 01:37:56,648 - DEBUG - Joint score for alpha[5]: 16.7259
2025-08-09 01:38:00,150 - DEBUG - Joint score for alpha[6]: 17.1116
2025-08-09 01:38:03,652 - DEBUG - Joint score for alpha[7]: 16.8030
2025-08-09 01:38:07,153 - DEBUG - Joint score for alpha[8]: 16.8295
2025-08-09 01:38:10,655 - DEBUG - Joint score for alpha[9]: 16.6966
2025-08-09 01:38:14,158 - DEBUG - Joint score for alpha[10]: 17.1428
2025-08-09 01:38:17,660 - DEBUG - Joint score for alpha[11]: 16.7522
2025-08-09 01:38:21,163 - DEBUG - Joint score for alpha[12]: 16.8390
2025-08-09 01:38:24,665 - DEBUG - Joint score for alpha[13]: 16.8323
2025-08-09 01:38:28,167 - DEBUG - Joint score for alpha[14]: 16.9186
2025-08-09 01:38:31,672 - DEBUG - Joint score for alpha[15]: 16.5005
2025-08-09 01:38:35,195 - DEBUG - Joint score for alpha[0]: 16.7840
2025-08-09 01:38:38,699 - DEBUG - Joint score for alpha[1]: 16.9221
2025-08-09 01:38:42,202 - DEBUG - Joint score for alpha[2]: 16.9526
2025-08-09 01:38:45,704 - DEBUG - Joint score for alpha[3]: 16.6018
2025-08-09 01:38:49,206 - DEBUG - Joint score for alpha[4]: 17.0339
2025-08-09 01:38:52,709 - DEBUG - Joint score for alpha[5]: 16.9189
2025-08-09 01:38:56,212 - DEBUG - Joint score for alpha[6]: 16.7653
2025-08-09 01:38:59,713 - DEBUG - Joint score for alpha[7]: 16.7408
2025-08-09 01:39:03,215 - DEBUG - Joint score for alpha[8]: 16.8847
2025-08-09 01:39:06,717 - DEBUG - Joint score for alpha[9]: 16.8359
2025-08-09 01:39:10,219 - DEBUG - Joint score for alpha[10]: 17.0810
2025-08-09 01:39:13,720 - DEBUG - Joint score for alpha[11]: 16.9710
2025-08-09 01:39:17,222 - DEBUG - Joint score for alpha[12]: 17.3576
2025-08-09 01:39:20,723 - DEBUG - Joint score for alpha[13]: 16.8932
2025-08-09 01:39:24,227 - DEBUG - Joint score for alpha[14]: 17.1575
2025-08-09 01:39:27,728 - DEBUG - Joint score for alpha[15]: 16.8713
2025-08-09 01:39:31,250 - DEBUG - Joint score for alpha[0]: 16.8234
2025-08-09 01:39:34,755 - DEBUG - Joint score for alpha[1]: 16.6837
2025-08-09 01:39:38,260 - DEBUG - Joint score for alpha[2]: 16.9082
2025-08-09 01:39:41,760 - DEBUG - Joint score for alpha[3]: 16.6865
2025-08-09 01:39:45,260 - DEBUG - Joint score for alpha[4]: 16.5960
2025-08-09 01:39:48,761 - DEBUG - Joint score for alpha[5]: 16.7322
2025-08-09 01:39:52,262 - DEBUG - Joint score for alpha[6]: 16.6671
2025-08-09 01:39:55,764 - DEBUG - Joint score for alpha[7]: 16.5828
2025-08-09 01:39:59,266 - DEBUG - Joint score for alpha[8]: 16.6079
2025-08-09 01:40:02,769 - DEBUG - Joint score for alpha[9]: 17.0348
2025-08-09 01:40:06,272 - DEBUG - Joint score for alpha[10]: 17.0395
2025-08-09 01:40:09,775 - DEBUG - Joint score for alpha[11]: 16.6328
2025-08-09 01:40:13,279 - DEBUG - Joint score for alpha[12]: 16.8434
2025-08-09 01:40:16,780 - DEBUG - Joint score for alpha[13]: 16.6243
2025-08-09 01:40:20,282 - DEBUG - Joint score for alpha[14]: 16.7543
2025-08-09 01:40:23,785 - DEBUG - Joint score for alpha[15]: 16.8884
2025-08-09 01:40:27,309 - DEBUG - Joint score for alpha[0]: 16.6605
2025-08-09 01:40:30,812 - DEBUG - Joint score for alpha[1]: 16.5401
2025-08-09 01:40:34,312 - DEBUG - Joint score for alpha[2]: 16.5878
2025-08-09 01:40:37,812 - DEBUG - Joint score for alpha[3]: 16.6224
2025-08-09 01:40:41,312 - DEBUG - Joint score for alpha[4]: 16.6997
2025-08-09 01:40:44,811 - DEBUG - Joint score for alpha[5]: 16.7974
2025-08-09 01:40:48,311 - DEBUG - Joint score for alpha[6]: 16.9422
2025-08-09 01:40:51,810 - DEBUG - Joint score for alpha[7]: 17.3303
2025-08-09 01:40:55,309 - DEBUG - Joint score for alpha[8]: 16.9076
2025-08-09 01:40:58,809 - DEBUG - Joint score for alpha[9]: 16.7141
2025-08-09 01:41:02,308 - DEBUG - Joint score for alpha[10]: 16.8008
2025-08-09 01:41:05,809 - DEBUG - Joint score for alpha[11]: 16.8279
2025-08-09 01:41:09,308 - DEBUG - Joint score for alpha[12]: 16.8402
2025-08-09 01:41:12,809 - DEBUG - Joint score for alpha[13]: 17.1513
2025-08-09 01:41:16,308 - DEBUG - Joint score for alpha[14]: 16.8248
2025-08-09 01:41:19,805 - DEBUG - Joint score for alpha[15]: 16.8686
2025-08-09 01:41:23,325 - DEBUG - Joint score for alpha[0]: 17.0081
2025-08-09 01:41:26,825 - DEBUG - Joint score for alpha[1]: 16.8656
2025-08-09 01:41:30,326 - DEBUG - Joint score for alpha[2]: 17.2542
2025-08-09 01:41:33,825 - DEBUG - Joint score for alpha[3]: 16.6499
2025-08-09 01:41:37,327 - DEBUG - Joint score for alpha[4]: 16.8689
2025-08-09 01:41:40,824 - DEBUG - Joint score for alpha[5]: 16.9563
2025-08-09 01:41:44,321 - DEBUG - Joint score for alpha[6]: 17.1160
2025-08-09 01:41:47,820 - DEBUG - Joint score for alpha[7]: 16.6913
2025-08-09 01:41:51,319 - DEBUG - Joint score for alpha[8]: 16.7080
2025-08-09 01:41:54,817 - DEBUG - Joint score for alpha[9]: 16.6902
2025-08-09 01:41:58,315 - DEBUG - Joint score for alpha[10]: 16.6602
2025-08-09 01:42:01,813 - DEBUG - Joint score for alpha[11]: 16.5544
2025-08-09 01:42:05,312 - DEBUG - Joint score for alpha[12]: 17.3070
2025-08-09 01:42:08,810 - DEBUG - Joint score for alpha[13]: 16.8079
2025-08-09 01:42:12,308 - DEBUG - Joint score for alpha[14]: 17.1240
2025-08-09 01:42:15,806 - DEBUG - Joint score for alpha[15]: 16.6465
2025-08-09 01:42:15,849 - INFO - Step 36/120: mean ENERGY=16.7012
2025-08-09 01:42:15,851 - DEBUG - Beginning Gibbs iteration s = 36
2025-08-09 01:42:19,867 - DEBUG - Joint score for alpha[0]: 16.8822
2025-08-09 01:42:23,371 - DEBUG - Joint score for alpha[1]: 16.7903
2025-08-09 01:42:26,872 - DEBUG - Joint score for alpha[2]: 16.8451
2025-08-09 01:42:30,373 - DEBUG - Joint score for alpha[3]: 16.5521
2025-08-09 01:42:33,874 - DEBUG - Joint score for alpha[4]: 16.6203
2025-08-09 01:42:37,374 - DEBUG - Joint score for alpha[5]: 16.7694
2025-08-09 01:42:40,870 - DEBUG - Joint score for alpha[6]: 16.2786
2025-08-09 01:42:44,367 - DEBUG - Joint score for alpha[7]: 16.9045
2025-08-09 01:42:47,862 - DEBUG - Joint score for alpha[8]: 16.8851
2025-08-09 01:42:51,360 - DEBUG - Joint score for alpha[9]: 16.2555
2025-08-09 01:42:54,858 - DEBUG - Joint score for alpha[10]: 16.2655
2025-08-09 01:42:58,354 - DEBUG - Joint score for alpha[11]: 16.7664
2025-08-09 01:43:01,851 - DEBUG - Joint score for alpha[12]: 16.3976
2025-08-09 01:43:05,347 - DEBUG - Joint score for alpha[13]: 16.6468
2025-08-09 01:43:08,844 - DEBUG - Joint score for alpha[14]: 16.4084
2025-08-09 01:43:12,344 - DEBUG - Joint score for alpha[15]: 16.6743
2025-08-09 01:43:15,863 - DEBUG - Joint score for alpha[0]: 16.6490
2025-08-09 01:43:19,363 - DEBUG - Joint score for alpha[1]: 16.4390
2025-08-09 01:43:22,862 - DEBUG - Joint score for alpha[2]: 16.6100
2025-08-09 01:43:26,359 - DEBUG - Joint score for alpha[3]: 16.6827
2025-08-09 01:43:29,856 - DEBUG - Joint score for alpha[4]: 16.6408
2025-08-09 01:43:33,355 - DEBUG - Joint score for alpha[5]: 16.5895
2025-08-09 01:43:36,854 - DEBUG - Joint score for alpha[6]: 16.5632
2025-08-09 01:43:40,352 - DEBUG - Joint score for alpha[7]: 16.6281
2025-08-09 01:43:43,852 - DEBUG - Joint score for alpha[8]: 16.5362
2025-08-09 01:43:47,351 - DEBUG - Joint score for alpha[9]: 16.6489
2025-08-09 01:43:50,850 - DEBUG - Joint score for alpha[10]: 16.4343
2025-08-09 01:43:54,349 - DEBUG - Joint score for alpha[11]: 16.9901
2025-08-09 01:43:57,849 - DEBUG - Joint score for alpha[12]: 16.5787
2025-08-09 01:44:01,348 - DEBUG - Joint score for alpha[13]: 16.5522
2025-08-09 01:44:04,849 - DEBUG - Joint score for alpha[14]: 16.5545
2025-08-09 01:44:08,348 - DEBUG - Joint score for alpha[15]: 16.8597
2025-08-09 01:44:11,871 - DEBUG - Joint score for alpha[0]: 16.2904
2025-08-09 01:44:15,373 - DEBUG - Joint score for alpha[1]: 16.6474
2025-08-09 01:44:18,874 - DEBUG - Joint score for alpha[2]: 16.7320
2025-08-09 01:44:22,376 - DEBUG - Joint score for alpha[3]: 16.8243
2025-08-09 01:44:25,876 - DEBUG - Joint score for alpha[4]: 16.3654
2025-08-09 01:44:29,377 - DEBUG - Joint score for alpha[5]: 16.5745
2025-08-09 01:44:32,876 - DEBUG - Joint score for alpha[6]: 16.6501
2025-08-09 01:44:36,376 - DEBUG - Joint score for alpha[7]: 16.8471
2025-08-09 01:44:39,876 - DEBUG - Joint score for alpha[8]: 17.0506
2025-08-09 01:44:43,380 - DEBUG - Joint score for alpha[9]: 17.0219
2025-08-09 01:44:46,879 - DEBUG - Joint score for alpha[10]: 16.5110
2025-08-09 01:44:50,381 - DEBUG - Joint score for alpha[11]: 16.3901
2025-08-09 01:44:53,883 - DEBUG - Joint score for alpha[12]: 16.8584
2025-08-09 01:44:57,385 - DEBUG - Joint score for alpha[13]: 16.5791
2025-08-09 01:45:00,887 - DEBUG - Joint score for alpha[14]: 16.5570
2025-08-09 01:45:04,388 - DEBUG - Joint score for alpha[15]: 16.5450
2025-08-09 01:45:07,912 - DEBUG - Joint score for alpha[0]: 16.6926
2025-08-09 01:45:11,415 - DEBUG - Joint score for alpha[1]: 16.6241
2025-08-09 01:45:14,918 - DEBUG - Joint score for alpha[2]: 16.6335
2025-08-09 01:45:18,420 - DEBUG - Joint score for alpha[3]: 16.9608
2025-08-09 01:45:21,922 - DEBUG - Joint score for alpha[4]: 16.8955
2025-08-09 01:45:25,423 - DEBUG - Joint score for alpha[5]: 16.9782
2025-08-09 01:45:28,926 - DEBUG - Joint score for alpha[6]: 16.4794
2025-08-09 01:45:32,427 - DEBUG - Joint score for alpha[7]: 16.6512
2025-08-09 01:45:35,928 - DEBUG - Joint score for alpha[8]: 16.5773
2025-08-09 01:45:39,430 - DEBUG - Joint score for alpha[9]: 16.6414
2025-08-09 01:45:42,930 - DEBUG - Joint score for alpha[10]: 16.6480
2025-08-09 01:45:46,430 - DEBUG - Joint score for alpha[11]: 16.7653
2025-08-09 01:45:49,931 - DEBUG - Joint score for alpha[12]: 16.5395
2025-08-09 01:45:53,433 - DEBUG - Joint score for alpha[13]: 16.7898
2025-08-09 01:45:56,934 - DEBUG - Joint score for alpha[14]: 16.7053
2025-08-09 01:46:00,437 - DEBUG - Joint score for alpha[15]: 16.7121
2025-08-09 01:46:03,961 - DEBUG - Joint score for alpha[0]: 16.8979
2025-08-09 01:46:07,465 - DEBUG - Joint score for alpha[1]: 16.6010
2025-08-09 01:46:10,968 - DEBUG - Joint score for alpha[2]: 16.7639
2025-08-09 01:46:14,470 - DEBUG - Joint score for alpha[3]: 16.4136
2025-08-09 01:46:17,974 - DEBUG - Joint score for alpha[4]: 16.6898
2025-08-09 01:46:21,477 - DEBUG - Joint score for alpha[5]: 16.7510
2025-08-09 01:46:24,979 - DEBUG - Joint score for alpha[6]: 16.9400
2025-08-09 01:46:28,479 - DEBUG - Joint score for alpha[7]: 16.8572
2025-08-09 01:46:31,980 - DEBUG - Joint score for alpha[8]: 16.6104
2025-08-09 01:46:35,481 - DEBUG - Joint score for alpha[9]: 16.4877
2025-08-09 01:46:38,982 - DEBUG - Joint score for alpha[10]: 16.5326
2025-08-09 01:46:42,484 - DEBUG - Joint score for alpha[11]: 16.6399
2025-08-09 01:46:45,988 - DEBUG - Joint score for alpha[12]: 16.5705
2025-08-09 01:46:49,490 - DEBUG - Joint score for alpha[13]: 16.8054
2025-08-09 01:46:52,993 - DEBUG - Joint score for alpha[14]: 16.9714
2025-08-09 01:46:56,495 - DEBUG - Joint score for alpha[15]: 16.8179
2025-08-09 01:46:56,537 - INFO - Step 37/120: mean ENERGY=16.6284
2025-08-09 01:46:56,539 - DEBUG - Beginning Gibbs iteration s = 37
2025-08-09 01:47:00,573 - DEBUG - Joint score for alpha[0]: 16.4641
2025-08-09 01:47:04,078 - DEBUG - Joint score for alpha[1]: 16.7342
2025-08-09 01:47:07,581 - DEBUG - Joint score for alpha[2]: 16.9074
2025-08-09 01:47:11,084 - DEBUG - Joint score for alpha[3]: 16.3945
2025-08-09 01:47:14,587 - DEBUG - Joint score for alpha[4]: 16.9863
2025-08-09 01:47:18,090 - DEBUG - Joint score for alpha[5]: 16.6895
2025-08-09 01:47:21,592 - DEBUG - Joint score for alpha[6]: 16.7798
2025-08-09 01:47:25,094 - DEBUG - Joint score for alpha[7]: 16.4930
2025-08-09 01:47:28,596 - DEBUG - Joint score for alpha[8]: 16.7174
2025-08-09 01:47:32,098 - DEBUG - Joint score for alpha[9]: 16.3151
2025-08-09 01:47:35,600 - DEBUG - Joint score for alpha[10]: 16.3018
2025-08-09 01:47:39,102 - DEBUG - Joint score for alpha[11]: 16.7547
2025-08-09 01:47:42,603 - DEBUG - Joint score for alpha[12]: 16.7731
2025-08-09 01:47:46,104 - DEBUG - Joint score for alpha[13]: 16.7303
2025-08-09 01:47:49,606 - DEBUG - Joint score for alpha[14]: 16.0360
2025-08-09 01:47:53,110 - DEBUG - Joint score for alpha[15]: 16.4939
2025-08-09 01:47:56,633 - DEBUG - Joint score for alpha[0]: 16.9988
2025-08-09 01:48:00,138 - DEBUG - Joint score for alpha[1]: 16.4124
2025-08-09 01:48:03,641 - DEBUG - Joint score for alpha[2]: 16.5610
2025-08-09 01:48:07,143 - DEBUG - Joint score for alpha[3]: 16.5395
2025-08-09 01:48:10,644 - DEBUG - Joint score for alpha[4]: 16.3027
2025-08-09 01:48:14,146 - DEBUG - Joint score for alpha[5]: 16.7065
2025-08-09 01:48:17,650 - DEBUG - Joint score for alpha[6]: 16.4497
2025-08-09 01:48:21,149 - DEBUG - Joint score for alpha[7]: 16.2963
2025-08-09 01:48:24,652 - DEBUG - Joint score for alpha[8]: 16.6411
2025-08-09 01:48:28,155 - DEBUG - Joint score for alpha[9]: 16.4321
2025-08-09 01:48:31,656 - DEBUG - Joint score for alpha[10]: 16.3310
2025-08-09 01:48:35,158 - DEBUG - Joint score for alpha[11]: 15.9859
2025-08-09 01:48:38,661 - DEBUG - Joint score for alpha[12]: 16.2756
2025-08-09 01:48:42,163 - DEBUG - Joint score for alpha[13]: 16.1019
2025-08-09 01:48:45,664 - DEBUG - Joint score for alpha[14]: 16.5850
2025-08-09 01:48:49,165 - DEBUG - Joint score for alpha[15]: 16.3309
2025-08-09 01:48:52,689 - DEBUG - Joint score for alpha[0]: 16.3510
2025-08-09 01:48:56,192 - DEBUG - Joint score for alpha[1]: 16.2607
2025-08-09 01:48:59,694 - DEBUG - Joint score for alpha[2]: 16.2718
2025-08-09 01:49:03,198 - DEBUG - Joint score for alpha[3]: 16.0862
2025-08-09 01:49:06,700 - DEBUG - Joint score for alpha[4]: 16.3498
2025-08-09 01:49:10,204 - DEBUG - Joint score for alpha[5]: 16.0931
2025-08-09 01:49:13,705 - DEBUG - Joint score for alpha[6]: 16.4181
2025-08-09 01:49:17,205 - DEBUG - Joint score for alpha[7]: 16.0795
2025-08-09 01:49:20,706 - DEBUG - Joint score for alpha[8]: 16.2606
2025-08-09 01:49:24,208 - DEBUG - Joint score for alpha[9]: 16.6016
2025-08-09 01:49:27,707 - DEBUG - Joint score for alpha[10]: 16.2594
2025-08-09 01:49:31,210 - DEBUG - Joint score for alpha[11]: 16.6756
2025-08-09 01:49:34,713 - DEBUG - Joint score for alpha[12]: 16.2370
2025-08-09 01:49:38,215 - DEBUG - Joint score for alpha[13]: 16.3140
2025-08-09 01:49:41,718 - DEBUG - Joint score for alpha[14]: 16.5939
2025-08-09 01:49:45,220 - DEBUG - Joint score for alpha[15]: 16.5529
2025-08-09 01:49:48,745 - DEBUG - Joint score for alpha[0]: 16.2205
2025-08-09 01:49:52,249 - DEBUG - Joint score for alpha[1]: 16.2703
2025-08-09 01:49:55,751 - DEBUG - Joint score for alpha[2]: 16.4099
2025-08-09 01:49:59,253 - DEBUG - Joint score for alpha[3]: 16.5325
2025-08-09 01:50:02,756 - DEBUG - Joint score for alpha[4]: 16.4967
2025-08-09 01:50:06,258 - DEBUG - Joint score for alpha[5]: 16.1030
2025-08-09 01:50:09,761 - DEBUG - Joint score for alpha[6]: 16.3245
2025-08-09 01:50:13,262 - DEBUG - Joint score for alpha[7]: 16.2597
2025-08-09 01:50:16,764 - DEBUG - Joint score for alpha[8]: 16.3278
2025-08-09 01:50:20,265 - DEBUG - Joint score for alpha[9]: 16.3573
2025-08-09 01:50:23,766 - DEBUG - Joint score for alpha[10]: 16.4270
2025-08-09 01:50:27,266 - DEBUG - Joint score for alpha[11]: 16.1046
2025-08-09 01:50:30,767 - DEBUG - Joint score for alpha[12]: 16.2997
2025-08-09 01:50:34,268 - DEBUG - Joint score for alpha[13]: 16.4926
2025-08-09 01:50:37,769 - DEBUG - Joint score for alpha[14]: 16.3701
2025-08-09 01:50:41,271 - DEBUG - Joint score for alpha[15]: 16.1736
2025-08-09 01:50:44,795 - DEBUG - Joint score for alpha[0]: 16.3394
2025-08-09 01:50:48,299 - DEBUG - Joint score for alpha[1]: 16.5718
2025-08-09 01:50:51,801 - DEBUG - Joint score for alpha[2]: 16.3741
2025-08-09 01:50:55,304 - DEBUG - Joint score for alpha[3]: 16.3518
2025-08-09 01:50:58,808 - DEBUG - Joint score for alpha[4]: 16.4936
2025-08-09 01:51:02,311 - DEBUG - Joint score for alpha[5]: 16.3164
2025-08-09 01:51:05,814 - DEBUG - Joint score for alpha[6]: 16.2263
2025-08-09 01:51:09,314 - DEBUG - Joint score for alpha[7]: 16.5356
2025-08-09 01:51:12,815 - DEBUG - Joint score for alpha[8]: 16.2975
2025-08-09 01:51:16,315 - DEBUG - Joint score for alpha[9]: 16.4178
2025-08-09 01:51:19,815 - DEBUG - Joint score for alpha[10]: 16.7026
2025-08-09 01:51:23,316 - DEBUG - Joint score for alpha[11]: 16.1461
2025-08-09 01:51:26,818 - DEBUG - Joint score for alpha[12]: 16.3364
2025-08-09 01:51:30,319 - DEBUG - Joint score for alpha[13]: 16.3432
2025-08-09 01:51:33,820 - DEBUG - Joint score for alpha[14]: 16.2272
2025-08-09 01:51:37,322 - DEBUG - Joint score for alpha[15]: 16.2547
2025-08-09 01:51:37,364 - INFO - Step 38/120: mean ENERGY=16.2729
2025-08-09 01:51:37,366 - DEBUG - Beginning Gibbs iteration s = 38
2025-08-09 01:51:41,576 - DEBUG - Joint score for alpha[0]: 15.9667
2025-08-09 01:51:45,080 - DEBUG - Joint score for alpha[1]: 16.3341
2025-08-09 01:51:48,582 - DEBUG - Joint score for alpha[2]: 16.3790
2025-08-09 01:51:52,085 - DEBUG - Joint score for alpha[3]: 16.1867
2025-08-09 01:51:55,587 - DEBUG - Joint score for alpha[4]: 16.0007
2025-08-09 01:51:59,088 - DEBUG - Joint score for alpha[5]: 16.2949
2025-08-09 01:52:02,590 - DEBUG - Joint score for alpha[6]: 16.1699
2025-08-09 01:52:06,092 - DEBUG - Joint score for alpha[7]: 15.9649
2025-08-09 01:52:09,592 - DEBUG - Joint score for alpha[8]: 16.0642
2025-08-09 01:52:13,095 - DEBUG - Joint score for alpha[9]: 15.8567
2025-08-09 01:52:16,596 - DEBUG - Joint score for alpha[10]: 16.4406
2025-08-09 01:52:20,097 - DEBUG - Joint score for alpha[11]: 15.7565
2025-08-09 01:52:23,597 - DEBUG - Joint score for alpha[12]: 16.1824
2025-08-09 01:52:27,097 - DEBUG - Joint score for alpha[13]: 16.1100
2025-08-09 01:52:30,598 - DEBUG - Joint score for alpha[14]: 16.8846
2025-08-09 01:52:34,102 - DEBUG - Joint score for alpha[15]: 16.0475
2025-08-09 01:52:37,624 - DEBUG - Joint score for alpha[0]: 16.5035
2025-08-09 01:52:41,127 - DEBUG - Joint score for alpha[1]: 16.0288
2025-08-09 01:52:44,629 - DEBUG - Joint score for alpha[2]: 16.2678
2025-08-09 01:52:48,131 - DEBUG - Joint score for alpha[3]: 16.2920
2025-08-09 01:52:51,631 - DEBUG - Joint score for alpha[4]: 16.4488
2025-08-09 01:52:55,133 - DEBUG - Joint score for alpha[5]: 16.5352
2025-08-09 01:52:58,635 - DEBUG - Joint score for alpha[6]: 15.9972
2025-08-09 01:53:02,134 - DEBUG - Joint score for alpha[7]: 16.1721
2025-08-09 01:53:05,634 - DEBUG - Joint score for alpha[8]: 16.0744
2025-08-09 01:53:09,135 - DEBUG - Joint score for alpha[9]: 16.6098
2025-08-09 01:53:12,635 - DEBUG - Joint score for alpha[10]: 16.2305
2025-08-09 01:53:16,135 - DEBUG - Joint score for alpha[11]: 16.3876
2025-08-09 01:53:19,637 - DEBUG - Joint score for alpha[12]: 15.9840
2025-08-09 01:53:23,137 - DEBUG - Joint score for alpha[13]: 16.2262
2025-08-09 01:53:26,638 - DEBUG - Joint score for alpha[14]: 16.2496
2025-08-09 01:53:30,139 - DEBUG - Joint score for alpha[15]: 16.2370
2025-08-09 01:53:33,662 - DEBUG - Joint score for alpha[0]: 16.3852
2025-08-09 01:53:37,164 - DEBUG - Joint score for alpha[1]: 16.5663
2025-08-09 01:53:40,666 - DEBUG - Joint score for alpha[2]: 16.2566
2025-08-09 01:53:44,167 - DEBUG - Joint score for alpha[3]: 15.9547
2025-08-09 01:53:47,667 - DEBUG - Joint score for alpha[4]: 16.0308
2025-08-09 01:53:51,168 - DEBUG - Joint score for alpha[5]: 16.1092
2025-08-09 01:53:54,667 - DEBUG - Joint score for alpha[6]: 16.1322
2025-08-09 01:53:58,167 - DEBUG - Joint score for alpha[7]: 16.1371
2025-08-09 01:54:01,666 - DEBUG - Joint score for alpha[8]: 16.0326
2025-08-09 01:54:05,169 - DEBUG - Joint score for alpha[9]: 16.3366
2025-08-09 01:54:08,667 - DEBUG - Joint score for alpha[10]: 15.9730
2025-08-09 01:54:12,168 - DEBUG - Joint score for alpha[11]: 16.3677
2025-08-09 01:54:15,670 - DEBUG - Joint score for alpha[12]: 16.6208
2025-08-09 01:54:19,170 - DEBUG - Joint score for alpha[13]: 16.1219
2025-08-09 01:54:22,672 - DEBUG - Joint score for alpha[14]: 16.0908
2025-08-09 01:54:26,173 - DEBUG - Joint score for alpha[15]: 15.9201
2025-08-09 01:54:29,695 - DEBUG - Joint score for alpha[0]: 16.1918
2025-08-09 01:54:33,196 - DEBUG - Joint score for alpha[1]: 15.9692
2025-08-09 01:54:36,699 - DEBUG - Joint score for alpha[2]: 16.0335
2025-08-09 01:54:40,199 - DEBUG - Joint score for alpha[3]: 16.4213
2025-08-09 01:54:43,700 - DEBUG - Joint score for alpha[4]: 15.9334
2025-08-09 01:54:47,200 - DEBUG - Joint score for alpha[5]: 16.2867
2025-08-09 01:54:50,700 - DEBUG - Joint score for alpha[6]: 15.9559
2025-08-09 01:54:54,200 - DEBUG - Joint score for alpha[7]: 16.4358
2025-08-09 01:54:57,700 - DEBUG - Joint score for alpha[8]: 16.6055
2025-08-09 01:55:01,200 - DEBUG - Joint score for alpha[9]: 16.2953
2025-08-09 01:55:04,701 - DEBUG - Joint score for alpha[10]: 15.9742
2025-08-09 01:55:08,200 - DEBUG - Joint score for alpha[11]: 16.2948
2025-08-09 01:55:11,700 - DEBUG - Joint score for alpha[12]: 15.9768
2025-08-09 01:55:15,199 - DEBUG - Joint score for alpha[13]: 16.4320
2025-08-09 01:55:18,698 - DEBUG - Joint score for alpha[14]: 15.8473
2025-08-09 01:55:22,197 - DEBUG - Joint score for alpha[15]: 16.1078
2025-08-09 01:55:25,716 - DEBUG - Joint score for alpha[0]: 15.9228
2025-08-09 01:55:29,217 - DEBUG - Joint score for alpha[1]: 16.0331
2025-08-09 01:55:32,714 - DEBUG - Joint score for alpha[2]: 16.1226
2025-08-09 01:55:36,212 - DEBUG - Joint score for alpha[3]: 16.2089
2025-08-09 01:55:39,710 - DEBUG - Joint score for alpha[4]: 16.1944
2025-08-09 01:55:43,206 - DEBUG - Joint score for alpha[5]: 16.3606
2025-08-09 01:55:46,703 - DEBUG - Joint score for alpha[6]: 15.9788
2025-08-09 01:55:50,204 - DEBUG - Joint score for alpha[7]: 16.0563
2025-08-09 01:55:53,700 - DEBUG - Joint score for alpha[8]: 16.0379
2025-08-09 01:55:57,197 - DEBUG - Joint score for alpha[9]: 16.2628
2025-08-09 01:56:00,693 - DEBUG - Joint score for alpha[10]: 15.9913
2025-08-09 01:56:04,190 - DEBUG - Joint score for alpha[11]: 16.0952
2025-08-09 01:56:07,687 - DEBUG - Joint score for alpha[12]: 16.2434
2025-08-09 01:56:11,184 - DEBUG - Joint score for alpha[13]: 16.2497
2025-08-09 01:56:14,680 - DEBUG - Joint score for alpha[14]: 15.9474
2025-08-09 01:56:18,176 - DEBUG - Joint score for alpha[15]: 16.2705
2025-08-09 01:56:18,218 - INFO - Step 39/120: mean ENERGY=16.2003
2025-08-09 01:56:18,220 - DEBUG - Beginning Gibbs iteration s = 39
2025-08-09 01:56:22,178 - DEBUG - Joint score for alpha[0]: 16.7860
2025-08-09 01:56:25,682 - DEBUG - Joint score for alpha[1]: 16.2224
2025-08-09 01:56:29,183 - DEBUG - Joint score for alpha[2]: 15.7716
2025-08-09 01:56:32,684 - DEBUG - Joint score for alpha[3]: 16.9796
2025-08-09 01:56:36,185 - DEBUG - Joint score for alpha[4]: 16.5652
2025-08-09 01:56:39,684 - DEBUG - Joint score for alpha[5]: 16.5426
2025-08-09 01:56:43,184 - DEBUG - Joint score for alpha[6]: 16.3710
2025-08-09 01:56:46,684 - DEBUG - Joint score for alpha[7]: 16.8961
2025-08-09 01:56:50,183 - DEBUG - Joint score for alpha[8]: 16.9069
2025-08-09 01:56:53,683 - DEBUG - Joint score for alpha[9]: 16.2619
2025-08-09 01:56:57,183 - DEBUG - Joint score for alpha[10]: 16.3496
2025-08-09 01:57:00,683 - DEBUG - Joint score for alpha[11]: 16.4661
2025-08-09 01:57:04,182 - DEBUG - Joint score for alpha[12]: 16.4971
2025-08-09 01:57:07,681 - DEBUG - Joint score for alpha[13]: 16.7871
2025-08-09 01:57:11,178 - DEBUG - Joint score for alpha[14]: 16.1380
2025-08-09 01:57:14,677 - DEBUG - Joint score for alpha[15]: 16.3771
2025-08-09 01:57:18,195 - DEBUG - Joint score for alpha[0]: 16.4707
2025-08-09 01:57:21,694 - DEBUG - Joint score for alpha[1]: 16.1560
2025-08-09 01:57:25,192 - DEBUG - Joint score for alpha[2]: 16.1020
2025-08-09 01:57:28,689 - DEBUG - Joint score for alpha[3]: 16.1431
2025-08-09 01:57:32,185 - DEBUG - Joint score for alpha[4]: 16.1357
2025-08-09 01:57:35,683 - DEBUG - Joint score for alpha[5]: 16.0512
2025-08-09 01:57:39,180 - DEBUG - Joint score for alpha[6]: 16.0573
2025-08-09 01:57:42,679 - DEBUG - Joint score for alpha[7]: 16.2107
2025-08-09 01:57:46,178 - DEBUG - Joint score for alpha[8]: 16.2413
2025-08-09 01:57:49,677 - DEBUG - Joint score for alpha[9]: 16.0059
2025-08-09 01:57:53,174 - DEBUG - Joint score for alpha[10]: 16.2885
2025-08-09 01:57:56,672 - DEBUG - Joint score for alpha[11]: 16.0521
2025-08-09 01:58:00,170 - DEBUG - Joint score for alpha[12]: 16.1371
2025-08-09 01:58:03,667 - DEBUG - Joint score for alpha[13]: 15.7778
2025-08-09 01:58:07,165 - DEBUG - Joint score for alpha[14]: 15.8882
2025-08-09 01:58:10,662 - DEBUG - Joint score for alpha[15]: 15.8584
2025-08-09 01:58:14,181 - DEBUG - Joint score for alpha[0]: 16.0707
2025-08-09 01:58:17,682 - DEBUG - Joint score for alpha[1]: 15.8198
2025-08-09 01:58:21,182 - DEBUG - Joint score for alpha[2]: 16.0352
2025-08-09 01:58:24,681 - DEBUG - Joint score for alpha[3]: 15.9451
2025-08-09 01:58:28,182 - DEBUG - Joint score for alpha[4]: 15.8150
2025-08-09 01:58:31,683 - DEBUG - Joint score for alpha[5]: 16.1191
2025-08-09 01:58:35,186 - DEBUG - Joint score for alpha[6]: 16.0432
2025-08-09 01:58:38,685 - DEBUG - Joint score for alpha[7]: 15.8972
2025-08-09 01:58:42,184 - DEBUG - Joint score for alpha[8]: 15.8087
2025-08-09 01:58:45,684 - DEBUG - Joint score for alpha[9]: 15.8366
2025-08-09 01:58:49,183 - DEBUG - Joint score for alpha[10]: 15.8916
2025-08-09 01:58:52,683 - DEBUG - Joint score for alpha[11]: 15.7963
2025-08-09 01:58:56,185 - DEBUG - Joint score for alpha[12]: 15.9005
2025-08-09 01:58:59,684 - DEBUG - Joint score for alpha[13]: 15.7403
2025-08-09 01:59:03,182 - DEBUG - Joint score for alpha[14]: 16.1631
2025-08-09 01:59:06,682 - DEBUG - Joint score for alpha[15]: 15.9410
2025-08-09 01:59:10,206 - DEBUG - Joint score for alpha[0]: 15.9149
2025-08-09 01:59:13,709 - DEBUG - Joint score for alpha[1]: 16.0944
2025-08-09 01:59:17,210 - DEBUG - Joint score for alpha[2]: 15.8694
2025-08-09 01:59:20,713 - DEBUG - Joint score for alpha[3]: 15.8737
2025-08-09 01:59:24,218 - DEBUG - Joint score for alpha[4]: 15.8506
2025-08-09 01:59:27,719 - DEBUG - Joint score for alpha[5]: 15.7676
2025-08-09 01:59:31,221 - DEBUG - Joint score for alpha[6]: 15.8318
2025-08-09 01:59:34,724 - DEBUG - Joint score for alpha[7]: 16.0455
2025-08-09 01:59:38,226 - DEBUG - Joint score for alpha[8]: 16.0095
2025-08-09 01:59:41,727 - DEBUG - Joint score for alpha[9]: 16.0842
2025-08-09 01:59:45,230 - DEBUG - Joint score for alpha[10]: 15.9582
2025-08-09 01:59:48,734 - DEBUG - Joint score for alpha[11]: 15.8694
2025-08-09 01:59:52,238 - DEBUG - Joint score for alpha[12]: 15.8817
2025-08-09 01:59:55,741 - DEBUG - Joint score for alpha[13]: 15.8793
2025-08-09 01:59:59,243 - DEBUG - Joint score for alpha[14]: 15.8088
2025-08-09 02:00:02,745 - DEBUG - Joint score for alpha[15]: 15.8582
2025-08-09 02:00:06,266 - DEBUG - Joint score for alpha[0]: 15.8218
2025-08-09 02:00:09,767 - DEBUG - Joint score for alpha[1]: 15.6728
2025-08-09 02:00:13,270 - DEBUG - Joint score for alpha[2]: 15.7358
2025-08-09 02:00:16,773 - DEBUG - Joint score for alpha[3]: 15.6803
2025-08-09 02:00:20,275 - DEBUG - Joint score for alpha[4]: 15.8666
2025-08-09 02:00:23,779 - DEBUG - Joint score for alpha[5]: 16.1216
2025-08-09 02:00:27,281 - DEBUG - Joint score for alpha[6]: 16.0072
2025-08-09 02:00:30,784 - DEBUG - Joint score for alpha[7]: 15.7664
2025-08-09 02:00:34,287 - DEBUG - Joint score for alpha[8]: 15.8088
2025-08-09 02:00:37,790 - DEBUG - Joint score for alpha[9]: 15.7663
2025-08-09 02:00:41,292 - DEBUG - Joint score for alpha[10]: 15.8733
2025-08-09 02:00:44,792 - DEBUG - Joint score for alpha[11]: 15.9243
2025-08-09 02:00:48,294 - DEBUG - Joint score for alpha[12]: 15.8272
2025-08-09 02:00:51,796 - DEBUG - Joint score for alpha[13]: 15.7500
2025-08-09 02:00:55,298 - DEBUG - Joint score for alpha[14]: 16.0393
2025-08-09 02:00:58,799 - DEBUG - Joint score for alpha[15]: 15.7130
2025-08-09 02:00:58,842 - INFO - Step 40/120: mean ENERGY=15.8250
2025-08-09 02:00:58,844 - DEBUG - Beginning Gibbs iteration s = 40
2025-08-09 02:00:58,906 - DEBUG - Proposal variance adapted: 0.027
2025-08-09 02:01:02,382 - DEBUG - Joint score for alpha[0]: 15.8041
2025-08-09 02:01:05,887 - DEBUG - Joint score for alpha[1]: 15.5574
2025-08-09 02:01:09,390 - DEBUG - Joint score for alpha[2]: 15.5628
2025-08-09 02:01:12,891 - DEBUG - Joint score for alpha[3]: 15.9194
2025-08-09 02:01:16,391 - DEBUG - Joint score for alpha[4]: 15.8629
2025-08-09 02:01:19,891 - DEBUG - Joint score for alpha[5]: 15.5386
2025-08-09 02:01:23,395 - DEBUG - Joint score for alpha[6]: 15.8689
2025-08-09 02:01:26,897 - DEBUG - Joint score for alpha[7]: 15.8078
2025-08-09 02:01:30,398 - DEBUG - Joint score for alpha[8]: 15.6175
2025-08-09 02:01:33,898 - DEBUG - Joint score for alpha[9]: 15.7213
2025-08-09 02:01:37,400 - DEBUG - Joint score for alpha[10]: 15.8407
2025-08-09 02:01:40,901 - DEBUG - Joint score for alpha[11]: 15.5033
2025-08-09 02:01:44,401 - DEBUG - Joint score for alpha[12]: 15.7031
2025-08-09 02:01:47,900 - DEBUG - Joint score for alpha[13]: 15.8555
2025-08-09 02:01:51,401 - DEBUG - Joint score for alpha[14]: 15.7284
2025-08-09 02:01:54,902 - DEBUG - Joint score for alpha[15]: 15.6200
2025-08-09 02:01:58,423 - DEBUG - Joint score for alpha[0]: 15.8104
2025-08-09 02:02:01,923 - DEBUG - Joint score for alpha[1]: 15.8836
2025-08-09 02:02:05,420 - DEBUG - Joint score for alpha[2]: 15.9311
2025-08-09 02:02:08,919 - DEBUG - Joint score for alpha[3]: 16.0590
2025-08-09 02:02:12,418 - DEBUG - Joint score for alpha[4]: 15.7251
2025-08-09 02:02:15,917 - DEBUG - Joint score for alpha[5]: 15.8265
2025-08-09 02:02:19,414 - DEBUG - Joint score for alpha[6]: 16.0868
2025-08-09 02:02:22,910 - DEBUG - Joint score for alpha[7]: 15.8679
2025-08-09 02:02:26,409 - DEBUG - Joint score for alpha[8]: 15.8737
2025-08-09 02:02:29,906 - DEBUG - Joint score for alpha[9]: 15.6203
2025-08-09 02:02:33,403 - DEBUG - Joint score for alpha[10]: 15.8061
2025-08-09 02:02:36,901 - DEBUG - Joint score for alpha[11]: 15.7307
2025-08-09 02:02:40,397 - DEBUG - Joint score for alpha[12]: 15.8058
2025-08-09 02:02:43,894 - DEBUG - Joint score for alpha[13]: 15.9423
2025-08-09 02:02:47,392 - DEBUG - Joint score for alpha[14]: 15.8103
2025-08-09 02:02:50,890 - DEBUG - Joint score for alpha[15]: 15.9540
2025-08-09 02:02:54,408 - DEBUG - Joint score for alpha[0]: 15.6814
2025-08-09 02:02:57,911 - DEBUG - Joint score for alpha[1]: 15.6700
2025-08-09 02:03:01,409 - DEBUG - Joint score for alpha[2]: 15.7573
2025-08-09 02:03:04,906 - DEBUG - Joint score for alpha[3]: 15.9259
2025-08-09 02:03:08,404 - DEBUG - Joint score for alpha[4]: 15.7400
2025-08-09 02:03:11,902 - DEBUG - Joint score for alpha[5]: 15.7353
2025-08-09 02:03:15,401 - DEBUG - Joint score for alpha[6]: 16.1017
2025-08-09 02:03:18,897 - DEBUG - Joint score for alpha[7]: 15.6548
2025-08-09 02:03:22,396 - DEBUG - Joint score for alpha[8]: 16.1154
2025-08-09 02:03:25,893 - DEBUG - Joint score for alpha[9]: 15.9351
2025-08-09 02:03:29,390 - DEBUG - Joint score for alpha[10]: 15.8483
2025-08-09 02:03:32,887 - DEBUG - Joint score for alpha[11]: 15.9674
2025-08-09 02:03:36,386 - DEBUG - Joint score for alpha[12]: 15.7423
2025-08-09 02:03:39,883 - DEBUG - Joint score for alpha[13]: 16.1895
2025-08-09 02:03:43,381 - DEBUG - Joint score for alpha[14]: 15.8688
2025-08-09 02:03:46,881 - DEBUG - Joint score for alpha[15]: 15.7249
2025-08-09 02:03:50,402 - DEBUG - Joint score for alpha[0]: 16.0074
2025-08-09 02:03:53,903 - DEBUG - Joint score for alpha[1]: 15.6821
2025-08-09 02:03:57,404 - DEBUG - Joint score for alpha[2]: 15.8315
2025-08-09 02:04:00,903 - DEBUG - Joint score for alpha[3]: 16.0220
2025-08-09 02:04:04,404 - DEBUG - Joint score for alpha[4]: 15.8267
2025-08-09 02:04:07,902 - DEBUG - Joint score for alpha[5]: 15.8550
2025-08-09 02:04:11,402 - DEBUG - Joint score for alpha[6]: 15.8261
2025-08-09 02:04:14,901 - DEBUG - Joint score for alpha[7]: 15.7724
2025-08-09 02:04:18,400 - DEBUG - Joint score for alpha[8]: 15.8166
2025-08-09 02:04:21,900 - DEBUG - Joint score for alpha[9]: 16.0485
2025-08-09 02:04:25,400 - DEBUG - Joint score for alpha[10]: 15.7278
2025-08-09 02:04:28,903 - DEBUG - Joint score for alpha[11]: 15.8969
2025-08-09 02:04:32,402 - DEBUG - Joint score for alpha[12]: 15.8918
2025-08-09 02:04:35,904 - DEBUG - Joint score for alpha[13]: 16.1413
2025-08-09 02:04:39,401 - DEBUG - Joint score for alpha[14]: 15.9324
2025-08-09 02:04:42,903 - DEBUG - Joint score for alpha[15]: 15.7682
2025-08-09 02:04:46,426 - DEBUG - Joint score for alpha[0]: 15.9539
2025-08-09 02:04:49,929 - DEBUG - Joint score for alpha[1]: 15.7430
2025-08-09 02:04:53,433 - DEBUG - Joint score for alpha[2]: 15.9436
2025-08-09 02:04:56,933 - DEBUG - Joint score for alpha[3]: 16.0988
2025-08-09 02:05:00,434 - DEBUG - Joint score for alpha[4]: 16.1054
2025-08-09 02:05:03,934 - DEBUG - Joint score for alpha[5]: 15.9401
2025-08-09 02:05:07,434 - DEBUG - Joint score for alpha[6]: 16.0183
2025-08-09 02:05:10,935 - DEBUG - Joint score for alpha[7]: 15.9552
2025-08-09 02:05:14,435 - DEBUG - Joint score for alpha[8]: 15.7347
2025-08-09 02:05:17,935 - DEBUG - Joint score for alpha[9]: 15.8314
2025-08-09 02:05:21,435 - DEBUG - Joint score for alpha[10]: 15.7970
2025-08-09 02:05:24,935 - DEBUG - Joint score for alpha[11]: 16.1666
2025-08-09 02:05:28,436 - DEBUG - Joint score for alpha[12]: 15.8595
2025-08-09 02:05:31,937 - DEBUG - Joint score for alpha[13]: 15.9653
2025-08-09 02:05:35,439 - DEBUG - Joint score for alpha[14]: 16.0373
2025-08-09 02:05:38,938 - DEBUG - Joint score for alpha[15]: 16.1487
2025-08-09 02:05:38,980 - INFO - Step 41/120: mean ENERGY=15.7786
2025-08-09 02:05:38,982 - DEBUG - Beginning Gibbs iteration s = 41
2025-08-09 02:05:42,756 - DEBUG - Joint score for alpha[0]: 15.9163
2025-08-09 02:05:46,259 - DEBUG - Joint score for alpha[1]: 15.5905
2025-08-09 02:05:49,761 - DEBUG - Joint score for alpha[2]: 15.8144
2025-08-09 02:05:53,263 - DEBUG - Joint score for alpha[3]: 15.8914
2025-08-09 02:05:56,764 - DEBUG - Joint score for alpha[4]: 15.6982
2025-08-09 02:06:00,265 - DEBUG - Joint score for alpha[5]: 16.2110
2025-08-09 02:06:03,766 - DEBUG - Joint score for alpha[6]: 15.9008
2025-08-09 02:06:07,267 - DEBUG - Joint score for alpha[7]: 16.0124
2025-08-09 02:06:10,768 - DEBUG - Joint score for alpha[8]: 16.1073
2025-08-09 02:06:14,268 - DEBUG - Joint score for alpha[9]: 16.0179
2025-08-09 02:06:17,770 - DEBUG - Joint score for alpha[10]: 15.9854
2025-08-09 02:06:21,270 - DEBUG - Joint score for alpha[11]: 15.9535
2025-08-09 02:06:24,771 - DEBUG - Joint score for alpha[12]: 16.0999
2025-08-09 02:06:28,271 - DEBUG - Joint score for alpha[13]: 16.2389
2025-08-09 02:06:31,774 - DEBUG - Joint score for alpha[14]: 16.4891
2025-08-09 02:06:35,277 - DEBUG - Joint score for alpha[15]: 15.9459
2025-08-09 02:06:38,799 - DEBUG - Joint score for alpha[0]: 16.2619
2025-08-09 02:06:42,303 - DEBUG - Joint score for alpha[1]: 16.1381
2025-08-09 02:06:45,806 - DEBUG - Joint score for alpha[2]: 16.6015
2025-08-09 02:06:49,308 - DEBUG - Joint score for alpha[3]: 16.1882
2025-08-09 02:06:52,809 - DEBUG - Joint score for alpha[4]: 16.5479
2025-08-09 02:06:56,311 - DEBUG - Joint score for alpha[5]: 16.4183
2025-08-09 02:06:59,813 - DEBUG - Joint score for alpha[6]: 16.2788
2025-08-09 02:07:03,314 - DEBUG - Joint score for alpha[7]: 16.4131
2025-08-09 02:07:06,814 - DEBUG - Joint score for alpha[8]: 15.9572
2025-08-09 02:07:10,315 - DEBUG - Joint score for alpha[9]: 16.3876
2025-08-09 02:07:13,814 - DEBUG - Joint score for alpha[10]: 16.3275
2025-08-09 02:07:17,313 - DEBUG - Joint score for alpha[11]: 16.2570
2025-08-09 02:07:20,814 - DEBUG - Joint score for alpha[12]: 16.3873
2025-08-09 02:07:24,314 - DEBUG - Joint score for alpha[13]: 16.1968
2025-08-09 02:07:27,813 - DEBUG - Joint score for alpha[14]: 16.1724
2025-08-09 02:07:31,311 - DEBUG - Joint score for alpha[15]: 16.7056
2025-08-09 02:07:34,833 - DEBUG - Joint score for alpha[0]: 16.0940
2025-08-09 02:07:38,333 - DEBUG - Joint score for alpha[1]: 16.1550
2025-08-09 02:07:41,834 - DEBUG - Joint score for alpha[2]: 16.2473
2025-08-09 02:07:45,335 - DEBUG - Joint score for alpha[3]: 16.4473
2025-08-09 02:07:48,833 - DEBUG - Joint score for alpha[4]: 16.4322
2025-08-09 02:07:52,331 - DEBUG - Joint score for alpha[5]: 16.5172
2025-08-09 02:07:55,829 - DEBUG - Joint score for alpha[6]: 16.1167
2025-08-09 02:07:59,326 - DEBUG - Joint score for alpha[7]: 16.2194
2025-08-09 02:08:02,824 - DEBUG - Joint score for alpha[8]: 16.2618
2025-08-09 02:08:06,325 - DEBUG - Joint score for alpha[9]: 16.2074
2025-08-09 02:08:09,823 - DEBUG - Joint score for alpha[10]: 16.1618
2025-08-09 02:08:13,323 - DEBUG - Joint score for alpha[11]: 15.9390
2025-08-09 02:08:16,824 - DEBUG - Joint score for alpha[12]: 16.1939
2025-08-09 02:08:20,324 - DEBUG - Joint score for alpha[13]: 16.5267
2025-08-09 02:08:23,825 - DEBUG - Joint score for alpha[14]: 16.3353
2025-08-09 02:08:27,325 - DEBUG - Joint score for alpha[15]: 16.3627
2025-08-09 02:08:30,848 - DEBUG - Joint score for alpha[0]: 16.2670
2025-08-09 02:08:34,350 - DEBUG - Joint score for alpha[1]: 16.2439
2025-08-09 02:08:37,851 - DEBUG - Joint score for alpha[2]: 16.1000
2025-08-09 02:08:41,352 - DEBUG - Joint score for alpha[3]: 16.1532
2025-08-09 02:08:44,853 - DEBUG - Joint score for alpha[4]: 16.1943
2025-08-09 02:08:48,354 - DEBUG - Joint score for alpha[5]: 16.2603
2025-08-09 02:08:51,855 - DEBUG - Joint score for alpha[6]: 16.0739
2025-08-09 02:08:55,353 - DEBUG - Joint score for alpha[7]: 16.0118
2025-08-09 02:08:58,852 - DEBUG - Joint score for alpha[8]: 16.1803
2025-08-09 02:09:02,351 - DEBUG - Joint score for alpha[9]: 15.9723
2025-08-09 02:09:05,849 - DEBUG - Joint score for alpha[10]: 16.6266
2025-08-09 02:09:09,348 - DEBUG - Joint score for alpha[11]: 16.4121
2025-08-09 02:09:12,848 - DEBUG - Joint score for alpha[12]: 16.0149
2025-08-09 02:09:16,347 - DEBUG - Joint score for alpha[13]: 16.3643
2025-08-09 02:09:19,847 - DEBUG - Joint score for alpha[14]: 15.9814
2025-08-09 02:09:23,348 - DEBUG - Joint score for alpha[15]: 16.2618
2025-08-09 02:09:26,870 - DEBUG - Joint score for alpha[0]: 15.9811
2025-08-09 02:09:30,372 - DEBUG - Joint score for alpha[1]: 15.9113
2025-08-09 02:09:33,872 - DEBUG - Joint score for alpha[2]: 16.1188
2025-08-09 02:09:37,373 - DEBUG - Joint score for alpha[3]: 15.9469
2025-08-09 02:09:40,874 - DEBUG - Joint score for alpha[4]: 16.2024
2025-08-09 02:09:44,375 - DEBUG - Joint score for alpha[5]: 16.1913
2025-08-09 02:09:47,875 - DEBUG - Joint score for alpha[6]: 16.3736
2025-08-09 02:09:51,373 - DEBUG - Joint score for alpha[7]: 16.0543
2025-08-09 02:09:54,872 - DEBUG - Joint score for alpha[8]: 16.0684
2025-08-09 02:09:58,370 - DEBUG - Joint score for alpha[9]: 16.0683
2025-08-09 02:10:01,868 - DEBUG - Joint score for alpha[10]: 16.1020
2025-08-09 02:10:05,367 - DEBUG - Joint score for alpha[11]: 16.1841
2025-08-09 02:10:08,867 - DEBUG - Joint score for alpha[12]: 16.1628
2025-08-09 02:10:12,367 - DEBUG - Joint score for alpha[13]: 16.0732
2025-08-09 02:10:15,867 - DEBUG - Joint score for alpha[14]: 16.2337
2025-08-09 02:10:19,367 - DEBUG - Joint score for alpha[15]: 16.0694
2025-08-09 02:10:19,410 - INFO - Step 42/120: mean ENERGY=16.1404
2025-08-09 02:10:19,412 - DEBUG - Beginning Gibbs iteration s = 42
2025-08-09 02:10:23,266 - DEBUG - Joint score for alpha[0]: 15.8885
2025-08-09 02:10:26,769 - DEBUG - Joint score for alpha[1]: 16.0187
2025-08-09 02:10:30,270 - DEBUG - Joint score for alpha[2]: 16.0986
2025-08-09 02:10:33,772 - DEBUG - Joint score for alpha[3]: 15.9776
2025-08-09 02:10:37,271 - DEBUG - Joint score for alpha[4]: 15.8697
2025-08-09 02:10:40,771 - DEBUG - Joint score for alpha[5]: 15.8605
2025-08-09 02:10:44,270 - DEBUG - Joint score for alpha[6]: 15.9255
2025-08-09 02:10:47,770 - DEBUG - Joint score for alpha[7]: 15.9619
2025-08-09 02:10:51,268 - DEBUG - Joint score for alpha[8]: 15.9373
2025-08-09 02:10:54,766 - DEBUG - Joint score for alpha[9]: 16.1303
2025-08-09 02:10:58,265 - DEBUG - Joint score for alpha[10]: 16.2799
2025-08-09 02:11:01,762 - DEBUG - Joint score for alpha[11]: 15.9480
2025-08-09 02:11:05,260 - DEBUG - Joint score for alpha[12]: 15.9152
2025-08-09 02:11:08,757 - DEBUG - Joint score for alpha[13]: 16.2666
2025-08-09 02:11:12,254 - DEBUG - Joint score for alpha[14]: 16.2038
2025-08-09 02:11:15,754 - DEBUG - Joint score for alpha[15]: 16.1412
2025-08-09 02:11:19,273 - DEBUG - Joint score for alpha[0]: 16.0596
2025-08-09 02:11:22,772 - DEBUG - Joint score for alpha[1]: 15.9492
2025-08-09 02:11:26,270 - DEBUG - Joint score for alpha[2]: 15.8194
2025-08-09 02:11:29,768 - DEBUG - Joint score for alpha[3]: 16.1320
2025-08-09 02:11:33,265 - DEBUG - Joint score for alpha[4]: 16.2662
2025-08-09 02:11:36,762 - DEBUG - Joint score for alpha[5]: 15.9402
2025-08-09 02:11:40,260 - DEBUG - Joint score for alpha[6]: 15.8118
2025-08-09 02:11:43,757 - DEBUG - Joint score for alpha[7]: 15.9259
2025-08-09 02:11:47,255 - DEBUG - Joint score for alpha[8]: 16.3860
2025-08-09 02:11:50,753 - DEBUG - Joint score for alpha[9]: 16.1467
2025-08-09 02:11:54,250 - DEBUG - Joint score for alpha[10]: 16.1313
2025-08-09 02:11:57,747 - DEBUG - Joint score for alpha[11]: 15.9581
2025-08-09 02:12:01,246 - DEBUG - Joint score for alpha[12]: 16.1389
2025-08-09 02:12:04,744 - DEBUG - Joint score for alpha[13]: 16.1573
2025-08-09 02:12:08,242 - DEBUG - Joint score for alpha[14]: 15.9371
2025-08-09 02:12:11,739 - DEBUG - Joint score for alpha[15]: 16.2766
2025-08-09 02:12:15,260 - DEBUG - Joint score for alpha[0]: 16.0804
2025-08-09 02:12:18,760 - DEBUG - Joint score for alpha[1]: 15.9637
2025-08-09 02:12:22,260 - DEBUG - Joint score for alpha[2]: 15.8839
2025-08-09 02:12:25,761 - DEBUG - Joint score for alpha[3]: 16.0581
2025-08-09 02:12:29,260 - DEBUG - Joint score for alpha[4]: 16.0734
2025-08-09 02:12:32,760 - DEBUG - Joint score for alpha[5]: 16.2077
2025-08-09 02:12:36,260 - DEBUG - Joint score for alpha[6]: 15.8717
2025-08-09 02:12:39,760 - DEBUG - Joint score for alpha[7]: 16.1538
2025-08-09 02:12:43,260 - DEBUG - Joint score for alpha[8]: 15.7734
2025-08-09 02:12:46,762 - DEBUG - Joint score for alpha[9]: 16.0324
2025-08-09 02:12:50,262 - DEBUG - Joint score for alpha[10]: 16.1041
2025-08-09 02:12:53,767 - DEBUG - Joint score for alpha[11]: 15.8365
2025-08-09 02:12:57,270 - DEBUG - Joint score for alpha[12]: 16.1856
2025-08-09 02:13:00,771 - DEBUG - Joint score for alpha[13]: 15.8479
2025-08-09 02:13:04,272 - DEBUG - Joint score for alpha[14]: 15.9687
2025-08-09 02:13:07,773 - DEBUG - Joint score for alpha[15]: 16.0065
2025-08-09 02:13:11,297 - DEBUG - Joint score for alpha[0]: 16.0001
2025-08-09 02:13:14,800 - DEBUG - Joint score for alpha[1]: 15.9134
2025-08-09 02:13:18,300 - DEBUG - Joint score for alpha[2]: 16.0462
2025-08-09 02:13:21,803 - DEBUG - Joint score for alpha[3]: 15.8341
2025-08-09 02:13:25,304 - DEBUG - Joint score for alpha[4]: 15.9795
2025-08-09 02:13:28,806 - DEBUG - Joint score for alpha[5]: 16.0482
2025-08-09 02:13:32,310 - DEBUG - Joint score for alpha[6]: 15.8468
2025-08-09 02:13:35,811 - DEBUG - Joint score for alpha[7]: 16.3685
2025-08-09 02:13:39,312 - DEBUG - Joint score for alpha[8]: 16.1140
2025-08-09 02:13:42,814 - DEBUG - Joint score for alpha[9]: 16.2832
2025-08-09 02:13:46,314 - DEBUG - Joint score for alpha[10]: 15.9917
2025-08-09 02:13:49,814 - DEBUG - Joint score for alpha[11]: 16.0256
2025-08-09 02:13:53,314 - DEBUG - Joint score for alpha[12]: 16.0454
2025-08-09 02:13:56,815 - DEBUG - Joint score for alpha[13]: 15.9253
2025-08-09 02:14:00,316 - DEBUG - Joint score for alpha[14]: 16.0369
2025-08-09 02:14:03,817 - DEBUG - Joint score for alpha[15]: 16.1123
2025-08-09 02:14:07,338 - DEBUG - Joint score for alpha[0]: 15.8670
2025-08-09 02:14:10,842 - DEBUG - Joint score for alpha[1]: 16.1396
2025-08-09 02:14:14,342 - DEBUG - Joint score for alpha[2]: 15.9126
2025-08-09 02:14:17,842 - DEBUG - Joint score for alpha[3]: 15.8667
2025-08-09 02:14:21,344 - DEBUG - Joint score for alpha[4]: 16.0788
2025-08-09 02:14:24,845 - DEBUG - Joint score for alpha[5]: 16.1441
2025-08-09 02:14:28,345 - DEBUG - Joint score for alpha[6]: 16.0948
2025-08-09 02:14:31,843 - DEBUG - Joint score for alpha[7]: 15.9792
2025-08-09 02:14:35,342 - DEBUG - Joint score for alpha[8]: 15.9660
2025-08-09 02:14:38,841 - DEBUG - Joint score for alpha[9]: 15.8548
2025-08-09 02:14:42,339 - DEBUG - Joint score for alpha[10]: 16.0230
2025-08-09 02:14:45,838 - DEBUG - Joint score for alpha[11]: 16.0628
2025-08-09 02:14:49,338 - DEBUG - Joint score for alpha[12]: 15.9059
2025-08-09 02:14:52,836 - DEBUG - Joint score for alpha[13]: 16.0888
2025-08-09 02:14:56,336 - DEBUG - Joint score for alpha[14]: 16.4157
2025-08-09 02:14:59,835 - DEBUG - Joint score for alpha[15]: 16.0239
2025-08-09 02:14:59,878 - INFO - Step 43/120: mean ENERGY=15.9927
2025-08-09 02:14:59,880 - DEBUG - Beginning Gibbs iteration s = 43
2025-08-09 02:15:04,059 - DEBUG - Joint score for alpha[0]: 15.9857
2025-08-09 02:15:07,563 - DEBUG - Joint score for alpha[1]: 16.0290
2025-08-09 02:15:11,065 - DEBUG - Joint score for alpha[2]: 16.0159
2025-08-09 02:15:14,567 - DEBUG - Joint score for alpha[3]: 16.2395
2025-08-09 02:15:18,069 - DEBUG - Joint score for alpha[4]: 16.0757
2025-08-09 02:15:21,571 - DEBUG - Joint score for alpha[5]: 16.2303
2025-08-09 02:15:25,072 - DEBUG - Joint score for alpha[6]: 16.2493
2025-08-09 02:15:28,573 - DEBUG - Joint score for alpha[7]: 15.8225
2025-08-09 02:15:32,073 - DEBUG - Joint score for alpha[8]: 16.0896
2025-08-09 02:15:35,572 - DEBUG - Joint score for alpha[9]: 15.9922
2025-08-09 02:15:39,072 - DEBUG - Joint score for alpha[10]: 15.9977
2025-08-09 02:15:42,572 - DEBUG - Joint score for alpha[11]: 15.8884
2025-08-09 02:15:46,069 - DEBUG - Joint score for alpha[12]: 16.0978
2025-08-09 02:15:49,567 - DEBUG - Joint score for alpha[13]: 15.8575
2025-08-09 02:15:53,066 - DEBUG - Joint score for alpha[14]: 16.0567
2025-08-09 02:15:56,566 - DEBUG - Joint score for alpha[15]: 15.6651
2025-08-09 02:16:00,084 - DEBUG - Joint score for alpha[0]: 16.1844
2025-08-09 02:16:03,588 - DEBUG - Joint score for alpha[1]: 15.8989
2025-08-09 02:16:07,087 - DEBUG - Joint score for alpha[2]: 16.2073
2025-08-09 02:16:10,587 - DEBUG - Joint score for alpha[3]: 16.0870
2025-08-09 02:16:14,084 - DEBUG - Joint score for alpha[4]: 15.8758
2025-08-09 02:16:17,584 - DEBUG - Joint score for alpha[5]: 16.0279
2025-08-09 02:16:21,084 - DEBUG - Joint score for alpha[6]: 16.0279
2025-08-09 02:16:24,582 - DEBUG - Joint score for alpha[7]: 16.0718
2025-08-09 02:16:28,083 - DEBUG - Joint score for alpha[8]: 16.2246
2025-08-09 02:16:31,584 - DEBUG - Joint score for alpha[9]: 15.9658
2025-08-09 02:16:35,084 - DEBUG - Joint score for alpha[10]: 16.1995
2025-08-09 02:16:38,586 - DEBUG - Joint score for alpha[11]: 15.7936
2025-08-09 02:16:42,088 - DEBUG - Joint score for alpha[12]: 16.3841
2025-08-09 02:16:45,589 - DEBUG - Joint score for alpha[13]: 15.9581
2025-08-09 02:16:49,092 - DEBUG - Joint score for alpha[14]: 16.0229
2025-08-09 02:16:52,594 - DEBUG - Joint score for alpha[15]: 16.1398
2025-08-09 02:16:56,117 - DEBUG - Joint score for alpha[0]: 16.2363
2025-08-09 02:16:59,618 - DEBUG - Joint score for alpha[1]: 16.1617
2025-08-09 02:17:03,119 - DEBUG - Joint score for alpha[2]: 16.2401
2025-08-09 02:17:06,620 - DEBUG - Joint score for alpha[3]: 16.1749
2025-08-09 02:17:10,119 - DEBUG - Joint score for alpha[4]: 16.0473
2025-08-09 02:17:13,619 - DEBUG - Joint score for alpha[5]: 16.1215
2025-08-09 02:17:17,117 - DEBUG - Joint score for alpha[6]: 16.3593
2025-08-09 02:17:20,614 - DEBUG - Joint score for alpha[7]: 16.1158
2025-08-09 02:17:24,114 - DEBUG - Joint score for alpha[8]: 16.2329
2025-08-09 02:17:27,615 - DEBUG - Joint score for alpha[9]: 15.8686
2025-08-09 02:17:31,111 - DEBUG - Joint score for alpha[10]: 16.4419
2025-08-09 02:17:34,611 - DEBUG - Joint score for alpha[11]: 16.1682
2025-08-09 02:17:38,112 - DEBUG - Joint score for alpha[12]: 16.2529
2025-08-09 02:17:41,611 - DEBUG - Joint score for alpha[13]: 16.1272
2025-08-09 02:17:45,111 - DEBUG - Joint score for alpha[14]: 16.0335
2025-08-09 02:17:48,610 - DEBUG - Joint score for alpha[15]: 16.2463
2025-08-09 02:17:52,131 - DEBUG - Joint score for alpha[0]: 15.9854
2025-08-09 02:17:55,631 - DEBUG - Joint score for alpha[1]: 16.1533
2025-08-09 02:17:59,130 - DEBUG - Joint score for alpha[2]: 16.0582
2025-08-09 02:18:02,628 - DEBUG - Joint score for alpha[3]: 15.9856
2025-08-09 02:18:06,124 - DEBUG - Joint score for alpha[4]: 16.0283
2025-08-09 02:18:09,623 - DEBUG - Joint score for alpha[5]: 15.9820
2025-08-09 02:18:13,120 - DEBUG - Joint score for alpha[6]: 15.9413
2025-08-09 02:18:16,619 - DEBUG - Joint score for alpha[7]: 16.1500
2025-08-09 02:18:20,118 - DEBUG - Joint score for alpha[8]: 16.0916
2025-08-09 02:18:23,618 - DEBUG - Joint score for alpha[9]: 16.1537
2025-08-09 02:18:27,119 - DEBUG - Joint score for alpha[10]: 16.3789
2025-08-09 02:18:30,620 - DEBUG - Joint score for alpha[11]: 16.1180
2025-08-09 02:18:34,119 - DEBUG - Joint score for alpha[12]: 16.0899
2025-08-09 02:18:37,618 - DEBUG - Joint score for alpha[13]: 16.1180
2025-08-09 02:18:41,117 - DEBUG - Joint score for alpha[14]: 16.0293
2025-08-09 02:18:44,617 - DEBUG - Joint score for alpha[15]: 15.9766
2025-08-09 02:18:48,138 - DEBUG - Joint score for alpha[0]: 16.2364
2025-08-09 02:18:51,639 - DEBUG - Joint score for alpha[1]: 16.1348
2025-08-09 02:18:55,141 - DEBUG - Joint score for alpha[2]: 16.1044
2025-08-09 02:18:58,640 - DEBUG - Joint score for alpha[3]: 16.2621
2025-08-09 02:19:02,139 - DEBUG - Joint score for alpha[4]: 16.1517
2025-08-09 02:19:05,639 - DEBUG - Joint score for alpha[5]: 16.1606
2025-08-09 02:19:09,139 - DEBUG - Joint score for alpha[6]: 15.9027
2025-08-09 02:19:12,638 - DEBUG - Joint score for alpha[7]: 16.1079
2025-08-09 02:19:16,137 - DEBUG - Joint score for alpha[8]: 16.2253
2025-08-09 02:19:19,636 - DEBUG - Joint score for alpha[9]: 16.2931
2025-08-09 02:19:23,137 - DEBUG - Joint score for alpha[10]: 15.9728
2025-08-09 02:19:26,636 - DEBUG - Joint score for alpha[11]: 16.0027
2025-08-09 02:19:30,137 - DEBUG - Joint score for alpha[12]: 15.9862
2025-08-09 02:19:33,637 - DEBUG - Joint score for alpha[13]: 16.2471
2025-08-09 02:19:37,139 - DEBUG - Joint score for alpha[14]: 15.9273
2025-08-09 02:19:40,640 - DEBUG - Joint score for alpha[15]: 16.2352
2025-08-09 02:19:40,683 - INFO - Step 44/120: mean ENERGY=16.0332
2025-08-09 02:19:40,685 - DEBUG - Beginning Gibbs iteration s = 44
2025-08-09 02:19:44,477 - DEBUG - Joint score for alpha[0]: 15.9768
2025-08-09 02:19:47,982 - DEBUG - Joint score for alpha[1]: 16.1353
2025-08-09 02:19:51,484 - DEBUG - Joint score for alpha[2]: 15.7410
2025-08-09 02:19:54,985 - DEBUG - Joint score for alpha[3]: 15.8197
2025-08-09 02:19:58,485 - DEBUG - Joint score for alpha[4]: 16.0684
2025-08-09 02:20:01,987 - DEBUG - Joint score for alpha[5]: 15.9041
2025-08-09 02:20:05,488 - DEBUG - Joint score for alpha[6]: 15.8358
2025-08-09 02:20:08,990 - DEBUG - Joint score for alpha[7]: 16.0906
2025-08-09 02:20:12,490 - DEBUG - Joint score for alpha[8]: 15.9822
2025-08-09 02:20:15,992 - DEBUG - Joint score for alpha[9]: 15.7418
2025-08-09 02:20:19,494 - DEBUG - Joint score for alpha[10]: 16.0724
2025-08-09 02:20:22,996 - DEBUG - Joint score for alpha[11]: 16.1250
2025-08-09 02:20:26,498 - DEBUG - Joint score for alpha[12]: 15.9528
2025-08-09 02:20:30,000 - DEBUG - Joint score for alpha[13]: 16.4522
2025-08-09 02:20:33,502 - DEBUG - Joint score for alpha[14]: 15.8861
2025-08-09 02:20:37,006 - DEBUG - Joint score for alpha[15]: 16.2301
2025-08-09 02:20:40,529 - DEBUG - Joint score for alpha[0]: 16.1491
2025-08-09 02:20:44,034 - DEBUG - Joint score for alpha[1]: 15.8578
2025-08-09 02:20:47,537 - DEBUG - Joint score for alpha[2]: 15.9213
2025-08-09 02:20:51,040 - DEBUG - Joint score for alpha[3]: 16.0305
2025-08-09 02:20:54,540 - DEBUG - Joint score for alpha[4]: 16.1715
2025-08-09 02:20:58,043 - DEBUG - Joint score for alpha[5]: 16.0474
2025-08-09 02:21:01,547 - DEBUG - Joint score for alpha[6]: 16.4694
2025-08-09 02:21:05,050 - DEBUG - Joint score for alpha[7]: 15.9171
2025-08-09 02:21:08,555 - DEBUG - Joint score for alpha[8]: 15.9858
2025-08-09 02:21:12,059 - DEBUG - Joint score for alpha[9]: 16.0442
2025-08-09 02:21:15,563 - DEBUG - Joint score for alpha[10]: 15.9752
2025-08-09 02:21:19,066 - DEBUG - Joint score for alpha[11]: 16.1548
2025-08-09 02:21:22,572 - DEBUG - Joint score for alpha[12]: 15.8613
2025-08-09 02:21:26,075 - DEBUG - Joint score for alpha[13]: 16.1651
2025-08-09 02:21:29,579 - DEBUG - Joint score for alpha[14]: 16.0407
2025-08-09 02:21:33,083 - DEBUG - Joint score for alpha[15]: 15.9856
2025-08-09 02:21:36,610 - DEBUG - Joint score for alpha[0]: 15.9242
2025-08-09 02:21:40,115 - DEBUG - Joint score for alpha[1]: 15.8708
2025-08-09 02:21:43,620 - DEBUG - Joint score for alpha[2]: 16.0467
2025-08-09 02:21:47,126 - DEBUG - Joint score for alpha[3]: 16.1435
2025-08-09 02:21:50,629 - DEBUG - Joint score for alpha[4]: 16.0592
2025-08-09 02:21:54,133 - DEBUG - Joint score for alpha[5]: 15.9212
2025-08-09 02:21:57,636 - DEBUG - Joint score for alpha[6]: 16.0252
2025-08-09 02:22:01,138 - DEBUG - Joint score for alpha[7]: 15.9935
2025-08-09 02:22:04,642 - DEBUG - Joint score for alpha[8]: 16.0325
2025-08-09 02:22:08,147 - DEBUG - Joint score for alpha[9]: 15.9257
2025-08-09 02:22:11,649 - DEBUG - Joint score for alpha[10]: 15.8580
2025-08-09 02:22:15,154 - DEBUG - Joint score for alpha[11]: 15.8673
2025-08-09 02:22:18,657 - DEBUG - Joint score for alpha[12]: 15.9773
2025-08-09 02:22:22,160 - DEBUG - Joint score for alpha[13]: 15.9932
2025-08-09 02:22:25,663 - DEBUG - Joint score for alpha[14]: 16.1875
2025-08-09 02:22:29,165 - DEBUG - Joint score for alpha[15]: 16.1757
2025-08-09 02:22:32,690 - DEBUG - Joint score for alpha[0]: 15.8608
2025-08-09 02:22:36,194 - DEBUG - Joint score for alpha[1]: 15.9346
2025-08-09 02:22:39,696 - DEBUG - Joint score for alpha[2]: 16.0845
2025-08-09 02:22:43,197 - DEBUG - Joint score for alpha[3]: 16.1194
2025-08-09 02:22:46,699 - DEBUG - Joint score for alpha[4]: 15.9543
2025-08-09 02:22:50,201 - DEBUG - Joint score for alpha[5]: 16.0810
2025-08-09 02:22:53,702 - DEBUG - Joint score for alpha[6]: 16.0783
2025-08-09 02:22:57,202 - DEBUG - Joint score for alpha[7]: 16.1004
2025-08-09 02:23:00,701 - DEBUG - Joint score for alpha[8]: 16.1280
2025-08-09 02:23:04,200 - DEBUG - Joint score for alpha[9]: 16.1686
2025-08-09 02:23:07,699 - DEBUG - Joint score for alpha[10]: 16.0185
2025-08-09 02:23:11,199 - DEBUG - Joint score for alpha[11]: 16.0456
2025-08-09 02:23:14,700 - DEBUG - Joint score for alpha[12]: 15.9035
2025-08-09 02:23:18,201 - DEBUG - Joint score for alpha[13]: 15.9857
2025-08-09 02:23:21,702 - DEBUG - Joint score for alpha[14]: 16.2799
2025-08-09 02:23:25,204 - DEBUG - Joint score for alpha[15]: 16.2287
2025-08-09 02:23:28,727 - DEBUG - Joint score for alpha[0]: 15.9855
2025-08-09 02:23:32,229 - DEBUG - Joint score for alpha[1]: 15.8193
2025-08-09 02:23:35,730 - DEBUG - Joint score for alpha[2]: 15.8861
2025-08-09 02:23:39,228 - DEBUG - Joint score for alpha[3]: 15.9763
2025-08-09 02:23:42,725 - DEBUG - Joint score for alpha[4]: 16.0027
2025-08-09 02:23:46,223 - DEBUG - Joint score for alpha[5]: 15.8901
2025-08-09 02:23:49,721 - DEBUG - Joint score for alpha[6]: 16.1354
2025-08-09 02:23:53,218 - DEBUG - Joint score for alpha[7]: 15.9783
2025-08-09 02:23:56,716 - DEBUG - Joint score for alpha[8]: 16.1299
2025-08-09 02:24:00,214 - DEBUG - Joint score for alpha[9]: 16.2689
2025-08-09 02:24:03,712 - DEBUG - Joint score for alpha[10]: 15.8614
2025-08-09 02:24:07,209 - DEBUG - Joint score for alpha[11]: 16.0866
2025-08-09 02:24:10,706 - DEBUG - Joint score for alpha[12]: 16.0656
2025-08-09 02:24:14,203 - DEBUG - Joint score for alpha[13]: 15.9069
2025-08-09 02:24:17,701 - DEBUG - Joint score for alpha[14]: 16.0130
2025-08-09 02:24:21,196 - DEBUG - Joint score for alpha[15]: 15.8156
2025-08-09 02:24:21,239 - INFO - Step 45/120: mean ENERGY=16.0468
2025-08-09 02:24:21,241 - DEBUG - Beginning Gibbs iteration s = 45
2025-08-09 02:24:21,644 - DEBUG - Proposal variance adapted: 0.023
2025-08-09 02:24:25,101 - DEBUG - Joint score for alpha[0]: 15.8908
2025-08-09 02:24:28,601 - DEBUG - Joint score for alpha[1]: 16.0258
2025-08-09 02:24:32,098 - DEBUG - Joint score for alpha[2]: 15.8575
2025-08-09 02:24:35,596 - DEBUG - Joint score for alpha[3]: 15.9446
2025-08-09 02:24:39,093 - DEBUG - Joint score for alpha[4]: 15.9260
2025-08-09 02:24:42,590 - DEBUG - Joint score for alpha[5]: 16.0152
2025-08-09 02:24:46,087 - DEBUG - Joint score for alpha[6]: 15.8598
2025-08-09 02:24:49,584 - DEBUG - Joint score for alpha[7]: 15.9973
2025-08-09 02:24:53,080 - DEBUG - Joint score for alpha[8]: 16.2751
2025-08-09 02:24:56,577 - DEBUG - Joint score for alpha[9]: 15.6865
2025-08-09 02:25:00,075 - DEBUG - Joint score for alpha[10]: 16.1104
2025-08-09 02:25:03,573 - DEBUG - Joint score for alpha[11]: 16.1432
2025-08-09 02:25:07,070 - DEBUG - Joint score for alpha[12]: 15.9383
2025-08-09 02:25:10,567 - DEBUG - Joint score for alpha[13]: 15.7864
2025-08-09 02:25:14,065 - DEBUG - Joint score for alpha[14]: 16.1667
2025-08-09 02:25:17,565 - DEBUG - Joint score for alpha[15]: 16.1103
2025-08-09 02:25:21,084 - DEBUG - Joint score for alpha[0]: 15.7853
2025-08-09 02:25:24,584 - DEBUG - Joint score for alpha[1]: 15.8263
2025-08-09 02:25:28,084 - DEBUG - Joint score for alpha[2]: 15.8984
2025-08-09 02:25:31,582 - DEBUG - Joint score for alpha[3]: 15.7444
2025-08-09 02:25:35,083 - DEBUG - Joint score for alpha[4]: 15.6863
2025-08-09 02:25:38,580 - DEBUG - Joint score for alpha[5]: 15.9012
2025-08-09 02:25:42,079 - DEBUG - Joint score for alpha[6]: 15.8578
2025-08-09 02:25:45,577 - DEBUG - Joint score for alpha[7]: 15.7913
2025-08-09 02:25:49,077 - DEBUG - Joint score for alpha[8]: 15.9408
2025-08-09 02:25:52,578 - DEBUG - Joint score for alpha[9]: 15.9947
2025-08-09 02:25:56,076 - DEBUG - Joint score for alpha[10]: 15.8377
2025-08-09 02:25:59,575 - DEBUG - Joint score for alpha[11]: 15.8518
2025-08-09 02:26:03,076 - DEBUG - Joint score for alpha[12]: 15.8871
2025-08-09 02:26:06,573 - DEBUG - Joint score for alpha[13]: 15.7994
2025-08-09 02:26:10,071 - DEBUG - Joint score for alpha[14]: 15.7377
2025-08-09 02:26:13,570 - DEBUG - Joint score for alpha[15]: 15.7034
2025-08-09 02:26:17,088 - DEBUG - Joint score for alpha[0]: 15.8947
2025-08-09 02:26:20,588 - DEBUG - Joint score for alpha[1]: 15.9654
2025-08-09 02:26:24,085 - DEBUG - Joint score for alpha[2]: 15.8023
2025-08-09 02:26:27,584 - DEBUG - Joint score for alpha[3]: 15.7923
2025-08-09 02:26:31,082 - DEBUG - Joint score for alpha[4]: 15.9666
2025-08-09 02:26:34,580 - DEBUG - Joint score for alpha[5]: 15.7429
2025-08-09 02:26:38,077 - DEBUG - Joint score for alpha[6]: 15.7111
2025-08-09 02:26:41,576 - DEBUG - Joint score for alpha[7]: 15.7640
2025-08-09 02:26:45,074 - DEBUG - Joint score for alpha[8]: 15.9405
2025-08-09 02:26:48,572 - DEBUG - Joint score for alpha[9]: 15.9154
2025-08-09 02:26:52,070 - DEBUG - Joint score for alpha[10]: 15.9013
2025-08-09 02:26:55,568 - DEBUG - Joint score for alpha[11]: 15.7097
2025-08-09 02:26:59,066 - DEBUG - Joint score for alpha[12]: 15.9164
2025-08-09 02:27:02,565 - DEBUG - Joint score for alpha[13]: 15.7544
2025-08-09 02:27:06,064 - DEBUG - Joint score for alpha[14]: 15.9531
2025-08-09 02:27:09,563 - DEBUG - Joint score for alpha[15]: 15.7539
2025-08-09 02:27:13,084 - DEBUG - Joint score for alpha[0]: 15.8387
2025-08-09 02:27:16,588 - DEBUG - Joint score for alpha[1]: 15.7923
2025-08-09 02:27:20,090 - DEBUG - Joint score for alpha[2]: 15.7558
2025-08-09 02:27:23,589 - DEBUG - Joint score for alpha[3]: 15.9497
2025-08-09 02:27:27,091 - DEBUG - Joint score for alpha[4]: 15.8935
2025-08-09 02:27:30,591 - DEBUG - Joint score for alpha[5]: 15.8405
2025-08-09 02:27:34,092 - DEBUG - Joint score for alpha[6]: 15.8408
2025-08-09 02:27:37,592 - DEBUG - Joint score for alpha[7]: 15.9404
2025-08-09 02:27:41,093 - DEBUG - Joint score for alpha[8]: 15.8082
2025-08-09 02:27:44,593 - DEBUG - Joint score for alpha[9]: 15.9414
2025-08-09 02:27:48,094 - DEBUG - Joint score for alpha[10]: 15.9465
2025-08-09 02:27:51,593 - DEBUG - Joint score for alpha[11]: 15.8313
2025-08-09 02:27:55,093 - DEBUG - Joint score for alpha[12]: 15.7777
2025-08-09 02:27:58,592 - DEBUG - Joint score for alpha[13]: 15.7557
2025-08-09 02:28:02,093 - DEBUG - Joint score for alpha[14]: 15.8336
2025-08-09 02:28:05,594 - DEBUG - Joint score for alpha[15]: 15.8497
2025-08-09 02:28:09,116 - DEBUG - Joint score for alpha[0]: 15.7640
2025-08-09 02:28:12,619 - DEBUG - Joint score for alpha[1]: 15.7441
2025-08-09 02:28:16,119 - DEBUG - Joint score for alpha[2]: 16.0546
2025-08-09 02:28:19,620 - DEBUG - Joint score for alpha[3]: 15.8364
2025-08-09 02:28:23,120 - DEBUG - Joint score for alpha[4]: 15.9964
2025-08-09 02:28:26,622 - DEBUG - Joint score for alpha[5]: 15.9467
2025-08-09 02:28:30,123 - DEBUG - Joint score for alpha[6]: 15.8547
2025-08-09 02:28:33,625 - DEBUG - Joint score for alpha[7]: 16.0446
2025-08-09 02:28:37,127 - DEBUG - Joint score for alpha[8]: 15.9782
2025-08-09 02:28:40,628 - DEBUG - Joint score for alpha[9]: 15.8113
2025-08-09 02:28:44,131 - DEBUG - Joint score for alpha[10]: 15.8561
2025-08-09 02:28:47,634 - DEBUG - Joint score for alpha[11]: 15.9130
2025-08-09 02:28:51,135 - DEBUG - Joint score for alpha[12]: 15.8416
2025-08-09 02:28:54,636 - DEBUG - Joint score for alpha[13]: 15.7718
2025-08-09 02:28:58,134 - DEBUG - Joint score for alpha[14]: 16.0287
2025-08-09 02:29:01,633 - DEBUG - Joint score for alpha[15]: 15.8807
2025-08-09 02:29:01,675 - INFO - Step 46/120: mean ENERGY=15.8104
2025-08-09 02:29:01,678 - DEBUG - Beginning Gibbs iteration s = 46
2025-08-09 02:29:05,647 - DEBUG - Joint score for alpha[0]: 15.6896
2025-08-09 02:29:09,151 - DEBUG - Joint score for alpha[1]: 15.6529
2025-08-09 02:29:12,653 - DEBUG - Joint score for alpha[2]: 16.3071
2025-08-09 02:29:16,156 - DEBUG - Joint score for alpha[3]: 15.8941
2025-08-09 02:29:19,657 - DEBUG - Joint score for alpha[4]: 15.7465
2025-08-09 02:29:23,159 - DEBUG - Joint score for alpha[5]: 15.8296
2025-08-09 02:29:26,659 - DEBUG - Joint score for alpha[6]: 16.0364
2025-08-09 02:29:30,159 - DEBUG - Joint score for alpha[7]: 15.8524
2025-08-09 02:29:33,658 - DEBUG - Joint score for alpha[8]: 15.6445
2025-08-09 02:29:37,157 - DEBUG - Joint score for alpha[9]: 15.9343
2025-08-09 02:29:40,657 - DEBUG - Joint score for alpha[10]: 15.7672
2025-08-09 02:29:44,156 - DEBUG - Joint score for alpha[11]: 15.8510
2025-08-09 02:29:47,653 - DEBUG - Joint score for alpha[12]: 15.7749
2025-08-09 02:29:51,152 - DEBUG - Joint score for alpha[13]: 15.7519
2025-08-09 02:29:54,650 - DEBUG - Joint score for alpha[14]: 15.8806
2025-08-09 02:29:58,149 - DEBUG - Joint score for alpha[15]: 16.0093
2025-08-09 02:30:01,667 - DEBUG - Joint score for alpha[0]: 15.9625
2025-08-09 02:30:05,166 - DEBUG - Joint score for alpha[1]: 15.8395
2025-08-09 02:30:08,664 - DEBUG - Joint score for alpha[2]: 15.8840
2025-08-09 02:30:12,162 - DEBUG - Joint score for alpha[3]: 15.7912
2025-08-09 02:30:15,662 - DEBUG - Joint score for alpha[4]: 15.7888
2025-08-09 02:30:19,161 - DEBUG - Joint score for alpha[5]: 15.9546
2025-08-09 02:30:22,659 - DEBUG - Joint score for alpha[6]: 15.8060
2025-08-09 02:30:26,159 - DEBUG - Joint score for alpha[7]: 15.8316
2025-08-09 02:30:29,657 - DEBUG - Joint score for alpha[8]: 15.9138
2025-08-09 02:30:33,155 - DEBUG - Joint score for alpha[9]: 15.9459
2025-08-09 02:30:36,655 - DEBUG - Joint score for alpha[10]: 15.6668
2025-08-09 02:30:40,154 - DEBUG - Joint score for alpha[11]: 15.8469
2025-08-09 02:30:43,652 - DEBUG - Joint score for alpha[12]: 15.9495
2025-08-09 02:30:47,151 - DEBUG - Joint score for alpha[13]: 15.8368
2025-08-09 02:30:50,648 - DEBUG - Joint score for alpha[14]: 15.7420
2025-08-09 02:30:54,147 - DEBUG - Joint score for alpha[15]: 15.7873
2025-08-09 02:30:57,666 - DEBUG - Joint score for alpha[0]: 15.6822
2025-08-09 02:31:01,166 - DEBUG - Joint score for alpha[1]: 15.8452
2025-08-09 02:31:04,666 - DEBUG - Joint score for alpha[2]: 15.6884
2025-08-09 02:31:08,164 - DEBUG - Joint score for alpha[3]: 15.7469
2025-08-09 02:31:11,661 - DEBUG - Joint score for alpha[4]: 15.7261
2025-08-09 02:31:15,157 - DEBUG - Joint score for alpha[5]: 15.7906
2025-08-09 02:31:18,658 - DEBUG - Joint score for alpha[6]: 15.7361
2025-08-09 02:31:22,156 - DEBUG - Joint score for alpha[7]: 15.6891
2025-08-09 02:31:25,655 - DEBUG - Joint score for alpha[8]: 15.7474
2025-08-09 02:31:29,155 - DEBUG - Joint score for alpha[9]: 15.8009
2025-08-09 02:31:32,652 - DEBUG - Joint score for alpha[10]: 15.8014
2025-08-09 02:31:36,150 - DEBUG - Joint score for alpha[11]: 16.0178
2025-08-09 02:31:39,649 - DEBUG - Joint score for alpha[12]: 15.7435
2025-08-09 02:31:43,146 - DEBUG - Joint score for alpha[13]: 15.7855
2025-08-09 02:31:46,648 - DEBUG - Joint score for alpha[14]: 16.0687
2025-08-09 02:31:50,146 - DEBUG - Joint score for alpha[15]: 15.6376
2025-08-09 02:31:53,668 - DEBUG - Joint score for alpha[0]: 15.8753
2025-08-09 02:31:57,168 - DEBUG - Joint score for alpha[1]: 15.8110
2025-08-09 02:32:00,668 - DEBUG - Joint score for alpha[2]: 15.8111
2025-08-09 02:32:04,165 - DEBUG - Joint score for alpha[3]: 15.9179
2025-08-09 02:32:07,664 - DEBUG - Joint score for alpha[4]: 16.1293
2025-08-09 02:32:11,161 - DEBUG - Joint score for alpha[5]: 15.6965
2025-08-09 02:32:14,657 - DEBUG - Joint score for alpha[6]: 15.8574
2025-08-09 02:32:18,154 - DEBUG - Joint score for alpha[7]: 15.7117
2025-08-09 02:32:21,652 - DEBUG - Joint score for alpha[8]: 15.8517
2025-08-09 02:32:25,150 - DEBUG - Joint score for alpha[9]: 15.6525
2025-08-09 02:32:28,646 - DEBUG - Joint score for alpha[10]: 15.5818
2025-08-09 02:32:32,145 - DEBUG - Joint score for alpha[11]: 15.9216
2025-08-09 02:32:35,639 - DEBUG - Joint score for alpha[12]: 15.9735
2025-08-09 02:32:39,135 - DEBUG - Joint score for alpha[13]: 15.7534
2025-08-09 02:32:42,630 - DEBUG - Joint score for alpha[14]: 15.9599
2025-08-09 02:32:46,126 - DEBUG - Joint score for alpha[15]: 15.7645
2025-08-09 02:32:49,646 - DEBUG - Joint score for alpha[0]: 15.6389
2025-08-09 02:32:53,145 - DEBUG - Joint score for alpha[1]: 15.7841
2025-08-09 02:32:56,644 - DEBUG - Joint score for alpha[2]: 15.7561
2025-08-09 02:33:00,141 - DEBUG - Joint score for alpha[3]: 15.9674
2025-08-09 02:33:03,639 - DEBUG - Joint score for alpha[4]: 15.7027
2025-08-09 02:33:07,136 - DEBUG - Joint score for alpha[5]: 15.8489
2025-08-09 02:33:10,634 - DEBUG - Joint score for alpha[6]: 15.8037
2025-08-09 02:33:14,133 - DEBUG - Joint score for alpha[7]: 15.9193
2025-08-09 02:33:17,629 - DEBUG - Joint score for alpha[8]: 15.9062
2025-08-09 02:33:21,129 - DEBUG - Joint score for alpha[9]: 15.7379
2025-08-09 02:33:24,625 - DEBUG - Joint score for alpha[10]: 15.9124
2025-08-09 02:33:28,123 - DEBUG - Joint score for alpha[11]: 15.7037
2025-08-09 02:33:31,621 - DEBUG - Joint score for alpha[12]: 15.8674
2025-08-09 02:33:35,122 - DEBUG - Joint score for alpha[13]: 15.7594
2025-08-09 02:33:38,620 - DEBUG - Joint score for alpha[14]: 16.0895
2025-08-09 02:33:42,116 - DEBUG - Joint score for alpha[15]: 15.7517
2025-08-09 02:33:42,159 - INFO - Step 47/120: mean ENERGY=15.8393
2025-08-09 02:33:42,167 - DEBUG - Beginning Gibbs iteration s = 47
2025-08-09 02:33:45,908 - DEBUG - Joint score for alpha[0]: 15.7598
2025-08-09 02:33:49,408 - DEBUG - Joint score for alpha[1]: 16.0203
2025-08-09 02:33:52,906 - DEBUG - Joint score for alpha[2]: 15.7064
2025-08-09 02:33:56,404 - DEBUG - Joint score for alpha[3]: 15.7072
2025-08-09 02:33:59,902 - DEBUG - Joint score for alpha[4]: 15.9799
2025-08-09 02:34:03,400 - DEBUG - Joint score for alpha[5]: 15.9508
2025-08-09 02:34:06,897 - DEBUG - Joint score for alpha[6]: 15.9687
2025-08-09 02:34:10,395 - DEBUG - Joint score for alpha[7]: 15.7800
2025-08-09 02:34:13,891 - DEBUG - Joint score for alpha[8]: 15.9015
2025-08-09 02:34:17,387 - DEBUG - Joint score for alpha[9]: 15.8587
2025-08-09 02:34:20,884 - DEBUG - Joint score for alpha[10]: 15.9272
2025-08-09 02:34:24,379 - DEBUG - Joint score for alpha[11]: 15.7237
2025-08-09 02:34:27,875 - DEBUG - Joint score for alpha[12]: 15.8360
2025-08-09 02:34:31,371 - DEBUG - Joint score for alpha[13]: 15.8125
2025-08-09 02:34:34,868 - DEBUG - Joint score for alpha[14]: 15.7678
2025-08-09 02:34:38,367 - DEBUG - Joint score for alpha[15]: 15.7724
2025-08-09 02:34:41,885 - DEBUG - Joint score for alpha[0]: 15.9527
2025-08-09 02:34:45,384 - DEBUG - Joint score for alpha[1]: 15.6120
2025-08-09 02:34:48,882 - DEBUG - Joint score for alpha[2]: 15.6942
2025-08-09 02:34:52,380 - DEBUG - Joint score for alpha[3]: 16.0605
2025-08-09 02:34:55,876 - DEBUG - Joint score for alpha[4]: 15.8920
2025-08-09 02:34:59,374 - DEBUG - Joint score for alpha[5]: 15.9014
2025-08-09 02:35:02,873 - DEBUG - Joint score for alpha[6]: 15.7403
2025-08-09 02:35:06,370 - DEBUG - Joint score for alpha[7]: 15.8032
2025-08-09 02:35:09,870 - DEBUG - Joint score for alpha[8]: 16.1598
2025-08-09 02:35:13,369 - DEBUG - Joint score for alpha[9]: 15.8923
2025-08-09 02:35:16,867 - DEBUG - Joint score for alpha[10]: 15.8444
2025-08-09 02:35:20,367 - DEBUG - Joint score for alpha[11]: 15.7892
2025-08-09 02:35:23,867 - DEBUG - Joint score for alpha[12]: 15.8910
2025-08-09 02:35:27,367 - DEBUG - Joint score for alpha[13]: 15.6928
2025-08-09 02:35:30,868 - DEBUG - Joint score for alpha[14]: 15.6385
2025-08-09 02:35:34,367 - DEBUG - Joint score for alpha[15]: 15.8370
2025-08-09 02:35:37,889 - DEBUG - Joint score for alpha[0]: 15.7917
2025-08-09 02:35:41,392 - DEBUG - Joint score for alpha[1]: 15.9474
2025-08-09 02:35:44,893 - DEBUG - Joint score for alpha[2]: 15.8402
2025-08-09 02:35:48,394 - DEBUG - Joint score for alpha[3]: 15.8935
2025-08-09 02:35:51,894 - DEBUG - Joint score for alpha[4]: 15.8999
2025-08-09 02:35:55,397 - DEBUG - Joint score for alpha[5]: 15.8248
2025-08-09 02:35:58,898 - DEBUG - Joint score for alpha[6]: 15.9356
2025-08-09 02:36:02,397 - DEBUG - Joint score for alpha[7]: 15.7825
2025-08-09 02:36:05,897 - DEBUG - Joint score for alpha[8]: 15.8167
2025-08-09 02:36:09,400 - DEBUG - Joint score for alpha[9]: 15.7791
2025-08-09 02:36:12,901 - DEBUG - Joint score for alpha[10]: 15.7257
2025-08-09 02:36:16,404 - DEBUG - Joint score for alpha[11]: 15.6645
2025-08-09 02:36:19,905 - DEBUG - Joint score for alpha[12]: 15.6721
2025-08-09 02:36:23,407 - DEBUG - Joint score for alpha[13]: 15.8073
2025-08-09 02:36:26,909 - DEBUG - Joint score for alpha[14]: 16.2069
2025-08-09 02:36:30,409 - DEBUG - Joint score for alpha[15]: 15.8897
2025-08-09 02:36:33,931 - DEBUG - Joint score for alpha[0]: 15.8407
2025-08-09 02:36:37,432 - DEBUG - Joint score for alpha[1]: 16.1363
2025-08-09 02:36:40,933 - DEBUG - Joint score for alpha[2]: 15.7221
2025-08-09 02:36:44,432 - DEBUG - Joint score for alpha[3]: 15.8243
2025-08-09 02:36:47,932 - DEBUG - Joint score for alpha[4]: 15.7779
2025-08-09 02:36:51,431 - DEBUG - Joint score for alpha[5]: 15.8800
2025-08-09 02:36:54,933 - DEBUG - Joint score for alpha[6]: 15.7520
2025-08-09 02:36:58,431 - DEBUG - Joint score for alpha[7]: 16.0009
2025-08-09 02:37:01,930 - DEBUG - Joint score for alpha[8]: 15.8997
2025-08-09 02:37:05,428 - DEBUG - Joint score for alpha[9]: 16.0637
2025-08-09 02:37:08,926 - DEBUG - Joint score for alpha[10]: 15.7882
2025-08-09 02:37:12,424 - DEBUG - Joint score for alpha[11]: 16.0416
2025-08-09 02:37:15,924 - DEBUG - Joint score for alpha[12]: 15.7743
2025-08-09 02:37:19,423 - DEBUG - Joint score for alpha[13]: 15.8349
2025-08-09 02:37:22,923 - DEBUG - Joint score for alpha[14]: 15.9887
2025-08-09 02:37:26,423 - DEBUG - Joint score for alpha[15]: 16.0072
2025-08-09 02:37:29,945 - DEBUG - Joint score for alpha[0]: 15.7354
2025-08-09 02:37:33,446 - DEBUG - Joint score for alpha[1]: 15.8464
2025-08-09 02:37:36,946 - DEBUG - Joint score for alpha[2]: 15.7350
2025-08-09 02:37:40,447 - DEBUG - Joint score for alpha[3]: 15.9152
2025-08-09 02:37:43,949 - DEBUG - Joint score for alpha[4]: 16.2570
2025-08-09 02:37:47,450 - DEBUG - Joint score for alpha[5]: 15.6701
2025-08-09 02:37:50,950 - DEBUG - Joint score for alpha[6]: 16.0200
2025-08-09 02:37:54,449 - DEBUG - Joint score for alpha[7]: 15.6767
2025-08-09 02:37:57,949 - DEBUG - Joint score for alpha[8]: 15.7374
2025-08-09 02:38:01,448 - DEBUG - Joint score for alpha[9]: 15.7895
2025-08-09 02:38:04,946 - DEBUG - Joint score for alpha[10]: 15.6832
2025-08-09 02:38:08,446 - DEBUG - Joint score for alpha[11]: 15.7397
2025-08-09 02:38:11,948 - DEBUG - Joint score for alpha[12]: 15.8963
2025-08-09 02:38:15,447 - DEBUG - Joint score for alpha[13]: 15.8040
2025-08-09 02:38:18,949 - DEBUG - Joint score for alpha[14]: 15.8904
2025-08-09 02:38:22,449 - DEBUG - Joint score for alpha[15]: 15.6751
2025-08-09 02:38:22,492 - INFO - Step 48/120: mean ENERGY=15.8975
2025-08-09 02:38:22,494 - DEBUG - Beginning Gibbs iteration s = 48
2025-08-09 02:38:26,388 - DEBUG - Joint score for alpha[0]: 15.9953
2025-08-09 02:38:29,893 - DEBUG - Joint score for alpha[1]: 16.0345
2025-08-09 02:38:33,395 - DEBUG - Joint score for alpha[2]: 15.7794
2025-08-09 02:38:36,897 - DEBUG - Joint score for alpha[3]: 15.9841
2025-08-09 02:38:40,399 - DEBUG - Joint score for alpha[4]: 15.8104
2025-08-09 02:38:43,902 - DEBUG - Joint score for alpha[5]: 15.9070
2025-08-09 02:38:47,405 - DEBUG - Joint score for alpha[6]: 15.9912
2025-08-09 02:38:50,906 - DEBUG - Joint score for alpha[7]: 16.1153
2025-08-09 02:38:54,408 - DEBUG - Joint score for alpha[8]: 15.9931
2025-08-09 02:38:57,911 - DEBUG - Joint score for alpha[9]: 15.8160
2025-08-09 02:39:01,414 - DEBUG - Joint score for alpha[10]: 15.7983
2025-08-09 02:39:04,918 - DEBUG - Joint score for alpha[11]: 16.1308
2025-08-09 02:39:08,419 - DEBUG - Joint score for alpha[12]: 15.8549
2025-08-09 02:39:11,921 - DEBUG - Joint score for alpha[13]: 15.9049
2025-08-09 02:39:15,424 - DEBUG - Joint score for alpha[14]: 16.0257
2025-08-09 02:39:18,925 - DEBUG - Joint score for alpha[15]: 16.0504
2025-08-09 02:39:22,449 - DEBUG - Joint score for alpha[0]: 16.2227
2025-08-09 02:39:25,954 - DEBUG - Joint score for alpha[1]: 15.8727
2025-08-09 02:39:29,457 - DEBUG - Joint score for alpha[2]: 15.7578
2025-08-09 02:39:32,958 - DEBUG - Joint score for alpha[3]: 16.0077
2025-08-09 02:39:36,459 - DEBUG - Joint score for alpha[4]: 15.6643
2025-08-09 02:39:39,960 - DEBUG - Joint score for alpha[5]: 15.8638
2025-08-09 02:39:43,460 - DEBUG - Joint score for alpha[6]: 15.8693
2025-08-09 02:39:46,962 - DEBUG - Joint score for alpha[7]: 15.9652
2025-08-09 02:39:50,462 - DEBUG - Joint score for alpha[8]: 15.7862
2025-08-09 02:39:53,963 - DEBUG - Joint score for alpha[9]: 16.0223
2025-08-09 02:39:57,464 - DEBUG - Joint score for alpha[10]: 15.7067
2025-08-09 02:40:00,966 - DEBUG - Joint score for alpha[11]: 16.1645
2025-08-09 02:40:04,465 - DEBUG - Joint score for alpha[12]: 16.0358
2025-08-09 02:40:07,965 - DEBUG - Joint score for alpha[13]: 15.8343
2025-08-09 02:40:11,465 - DEBUG - Joint score for alpha[14]: 15.9491
2025-08-09 02:40:14,965 - DEBUG - Joint score for alpha[15]: 15.7813
2025-08-09 02:40:18,489 - DEBUG - Joint score for alpha[0]: 15.9248
2025-08-09 02:40:21,995 - DEBUG - Joint score for alpha[1]: 15.9265
2025-08-09 02:40:25,496 - DEBUG - Joint score for alpha[2]: 15.7762
2025-08-09 02:40:28,998 - DEBUG - Joint score for alpha[3]: 15.8154
2025-08-09 02:40:32,500 - DEBUG - Joint score for alpha[4]: 15.9198
2025-08-09 02:40:36,001 - DEBUG - Joint score for alpha[5]: 15.8589
2025-08-09 02:40:39,503 - DEBUG - Joint score for alpha[6]: 15.9171
2025-08-09 02:40:43,005 - DEBUG - Joint score for alpha[7]: 15.8262
2025-08-09 02:40:46,506 - DEBUG - Joint score for alpha[8]: 15.8589
2025-08-09 02:40:50,008 - DEBUG - Joint score for alpha[9]: 15.9125
2025-08-09 02:40:53,510 - DEBUG - Joint score for alpha[10]: 15.9124
2025-08-09 02:40:57,012 - DEBUG - Joint score for alpha[11]: 15.9701
2025-08-09 02:41:00,514 - DEBUG - Joint score for alpha[12]: 15.9750
2025-08-09 02:41:04,016 - DEBUG - Joint score for alpha[13]: 15.8241
2025-08-09 02:41:07,519 - DEBUG - Joint score for alpha[14]: 15.7707
2025-08-09 02:41:11,019 - DEBUG - Joint score for alpha[15]: 15.8847
2025-08-09 02:41:14,541 - DEBUG - Joint score for alpha[0]: 15.8845
2025-08-09 02:41:18,044 - DEBUG - Joint score for alpha[1]: 15.9259
2025-08-09 02:41:21,545 - DEBUG - Joint score for alpha[2]: 15.8131
2025-08-09 02:41:25,048 - DEBUG - Joint score for alpha[3]: 15.8517
2025-08-09 02:41:28,552 - DEBUG - Joint score for alpha[4]: 16.0163
2025-08-09 02:41:32,055 - DEBUG - Joint score for alpha[5]: 15.7026
2025-08-09 02:41:35,557 - DEBUG - Joint score for alpha[6]: 15.6798
2025-08-09 02:41:39,059 - DEBUG - Joint score for alpha[7]: 16.0233
2025-08-09 02:41:42,563 - DEBUG - Joint score for alpha[8]: 15.8927
2025-08-09 02:41:46,066 - DEBUG - Joint score for alpha[9]: 15.9688
2025-08-09 02:41:49,572 - DEBUG - Joint score for alpha[10]: 15.7204
2025-08-09 02:41:53,076 - DEBUG - Joint score for alpha[11]: 15.7755
2025-08-09 02:41:56,579 - DEBUG - Joint score for alpha[12]: 15.9274
2025-08-09 02:42:00,082 - DEBUG - Joint score for alpha[13]: 15.8472
2025-08-09 02:42:03,584 - DEBUG - Joint score for alpha[14]: 15.8760
2025-08-09 02:42:07,084 - DEBUG - Joint score for alpha[15]: 15.7715
2025-08-09 02:42:10,607 - DEBUG - Joint score for alpha[0]: 16.0925
2025-08-09 02:42:14,111 - DEBUG - Joint score for alpha[1]: 15.8675
2025-08-09 02:42:17,611 - DEBUG - Joint score for alpha[2]: 15.7913
2025-08-09 02:42:21,112 - DEBUG - Joint score for alpha[3]: 15.7839
2025-08-09 02:42:24,613 - DEBUG - Joint score for alpha[4]: 15.9972
2025-08-09 02:42:28,114 - DEBUG - Joint score for alpha[5]: 15.8674
2025-08-09 02:42:31,615 - DEBUG - Joint score for alpha[6]: 15.9473
2025-08-09 02:42:35,116 - DEBUG - Joint score for alpha[7]: 16.0558
2025-08-09 02:42:38,620 - DEBUG - Joint score for alpha[8]: 15.7830
2025-08-09 02:42:42,123 - DEBUG - Joint score for alpha[9]: 16.0399
2025-08-09 02:42:45,627 - DEBUG - Joint score for alpha[10]: 15.7321
2025-08-09 02:42:49,130 - DEBUG - Joint score for alpha[11]: 15.8034
2025-08-09 02:42:52,633 - DEBUG - Joint score for alpha[12]: 15.9590
2025-08-09 02:42:56,135 - DEBUG - Joint score for alpha[13]: 15.7710
2025-08-09 02:42:59,639 - DEBUG - Joint score for alpha[14]: 15.9144
2025-08-09 02:43:03,142 - DEBUG - Joint score for alpha[15]: 15.7673
2025-08-09 02:43:03,184 - INFO - Step 49/120: mean ENERGY=15.9227
2025-08-09 02:43:03,186 - DEBUG - Beginning Gibbs iteration s = 49
2025-08-09 02:43:06,790 - DEBUG - Joint score for alpha[0]: 15.7374
2025-08-09 02:43:10,293 - DEBUG - Joint score for alpha[1]: 16.3838
2025-08-09 02:43:13,797 - DEBUG - Joint score for alpha[2]: 15.6901
2025-08-09 02:43:17,299 - DEBUG - Joint score for alpha[3]: 15.8826
2025-08-09 02:43:20,800 - DEBUG - Joint score for alpha[4]: 15.6761
2025-08-09 02:43:24,299 - DEBUG - Joint score for alpha[5]: 15.8688
2025-08-09 02:43:27,800 - DEBUG - Joint score for alpha[6]: 15.8571
2025-08-09 02:43:31,301 - DEBUG - Joint score for alpha[7]: 16.0030
2025-08-09 02:43:34,802 - DEBUG - Joint score for alpha[8]: 15.6301
2025-08-09 02:43:38,303 - DEBUG - Joint score for alpha[9]: 15.7313
2025-08-09 02:43:41,805 - DEBUG - Joint score for alpha[10]: 15.6351
2025-08-09 02:43:45,306 - DEBUG - Joint score for alpha[11]: 15.9621
2025-08-09 02:43:48,806 - DEBUG - Joint score for alpha[12]: 15.6715
2025-08-09 02:43:52,306 - DEBUG - Joint score for alpha[13]: 15.6797
2025-08-09 02:43:55,807 - DEBUG - Joint score for alpha[14]: 15.7847
2025-08-09 02:43:59,308 - DEBUG - Joint score for alpha[15]: 15.7073
2025-08-09 02:44:02,831 - DEBUG - Joint score for alpha[0]: 15.8387
2025-08-09 02:44:06,335 - DEBUG - Joint score for alpha[1]: 15.8576
2025-08-09 02:44:09,837 - DEBUG - Joint score for alpha[2]: 15.9551
2025-08-09 02:44:13,339 - DEBUG - Joint score for alpha[3]: 15.9150
2025-08-09 02:44:16,840 - DEBUG - Joint score for alpha[4]: 15.6356
2025-08-09 02:44:20,341 - DEBUG - Joint score for alpha[5]: 16.0712
2025-08-09 02:44:23,843 - DEBUG - Joint score for alpha[6]: 15.5355
2025-08-09 02:44:27,344 - DEBUG - Joint score for alpha[7]: 15.9578
2025-08-09 02:44:30,845 - DEBUG - Joint score for alpha[8]: 15.5768
2025-08-09 02:44:34,347 - DEBUG - Joint score for alpha[9]: 15.7485
2025-08-09 02:44:37,848 - DEBUG - Joint score for alpha[10]: 15.7611
2025-08-09 02:44:41,351 - DEBUG - Joint score for alpha[11]: 15.9266
2025-08-09 02:44:44,852 - DEBUG - Joint score for alpha[12]: 15.5864
2025-08-09 02:44:48,355 - DEBUG - Joint score for alpha[13]: 15.6358
2025-08-09 02:44:51,858 - DEBUG - Joint score for alpha[14]: 15.6909
2025-08-09 02:44:55,359 - DEBUG - Joint score for alpha[15]: 16.0212
2025-08-09 02:44:58,883 - DEBUG - Joint score for alpha[0]: 15.8570
2025-08-09 02:45:02,387 - DEBUG - Joint score for alpha[1]: 16.2320
2025-08-09 02:45:05,888 - DEBUG - Joint score for alpha[2]: 15.7321
2025-08-09 02:45:09,389 - DEBUG - Joint score for alpha[3]: 15.7955
2025-08-09 02:45:12,890 - DEBUG - Joint score for alpha[4]: 15.8380
2025-08-09 02:45:16,392 - DEBUG - Joint score for alpha[5]: 15.6833
2025-08-09 02:45:19,892 - DEBUG - Joint score for alpha[6]: 15.9547
2025-08-09 02:45:23,393 - DEBUG - Joint score for alpha[7]: 15.7913
2025-08-09 02:45:26,894 - DEBUG - Joint score for alpha[8]: 15.6761
2025-08-09 02:45:30,396 - DEBUG - Joint score for alpha[9]: 15.8117
2025-08-09 02:45:33,898 - DEBUG - Joint score for alpha[10]: 15.8487
2025-08-09 02:45:37,400 - DEBUG - Joint score for alpha[11]: 15.7483
2025-08-09 02:45:40,902 - DEBUG - Joint score for alpha[12]: 15.8373
2025-08-09 02:45:44,404 - DEBUG - Joint score for alpha[13]: 16.0116
2025-08-09 02:45:47,905 - DEBUG - Joint score for alpha[14]: 15.9578
2025-08-09 02:45:51,406 - DEBUG - Joint score for alpha[15]: 15.5760
2025-08-09 02:45:54,931 - DEBUG - Joint score for alpha[0]: 15.8535
2025-08-09 02:45:58,437 - DEBUG - Joint score for alpha[1]: 15.8415
2025-08-09 02:46:01,939 - DEBUG - Joint score for alpha[2]: 15.9363
2025-08-09 02:46:05,439 - DEBUG - Joint score for alpha[3]: 15.6170
2025-08-09 02:46:08,942 - DEBUG - Joint score for alpha[4]: 15.8384
2025-08-09 02:46:12,443 - DEBUG - Joint score for alpha[5]: 16.0648
2025-08-09 02:46:15,946 - DEBUG - Joint score for alpha[6]: 15.6201
2025-08-09 02:46:19,446 - DEBUG - Joint score for alpha[7]: 15.7203
2025-08-09 02:46:22,948 - DEBUG - Joint score for alpha[8]: 15.9053
2025-08-09 02:46:26,449 - DEBUG - Joint score for alpha[9]: 15.8953
2025-08-09 02:46:29,949 - DEBUG - Joint score for alpha[10]: 15.6179
2025-08-09 02:46:33,451 - DEBUG - Joint score for alpha[11]: 15.8360
2025-08-09 02:46:36,954 - DEBUG - Joint score for alpha[12]: 15.8482
2025-08-09 02:46:40,455 - DEBUG - Joint score for alpha[13]: 15.5611
2025-08-09 02:46:43,955 - DEBUG - Joint score for alpha[14]: 15.7998
2025-08-09 02:46:47,456 - DEBUG - Joint score for alpha[15]: 15.6235
2025-08-09 02:46:50,981 - DEBUG - Joint score for alpha[0]: 15.7783
2025-08-09 02:46:54,486 - DEBUG - Joint score for alpha[1]: 15.9390
2025-08-09 02:46:57,987 - DEBUG - Joint score for alpha[2]: 15.7421
2025-08-09 02:47:01,489 - DEBUG - Joint score for alpha[3]: 15.7374
2025-08-09 02:47:04,990 - DEBUG - Joint score for alpha[4]: 15.8374
2025-08-09 02:47:08,490 - DEBUG - Joint score for alpha[5]: 15.6937
2025-08-09 02:47:11,991 - DEBUG - Joint score for alpha[6]: 15.8366
2025-08-09 02:47:15,491 - DEBUG - Joint score for alpha[7]: 15.7232
2025-08-09 02:47:18,993 - DEBUG - Joint score for alpha[8]: 15.7264
2025-08-09 02:47:22,494 - DEBUG - Joint score for alpha[9]: 15.9981
2025-08-09 02:47:25,995 - DEBUG - Joint score for alpha[10]: 15.9033
2025-08-09 02:47:29,496 - DEBUG - Joint score for alpha[11]: 15.9107
2025-08-09 02:47:32,997 - DEBUG - Joint score for alpha[12]: 15.8005
2025-08-09 02:47:36,497 - DEBUG - Joint score for alpha[13]: 15.8432
2025-08-09 02:47:39,997 - DEBUG - Joint score for alpha[14]: 15.8432
2025-08-09 02:47:43,497 - DEBUG - Joint score for alpha[15]: 15.6800
2025-08-09 02:47:43,539 - INFO - Step 50/120: mean ENERGY=15.9827
2025-08-09 02:47:43,541 - DEBUG - Beginning Gibbs iteration s = 50
2025-08-09 02:47:43,765 - DEBUG - Proposal variance adapted: 0.020
2025-08-09 02:47:47,233 - DEBUG - Joint score for alpha[0]: 15.8192
2025-08-09 02:47:50,734 - DEBUG - Joint score for alpha[1]: 15.6107
2025-08-09 02:47:54,235 - DEBUG - Joint score for alpha[2]: 15.8309
2025-08-09 02:47:57,736 - DEBUG - Joint score for alpha[3]: 16.0469
2025-08-09 02:48:01,237 - DEBUG - Joint score for alpha[4]: 15.9068
2025-08-09 02:48:04,736 - DEBUG - Joint score for alpha[5]: 15.8544
2025-08-09 02:48:08,237 - DEBUG - Joint score for alpha[6]: 15.7595
2025-08-09 02:48:11,736 - DEBUG - Joint score for alpha[7]: 15.7516
2025-08-09 02:48:15,237 - DEBUG - Joint score for alpha[8]: 15.8803
2025-08-09 02:48:18,737 - DEBUG - Joint score for alpha[9]: 15.7074
2025-08-09 02:48:22,237 - DEBUG - Joint score for alpha[10]: 15.6560
2025-08-09 02:48:25,738 - DEBUG - Joint score for alpha[11]: 15.7668
2025-08-09 02:48:29,240 - DEBUG - Joint score for alpha[12]: 15.8451
2025-08-09 02:48:32,740 - DEBUG - Joint score for alpha[13]: 15.7608
2025-08-09 02:48:36,239 - DEBUG - Joint score for alpha[14]: 15.6723
2025-08-09 02:48:39,738 - DEBUG - Joint score for alpha[15]: 15.8200
2025-08-09 02:48:43,260 - DEBUG - Joint score for alpha[0]: 15.9765
2025-08-09 02:48:46,762 - DEBUG - Joint score for alpha[1]: 15.8202
2025-08-09 02:48:50,263 - DEBUG - Joint score for alpha[2]: 15.9967
2025-08-09 02:48:53,763 - DEBUG - Joint score for alpha[3]: 15.7654
2025-08-09 02:48:57,264 - DEBUG - Joint score for alpha[4]: 15.9341
2025-08-09 02:49:00,763 - DEBUG - Joint score for alpha[5]: 15.9910
2025-08-09 02:49:04,265 - DEBUG - Joint score for alpha[6]: 15.7749
2025-08-09 02:49:07,766 - DEBUG - Joint score for alpha[7]: 15.7745
2025-08-09 02:49:11,266 - DEBUG - Joint score for alpha[8]: 15.8748
2025-08-09 02:49:14,765 - DEBUG - Joint score for alpha[9]: 15.7081
2025-08-09 02:49:18,266 - DEBUG - Joint score for alpha[10]: 15.9844
2025-08-09 02:49:21,764 - DEBUG - Joint score for alpha[11]: 16.0543
2025-08-09 02:49:25,263 - DEBUG - Joint score for alpha[12]: 16.0554
2025-08-09 02:49:28,763 - DEBUG - Joint score for alpha[13]: 16.2311
2025-08-09 02:49:32,264 - DEBUG - Joint score for alpha[14]: 15.7762
2025-08-09 02:49:35,764 - DEBUG - Joint score for alpha[15]: 15.9316
2025-08-09 02:49:39,288 - DEBUG - Joint score for alpha[0]: 15.8973
2025-08-09 02:49:42,792 - DEBUG - Joint score for alpha[1]: 16.2403
2025-08-09 02:49:46,294 - DEBUG - Joint score for alpha[2]: 15.7065
2025-08-09 02:49:49,795 - DEBUG - Joint score for alpha[3]: 15.7597
2025-08-09 02:49:53,296 - DEBUG - Joint score for alpha[4]: 15.8919
2025-08-09 02:49:56,797 - DEBUG - Joint score for alpha[5]: 15.8353
2025-08-09 02:50:00,295 - DEBUG - Joint score for alpha[6]: 15.7242
2025-08-09 02:50:03,796 - DEBUG - Joint score for alpha[7]: 16.0000
2025-08-09 02:50:07,295 - DEBUG - Joint score for alpha[8]: 15.7830
2025-08-09 02:50:10,796 - DEBUG - Joint score for alpha[9]: 15.8824
2025-08-09 02:50:14,296 - DEBUG - Joint score for alpha[10]: 15.7150
2025-08-09 02:50:17,796 - DEBUG - Joint score for alpha[11]: 15.6554
2025-08-09 02:50:21,296 - DEBUG - Joint score for alpha[12]: 15.9645
2025-08-09 02:50:24,795 - DEBUG - Joint score for alpha[13]: 15.8442
2025-08-09 02:50:28,294 - DEBUG - Joint score for alpha[14]: 15.8901
2025-08-09 02:50:31,793 - DEBUG - Joint score for alpha[15]: 15.5499
2025-08-09 02:50:35,315 - DEBUG - Joint score for alpha[0]: 15.8342
2025-08-09 02:50:38,816 - DEBUG - Joint score for alpha[1]: 15.7163
2025-08-09 02:50:42,315 - DEBUG - Joint score for alpha[2]: 15.8328
2025-08-09 02:50:45,813 - DEBUG - Joint score for alpha[3]: 15.9511
2025-08-09 02:50:49,313 - DEBUG - Joint score for alpha[4]: 15.8282
2025-08-09 02:50:52,982 - DEBUG - Joint score for alpha[5]: 15.8275
2025-08-09 02:50:56,482 - DEBUG - Joint score for alpha[6]: 15.6676
2025-08-09 02:50:59,983 - DEBUG - Joint score for alpha[7]: 15.9270
2025-08-09 02:51:03,485 - DEBUG - Joint score for alpha[8]: 15.7813
2025-08-09 02:51:06,986 - DEBUG - Joint score for alpha[9]: 15.8896
2025-08-09 02:51:10,485 - DEBUG - Joint score for alpha[10]: 15.9369
2025-08-09 02:51:13,981 - DEBUG - Joint score for alpha[11]: 15.9954
2025-08-09 02:51:17,478 - DEBUG - Joint score for alpha[12]: 15.7647
2025-08-09 02:51:20,976 - DEBUG - Joint score for alpha[13]: 15.7284
2025-08-09 02:51:24,473 - DEBUG - Joint score for alpha[14]: 15.8974
2025-08-09 02:51:27,969 - DEBUG - Joint score for alpha[15]: 15.8737
2025-08-09 02:51:31,489 - DEBUG - Joint score for alpha[0]: 15.8407
2025-08-09 02:51:34,989 - DEBUG - Joint score for alpha[1]: 15.7242
2025-08-09 02:51:38,485 - DEBUG - Joint score for alpha[2]: 15.8160
2025-08-09 02:51:41,981 - DEBUG - Joint score for alpha[3]: 15.7386
2025-08-09 02:51:45,478 - DEBUG - Joint score for alpha[4]: 15.8406
2025-08-09 02:51:48,975 - DEBUG - Joint score for alpha[5]: 16.0216
2025-08-09 02:51:52,473 - DEBUG - Joint score for alpha[6]: 15.8937
2025-08-09 02:51:55,972 - DEBUG - Joint score for alpha[7]: 15.6976
2025-08-09 02:51:59,469 - DEBUG - Joint score for alpha[8]: 15.8440
2025-08-09 02:52:02,966 - DEBUG - Joint score for alpha[9]: 16.0062
2025-08-09 02:52:06,465 - DEBUG - Joint score for alpha[10]: 16.0032
2025-08-09 02:52:09,963 - DEBUG - Joint score for alpha[11]: 16.0393
2025-08-09 02:52:13,463 - DEBUG - Joint score for alpha[12]: 15.8493
2025-08-09 02:52:16,961 - DEBUG - Joint score for alpha[13]: 15.7822
2025-08-09 02:52:20,462 - DEBUG - Joint score for alpha[14]: 15.9622
2025-08-09 02:52:23,961 - DEBUG - Joint score for alpha[15]: 15.8425
2025-08-09 02:52:24,003 - INFO - Step 51/120: mean ENERGY=15.7579
2025-08-09 02:52:24,007 - DEBUG - Beginning Gibbs iteration s = 51
2025-08-09 02:52:27,777 - DEBUG - Joint score for alpha[0]: 16.0127
2025-08-09 02:52:31,279 - DEBUG - Joint score for alpha[1]: 15.7775
2025-08-09 02:52:34,779 - DEBUG - Joint score for alpha[2]: 16.0338
2025-08-09 02:52:38,279 - DEBUG - Joint score for alpha[3]: 16.0335
2025-08-09 02:52:41,779 - DEBUG - Joint score for alpha[4]: 16.0348
2025-08-09 02:52:45,278 - DEBUG - Joint score for alpha[5]: 16.1325
2025-08-09 02:52:48,776 - DEBUG - Joint score for alpha[6]: 15.8179
2025-08-09 02:52:52,276 - DEBUG - Joint score for alpha[7]: 16.1356
2025-08-09 02:52:55,774 - DEBUG - Joint score for alpha[8]: 15.8842
2025-08-09 02:52:59,273 - DEBUG - Joint score for alpha[9]: 15.9708
2025-08-09 02:53:02,772 - DEBUG - Joint score for alpha[10]: 15.8199
2025-08-09 02:53:06,271 - DEBUG - Joint score for alpha[11]: 16.0403
2025-08-09 02:53:09,770 - DEBUG - Joint score for alpha[12]: 16.1527
2025-08-09 02:53:13,268 - DEBUG - Joint score for alpha[13]: 15.8410
2025-08-09 02:53:16,767 - DEBUG - Joint score for alpha[14]: 15.9391
2025-08-09 02:53:20,267 - DEBUG - Joint score for alpha[15]: 15.9030
2025-08-09 02:53:23,788 - DEBUG - Joint score for alpha[0]: 15.8602
2025-08-09 02:53:27,288 - DEBUG - Joint score for alpha[1]: 16.0521
2025-08-09 02:53:30,789 - DEBUG - Joint score for alpha[2]: 16.0670
2025-08-09 02:53:34,288 - DEBUG - Joint score for alpha[3]: 15.9287
2025-08-09 02:53:37,787 - DEBUG - Joint score for alpha[4]: 16.3676
2025-08-09 02:53:41,285 - DEBUG - Joint score for alpha[5]: 15.9507
2025-08-09 02:53:44,784 - DEBUG - Joint score for alpha[6]: 16.0782
2025-08-09 02:53:48,281 - DEBUG - Joint score for alpha[7]: 16.0701
2025-08-09 02:53:51,780 - DEBUG - Joint score for alpha[8]: 16.0618
2025-08-09 02:53:55,279 - DEBUG - Joint score for alpha[9]: 16.1346
2025-08-09 02:53:58,778 - DEBUG - Joint score for alpha[10]: 15.9991
2025-08-09 02:54:02,277 - DEBUG - Joint score for alpha[11]: 16.0533
2025-08-09 02:54:05,777 - DEBUG - Joint score for alpha[12]: 16.1170
2025-08-09 02:54:09,276 - DEBUG - Joint score for alpha[13]: 16.0572
2025-08-09 02:54:12,775 - DEBUG - Joint score for alpha[14]: 15.8839
2025-08-09 02:54:16,274 - DEBUG - Joint score for alpha[15]: 15.7754
2025-08-09 02:54:19,795 - DEBUG - Joint score for alpha[0]: 15.9402
2025-08-09 02:54:23,296 - DEBUG - Joint score for alpha[1]: 16.1217
2025-08-09 02:54:26,796 - DEBUG - Joint score for alpha[2]: 16.1802
2025-08-09 02:54:30,296 - DEBUG - Joint score for alpha[3]: 16.0882
2025-08-09 02:54:33,795 - DEBUG - Joint score for alpha[4]: 16.0168
2025-08-09 02:54:37,294 - DEBUG - Joint score for alpha[5]: 16.1003
2025-08-09 02:54:40,792 - DEBUG - Joint score for alpha[6]: 16.0162
2025-08-09 02:54:44,290 - DEBUG - Joint score for alpha[7]: 15.9377
2025-08-09 02:54:47,789 - DEBUG - Joint score for alpha[8]: 16.1308
2025-08-09 02:54:51,289 - DEBUG - Joint score for alpha[9]: 15.9427
2025-08-09 02:54:54,786 - DEBUG - Joint score for alpha[10]: 16.2061
2025-08-09 02:54:58,288 - DEBUG - Joint score for alpha[11]: 16.0040
2025-08-09 02:55:01,787 - DEBUG - Joint score for alpha[12]: 16.0962
2025-08-09 02:55:05,287 - DEBUG - Joint score for alpha[13]: 15.9486
2025-08-09 02:55:08,789 - DEBUG - Joint score for alpha[14]: 16.0739
2025-08-09 02:55:12,289 - DEBUG - Joint score for alpha[15]: 16.1069
2025-08-09 02:55:15,811 - DEBUG - Joint score for alpha[0]: 15.9444
2025-08-09 02:55:19,313 - DEBUG - Joint score for alpha[1]: 16.0343
2025-08-09 02:55:22,814 - DEBUG - Joint score for alpha[2]: 16.0375
2025-08-09 02:55:26,314 - DEBUG - Joint score for alpha[3]: 16.1025
2025-08-09 02:55:29,814 - DEBUG - Joint score for alpha[4]: 16.2299
2025-08-09 02:55:33,315 - DEBUG - Joint score for alpha[5]: 16.3886
2025-08-09 02:55:36,817 - DEBUG - Joint score for alpha[6]: 16.2131
2025-08-09 02:55:40,318 - DEBUG - Joint score for alpha[7]: 15.9759
2025-08-09 02:55:43,819 - DEBUG - Joint score for alpha[8]: 15.9726
2025-08-09 02:55:47,320 - DEBUG - Joint score for alpha[9]: 15.8984
2025-08-09 02:55:50,822 - DEBUG - Joint score for alpha[10]: 16.2221
2025-08-09 02:55:54,324 - DEBUG - Joint score for alpha[11]: 16.0872
2025-08-09 02:55:57,826 - DEBUG - Joint score for alpha[12]: 15.9113
2025-08-09 02:56:01,327 - DEBUG - Joint score for alpha[13]: 15.9576
2025-08-09 02:56:04,827 - DEBUG - Joint score for alpha[14]: 16.4536
2025-08-09 02:56:08,327 - DEBUG - Joint score for alpha[15]: 15.9428
2025-08-09 02:56:11,849 - DEBUG - Joint score for alpha[0]: 16.1330
2025-08-09 02:56:15,352 - DEBUG - Joint score for alpha[1]: 16.3041
2025-08-09 02:56:18,853 - DEBUG - Joint score for alpha[2]: 16.1933
2025-08-09 02:56:22,352 - DEBUG - Joint score for alpha[3]: 16.0913
2025-08-09 02:56:25,849 - DEBUG - Joint score for alpha[4]: 15.9692
2025-08-09 02:56:29,347 - DEBUG - Joint score for alpha[5]: 16.2414
2025-08-09 02:56:32,847 - DEBUG - Joint score for alpha[6]: 16.2229
2025-08-09 02:56:36,347 - DEBUG - Joint score for alpha[7]: 16.1235
2025-08-09 02:56:39,847 - DEBUG - Joint score for alpha[8]: 15.9770
2025-08-09 02:56:43,348 - DEBUG - Joint score for alpha[9]: 15.9615
2025-08-09 02:56:46,846 - DEBUG - Joint score for alpha[10]: 16.1555
2025-08-09 02:56:50,345 - DEBUG - Joint score for alpha[11]: 15.9645
2025-08-09 02:56:53,848 - DEBUG - Joint score for alpha[12]: 16.0854
2025-08-09 02:56:57,349 - DEBUG - Joint score for alpha[13]: 15.9480
2025-08-09 02:57:00,847 - DEBUG - Joint score for alpha[14]: 16.1039
2025-08-09 02:57:04,348 - DEBUG - Joint score for alpha[15]: 16.2262
2025-08-09 02:57:04,390 - INFO - Step 52/120: mean ENERGY=15.9772
2025-08-09 02:57:04,393 - DEBUG - Beginning Gibbs iteration s = 52
2025-08-09 02:57:08,035 - DEBUG - Joint score for alpha[0]: 16.0398
2025-08-09 02:57:11,539 - DEBUG - Joint score for alpha[1]: 15.8661
2025-08-09 02:57:15,039 - DEBUG - Joint score for alpha[2]: 16.0081
2025-08-09 02:57:18,541 - DEBUG - Joint score for alpha[3]: 15.8852
2025-08-09 02:57:22,045 - DEBUG - Joint score for alpha[4]: 16.0455
2025-08-09 02:57:25,546 - DEBUG - Joint score for alpha[5]: 16.1574
2025-08-09 02:57:29,047 - DEBUG - Joint score for alpha[6]: 15.9828
2025-08-09 02:57:32,548 - DEBUG - Joint score for alpha[7]: 15.8527
2025-08-09 02:57:36,048 - DEBUG - Joint score for alpha[8]: 15.8650
2025-08-09 02:57:39,551 - DEBUG - Joint score for alpha[9]: 15.9490
2025-08-09 02:57:43,054 - DEBUG - Joint score for alpha[10]: 16.0122
2025-08-09 02:57:46,556 - DEBUG - Joint score for alpha[11]: 15.9882
2025-08-09 02:57:50,059 - DEBUG - Joint score for alpha[12]: 15.9391
2025-08-09 02:57:53,562 - DEBUG - Joint score for alpha[13]: 16.1119
2025-08-09 02:57:57,064 - DEBUG - Joint score for alpha[14]: 15.8413
2025-08-09 02:58:00,564 - DEBUG - Joint score for alpha[15]: 16.2147
2025-08-09 02:58:04,087 - DEBUG - Joint score for alpha[0]: 15.7857
2025-08-09 02:58:07,592 - DEBUG - Joint score for alpha[1]: 16.0252
2025-08-09 02:58:12,169 - DEBUG - Joint score for alpha[2]: 16.2423
2025-08-09 02:58:15,672 - DEBUG - Joint score for alpha[3]: 16.0700
2025-08-09 02:58:19,175 - DEBUG - Joint score for alpha[4]: 15.9504
2025-08-09 02:58:22,677 - DEBUG - Joint score for alpha[5]: 15.9052
2025-08-09 02:58:26,178 - DEBUG - Joint score for alpha[6]: 16.1775
2025-08-09 02:58:29,679 - DEBUG - Joint score for alpha[7]: 15.6697
2025-08-09 02:58:33,179 - DEBUG - Joint score for alpha[8]: 15.9153
2025-08-09 02:58:36,684 - DEBUG - Joint score for alpha[9]: 15.9724
2025-08-09 02:58:40,187 - DEBUG - Joint score for alpha[10]: 15.7892
2025-08-09 02:58:43,690 - DEBUG - Joint score for alpha[11]: 16.0575
2025-08-09 02:58:47,188 - DEBUG - Joint score for alpha[12]: 15.8799
2025-08-09 02:58:50,690 - DEBUG - Joint score for alpha[13]: 15.7915
2025-08-09 02:58:54,192 - DEBUG - Joint score for alpha[14]: 15.9015
2025-08-09 02:58:57,696 - DEBUG - Joint score for alpha[15]: 16.0671
2025-08-09 02:59:01,220 - DEBUG - Joint score for alpha[0]: 16.1823
2025-08-09 02:59:04,723 - DEBUG - Joint score for alpha[1]: 16.0027
2025-08-09 02:59:08,225 - DEBUG - Joint score for alpha[2]: 15.9737
2025-08-09 02:59:11,725 - DEBUG - Joint score for alpha[3]: 15.7165
2025-08-09 02:59:15,228 - DEBUG - Joint score for alpha[4]: 16.2184
2025-08-09 02:59:18,730 - DEBUG - Joint score for alpha[5]: 15.9500
2025-08-09 02:59:22,232 - DEBUG - Joint score for alpha[6]: 15.8377
2025-08-09 02:59:25,732 - DEBUG - Joint score for alpha[7]: 15.9967
2025-08-09 02:59:29,236 - DEBUG - Joint score for alpha[8]: 16.0419
2025-08-09 02:59:32,738 - DEBUG - Joint score for alpha[9]: 15.7741
2025-08-09 02:59:36,243 - DEBUG - Joint score for alpha[10]: 15.7799
2025-08-09 02:59:39,747 - DEBUG - Joint score for alpha[11]: 15.7801
2025-08-09 02:59:43,250 - DEBUG - Joint score for alpha[12]: 15.8326
2025-08-09 02:59:46,751 - DEBUG - Joint score for alpha[13]: 15.7190
2025-08-09 02:59:50,254 - DEBUG - Joint score for alpha[14]: 16.0497
2025-08-09 02:59:53,756 - DEBUG - Joint score for alpha[15]: 15.8814
2025-08-09 02:59:57,280 - DEBUG - Joint score for alpha[0]: 16.1944
2025-08-09 03:00:00,782 - DEBUG - Joint score for alpha[1]: 16.0244
2025-08-09 03:00:04,287 - DEBUG - Joint score for alpha[2]: 15.7100
2025-08-09 03:00:07,788 - DEBUG - Joint score for alpha[3]: 16.0775
2025-08-09 03:00:11,288 - DEBUG - Joint score for alpha[4]: 15.9108
2025-08-09 03:00:14,788 - DEBUG - Joint score for alpha[5]: 15.9021
2025-08-09 03:00:18,288 - DEBUG - Joint score for alpha[6]: 15.7687
2025-08-09 03:00:21,789 - DEBUG - Joint score for alpha[7]: 16.0806
2025-08-09 03:00:25,291 - DEBUG - Joint score for alpha[8]: 16.0456
2025-08-09 03:00:28,791 - DEBUG - Joint score for alpha[9]: 15.8618
2025-08-09 03:00:32,292 - DEBUG - Joint score for alpha[10]: 15.7785
2025-08-09 03:00:35,794 - DEBUG - Joint score for alpha[11]: 15.7688
2025-08-09 03:00:39,295 - DEBUG - Joint score for alpha[12]: 15.8422
2025-08-09 03:00:42,797 - DEBUG - Joint score for alpha[13]: 16.0521
2025-08-09 03:00:46,298 - DEBUG - Joint score for alpha[14]: 15.7900
2025-08-09 03:00:49,799 - DEBUG - Joint score for alpha[15]: 16.1350
2025-08-09 03:00:53,322 - DEBUG - Joint score for alpha[0]: 15.9934
2025-08-09 03:00:56,826 - DEBUG - Joint score for alpha[1]: 15.8250
2025-08-09 03:01:00,326 - DEBUG - Joint score for alpha[2]: 16.0811
2025-08-09 03:01:03,827 - DEBUG - Joint score for alpha[3]: 16.0000
2025-08-09 03:01:07,329 - DEBUG - Joint score for alpha[4]: 16.0304
2025-08-09 03:01:10,829 - DEBUG - Joint score for alpha[5]: 16.0733
2025-08-09 03:01:14,329 - DEBUG - Joint score for alpha[6]: 15.6559
2025-08-09 03:01:17,830 - DEBUG - Joint score for alpha[7]: 15.7971
2025-08-09 03:01:21,331 - DEBUG - Joint score for alpha[8]: 15.8921
2025-08-09 03:01:24,833 - DEBUG - Joint score for alpha[9]: 15.9072
2025-08-09 03:01:28,335 - DEBUG - Joint score for alpha[10]: 15.9048
2025-08-09 03:01:31,837 - DEBUG - Joint score for alpha[11]: 16.1216
2025-08-09 03:01:35,339 - DEBUG - Joint score for alpha[12]: 16.0074
2025-08-09 03:01:38,840 - DEBUG - Joint score for alpha[13]: 15.7071
2025-08-09 03:01:42,342 - DEBUG - Joint score for alpha[14]: 15.8621
2025-08-09 03:01:45,845 - DEBUG - Joint score for alpha[15]: 15.6522
2025-08-09 03:01:45,888 - INFO - Step 53/120: mean ENERGY=15.8612
2025-08-09 03:01:45,892 - DEBUG - Beginning Gibbs iteration s = 53
2025-08-09 03:01:49,430 - DEBUG - Joint score for alpha[0]: 16.0105
2025-08-09 03:01:52,936 - DEBUG - Joint score for alpha[1]: 15.9284
2025-08-09 03:01:56,440 - DEBUG - Joint score for alpha[2]: 16.0270
2025-08-09 03:01:59,943 - DEBUG - Joint score for alpha[3]: 16.0265
2025-08-09 03:02:03,448 - DEBUG - Joint score for alpha[4]: 15.9893
2025-08-09 03:02:06,950 - DEBUG - Joint score for alpha[5]: 16.0369
2025-08-09 03:02:10,453 - DEBUG - Joint score for alpha[6]: 15.7565
2025-08-09 03:02:13,956 - DEBUG - Joint score for alpha[7]: 15.8973
2025-08-09 03:02:17,461 - DEBUG - Joint score for alpha[8]: 16.0570
2025-08-09 03:02:20,964 - DEBUG - Joint score for alpha[9]: 16.0421
2025-08-09 03:02:24,467 - DEBUG - Joint score for alpha[10]: 15.8825
2025-08-09 03:02:27,971 - DEBUG - Joint score for alpha[11]: 16.0843
2025-08-09 03:02:31,474 - DEBUG - Joint score for alpha[12]: 16.1060
2025-08-09 03:02:34,977 - DEBUG - Joint score for alpha[13]: 15.8740
2025-08-09 03:02:38,479 - DEBUG - Joint score for alpha[14]: 16.2286
2025-08-09 03:02:41,983 - DEBUG - Joint score for alpha[15]: 15.7778
2025-08-09 03:02:45,507 - DEBUG - Joint score for alpha[0]: 15.8758
2025-08-09 03:02:49,011 - DEBUG - Joint score for alpha[1]: 15.8882
2025-08-09 03:02:52,512 - DEBUG - Joint score for alpha[2]: 16.0565
2025-08-09 03:02:56,014 - DEBUG - Joint score for alpha[3]: 15.8924
2025-08-09 03:02:59,515 - DEBUG - Joint score for alpha[4]: 15.8302
2025-08-09 03:03:03,016 - DEBUG - Joint score for alpha[5]: 15.8347
2025-08-09 03:03:06,518 - DEBUG - Joint score for alpha[6]: 15.7161
2025-08-09 03:03:10,018 - DEBUG - Joint score for alpha[7]: 15.8181
2025-08-09 03:03:13,520 - DEBUG - Joint score for alpha[8]: 16.0020
2025-08-09 03:03:17,022 - DEBUG - Joint score for alpha[9]: 16.1012
2025-08-09 03:03:20,522 - DEBUG - Joint score for alpha[10]: 15.7854
2025-08-09 03:03:24,024 - DEBUG - Joint score for alpha[11]: 15.8471
2025-08-09 03:03:27,526 - DEBUG - Joint score for alpha[12]: 15.8850
2025-08-09 03:03:31,029 - DEBUG - Joint score for alpha[13]: 15.9993
2025-08-09 03:03:34,530 - DEBUG - Joint score for alpha[14]: 15.6577
2025-08-09 03:03:38,033 - DEBUG - Joint score for alpha[15]: 15.9837
2025-08-09 03:03:41,556 - DEBUG - Joint score for alpha[0]: 15.7265
2025-08-09 03:03:45,060 - DEBUG - Joint score for alpha[1]: 15.9851
2025-08-09 03:03:48,565 - DEBUG - Joint score for alpha[2]: 15.9637
2025-08-09 03:03:52,067 - DEBUG - Joint score for alpha[3]: 16.2495
2025-08-09 03:03:55,570 - DEBUG - Joint score for alpha[4]: 15.8339
2025-08-09 03:03:59,073 - DEBUG - Joint score for alpha[5]: 15.8800
2025-08-09 03:04:02,574 - DEBUG - Joint score for alpha[6]: 15.9120
2025-08-09 03:04:06,076 - DEBUG - Joint score for alpha[7]: 15.9722
2025-08-09 03:04:09,579 - DEBUG - Joint score for alpha[8]: 16.1654
2025-08-09 03:04:13,081 - DEBUG - Joint score for alpha[9]: 15.8410
2025-08-09 03:04:16,584 - DEBUG - Joint score for alpha[10]: 15.8418
2025-08-09 03:04:20,085 - DEBUG - Joint score for alpha[11]: 15.8379
2025-08-09 03:04:23,587 - DEBUG - Joint score for alpha[12]: 15.8489
2025-08-09 03:04:27,091 - DEBUG - Joint score for alpha[13]: 15.9934
2025-08-09 03:04:30,593 - DEBUG - Joint score for alpha[14]: 15.7980
2025-08-09 03:04:34,097 - DEBUG - Joint score for alpha[15]: 15.9529
2025-08-09 03:04:37,619 - DEBUG - Joint score for alpha[0]: 15.8402
2025-08-09 03:04:41,125 - DEBUG - Joint score for alpha[1]: 15.9117
2025-08-09 03:04:44,628 - DEBUG - Joint score for alpha[2]: 15.9516
2025-08-09 03:04:48,130 - DEBUG - Joint score for alpha[3]: 15.8246
2025-08-09 03:04:51,633 - DEBUG - Joint score for alpha[4]: 15.8965
2025-08-09 03:04:55,138 - DEBUG - Joint score for alpha[5]: 15.8511
2025-08-09 03:04:58,641 - DEBUG - Joint score for alpha[6]: 15.9125
2025-08-09 03:05:02,145 - DEBUG - Joint score for alpha[7]: 16.0684
2025-08-09 03:05:05,647 - DEBUG - Joint score for alpha[8]: 15.8960
2025-08-09 03:05:09,151 - DEBUG - Joint score for alpha[9]: 16.0857
2025-08-09 03:05:12,654 - DEBUG - Joint score for alpha[10]: 15.7335
2025-08-09 03:05:16,157 - DEBUG - Joint score for alpha[11]: 15.7779
2025-08-09 03:05:19,660 - DEBUG - Joint score for alpha[12]: 16.2689
2025-08-09 03:05:23,162 - DEBUG - Joint score for alpha[13]: 15.8433
2025-08-09 03:05:26,665 - DEBUG - Joint score for alpha[14]: 15.9089
2025-08-09 03:05:30,169 - DEBUG - Joint score for alpha[15]: 15.9650
2025-08-09 03:05:33,693 - DEBUG - Joint score for alpha[0]: 15.9325
2025-08-09 03:05:37,199 - DEBUG - Joint score for alpha[1]: 15.8552
2025-08-09 03:05:40,701 - DEBUG - Joint score for alpha[2]: 15.9095
2025-08-09 03:05:44,206 - DEBUG - Joint score for alpha[3]: 15.9242
2025-08-09 03:05:47,710 - DEBUG - Joint score for alpha[4]: 15.9069
2025-08-09 03:05:51,215 - DEBUG - Joint score for alpha[5]: 15.8057
2025-08-09 03:05:54,721 - DEBUG - Joint score for alpha[6]: 16.0249
2025-08-09 03:05:58,224 - DEBUG - Joint score for alpha[7]: 15.8077
2025-08-09 03:06:01,728 - DEBUG - Joint score for alpha[8]: 15.6948
2025-08-09 03:06:05,233 - DEBUG - Joint score for alpha[9]: 15.7490
2025-08-09 03:06:08,738 - DEBUG - Joint score for alpha[10]: 15.7959
2025-08-09 03:06:12,240 - DEBUG - Joint score for alpha[11]: 16.0905
2025-08-09 03:06:15,743 - DEBUG - Joint score for alpha[12]: 16.0167
2025-08-09 03:06:19,248 - DEBUG - Joint score for alpha[13]: 15.8629
2025-08-09 03:06:22,753 - DEBUG - Joint score for alpha[14]: 15.7840
2025-08-09 03:06:26,258 - DEBUG - Joint score for alpha[15]: 15.8674
2025-08-09 03:06:26,301 - INFO - Step 54/120: mean ENERGY=15.9867
2025-08-09 03:06:26,303 - DEBUG - Beginning Gibbs iteration s = 54
2025-08-09 03:06:29,919 - DEBUG - Joint score for alpha[0]: 15.8409
2025-08-09 03:06:33,425 - DEBUG - Joint score for alpha[1]: 16.2274
2025-08-09 03:06:36,928 - DEBUG - Joint score for alpha[2]: 16.1249
2025-08-09 03:06:40,431 - DEBUG - Joint score for alpha[3]: 16.3731
2025-08-09 03:06:43,933 - DEBUG - Joint score for alpha[4]: 15.9547
2025-08-09 03:06:47,434 - DEBUG - Joint score for alpha[5]: 15.9198
2025-08-09 03:06:50,937 - DEBUG - Joint score for alpha[6]: 15.8740
2025-08-09 03:06:54,438 - DEBUG - Joint score for alpha[7]: 15.9755
2025-08-09 03:06:57,939 - DEBUG - Joint score for alpha[8]: 16.0133
2025-08-09 03:07:01,440 - DEBUG - Joint score for alpha[9]: 16.0360
2025-08-09 03:07:04,943 - DEBUG - Joint score for alpha[10]: 16.0320
2025-08-09 03:07:08,445 - DEBUG - Joint score for alpha[11]: 15.9347
2025-08-09 03:07:11,947 - DEBUG - Joint score for alpha[12]: 15.9420
2025-08-09 03:07:15,450 - DEBUG - Joint score for alpha[13]: 15.8944
2025-08-09 03:07:18,951 - DEBUG - Joint score for alpha[14]: 16.1319
2025-08-09 03:07:22,453 - DEBUG - Joint score for alpha[15]: 15.8420
2025-08-09 03:07:25,978 - DEBUG - Joint score for alpha[0]: 16.0985
2025-08-09 03:07:29,481 - DEBUG - Joint score for alpha[1]: 16.2221
2025-08-09 03:07:32,982 - DEBUG - Joint score for alpha[2]: 16.2217
2025-08-09 03:07:36,483 - DEBUG - Joint score for alpha[3]: 16.0512
2025-08-09 03:07:39,985 - DEBUG - Joint score for alpha[4]: 16.1718
2025-08-09 03:07:43,484 - DEBUG - Joint score for alpha[5]: 15.9290
2025-08-09 03:07:46,984 - DEBUG - Joint score for alpha[6]: 16.1572
2025-08-09 03:07:50,486 - DEBUG - Joint score for alpha[7]: 16.3094
2025-08-09 03:07:53,986 - DEBUG - Joint score for alpha[8]: 16.3588
2025-08-09 03:07:57,487 - DEBUG - Joint score for alpha[9]: 16.0342
2025-08-09 03:08:00,988 - DEBUG - Joint score for alpha[10]: 16.3488
2025-08-09 03:08:04,488 - DEBUG - Joint score for alpha[11]: 16.1817
2025-08-09 03:08:07,989 - DEBUG - Joint score for alpha[12]: 16.1699
2025-08-09 03:08:11,489 - DEBUG - Joint score for alpha[13]: 16.0980
2025-08-09 03:08:14,990 - DEBUG - Joint score for alpha[14]: 16.1791
2025-08-09 03:08:18,491 - DEBUG - Joint score for alpha[15]: 16.0584
2025-08-09 03:08:22,012 - DEBUG - Joint score for alpha[0]: 16.1876
2025-08-09 03:08:25,517 - DEBUG - Joint score for alpha[1]: 16.2710
2025-08-09 03:08:29,019 - DEBUG - Joint score for alpha[2]: 16.2319
2025-08-09 03:08:32,521 - DEBUG - Joint score for alpha[3]: 16.1938
2025-08-09 03:08:36,024 - DEBUG - Joint score for alpha[4]: 16.2585
2025-08-09 03:08:39,527 - DEBUG - Joint score for alpha[5]: 16.2045
2025-08-09 03:08:43,029 - DEBUG - Joint score for alpha[6]: 16.3893
2025-08-09 03:08:46,530 - DEBUG - Joint score for alpha[7]: 16.0067
2025-08-09 03:08:50,031 - DEBUG - Joint score for alpha[8]: 16.1686
2025-08-09 03:08:53,532 - DEBUG - Joint score for alpha[9]: 16.0344
2025-08-09 03:08:57,031 - DEBUG - Joint score for alpha[10]: 16.2243
2025-08-09 03:09:00,532 - DEBUG - Joint score for alpha[11]: 16.1521
2025-08-09 03:09:04,033 - DEBUG - Joint score for alpha[12]: 16.3547
2025-08-09 03:09:07,535 - DEBUG - Joint score for alpha[13]: 16.2507
2025-08-09 03:09:11,035 - DEBUG - Joint score for alpha[14]: 16.0731
2025-08-09 03:09:14,538 - DEBUG - Joint score for alpha[15]: 16.0230
2025-08-09 03:09:18,060 - DEBUG - Joint score for alpha[0]: 16.0658
2025-08-09 03:09:21,564 - DEBUG - Joint score for alpha[1]: 16.0440
2025-08-09 03:09:25,066 - DEBUG - Joint score for alpha[2]: 16.1440
2025-08-09 03:09:28,571 - DEBUG - Joint score for alpha[3]: 16.0967
2025-08-09 03:09:32,072 - DEBUG - Joint score for alpha[4]: 16.1484
2025-08-09 03:09:35,576 - DEBUG - Joint score for alpha[5]: 16.2567
2025-08-09 03:09:39,077 - DEBUG - Joint score for alpha[6]: 16.0495
2025-08-09 03:09:42,580 - DEBUG - Joint score for alpha[7]: 16.1373
2025-08-09 03:09:46,081 - DEBUG - Joint score for alpha[8]: 16.1965
2025-08-09 03:09:49,581 - DEBUG - Joint score for alpha[9]: 16.1043
2025-08-09 03:09:53,080 - DEBUG - Joint score for alpha[10]: 16.0007
2025-08-09 03:09:56,581 - DEBUG - Joint score for alpha[11]: 16.1324
2025-08-09 03:10:00,081 - DEBUG - Joint score for alpha[12]: 16.1286
2025-08-09 03:10:03,581 - DEBUG - Joint score for alpha[13]: 16.2443
2025-08-09 03:10:07,079 - DEBUG - Joint score for alpha[14]: 16.0531
2025-08-09 03:10:10,581 - DEBUG - Joint score for alpha[15]: 16.1273
2025-08-09 03:10:14,100 - DEBUG - Joint score for alpha[0]: 16.3280
2025-08-09 03:10:17,604 - DEBUG - Joint score for alpha[1]: 16.0873
2025-08-09 03:10:21,103 - DEBUG - Joint score for alpha[2]: 15.9224
2025-08-09 03:10:24,604 - DEBUG - Joint score for alpha[3]: 15.9435
2025-08-09 03:10:28,107 - DEBUG - Joint score for alpha[4]: 16.3360
2025-08-09 03:10:31,609 - DEBUG - Joint score for alpha[5]: 16.2956
2025-08-09 03:10:35,114 - DEBUG - Joint score for alpha[6]: 16.1246
2025-08-09 03:10:38,617 - DEBUG - Joint score for alpha[7]: 16.1832
2025-08-09 03:10:42,120 - DEBUG - Joint score for alpha[8]: 16.2179
2025-08-09 03:10:45,624 - DEBUG - Joint score for alpha[9]: 16.1297
2025-08-09 03:10:49,129 - DEBUG - Joint score for alpha[10]: 16.0987
2025-08-09 03:10:52,634 - DEBUG - Joint score for alpha[11]: 16.0587
2025-08-09 03:10:56,137 - DEBUG - Joint score for alpha[12]: 16.1043
2025-08-09 03:10:59,639 - DEBUG - Joint score for alpha[13]: 15.8775
2025-08-09 03:11:03,140 - DEBUG - Joint score for alpha[14]: 16.2122
2025-08-09 03:11:06,641 - DEBUG - Joint score for alpha[15]: 15.9242
2025-08-09 03:11:06,685 - INFO - Step 55/120: mean ENERGY=16.1530
2025-08-09 03:11:06,687 - DEBUG - Beginning Gibbs iteration s = 55
2025-08-09 03:11:06,789 - DEBUG - Proposal variance adapted: 0.017
2025-08-09 03:11:10,263 - DEBUG - Joint score for alpha[0]: 16.2898
2025-08-09 03:11:13,769 - DEBUG - Joint score for alpha[1]: 16.2371
2025-08-09 03:11:17,273 - DEBUG - Joint score for alpha[2]: 16.1942
2025-08-09 03:11:20,775 - DEBUG - Joint score for alpha[3]: 15.9452
2025-08-09 03:11:24,278 - DEBUG - Joint score for alpha[4]: 16.0832
2025-08-09 03:11:27,781 - DEBUG - Joint score for alpha[5]: 15.8849
2025-08-09 03:11:31,286 - DEBUG - Joint score for alpha[6]: 16.0044
2025-08-09 03:11:34,791 - DEBUG - Joint score for alpha[7]: 16.1662
2025-08-09 03:11:38,294 - DEBUG - Joint score for alpha[8]: 16.0001
2025-08-09 03:11:41,797 - DEBUG - Joint score for alpha[9]: 16.1024
2025-08-09 03:11:45,301 - DEBUG - Joint score for alpha[10]: 16.1236
2025-08-09 03:11:48,806 - DEBUG - Joint score for alpha[11]: 16.1458
2025-08-09 03:11:52,311 - DEBUG - Joint score for alpha[12]: 16.3150
2025-08-09 03:11:55,817 - DEBUG - Joint score for alpha[13]: 15.8343
2025-08-09 03:11:59,321 - DEBUG - Joint score for alpha[14]: 15.8288
2025-08-09 03:12:02,825 - DEBUG - Joint score for alpha[15]: 16.3247
2025-08-09 03:12:06,350 - DEBUG - Joint score for alpha[0]: 16.2052
2025-08-09 03:12:09,856 - DEBUG - Joint score for alpha[1]: 16.0300
2025-08-09 03:12:13,363 - DEBUG - Joint score for alpha[2]: 15.9528
2025-08-09 03:12:16,868 - DEBUG - Joint score for alpha[3]: 16.0255
2025-08-09 03:12:20,373 - DEBUG - Joint score for alpha[4]: 15.9705
2025-08-09 03:12:23,879 - DEBUG - Joint score for alpha[5]: 16.2118
2025-08-09 03:12:27,385 - DEBUG - Joint score for alpha[6]: 16.0384
2025-08-09 03:12:30,890 - DEBUG - Joint score for alpha[7]: 16.1290
2025-08-09 03:12:34,394 - DEBUG - Joint score for alpha[8]: 15.9594
2025-08-09 03:12:37,898 - DEBUG - Joint score for alpha[9]: 16.3348
2025-08-09 03:12:41,401 - DEBUG - Joint score for alpha[10]: 15.8621
2025-08-09 03:12:44,905 - DEBUG - Joint score for alpha[11]: 16.1596
2025-08-09 03:12:48,408 - DEBUG - Joint score for alpha[12]: 16.2500
2025-08-09 03:12:51,911 - DEBUG - Joint score for alpha[13]: 15.9024
2025-08-09 03:12:55,414 - DEBUG - Joint score for alpha[14]: 15.9562
2025-08-09 03:12:58,917 - DEBUG - Joint score for alpha[15]: 16.2037
2025-08-09 03:13:02,440 - DEBUG - Joint score for alpha[0]: 16.1515
2025-08-09 03:13:05,944 - DEBUG - Joint score for alpha[1]: 16.1696
2025-08-09 03:13:09,445 - DEBUG - Joint score for alpha[2]: 16.1589
2025-08-09 03:13:12,947 - DEBUG - Joint score for alpha[3]: 16.2472
2025-08-09 03:13:16,450 - DEBUG - Joint score for alpha[4]: 15.9034
2025-08-09 03:13:19,951 - DEBUG - Joint score for alpha[5]: 16.0757
2025-08-09 03:13:23,454 - DEBUG - Joint score for alpha[6]: 16.3454
2025-08-09 03:13:26,957 - DEBUG - Joint score for alpha[7]: 16.4436
2025-08-09 03:13:30,457 - DEBUG - Joint score for alpha[8]: 16.0664
2025-08-09 03:13:33,957 - DEBUG - Joint score for alpha[9]: 15.8060
2025-08-09 03:13:37,459 - DEBUG - Joint score for alpha[10]: 16.1902
2025-08-09 03:13:40,962 - DEBUG - Joint score for alpha[11]: 15.9190
2025-08-09 03:13:44,465 - DEBUG - Joint score for alpha[12]: 16.1592
2025-08-09 03:13:47,967 - DEBUG - Joint score for alpha[13]: 16.1479
2025-08-09 03:13:51,472 - DEBUG - Joint score for alpha[14]: 16.0812
2025-08-09 03:13:54,975 - DEBUG - Joint score for alpha[15]: 16.0749
2025-08-09 03:13:58,499 - DEBUG - Joint score for alpha[0]: 15.9625
2025-08-09 03:14:02,006 - DEBUG - Joint score for alpha[1]: 16.0837
2025-08-09 03:14:05,510 - DEBUG - Joint score for alpha[2]: 16.0792
2025-08-09 03:14:09,012 - DEBUG - Joint score for alpha[3]: 15.8825
2025-08-09 03:14:12,517 - DEBUG - Joint score for alpha[4]: 16.2123
2025-08-09 03:14:16,021 - DEBUG - Joint score for alpha[5]: 16.1551
2025-08-09 03:14:19,523 - DEBUG - Joint score for alpha[6]: 16.0953
2025-08-09 03:14:23,026 - DEBUG - Joint score for alpha[7]: 16.0204
2025-08-09 03:14:26,528 - DEBUG - Joint score for alpha[8]: 16.2154
2025-08-09 03:14:30,030 - DEBUG - Joint score for alpha[9]: 16.0137
2025-08-09 03:14:33,533 - DEBUG - Joint score for alpha[10]: 16.2557
2025-08-09 03:14:37,036 - DEBUG - Joint score for alpha[11]: 16.2002
2025-08-09 03:14:40,540 - DEBUG - Joint score for alpha[12]: 16.0823
2025-08-09 03:14:44,044 - DEBUG - Joint score for alpha[13]: 16.0501
2025-08-09 03:14:47,548 - DEBUG - Joint score for alpha[14]: 16.0047
2025-08-09 03:14:51,052 - DEBUG - Joint score for alpha[15]: 15.8899
2025-08-09 03:14:54,576 - DEBUG - Joint score for alpha[0]: 16.0264
2025-08-09 03:14:58,083 - DEBUG - Joint score for alpha[1]: 15.9990
2025-08-09 03:15:01,588 - DEBUG - Joint score for alpha[2]: 15.9007
2025-08-09 03:15:05,092 - DEBUG - Joint score for alpha[3]: 16.2150
2025-08-09 03:15:08,598 - DEBUG - Joint score for alpha[4]: 16.2502
2025-08-09 03:15:12,104 - DEBUG - Joint score for alpha[5]: 16.0644
2025-08-09 03:15:15,608 - DEBUG - Joint score for alpha[6]: 16.1948
2025-08-09 03:15:19,113 - DEBUG - Joint score for alpha[7]: 15.9713
2025-08-09 03:15:22,617 - DEBUG - Joint score for alpha[8]: 16.0659
2025-08-09 03:15:26,121 - DEBUG - Joint score for alpha[9]: 16.0516
2025-08-09 03:15:29,624 - DEBUG - Joint score for alpha[10]: 16.1079
2025-08-09 03:15:33,128 - DEBUG - Joint score for alpha[11]: 16.2172
2025-08-09 03:15:36,632 - DEBUG - Joint score for alpha[12]: 16.5028
2025-08-09 03:15:40,136 - DEBUG - Joint score for alpha[13]: 16.1904
2025-08-09 03:15:43,640 - DEBUG - Joint score for alpha[14]: 16.1998
2025-08-09 03:15:47,144 - DEBUG - Joint score for alpha[15]: 16.1855
2025-08-09 03:15:47,188 - INFO - Step 56/120: mean ENERGY=16.1411
2025-08-09 03:15:47,189 - DEBUG - Beginning Gibbs iteration s = 56
2025-08-09 03:15:50,832 - DEBUG - Joint score for alpha[0]: 15.8885
2025-08-09 03:15:54,337 - DEBUG - Joint score for alpha[1]: 15.9920
2025-08-09 03:15:57,840 - DEBUG - Joint score for alpha[2]: 15.9578
2025-08-09 03:16:01,343 - DEBUG - Joint score for alpha[3]: 16.0514
2025-08-09 03:16:04,846 - DEBUG - Joint score for alpha[4]: 15.8943
2025-08-09 03:16:08,351 - DEBUG - Joint score for alpha[5]: 15.8557
2025-08-09 03:16:11,856 - DEBUG - Joint score for alpha[6]: 16.0100
2025-08-09 03:16:15,361 - DEBUG - Joint score for alpha[7]: 15.8912
2025-08-09 03:16:18,865 - DEBUG - Joint score for alpha[8]: 16.2295
2025-08-09 03:16:22,367 - DEBUG - Joint score for alpha[9]: 16.2960
2025-08-09 03:16:25,869 - DEBUG - Joint score for alpha[10]: 16.2068
2025-08-09 03:16:29,371 - DEBUG - Joint score for alpha[11]: 16.0973
2025-08-09 03:16:32,874 - DEBUG - Joint score for alpha[12]: 16.1091
2025-08-09 03:16:36,376 - DEBUG - Joint score for alpha[13]: 15.7414
2025-08-09 03:16:39,879 - DEBUG - Joint score for alpha[14]: 16.0279
2025-08-09 03:16:43,381 - DEBUG - Joint score for alpha[15]: 16.0637
2025-08-09 03:16:46,905 - DEBUG - Joint score for alpha[0]: 16.0313
2025-08-09 03:16:50,410 - DEBUG - Joint score for alpha[1]: 15.8932
2025-08-09 03:16:53,915 - DEBUG - Joint score for alpha[2]: 16.1566
2025-08-09 03:16:57,420 - DEBUG - Joint score for alpha[3]: 15.8908
2025-08-09 03:17:00,924 - DEBUG - Joint score for alpha[4]: 15.9748
2025-08-09 03:17:04,430 - DEBUG - Joint score for alpha[5]: 15.9219
2025-08-09 03:17:07,933 - DEBUG - Joint score for alpha[6]: 15.8618
2025-08-09 03:17:11,436 - DEBUG - Joint score for alpha[7]: 15.9718
2025-08-09 03:17:14,940 - DEBUG - Joint score for alpha[8]: 16.1447
2025-08-09 03:17:18,441 - DEBUG - Joint score for alpha[9]: 15.9872
2025-08-09 03:17:21,944 - DEBUG - Joint score for alpha[10]: 15.8978
2025-08-09 03:17:25,448 - DEBUG - Joint score for alpha[11]: 15.9192
2025-08-09 03:17:28,951 - DEBUG - Joint score for alpha[12]: 15.9206
2025-08-09 03:17:32,454 - DEBUG - Joint score for alpha[13]: 16.1015
2025-08-09 03:17:35,957 - DEBUG - Joint score for alpha[14]: 15.9738
2025-08-09 03:17:39,463 - DEBUG - Joint score for alpha[15]: 16.0366
2025-08-09 03:17:42,987 - DEBUG - Joint score for alpha[0]: 15.8742
2025-08-09 03:17:46,493 - DEBUG - Joint score for alpha[1]: 16.2254
2025-08-09 03:17:49,995 - DEBUG - Joint score for alpha[2]: 15.9852
2025-08-09 03:17:53,497 - DEBUG - Joint score for alpha[3]: 16.0693
2025-08-09 03:17:56,998 - DEBUG - Joint score for alpha[4]: 15.9150
2025-08-09 03:18:00,502 - DEBUG - Joint score for alpha[5]: 16.0356
2025-08-09 03:18:04,007 - DEBUG - Joint score for alpha[6]: 16.1719
2025-08-09 03:18:07,509 - DEBUG - Joint score for alpha[7]: 15.9102
2025-08-09 03:18:11,012 - DEBUG - Joint score for alpha[8]: 15.9806
2025-08-09 03:18:14,516 - DEBUG - Joint score for alpha[9]: 15.9257
2025-08-09 03:18:18,019 - DEBUG - Joint score for alpha[10]: 15.9858
2025-08-09 03:18:21,523 - DEBUG - Joint score for alpha[11]: 15.8661
2025-08-09 03:18:25,027 - DEBUG - Joint score for alpha[12]: 16.0904
2025-08-09 03:18:28,529 - DEBUG - Joint score for alpha[13]: 16.1081
2025-08-09 03:18:32,032 - DEBUG - Joint score for alpha[14]: 16.1627
2025-08-09 03:18:35,536 - DEBUG - Joint score for alpha[15]: 16.1702
2025-08-09 03:18:39,060 - DEBUG - Joint score for alpha[0]: 15.9869
2025-08-09 03:18:42,565 - DEBUG - Joint score for alpha[1]: 15.7282
2025-08-09 03:18:46,070 - DEBUG - Joint score for alpha[2]: 16.0921
2025-08-09 03:18:49,574 - DEBUG - Joint score for alpha[3]: 16.0339
2025-08-09 03:18:53,078 - DEBUG - Joint score for alpha[4]: 16.0009
2025-08-09 03:18:56,583 - DEBUG - Joint score for alpha[5]: 15.8691
2025-08-09 03:19:00,087 - DEBUG - Joint score for alpha[6]: 16.0138
2025-08-09 03:19:03,591 - DEBUG - Joint score for alpha[7]: 15.9895
2025-08-09 03:19:07,095 - DEBUG - Joint score for alpha[8]: 15.9201
2025-08-09 03:19:10,599 - DEBUG - Joint score for alpha[9]: 15.8002
2025-08-09 03:19:14,101 - DEBUG - Joint score for alpha[10]: 16.1010
2025-08-09 03:19:17,603 - DEBUG - Joint score for alpha[11]: 16.0276
2025-08-09 03:19:21,105 - DEBUG - Joint score for alpha[12]: 15.9404
2025-08-09 03:19:24,608 - DEBUG - Joint score for alpha[13]: 15.9709
2025-08-09 03:19:28,110 - DEBUG - Joint score for alpha[14]: 15.7786
2025-08-09 03:19:31,612 - DEBUG - Joint score for alpha[15]: 15.9286
2025-08-09 03:19:35,137 - DEBUG - Joint score for alpha[0]: 15.8560
2025-08-09 03:19:38,640 - DEBUG - Joint score for alpha[1]: 15.8873
2025-08-09 03:19:42,142 - DEBUG - Joint score for alpha[2]: 16.1287
2025-08-09 03:19:45,645 - DEBUG - Joint score for alpha[3]: 15.8619
2025-08-09 03:19:49,148 - DEBUG - Joint score for alpha[4]: 15.8938
2025-08-09 03:19:52,652 - DEBUG - Joint score for alpha[5]: 15.7922
2025-08-09 03:19:56,155 - DEBUG - Joint score for alpha[6]: 15.9732
2025-08-09 03:19:59,659 - DEBUG - Joint score for alpha[7]: 15.8895
2025-08-09 03:20:03,163 - DEBUG - Joint score for alpha[8]: 16.0440
2025-08-09 03:20:06,666 - DEBUG - Joint score for alpha[9]: 16.0181
2025-08-09 03:20:10,170 - DEBUG - Joint score for alpha[10]: 15.8420
2025-08-09 03:20:13,672 - DEBUG - Joint score for alpha[11]: 15.9394
2025-08-09 03:20:17,175 - DEBUG - Joint score for alpha[12]: 15.9638
2025-08-09 03:20:20,678 - DEBUG - Joint score for alpha[13]: 15.9272
2025-08-09 03:20:24,182 - DEBUG - Joint score for alpha[14]: 15.8956
2025-08-09 03:20:27,685 - DEBUG - Joint score for alpha[15]: 16.1081
2025-08-09 03:20:27,729 - INFO - Step 57/120: mean ENERGY=16.0039
2025-08-09 03:20:27,730 - DEBUG - Beginning Gibbs iteration s = 57
2025-08-09 03:20:31,360 - DEBUG - Joint score for alpha[0]: 16.2473
2025-08-09 03:20:34,863 - DEBUG - Joint score for alpha[1]: 15.8973
2025-08-09 03:20:38,364 - DEBUG - Joint score for alpha[2]: 16.0408
2025-08-09 03:20:41,864 - DEBUG - Joint score for alpha[3]: 15.7852
2025-08-09 03:20:45,367 - DEBUG - Joint score for alpha[4]: 15.7443
2025-08-09 03:20:48,869 - DEBUG - Joint score for alpha[5]: 15.9656
2025-08-09 03:20:52,372 - DEBUG - Joint score for alpha[6]: 15.7332
2025-08-09 03:20:55,873 - DEBUG - Joint score for alpha[7]: 16.1069
2025-08-09 03:20:59,375 - DEBUG - Joint score for alpha[8]: 15.8108
2025-08-09 03:21:02,878 - DEBUG - Joint score for alpha[9]: 16.2818
2025-08-09 03:21:06,380 - DEBUG - Joint score for alpha[10]: 15.8558
2025-08-09 03:21:09,882 - DEBUG - Joint score for alpha[11]: 16.1110
2025-08-09 03:21:13,385 - DEBUG - Joint score for alpha[12]: 16.0983
2025-08-09 03:21:16,886 - DEBUG - Joint score for alpha[13]: 15.9821
2025-08-09 03:21:20,389 - DEBUG - Joint score for alpha[14]: 15.8785
2025-08-09 03:21:23,891 - DEBUG - Joint score for alpha[15]: 15.7765
2025-08-09 03:21:27,414 - DEBUG - Joint score for alpha[0]: 16.0153
2025-08-09 03:21:30,916 - DEBUG - Joint score for alpha[1]: 15.9550
2025-08-09 03:21:34,415 - DEBUG - Joint score for alpha[2]: 15.7942
2025-08-09 03:21:37,916 - DEBUG - Joint score for alpha[3]: 15.9137
2025-08-09 03:21:41,415 - DEBUG - Joint score for alpha[4]: 15.7539
2025-08-09 03:21:44,916 - DEBUG - Joint score for alpha[5]: 15.9524
2025-08-09 03:21:48,416 - DEBUG - Joint score for alpha[6]: 15.8582
2025-08-09 03:21:51,918 - DEBUG - Joint score for alpha[7]: 15.7487
2025-08-09 03:21:55,418 - DEBUG - Joint score for alpha[8]: 15.7969
2025-08-09 03:21:58,918 - DEBUG - Joint score for alpha[9]: 15.7483
2025-08-09 03:22:02,419 - DEBUG - Joint score for alpha[10]: 15.8040
2025-08-09 03:22:05,921 - DEBUG - Joint score for alpha[11]: 15.8772
2025-08-09 03:22:09,422 - DEBUG - Joint score for alpha[12]: 16.0218
2025-08-09 03:22:12,924 - DEBUG - Joint score for alpha[13]: 15.8694
2025-08-09 03:22:16,427 - DEBUG - Joint score for alpha[14]: 16.1900
2025-08-09 03:22:19,930 - DEBUG - Joint score for alpha[15]: 15.9696
2025-08-09 03:22:23,452 - DEBUG - Joint score for alpha[0]: 15.8058
2025-08-09 03:22:26,956 - DEBUG - Joint score for alpha[1]: 15.9711
2025-08-09 03:22:30,458 - DEBUG - Joint score for alpha[2]: 16.0924
2025-08-09 03:22:33,958 - DEBUG - Joint score for alpha[3]: 15.7493
2025-08-09 03:22:37,461 - DEBUG - Joint score for alpha[4]: 15.8767
2025-08-09 03:22:40,962 - DEBUG - Joint score for alpha[5]: 16.3486
2025-08-09 03:22:44,462 - DEBUG - Joint score for alpha[6]: 16.1113
2025-08-09 03:22:47,962 - DEBUG - Joint score for alpha[7]: 15.9440
2025-08-09 03:22:51,465 - DEBUG - Joint score for alpha[8]: 16.0912
2025-08-09 03:22:54,964 - DEBUG - Joint score for alpha[9]: 15.9207
2025-08-09 03:22:58,462 - DEBUG - Joint score for alpha[10]: 15.9310
2025-08-09 03:23:01,961 - DEBUG - Joint score for alpha[11]: 15.9035
2025-08-09 03:23:05,459 - DEBUG - Joint score for alpha[12]: 15.8467
2025-08-09 03:23:08,957 - DEBUG - Joint score for alpha[13]: 15.8317
2025-08-09 03:23:12,458 - DEBUG - Joint score for alpha[14]: 15.7966
2025-08-09 03:23:15,957 - DEBUG - Joint score for alpha[15]: 16.0723
2025-08-09 03:23:19,476 - DEBUG - Joint score for alpha[0]: 15.8106
2025-08-09 03:23:22,977 - DEBUG - Joint score for alpha[1]: 15.9189
2025-08-09 03:23:26,476 - DEBUG - Joint score for alpha[2]: 16.0331
2025-08-09 03:23:29,976 - DEBUG - Joint score for alpha[3]: 15.8967
2025-08-09 03:23:33,477 - DEBUG - Joint score for alpha[4]: 15.9140
2025-08-09 03:23:36,977 - DEBUG - Joint score for alpha[5]: 15.7451
2025-08-09 03:23:40,477 - DEBUG - Joint score for alpha[6]: 15.9073
2025-08-09 03:23:43,978 - DEBUG - Joint score for alpha[7]: 15.9599
2025-08-09 03:23:47,481 - DEBUG - Joint score for alpha[8]: 15.7099
2025-08-09 03:23:50,981 - DEBUG - Joint score for alpha[9]: 15.8468
2025-08-09 03:23:54,483 - DEBUG - Joint score for alpha[10]: 16.0751
2025-08-09 03:23:57,986 - DEBUG - Joint score for alpha[11]: 16.0868
2025-08-09 03:24:01,486 - DEBUG - Joint score for alpha[12]: 15.7337
2025-08-09 03:24:04,986 - DEBUG - Joint score for alpha[13]: 15.9717
2025-08-09 03:24:08,489 - DEBUG - Joint score for alpha[14]: 15.8965
2025-08-09 03:24:11,991 - DEBUG - Joint score for alpha[15]: 15.7998
2025-08-09 03:24:15,514 - DEBUG - Joint score for alpha[0]: 16.1287
2025-08-09 03:24:19,017 - DEBUG - Joint score for alpha[1]: 15.8861
2025-08-09 03:24:22,516 - DEBUG - Joint score for alpha[2]: 16.0561
2025-08-09 03:24:26,016 - DEBUG - Joint score for alpha[3]: 15.9083
2025-08-09 03:24:29,516 - DEBUG - Joint score for alpha[4]: 15.6842
2025-08-09 03:24:33,017 - DEBUG - Joint score for alpha[5]: 15.9132
2025-08-09 03:24:36,516 - DEBUG - Joint score for alpha[6]: 15.8261
2025-08-09 03:24:40,016 - DEBUG - Joint score for alpha[7]: 15.8447
2025-08-09 03:24:43,517 - DEBUG - Joint score for alpha[8]: 15.7890
2025-08-09 03:24:47,018 - DEBUG - Joint score for alpha[9]: 15.8276
2025-08-09 03:24:50,517 - DEBUG - Joint score for alpha[10]: 15.7714
2025-08-09 03:24:54,017 - DEBUG - Joint score for alpha[11]: 16.0010
2025-08-09 03:24:57,517 - DEBUG - Joint score for alpha[12]: 15.7235
2025-08-09 03:25:01,017 - DEBUG - Joint score for alpha[13]: 15.6895
2025-08-09 03:25:04,518 - DEBUG - Joint score for alpha[14]: 15.7830
2025-08-09 03:25:08,018 - DEBUG - Joint score for alpha[15]: 15.9070
2025-08-09 03:25:08,061 - INFO - Step 58/120: mean ENERGY=15.8398
2025-08-09 03:25:08,062 - DEBUG - Beginning Gibbs iteration s = 58
2025-08-09 03:25:11,676 - DEBUG - Joint score for alpha[0]: 16.0212
2025-08-09 03:25:15,181 - DEBUG - Joint score for alpha[1]: 15.9147
2025-08-09 03:25:18,684 - DEBUG - Joint score for alpha[2]: 16.1621
2025-08-09 03:25:22,187 - DEBUG - Joint score for alpha[3]: 15.9455
2025-08-09 03:25:25,689 - DEBUG - Joint score for alpha[4]: 15.7930
2025-08-09 03:25:29,192 - DEBUG - Joint score for alpha[5]: 15.9673
2025-08-09 03:25:32,696 - DEBUG - Joint score for alpha[6]: 16.1972
2025-08-09 03:25:36,196 - DEBUG - Joint score for alpha[7]: 15.9254
2025-08-09 03:25:39,699 - DEBUG - Joint score for alpha[8]: 15.9481
2025-08-09 03:25:43,201 - DEBUG - Joint score for alpha[9]: 15.9527
2025-08-09 03:25:46,702 - DEBUG - Joint score for alpha[10]: 16.0573
2025-08-09 03:25:50,203 - DEBUG - Joint score for alpha[11]: 16.2143
2025-08-09 03:25:53,705 - DEBUG - Joint score for alpha[12]: 15.9701
2025-08-09 03:25:57,207 - DEBUG - Joint score for alpha[13]: 15.7990
2025-08-09 03:26:00,709 - DEBUG - Joint score for alpha[14]: 16.0345
2025-08-09 03:26:04,213 - DEBUG - Joint score for alpha[15]: 16.0600
2025-08-09 03:26:07,738 - DEBUG - Joint score for alpha[0]: 16.1639
2025-08-09 03:26:11,243 - DEBUG - Joint score for alpha[1]: 16.1702
2025-08-09 03:26:14,748 - DEBUG - Joint score for alpha[2]: 16.2335
2025-08-09 03:26:18,251 - DEBUG - Joint score for alpha[3]: 16.0007
2025-08-09 03:26:21,756 - DEBUG - Joint score for alpha[4]: 16.0704
2025-08-09 03:26:25,258 - DEBUG - Joint score for alpha[5]: 15.9877
2025-08-09 03:26:28,761 - DEBUG - Joint score for alpha[6]: 16.1087
2025-08-09 03:26:32,264 - DEBUG - Joint score for alpha[7]: 15.9223
2025-08-09 03:26:35,768 - DEBUG - Joint score for alpha[8]: 16.0973
2025-08-09 03:26:39,272 - DEBUG - Joint score for alpha[9]: 15.8403
2025-08-09 03:26:42,777 - DEBUG - Joint score for alpha[10]: 16.1214
2025-08-09 03:26:46,283 - DEBUG - Joint score for alpha[11]: 15.8761
2025-08-09 03:26:49,787 - DEBUG - Joint score for alpha[12]: 16.0457
2025-08-09 03:26:53,292 - DEBUG - Joint score for alpha[13]: 15.8632
2025-08-09 03:26:56,795 - DEBUG - Joint score for alpha[14]: 16.0170
2025-08-09 03:27:00,298 - DEBUG - Joint score for alpha[15]: 15.8074
2025-08-09 03:27:03,822 - DEBUG - Joint score for alpha[0]: 15.9716
2025-08-09 03:27:07,330 - DEBUG - Joint score for alpha[1]: 16.0771
2025-08-09 03:27:10,832 - DEBUG - Joint score for alpha[2]: 16.0343
2025-08-09 03:27:14,338 - DEBUG - Joint score for alpha[3]: 15.9732
2025-08-09 03:27:17,842 - DEBUG - Joint score for alpha[4]: 15.9108
2025-08-09 03:27:21,349 - DEBUG - Joint score for alpha[5]: 16.0551
2025-08-09 03:27:24,853 - DEBUG - Joint score for alpha[6]: 15.9911
2025-08-09 03:27:28,359 - DEBUG - Joint score for alpha[7]: 15.9893
2025-08-09 03:27:31,863 - DEBUG - Joint score for alpha[8]: 15.8055
2025-08-09 03:27:35,367 - DEBUG - Joint score for alpha[9]: 15.9960
2025-08-09 03:27:38,873 - DEBUG - Joint score for alpha[10]: 16.0920
2025-08-09 03:27:42,377 - DEBUG - Joint score for alpha[11]: 16.2241
2025-08-09 03:27:45,880 - DEBUG - Joint score for alpha[12]: 16.1641
2025-08-09 03:27:49,385 - DEBUG - Joint score for alpha[13]: 16.0334
2025-08-09 03:27:52,890 - DEBUG - Joint score for alpha[14]: 16.0519
2025-08-09 03:27:56,393 - DEBUG - Joint score for alpha[15]: 15.8572
2025-08-09 03:27:59,919 - DEBUG - Joint score for alpha[0]: 16.1144
2025-08-09 03:28:03,423 - DEBUG - Joint score for alpha[1]: 16.0947
2025-08-09 03:28:06,930 - DEBUG - Joint score for alpha[2]: 15.9036
2025-08-09 03:28:10,432 - DEBUG - Joint score for alpha[3]: 16.0125
2025-08-09 03:28:13,936 - DEBUG - Joint score for alpha[4]: 15.7966
2025-08-09 03:28:17,440 - DEBUG - Joint score for alpha[5]: 16.0663
2025-08-09 03:28:20,943 - DEBUG - Joint score for alpha[6]: 16.1550
2025-08-09 03:28:24,447 - DEBUG - Joint score for alpha[7]: 16.0407
2025-08-09 03:28:27,950 - DEBUG - Joint score for alpha[8]: 15.9640
2025-08-09 03:28:31,453 - DEBUG - Joint score for alpha[9]: 15.8815
2025-08-09 03:28:34,957 - DEBUG - Joint score for alpha[10]: 15.9512
2025-08-09 03:28:38,460 - DEBUG - Joint score for alpha[11]: 16.0838
2025-08-09 03:28:41,963 - DEBUG - Joint score for alpha[12]: 15.8631
2025-08-09 03:28:45,468 - DEBUG - Joint score for alpha[13]: 16.0304
2025-08-09 03:28:48,969 - DEBUG - Joint score for alpha[14]: 15.8259
2025-08-09 03:28:52,473 - DEBUG - Joint score for alpha[15]: 15.9101
2025-08-09 03:28:55,999 - DEBUG - Joint score for alpha[0]: 16.2014
2025-08-09 03:28:59,504 - DEBUG - Joint score for alpha[1]: 16.1717
2025-08-09 03:29:03,007 - DEBUG - Joint score for alpha[2]: 16.1655
2025-08-09 03:29:06,510 - DEBUG - Joint score for alpha[3]: 16.2510
2025-08-09 03:29:10,012 - DEBUG - Joint score for alpha[4]: 15.8167
2025-08-09 03:29:13,515 - DEBUG - Joint score for alpha[5]: 16.4852
2025-08-09 03:29:17,019 - DEBUG - Joint score for alpha[6]: 16.2111
2025-08-09 03:29:20,522 - DEBUG - Joint score for alpha[7]: 16.1459
2025-08-09 03:29:24,025 - DEBUG - Joint score for alpha[8]: 16.0975
2025-08-09 03:29:27,529 - DEBUG - Joint score for alpha[9]: 16.2263
2025-08-09 03:29:31,033 - DEBUG - Joint score for alpha[10]: 16.0321
2025-08-09 03:29:34,537 - DEBUG - Joint score for alpha[11]: 16.1220
2025-08-09 03:29:38,041 - DEBUG - Joint score for alpha[12]: 15.9001
2025-08-09 03:29:41,545 - DEBUG - Joint score for alpha[13]: 15.8975
2025-08-09 03:29:45,049 - DEBUG - Joint score for alpha[14]: 16.1277
2025-08-09 03:29:48,552 - DEBUG - Joint score for alpha[15]: 16.1151
2025-08-09 03:29:48,595 - INFO - Step 59/120: mean ENERGY=16.0775
2025-08-09 03:29:48,598 - DEBUG - Beginning Gibbs iteration s = 59
2025-08-09 03:29:52,334 - DEBUG - Joint score for alpha[0]: 16.2328
2025-08-09 03:29:55,842 - DEBUG - Joint score for alpha[1]: 16.2391
2025-08-09 03:29:59,346 - DEBUG - Joint score for alpha[2]: 16.1329
2025-08-09 03:30:02,850 - DEBUG - Joint score for alpha[3]: 15.9214
2025-08-09 03:30:06,357 - DEBUG - Joint score for alpha[4]: 16.4212
2025-08-09 03:30:09,863 - DEBUG - Joint score for alpha[5]: 15.9475
2025-08-09 03:30:13,368 - DEBUG - Joint score for alpha[6]: 16.3400
2025-08-09 03:30:16,873 - DEBUG - Joint score for alpha[7]: 16.1237
2025-08-09 03:30:20,380 - DEBUG - Joint score for alpha[8]: 16.3036
2025-08-09 03:30:23,887 - DEBUG - Joint score for alpha[9]: 16.1114
2025-08-09 03:30:27,392 - DEBUG - Joint score for alpha[10]: 16.0431
2025-08-09 03:30:30,898 - DEBUG - Joint score for alpha[11]: 16.1784
2025-08-09 03:30:34,403 - DEBUG - Joint score for alpha[12]: 16.1868
2025-08-09 03:30:37,910 - DEBUG - Joint score for alpha[13]: 16.2076
2025-08-09 03:30:41,416 - DEBUG - Joint score for alpha[14]: 15.8621
2025-08-09 03:30:44,923 - DEBUG - Joint score for alpha[15]: 16.1078
2025-08-09 03:30:48,449 - DEBUG - Joint score for alpha[0]: 16.1014
2025-08-09 03:30:51,956 - DEBUG - Joint score for alpha[1]: 16.1915
2025-08-09 03:30:55,461 - DEBUG - Joint score for alpha[2]: 16.2264
2025-08-09 03:30:58,967 - DEBUG - Joint score for alpha[3]: 16.1607
2025-08-09 03:31:02,473 - DEBUG - Joint score for alpha[4]: 16.1493
2025-08-09 03:31:05,977 - DEBUG - Joint score for alpha[5]: 16.3062
2025-08-09 03:31:09,481 - DEBUG - Joint score for alpha[6]: 16.4305
2025-08-09 03:31:12,984 - DEBUG - Joint score for alpha[7]: 16.6368
2025-08-09 03:31:16,490 - DEBUG - Joint score for alpha[8]: 16.2968
2025-08-09 03:31:19,993 - DEBUG - Joint score for alpha[9]: 16.1148
2025-08-09 03:31:23,497 - DEBUG - Joint score for alpha[10]: 16.0314
2025-08-09 03:31:27,001 - DEBUG - Joint score for alpha[11]: 16.2281
2025-08-09 03:31:30,503 - DEBUG - Joint score for alpha[12]: 15.9688
2025-08-09 03:31:34,006 - DEBUG - Joint score for alpha[13]: 16.1050
2025-08-09 03:31:37,508 - DEBUG - Joint score for alpha[14]: 16.3187
2025-08-09 03:31:41,012 - DEBUG - Joint score for alpha[15]: 16.5564
2025-08-09 03:31:44,535 - DEBUG - Joint score for alpha[0]: 16.5104
2025-08-09 03:31:48,040 - DEBUG - Joint score for alpha[1]: 16.5165
2025-08-09 03:31:51,541 - DEBUG - Joint score for alpha[2]: 16.7187
2025-08-09 03:31:55,043 - DEBUG - Joint score for alpha[3]: 16.3167
2025-08-09 03:31:58,546 - DEBUG - Joint score for alpha[4]: 16.1523
2025-08-09 03:32:02,047 - DEBUG - Joint score for alpha[5]: 15.9961
2025-08-09 03:32:05,552 - DEBUG - Joint score for alpha[6]: 16.2974
2025-08-09 03:32:09,054 - DEBUG - Joint score for alpha[7]: 16.3918
2025-08-09 03:32:12,555 - DEBUG - Joint score for alpha[8]: 16.3069
2025-08-09 03:32:16,057 - DEBUG - Joint score for alpha[9]: 16.3061
2025-08-09 03:32:19,560 - DEBUG - Joint score for alpha[10]: 16.3816
2025-08-09 03:32:23,062 - DEBUG - Joint score for alpha[11]: 16.3336
2025-08-09 03:32:26,567 - DEBUG - Joint score for alpha[12]: 16.1239
2025-08-09 03:32:30,071 - DEBUG - Joint score for alpha[13]: 16.1798
2025-08-09 03:32:33,574 - DEBUG - Joint score for alpha[14]: 16.3803
2025-08-09 03:32:37,079 - DEBUG - Joint score for alpha[15]: 16.2527
2025-08-09 03:32:40,605 - DEBUG - Joint score for alpha[0]: 16.1220
2025-08-09 03:32:44,110 - DEBUG - Joint score for alpha[1]: 16.2249
2025-08-09 03:32:47,615 - DEBUG - Joint score for alpha[2]: 16.4622
2025-08-09 03:32:51,119 - DEBUG - Joint score for alpha[3]: 16.2209
2025-08-09 03:32:54,624 - DEBUG - Joint score for alpha[4]: 16.3451
2025-08-09 03:32:58,130 - DEBUG - Joint score for alpha[5]: 16.2716
2025-08-09 03:33:01,637 - DEBUG - Joint score for alpha[6]: 16.4133
2025-08-09 03:33:05,139 - DEBUG - Joint score for alpha[7]: 16.1757
2025-08-09 03:33:08,642 - DEBUG - Joint score for alpha[8]: 16.2196
2025-08-09 03:33:12,144 - DEBUG - Joint score for alpha[9]: 16.0944
2025-08-09 03:33:15,646 - DEBUG - Joint score for alpha[10]: 16.2957
2025-08-09 03:33:19,148 - DEBUG - Joint score for alpha[11]: 16.2400
2025-08-09 03:33:22,651 - DEBUG - Joint score for alpha[12]: 16.1916
2025-08-09 03:33:26,154 - DEBUG - Joint score for alpha[13]: 16.3157
2025-08-09 03:33:29,657 - DEBUG - Joint score for alpha[14]: 16.2949
2025-08-09 03:33:33,161 - DEBUG - Joint score for alpha[15]: 16.3658
2025-08-09 03:33:36,686 - DEBUG - Joint score for alpha[0]: 16.2131
2025-08-09 03:33:40,194 - DEBUG - Joint score for alpha[1]: 16.1339
2025-08-09 03:33:43,699 - DEBUG - Joint score for alpha[2]: 16.2612
2025-08-09 03:33:47,203 - DEBUG - Joint score for alpha[3]: 16.0763
2025-08-09 03:33:50,710 - DEBUG - Joint score for alpha[4]: 16.5937
2025-08-09 03:33:54,217 - DEBUG - Joint score for alpha[5]: 16.3716
2025-08-09 03:33:57,723 - DEBUG - Joint score for alpha[6]: 16.3777
2025-08-09 03:34:01,228 - DEBUG - Joint score for alpha[7]: 16.2155
2025-08-09 03:34:04,731 - DEBUG - Joint score for alpha[8]: 16.2638
2025-08-09 03:34:08,235 - DEBUG - Joint score for alpha[9]: 16.3113
2025-08-09 03:34:11,739 - DEBUG - Joint score for alpha[10]: 16.2041
2025-08-09 03:34:15,243 - DEBUG - Joint score for alpha[11]: 16.2343
2025-08-09 03:34:18,747 - DEBUG - Joint score for alpha[12]: 16.2380
2025-08-09 03:34:22,250 - DEBUG - Joint score for alpha[13]: 16.3355
2025-08-09 03:34:25,752 - DEBUG - Joint score for alpha[14]: 16.1176
2025-08-09 03:34:29,256 - DEBUG - Joint score for alpha[15]: 16.1099
2025-08-09 03:34:29,300 - INFO - Step 60/120: mean ENERGY=16.1638
2025-08-09 03:34:29,302 - DEBUG - Beginning Gibbs iteration s = 60
2025-08-09 03:34:29,449 - DEBUG - Proposal variance adapted: 0.014
2025-08-09 03:34:32,923 - DEBUG - Joint score for alpha[0]: 16.2129
2025-08-09 03:34:36,431 - DEBUG - Joint score for alpha[1]: 16.0003
2025-08-09 03:34:39,934 - DEBUG - Joint score for alpha[2]: 15.8180
2025-08-09 03:34:43,441 - DEBUG - Joint score for alpha[3]: 15.9232
2025-08-09 03:34:46,945 - DEBUG - Joint score for alpha[4]: 16.0127
2025-08-09 03:34:50,448 - DEBUG - Joint score for alpha[5]: 15.8329
2025-08-09 03:34:53,952 - DEBUG - Joint score for alpha[6]: 16.0649
2025-08-09 03:34:57,454 - DEBUG - Joint score for alpha[7]: 16.2606
2025-08-09 03:35:00,956 - DEBUG - Joint score for alpha[8]: 15.9267
2025-08-09 03:35:04,458 - DEBUG - Joint score for alpha[9]: 15.9021
2025-08-09 03:35:07,961 - DEBUG - Joint score for alpha[10]: 15.9811
2025-08-09 03:35:11,463 - DEBUG - Joint score for alpha[11]: 15.9392
2025-08-09 03:35:14,966 - DEBUG - Joint score for alpha[12]: 16.2249
2025-08-09 03:35:18,468 - DEBUG - Joint score for alpha[13]: 15.8876
2025-08-09 03:35:21,969 - DEBUG - Joint score for alpha[14]: 16.2117
2025-08-09 03:35:25,472 - DEBUG - Joint score for alpha[15]: 15.9906
2025-08-09 03:35:28,996 - DEBUG - Joint score for alpha[0]: 16.2131
2025-08-09 03:35:32,501 - DEBUG - Joint score for alpha[1]: 15.9306
2025-08-09 03:35:36,004 - DEBUG - Joint score for alpha[2]: 15.8880
2025-08-09 03:35:39,510 - DEBUG - Joint score for alpha[3]: 15.9285
2025-08-09 03:35:43,013 - DEBUG - Joint score for alpha[4]: 15.9089
2025-08-09 03:35:46,518 - DEBUG - Joint score for alpha[5]: 15.9010
2025-08-09 03:35:50,022 - DEBUG - Joint score for alpha[6]: 16.1438
2025-08-09 03:35:53,523 - DEBUG - Joint score for alpha[7]: 16.0167
2025-08-09 03:35:57,027 - DEBUG - Joint score for alpha[8]: 15.9599
2025-08-09 03:36:00,532 - DEBUG - Joint score for alpha[9]: 15.9115
2025-08-09 03:36:04,036 - DEBUG - Joint score for alpha[10]: 15.9853
2025-08-09 03:36:07,540 - DEBUG - Joint score for alpha[11]: 15.8814
2025-08-09 03:36:11,044 - DEBUG - Joint score for alpha[12]: 15.9141
2025-08-09 03:36:14,549 - DEBUG - Joint score for alpha[13]: 16.1241
2025-08-09 03:36:18,050 - DEBUG - Joint score for alpha[14]: 15.8471
2025-08-09 03:36:21,551 - DEBUG - Joint score for alpha[15]: 15.6580
2025-08-09 03:36:25,074 - DEBUG - Joint score for alpha[0]: 15.8526
2025-08-09 03:36:28,579 - DEBUG - Joint score for alpha[1]: 16.0700
2025-08-09 03:36:32,080 - DEBUG - Joint score for alpha[2]: 16.0279
2025-08-09 03:36:35,582 - DEBUG - Joint score for alpha[3]: 15.8879
2025-08-09 03:36:39,085 - DEBUG - Joint score for alpha[4]: 15.9939
2025-08-09 03:36:42,586 - DEBUG - Joint score for alpha[5]: 15.8859
2025-08-09 03:36:46,088 - DEBUG - Joint score for alpha[6]: 15.9886
2025-08-09 03:36:49,590 - DEBUG - Joint score for alpha[7]: 15.9483
2025-08-09 03:36:53,091 - DEBUG - Joint score for alpha[8]: 15.9234
2025-08-09 03:36:56,595 - DEBUG - Joint score for alpha[9]: 16.2335
2025-08-09 03:37:00,096 - DEBUG - Joint score for alpha[10]: 16.0981
2025-08-09 03:37:03,599 - DEBUG - Joint score for alpha[11]: 15.7973
2025-08-09 03:37:07,103 - DEBUG - Joint score for alpha[12]: 15.9458
2025-08-09 03:37:10,605 - DEBUG - Joint score for alpha[13]: 16.1102
2025-08-09 03:37:14,109 - DEBUG - Joint score for alpha[14]: 15.8274
2025-08-09 03:37:17,614 - DEBUG - Joint score for alpha[15]: 16.0358
2025-08-09 03:37:21,139 - DEBUG - Joint score for alpha[0]: 16.0353
2025-08-09 03:37:24,646 - DEBUG - Joint score for alpha[1]: 16.3197
2025-08-09 03:37:28,150 - DEBUG - Joint score for alpha[2]: 15.8431
2025-08-09 03:37:31,654 - DEBUG - Joint score for alpha[3]: 16.2865
2025-08-09 03:37:35,156 - DEBUG - Joint score for alpha[4]: 15.9691
2025-08-09 03:37:38,660 - DEBUG - Joint score for alpha[5]: 16.1199
2025-08-09 03:37:42,163 - DEBUG - Joint score for alpha[6]: 15.8134
2025-08-09 03:37:45,667 - DEBUG - Joint score for alpha[7]: 16.0105
2025-08-09 03:37:49,169 - DEBUG - Joint score for alpha[8]: 15.8930
2025-08-09 03:37:52,671 - DEBUG - Joint score for alpha[9]: 15.9647
2025-08-09 03:37:56,174 - DEBUG - Joint score for alpha[10]: 16.1287
2025-08-09 03:37:59,674 - DEBUG - Joint score for alpha[11]: 16.1788
2025-08-09 03:38:03,180 - DEBUG - Joint score for alpha[12]: 15.8345
2025-08-09 03:38:06,684 - DEBUG - Joint score for alpha[13]: 15.8300
2025-08-09 03:38:10,184 - DEBUG - Joint score for alpha[14]: 15.9607
2025-08-09 03:38:13,684 - DEBUG - Joint score for alpha[15]: 15.8336
2025-08-09 03:38:17,204 - DEBUG - Joint score for alpha[0]: 16.0034
2025-08-09 03:38:20,708 - DEBUG - Joint score for alpha[1]: 15.8438
2025-08-09 03:38:24,208 - DEBUG - Joint score for alpha[2]: 16.1678
2025-08-09 03:38:27,711 - DEBUG - Joint score for alpha[3]: 16.1194
2025-08-09 03:38:31,215 - DEBUG - Joint score for alpha[4]: 16.2098
2025-08-09 03:38:34,717 - DEBUG - Joint score for alpha[5]: 16.0279
2025-08-09 03:38:38,220 - DEBUG - Joint score for alpha[6]: 16.1143
2025-08-09 03:38:41,723 - DEBUG - Joint score for alpha[7]: 15.8693
2025-08-09 03:38:45,229 - DEBUG - Joint score for alpha[8]: 16.1204
2025-08-09 03:38:48,731 - DEBUG - Joint score for alpha[9]: 16.0562
2025-08-09 03:38:52,235 - DEBUG - Joint score for alpha[10]: 16.1132
2025-08-09 03:38:55,740 - DEBUG - Joint score for alpha[11]: 16.0383
2025-08-09 03:38:59,243 - DEBUG - Joint score for alpha[12]: 15.9253
2025-08-09 03:39:02,748 - DEBUG - Joint score for alpha[13]: 15.9044
2025-08-09 03:39:06,253 - DEBUG - Joint score for alpha[14]: 15.9139
2025-08-09 03:39:09,756 - DEBUG - Joint score for alpha[15]: 15.9696
2025-08-09 03:39:09,800 - INFO - Step 61/120: mean ENERGY=16.0111
2025-08-09 03:39:09,801 - DEBUG - Beginning Gibbs iteration s = 61
2025-08-09 03:39:13,498 - DEBUG - Joint score for alpha[0]: 15.8760
2025-08-09 03:39:17,004 - DEBUG - Joint score for alpha[1]: 16.0812
2025-08-09 03:39:20,510 - DEBUG - Joint score for alpha[2]: 16.1262
2025-08-09 03:39:24,015 - DEBUG - Joint score for alpha[3]: 16.4546
2025-08-09 03:39:27,519 - DEBUG - Joint score for alpha[4]: 16.1279
2025-08-09 03:39:31,024 - DEBUG - Joint score for alpha[5]: 15.9763
2025-08-09 03:39:34,529 - DEBUG - Joint score for alpha[6]: 16.0123
2025-08-09 03:39:38,033 - DEBUG - Joint score for alpha[7]: 16.0229
2025-08-09 03:39:41,537 - DEBUG - Joint score for alpha[8]: 15.9812
2025-08-09 03:39:45,042 - DEBUG - Joint score for alpha[9]: 15.8803
2025-08-09 03:39:48,546 - DEBUG - Joint score for alpha[10]: 15.9146
2025-08-09 03:39:52,051 - DEBUG - Joint score for alpha[11]: 15.9502
2025-08-09 03:39:55,554 - DEBUG - Joint score for alpha[12]: 16.0844
2025-08-09 03:39:59,057 - DEBUG - Joint score for alpha[13]: 16.1866
2025-08-09 03:40:02,560 - DEBUG - Joint score for alpha[14]: 15.9890
2025-08-09 03:40:06,062 - DEBUG - Joint score for alpha[15]: 16.1729
2025-08-09 03:40:09,586 - DEBUG - Joint score for alpha[0]: 16.0655
2025-08-09 03:40:13,088 - DEBUG - Joint score for alpha[1]: 16.0670
2025-08-09 03:40:16,591 - DEBUG - Joint score for alpha[2]: 15.8891
2025-08-09 03:40:20,094 - DEBUG - Joint score for alpha[3]: 15.8632
2025-08-09 03:40:23,597 - DEBUG - Joint score for alpha[4]: 15.6934
2025-08-09 03:40:27,101 - DEBUG - Joint score for alpha[5]: 15.9590
2025-08-09 03:40:30,606 - DEBUG - Joint score for alpha[6]: 15.8229
2025-08-09 03:40:34,110 - DEBUG - Joint score for alpha[7]: 16.0683
2025-08-09 03:40:37,613 - DEBUG - Joint score for alpha[8]: 15.7689
2025-08-09 03:40:41,118 - DEBUG - Joint score for alpha[9]: 15.9930
2025-08-09 03:40:44,622 - DEBUG - Joint score for alpha[10]: 15.8751
2025-08-09 03:40:48,126 - DEBUG - Joint score for alpha[11]: 16.0489
2025-08-09 03:40:51,632 - DEBUG - Joint score for alpha[12]: 15.7102
2025-08-09 03:40:55,136 - DEBUG - Joint score for alpha[13]: 15.9412
2025-08-09 03:40:58,641 - DEBUG - Joint score for alpha[14]: 15.7696
2025-08-09 03:41:02,146 - DEBUG - Joint score for alpha[15]: 15.6947
2025-08-09 03:41:05,670 - DEBUG - Joint score for alpha[0]: 15.7653
2025-08-09 03:41:09,177 - DEBUG - Joint score for alpha[1]: 15.8324
2025-08-09 03:41:12,682 - DEBUG - Joint score for alpha[2]: 16.0832
2025-08-09 03:41:16,186 - DEBUG - Joint score for alpha[3]: 16.0756
2025-08-09 03:41:19,691 - DEBUG - Joint score for alpha[4]: 15.9603
2025-08-09 03:41:23,196 - DEBUG - Joint score for alpha[5]: 15.8136
2025-08-09 03:41:26,698 - DEBUG - Joint score for alpha[6]: 15.9554
2025-08-09 03:41:30,200 - DEBUG - Joint score for alpha[7]: 15.8795
2025-08-09 03:41:33,703 - DEBUG - Joint score for alpha[8]: 15.8435
2025-08-09 03:41:37,204 - DEBUG - Joint score for alpha[9]: 15.9751
2025-08-09 03:41:40,706 - DEBUG - Joint score for alpha[10]: 15.9340
2025-08-09 03:41:44,208 - DEBUG - Joint score for alpha[11]: 15.7606
2025-08-09 03:41:47,711 - DEBUG - Joint score for alpha[12]: 15.9612
2025-08-09 03:41:51,214 - DEBUG - Joint score for alpha[13]: 15.9868
2025-08-09 03:41:54,717 - DEBUG - Joint score for alpha[14]: 15.8928
2025-08-09 03:41:58,221 - DEBUG - Joint score for alpha[15]: 15.7430
2025-08-09 03:42:01,745 - DEBUG - Joint score for alpha[0]: 15.9497
2025-08-09 03:42:05,250 - DEBUG - Joint score for alpha[1]: 15.7800
2025-08-09 03:42:08,753 - DEBUG - Joint score for alpha[2]: 15.9155
2025-08-09 03:42:12,254 - DEBUG - Joint score for alpha[3]: 15.8901
2025-08-09 03:42:15,757 - DEBUG - Joint score for alpha[4]: 15.6421
2025-08-09 03:42:19,258 - DEBUG - Joint score for alpha[5]: 16.0652
2025-08-09 03:42:22,759 - DEBUG - Joint score for alpha[6]: 15.9530
2025-08-09 03:42:26,260 - DEBUG - Joint score for alpha[7]: 15.7530
2025-08-09 03:42:29,762 - DEBUG - Joint score for alpha[8]: 16.0070
2025-08-09 03:42:33,263 - DEBUG - Joint score for alpha[9]: 16.0686
2025-08-09 03:42:36,765 - DEBUG - Joint score for alpha[10]: 15.8315
2025-08-09 03:42:40,268 - DEBUG - Joint score for alpha[11]: 15.9168
2025-08-09 03:42:43,770 - DEBUG - Joint score for alpha[12]: 15.7911
2025-08-09 03:42:47,273 - DEBUG - Joint score for alpha[13]: 15.8578
2025-08-09 03:42:50,775 - DEBUG - Joint score for alpha[14]: 15.9021
2025-08-09 03:42:54,276 - DEBUG - Joint score for alpha[15]: 16.1024
2025-08-09 03:42:57,799 - DEBUG - Joint score for alpha[0]: 16.0517
2025-08-09 03:43:01,304 - DEBUG - Joint score for alpha[1]: 15.9897
2025-08-09 03:43:04,806 - DEBUG - Joint score for alpha[2]: 15.6751
2025-08-09 03:43:08,310 - DEBUG - Joint score for alpha[3]: 15.7692
2025-08-09 03:43:11,812 - DEBUG - Joint score for alpha[4]: 15.7331
2025-08-09 03:43:15,316 - DEBUG - Joint score for alpha[5]: 15.9162
2025-08-09 03:43:18,819 - DEBUG - Joint score for alpha[6]: 15.9766
2025-08-09 03:43:22,321 - DEBUG - Joint score for alpha[7]: 15.7098
2025-08-09 03:43:25,827 - DEBUG - Joint score for alpha[8]: 15.8165
2025-08-09 03:43:29,330 - DEBUG - Joint score for alpha[9]: 16.3092
2025-08-09 03:43:32,833 - DEBUG - Joint score for alpha[10]: 16.0248
2025-08-09 03:43:36,336 - DEBUG - Joint score for alpha[11]: 15.9998
2025-08-09 03:43:39,839 - DEBUG - Joint score for alpha[12]: 15.7180
2025-08-09 03:43:43,341 - DEBUG - Joint score for alpha[13]: 16.1705
2025-08-09 03:43:46,846 - DEBUG - Joint score for alpha[14]: 15.7484
2025-08-09 03:43:50,351 - DEBUG - Joint score for alpha[15]: 15.8292
2025-08-09 03:43:50,395 - INFO - Step 62/120: mean ENERGY=15.9009
2025-08-09 03:43:50,396 - DEBUG - Beginning Gibbs iteration s = 62
2025-08-09 03:43:54,112 - DEBUG - Joint score for alpha[0]: 15.9661
2025-08-09 03:43:57,617 - DEBUG - Joint score for alpha[1]: 15.8017
2025-08-09 03:44:01,120 - DEBUG - Joint score for alpha[2]: 16.0121
2025-08-09 03:44:04,624 - DEBUG - Joint score for alpha[3]: 15.8513
2025-08-09 03:44:08,126 - DEBUG - Joint score for alpha[4]: 15.7585
2025-08-09 03:44:11,629 - DEBUG - Joint score for alpha[5]: 15.8189
2025-08-09 03:44:15,129 - DEBUG - Joint score for alpha[6]: 15.9023
2025-08-09 03:44:18,632 - DEBUG - Joint score for alpha[7]: 15.6566
2025-08-09 03:44:22,133 - DEBUG - Joint score for alpha[8]: 15.9010
2025-08-09 03:44:25,635 - DEBUG - Joint score for alpha[9]: 15.8060
2025-08-09 03:44:29,137 - DEBUG - Joint score for alpha[10]: 15.8064
2025-08-09 03:44:32,638 - DEBUG - Joint score for alpha[11]: 15.6735
2025-08-09 03:44:36,140 - DEBUG - Joint score for alpha[12]: 16.0066
2025-08-09 03:44:39,641 - DEBUG - Joint score for alpha[13]: 15.8354
2025-08-09 03:44:43,143 - DEBUG - Joint score for alpha[14]: 15.9175
2025-08-09 03:44:46,645 - DEBUG - Joint score for alpha[15]: 15.6013
2025-08-09 03:44:50,169 - DEBUG - Joint score for alpha[0]: 15.8198
2025-08-09 03:44:53,673 - DEBUG - Joint score for alpha[1]: 15.6633
2025-08-09 03:44:57,177 - DEBUG - Joint score for alpha[2]: 15.7722
2025-08-09 03:45:00,681 - DEBUG - Joint score for alpha[3]: 15.9341
2025-08-09 03:45:04,183 - DEBUG - Joint score for alpha[4]: 15.8288
2025-08-09 03:45:07,685 - DEBUG - Joint score for alpha[5]: 15.9199
2025-08-09 03:45:11,186 - DEBUG - Joint score for alpha[6]: 15.8353
2025-08-09 03:45:14,688 - DEBUG - Joint score for alpha[7]: 15.8266
2025-08-09 03:45:18,190 - DEBUG - Joint score for alpha[8]: 15.6599
2025-08-09 03:45:21,692 - DEBUG - Joint score for alpha[9]: 15.7571
2025-08-09 03:45:25,194 - DEBUG - Joint score for alpha[10]: 15.6058
2025-08-09 03:45:28,697 - DEBUG - Joint score for alpha[11]: 15.7207
2025-08-09 03:45:32,200 - DEBUG - Joint score for alpha[12]: 15.7275
2025-08-09 03:45:35,702 - DEBUG - Joint score for alpha[13]: 15.7740
2025-08-09 03:45:39,204 - DEBUG - Joint score for alpha[14]: 15.7826
2025-08-09 03:45:42,703 - DEBUG - Joint score for alpha[15]: 15.7839
2025-08-09 03:45:46,226 - DEBUG - Joint score for alpha[0]: 15.8076
2025-08-09 03:45:49,728 - DEBUG - Joint score for alpha[1]: 15.8781
2025-08-09 03:45:53,228 - DEBUG - Joint score for alpha[2]: 15.7902
2025-08-09 03:45:56,727 - DEBUG - Joint score for alpha[3]: 15.6932
2025-08-09 03:46:00,226 - DEBUG - Joint score for alpha[4]: 15.8139
2025-08-09 03:46:03,728 - DEBUG - Joint score for alpha[5]: 15.6200
2025-08-09 03:46:07,228 - DEBUG - Joint score for alpha[6]: 15.7674
2025-08-09 03:46:10,729 - DEBUG - Joint score for alpha[7]: 15.7250
2025-08-09 03:46:14,228 - DEBUG - Joint score for alpha[8]: 15.6957
2025-08-09 03:46:17,728 - DEBUG - Joint score for alpha[9]: 15.9030
2025-08-09 03:46:21,226 - DEBUG - Joint score for alpha[10]: 15.7895
2025-08-09 03:46:24,725 - DEBUG - Joint score for alpha[11]: 15.7949
2025-08-09 03:46:28,224 - DEBUG - Joint score for alpha[12]: 15.8157
2025-08-09 03:46:31,724 - DEBUG - Joint score for alpha[13]: 15.8692
2025-08-09 03:46:35,222 - DEBUG - Joint score for alpha[14]: 15.9251
2025-08-09 03:46:38,722 - DEBUG - Joint score for alpha[15]: 15.7150
2025-08-09 03:46:42,243 - DEBUG - Joint score for alpha[0]: 15.8166
2025-08-09 03:46:45,742 - DEBUG - Joint score for alpha[1]: 15.7795
2025-08-09 03:46:49,243 - DEBUG - Joint score for alpha[2]: 15.9069
2025-08-09 03:46:52,743 - DEBUG - Joint score for alpha[3]: 15.8862
2025-08-09 03:46:56,243 - DEBUG - Joint score for alpha[4]: 15.9823
2025-08-09 03:46:59,744 - DEBUG - Joint score for alpha[5]: 15.9338
2025-08-09 03:47:03,246 - DEBUG - Joint score for alpha[6]: 15.7179
2025-08-09 03:47:06,747 - DEBUG - Joint score for alpha[7]: 15.8153
2025-08-09 03:47:10,252 - DEBUG - Joint score for alpha[8]: 15.9462
2025-08-09 03:47:13,752 - DEBUG - Joint score for alpha[9]: 15.8374
2025-08-09 03:47:17,254 - DEBUG - Joint score for alpha[10]: 15.7811
2025-08-09 03:47:20,755 - DEBUG - Joint score for alpha[11]: 15.6012
2025-08-09 03:47:24,256 - DEBUG - Joint score for alpha[12]: 15.7806
2025-08-09 03:47:27,756 - DEBUG - Joint score for alpha[13]: 15.8745
2025-08-09 03:47:31,256 - DEBUG - Joint score for alpha[14]: 15.8829
2025-08-09 03:47:34,756 - DEBUG - Joint score for alpha[15]: 15.7085
2025-08-09 03:47:38,336 - DEBUG - Joint score for alpha[0]: 15.7297
2025-08-09 03:47:41,838 - DEBUG - Joint score for alpha[1]: 15.8077
2025-08-09 03:47:45,338 - DEBUG - Joint score for alpha[2]: 15.5149
2025-08-09 03:47:48,839 - DEBUG - Joint score for alpha[3]: 15.7928
2025-08-09 03:47:52,342 - DEBUG - Joint score for alpha[4]: 15.8415
2025-08-09 03:47:55,845 - DEBUG - Joint score for alpha[5]: 15.6697
2025-08-09 03:47:59,349 - DEBUG - Joint score for alpha[6]: 15.6865
2025-08-09 03:48:02,849 - DEBUG - Joint score for alpha[7]: 15.7722
2025-08-09 03:48:06,351 - DEBUG - Joint score for alpha[8]: 15.8968
2025-08-09 03:48:09,853 - DEBUG - Joint score for alpha[9]: 15.9565
2025-08-09 03:48:13,354 - DEBUG - Joint score for alpha[10]: 15.7009
2025-08-09 03:48:16,857 - DEBUG - Joint score for alpha[11]: 15.7284
2025-08-09 03:48:20,359 - DEBUG - Joint score for alpha[12]: 15.9679
2025-08-09 03:48:23,863 - DEBUG - Joint score for alpha[13]: 15.6816
2025-08-09 03:48:27,364 - DEBUG - Joint score for alpha[14]: 15.9522
2025-08-09 03:48:30,867 - DEBUG - Joint score for alpha[15]: 15.8038
2025-08-09 03:48:30,910 - INFO - Step 63/120: mean ENERGY=15.7824
2025-08-09 03:48:30,911 - DEBUG - Beginning Gibbs iteration s = 63
2025-08-09 03:48:34,453 - DEBUG - Joint score for alpha[0]: 15.8614
2025-08-09 03:48:37,958 - DEBUG - Joint score for alpha[1]: 15.7964
2025-08-09 03:48:41,458 - DEBUG - Joint score for alpha[2]: 16.0989
2025-08-09 03:48:44,960 - DEBUG - Joint score for alpha[3]: 15.7552
2025-08-09 03:48:48,463 - DEBUG - Joint score for alpha[4]: 16.1892
2025-08-09 03:48:51,966 - DEBUG - Joint score for alpha[5]: 15.9585
2025-08-09 03:48:55,468 - DEBUG - Joint score for alpha[6]: 16.1234
2025-08-09 03:48:58,970 - DEBUG - Joint score for alpha[7]: 15.9821
2025-08-09 03:49:02,470 - DEBUG - Joint score for alpha[8]: 16.0501
2025-08-09 03:49:05,971 - DEBUG - Joint score for alpha[9]: 15.9600
2025-08-09 03:49:09,471 - DEBUG - Joint score for alpha[10]: 15.9419
2025-08-09 03:49:12,974 - DEBUG - Joint score for alpha[11]: 15.7679
2025-08-09 03:49:16,476 - DEBUG - Joint score for alpha[12]: 16.0667
2025-08-09 03:49:19,977 - DEBUG - Joint score for alpha[13]: 15.7172
2025-08-09 03:49:23,478 - DEBUG - Joint score for alpha[14]: 16.0209
2025-08-09 03:49:26,979 - DEBUG - Joint score for alpha[15]: 16.0255
2025-08-09 03:49:30,500 - DEBUG - Joint score for alpha[0]: 15.9253
2025-08-09 03:49:34,002 - DEBUG - Joint score for alpha[1]: 15.9030
2025-08-09 03:49:37,502 - DEBUG - Joint score for alpha[2]: 16.1433
2025-08-09 03:49:41,006 - DEBUG - Joint score for alpha[3]: 15.7629
2025-08-09 03:49:44,505 - DEBUG - Joint score for alpha[4]: 15.9126
2025-08-09 03:49:48,005 - DEBUG - Joint score for alpha[5]: 16.0401
2025-08-09 03:49:51,508 - DEBUG - Joint score for alpha[6]: 15.7837
2025-08-09 03:49:55,010 - DEBUG - Joint score for alpha[7]: 15.9119
2025-08-09 03:49:58,510 - DEBUG - Joint score for alpha[8]: 15.8898
2025-08-09 03:50:02,010 - DEBUG - Joint score for alpha[9]: 16.1431
2025-08-09 03:50:05,511 - DEBUG - Joint score for alpha[10]: 16.2975
2025-08-09 03:50:09,011 - DEBUG - Joint score for alpha[11]: 16.0862
2025-08-09 03:50:12,512 - DEBUG - Joint score for alpha[12]: 16.1470
2025-08-09 03:50:16,014 - DEBUG - Joint score for alpha[13]: 15.8893
2025-08-09 03:50:19,514 - DEBUG - Joint score for alpha[14]: 15.7086
2025-08-09 03:50:23,016 - DEBUG - Joint score for alpha[15]: 15.7670
2025-08-09 03:50:26,539 - DEBUG - Joint score for alpha[0]: 16.0959
2025-08-09 03:50:30,041 - DEBUG - Joint score for alpha[1]: 15.9136
2025-08-09 03:50:33,542 - DEBUG - Joint score for alpha[2]: 15.8006
2025-08-09 03:50:37,044 - DEBUG - Joint score for alpha[3]: 16.0149
2025-08-09 03:50:40,546 - DEBUG - Joint score for alpha[4]: 16.1554
2025-08-09 03:50:44,048 - DEBUG - Joint score for alpha[5]: 16.0468
2025-08-09 03:50:47,550 - DEBUG - Joint score for alpha[6]: 15.9161
2025-08-09 03:50:51,051 - DEBUG - Joint score for alpha[7]: 15.9320
2025-08-09 03:50:54,553 - DEBUG - Joint score for alpha[8]: 15.7257
2025-08-09 03:50:58,055 - DEBUG - Joint score for alpha[9]: 16.0010
2025-08-09 03:51:01,557 - DEBUG - Joint score for alpha[10]: 15.9736
2025-08-09 03:51:05,059 - DEBUG - Joint score for alpha[11]: 16.0282
2025-08-09 03:51:08,561 - DEBUG - Joint score for alpha[12]: 15.8697
2025-08-09 03:51:12,062 - DEBUG - Joint score for alpha[13]: 16.2804
2025-08-09 03:51:15,564 - DEBUG - Joint score for alpha[14]: 16.1057
2025-08-09 03:51:19,066 - DEBUG - Joint score for alpha[15]: 15.9282
2025-08-09 03:51:22,590 - DEBUG - Joint score for alpha[0]: 16.0530
2025-08-09 03:51:26,096 - DEBUG - Joint score for alpha[1]: 15.8488
2025-08-09 03:51:29,598 - DEBUG - Joint score for alpha[2]: 16.1288
2025-08-09 03:51:33,099 - DEBUG - Joint score for alpha[3]: 15.8548
2025-08-09 03:51:36,598 - DEBUG - Joint score for alpha[4]: 16.2024
2025-08-09 03:51:40,099 - DEBUG - Joint score for alpha[5]: 16.0994
2025-08-09 03:51:43,599 - DEBUG - Joint score for alpha[6]: 16.1395
2025-08-09 03:51:47,098 - DEBUG - Joint score for alpha[7]: 15.9381
2025-08-09 03:51:50,597 - DEBUG - Joint score for alpha[8]: 15.9460
2025-08-09 03:51:54,097 - DEBUG - Joint score for alpha[9]: 15.8609
2025-08-09 03:51:57,596 - DEBUG - Joint score for alpha[10]: 16.0279
2025-08-09 03:52:01,097 - DEBUG - Joint score for alpha[11]: 15.9716
2025-08-09 03:52:04,595 - DEBUG - Joint score for alpha[12]: 15.8667
2025-08-09 03:52:08,095 - DEBUG - Joint score for alpha[13]: 15.9164
2025-08-09 03:52:11,594 - DEBUG - Joint score for alpha[14]: 16.0024
2025-08-09 03:52:15,095 - DEBUG - Joint score for alpha[15]: 16.0471
2025-08-09 03:52:18,616 - DEBUG - Joint score for alpha[0]: 15.7992
2025-08-09 03:52:22,118 - DEBUG - Joint score for alpha[1]: 15.9433
2025-08-09 03:52:25,621 - DEBUG - Joint score for alpha[2]: 15.7819
2025-08-09 03:52:29,122 - DEBUG - Joint score for alpha[3]: 15.9278
2025-08-09 03:52:32,623 - DEBUG - Joint score for alpha[4]: 16.0157
2025-08-09 03:52:36,124 - DEBUG - Joint score for alpha[5]: 15.9709
2025-08-09 03:52:39,622 - DEBUG - Joint score for alpha[6]: 15.9852
2025-08-09 03:52:43,120 - DEBUG - Joint score for alpha[7]: 15.8660
2025-08-09 03:52:46,619 - DEBUG - Joint score for alpha[8]: 16.1862
2025-08-09 03:52:50,116 - DEBUG - Joint score for alpha[9]: 15.8984
2025-08-09 03:52:53,616 - DEBUG - Joint score for alpha[10]: 15.9811
2025-08-09 03:52:57,116 - DEBUG - Joint score for alpha[11]: 15.8739
2025-08-09 03:53:00,615 - DEBUG - Joint score for alpha[12]: 16.0032
2025-08-09 03:53:04,115 - DEBUG - Joint score for alpha[13]: 16.0131
2025-08-09 03:53:07,614 - DEBUG - Joint score for alpha[14]: 15.8481
2025-08-09 03:53:11,113 - DEBUG - Joint score for alpha[15]: 16.0754
2025-08-09 03:53:11,155 - INFO - Step 64/120: mean ENERGY=16.0185
2025-08-09 03:53:11,156 - DEBUG - Beginning Gibbs iteration s = 64
2025-08-09 03:53:14,695 - DEBUG - Joint score for alpha[0]: 16.0411
2025-08-09 03:53:18,196 - DEBUG - Joint score for alpha[1]: 15.8097
2025-08-09 03:53:21,696 - DEBUG - Joint score for alpha[2]: 15.8867
2025-08-09 03:53:25,199 - DEBUG - Joint score for alpha[3]: 15.8350
2025-08-09 03:53:28,699 - DEBUG - Joint score for alpha[4]: 16.0784
2025-08-09 03:53:32,199 - DEBUG - Joint score for alpha[5]: 15.7564
2025-08-09 03:53:35,699 - DEBUG - Joint score for alpha[6]: 15.5847
2025-08-09 03:53:39,199 - DEBUG - Joint score for alpha[7]: 15.9516
2025-08-09 03:53:42,699 - DEBUG - Joint score for alpha[8]: 15.8836
2025-08-09 03:53:46,199 - DEBUG - Joint score for alpha[9]: 15.6768
2025-08-09 03:53:49,699 - DEBUG - Joint score for alpha[10]: 15.9201
2025-08-09 03:53:53,200 - DEBUG - Joint score for alpha[11]: 15.7608
2025-08-09 03:53:56,700 - DEBUG - Joint score for alpha[12]: 16.0957
2025-08-09 03:54:00,202 - DEBUG - Joint score for alpha[13]: 15.7841
2025-08-09 03:54:03,702 - DEBUG - Joint score for alpha[14]: 15.8665
2025-08-09 03:54:07,202 - DEBUG - Joint score for alpha[15]: 15.8990
2025-08-09 03:54:10,725 - DEBUG - Joint score for alpha[0]: 15.8663
2025-08-09 03:54:14,228 - DEBUG - Joint score for alpha[1]: 16.0241
2025-08-09 03:54:17,730 - DEBUG - Joint score for alpha[2]: 15.9686
2025-08-09 03:54:21,233 - DEBUG - Joint score for alpha[3]: 15.9967
2025-08-09 03:54:24,734 - DEBUG - Joint score for alpha[4]: 15.8635
2025-08-09 03:54:28,235 - DEBUG - Joint score for alpha[5]: 15.9392
2025-08-09 03:54:31,736 - DEBUG - Joint score for alpha[6]: 16.0370
2025-08-09 03:54:35,236 - DEBUG - Joint score for alpha[7]: 15.7608
2025-08-09 03:54:38,737 - DEBUG - Joint score for alpha[8]: 15.8676
2025-08-09 03:54:42,239 - DEBUG - Joint score for alpha[9]: 15.9581
2025-08-09 03:54:45,742 - DEBUG - Joint score for alpha[10]: 15.7490
2025-08-09 03:54:49,245 - DEBUG - Joint score for alpha[11]: 15.8720
2025-08-09 03:54:52,748 - DEBUG - Joint score for alpha[12]: 15.9125
2025-08-09 03:54:56,248 - DEBUG - Joint score for alpha[13]: 16.2368
2025-08-09 03:54:59,749 - DEBUG - Joint score for alpha[14]: 16.0056
2025-08-09 03:55:03,250 - DEBUG - Joint score for alpha[15]: 15.7988
2025-08-09 03:55:06,774 - DEBUG - Joint score for alpha[0]: 15.8933
2025-08-09 03:55:10,278 - DEBUG - Joint score for alpha[1]: 16.1750
2025-08-09 03:55:13,780 - DEBUG - Joint score for alpha[2]: 15.9605
2025-08-09 03:55:17,284 - DEBUG - Joint score for alpha[3]: 16.0482
2025-08-09 03:55:20,785 - DEBUG - Joint score for alpha[4]: 15.9799
2025-08-09 03:55:24,285 - DEBUG - Joint score for alpha[5]: 16.0961
2025-08-09 03:55:27,787 - DEBUG - Joint score for alpha[6]: 15.9596
2025-08-09 03:55:31,287 - DEBUG - Joint score for alpha[7]: 15.7930
2025-08-09 03:55:34,787 - DEBUG - Joint score for alpha[8]: 16.0303
2025-08-09 03:55:38,289 - DEBUG - Joint score for alpha[9]: 15.9276
2025-08-09 03:55:41,791 - DEBUG - Joint score for alpha[10]: 16.2108
2025-08-09 03:55:45,291 - DEBUG - Joint score for alpha[11]: 16.0440
2025-08-09 03:55:48,790 - DEBUG - Joint score for alpha[12]: 16.0934
2025-08-09 03:55:52,292 - DEBUG - Joint score for alpha[13]: 16.0864
2025-08-09 03:55:55,794 - DEBUG - Joint score for alpha[14]: 15.8519
2025-08-09 03:55:59,292 - DEBUG - Joint score for alpha[15]: 15.9198
2025-08-09 03:56:02,814 - DEBUG - Joint score for alpha[0]: 16.0332
2025-08-09 03:56:06,316 - DEBUG - Joint score for alpha[1]: 15.8344
2025-08-09 03:56:09,815 - DEBUG - Joint score for alpha[2]: 16.0278
2025-08-09 03:56:13,313 - DEBUG - Joint score for alpha[3]: 15.7801
2025-08-09 03:56:16,812 - DEBUG - Joint score for alpha[4]: 15.9406
2025-08-09 03:56:20,311 - DEBUG - Joint score for alpha[5]: 15.7841
2025-08-09 03:56:23,810 - DEBUG - Joint score for alpha[6]: 15.9634
2025-08-09 03:56:27,308 - DEBUG - Joint score for alpha[7]: 15.9044
2025-08-09 03:56:30,808 - DEBUG - Joint score for alpha[8]: 15.9172
2025-08-09 03:56:34,306 - DEBUG - Joint score for alpha[9]: 16.1930
2025-08-09 03:56:37,807 - DEBUG - Joint score for alpha[10]: 15.7599
2025-08-09 03:56:41,306 - DEBUG - Joint score for alpha[11]: 15.7706
2025-08-09 03:56:44,804 - DEBUG - Joint score for alpha[12]: 15.9048
2025-08-09 03:56:48,302 - DEBUG - Joint score for alpha[13]: 15.9787
2025-08-09 03:56:51,802 - DEBUG - Joint score for alpha[14]: 16.1157
2025-08-09 03:56:55,301 - DEBUG - Joint score for alpha[15]: 15.9091
2025-08-09 03:56:58,822 - DEBUG - Joint score for alpha[0]: 15.9449
2025-08-09 03:57:02,322 - DEBUG - Joint score for alpha[1]: 16.1761
2025-08-09 03:57:05,821 - DEBUG - Joint score for alpha[2]: 15.8355
2025-08-09 03:57:09,318 - DEBUG - Joint score for alpha[3]: 16.1399
2025-08-09 03:57:12,818 - DEBUG - Joint score for alpha[4]: 15.8463
2025-08-09 03:57:16,319 - DEBUG - Joint score for alpha[5]: 16.0409
2025-08-09 03:57:19,818 - DEBUG - Joint score for alpha[6]: 16.0408
2025-08-09 03:57:23,317 - DEBUG - Joint score for alpha[7]: 15.8120
2025-08-09 03:57:26,815 - DEBUG - Joint score for alpha[8]: 15.8838
2025-08-09 03:57:30,314 - DEBUG - Joint score for alpha[9]: 16.0192
2025-08-09 03:57:33,813 - DEBUG - Joint score for alpha[10]: 15.9629
2025-08-09 03:57:37,311 - DEBUG - Joint score for alpha[11]: 15.7887
2025-08-09 03:57:40,811 - DEBUG - Joint score for alpha[12]: 15.9445
2025-08-09 03:57:44,310 - DEBUG - Joint score for alpha[13]: 15.9289
2025-08-09 03:57:47,810 - DEBUG - Joint score for alpha[14]: 16.1651
2025-08-09 03:57:51,308 - DEBUG - Joint score for alpha[15]: 15.8275
2025-08-09 03:57:51,350 - INFO - Step 65/120: mean ENERGY=15.9879
2025-08-09 03:57:51,351 - DEBUG - Beginning Gibbs iteration s = 65
2025-08-09 03:57:51,491 - INFO - Adaptation stopped at step 65, fixed at 0.014
2025-08-09 03:57:54,964 - DEBUG - Joint score for alpha[0]: 15.9272
2025-08-09 03:57:58,468 - DEBUG - Joint score for alpha[1]: 16.0489
2025-08-09 03:58:01,969 - DEBUG - Joint score for alpha[2]: 15.7206
2025-08-09 03:58:05,470 - DEBUG - Joint score for alpha[3]: 15.8022
2025-08-09 03:58:08,975 - DEBUG - Joint score for alpha[4]: 15.8329
2025-08-09 03:58:12,478 - DEBUG - Joint score for alpha[5]: 15.8535
2025-08-09 03:58:15,981 - DEBUG - Joint score for alpha[6]: 15.8990
2025-08-09 03:58:19,483 - DEBUG - Joint score for alpha[7]: 15.8055
2025-08-09 03:58:22,985 - DEBUG - Joint score for alpha[8]: 15.9788
2025-08-09 03:58:26,486 - DEBUG - Joint score for alpha[9]: 16.3306
2025-08-09 03:58:29,987 - DEBUG - Joint score for alpha[10]: 15.9171
2025-08-09 03:58:33,486 - DEBUG - Joint score for alpha[11]: 15.7565
2025-08-09 03:58:36,987 - DEBUG - Joint score for alpha[12]: 15.7584
2025-08-09 03:58:40,487 - DEBUG - Joint score for alpha[13]: 15.9027
2025-08-09 03:58:43,988 - DEBUG - Joint score for alpha[14]: 15.8254
2025-08-09 03:58:47,488 - DEBUG - Joint score for alpha[15]: 16.0819
2025-08-09 03:58:51,013 - DEBUG - Joint score for alpha[0]: 16.0546
2025-08-09 03:58:54,518 - DEBUG - Joint score for alpha[1]: 16.1064
2025-08-09 03:58:58,017 - DEBUG - Joint score for alpha[2]: 15.9627
2025-08-09 03:59:01,519 - DEBUG - Joint score for alpha[3]: 16.2576
2025-08-09 03:59:05,019 - DEBUG - Joint score for alpha[4]: 15.9651
2025-08-09 03:59:08,518 - DEBUG - Joint score for alpha[5]: 15.9708
2025-08-09 03:59:12,018 - DEBUG - Joint score for alpha[6]: 16.2661
2025-08-09 03:59:15,519 - DEBUG - Joint score for alpha[7]: 15.9431
2025-08-09 03:59:19,021 - DEBUG - Joint score for alpha[8]: 16.2615
2025-08-09 03:59:22,522 - DEBUG - Joint score for alpha[9]: 16.1157
2025-08-09 03:59:26,025 - DEBUG - Joint score for alpha[10]: 16.5331
2025-08-09 03:59:29,526 - DEBUG - Joint score for alpha[11]: 16.4086
2025-08-09 03:59:33,026 - DEBUG - Joint score for alpha[12]: 16.2986
2025-08-09 03:59:36,525 - DEBUG - Joint score for alpha[13]: 16.1193
2025-08-09 03:59:40,024 - DEBUG - Joint score for alpha[14]: 15.9073
2025-08-09 03:59:43,525 - DEBUG - Joint score for alpha[15]: 16.1280
2025-08-09 03:59:47,047 - DEBUG - Joint score for alpha[0]: 16.0508
2025-08-09 03:59:50,551 - DEBUG - Joint score for alpha[1]: 16.3015
2025-08-09 03:59:54,051 - DEBUG - Joint score for alpha[2]: 16.1685
2025-08-09 03:59:57,553 - DEBUG - Joint score for alpha[3]: 16.0592
2025-08-09 04:00:01,056 - DEBUG - Joint score for alpha[4]: 16.3186
2025-08-09 04:00:04,557 - DEBUG - Joint score for alpha[5]: 16.0592
2025-08-09 04:00:08,057 - DEBUG - Joint score for alpha[6]: 16.0013
2025-08-09 04:00:11,561 - DEBUG - Joint score for alpha[7]: 16.5150
2025-08-09 04:00:15,062 - DEBUG - Joint score for alpha[8]: 16.0579
2025-08-09 04:00:18,564 - DEBUG - Joint score for alpha[9]: 15.9834
2025-08-09 04:00:22,065 - DEBUG - Joint score for alpha[10]: 16.1409
2025-08-09 04:00:25,568 - DEBUG - Joint score for alpha[11]: 16.2708
2025-08-09 04:00:29,071 - DEBUG - Joint score for alpha[12]: 16.3312
2025-08-09 04:00:32,574 - DEBUG - Joint score for alpha[13]: 16.0763
2025-08-09 04:00:36,076 - DEBUG - Joint score for alpha[14]: 16.0993
2025-08-09 04:00:39,581 - DEBUG - Joint score for alpha[15]: 16.5047
2025-08-09 04:00:43,105 - DEBUG - Joint score for alpha[0]: 16.3139
2025-08-09 04:00:46,608 - DEBUG - Joint score for alpha[1]: 16.2826
2025-08-09 04:00:50,113 - DEBUG - Joint score for alpha[2]: 15.9697
2025-08-09 04:00:53,616 - DEBUG - Joint score for alpha[3]: 15.9684
2025-08-09 04:00:57,117 - DEBUG - Joint score for alpha[4]: 16.1818
2025-08-09 04:01:00,620 - DEBUG - Joint score for alpha[5]: 16.1020
2025-08-09 04:01:04,120 - DEBUG - Joint score for alpha[6]: 16.3544
2025-08-09 04:01:07,620 - DEBUG - Joint score for alpha[7]: 16.3736
2025-08-09 04:01:11,123 - DEBUG - Joint score for alpha[8]: 16.1716
2025-08-09 04:01:14,624 - DEBUG - Joint score for alpha[9]: 16.0871
2025-08-09 04:01:18,124 - DEBUG - Joint score for alpha[10]: 16.1188
2025-08-09 04:01:21,625 - DEBUG - Joint score for alpha[11]: 16.0214
2025-08-09 04:01:25,124 - DEBUG - Joint score for alpha[12]: 16.1229
2025-08-09 04:01:28,623 - DEBUG - Joint score for alpha[13]: 16.0976
2025-08-09 04:01:32,123 - DEBUG - Joint score for alpha[14]: 16.0818
2025-08-09 04:01:35,621 - DEBUG - Joint score for alpha[15]: 15.9352
2025-08-09 04:01:39,143 - DEBUG - Joint score for alpha[0]: 16.3568
2025-08-09 04:01:42,645 - DEBUG - Joint score for alpha[1]: 16.5174
2025-08-09 04:01:46,145 - DEBUG - Joint score for alpha[2]: 16.0775
2025-08-09 04:01:49,645 - DEBUG - Joint score for alpha[3]: 16.1957
2025-08-09 04:01:53,145 - DEBUG - Joint score for alpha[4]: 15.8739
2025-08-09 04:01:56,643 - DEBUG - Joint score for alpha[5]: 15.9585
2025-08-09 04:02:00,141 - DEBUG - Joint score for alpha[6]: 16.1477
2025-08-09 04:02:03,640 - DEBUG - Joint score for alpha[7]: 16.1122
2025-08-09 04:02:07,140 - DEBUG - Joint score for alpha[8]: 16.3174
2025-08-09 04:02:10,639 - DEBUG - Joint score for alpha[9]: 16.0801
2025-08-09 04:02:14,138 - DEBUG - Joint score for alpha[10]: 15.9063
2025-08-09 04:02:17,638 - DEBUG - Joint score for alpha[11]: 16.0546
2025-08-09 04:02:21,137 - DEBUG - Joint score for alpha[12]: 16.1788
2025-08-09 04:02:24,637 - DEBUG - Joint score for alpha[13]: 16.0950
2025-08-09 04:02:28,136 - DEBUG - Joint score for alpha[14]: 16.1640
2025-08-09 04:02:31,636 - DEBUG - Joint score for alpha[15]: 16.3052
2025-08-09 04:02:31,679 - INFO - Step 66/120: mean ENERGY=16.2341
2025-08-09 04:02:31,680 - DEBUG - Beginning Gibbs iteration s = 66
2025-08-09 04:02:35,219 - DEBUG - Joint score for alpha[0]: 16.2302
2025-08-09 04:02:38,722 - DEBUG - Joint score for alpha[1]: 16.3787
2025-08-09 04:02:42,221 - DEBUG - Joint score for alpha[2]: 16.4028
2025-08-09 04:02:45,720 - DEBUG - Joint score for alpha[3]: 16.1593
2025-08-09 04:02:49,222 - DEBUG - Joint score for alpha[4]: 16.2355
2025-08-09 04:02:52,723 - DEBUG - Joint score for alpha[5]: 16.2806
2025-08-09 04:02:56,224 - DEBUG - Joint score for alpha[6]: 16.1503
2025-08-09 04:02:59,724 - DEBUG - Joint score for alpha[7]: 16.1868
2025-08-09 04:03:03,224 - DEBUG - Joint score for alpha[8]: 16.2645
2025-08-09 04:03:06,726 - DEBUG - Joint score for alpha[9]: 16.2490
2025-08-09 04:03:10,227 - DEBUG - Joint score for alpha[10]: 16.2873
2025-08-09 04:03:13,727 - DEBUG - Joint score for alpha[11]: 16.2901
2025-08-09 04:03:17,230 - DEBUG - Joint score for alpha[12]: 16.0924
2025-08-09 04:03:20,732 - DEBUG - Joint score for alpha[13]: 16.2949
2025-08-09 04:03:24,234 - DEBUG - Joint score for alpha[14]: 16.2151
2025-08-09 04:03:27,736 - DEBUG - Joint score for alpha[15]: 16.1747
2025-08-09 04:03:31,260 - DEBUG - Joint score for alpha[0]: 16.0525
2025-08-09 04:03:34,764 - DEBUG - Joint score for alpha[1]: 16.2114
2025-08-09 04:03:38,267 - DEBUG - Joint score for alpha[2]: 15.9879
2025-08-09 04:03:41,770 - DEBUG - Joint score for alpha[3]: 16.3291
2025-08-09 04:03:45,273 - DEBUG - Joint score for alpha[4]: 16.2568
2025-08-09 04:03:48,775 - DEBUG - Joint score for alpha[5]: 16.1429
2025-08-09 04:03:52,278 - DEBUG - Joint score for alpha[6]: 15.9214
2025-08-09 04:03:55,779 - DEBUG - Joint score for alpha[7]: 16.2894
2025-08-09 04:03:59,280 - DEBUG - Joint score for alpha[8]: 16.1915
2025-08-09 04:04:02,779 - DEBUG - Joint score for alpha[9]: 16.1843
2025-08-09 04:04:06,279 - DEBUG - Joint score for alpha[10]: 16.3528
2025-08-09 04:04:09,781 - DEBUG - Joint score for alpha[11]: 16.2264
2025-08-09 04:04:13,280 - DEBUG - Joint score for alpha[12]: 16.0497
2025-08-09 04:04:16,783 - DEBUG - Joint score for alpha[13]: 16.4663
2025-08-09 04:04:20,284 - DEBUG - Joint score for alpha[14]: 16.1413
2025-08-09 04:04:23,785 - DEBUG - Joint score for alpha[15]: 16.0981
2025-08-09 04:04:27,308 - DEBUG - Joint score for alpha[0]: 16.0621
2025-08-09 04:04:30,813 - DEBUG - Joint score for alpha[1]: 16.1597
2025-08-09 04:04:34,314 - DEBUG - Joint score for alpha[2]: 15.8627
2025-08-09 04:04:37,816 - DEBUG - Joint score for alpha[3]: 16.2524
2025-08-09 04:04:41,316 - DEBUG - Joint score for alpha[4]: 16.1414
2025-08-09 04:04:44,818 - DEBUG - Joint score for alpha[5]: 16.3231
2025-08-09 04:04:48,320 - DEBUG - Joint score for alpha[6]: 16.1101
2025-08-09 04:04:51,823 - DEBUG - Joint score for alpha[7]: 16.0629
2025-08-09 04:04:55,325 - DEBUG - Joint score for alpha[8]: 16.1192
2025-08-09 04:04:58,827 - DEBUG - Joint score for alpha[9]: 16.3314
2025-08-09 04:05:02,328 - DEBUG - Joint score for alpha[10]: 16.0432
2025-08-09 04:05:05,830 - DEBUG - Joint score for alpha[11]: 16.2966
2025-08-09 04:05:09,331 - DEBUG - Joint score for alpha[12]: 16.6176
2025-08-09 04:05:12,831 - DEBUG - Joint score for alpha[13]: 16.1681
2025-08-09 04:05:16,332 - DEBUG - Joint score for alpha[14]: 16.2085
2025-08-09 04:05:19,832 - DEBUG - Joint score for alpha[15]: 15.9503
2025-08-09 04:05:23,355 - DEBUG - Joint score for alpha[0]: 16.0231
2025-08-09 04:05:26,856 - DEBUG - Joint score for alpha[1]: 16.4785
2025-08-09 04:05:30,355 - DEBUG - Joint score for alpha[2]: 16.2705
2025-08-09 04:05:33,855 - DEBUG - Joint score for alpha[3]: 15.9780
2025-08-09 04:05:37,356 - DEBUG - Joint score for alpha[4]: 16.2546
2025-08-09 04:05:40,856 - DEBUG - Joint score for alpha[5]: 16.4090
2025-08-09 04:05:44,357 - DEBUG - Joint score for alpha[6]: 15.9730
2025-08-09 04:05:47,856 - DEBUG - Joint score for alpha[7]: 16.4340
2025-08-09 04:05:51,357 - DEBUG - Joint score for alpha[8]: 16.1161
2025-08-09 04:05:54,856 - DEBUG - Joint score for alpha[9]: 16.0475
2025-08-09 04:05:58,357 - DEBUG - Joint score for alpha[10]: 16.3436
2025-08-09 04:06:01,857 - DEBUG - Joint score for alpha[11]: 16.0015
2025-08-09 04:06:05,359 - DEBUG - Joint score for alpha[12]: 16.2771
2025-08-09 04:06:08,860 - DEBUG - Joint score for alpha[13]: 16.5011
2025-08-09 04:06:12,363 - DEBUG - Joint score for alpha[14]: 16.0488
2025-08-09 04:06:15,863 - DEBUG - Joint score for alpha[15]: 16.0783
2025-08-09 04:06:19,387 - DEBUG - Joint score for alpha[0]: 16.4333
2025-08-09 04:06:22,889 - DEBUG - Joint score for alpha[1]: 16.0483
2025-08-09 04:06:26,389 - DEBUG - Joint score for alpha[2]: 16.2509
2025-08-09 04:06:29,889 - DEBUG - Joint score for alpha[3]: 16.2305
2025-08-09 04:06:33,389 - DEBUG - Joint score for alpha[4]: 16.3642
2025-08-09 04:06:36,888 - DEBUG - Joint score for alpha[5]: 16.4595
2025-08-09 04:06:40,390 - DEBUG - Joint score for alpha[6]: 15.9860
2025-08-09 04:06:43,892 - DEBUG - Joint score for alpha[7]: 16.0910
2025-08-09 04:06:47,394 - DEBUG - Joint score for alpha[8]: 16.3098
2025-08-09 04:06:50,894 - DEBUG - Joint score for alpha[9]: 16.0893
2025-08-09 04:06:54,395 - DEBUG - Joint score for alpha[10]: 15.9982
2025-08-09 04:06:57,894 - DEBUG - Joint score for alpha[11]: 16.1848
2025-08-09 04:07:01,397 - DEBUG - Joint score for alpha[12]: 16.3771
2025-08-09 04:07:04,896 - DEBUG - Joint score for alpha[13]: 16.1824
2025-08-09 04:07:08,397 - DEBUG - Joint score for alpha[14]: 16.1398
2025-08-09 04:07:11,896 - DEBUG - Joint score for alpha[15]: 15.9892
2025-08-09 04:07:11,938 - INFO - Step 67/120: mean ENERGY=16.2693
2025-08-09 04:07:11,939 - DEBUG - Beginning Gibbs iteration s = 67
2025-08-09 04:07:15,541 - DEBUG - Joint score for alpha[0]: 16.5849
2025-08-09 04:07:19,045 - DEBUG - Joint score for alpha[1]: 16.1576
2025-08-09 04:07:22,548 - DEBUG - Joint score for alpha[2]: 16.1804
2025-08-09 04:07:26,049 - DEBUG - Joint score for alpha[3]: 16.4813
2025-08-09 04:07:29,552 - DEBUG - Joint score for alpha[4]: 16.0570
2025-08-09 04:07:33,055 - DEBUG - Joint score for alpha[5]: 16.2180
2025-08-09 04:07:36,557 - DEBUG - Joint score for alpha[6]: 16.3086
2025-08-09 04:07:40,061 - DEBUG - Joint score for alpha[7]: 16.4015
2025-08-09 04:07:43,565 - DEBUG - Joint score for alpha[8]: 16.2001
2025-08-09 04:07:47,067 - DEBUG - Joint score for alpha[9]: 16.2734
2025-08-09 04:07:50,569 - DEBUG - Joint score for alpha[10]: 16.1825
2025-08-09 04:07:54,072 - DEBUG - Joint score for alpha[11]: 16.3078
2025-08-09 04:07:57,575 - DEBUG - Joint score for alpha[12]: 16.0180
2025-08-09 04:08:01,078 - DEBUG - Joint score for alpha[13]: 16.3770
2025-08-09 04:08:04,581 - DEBUG - Joint score for alpha[14]: 16.0970
2025-08-09 04:08:08,086 - DEBUG - Joint score for alpha[15]: 16.5879
2025-08-09 04:08:11,610 - DEBUG - Joint score for alpha[0]: 16.4092
2025-08-09 04:08:15,117 - DEBUG - Joint score for alpha[1]: 16.1195
2025-08-09 04:08:18,622 - DEBUG - Joint score for alpha[2]: 16.1693
2025-08-09 04:08:22,124 - DEBUG - Joint score for alpha[3]: 16.0655
2025-08-09 04:08:25,628 - DEBUG - Joint score for alpha[4]: 16.3680
2025-08-09 04:08:29,130 - DEBUG - Joint score for alpha[5]: 16.1736
2025-08-09 04:08:32,633 - DEBUG - Joint score for alpha[6]: 16.1205
2025-08-09 04:08:36,138 - DEBUG - Joint score for alpha[7]: 16.5847
2025-08-09 04:08:39,642 - DEBUG - Joint score for alpha[8]: 16.4318
2025-08-09 04:08:43,145 - DEBUG - Joint score for alpha[9]: 16.1150
2025-08-09 04:08:46,649 - DEBUG - Joint score for alpha[10]: 16.5376
2025-08-09 04:08:50,153 - DEBUG - Joint score for alpha[11]: 16.0576
2025-08-09 04:08:53,658 - DEBUG - Joint score for alpha[12]: 16.6008
2025-08-09 04:08:57,162 - DEBUG - Joint score for alpha[13]: 16.3283
2025-08-09 04:09:00,667 - DEBUG - Joint score for alpha[14]: 16.4776
2025-08-09 04:09:04,171 - DEBUG - Joint score for alpha[15]: 16.1238
2025-08-09 04:09:07,697 - DEBUG - Joint score for alpha[0]: 15.8922
2025-08-09 04:09:11,203 - DEBUG - Joint score for alpha[1]: 16.4698
2025-08-09 04:09:14,709 - DEBUG - Joint score for alpha[2]: 16.1837
2025-08-09 04:09:18,213 - DEBUG - Joint score for alpha[3]: 15.9456
2025-08-09 04:09:21,716 - DEBUG - Joint score for alpha[4]: 16.0360
2025-08-09 04:09:25,219 - DEBUG - Joint score for alpha[5]: 16.0855
2025-08-09 04:09:28,723 - DEBUG - Joint score for alpha[6]: 16.4052
2025-08-09 04:09:32,226 - DEBUG - Joint score for alpha[7]: 16.1571
2025-08-09 04:09:35,730 - DEBUG - Joint score for alpha[8]: 16.1884
2025-08-09 04:09:39,233 - DEBUG - Joint score for alpha[9]: 16.2035
2025-08-09 04:09:42,737 - DEBUG - Joint score for alpha[10]: 16.1941
2025-08-09 04:09:46,242 - DEBUG - Joint score for alpha[11]: 16.1993
2025-08-09 04:09:49,747 - DEBUG - Joint score for alpha[12]: 16.6572
2025-08-09 04:09:53,251 - DEBUG - Joint score for alpha[13]: 16.1183
2025-08-09 04:09:56,754 - DEBUG - Joint score for alpha[14]: 16.3940
2025-08-09 04:10:00,257 - DEBUG - Joint score for alpha[15]: 16.2634
2025-08-09 04:10:03,781 - DEBUG - Joint score for alpha[0]: 16.2521
2025-08-09 04:10:07,286 - DEBUG - Joint score for alpha[1]: 16.3655
2025-08-09 04:10:10,788 - DEBUG - Joint score for alpha[2]: 16.2503
2025-08-09 04:10:14,289 - DEBUG - Joint score for alpha[3]: 16.3295
2025-08-09 04:10:17,792 - DEBUG - Joint score for alpha[4]: 16.2595
2025-08-09 04:10:21,294 - DEBUG - Joint score for alpha[5]: 16.2486
2025-08-09 04:10:24,797 - DEBUG - Joint score for alpha[6]: 16.1837
2025-08-09 04:10:28,300 - DEBUG - Joint score for alpha[7]: 16.0531
2025-08-09 04:10:31,804 - DEBUG - Joint score for alpha[8]: 16.1497
2025-08-09 04:10:35,307 - DEBUG - Joint score for alpha[9]: 16.3112
2025-08-09 04:10:38,809 - DEBUG - Joint score for alpha[10]: 16.1852
2025-08-09 04:10:42,311 - DEBUG - Joint score for alpha[11]: 16.4501
2025-08-09 04:10:45,813 - DEBUG - Joint score for alpha[12]: 16.2466
2025-08-09 04:10:49,316 - DEBUG - Joint score for alpha[13]: 16.5079
2025-08-09 04:10:52,817 - DEBUG - Joint score for alpha[14]: 16.2964
2025-08-09 04:10:56,320 - DEBUG - Joint score for alpha[15]: 16.1585
2025-08-09 04:10:59,843 - DEBUG - Joint score for alpha[0]: 16.0053
2025-08-09 04:11:03,349 - DEBUG - Joint score for alpha[1]: 16.5701
2025-08-09 04:11:06,851 - DEBUG - Joint score for alpha[2]: 16.1728
2025-08-09 04:11:10,355 - DEBUG - Joint score for alpha[3]: 15.9022
2025-08-09 04:11:13,857 - DEBUG - Joint score for alpha[4]: 16.1175
2025-08-09 04:11:17,361 - DEBUG - Joint score for alpha[5]: 16.3365
2025-08-09 04:11:20,864 - DEBUG - Joint score for alpha[6]: 16.3175
2025-08-09 04:11:24,368 - DEBUG - Joint score for alpha[7]: 16.3061
2025-08-09 04:11:27,869 - DEBUG - Joint score for alpha[8]: 16.0107
2025-08-09 04:11:31,370 - DEBUG - Joint score for alpha[9]: 15.8901
2025-08-09 04:11:34,872 - DEBUG - Joint score for alpha[10]: 16.4059
2025-08-09 04:11:38,374 - DEBUG - Joint score for alpha[11]: 16.3225
2025-08-09 04:11:41,875 - DEBUG - Joint score for alpha[12]: 16.1383
2025-08-09 04:11:45,378 - DEBUG - Joint score for alpha[13]: 16.4382
2025-08-09 04:11:48,879 - DEBUG - Joint score for alpha[14]: 16.7761
2025-08-09 04:11:52,380 - DEBUG - Joint score for alpha[15]: 16.0966
2025-08-09 04:11:52,424 - INFO - Step 68/120: mean ENERGY=16.3131
2025-08-09 04:11:52,426 - DEBUG - Beginning Gibbs iteration s = 68
2025-08-09 04:11:56,093 - DEBUG - Joint score for alpha[0]: 16.1973
2025-08-09 04:11:59,596 - DEBUG - Joint score for alpha[1]: 16.7617
2025-08-09 04:12:03,098 - DEBUG - Joint score for alpha[2]: 16.8276
2025-08-09 04:12:06,599 - DEBUG - Joint score for alpha[3]: 16.5182
2025-08-09 04:12:10,100 - DEBUG - Joint score for alpha[4]: 16.7136
2025-08-09 04:12:13,602 - DEBUG - Joint score for alpha[5]: 16.4359
2025-08-09 04:12:17,103 - DEBUG - Joint score for alpha[6]: 16.9150
2025-08-09 04:12:20,606 - DEBUG - Joint score for alpha[7]: 16.3924
2025-08-09 04:12:24,107 - DEBUG - Joint score for alpha[8]: 16.5214
2025-08-09 04:12:27,609 - DEBUG - Joint score for alpha[9]: 16.4836
2025-08-09 04:12:31,112 - DEBUG - Joint score for alpha[10]: 16.3473
2025-08-09 04:12:34,616 - DEBUG - Joint score for alpha[11]: 16.4680
2025-08-09 04:12:38,119 - DEBUG - Joint score for alpha[12]: 16.5560
2025-08-09 04:12:41,622 - DEBUG - Joint score for alpha[13]: 16.5524
2025-08-09 04:12:45,125 - DEBUG - Joint score for alpha[14]: 16.4420
2025-08-09 04:12:48,628 - DEBUG - Joint score for alpha[15]: 16.4444
2025-08-09 04:12:52,153 - DEBUG - Joint score for alpha[0]: 16.5901
2025-08-09 04:12:55,660 - DEBUG - Joint score for alpha[1]: 16.2212
2025-08-09 04:12:59,163 - DEBUG - Joint score for alpha[2]: 16.4742
2025-08-09 04:13:02,669 - DEBUG - Joint score for alpha[3]: 16.0507
2025-08-09 04:13:06,172 - DEBUG - Joint score for alpha[4]: 16.4993
2025-08-09 04:13:09,675 - DEBUG - Joint score for alpha[5]: 16.4417
2025-08-09 04:13:13,177 - DEBUG - Joint score for alpha[6]: 16.2254
2025-08-09 04:13:16,680 - DEBUG - Joint score for alpha[7]: 16.2023
2025-08-09 04:13:20,183 - DEBUG - Joint score for alpha[8]: 16.4649
2025-08-09 04:13:23,685 - DEBUG - Joint score for alpha[9]: 16.3360
2025-08-09 04:13:27,187 - DEBUG - Joint score for alpha[10]: 16.1303
2025-08-09 04:13:30,689 - DEBUG - Joint score for alpha[11]: 16.3754
2025-08-09 04:13:34,192 - DEBUG - Joint score for alpha[12]: 16.3210
2025-08-09 04:13:37,695 - DEBUG - Joint score for alpha[13]: 16.4810
2025-08-09 04:13:41,196 - DEBUG - Joint score for alpha[14]: 16.1491
2025-08-09 04:13:44,697 - DEBUG - Joint score for alpha[15]: 16.5780
2025-08-09 04:13:48,221 - DEBUG - Joint score for alpha[0]: 16.4469
2025-08-09 04:13:51,727 - DEBUG - Joint score for alpha[1]: 16.0636
2025-08-09 04:13:55,230 - DEBUG - Joint score for alpha[2]: 16.2005
2025-08-09 04:13:58,734 - DEBUG - Joint score for alpha[3]: 16.5052
2025-08-09 04:14:02,236 - DEBUG - Joint score for alpha[4]: 16.2311
2025-08-09 04:14:05,737 - DEBUG - Joint score for alpha[5]: 16.6157
2025-08-09 04:14:09,241 - DEBUG - Joint score for alpha[6]: 16.5580
2025-08-09 04:14:12,744 - DEBUG - Joint score for alpha[7]: 16.3284
2025-08-09 04:14:16,246 - DEBUG - Joint score for alpha[8]: 16.4038
2025-08-09 04:14:19,748 - DEBUG - Joint score for alpha[9]: 16.2050
2025-08-09 04:14:23,252 - DEBUG - Joint score for alpha[10]: 16.2639
2025-08-09 04:14:26,753 - DEBUG - Joint score for alpha[11]: 16.3596
2025-08-09 04:14:30,255 - DEBUG - Joint score for alpha[12]: 16.1783
2025-08-09 04:14:33,756 - DEBUG - Joint score for alpha[13]: 16.2398
2025-08-09 04:14:37,260 - DEBUG - Joint score for alpha[14]: 16.3517
2025-08-09 04:14:40,761 - DEBUG - Joint score for alpha[15]: 16.3604
2025-08-09 04:14:44,282 - DEBUG - Joint score for alpha[0]: 16.3239
2025-08-09 04:14:47,786 - DEBUG - Joint score for alpha[1]: 16.2860
2025-08-09 04:14:51,289 - DEBUG - Joint score for alpha[2]: 16.6395
2025-08-09 04:14:54,792 - DEBUG - Joint score for alpha[3]: 16.9277
2025-08-09 04:14:58,297 - DEBUG - Joint score for alpha[4]: 16.3091
2025-08-09 04:15:01,800 - DEBUG - Joint score for alpha[5]: 16.2241
2025-08-09 04:15:05,303 - DEBUG - Joint score for alpha[6]: 16.6045
2025-08-09 04:15:08,806 - DEBUG - Joint score for alpha[7]: 16.3427
2025-08-09 04:15:12,308 - DEBUG - Joint score for alpha[8]: 16.4456
2025-08-09 04:15:15,812 - DEBUG - Joint score for alpha[9]: 16.5833
2025-08-09 04:15:19,316 - DEBUG - Joint score for alpha[10]: 16.6231
2025-08-09 04:15:22,819 - DEBUG - Joint score for alpha[11]: 16.2740
2025-08-09 04:15:26,321 - DEBUG - Joint score for alpha[12]: 16.1577
2025-08-09 04:15:29,823 - DEBUG - Joint score for alpha[13]: 16.3646
2025-08-09 04:15:33,326 - DEBUG - Joint score for alpha[14]: 16.1659
2025-08-09 04:15:36,830 - DEBUG - Joint score for alpha[15]: 16.3915
2025-08-09 04:15:40,354 - DEBUG - Joint score for alpha[0]: 16.3922
2025-08-09 04:15:43,857 - DEBUG - Joint score for alpha[1]: 16.2886
2025-08-09 04:15:47,359 - DEBUG - Joint score for alpha[2]: 16.0544
2025-08-09 04:15:50,863 - DEBUG - Joint score for alpha[3]: 16.6029
2025-08-09 04:15:54,367 - DEBUG - Joint score for alpha[4]: 16.3089
2025-08-09 04:15:57,870 - DEBUG - Joint score for alpha[5]: 16.4414
2025-08-09 04:16:01,374 - DEBUG - Joint score for alpha[6]: 16.1254
2025-08-09 04:16:04,877 - DEBUG - Joint score for alpha[7]: 16.1763
2025-08-09 04:16:08,381 - DEBUG - Joint score for alpha[8]: 16.5095
2025-08-09 04:16:11,884 - DEBUG - Joint score for alpha[9]: 16.4247
2025-08-09 04:16:15,387 - DEBUG - Joint score for alpha[10]: 16.1202
2025-08-09 04:16:18,890 - DEBUG - Joint score for alpha[11]: 16.3527
2025-08-09 04:16:22,392 - DEBUG - Joint score for alpha[12]: 16.2684
2025-08-09 04:16:25,893 - DEBUG - Joint score for alpha[13]: 16.3461
2025-08-09 04:16:29,394 - DEBUG - Joint score for alpha[14]: 16.2658
2025-08-09 04:16:32,896 - DEBUG - Joint score for alpha[15]: 16.6690
2025-08-09 04:16:32,940 - INFO - Step 69/120: mean ENERGY=16.2864
2025-08-09 04:16:32,941 - DEBUG - Beginning Gibbs iteration s = 69
2025-08-09 04:16:36,478 - DEBUG - Joint score for alpha[0]: 16.2583
2025-08-09 04:16:39,981 - DEBUG - Joint score for alpha[1]: 16.2225
2025-08-09 04:16:43,483 - DEBUG - Joint score for alpha[2]: 15.9781
2025-08-09 04:16:46,984 - DEBUG - Joint score for alpha[3]: 16.5439
2025-08-09 04:16:50,486 - DEBUG - Joint score for alpha[4]: 15.9682
2025-08-09 04:16:53,989 - DEBUG - Joint score for alpha[5]: 16.3187
2025-08-09 04:16:57,492 - DEBUG - Joint score for alpha[6]: 16.1729
2025-08-09 04:17:00,993 - DEBUG - Joint score for alpha[7]: 16.3746
2025-08-09 04:17:04,494 - DEBUG - Joint score for alpha[8]: 16.3873
2025-08-09 04:17:07,996 - DEBUG - Joint score for alpha[9]: 16.0359
2025-08-09 04:17:11,498 - DEBUG - Joint score for alpha[10]: 16.1026
2025-08-09 04:17:15,003 - DEBUG - Joint score for alpha[11]: 16.1760
2025-08-09 04:17:18,503 - DEBUG - Joint score for alpha[12]: 16.1494
2025-08-09 04:17:22,007 - DEBUG - Joint score for alpha[13]: 16.2235
2025-08-09 04:17:25,510 - DEBUG - Joint score for alpha[14]: 15.9545
2025-08-09 04:17:29,013 - DEBUG - Joint score for alpha[15]: 16.3326
2025-08-09 04:17:32,538 - DEBUG - Joint score for alpha[0]: 16.0511
2025-08-09 04:17:36,042 - DEBUG - Joint score for alpha[1]: 16.3814
2025-08-09 04:17:39,546 - DEBUG - Joint score for alpha[2]: 16.3731
2025-08-09 04:17:43,048 - DEBUG - Joint score for alpha[3]: 16.1226
2025-08-09 04:17:46,549 - DEBUG - Joint score for alpha[4]: 16.0999
2025-08-09 04:17:50,052 - DEBUG - Joint score for alpha[5]: 16.2774
2025-08-09 04:17:53,554 - DEBUG - Joint score for alpha[6]: 16.1194
2025-08-09 04:17:57,057 - DEBUG - Joint score for alpha[7]: 16.1488
2025-08-09 04:18:00,559 - DEBUG - Joint score for alpha[8]: 16.4903
2025-08-09 04:18:04,060 - DEBUG - Joint score for alpha[9]: 16.4386
2025-08-09 04:18:07,564 - DEBUG - Joint score for alpha[10]: 16.7007
2025-08-09 04:18:11,065 - DEBUG - Joint score for alpha[11]: 16.3413
2025-08-09 04:18:14,567 - DEBUG - Joint score for alpha[12]: 16.5290
2025-08-09 04:18:18,068 - DEBUG - Joint score for alpha[13]: 16.2778
2025-08-09 04:18:21,569 - DEBUG - Joint score for alpha[14]: 16.1916
2025-08-09 04:18:25,069 - DEBUG - Joint score for alpha[15]: 16.3315
2025-08-09 04:18:28,591 - DEBUG - Joint score for alpha[0]: 16.4035
2025-08-09 04:18:32,093 - DEBUG - Joint score for alpha[1]: 16.3907
2025-08-09 04:18:35,594 - DEBUG - Joint score for alpha[2]: 16.2934
2025-08-09 04:18:39,094 - DEBUG - Joint score for alpha[3]: 16.0599
2025-08-09 04:18:42,595 - DEBUG - Joint score for alpha[4]: 16.5710
2025-08-09 04:18:46,096 - DEBUG - Joint score for alpha[5]: 16.3606
2025-08-09 04:18:49,597 - DEBUG - Joint score for alpha[6]: 16.3012
2025-08-09 04:18:53,099 - DEBUG - Joint score for alpha[7]: 16.1257
2025-08-09 04:18:56,600 - DEBUG - Joint score for alpha[8]: 16.3174
2025-08-09 04:19:00,104 - DEBUG - Joint score for alpha[9]: 16.3252
2025-08-09 04:19:03,607 - DEBUG - Joint score for alpha[10]: 16.5050
2025-08-09 04:19:07,109 - DEBUG - Joint score for alpha[11]: 16.2690
2025-08-09 04:19:10,611 - DEBUG - Joint score for alpha[12]: 16.2260
2025-08-09 04:19:14,115 - DEBUG - Joint score for alpha[13]: 16.1352
2025-08-09 04:19:17,616 - DEBUG - Joint score for alpha[14]: 16.0397
2025-08-09 04:19:21,120 - DEBUG - Joint score for alpha[15]: 16.3448
2025-08-09 04:19:24,644 - DEBUG - Joint score for alpha[0]: 16.5788
2025-08-09 04:19:28,149 - DEBUG - Joint score for alpha[1]: 16.0365
2025-08-09 04:19:31,655 - DEBUG - Joint score for alpha[2]: 16.1145
2025-08-09 04:19:35,158 - DEBUG - Joint score for alpha[3]: 16.2509
2025-08-09 04:19:38,660 - DEBUG - Joint score for alpha[4]: 16.2708
2025-08-09 04:19:42,163 - DEBUG - Joint score for alpha[5]: 16.1407
2025-08-09 04:19:45,666 - DEBUG - Joint score for alpha[6]: 16.1211
2025-08-09 04:19:49,168 - DEBUG - Joint score for alpha[7]: 16.4449
2025-08-09 04:19:52,668 - DEBUG - Joint score for alpha[8]: 16.3297
2025-08-09 04:19:56,171 - DEBUG - Joint score for alpha[9]: 15.9468
2025-08-09 04:19:59,673 - DEBUG - Joint score for alpha[10]: 16.1427
2025-08-09 04:20:03,175 - DEBUG - Joint score for alpha[11]: 16.6969
2025-08-09 04:20:06,676 - DEBUG - Joint score for alpha[12]: 16.4728
2025-08-09 04:20:10,177 - DEBUG - Joint score for alpha[13]: 16.3512
2025-08-09 04:20:13,679 - DEBUG - Joint score for alpha[14]: 16.3050
2025-08-09 04:20:17,180 - DEBUG - Joint score for alpha[15]: 16.1311
2025-08-09 04:20:20,702 - DEBUG - Joint score for alpha[0]: 16.2279
2025-08-09 04:20:24,206 - DEBUG - Joint score for alpha[1]: 16.6521
2025-08-09 04:20:27,708 - DEBUG - Joint score for alpha[2]: 16.3787
2025-08-09 04:20:31,211 - DEBUG - Joint score for alpha[3]: 16.4531
2025-08-09 04:20:34,711 - DEBUG - Joint score for alpha[4]: 16.3407
2025-08-09 04:20:38,213 - DEBUG - Joint score for alpha[5]: 16.1862
2025-08-09 04:20:41,715 - DEBUG - Joint score for alpha[6]: 16.0110
2025-08-09 04:20:45,216 - DEBUG - Joint score for alpha[7]: 16.6775
2025-08-09 04:20:48,718 - DEBUG - Joint score for alpha[8]: 16.0696
2025-08-09 04:20:52,219 - DEBUG - Joint score for alpha[9]: 16.0866
2025-08-09 04:20:55,720 - DEBUG - Joint score for alpha[10]: 16.1304
2025-08-09 04:20:59,224 - DEBUG - Joint score for alpha[11]: 16.1255
2025-08-09 04:21:02,729 - DEBUG - Joint score for alpha[12]: 16.3164
2025-08-09 04:21:06,231 - DEBUG - Joint score for alpha[13]: 16.3735
2025-08-09 04:21:09,733 - DEBUG - Joint score for alpha[14]: 16.1407
2025-08-09 04:21:13,239 - DEBUG - Joint score for alpha[15]: 16.5692
2025-08-09 04:21:13,281 - INFO - Step 70/120: mean ENERGY=16.3166
2025-08-09 04:21:13,284 - DEBUG - Beginning Gibbs iteration s = 70
2025-08-09 04:21:16,823 - DEBUG - Joint score for alpha[0]: 16.2115
2025-08-09 04:21:20,330 - DEBUG - Joint score for alpha[1]: 16.2762
2025-08-09 04:21:23,833 - DEBUG - Joint score for alpha[2]: 16.4012
2025-08-09 04:21:27,335 - DEBUG - Joint score for alpha[3]: 16.0782
2025-08-09 04:21:30,837 - DEBUG - Joint score for alpha[4]: 15.9234
2025-08-09 04:21:34,339 - DEBUG - Joint score for alpha[5]: 16.2237
2025-08-09 04:21:37,843 - DEBUG - Joint score for alpha[6]: 16.4002
2025-08-09 04:21:41,348 - DEBUG - Joint score for alpha[7]: 16.0917
2025-08-09 04:21:44,853 - DEBUG - Joint score for alpha[8]: 16.5300
2025-08-09 04:21:48,357 - DEBUG - Joint score for alpha[9]: 16.3211
2025-08-09 04:21:51,860 - DEBUG - Joint score for alpha[10]: 16.1044
2025-08-09 04:21:55,366 - DEBUG - Joint score for alpha[11]: 16.4534
2025-08-09 04:21:58,869 - DEBUG - Joint score for alpha[12]: 16.2332
2025-08-09 04:22:02,373 - DEBUG - Joint score for alpha[13]: 16.2840
2025-08-09 04:22:05,878 - DEBUG - Joint score for alpha[14]: 16.2922
2025-08-09 04:22:09,382 - DEBUG - Joint score for alpha[15]: 16.1977
2025-08-09 04:22:12,906 - DEBUG - Joint score for alpha[0]: 16.3904
2025-08-09 04:22:16,412 - DEBUG - Joint score for alpha[1]: 16.1799
2025-08-09 04:22:19,916 - DEBUG - Joint score for alpha[2]: 16.4031
2025-08-09 04:22:23,422 - DEBUG - Joint score for alpha[3]: 16.3447
2025-08-09 04:22:26,924 - DEBUG - Joint score for alpha[4]: 16.5745
2025-08-09 04:22:30,428 - DEBUG - Joint score for alpha[5]: 16.4657
2025-08-09 04:22:33,930 - DEBUG - Joint score for alpha[6]: 16.2642
2025-08-09 04:22:37,434 - DEBUG - Joint score for alpha[7]: 16.1049
2025-08-09 04:22:40,936 - DEBUG - Joint score for alpha[8]: 16.3877
2025-08-09 04:22:44,438 - DEBUG - Joint score for alpha[9]: 16.1961
2025-08-09 04:22:47,940 - DEBUG - Joint score for alpha[10]: 16.2365
2025-08-09 04:22:51,442 - DEBUG - Joint score for alpha[11]: 16.3116
2025-08-09 04:22:54,944 - DEBUG - Joint score for alpha[12]: 16.1879
2025-08-09 04:22:58,446 - DEBUG - Joint score for alpha[13]: 16.1875
2025-08-09 04:23:01,947 - DEBUG - Joint score for alpha[14]: 16.3994
2025-08-09 04:23:05,451 - DEBUG - Joint score for alpha[15]: 16.1978
2025-08-09 04:23:08,972 - DEBUG - Joint score for alpha[0]: 16.4054
2025-08-09 04:23:12,477 - DEBUG - Joint score for alpha[1]: 16.0874
2025-08-09 04:23:15,978 - DEBUG - Joint score for alpha[2]: 16.6553
2025-08-09 04:23:19,479 - DEBUG - Joint score for alpha[3]: 16.2675
2025-08-09 04:23:22,982 - DEBUG - Joint score for alpha[4]: 16.1595
2025-08-09 04:23:26,484 - DEBUG - Joint score for alpha[5]: 16.4842
2025-08-09 04:23:29,984 - DEBUG - Joint score for alpha[6]: 16.1646
2025-08-09 04:23:33,484 - DEBUG - Joint score for alpha[7]: 16.5616
2025-08-09 04:23:36,984 - DEBUG - Joint score for alpha[8]: 16.2458
2025-08-09 04:23:40,484 - DEBUG - Joint score for alpha[9]: 16.5022
2025-08-09 04:23:43,985 - DEBUG - Joint score for alpha[10]: 16.3085
2025-08-09 04:23:47,487 - DEBUG - Joint score for alpha[11]: 16.4743
2025-08-09 04:23:50,988 - DEBUG - Joint score for alpha[12]: 16.2775
2025-08-09 04:23:54,489 - DEBUG - Joint score for alpha[13]: 16.4914
2025-08-09 04:23:57,992 - DEBUG - Joint score for alpha[14]: 16.2464
2025-08-09 04:24:01,494 - DEBUG - Joint score for alpha[15]: 16.4006
2025-08-09 04:24:05,017 - DEBUG - Joint score for alpha[0]: 16.5399
2025-08-09 04:24:08,523 - DEBUG - Joint score for alpha[1]: 16.1464
2025-08-09 04:24:12,024 - DEBUG - Joint score for alpha[2]: 16.7695
2025-08-09 04:24:15,526 - DEBUG - Joint score for alpha[3]: 16.4867
2025-08-09 04:24:19,029 - DEBUG - Joint score for alpha[4]: 16.1277
2025-08-09 04:24:22,529 - DEBUG - Joint score for alpha[5]: 16.6093
2025-08-09 04:24:26,034 - DEBUG - Joint score for alpha[6]: 16.3020
2025-08-09 04:24:29,537 - DEBUG - Joint score for alpha[7]: 16.4015
2025-08-09 04:24:33,040 - DEBUG - Joint score for alpha[8]: 16.1232
2025-08-09 04:24:36,544 - DEBUG - Joint score for alpha[9]: 16.3993
2025-08-09 04:24:40,048 - DEBUG - Joint score for alpha[10]: 16.3096
2025-08-09 04:24:43,552 - DEBUG - Joint score for alpha[11]: 16.1407
2025-08-09 04:24:47,054 - DEBUG - Joint score for alpha[12]: 16.3709
2025-08-09 04:24:50,557 - DEBUG - Joint score for alpha[13]: 16.1012
2025-08-09 04:24:54,062 - DEBUG - Joint score for alpha[14]: 16.0810
2025-08-09 04:24:57,565 - DEBUG - Joint score for alpha[15]: 16.5006
2025-08-09 04:25:01,089 - DEBUG - Joint score for alpha[0]: 15.9940
2025-08-09 04:25:04,595 - DEBUG - Joint score for alpha[1]: 16.2083
2025-08-09 04:25:08,099 - DEBUG - Joint score for alpha[2]: 16.0212
2025-08-09 04:25:11,602 - DEBUG - Joint score for alpha[3]: 16.5016
2025-08-09 04:25:15,103 - DEBUG - Joint score for alpha[4]: 16.2060
2025-08-09 04:25:18,606 - DEBUG - Joint score for alpha[5]: 16.2702
2025-08-09 04:25:22,108 - DEBUG - Joint score for alpha[6]: 16.3970
2025-08-09 04:25:25,610 - DEBUG - Joint score for alpha[7]: 16.0910
2025-08-09 04:25:29,112 - DEBUG - Joint score for alpha[8]: 16.1394
2025-08-09 04:25:32,616 - DEBUG - Joint score for alpha[9]: 16.1137
2025-08-09 04:25:36,118 - DEBUG - Joint score for alpha[10]: 16.1714
2025-08-09 04:25:39,620 - DEBUG - Joint score for alpha[11]: 16.1699
2025-08-09 04:25:43,123 - DEBUG - Joint score for alpha[12]: 16.2999
2025-08-09 04:25:46,629 - DEBUG - Joint score for alpha[13]: 16.2456
2025-08-09 04:25:50,130 - DEBUG - Joint score for alpha[14]: 16.1937
2025-08-09 04:25:53,632 - DEBUG - Joint score for alpha[15]: 16.0794
2025-08-09 04:25:53,675 - INFO - Step 71/120: mean ENERGY=16.2850
2025-08-09 04:25:53,679 - DEBUG - Beginning Gibbs iteration s = 71
2025-08-09 04:25:57,330 - DEBUG - Joint score for alpha[0]: 16.3256
2025-08-09 04:26:00,833 - DEBUG - Joint score for alpha[1]: 16.4377
2025-08-09 04:26:04,333 - DEBUG - Joint score for alpha[2]: 16.5543
2025-08-09 04:26:07,834 - DEBUG - Joint score for alpha[3]: 16.3948
2025-08-09 04:26:11,333 - DEBUG - Joint score for alpha[4]: 16.8670
2025-08-09 04:26:14,832 - DEBUG - Joint score for alpha[5]: 16.4646
2025-08-09 04:26:18,331 - DEBUG - Joint score for alpha[6]: 16.7455
2025-08-09 04:26:21,830 - DEBUG - Joint score for alpha[7]: 16.3208
2025-08-09 04:26:25,333 - DEBUG - Joint score for alpha[8]: 16.5387
2025-08-09 04:26:28,832 - DEBUG - Joint score for alpha[9]: 16.2282
2025-08-09 04:26:32,331 - DEBUG - Joint score for alpha[10]: 16.3814
2025-08-09 04:26:35,830 - DEBUG - Joint score for alpha[11]: 16.3509
2025-08-09 04:26:39,331 - DEBUG - Joint score for alpha[12]: 16.5190
2025-08-09 04:26:42,830 - DEBUG - Joint score for alpha[13]: 16.2662
2025-08-09 04:26:46,331 - DEBUG - Joint score for alpha[14]: 16.6151
2025-08-09 04:26:49,830 - DEBUG - Joint score for alpha[15]: 16.4258
2025-08-09 04:26:53,353 - DEBUG - Joint score for alpha[0]: 16.2042
2025-08-09 04:26:56,854 - DEBUG - Joint score for alpha[1]: 16.3054
2025-08-09 04:27:00,354 - DEBUG - Joint score for alpha[2]: 16.2010
2025-08-09 04:27:03,855 - DEBUG - Joint score for alpha[3]: 16.0610
2025-08-09 04:27:07,357 - DEBUG - Joint score for alpha[4]: 16.3523
2025-08-09 04:27:10,859 - DEBUG - Joint score for alpha[5]: 16.1694
2025-08-09 04:27:14,360 - DEBUG - Joint score for alpha[6]: 15.9950
2025-08-09 04:27:17,862 - DEBUG - Joint score for alpha[7]: 16.2537
2025-08-09 04:27:21,363 - DEBUG - Joint score for alpha[8]: 16.2408
2025-08-09 04:27:24,865 - DEBUG - Joint score for alpha[9]: 16.2098
2025-08-09 04:27:28,367 - DEBUG - Joint score for alpha[10]: 16.3010
2025-08-09 04:27:31,869 - DEBUG - Joint score for alpha[11]: 16.3388
2025-08-09 04:27:35,370 - DEBUG - Joint score for alpha[12]: 16.5086
2025-08-09 04:27:38,873 - DEBUG - Joint score for alpha[13]: 16.3053
2025-08-09 04:27:42,375 - DEBUG - Joint score for alpha[14]: 16.0800
2025-08-09 04:27:45,877 - DEBUG - Joint score for alpha[15]: 16.1861
2025-08-09 04:27:49,401 - DEBUG - Joint score for alpha[0]: 16.1394
2025-08-09 04:27:52,903 - DEBUG - Joint score for alpha[1]: 16.0845
2025-08-09 04:27:56,404 - DEBUG - Joint score for alpha[2]: 16.3637
2025-08-09 04:27:59,905 - DEBUG - Joint score for alpha[3]: 16.3631
2025-08-09 04:28:03,406 - DEBUG - Joint score for alpha[4]: 16.3129
2025-08-09 04:28:06,908 - DEBUG - Joint score for alpha[5]: 16.0094
2025-08-09 04:28:10,410 - DEBUG - Joint score for alpha[6]: 16.1380
2025-08-09 04:28:13,912 - DEBUG - Joint score for alpha[7]: 16.2520
2025-08-09 04:28:17,413 - DEBUG - Joint score for alpha[8]: 16.3313
2025-08-09 04:28:20,915 - DEBUG - Joint score for alpha[9]: 16.3476
2025-08-09 04:28:24,416 - DEBUG - Joint score for alpha[10]: 16.1094
2025-08-09 04:28:27,918 - DEBUG - Joint score for alpha[11]: 16.2485
2025-08-09 04:28:31,418 - DEBUG - Joint score for alpha[12]: 16.2727
2025-08-09 04:28:34,919 - DEBUG - Joint score for alpha[13]: 16.1704
2025-08-09 04:28:38,421 - DEBUG - Joint score for alpha[14]: 16.2182
2025-08-09 04:28:41,922 - DEBUG - Joint score for alpha[15]: 16.3611
2025-08-09 04:28:45,446 - DEBUG - Joint score for alpha[0]: 16.0392
2025-08-09 04:28:48,951 - DEBUG - Joint score for alpha[1]: 15.9816
2025-08-09 04:28:52,451 - DEBUG - Joint score for alpha[2]: 16.1773
2025-08-09 04:28:55,955 - DEBUG - Joint score for alpha[3]: 16.1955
2025-08-09 04:28:59,456 - DEBUG - Joint score for alpha[4]: 16.1299
2025-08-09 04:29:02,958 - DEBUG - Joint score for alpha[5]: 16.1588
2025-08-09 04:29:06,461 - DEBUG - Joint score for alpha[6]: 16.3007
2025-08-09 04:29:09,965 - DEBUG - Joint score for alpha[7]: 16.2150
2025-08-09 04:29:13,466 - DEBUG - Joint score for alpha[8]: 16.3708
2025-08-09 04:29:16,969 - DEBUG - Joint score for alpha[9]: 16.1569
2025-08-09 04:29:20,468 - DEBUG - Joint score for alpha[10]: 15.8957
2025-08-09 04:29:23,972 - DEBUG - Joint score for alpha[11]: 15.9957
2025-08-09 04:29:27,474 - DEBUG - Joint score for alpha[12]: 16.0468
2025-08-09 04:29:30,977 - DEBUG - Joint score for alpha[13]: 16.2548
2025-08-09 04:29:34,477 - DEBUG - Joint score for alpha[14]: 15.9923
2025-08-09 04:29:37,977 - DEBUG - Joint score for alpha[15]: 16.2871
2025-08-09 04:29:41,499 - DEBUG - Joint score for alpha[0]: 15.9355
2025-08-09 04:29:45,002 - DEBUG - Joint score for alpha[1]: 16.2471
2025-08-09 04:29:48,501 - DEBUG - Joint score for alpha[2]: 16.2353
2025-08-09 04:29:52,002 - DEBUG - Joint score for alpha[3]: 16.0249
2025-08-09 04:29:55,501 - DEBUG - Joint score for alpha[4]: 16.2348
2025-08-09 04:29:59,002 - DEBUG - Joint score for alpha[5]: 16.2095
2025-08-09 04:30:02,503 - DEBUG - Joint score for alpha[6]: 16.3169
2025-08-09 04:30:06,000 - DEBUG - Joint score for alpha[7]: 16.3612
2025-08-09 04:30:09,500 - DEBUG - Joint score for alpha[8]: 16.2287
2025-08-09 04:30:12,999 - DEBUG - Joint score for alpha[9]: 16.4119
2025-08-09 04:30:16,499 - DEBUG - Joint score for alpha[10]: 16.0081
2025-08-09 04:30:19,996 - DEBUG - Joint score for alpha[11]: 16.1999
2025-08-09 04:30:23,497 - DEBUG - Joint score for alpha[12]: 16.3649
2025-08-09 04:30:26,998 - DEBUG - Joint score for alpha[13]: 16.0359
2025-08-09 04:30:30,500 - DEBUG - Joint score for alpha[14]: 16.2778
2025-08-09 04:30:34,002 - DEBUG - Joint score for alpha[15]: 16.3682
2025-08-09 04:30:34,044 - INFO - Step 72/120: mean ENERGY=16.2906
2025-08-09 04:30:34,048 - DEBUG - Beginning Gibbs iteration s = 72
2025-08-09 04:30:37,652 - DEBUG - Joint score for alpha[0]: 16.2032
2025-08-09 04:30:41,159 - DEBUG - Joint score for alpha[1]: 16.1642
2025-08-09 04:30:44,662 - DEBUG - Joint score for alpha[2]: 16.3876
2025-08-09 04:30:48,166 - DEBUG - Joint score for alpha[3]: 16.2565
2025-08-09 04:30:51,670 - DEBUG - Joint score for alpha[4]: 16.3328
2025-08-09 04:30:55,174 - DEBUG - Joint score for alpha[5]: 16.3500
2025-08-09 04:30:58,680 - DEBUG - Joint score for alpha[6]: 16.3758
2025-08-09 04:31:02,186 - DEBUG - Joint score for alpha[7]: 16.3378
2025-08-09 04:31:05,691 - DEBUG - Joint score for alpha[8]: 16.3005
2025-08-09 04:31:09,195 - DEBUG - Joint score for alpha[9]: 16.3345
2025-08-09 04:31:12,698 - DEBUG - Joint score for alpha[10]: 16.4228
2025-08-09 04:31:16,199 - DEBUG - Joint score for alpha[11]: 16.1691
2025-08-09 04:31:19,702 - DEBUG - Joint score for alpha[12]: 16.4626
2025-08-09 04:31:23,205 - DEBUG - Joint score for alpha[13]: 16.6001
2025-08-09 04:31:26,708 - DEBUG - Joint score for alpha[14]: 16.4610
2025-08-09 04:31:30,212 - DEBUG - Joint score for alpha[15]: 16.5370
2025-08-09 04:31:33,737 - DEBUG - Joint score for alpha[0]: 16.5550
2025-08-09 04:31:37,242 - DEBUG - Joint score for alpha[1]: 16.3021
2025-08-09 04:31:40,749 - DEBUG - Joint score for alpha[2]: 16.4747
2025-08-09 04:31:44,254 - DEBUG - Joint score for alpha[3]: 16.5448
2025-08-09 04:31:47,759 - DEBUG - Joint score for alpha[4]: 16.4565
2025-08-09 04:31:51,264 - DEBUG - Joint score for alpha[5]: 16.2215
2025-08-09 04:31:54,769 - DEBUG - Joint score for alpha[6]: 16.3401
2025-08-09 04:31:58,274 - DEBUG - Joint score for alpha[7]: 16.2457
2025-08-09 04:32:01,778 - DEBUG - Joint score for alpha[8]: 16.3049
2025-08-09 04:32:05,284 - DEBUG - Joint score for alpha[9]: 16.1543
2025-08-09 04:32:08,787 - DEBUG - Joint score for alpha[10]: 16.1960
2025-08-09 04:32:12,290 - DEBUG - Joint score for alpha[11]: 16.3507
2025-08-09 04:32:15,792 - DEBUG - Joint score for alpha[12]: 16.4391
2025-08-09 04:32:19,298 - DEBUG - Joint score for alpha[13]: 16.3170
2025-08-09 04:32:22,802 - DEBUG - Joint score for alpha[14]: 16.6623
2025-08-09 04:32:26,307 - DEBUG - Joint score for alpha[15]: 16.8416
2025-08-09 04:32:29,832 - DEBUG - Joint score for alpha[0]: 16.4364
2025-08-09 04:32:33,336 - DEBUG - Joint score for alpha[1]: 16.6202
2025-08-09 04:32:36,841 - DEBUG - Joint score for alpha[2]: 16.5279
2025-08-09 04:32:40,345 - DEBUG - Joint score for alpha[3]: 16.4220
2025-08-09 04:32:43,850 - DEBUG - Joint score for alpha[4]: 16.5179
2025-08-09 04:32:47,355 - DEBUG - Joint score for alpha[5]: 16.2635
2025-08-09 04:32:50,860 - DEBUG - Joint score for alpha[6]: 16.4324
2025-08-09 04:32:54,364 - DEBUG - Joint score for alpha[7]: 16.1972
2025-08-09 04:32:57,869 - DEBUG - Joint score for alpha[8]: 16.2713
2025-08-09 04:33:01,373 - DEBUG - Joint score for alpha[9]: 16.6338
2025-08-09 04:33:04,877 - DEBUG - Joint score for alpha[10]: 16.3285
2025-08-09 04:33:08,380 - DEBUG - Joint score for alpha[11]: 16.1987
2025-08-09 04:33:11,883 - DEBUG - Joint score for alpha[12]: 16.2002
2025-08-09 04:33:15,389 - DEBUG - Joint score for alpha[13]: 16.5018
2025-08-09 04:33:18,892 - DEBUG - Joint score for alpha[14]: 16.2175
2025-08-09 04:33:22,396 - DEBUG - Joint score for alpha[15]: 16.4296
2025-08-09 04:33:25,921 - DEBUG - Joint score for alpha[0]: 16.6386
2025-08-09 04:33:29,429 - DEBUG - Joint score for alpha[1]: 16.6115
2025-08-09 04:33:32,932 - DEBUG - Joint score for alpha[2]: 16.4141
2025-08-09 04:33:36,437 - DEBUG - Joint score for alpha[3]: 16.5763
2025-08-09 04:33:39,939 - DEBUG - Joint score for alpha[4]: 16.3632
2025-08-09 04:33:43,442 - DEBUG - Joint score for alpha[5]: 16.8920
2025-08-09 04:33:46,942 - DEBUG - Joint score for alpha[6]: 16.6089
2025-08-09 04:33:50,444 - DEBUG - Joint score for alpha[7]: 16.3712
2025-08-09 04:33:53,946 - DEBUG - Joint score for alpha[8]: 16.2013
2025-08-09 04:33:57,448 - DEBUG - Joint score for alpha[9]: 16.5942
2025-08-09 04:34:00,949 - DEBUG - Joint score for alpha[10]: 16.3256
2025-08-09 04:34:04,453 - DEBUG - Joint score for alpha[11]: 16.4829
2025-08-09 04:34:07,956 - DEBUG - Joint score for alpha[12]: 16.2942
2025-08-09 04:34:11,457 - DEBUG - Joint score for alpha[13]: 16.3745
2025-08-09 04:34:14,960 - DEBUG - Joint score for alpha[14]: 16.5446
2025-08-09 04:34:18,462 - DEBUG - Joint score for alpha[15]: 16.7794
2025-08-09 04:34:21,986 - DEBUG - Joint score for alpha[0]: 16.5957
2025-08-09 04:34:25,488 - DEBUG - Joint score for alpha[1]: 16.4294
2025-08-09 04:34:28,992 - DEBUG - Joint score for alpha[2]: 16.5216
2025-08-09 04:34:32,495 - DEBUG - Joint score for alpha[3]: 16.2901
2025-08-09 04:34:35,996 - DEBUG - Joint score for alpha[4]: 16.1643
2025-08-09 04:34:39,498 - DEBUG - Joint score for alpha[5]: 16.5652
2025-08-09 04:34:43,000 - DEBUG - Joint score for alpha[6]: 16.5862
2025-08-09 04:34:46,502 - DEBUG - Joint score for alpha[7]: 16.8233
2025-08-09 04:34:50,004 - DEBUG - Joint score for alpha[8]: 16.7148
2025-08-09 04:34:53,507 - DEBUG - Joint score for alpha[9]: 16.5723
2025-08-09 04:34:57,009 - DEBUG - Joint score for alpha[10]: 16.3897
2025-08-09 04:35:00,512 - DEBUG - Joint score for alpha[11]: 16.3504
2025-08-09 04:35:04,014 - DEBUG - Joint score for alpha[12]: 16.1787
2025-08-09 04:35:07,515 - DEBUG - Joint score for alpha[13]: 16.3222
2025-08-09 04:35:11,016 - DEBUG - Joint score for alpha[14]: 16.5260
2025-08-09 04:35:14,518 - DEBUG - Joint score for alpha[15]: 16.4806
2025-08-09 04:35:14,562 - INFO - Step 73/120: mean ENERGY=16.4562
2025-08-09 04:35:14,566 - DEBUG - Beginning Gibbs iteration s = 73
2025-08-09 04:35:18,104 - DEBUG - Joint score for alpha[0]: 16.4400
2025-08-09 04:35:21,607 - DEBUG - Joint score for alpha[1]: 16.4927
2025-08-09 04:35:25,107 - DEBUG - Joint score for alpha[2]: 16.5586
2025-08-09 04:35:28,610 - DEBUG - Joint score for alpha[3]: 16.1757
2025-08-09 04:35:32,111 - DEBUG - Joint score for alpha[4]: 16.4441
2025-08-09 04:35:35,612 - DEBUG - Joint score for alpha[5]: 16.5868
2025-08-09 04:35:39,111 - DEBUG - Joint score for alpha[6]: 16.4018
2025-08-09 04:35:42,611 - DEBUG - Joint score for alpha[7]: 16.4302
2025-08-09 04:35:46,111 - DEBUG - Joint score for alpha[8]: 16.3282
2025-08-09 04:35:49,612 - DEBUG - Joint score for alpha[9]: 16.9140
2025-08-09 04:35:53,113 - DEBUG - Joint score for alpha[10]: 16.5840
2025-08-09 04:35:56,612 - DEBUG - Joint score for alpha[11]: 16.5332
2025-08-09 04:36:00,112 - DEBUG - Joint score for alpha[12]: 16.4298
2025-08-09 04:36:03,614 - DEBUG - Joint score for alpha[13]: 16.4540
2025-08-09 04:36:07,115 - DEBUG - Joint score for alpha[14]: 16.5304
2025-08-09 04:36:10,616 - DEBUG - Joint score for alpha[15]: 16.1636
2025-08-09 04:36:14,139 - DEBUG - Joint score for alpha[0]: 16.4313
2025-08-09 04:36:17,644 - DEBUG - Joint score for alpha[1]: 16.6285
2025-08-09 04:36:21,149 - DEBUG - Joint score for alpha[2]: 16.4825
2025-08-09 04:36:24,651 - DEBUG - Joint score for alpha[3]: 16.7666
2025-08-09 04:36:28,153 - DEBUG - Joint score for alpha[4]: 16.8581
2025-08-09 04:36:31,655 - DEBUG - Joint score for alpha[5]: 16.8490
2025-08-09 04:36:35,154 - DEBUG - Joint score for alpha[6]: 16.6471
2025-08-09 04:36:38,653 - DEBUG - Joint score for alpha[7]: 16.8320
2025-08-09 04:36:42,153 - DEBUG - Joint score for alpha[8]: 16.5509
2025-08-09 04:36:45,654 - DEBUG - Joint score for alpha[9]: 16.5095
2025-08-09 04:36:49,156 - DEBUG - Joint score for alpha[10]: 16.5687
2025-08-09 04:36:52,658 - DEBUG - Joint score for alpha[11]: 16.5352
2025-08-09 04:36:56,157 - DEBUG - Joint score for alpha[12]: 16.7534
2025-08-09 04:36:59,662 - DEBUG - Joint score for alpha[13]: 16.2902
2025-08-09 04:37:03,163 - DEBUG - Joint score for alpha[14]: 16.5948
2025-08-09 04:37:06,667 - DEBUG - Joint score for alpha[15]: 17.0416
2025-08-09 04:37:10,189 - DEBUG - Joint score for alpha[0]: 16.8086
2025-08-09 04:37:13,691 - DEBUG - Joint score for alpha[1]: 16.5360
2025-08-09 04:37:17,195 - DEBUG - Joint score for alpha[2]: 16.6206
2025-08-09 04:37:20,697 - DEBUG - Joint score for alpha[3]: 16.6718
2025-08-09 04:37:24,197 - DEBUG - Joint score for alpha[4]: 16.5079
2025-08-09 04:37:27,699 - DEBUG - Joint score for alpha[5]: 16.6542
2025-08-09 04:37:31,198 - DEBUG - Joint score for alpha[6]: 16.6341
2025-08-09 04:37:34,699 - DEBUG - Joint score for alpha[7]: 16.6514
2025-08-09 04:37:38,199 - DEBUG - Joint score for alpha[8]: 16.6616
2025-08-09 04:37:41,698 - DEBUG - Joint score for alpha[9]: 16.6821
2025-08-09 04:37:45,198 - DEBUG - Joint score for alpha[10]: 16.5472
2025-08-09 04:37:48,699 - DEBUG - Joint score for alpha[11]: 16.6406
2025-08-09 04:37:52,198 - DEBUG - Joint score for alpha[12]: 16.3204
2025-08-09 04:37:55,698 - DEBUG - Joint score for alpha[13]: 16.3980
2025-08-09 04:37:59,198 - DEBUG - Joint score for alpha[14]: 16.6729
2025-08-09 04:38:02,697 - DEBUG - Joint score for alpha[15]: 16.4959
2025-08-09 04:38:06,219 - DEBUG - Joint score for alpha[0]: 16.6087
2025-08-09 04:38:09,721 - DEBUG - Joint score for alpha[1]: 17.0742
2025-08-09 04:38:13,220 - DEBUG - Joint score for alpha[2]: 16.5449
2025-08-09 04:38:16,721 - DEBUG - Joint score for alpha[3]: 16.7970
2025-08-09 04:38:20,224 - DEBUG - Joint score for alpha[4]: 16.4327
2025-08-09 04:38:23,725 - DEBUG - Joint score for alpha[5]: 16.5706
2025-08-09 04:38:27,225 - DEBUG - Joint score for alpha[6]: 16.7166
2025-08-09 04:38:30,727 - DEBUG - Joint score for alpha[7]: 16.5675
2025-08-09 04:38:34,229 - DEBUG - Joint score for alpha[8]: 16.9394
2025-08-09 04:38:37,730 - DEBUG - Joint score for alpha[9]: 16.3602
2025-08-09 04:38:41,231 - DEBUG - Joint score for alpha[10]: 16.7594
2025-08-09 04:38:44,731 - DEBUG - Joint score for alpha[11]: 16.8243
2025-08-09 04:38:48,230 - DEBUG - Joint score for alpha[12]: 16.6240
2025-08-09 04:38:51,731 - DEBUG - Joint score for alpha[13]: 16.5456
2025-08-09 04:38:55,231 - DEBUG - Joint score for alpha[14]: 16.6714
2025-08-09 04:38:58,732 - DEBUG - Joint score for alpha[15]: 16.5680
2025-08-09 04:39:02,253 - DEBUG - Joint score for alpha[0]: 16.3708
2025-08-09 04:39:05,756 - DEBUG - Joint score for alpha[1]: 16.8886
2025-08-09 04:39:09,258 - DEBUG - Joint score for alpha[2]: 16.5755
2025-08-09 04:39:12,759 - DEBUG - Joint score for alpha[3]: 16.8142
2025-08-09 04:39:16,260 - DEBUG - Joint score for alpha[4]: 16.7219
2025-08-09 04:39:19,760 - DEBUG - Joint score for alpha[5]: 16.4246
2025-08-09 04:39:23,258 - DEBUG - Joint score for alpha[6]: 16.3430
2025-08-09 04:39:26,756 - DEBUG - Joint score for alpha[7]: 16.3628
2025-08-09 04:39:30,254 - DEBUG - Joint score for alpha[8]: 16.6060
2025-08-09 04:39:33,755 - DEBUG - Joint score for alpha[9]: 16.4457
2025-08-09 04:39:37,255 - DEBUG - Joint score for alpha[10]: 16.6544
2025-08-09 04:39:40,755 - DEBUG - Joint score for alpha[11]: 16.8974
2025-08-09 04:39:44,257 - DEBUG - Joint score for alpha[12]: 16.6065
2025-08-09 04:39:47,757 - DEBUG - Joint score for alpha[13]: 16.8211
2025-08-09 04:39:51,256 - DEBUG - Joint score for alpha[14]: 16.4859
2025-08-09 04:39:54,756 - DEBUG - Joint score for alpha[15]: 16.3350
2025-08-09 04:39:54,798 - INFO - Step 74/120: mean ENERGY=16.6167
2025-08-09 04:39:54,802 - DEBUG - Beginning Gibbs iteration s = 74
2025-08-09 04:39:58,339 - DEBUG - Joint score for alpha[0]: 16.8247
2025-08-09 04:40:01,842 - DEBUG - Joint score for alpha[1]: 16.6057
2025-08-09 04:40:05,342 - DEBUG - Joint score for alpha[2]: 16.4561
2025-08-09 04:40:08,845 - DEBUG - Joint score for alpha[3]: 16.4568
2025-08-09 04:40:12,348 - DEBUG - Joint score for alpha[4]: 16.4905
2025-08-09 04:40:15,849 - DEBUG - Joint score for alpha[5]: 16.6339
2025-08-09 04:40:19,351 - DEBUG - Joint score for alpha[6]: 16.5328
2025-08-09 04:40:22,853 - DEBUG - Joint score for alpha[7]: 16.4821
2025-08-09 04:40:26,355 - DEBUG - Joint score for alpha[8]: 16.6792
2025-08-09 04:40:29,856 - DEBUG - Joint score for alpha[9]: 16.3126
2025-08-09 04:40:33,356 - DEBUG - Joint score for alpha[10]: 16.5840
2025-08-09 04:40:36,856 - DEBUG - Joint score for alpha[11]: 16.4459
2025-08-09 04:40:40,358 - DEBUG - Joint score for alpha[12]: 16.6697
2025-08-09 04:40:43,861 - DEBUG - Joint score for alpha[13]: 16.5216
2025-08-09 04:40:47,364 - DEBUG - Joint score for alpha[14]: 16.3950
2025-08-09 04:40:50,867 - DEBUG - Joint score for alpha[15]: 16.6856
2025-08-09 04:40:54,391 - DEBUG - Joint score for alpha[0]: 16.9055
2025-08-09 04:40:57,898 - DEBUG - Joint score for alpha[1]: 16.3592
2025-08-09 04:41:01,400 - DEBUG - Joint score for alpha[2]: 16.9518
2025-08-09 04:41:04,904 - DEBUG - Joint score for alpha[3]: 16.5314
2025-08-09 04:41:08,408 - DEBUG - Joint score for alpha[4]: 16.6672
2025-08-09 04:41:11,912 - DEBUG - Joint score for alpha[5]: 16.5823
2025-08-09 04:41:15,416 - DEBUG - Joint score for alpha[6]: 16.4047
2025-08-09 04:41:18,920 - DEBUG - Joint score for alpha[7]: 16.6768
2025-08-09 04:41:22,422 - DEBUG - Joint score for alpha[8]: 16.5983
2025-08-09 04:41:25,924 - DEBUG - Joint score for alpha[9]: 17.0613
2025-08-09 04:41:29,429 - DEBUG - Joint score for alpha[10]: 16.7314
2025-08-09 04:41:32,933 - DEBUG - Joint score for alpha[11]: 16.6013
2025-08-09 04:41:36,439 - DEBUG - Joint score for alpha[12]: 16.8002
2025-08-09 04:41:39,943 - DEBUG - Joint score for alpha[13]: 16.5301
2025-08-09 04:41:43,448 - DEBUG - Joint score for alpha[14]: 16.7517
2025-08-09 04:41:46,952 - DEBUG - Joint score for alpha[15]: 16.7943
2025-08-09 04:41:50,477 - DEBUG - Joint score for alpha[0]: 16.4403
2025-08-09 04:41:53,983 - DEBUG - Joint score for alpha[1]: 16.7631
2025-08-09 04:41:57,487 - DEBUG - Joint score for alpha[2]: 16.8719
2025-08-09 04:42:00,992 - DEBUG - Joint score for alpha[3]: 16.7108
2025-08-09 04:42:04,495 - DEBUG - Joint score for alpha[4]: 16.6735
2025-08-09 04:42:08,001 - DEBUG - Joint score for alpha[5]: 16.5116
2025-08-09 04:42:11,507 - DEBUG - Joint score for alpha[6]: 16.5774
2025-08-09 04:42:15,010 - DEBUG - Joint score for alpha[7]: 16.7594
2025-08-09 04:42:18,513 - DEBUG - Joint score for alpha[8]: 16.9444
2025-08-09 04:42:22,019 - DEBUG - Joint score for alpha[9]: 16.6263
2025-08-09 04:42:25,522 - DEBUG - Joint score for alpha[10]: 16.5298
2025-08-09 04:42:29,025 - DEBUG - Joint score for alpha[11]: 16.6566
2025-08-09 04:42:32,528 - DEBUG - Joint score for alpha[12]: 16.7664
2025-08-09 04:42:36,031 - DEBUG - Joint score for alpha[13]: 16.6034
2025-08-09 04:42:39,536 - DEBUG - Joint score for alpha[14]: 16.4464
2025-08-09 04:42:43,039 - DEBUG - Joint score for alpha[15]: 16.8838
2025-08-09 04:42:46,563 - DEBUG - Joint score for alpha[0]: 16.4847
2025-08-09 04:42:50,069 - DEBUG - Joint score for alpha[1]: 16.4176
2025-08-09 04:42:53,572 - DEBUG - Joint score for alpha[2]: 16.6325
2025-08-09 04:42:57,079 - DEBUG - Joint score for alpha[3]: 16.5223
2025-08-09 04:43:00,584 - DEBUG - Joint score for alpha[4]: 16.5801
2025-08-09 04:43:04,089 - DEBUG - Joint score for alpha[5]: 16.8483
2025-08-09 04:43:07,594 - DEBUG - Joint score for alpha[6]: 16.9977
2025-08-09 04:43:11,097 - DEBUG - Joint score for alpha[7]: 16.5904
2025-08-09 04:43:14,600 - DEBUG - Joint score for alpha[8]: 16.7098
2025-08-09 04:43:18,103 - DEBUG - Joint score for alpha[9]: 16.4558
2025-08-09 04:43:21,606 - DEBUG - Joint score for alpha[10]: 16.8959
2025-08-09 04:43:25,110 - DEBUG - Joint score for alpha[11]: 16.5233
2025-08-09 04:43:28,614 - DEBUG - Joint score for alpha[12]: 16.5255
2025-08-09 04:43:32,118 - DEBUG - Joint score for alpha[13]: 16.6629
2025-08-09 04:43:35,622 - DEBUG - Joint score for alpha[14]: 16.5786
2025-08-09 04:43:39,124 - DEBUG - Joint score for alpha[15]: 16.2834
2025-08-09 04:43:42,647 - DEBUG - Joint score for alpha[0]: 16.6180
2025-08-09 04:43:46,154 - DEBUG - Joint score for alpha[1]: 16.6286
2025-08-09 04:43:49,658 - DEBUG - Joint score for alpha[2]: 16.5938
2025-08-09 04:43:53,161 - DEBUG - Joint score for alpha[3]: 16.8674
2025-08-09 04:43:56,663 - DEBUG - Joint score for alpha[4]: 16.6186
2025-08-09 04:44:00,169 - DEBUG - Joint score for alpha[5]: 16.7235
2025-08-09 04:44:03,674 - DEBUG - Joint score for alpha[6]: 16.5692
2025-08-09 04:44:07,178 - DEBUG - Joint score for alpha[7]: 16.6947
2025-08-09 04:44:10,681 - DEBUG - Joint score for alpha[8]: 16.7934
2025-08-09 04:44:14,185 - DEBUG - Joint score for alpha[9]: 16.5910
2025-08-09 04:44:17,688 - DEBUG - Joint score for alpha[10]: 16.6036
2025-08-09 04:44:21,190 - DEBUG - Joint score for alpha[11]: 16.6708
2025-08-09 04:44:24,693 - DEBUG - Joint score for alpha[12]: 16.2363
2025-08-09 04:44:28,197 - DEBUG - Joint score for alpha[13]: 16.6110
2025-08-09 04:44:31,699 - DEBUG - Joint score for alpha[14]: 16.5652
2025-08-09 04:44:35,200 - DEBUG - Joint score for alpha[15]: 16.9173
2025-08-09 04:44:35,243 - INFO - Step 75/120: mean ENERGY=16.6129
2025-08-09 04:44:35,248 - DEBUG - Beginning Gibbs iteration s = 75
2025-08-09 04:44:38,786 - DEBUG - Joint score for alpha[0]: 16.8428
2025-08-09 04:44:42,290 - DEBUG - Joint score for alpha[1]: 16.6820
2025-08-09 04:44:45,793 - DEBUG - Joint score for alpha[2]: 16.1402
2025-08-09 04:44:49,296 - DEBUG - Joint score for alpha[3]: 16.5238
2025-08-09 04:44:52,798 - DEBUG - Joint score for alpha[4]: 16.8318
2025-08-09 04:44:56,301 - DEBUG - Joint score for alpha[5]: 16.3466
2025-08-09 04:44:59,804 - DEBUG - Joint score for alpha[6]: 16.5210
2025-08-09 04:45:03,308 - DEBUG - Joint score for alpha[7]: 16.2237
2025-08-09 04:45:06,811 - DEBUG - Joint score for alpha[8]: 16.7385
2025-08-09 04:45:10,315 - DEBUG - Joint score for alpha[9]: 16.4884
2025-08-09 04:45:13,819 - DEBUG - Joint score for alpha[10]: 16.4158
2025-08-09 04:45:17,323 - DEBUG - Joint score for alpha[11]: 16.7628
2025-08-09 04:45:20,825 - DEBUG - Joint score for alpha[12]: 16.3718
2025-08-09 04:45:24,328 - DEBUG - Joint score for alpha[13]: 16.2906
2025-08-09 04:45:27,830 - DEBUG - Joint score for alpha[14]: 16.4941
2025-08-09 04:45:31,334 - DEBUG - Joint score for alpha[15]: 16.1345
2025-08-09 04:45:34,858 - DEBUG - Joint score for alpha[0]: 16.1986
2025-08-09 04:45:38,364 - DEBUG - Joint score for alpha[1]: 16.8820
2025-08-09 04:45:41,866 - DEBUG - Joint score for alpha[2]: 16.4081
2025-08-09 04:45:45,370 - DEBUG - Joint score for alpha[3]: 16.6381
2025-08-09 04:45:48,872 - DEBUG - Joint score for alpha[4]: 16.2879
2025-08-09 04:45:52,376 - DEBUG - Joint score for alpha[5]: 16.3917
2025-08-09 04:45:55,879 - DEBUG - Joint score for alpha[6]: 16.3259
2025-08-09 04:45:59,381 - DEBUG - Joint score for alpha[7]: 16.4739
2025-08-09 04:46:02,884 - DEBUG - Joint score for alpha[8]: 16.0836
2025-08-09 04:46:06,388 - DEBUG - Joint score for alpha[9]: 16.5146
2025-08-09 04:46:09,891 - DEBUG - Joint score for alpha[10]: 16.5105
2025-08-09 04:46:13,393 - DEBUG - Joint score for alpha[11]: 16.3263
2025-08-09 04:46:16,897 - DEBUG - Joint score for alpha[12]: 15.9692
2025-08-09 04:46:20,402 - DEBUG - Joint score for alpha[13]: 16.3175
2025-08-09 04:46:23,907 - DEBUG - Joint score for alpha[14]: 16.0950
2025-08-09 04:46:27,409 - DEBUG - Joint score for alpha[15]: 16.4845
2025-08-09 04:46:30,935 - DEBUG - Joint score for alpha[0]: 16.4163
2025-08-09 04:46:34,442 - DEBUG - Joint score for alpha[1]: 16.4717
2025-08-09 04:46:37,944 - DEBUG - Joint score for alpha[2]: 16.2476
2025-08-09 04:46:41,446 - DEBUG - Joint score for alpha[3]: 16.3415
2025-08-09 04:46:44,952 - DEBUG - Joint score for alpha[4]: 16.6156
2025-08-09 04:46:48,453 - DEBUG - Joint score for alpha[5]: 16.4503
2025-08-09 04:46:51,956 - DEBUG - Joint score for alpha[6]: 16.6118
2025-08-09 04:46:55,457 - DEBUG - Joint score for alpha[7]: 16.4461
2025-08-09 04:46:58,960 - DEBUG - Joint score for alpha[8]: 16.2452
2025-08-09 04:47:02,462 - DEBUG - Joint score for alpha[9]: 16.5373
2025-08-09 04:47:05,965 - DEBUG - Joint score for alpha[10]: 16.1652
2025-08-09 04:47:09,468 - DEBUG - Joint score for alpha[11]: 16.5571
2025-08-09 04:47:12,969 - DEBUG - Joint score for alpha[12]: 16.5234
2025-08-09 04:47:16,472 - DEBUG - Joint score for alpha[13]: 16.3778
2025-08-09 04:47:19,972 - DEBUG - Joint score for alpha[14]: 16.2532
2025-08-09 04:47:23,475 - DEBUG - Joint score for alpha[15]: 16.4815
2025-08-09 04:47:26,999 - DEBUG - Joint score for alpha[0]: 16.2476
2025-08-09 04:47:30,505 - DEBUG - Joint score for alpha[1]: 16.6138
2025-08-09 04:47:34,006 - DEBUG - Joint score for alpha[2]: 16.6633
2025-08-09 04:47:37,507 - DEBUG - Joint score for alpha[3]: 16.0990
2025-08-09 04:47:41,011 - DEBUG - Joint score for alpha[4]: 16.3418
2025-08-09 04:47:44,512 - DEBUG - Joint score for alpha[5]: 16.3065
2025-08-09 04:47:48,015 - DEBUG - Joint score for alpha[6]: 16.5441
2025-08-09 04:47:51,517 - DEBUG - Joint score for alpha[7]: 16.3804
2025-08-09 04:47:55,022 - DEBUG - Joint score for alpha[8]: 16.4504
2025-08-09 04:47:58,524 - DEBUG - Joint score for alpha[9]: 16.6824
2025-08-09 04:48:02,027 - DEBUG - Joint score for alpha[10]: 16.5606
2025-08-09 04:48:05,528 - DEBUG - Joint score for alpha[11]: 16.5835
2025-08-09 04:48:09,032 - DEBUG - Joint score for alpha[12]: 16.3822
2025-08-09 04:48:12,535 - DEBUG - Joint score for alpha[13]: 16.4110
2025-08-09 04:48:16,037 - DEBUG - Joint score for alpha[14]: 16.0855
2025-08-09 04:48:19,540 - DEBUG - Joint score for alpha[15]: 16.3329
2025-08-09 04:48:23,132 - DEBUG - Joint score for alpha[0]: 16.3548
2025-08-09 04:48:26,639 - DEBUG - Joint score for alpha[1]: 16.1762
2025-08-09 04:48:30,141 - DEBUG - Joint score for alpha[2]: 16.4591
2025-08-09 04:48:33,644 - DEBUG - Joint score for alpha[3]: 16.6808
2025-08-09 04:48:37,148 - DEBUG - Joint score for alpha[4]: 16.7243
2025-08-09 04:48:40,652 - DEBUG - Joint score for alpha[5]: 16.1864
2025-08-09 04:48:44,156 - DEBUG - Joint score for alpha[6]: 16.3077
2025-08-09 04:48:47,661 - DEBUG - Joint score for alpha[7]: 16.5927
2025-08-09 04:48:51,165 - DEBUG - Joint score for alpha[8]: 16.6524
2025-08-09 04:48:54,669 - DEBUG - Joint score for alpha[9]: 16.4967
2025-08-09 04:48:58,173 - DEBUG - Joint score for alpha[10]: 16.4853
2025-08-09 04:49:01,676 - DEBUG - Joint score for alpha[11]: 16.9583
2025-08-09 04:49:05,181 - DEBUG - Joint score for alpha[12]: 16.4870
2025-08-09 04:49:08,684 - DEBUG - Joint score for alpha[13]: 16.4001
2025-08-09 04:49:12,187 - DEBUG - Joint score for alpha[14]: 16.3336
2025-08-09 04:49:15,692 - DEBUG - Joint score for alpha[15]: 16.3707
2025-08-09 04:49:15,735 - INFO - Step 76/120: mean ENERGY=16.3029
2025-08-09 04:49:15,741 - DEBUG - Beginning Gibbs iteration s = 76
2025-08-09 04:49:15,861 - ERROR - ABC procedure failed: Sizes of tensors must match except in dimension 0. Expected size 12 but got size 7 for tensor number 41 in the list.
2025-08-09 04:49:15,912 - INFO - Memory cleanup completed
