2025-08-11 12:12:30,558 - INFO - --- Computing Configuration ---
2025-08-11 12:12:30,559 - INFO - Platform: Linux 4.18.0-477.27.1.el8_8.x86_64
2025-08-11 12:12:30,559 - INFO - Python version: 3.12.11
2025-08-11 12:12:30,559 - INFO - CUDA available: True
2025-08-11 12:12:30,598 - INFO - CUDA device count: 1
2025-08-11 12:12:30,602 - INFO - CUDA device name: NVIDIA L40S
2025-08-11 12:12:30,602 - INFO - CUDA device capability: (8, 9)
2025-08-11 12:12:30,602 - INFO - CUDA memory allocated: 0.00 GB
2025-08-11 12:12:30,602 - INFO - CUDA memory reserved: 0.00 GB
2025-08-11 12:12:30,602 - INFO - torch version: 2.7.1+cu126
2025-08-11 12:12:30,602 - INFO - Number of CPUs: 64
2025-08-11 12:12:30,602 - INFO - Physical CPU cores: 64
2025-08-11 12:12:30,602 - INFO - TORCH_NUM_THREADS: 1
2025-08-11 12:12:30,602 - INFO - N_WORKERS: 16
2025-08-11 12:12:30,603 - INFO - PARALLEL_BACKEND: thread
2025-08-11 12:12:30,603 - INFO - --------------------------------
2025-08-11 12:12:30,603 - INFO - Starting ABC-RFP procedure with device: cuda
2025-08-11 12:12:30,603 - INFO - Configuration: energy scoring, 120 steps, 50 ensemble size
2025-08-11 12:12:31,013 - INFO - Using temporal resampling: 100 samples per Gibbs step
2025-08-11 12:12:31,014 - INFO - Loading precomputed standardised ERA5 tensor
2025-08-11 12:12:31,216 - INFO - Beginning ABC-Gibbs inference with RFP perturbations
2025-08-11 12:12:47,940 - INFO - Using ENERGY as discrepancy measure
2025-08-11 12:12:47,940 - INFO - Inference mode: conditional_gibbs
2025-08-11 12:12:49,003 - INFO - Created temporal metadata for 350640 time steps
2025-08-11 12:12:49,003 - INFO - Time range: 1979-01-01 00:00:00 to 2018-12-31 23:00:00
2025-08-11 12:12:49,003 - INFO - Seasonal RFP enabled with constraints:
2025-08-11 12:12:49,003 - INFO -   Day window: ±15 days
2025-08-11 12:12:49,003 - INFO -   Hour tolerance: ±0 hours
2025-08-11 12:12:49,003 - INFO -   Exclude same year: True
2025-08-11 12:12:49,003 - INFO -   Fallback to random: True
2025-08-11 12:12:49,003 - INFO - Temporal resampling enabled: 100 samples per step
2025-08-11 12:12:59,191 - DEBUG - Beginning Gibbs iteration s = 0
2025-08-11 12:13:09,729 - DEBUG - Calibrating batch size for input shape: torch.Size([100, 12, 32, 64])
2025-08-11 12:13:09,729 - INFO - Memory calibration (Free: 29.5GB/47.7GB)
2025-08-11 12:13:11,649 - WARNING - OOM retry 1/5, batch size: 28
2025-08-11 12:13:15,075 - DEBUG - Joint score for alpha[0]: 24.8941
2025-08-11 12:13:18,543 - DEBUG - Joint score for alpha[1]: 21.7614
2025-08-11 12:13:22,000 - DEBUG - Joint score for alpha[2]: 22.7538
2025-08-11 12:13:25,461 - DEBUG - Joint score for alpha[3]: 21.9617
2025-08-11 12:13:28,937 - DEBUG - Joint score for alpha[4]: 24.6483
2025-08-11 12:13:32,414 - DEBUG - Joint score for alpha[5]: 22.4746
2025-08-11 12:13:35,893 - DEBUG - Joint score for alpha[6]: 24.6298
2025-08-11 12:13:39,372 - DEBUG - Joint score for alpha[7]: 22.9716
2025-08-11 12:13:42,852 - DEBUG - Joint score for alpha[8]: 22.4840
2025-08-11 12:13:46,333 - DEBUG - Joint score for alpha[9]: 21.5791
2025-08-11 12:13:49,814 - DEBUG - Joint score for alpha[10]: 21.6812
2025-08-11 12:13:53,296 - DEBUG - Joint score for alpha[11]: 21.4040
2025-08-11 12:13:56,778 - DEBUG - Joint score for alpha[12]: 21.7786
2025-08-11 12:14:00,261 - DEBUG - Joint score for alpha[13]: 22.5748
2025-08-11 12:14:03,744 - DEBUG - Joint score for alpha[14]: 22.3782
2025-08-11 12:14:07,227 - DEBUG - Joint score for alpha[15]: 25.0210
2025-08-11 12:14:13,759 - DEBUG - Joint score for alpha[0]: 20.5217
2025-08-11 12:14:17,249 - DEBUG - Joint score for alpha[1]: 21.1599
2025-08-11 12:14:20,738 - DEBUG - Joint score for alpha[2]: 20.0080
2025-08-11 12:14:24,226 - DEBUG - Joint score for alpha[3]: 20.7900
2025-08-11 12:14:27,716 - DEBUG - Joint score for alpha[4]: 20.4698
2025-08-11 12:14:31,205 - DEBUG - Joint score for alpha[5]: 21.4848
2025-08-11 12:14:34,695 - DEBUG - Joint score for alpha[6]: 20.6276
2025-08-11 12:14:38,184 - DEBUG - Joint score for alpha[7]: 20.1639
2025-08-11 12:14:41,673 - DEBUG - Joint score for alpha[8]: 20.5097
2025-08-11 12:14:45,164 - DEBUG - Joint score for alpha[9]: 21.7705
2025-08-11 12:14:48,653 - DEBUG - Joint score for alpha[10]: 20.5747
2025-08-11 12:14:52,145 - DEBUG - Joint score for alpha[11]: 19.9651
2025-08-11 12:14:55,636 - DEBUG - Joint score for alpha[12]: 19.7602
2025-08-11 12:14:59,128 - DEBUG - Joint score for alpha[13]: 20.7773
2025-08-11 12:15:02,619 - DEBUG - Joint score for alpha[14]: 20.8458
2025-08-11 12:15:06,109 - DEBUG - Joint score for alpha[15]: 20.3389
2025-08-11 12:15:12,629 - DEBUG - Joint score for alpha[0]: 19.5030
2025-08-11 12:15:16,122 - DEBUG - Joint score for alpha[1]: 18.7712
2025-08-11 12:15:19,613 - DEBUG - Joint score for alpha[2]: 19.6032
2025-08-11 12:15:23,104 - DEBUG - Joint score for alpha[3]: 19.5681
2025-08-11 12:15:26,595 - DEBUG - Joint score for alpha[4]: 19.2231
2025-08-11 12:15:30,085 - DEBUG - Joint score for alpha[5]: 19.2202
2025-08-11 12:15:33,574 - DEBUG - Joint score for alpha[6]: 19.7151
2025-08-11 12:15:37,065 - DEBUG - Joint score for alpha[7]: 18.9858
2025-08-11 12:15:40,556 - DEBUG - Joint score for alpha[8]: 19.0921
2025-08-11 12:15:44,048 - DEBUG - Joint score for alpha[9]: 18.8497
2025-08-11 12:15:47,540 - DEBUG - Joint score for alpha[10]: 19.6795
2025-08-11 12:15:51,033 - DEBUG - Joint score for alpha[11]: 19.8903
2025-08-11 12:15:54,525 - DEBUG - Joint score for alpha[12]: 19.4148
2025-08-11 12:15:58,020 - DEBUG - Joint score for alpha[13]: 18.7054
2025-08-11 12:16:01,513 - DEBUG - Joint score for alpha[14]: 19.2964
2025-08-11 12:16:05,005 - DEBUG - Joint score for alpha[15]: 18.9292
2025-08-11 12:16:11,508 - DEBUG - Joint score for alpha[0]: 16.5224
2025-08-11 12:16:15,002 - DEBUG - Joint score for alpha[1]: 16.7207
2025-08-11 12:16:18,495 - DEBUG - Joint score for alpha[2]: 17.2034
2025-08-11 12:16:21,988 - DEBUG - Joint score for alpha[3]: 17.1279
2025-08-11 12:16:25,481 - DEBUG - Joint score for alpha[4]: 16.3328
2025-08-11 12:16:28,974 - DEBUG - Joint score for alpha[5]: 16.5821
2025-08-11 12:16:32,466 - DEBUG - Joint score for alpha[6]: 16.3734
2025-08-11 12:16:35,958 - DEBUG - Joint score for alpha[7]: 17.1570
2025-08-11 12:16:39,450 - DEBUG - Joint score for alpha[8]: 17.6213
2025-08-11 12:16:42,944 - DEBUG - Joint score for alpha[9]: 17.2567
2025-08-11 12:16:46,436 - DEBUG - Joint score for alpha[10]: 16.6743
2025-08-11 12:16:49,930 - DEBUG - Joint score for alpha[11]: 17.2557
2025-08-11 12:16:53,423 - DEBUG - Joint score for alpha[12]: 18.1273
2025-08-11 12:16:56,917 - DEBUG - Joint score for alpha[13]: 16.9750
2025-08-11 12:17:00,410 - DEBUG - Joint score for alpha[14]: 16.9518
2025-08-11 12:17:03,901 - DEBUG - Joint score for alpha[15]: 16.2546
2025-08-11 12:17:10,397 - DEBUG - Joint score for alpha[0]: 17.3367
2025-08-11 12:17:13,892 - DEBUG - Joint score for alpha[1]: 16.8051
2025-08-11 12:17:17,385 - DEBUG - Joint score for alpha[2]: 16.3405
2025-08-11 12:17:20,877 - DEBUG - Joint score for alpha[3]: 15.9722
2025-08-11 12:17:24,370 - DEBUG - Joint score for alpha[4]: 16.5126
2025-08-11 12:17:27,861 - DEBUG - Joint score for alpha[5]: 15.7776
2025-08-11 12:17:31,353 - DEBUG - Joint score for alpha[6]: 15.8804
2025-08-11 12:17:34,845 - DEBUG - Joint score for alpha[7]: 15.7434
2025-08-11 12:17:38,336 - DEBUG - Joint score for alpha[8]: 15.7380
2025-08-11 12:17:41,830 - DEBUG - Joint score for alpha[9]: 16.4952
2025-08-11 12:17:45,322 - DEBUG - Joint score for alpha[10]: 16.3373
2025-08-11 12:17:48,816 - DEBUG - Joint score for alpha[11]: 16.3800
2025-08-11 12:17:52,308 - DEBUG - Joint score for alpha[12]: 16.5476
2025-08-11 12:17:55,802 - DEBUG - Joint score for alpha[13]: 16.4287
2025-08-11 12:17:59,295 - DEBUG - Joint score for alpha[14]: 17.0428
2025-08-11 12:18:02,788 - DEBUG - Joint score for alpha[15]: 17.5670
2025-08-11 12:18:02,829 - INFO - Step 1/120: mean ENERGY=18.3724
2025-08-11 12:18:02,831 - DEBUG - Beginning Gibbs iteration s = 1
2025-08-11 12:18:15,781 - DEBUG - Joint score for alpha[0]: 17.3066
2025-08-11 12:18:19,275 - DEBUG - Joint score for alpha[1]: 15.8933
2025-08-11 12:18:22,765 - DEBUG - Joint score for alpha[2]: 17.2193
2025-08-11 12:18:26,255 - DEBUG - Joint score for alpha[3]: 17.2757
2025-08-11 12:18:29,747 - DEBUG - Joint score for alpha[4]: 15.6460
2025-08-11 12:18:33,236 - DEBUG - Joint score for alpha[5]: 16.0613
2025-08-11 12:18:36,726 - DEBUG - Joint score for alpha[6]: 17.6540
2025-08-11 12:18:40,217 - DEBUG - Joint score for alpha[7]: 15.7625
2025-08-11 12:18:43,708 - DEBUG - Joint score for alpha[8]: 15.8249
2025-08-11 12:18:47,199 - DEBUG - Joint score for alpha[9]: 16.8980
2025-08-11 12:18:50,691 - DEBUG - Joint score for alpha[10]: 18.1074
2025-08-11 12:18:54,183 - DEBUG - Joint score for alpha[11]: 15.5976
2025-08-11 12:18:57,674 - DEBUG - Joint score for alpha[12]: 16.2446
2025-08-11 12:19:01,167 - DEBUG - Joint score for alpha[13]: 15.6573
2025-08-11 12:19:04,660 - DEBUG - Joint score for alpha[14]: 18.4504
2025-08-11 12:19:08,152 - DEBUG - Joint score for alpha[15]: 19.8891
2025-08-11 12:19:14,666 - DEBUG - Joint score for alpha[0]: 15.9175
2025-08-11 12:19:18,160 - DEBUG - Joint score for alpha[1]: 15.6036
2025-08-11 12:19:21,652 - DEBUG - Joint score for alpha[2]: 15.8330
2025-08-11 12:19:25,144 - DEBUG - Joint score for alpha[3]: 16.1513
2025-08-11 12:19:28,638 - DEBUG - Joint score for alpha[4]: 15.9509
2025-08-11 12:19:32,129 - DEBUG - Joint score for alpha[5]: 17.2120
2025-08-11 12:19:35,622 - DEBUG - Joint score for alpha[6]: 15.6753
2025-08-11 12:19:39,114 - DEBUG - Joint score for alpha[7]: 15.9966
2025-08-11 12:19:42,606 - DEBUG - Joint score for alpha[8]: 16.0125
2025-08-11 12:19:46,097 - DEBUG - Joint score for alpha[9]: 16.0846
2025-08-11 12:19:49,592 - DEBUG - Joint score for alpha[10]: 15.7456
2025-08-11 12:19:53,086 - DEBUG - Joint score for alpha[11]: 16.1922
2025-08-11 12:19:56,579 - DEBUG - Joint score for alpha[12]: 16.1467
2025-08-11 12:20:00,073 - DEBUG - Joint score for alpha[13]: 15.6260
2025-08-11 12:20:03,567 - DEBUG - Joint score for alpha[14]: 15.8631
2025-08-11 12:20:07,059 - DEBUG - Joint score for alpha[15]: 15.9845
2025-08-11 12:20:13,574 - DEBUG - Joint score for alpha[0]: 15.7418
2025-08-11 12:20:17,069 - DEBUG - Joint score for alpha[1]: 15.7574
2025-08-11 12:20:20,562 - DEBUG - Joint score for alpha[2]: 17.7410
2025-08-11 12:20:24,053 - DEBUG - Joint score for alpha[3]: 15.9985
2025-08-11 12:20:27,546 - DEBUG - Joint score for alpha[4]: 15.8397
2025-08-11 12:20:31,037 - DEBUG - Joint score for alpha[5]: 15.8334
2025-08-11 12:20:34,530 - DEBUG - Joint score for alpha[6]: 16.0686
2025-08-11 12:20:38,021 - DEBUG - Joint score for alpha[7]: 15.8626
2025-08-11 12:20:41,513 - DEBUG - Joint score for alpha[8]: 15.7195
2025-08-11 12:20:45,004 - DEBUG - Joint score for alpha[9]: 15.6715
2025-08-11 12:20:48,497 - DEBUG - Joint score for alpha[10]: 15.9174
2025-08-11 12:20:51,989 - DEBUG - Joint score for alpha[11]: 15.7042
2025-08-11 12:20:55,481 - DEBUG - Joint score for alpha[12]: 17.0804
2025-08-11 12:20:58,973 - DEBUG - Joint score for alpha[13]: 15.7771
2025-08-11 12:21:02,466 - DEBUG - Joint score for alpha[14]: 15.7535
2025-08-11 12:21:05,959 - DEBUG - Joint score for alpha[15]: 15.6450
2025-08-11 12:21:12,619 - DEBUG - Joint score for alpha[0]: 16.1666
2025-08-11 12:21:16,114 - DEBUG - Joint score for alpha[1]: 15.5858
2025-08-11 12:21:19,607 - DEBUG - Joint score for alpha[2]: 17.0648
2025-08-11 12:21:23,099 - DEBUG - Joint score for alpha[3]: 15.8179
2025-08-11 12:21:26,593 - DEBUG - Joint score for alpha[4]: 15.6668
2025-08-11 12:21:30,084 - DEBUG - Joint score for alpha[5]: 16.1431
2025-08-11 12:21:33,577 - DEBUG - Joint score for alpha[6]: 15.6411
2025-08-11 12:21:37,069 - DEBUG - Joint score for alpha[7]: 15.9402
2025-08-11 12:21:40,561 - DEBUG - Joint score for alpha[8]: 16.0793
2025-08-11 12:21:44,054 - DEBUG - Joint score for alpha[9]: 15.7987
2025-08-11 12:21:47,550 - DEBUG - Joint score for alpha[10]: 15.7631
2025-08-11 12:21:51,043 - DEBUG - Joint score for alpha[11]: 15.8166
2025-08-11 12:21:54,536 - DEBUG - Joint score for alpha[12]: 15.6261
2025-08-11 12:21:58,031 - DEBUG - Joint score for alpha[13]: 15.6336
2025-08-11 12:22:01,525 - DEBUG - Joint score for alpha[14]: 16.4182
2025-08-11 12:22:05,019 - DEBUG - Joint score for alpha[15]: 16.2995
2025-08-11 12:22:11,725 - DEBUG - Joint score for alpha[0]: 15.9118
2025-08-11 12:22:15,220 - DEBUG - Joint score for alpha[1]: 16.2125
2025-08-11 12:22:18,714 - DEBUG - Joint score for alpha[2]: 15.8975
2025-08-11 12:22:22,208 - DEBUG - Joint score for alpha[3]: 16.2787
2025-08-11 12:22:25,702 - DEBUG - Joint score for alpha[4]: 15.5778
2025-08-11 12:22:29,195 - DEBUG - Joint score for alpha[5]: 15.8603
2025-08-11 12:22:32,689 - DEBUG - Joint score for alpha[6]: 15.7501
2025-08-11 12:22:36,181 - DEBUG - Joint score for alpha[7]: 16.2491
2025-08-11 12:22:39,675 - DEBUG - Joint score for alpha[8]: 16.1364
2025-08-11 12:22:43,168 - DEBUG - Joint score for alpha[9]: 15.8386
2025-08-11 12:22:46,663 - DEBUG - Joint score for alpha[10]: 17.6646
2025-08-11 12:22:50,158 - DEBUG - Joint score for alpha[11]: 16.1040
2025-08-11 12:22:53,652 - DEBUG - Joint score for alpha[12]: 16.1169
2025-08-11 12:22:57,146 - DEBUG - Joint score for alpha[13]: 16.0273
2025-08-11 12:23:00,641 - DEBUG - Joint score for alpha[14]: 15.6908
2025-08-11 12:23:04,136 - DEBUG - Joint score for alpha[15]: 15.8795
2025-08-11 12:23:04,177 - INFO - Step 2/120: mean ENERGY=15.6020
2025-08-11 12:23:04,178 - DEBUG - Beginning Gibbs iteration s = 2
2025-08-11 12:23:16,378 - DEBUG - Joint score for alpha[0]: 15.8976
2025-08-11 12:23:19,872 - DEBUG - Joint score for alpha[1]: 18.0413
2025-08-11 12:23:23,365 - DEBUG - Joint score for alpha[2]: 20.9721
2025-08-11 12:23:26,858 - DEBUG - Joint score for alpha[3]: 17.7638
2025-08-11 12:23:30,351 - DEBUG - Joint score for alpha[4]: 15.8267
2025-08-11 12:23:33,844 - DEBUG - Joint score for alpha[5]: 16.0835
2025-08-11 12:23:37,338 - DEBUG - Joint score for alpha[6]: 15.7807
2025-08-11 12:23:40,830 - DEBUG - Joint score for alpha[7]: 17.0728
2025-08-11 12:23:44,323 - DEBUG - Joint score for alpha[8]: 19.4944
2025-08-11 12:23:47,814 - DEBUG - Joint score for alpha[9]: 15.7970
2025-08-11 12:23:51,310 - DEBUG - Joint score for alpha[10]: 15.9211
2025-08-11 12:23:54,805 - DEBUG - Joint score for alpha[11]: 15.7282
2025-08-11 12:23:58,297 - DEBUG - Joint score for alpha[12]: 15.7690
2025-08-11 12:24:01,791 - DEBUG - Joint score for alpha[13]: 15.8183
2025-08-11 12:24:05,284 - DEBUG - Joint score for alpha[14]: 17.7743
2025-08-11 12:24:08,777 - DEBUG - Joint score for alpha[15]: 17.7938
2025-08-11 12:24:15,338 - DEBUG - Joint score for alpha[0]: 16.2751
2025-08-11 12:24:18,832 - DEBUG - Joint score for alpha[1]: 15.9357
2025-08-11 12:24:22,325 - DEBUG - Joint score for alpha[2]: 15.7922
2025-08-11 12:24:25,818 - DEBUG - Joint score for alpha[3]: 16.1058
2025-08-11 12:24:29,312 - DEBUG - Joint score for alpha[4]: 16.1015
2025-08-11 12:24:32,806 - DEBUG - Joint score for alpha[5]: 15.8295
2025-08-11 12:24:36,300 - DEBUG - Joint score for alpha[6]: 16.4932
2025-08-11 12:24:39,793 - DEBUG - Joint score for alpha[7]: 15.8350
2025-08-11 12:24:43,285 - DEBUG - Joint score for alpha[8]: 15.9323
2025-08-11 12:24:46,778 - DEBUG - Joint score for alpha[9]: 16.0088
2025-08-11 12:24:50,272 - DEBUG - Joint score for alpha[10]: 15.9435
2025-08-11 12:24:53,768 - DEBUG - Joint score for alpha[11]: 15.8812
2025-08-11 12:24:57,262 - DEBUG - Joint score for alpha[12]: 16.0240
2025-08-11 12:25:00,755 - DEBUG - Joint score for alpha[13]: 15.8774
2025-08-11 12:25:04,249 - DEBUG - Joint score for alpha[14]: 15.6229
2025-08-11 12:25:07,743 - DEBUG - Joint score for alpha[15]: 15.9963
2025-08-11 12:25:14,304 - DEBUG - Joint score for alpha[0]: 15.8719
2025-08-11 12:25:17,800 - DEBUG - Joint score for alpha[1]: 16.0037
2025-08-11 12:25:21,294 - DEBUG - Joint score for alpha[2]: 15.7923
2025-08-11 12:25:24,787 - DEBUG - Joint score for alpha[3]: 16.0606
2025-08-11 12:25:28,282 - DEBUG - Joint score for alpha[4]: 16.1006
2025-08-11 12:25:31,775 - DEBUG - Joint score for alpha[5]: 15.9385
2025-08-11 12:25:35,270 - DEBUG - Joint score for alpha[6]: 16.0651
2025-08-11 12:25:38,763 - DEBUG - Joint score for alpha[7]: 15.8353
2025-08-11 12:25:42,256 - DEBUG - Joint score for alpha[8]: 15.9463
2025-08-11 12:25:45,750 - DEBUG - Joint score for alpha[9]: 15.6722
2025-08-11 12:25:49,246 - DEBUG - Joint score for alpha[10]: 15.8919
2025-08-11 12:25:52,741 - DEBUG - Joint score for alpha[11]: 15.9672
2025-08-11 12:25:56,235 - DEBUG - Joint score for alpha[12]: 15.7861
2025-08-11 12:25:59,729 - DEBUG - Joint score for alpha[13]: 15.7314
2025-08-11 12:26:03,223 - DEBUG - Joint score for alpha[14]: 15.7907
2025-08-11 12:26:06,717 - DEBUG - Joint score for alpha[15]: 16.1522
2025-08-11 12:26:13,272 - DEBUG - Joint score for alpha[0]: 15.9967
2025-08-11 12:26:16,768 - DEBUG - Joint score for alpha[1]: 16.1438
2025-08-11 12:26:20,262 - DEBUG - Joint score for alpha[2]: 15.8258
2025-08-11 12:26:23,755 - DEBUG - Joint score for alpha[3]: 15.6624
2025-08-11 12:26:27,249 - DEBUG - Joint score for alpha[4]: 15.8109
2025-08-11 12:26:30,741 - DEBUG - Joint score for alpha[5]: 15.8466
2025-08-11 12:26:34,234 - DEBUG - Joint score for alpha[6]: 15.8229
2025-08-11 12:26:37,727 - DEBUG - Joint score for alpha[7]: 15.8466
2025-08-11 12:26:41,219 - DEBUG - Joint score for alpha[8]: 16.2175
2025-08-11 12:26:44,712 - DEBUG - Joint score for alpha[9]: 16.0370
2025-08-11 12:26:48,205 - DEBUG - Joint score for alpha[10]: 15.8228
2025-08-11 12:26:51,699 - DEBUG - Joint score for alpha[11]: 16.2213
2025-08-11 12:26:55,191 - DEBUG - Joint score for alpha[12]: 17.2490
2025-08-11 12:26:58,683 - DEBUG - Joint score for alpha[13]: 16.1876
2025-08-11 12:27:02,175 - DEBUG - Joint score for alpha[14]: 15.9816
2025-08-11 12:27:05,668 - DEBUG - Joint score for alpha[15]: 15.9370
2025-08-11 12:27:12,218 - DEBUG - Joint score for alpha[0]: 16.0833
2025-08-11 12:27:15,714 - DEBUG - Joint score for alpha[1]: 15.9731
2025-08-11 12:27:19,207 - DEBUG - Joint score for alpha[2]: 15.7342
2025-08-11 12:27:22,700 - DEBUG - Joint score for alpha[3]: 15.9800
2025-08-11 12:27:26,193 - DEBUG - Joint score for alpha[4]: 15.8158
2025-08-11 12:27:29,685 - DEBUG - Joint score for alpha[5]: 16.1213
2025-08-11 12:27:33,179 - DEBUG - Joint score for alpha[6]: 17.5680
2025-08-11 12:27:36,671 - DEBUG - Joint score for alpha[7]: 16.3053
2025-08-11 12:27:40,164 - DEBUG - Joint score for alpha[8]: 16.0265
2025-08-11 12:27:43,657 - DEBUG - Joint score for alpha[9]: 15.9216
2025-08-11 12:27:47,152 - DEBUG - Joint score for alpha[10]: 16.3856
2025-08-11 12:27:50,647 - DEBUG - Joint score for alpha[11]: 16.0648
2025-08-11 12:27:54,141 - DEBUG - Joint score for alpha[12]: 15.6916
2025-08-11 12:27:57,635 - DEBUG - Joint score for alpha[13]: 18.4612
2025-08-11 12:28:01,129 - DEBUG - Joint score for alpha[14]: 15.8507
2025-08-11 12:28:04,623 - DEBUG - Joint score for alpha[15]: 15.8069
2025-08-11 12:28:04,665 - INFO - Step 3/120: mean ENERGY=15.6755
2025-08-11 12:28:04,670 - DEBUG - Beginning Gibbs iteration s = 3
2025-08-11 12:28:17,306 - DEBUG - Joint score for alpha[0]: 15.8116
2025-08-11 12:28:20,800 - DEBUG - Joint score for alpha[1]: 16.1146
2025-08-11 12:28:24,292 - DEBUG - Joint score for alpha[2]: 16.0833
2025-08-11 12:28:27,783 - DEBUG - Joint score for alpha[3]: 16.8222
2025-08-11 12:28:31,276 - DEBUG - Joint score for alpha[4]: 17.0193
2025-08-11 12:28:34,766 - DEBUG - Joint score for alpha[5]: 16.2875
2025-08-11 12:28:38,257 - DEBUG - Joint score for alpha[6]: 15.8284
2025-08-11 12:28:41,748 - DEBUG - Joint score for alpha[7]: 16.8710
2025-08-11 12:28:45,239 - DEBUG - Joint score for alpha[8]: 16.1477
2025-08-11 12:28:48,729 - DEBUG - Joint score for alpha[9]: 15.9574
2025-08-11 12:28:52,223 - DEBUG - Joint score for alpha[10]: 15.8763
2025-08-11 12:28:55,715 - DEBUG - Joint score for alpha[11]: 15.9859
2025-08-11 12:28:59,206 - DEBUG - Joint score for alpha[12]: 15.7606
2025-08-11 12:29:02,698 - DEBUG - Joint score for alpha[13]: 17.4109
2025-08-11 12:29:06,191 - DEBUG - Joint score for alpha[14]: 16.3659
2025-08-11 12:29:09,683 - DEBUG - Joint score for alpha[15]: 16.1808
2025-08-11 12:29:16,415 - DEBUG - Joint score for alpha[0]: 15.8716
2025-08-11 12:29:19,912 - DEBUG - Joint score for alpha[1]: 15.8421
2025-08-11 12:29:23,406 - DEBUG - Joint score for alpha[2]: 15.8708
2025-08-11 12:29:26,899 - DEBUG - Joint score for alpha[3]: 15.7656
2025-08-11 12:29:30,394 - DEBUG - Joint score for alpha[4]: 15.8765
2025-08-11 12:29:33,887 - DEBUG - Joint score for alpha[5]: 15.7711
2025-08-11 12:29:37,380 - DEBUG - Joint score for alpha[6]: 15.9329
2025-08-11 12:29:40,873 - DEBUG - Joint score for alpha[7]: 15.8601
2025-08-11 12:29:44,366 - DEBUG - Joint score for alpha[8]: 15.8629
2025-08-11 12:29:47,859 - DEBUG - Joint score for alpha[9]: 15.9911
2025-08-11 12:29:51,354 - DEBUG - Joint score for alpha[10]: 15.8688
2025-08-11 12:29:54,848 - DEBUG - Joint score for alpha[11]: 15.8210
2025-08-11 12:29:58,341 - DEBUG - Joint score for alpha[12]: 16.0664
2025-08-11 12:30:01,836 - DEBUG - Joint score for alpha[13]: 15.8820
2025-08-11 12:30:05,330 - DEBUG - Joint score for alpha[14]: 15.8729
2025-08-11 12:30:08,824 - DEBUG - Joint score for alpha[15]: 15.7197
2025-08-11 12:30:15,378 - DEBUG - Joint score for alpha[0]: 15.7255
2025-08-11 12:30:18,873 - DEBUG - Joint score for alpha[1]: 15.8951
2025-08-11 12:30:22,367 - DEBUG - Joint score for alpha[2]: 15.8187
2025-08-11 12:30:25,859 - DEBUG - Joint score for alpha[3]: 15.8317
2025-08-11 12:30:29,354 - DEBUG - Joint score for alpha[4]: 16.0754
2025-08-11 12:30:32,847 - DEBUG - Joint score for alpha[5]: 15.8841
2025-08-11 12:30:36,343 - DEBUG - Joint score for alpha[6]: 15.8559
2025-08-11 12:30:39,836 - DEBUG - Joint score for alpha[7]: 15.9129
2025-08-11 12:30:43,329 - DEBUG - Joint score for alpha[8]: 15.7743
2025-08-11 12:30:46,822 - DEBUG - Joint score for alpha[9]: 16.1718
2025-08-11 12:30:50,317 - DEBUG - Joint score for alpha[10]: 15.6673
2025-08-11 12:30:53,813 - DEBUG - Joint score for alpha[11]: 15.8315
2025-08-11 12:30:57,306 - DEBUG - Joint score for alpha[12]: 15.8736
2025-08-11 12:31:00,799 - DEBUG - Joint score for alpha[13]: 16.0755
2025-08-11 12:31:04,293 - DEBUG - Joint score for alpha[14]: 15.7460
2025-08-11 12:31:07,787 - DEBUG - Joint score for alpha[15]: 15.6258
2025-08-11 12:31:14,339 - DEBUG - Joint score for alpha[0]: 15.9705
2025-08-11 12:31:17,835 - DEBUG - Joint score for alpha[1]: 15.8080
2025-08-11 12:31:21,329 - DEBUG - Joint score for alpha[2]: 15.7561
2025-08-11 12:31:24,822 - DEBUG - Joint score for alpha[3]: 15.7928
2025-08-11 12:31:28,316 - DEBUG - Joint score for alpha[4]: 15.9045
2025-08-11 12:31:31,808 - DEBUG - Joint score for alpha[5]: 15.8806
2025-08-11 12:31:35,301 - DEBUG - Joint score for alpha[6]: 16.0406
2025-08-11 12:31:38,794 - DEBUG - Joint score for alpha[7]: 16.0121
2025-08-11 12:31:42,287 - DEBUG - Joint score for alpha[8]: 15.8115
2025-08-11 12:31:45,779 - DEBUG - Joint score for alpha[9]: 15.9529
2025-08-11 12:31:49,274 - DEBUG - Joint score for alpha[10]: 15.8177
2025-08-11 12:31:52,769 - DEBUG - Joint score for alpha[11]: 15.9168
2025-08-11 12:31:56,262 - DEBUG - Joint score for alpha[12]: 16.2274
2025-08-11 12:31:59,756 - DEBUG - Joint score for alpha[13]: 16.1776
2025-08-11 12:32:03,250 - DEBUG - Joint score for alpha[14]: 15.9263
2025-08-11 12:32:06,743 - DEBUG - Joint score for alpha[15]: 15.8625
2025-08-11 12:32:13,284 - DEBUG - Joint score for alpha[0]: 15.9230
2025-08-11 12:32:16,779 - DEBUG - Joint score for alpha[1]: 16.1199
2025-08-11 12:32:20,270 - DEBUG - Joint score for alpha[2]: 16.0493
2025-08-11 12:32:23,759 - DEBUG - Joint score for alpha[3]: 15.8331
2025-08-11 12:32:27,250 - DEBUG - Joint score for alpha[4]: 15.9237
2025-08-11 12:32:30,740 - DEBUG - Joint score for alpha[5]: 15.9897
2025-08-11 12:32:34,230 - DEBUG - Joint score for alpha[6]: 15.9273
2025-08-11 12:32:37,720 - DEBUG - Joint score for alpha[7]: 15.8670
2025-08-11 12:32:41,210 - DEBUG - Joint score for alpha[8]: 16.1394
2025-08-11 12:32:44,699 - DEBUG - Joint score for alpha[9]: 16.0965
2025-08-11 12:32:48,192 - DEBUG - Joint score for alpha[10]: 15.9249
2025-08-11 12:32:51,684 - DEBUG - Joint score for alpha[11]: 16.0884
2025-08-11 12:32:55,175 - DEBUG - Joint score for alpha[12]: 15.8763
2025-08-11 12:32:58,667 - DEBUG - Joint score for alpha[13]: 15.9228
2025-08-11 12:33:02,159 - DEBUG - Joint score for alpha[14]: 16.2255
2025-08-11 12:33:05,650 - DEBUG - Joint score for alpha[15]: 15.9833
2025-08-11 12:33:05,691 - INFO - Step 4/120: mean ENERGY=15.7391
2025-08-11 12:33:05,692 - DEBUG - Beginning Gibbs iteration s = 4
2025-08-11 12:33:17,625 - DEBUG - Joint score for alpha[0]: 16.1612
2025-08-11 12:33:21,119 - DEBUG - Joint score for alpha[1]: 16.3968
2025-08-11 12:33:24,612 - DEBUG - Joint score for alpha[2]: 17.5023
2025-08-11 12:33:28,103 - DEBUG - Joint score for alpha[3]: 15.7781
2025-08-11 12:33:31,596 - DEBUG - Joint score for alpha[4]: 15.9494
2025-08-11 12:33:35,087 - DEBUG - Joint score for alpha[5]: 16.6081
2025-08-11 12:33:38,579 - DEBUG - Joint score for alpha[6]: 15.6784
2025-08-11 12:33:42,070 - DEBUG - Joint score for alpha[7]: 15.8551
2025-08-11 12:33:45,561 - DEBUG - Joint score for alpha[8]: 15.9912
2025-08-11 12:33:49,051 - DEBUG - Joint score for alpha[9]: 15.7155
2025-08-11 12:33:52,543 - DEBUG - Joint score for alpha[10]: 18.0903
2025-08-11 12:33:56,035 - DEBUG - Joint score for alpha[11]: 15.9756
2025-08-11 12:33:59,526 - DEBUG - Joint score for alpha[12]: 15.8927
2025-08-11 12:34:03,016 - DEBUG - Joint score for alpha[13]: 16.0444
2025-08-11 12:34:06,504 - DEBUG - Joint score for alpha[14]: 16.2143
2025-08-11 12:34:09,993 - DEBUG - Joint score for alpha[15]: 16.0193
2025-08-11 12:34:16,505 - DEBUG - Joint score for alpha[0]: 15.9674
2025-08-11 12:34:19,998 - DEBUG - Joint score for alpha[1]: 16.0509
2025-08-11 12:34:23,491 - DEBUG - Joint score for alpha[2]: 15.9836
2025-08-11 12:34:26,983 - DEBUG - Joint score for alpha[3]: 16.1622
2025-08-11 12:34:30,476 - DEBUG - Joint score for alpha[4]: 16.0949
2025-08-11 12:34:33,966 - DEBUG - Joint score for alpha[5]: 15.8652
2025-08-11 12:34:37,458 - DEBUG - Joint score for alpha[6]: 16.5967
2025-08-11 12:34:40,949 - DEBUG - Joint score for alpha[7]: 15.9227
2025-08-11 12:34:44,440 - DEBUG - Joint score for alpha[8]: 15.6934
2025-08-11 12:34:47,931 - DEBUG - Joint score for alpha[9]: 16.0046
2025-08-11 12:34:51,424 - DEBUG - Joint score for alpha[10]: 16.0686
2025-08-11 12:34:54,917 - DEBUG - Joint score for alpha[11]: 15.9224
2025-08-11 12:34:58,409 - DEBUG - Joint score for alpha[12]: 15.9764
2025-08-11 12:35:01,900 - DEBUG - Joint score for alpha[13]: 15.6739
2025-08-11 12:35:05,392 - DEBUG - Joint score for alpha[14]: 15.8173
2025-08-11 12:35:08,884 - DEBUG - Joint score for alpha[15]: 16.0003
2025-08-11 12:35:15,508 - DEBUG - Joint score for alpha[0]: 15.5926
2025-08-11 12:35:19,004 - DEBUG - Joint score for alpha[1]: 15.8360
2025-08-11 12:35:22,497 - DEBUG - Joint score for alpha[2]: 16.1750
2025-08-11 12:35:25,990 - DEBUG - Joint score for alpha[3]: 15.7476
2025-08-11 12:35:29,484 - DEBUG - Joint score for alpha[4]: 15.7106
2025-08-11 12:35:32,977 - DEBUG - Joint score for alpha[5]: 15.7457
2025-08-11 12:35:36,471 - DEBUG - Joint score for alpha[6]: 16.0023
2025-08-11 12:35:39,964 - DEBUG - Joint score for alpha[7]: 15.8946
2025-08-11 12:35:43,455 - DEBUG - Joint score for alpha[8]: 15.8047
2025-08-11 12:35:46,948 - DEBUG - Joint score for alpha[9]: 16.0101
2025-08-11 12:35:50,443 - DEBUG - Joint score for alpha[10]: 15.7552
2025-08-11 12:35:53,936 - DEBUG - Joint score for alpha[11]: 16.0530
2025-08-11 12:35:57,426 - DEBUG - Joint score for alpha[12]: 16.0488
2025-08-11 12:36:00,918 - DEBUG - Joint score for alpha[13]: 15.9539
2025-08-11 12:36:04,412 - DEBUG - Joint score for alpha[14]: 15.9222
2025-08-11 12:36:07,905 - DEBUG - Joint score for alpha[15]: 15.8183
2025-08-11 12:36:14,424 - DEBUG - Joint score for alpha[0]: 15.8090
2025-08-11 12:36:17,918 - DEBUG - Joint score for alpha[1]: 16.0150
2025-08-11 12:36:21,412 - DEBUG - Joint score for alpha[2]: 15.7889
2025-08-11 12:36:24,905 - DEBUG - Joint score for alpha[3]: 17.1023
2025-08-11 12:36:28,398 - DEBUG - Joint score for alpha[4]: 15.8793
2025-08-11 12:36:31,890 - DEBUG - Joint score for alpha[5]: 15.8271
2025-08-11 12:36:35,384 - DEBUG - Joint score for alpha[6]: 15.7635
2025-08-11 12:36:38,875 - DEBUG - Joint score for alpha[7]: 15.9388
2025-08-11 12:36:42,367 - DEBUG - Joint score for alpha[8]: 16.0056
2025-08-11 12:36:45,858 - DEBUG - Joint score for alpha[9]: 16.3567
2025-08-11 12:36:49,351 - DEBUG - Joint score for alpha[10]: 15.8914
2025-08-11 12:36:52,844 - DEBUG - Joint score for alpha[11]: 15.7986
2025-08-11 12:36:56,336 - DEBUG - Joint score for alpha[12]: 15.5863
2025-08-11 12:36:59,828 - DEBUG - Joint score for alpha[13]: 15.9161
2025-08-11 12:37:03,320 - DEBUG - Joint score for alpha[14]: 15.8205
2025-08-11 12:37:06,812 - DEBUG - Joint score for alpha[15]: 16.2549
2025-08-11 12:37:13,324 - DEBUG - Joint score for alpha[0]: 15.7904
2025-08-11 12:37:16,820 - DEBUG - Joint score for alpha[1]: 15.7839
2025-08-11 12:37:20,312 - DEBUG - Joint score for alpha[2]: 15.6750
2025-08-11 12:37:23,804 - DEBUG - Joint score for alpha[3]: 16.1161
2025-08-11 12:37:27,298 - DEBUG - Joint score for alpha[4]: 15.6879
2025-08-11 12:37:30,790 - DEBUG - Joint score for alpha[5]: 16.4668
2025-08-11 12:37:34,283 - DEBUG - Joint score for alpha[6]: 16.3212
2025-08-11 12:37:37,775 - DEBUG - Joint score for alpha[7]: 15.9385
2025-08-11 12:37:41,267 - DEBUG - Joint score for alpha[8]: 16.5978
2025-08-11 12:37:44,759 - DEBUG - Joint score for alpha[9]: 16.0978
2025-08-11 12:37:48,254 - DEBUG - Joint score for alpha[10]: 16.0365
2025-08-11 12:37:51,748 - DEBUG - Joint score for alpha[11]: 15.7882
2025-08-11 12:37:55,240 - DEBUG - Joint score for alpha[12]: 15.7485
2025-08-11 12:37:58,733 - DEBUG - Joint score for alpha[13]: 15.8486
2025-08-11 12:38:02,226 - DEBUG - Joint score for alpha[14]: 15.7137
2025-08-11 12:38:05,718 - DEBUG - Joint score for alpha[15]: 16.0057
2025-08-11 12:38:05,759 - INFO - Step 5/120: mean ENERGY=15.6413
2025-08-11 12:38:05,760 - DEBUG - Beginning Gibbs iteration s = 5
2025-08-11 12:38:10,548 - DEBUG - Proposal variance adapted: 0.085
2025-08-11 12:38:17,017 - DEBUG - Joint score for alpha[0]: 15.9908
2025-08-11 12:38:20,511 - DEBUG - Joint score for alpha[1]: 17.4866
2025-08-11 12:38:24,004 - DEBUG - Joint score for alpha[2]: 15.9906
2025-08-11 12:38:27,497 - DEBUG - Joint score for alpha[3]: 16.3016
2025-08-11 12:38:30,991 - DEBUG - Joint score for alpha[4]: 16.6195
2025-08-11 12:38:34,484 - DEBUG - Joint score for alpha[5]: 17.0174
2025-08-11 12:38:37,979 - DEBUG - Joint score for alpha[6]: 16.2790
2025-08-11 12:38:41,472 - DEBUG - Joint score for alpha[7]: 16.2887
2025-08-11 12:38:44,966 - DEBUG - Joint score for alpha[8]: 16.3349
2025-08-11 12:38:48,458 - DEBUG - Joint score for alpha[9]: 15.8190
2025-08-11 12:38:51,954 - DEBUG - Joint score for alpha[10]: 17.0552
2025-08-11 12:38:55,450 - DEBUG - Joint score for alpha[11]: 16.2150
2025-08-11 12:38:58,943 - DEBUG - Joint score for alpha[12]: 16.2406
2025-08-11 12:39:02,438 - DEBUG - Joint score for alpha[13]: 16.2562
2025-08-11 12:39:05,934 - DEBUG - Joint score for alpha[14]: 16.0867
2025-08-11 12:39:09,430 - DEBUG - Joint score for alpha[15]: 16.2243
2025-08-11 12:39:15,980 - DEBUG - Joint score for alpha[0]: 16.1393
2025-08-11 12:39:19,473 - DEBUG - Joint score for alpha[1]: 16.0876
2025-08-11 12:39:22,966 - DEBUG - Joint score for alpha[2]: 16.1051
2025-08-11 12:39:26,459 - DEBUG - Joint score for alpha[3]: 16.3794
2025-08-11 12:39:29,951 - DEBUG - Joint score for alpha[4]: 16.2164
2025-08-11 12:39:33,442 - DEBUG - Joint score for alpha[5]: 15.9303
2025-08-11 12:39:36,934 - DEBUG - Joint score for alpha[6]: 16.0855
2025-08-11 12:39:40,425 - DEBUG - Joint score for alpha[7]: 17.3799
2025-08-11 12:39:43,914 - DEBUG - Joint score for alpha[8]: 16.0847
2025-08-11 12:39:47,404 - DEBUG - Joint score for alpha[9]: 15.9255
2025-08-11 12:39:50,896 - DEBUG - Joint score for alpha[10]: 16.5272
2025-08-11 12:39:54,387 - DEBUG - Joint score for alpha[11]: 16.1605
2025-08-11 12:39:57,877 - DEBUG - Joint score for alpha[12]: 16.3518
2025-08-11 12:40:01,367 - DEBUG - Joint score for alpha[13]: 16.1917
2025-08-11 12:40:04,857 - DEBUG - Joint score for alpha[14]: 16.2087
2025-08-11 12:40:08,347 - DEBUG - Joint score for alpha[15]: 15.9856
2025-08-11 12:40:15,042 - DEBUG - Joint score for alpha[0]: 16.6364
2025-08-11 12:40:18,535 - DEBUG - Joint score for alpha[1]: 15.9201
2025-08-11 12:40:22,028 - DEBUG - Joint score for alpha[2]: 16.0176
2025-08-11 12:40:25,521 - DEBUG - Joint score for alpha[3]: 16.3019
2025-08-11 12:40:29,014 - DEBUG - Joint score for alpha[4]: 16.1086
2025-08-11 12:40:32,505 - DEBUG - Joint score for alpha[5]: 16.3662
2025-08-11 12:40:35,996 - DEBUG - Joint score for alpha[6]: 17.9452
2025-08-11 12:40:39,485 - DEBUG - Joint score for alpha[7]: 16.2209
2025-08-11 12:40:42,974 - DEBUG - Joint score for alpha[8]: 16.0206
2025-08-11 12:40:46,463 - DEBUG - Joint score for alpha[9]: 16.0603
2025-08-11 12:40:49,955 - DEBUG - Joint score for alpha[10]: 16.0114
2025-08-11 12:40:53,445 - DEBUG - Joint score for alpha[11]: 16.6718
2025-08-11 12:40:56,933 - DEBUG - Joint score for alpha[12]: 15.9240
2025-08-11 12:41:00,424 - DEBUG - Joint score for alpha[13]: 16.1648
2025-08-11 12:41:03,914 - DEBUG - Joint score for alpha[14]: 16.0964
2025-08-11 12:41:07,403 - DEBUG - Joint score for alpha[15]: 16.0264
2025-08-11 12:41:14,000 - DEBUG - Joint score for alpha[0]: 15.9847
2025-08-11 12:41:17,495 - DEBUG - Joint score for alpha[1]: 16.1550
2025-08-11 12:41:20,987 - DEBUG - Joint score for alpha[2]: 17.1435
2025-08-11 12:41:24,478 - DEBUG - Joint score for alpha[3]: 16.2603
2025-08-11 12:41:27,970 - DEBUG - Joint score for alpha[4]: 17.4687
2025-08-11 12:41:31,459 - DEBUG - Joint score for alpha[5]: 16.3931
2025-08-11 12:41:34,948 - DEBUG - Joint score for alpha[6]: 16.1630
2025-08-11 12:41:38,438 - DEBUG - Joint score for alpha[7]: 16.8590
2025-08-11 12:41:41,927 - DEBUG - Joint score for alpha[8]: 16.0810
2025-08-11 12:41:45,417 - DEBUG - Joint score for alpha[9]: 15.9211
2025-08-11 12:41:48,909 - DEBUG - Joint score for alpha[10]: 16.2678
2025-08-11 12:41:52,399 - DEBUG - Joint score for alpha[11]: 16.2358
2025-08-11 12:41:55,889 - DEBUG - Joint score for alpha[12]: 16.2148
2025-08-11 12:41:59,379 - DEBUG - Joint score for alpha[13]: 16.1292
2025-08-11 12:42:02,870 - DEBUG - Joint score for alpha[14]: 16.3051
2025-08-11 12:42:06,360 - DEBUG - Joint score for alpha[15]: 16.3483
2025-08-11 12:42:12,876 - DEBUG - Joint score for alpha[0]: 16.4391
2025-08-11 12:42:16,370 - DEBUG - Joint score for alpha[1]: 16.4879
2025-08-11 12:42:19,862 - DEBUG - Joint score for alpha[2]: 16.1815
2025-08-11 12:42:23,355 - DEBUG - Joint score for alpha[3]: 16.1563
2025-08-11 12:42:26,848 - DEBUG - Joint score for alpha[4]: 16.2012
2025-08-11 12:42:30,338 - DEBUG - Joint score for alpha[5]: 16.3249
2025-08-11 12:42:33,833 - DEBUG - Joint score for alpha[6]: 16.5958
2025-08-11 12:42:37,325 - DEBUG - Joint score for alpha[7]: 16.3722
2025-08-11 12:42:40,817 - DEBUG - Joint score for alpha[8]: 16.2481
2025-08-11 12:42:44,308 - DEBUG - Joint score for alpha[9]: 16.3850
2025-08-11 12:42:47,801 - DEBUG - Joint score for alpha[10]: 16.7521
2025-08-11 12:42:51,292 - DEBUG - Joint score for alpha[11]: 16.4422
2025-08-11 12:42:54,782 - DEBUG - Joint score for alpha[12]: 17.1713
2025-08-11 12:42:58,272 - DEBUG - Joint score for alpha[13]: 16.1071
2025-08-11 12:43:01,763 - DEBUG - Joint score for alpha[14]: 16.6348
2025-08-11 12:43:05,254 - DEBUG - Joint score for alpha[15]: 16.4753
2025-08-11 12:43:05,295 - INFO - Step 6/120: mean ENERGY=15.9386
2025-08-11 12:43:05,296 - DEBUG - Beginning Gibbs iteration s = 6
2025-08-11 12:43:16,015 - DEBUG - Joint score for alpha[0]: 17.4671
2025-08-11 12:43:19,509 - DEBUG - Joint score for alpha[1]: 17.3304
2025-08-11 12:43:23,002 - DEBUG - Joint score for alpha[2]: 15.7461
2025-08-11 12:43:26,493 - DEBUG - Joint score for alpha[3]: 15.9777
2025-08-11 12:43:29,988 - DEBUG - Joint score for alpha[4]: 15.9931
2025-08-11 12:43:33,479 - DEBUG - Joint score for alpha[5]: 15.8125
2025-08-11 12:43:36,973 - DEBUG - Joint score for alpha[6]: 15.8947
2025-08-11 12:43:40,464 - DEBUG - Joint score for alpha[7]: 15.6585
2025-08-11 12:43:43,956 - DEBUG - Joint score for alpha[8]: 15.6933
2025-08-11 12:43:47,447 - DEBUG - Joint score for alpha[9]: 20.4104
2025-08-11 12:43:50,941 - DEBUG - Joint score for alpha[10]: 16.9733
2025-08-11 12:43:54,435 - DEBUG - Joint score for alpha[11]: 15.7216
2025-08-11 12:43:57,926 - DEBUG - Joint score for alpha[12]: 17.5757
2025-08-11 12:44:01,419 - DEBUG - Joint score for alpha[13]: 15.7735
2025-08-11 12:44:04,912 - DEBUG - Joint score for alpha[14]: 16.7935
2025-08-11 12:44:08,404 - DEBUG - Joint score for alpha[15]: 16.0625
2025-08-11 12:44:14,922 - DEBUG - Joint score for alpha[0]: 15.8338
2025-08-11 12:44:18,417 - DEBUG - Joint score for alpha[1]: 15.8390
2025-08-11 12:44:21,909 - DEBUG - Joint score for alpha[2]: 16.0512
2025-08-11 12:44:25,401 - DEBUG - Joint score for alpha[3]: 16.3492
2025-08-11 12:44:28,894 - DEBUG - Joint score for alpha[4]: 16.1501
2025-08-11 12:44:32,385 - DEBUG - Joint score for alpha[5]: 16.0060
2025-08-11 12:44:35,878 - DEBUG - Joint score for alpha[6]: 15.8466
2025-08-11 12:44:39,370 - DEBUG - Joint score for alpha[7]: 16.0307
2025-08-11 12:44:42,863 - DEBUG - Joint score for alpha[8]: 15.9744
2025-08-11 12:44:46,355 - DEBUG - Joint score for alpha[9]: 15.9432
2025-08-11 12:44:49,849 - DEBUG - Joint score for alpha[10]: 15.7905
2025-08-11 12:44:53,344 - DEBUG - Joint score for alpha[11]: 16.6918
2025-08-11 12:44:56,836 - DEBUG - Joint score for alpha[12]: 16.0352
2025-08-11 12:45:00,329 - DEBUG - Joint score for alpha[13]: 15.9464
2025-08-11 12:45:03,820 - DEBUG - Joint score for alpha[14]: 15.8712
2025-08-11 12:45:07,308 - DEBUG - Joint score for alpha[15]: 17.0989
2025-08-11 12:45:13,831 - DEBUG - Joint score for alpha[0]: 15.8510
2025-08-11 12:45:17,327 - DEBUG - Joint score for alpha[1]: 16.0127
2025-08-11 12:45:20,821 - DEBUG - Joint score for alpha[2]: 15.8409
2025-08-11 12:45:24,313 - DEBUG - Joint score for alpha[3]: 15.8909
2025-08-11 12:45:27,806 - DEBUG - Joint score for alpha[4]: 15.8359
2025-08-11 12:45:31,296 - DEBUG - Joint score for alpha[5]: 15.8401
2025-08-11 12:45:34,787 - DEBUG - Joint score for alpha[6]: 16.3035
2025-08-11 12:45:38,277 - DEBUG - Joint score for alpha[7]: 15.7733
2025-08-11 12:45:41,767 - DEBUG - Joint score for alpha[8]: 15.7891
2025-08-11 12:45:45,257 - DEBUG - Joint score for alpha[9]: 15.9126
2025-08-11 12:45:48,748 - DEBUG - Joint score for alpha[10]: 15.8910
2025-08-11 12:45:52,239 - DEBUG - Joint score for alpha[11]: 16.0055
2025-08-11 12:45:55,728 - DEBUG - Joint score for alpha[12]: 15.8332
2025-08-11 12:45:59,218 - DEBUG - Joint score for alpha[13]: 15.8423
2025-08-11 12:46:02,709 - DEBUG - Joint score for alpha[14]: 15.8920
2025-08-11 12:46:06,200 - DEBUG - Joint score for alpha[15]: 15.8884
2025-08-11 12:46:12,718 - DEBUG - Joint score for alpha[0]: 15.9767
2025-08-11 12:46:16,214 - DEBUG - Joint score for alpha[1]: 16.1444
2025-08-11 12:46:19,707 - DEBUG - Joint score for alpha[2]: 15.8140
2025-08-11 12:46:23,201 - DEBUG - Joint score for alpha[3]: 15.9236
2025-08-11 12:46:26,696 - DEBUG - Joint score for alpha[4]: 16.0374
2025-08-11 12:46:30,188 - DEBUG - Joint score for alpha[5]: 15.9989
2025-08-11 12:46:33,680 - DEBUG - Joint score for alpha[6]: 16.1969
2025-08-11 12:46:37,170 - DEBUG - Joint score for alpha[7]: 15.9842
2025-08-11 12:46:40,660 - DEBUG - Joint score for alpha[8]: 15.9029
2025-08-11 12:46:44,150 - DEBUG - Joint score for alpha[9]: 15.8066
2025-08-11 12:46:47,643 - DEBUG - Joint score for alpha[10]: 15.7241
2025-08-11 12:46:51,135 - DEBUG - Joint score for alpha[11]: 16.1329
2025-08-11 12:46:54,625 - DEBUG - Joint score for alpha[12]: 16.2092
2025-08-11 12:46:58,116 - DEBUG - Joint score for alpha[13]: 16.0229
2025-08-11 12:47:01,607 - DEBUG - Joint score for alpha[14]: 16.0416
2025-08-11 12:47:05,098 - DEBUG - Joint score for alpha[15]: 16.0079
2025-08-11 12:47:11,734 - DEBUG - Joint score for alpha[0]: 15.7547
2025-08-11 12:47:15,229 - DEBUG - Joint score for alpha[1]: 16.0396
2025-08-11 12:47:18,724 - DEBUG - Joint score for alpha[2]: 15.9631
2025-08-11 12:47:22,218 - DEBUG - Joint score for alpha[3]: 15.9097
2025-08-11 12:47:25,712 - DEBUG - Joint score for alpha[4]: 16.0445
2025-08-11 12:47:29,206 - DEBUG - Joint score for alpha[5]: 15.9492
2025-08-11 12:47:32,699 - DEBUG - Joint score for alpha[6]: 17.2896
2025-08-11 12:47:36,191 - DEBUG - Joint score for alpha[7]: 16.1261
2025-08-11 12:47:39,683 - DEBUG - Joint score for alpha[8]: 15.9546
2025-08-11 12:47:43,172 - DEBUG - Joint score for alpha[9]: 16.3202
2025-08-11 12:47:46,664 - DEBUG - Joint score for alpha[10]: 15.8137
2025-08-11 12:47:50,155 - DEBUG - Joint score for alpha[11]: 16.1966
2025-08-11 12:47:53,644 - DEBUG - Joint score for alpha[12]: 15.9467
2025-08-11 12:47:57,133 - DEBUG - Joint score for alpha[13]: 16.0520
2025-08-11 12:48:00,624 - DEBUG - Joint score for alpha[14]: 16.1059
2025-08-11 12:48:04,114 - DEBUG - Joint score for alpha[15]: 15.9723
2025-08-11 12:48:04,154 - INFO - Step 7/120: mean ENERGY=15.7402
2025-08-11 12:48:04,155 - DEBUG - Beginning Gibbs iteration s = 7
2025-08-11 12:48:16,578 - DEBUG - Joint score for alpha[0]: 17.5774
2025-08-11 12:48:20,071 - DEBUG - Joint score for alpha[1]: 15.5639
2025-08-11 12:48:23,562 - DEBUG - Joint score for alpha[2]: 20.2601
2025-08-11 12:48:27,054 - DEBUG - Joint score for alpha[3]: 16.6163
2025-08-11 12:48:30,545 - DEBUG - Joint score for alpha[4]: 15.5588
2025-08-11 12:48:34,036 - DEBUG - Joint score for alpha[5]: 17.4238
2025-08-11 12:48:37,528 - DEBUG - Joint score for alpha[6]: 15.8865
2025-08-11 12:48:41,020 - DEBUG - Joint score for alpha[7]: 19.9715
2025-08-11 12:48:44,511 - DEBUG - Joint score for alpha[8]: 16.2504
2025-08-11 12:48:48,003 - DEBUG - Joint score for alpha[9]: 15.8788
2025-08-11 12:48:51,497 - DEBUG - Joint score for alpha[10]: 16.3068
2025-08-11 12:48:54,992 - DEBUG - Joint score for alpha[11]: 15.7436
2025-08-11 12:48:58,484 - DEBUG - Joint score for alpha[12]: 15.9153
2025-08-11 12:49:01,977 - DEBUG - Joint score for alpha[13]: 15.9030
2025-08-11 12:49:05,471 - DEBUG - Joint score for alpha[14]: 19.8497
2025-08-11 12:49:08,964 - DEBUG - Joint score for alpha[15]: 15.7227
2025-08-11 12:49:15,520 - DEBUG - Joint score for alpha[0]: 15.6606
2025-08-11 12:49:19,016 - DEBUG - Joint score for alpha[1]: 16.1654
2025-08-11 12:49:22,510 - DEBUG - Joint score for alpha[2]: 15.6753
2025-08-11 12:49:26,001 - DEBUG - Joint score for alpha[3]: 15.7548
2025-08-11 12:49:29,492 - DEBUG - Joint score for alpha[4]: 15.7338
2025-08-11 12:49:32,982 - DEBUG - Joint score for alpha[5]: 15.7993
2025-08-11 12:49:36,473 - DEBUG - Joint score for alpha[6]: 15.7527
2025-08-11 12:49:39,964 - DEBUG - Joint score for alpha[7]: 15.8604
2025-08-11 12:49:43,454 - DEBUG - Joint score for alpha[8]: 15.7931
2025-08-11 12:49:46,944 - DEBUG - Joint score for alpha[9]: 15.6503
2025-08-11 12:49:50,436 - DEBUG - Joint score for alpha[10]: 15.4816
2025-08-11 12:49:53,929 - DEBUG - Joint score for alpha[11]: 15.7038
2025-08-11 12:49:57,419 - DEBUG - Joint score for alpha[12]: 15.5883
2025-08-11 12:50:00,911 - DEBUG - Joint score for alpha[13]: 15.8650
2025-08-11 12:50:04,402 - DEBUG - Joint score for alpha[14]: 15.8230
2025-08-11 12:50:07,893 - DEBUG - Joint score for alpha[15]: 15.6047
2025-08-11 12:50:14,442 - DEBUG - Joint score for alpha[0]: 15.7012
2025-08-11 12:50:17,938 - DEBUG - Joint score for alpha[1]: 15.9800
2025-08-11 12:50:21,432 - DEBUG - Joint score for alpha[2]: 15.8059
2025-08-11 12:50:24,925 - DEBUG - Joint score for alpha[3]: 15.7369
2025-08-11 12:50:28,420 - DEBUG - Joint score for alpha[4]: 15.9320
2025-08-11 12:50:31,914 - DEBUG - Joint score for alpha[5]: 15.8535
2025-08-11 12:50:35,406 - DEBUG - Joint score for alpha[6]: 15.7569
2025-08-11 12:50:38,896 - DEBUG - Joint score for alpha[7]: 15.7397
2025-08-11 12:50:42,386 - DEBUG - Joint score for alpha[8]: 15.6595
2025-08-11 12:50:45,875 - DEBUG - Joint score for alpha[9]: 15.9170
2025-08-11 12:50:49,367 - DEBUG - Joint score for alpha[10]: 15.7528
2025-08-11 12:50:52,858 - DEBUG - Joint score for alpha[11]: 15.8584
2025-08-11 12:50:56,348 - DEBUG - Joint score for alpha[12]: 15.6000
2025-08-11 12:50:59,840 - DEBUG - Joint score for alpha[13]: 15.8707
2025-08-11 12:51:03,332 - DEBUG - Joint score for alpha[14]: 15.6998
2025-08-11 12:51:06,823 - DEBUG - Joint score for alpha[15]: 15.5972
2025-08-11 12:51:13,378 - DEBUG - Joint score for alpha[0]: 15.7770
2025-08-11 12:51:16,875 - DEBUG - Joint score for alpha[1]: 15.6561
2025-08-11 12:51:20,367 - DEBUG - Joint score for alpha[2]: 15.7638
2025-08-11 12:51:23,859 - DEBUG - Joint score for alpha[3]: 15.7955
2025-08-11 12:51:27,350 - DEBUG - Joint score for alpha[4]: 15.7549
2025-08-11 12:51:30,842 - DEBUG - Joint score for alpha[5]: 15.6896
2025-08-11 12:51:34,335 - DEBUG - Joint score for alpha[6]: 15.8168
2025-08-11 12:51:37,827 - DEBUG - Joint score for alpha[7]: 15.7483
2025-08-11 12:51:41,319 - DEBUG - Joint score for alpha[8]: 15.6342
2025-08-11 12:51:44,811 - DEBUG - Joint score for alpha[9]: 15.6355
2025-08-11 12:51:48,305 - DEBUG - Joint score for alpha[10]: 15.9707
2025-08-11 12:51:51,800 - DEBUG - Joint score for alpha[11]: 15.5684
2025-08-11 12:51:55,293 - DEBUG - Joint score for alpha[12]: 15.7190
2025-08-11 12:51:58,787 - DEBUG - Joint score for alpha[13]: 15.6676
2025-08-11 12:52:02,280 - DEBUG - Joint score for alpha[14]: 15.7895
2025-08-11 12:52:05,773 - DEBUG - Joint score for alpha[15]: 21.0483
2025-08-11 12:52:12,494 - DEBUG - Joint score for alpha[0]: 15.8746
2025-08-11 12:52:15,990 - DEBUG - Joint score for alpha[1]: 15.8902
2025-08-11 12:52:19,483 - DEBUG - Joint score for alpha[2]: 15.6463
2025-08-11 12:52:22,976 - DEBUG - Joint score for alpha[3]: 15.8037
2025-08-11 12:52:26,471 - DEBUG - Joint score for alpha[4]: 15.9679
2025-08-11 12:52:29,963 - DEBUG - Joint score for alpha[5]: 15.5989
2025-08-11 12:52:33,456 - DEBUG - Joint score for alpha[6]: 15.8244
2025-08-11 12:52:36,948 - DEBUG - Joint score for alpha[7]: 16.4290
2025-08-11 12:52:40,441 - DEBUG - Joint score for alpha[8]: 15.7454
2025-08-11 12:52:43,933 - DEBUG - Joint score for alpha[9]: 16.3275
2025-08-11 12:52:47,428 - DEBUG - Joint score for alpha[10]: 15.5954
2025-08-11 12:52:50,922 - DEBUG - Joint score for alpha[11]: 15.8484
2025-08-11 12:52:54,414 - DEBUG - Joint score for alpha[12]: 15.6190
2025-08-11 12:52:57,908 - DEBUG - Joint score for alpha[13]: 15.7548
2025-08-11 12:53:01,401 - DEBUG - Joint score for alpha[14]: 15.9456
2025-08-11 12:53:04,894 - DEBUG - Joint score for alpha[15]: 15.6655
2025-08-11 12:53:04,935 - INFO - Step 8/120: mean ENERGY=15.5603
2025-08-11 12:53:04,936 - DEBUG - Beginning Gibbs iteration s = 8
2025-08-11 12:53:14,941 - DEBUG - Joint score for alpha[0]: 17.2490
2025-08-11 12:53:18,437 - DEBUG - Joint score for alpha[1]: 17.1448
2025-08-11 12:53:21,930 - DEBUG - Joint score for alpha[2]: 16.5018
2025-08-11 12:53:25,423 - DEBUG - Joint score for alpha[3]: 16.2946
2025-08-11 12:53:28,917 - DEBUG - Joint score for alpha[4]: 16.1152
2025-08-11 12:53:32,409 - DEBUG - Joint score for alpha[5]: 16.4885
2025-08-11 12:53:35,901 - DEBUG - Joint score for alpha[6]: 18.6785
2025-08-11 12:53:39,393 - DEBUG - Joint score for alpha[7]: 15.8056
2025-08-11 12:53:42,885 - DEBUG - Joint score for alpha[8]: 17.0333
2025-08-11 12:53:46,378 - DEBUG - Joint score for alpha[9]: 16.7369
2025-08-11 12:53:49,873 - DEBUG - Joint score for alpha[10]: 15.6245
2025-08-11 12:53:53,367 - DEBUG - Joint score for alpha[11]: 15.8910
2025-08-11 12:53:56,860 - DEBUG - Joint score for alpha[12]: 15.6601
2025-08-11 12:54:00,353 - DEBUG - Joint score for alpha[13]: 16.4356
2025-08-11 12:54:03,847 - DEBUG - Joint score for alpha[14]: 16.1545
2025-08-11 12:54:07,341 - DEBUG - Joint score for alpha[15]: 16.1783
2025-08-11 12:54:14,068 - DEBUG - Joint score for alpha[0]: 16.8163
2025-08-11 12:54:17,564 - DEBUG - Joint score for alpha[1]: 15.8902
2025-08-11 12:54:21,057 - DEBUG - Joint score for alpha[2]: 17.4466
2025-08-11 12:54:24,551 - DEBUG - Joint score for alpha[3]: 15.7252
2025-08-11 12:54:28,046 - DEBUG - Joint score for alpha[4]: 15.9691
2025-08-11 12:54:31,539 - DEBUG - Joint score for alpha[5]: 18.2743
2025-08-11 12:54:35,034 - DEBUG - Joint score for alpha[6]: 15.9118
2025-08-11 12:54:38,527 - DEBUG - Joint score for alpha[7]: 15.7480
2025-08-11 12:54:42,020 - DEBUG - Joint score for alpha[8]: 18.8318
2025-08-11 12:54:45,514 - DEBUG - Joint score for alpha[9]: 16.3561
2025-08-11 12:54:49,009 - DEBUG - Joint score for alpha[10]: 15.5830
2025-08-11 12:54:52,503 - DEBUG - Joint score for alpha[11]: 15.8339
2025-08-11 12:54:55,995 - DEBUG - Joint score for alpha[12]: 15.8677
2025-08-11 12:54:59,486 - DEBUG - Joint score for alpha[13]: 16.0302
2025-08-11 12:55:02,977 - DEBUG - Joint score for alpha[14]: 16.5941
2025-08-11 12:55:06,467 - DEBUG - Joint score for alpha[15]: 15.9204
2025-08-11 12:55:13,021 - DEBUG - Joint score for alpha[0]: 15.8176
2025-08-11 12:55:16,517 - DEBUG - Joint score for alpha[1]: 15.8077
2025-08-11 12:55:20,010 - DEBUG - Joint score for alpha[2]: 15.6902
2025-08-11 12:55:23,503 - DEBUG - Joint score for alpha[3]: 16.0914
2025-08-11 12:55:26,998 - DEBUG - Joint score for alpha[4]: 15.6478
2025-08-11 12:55:30,490 - DEBUG - Joint score for alpha[5]: 16.1460
2025-08-11 12:55:33,984 - DEBUG - Joint score for alpha[6]: 15.8163
2025-08-11 12:55:37,476 - DEBUG - Joint score for alpha[7]: 15.7623
2025-08-11 12:55:40,967 - DEBUG - Joint score for alpha[8]: 15.4864
2025-08-11 12:55:44,459 - DEBUG - Joint score for alpha[9]: 16.0032
2025-08-11 12:55:47,953 - DEBUG - Joint score for alpha[10]: 15.7882
2025-08-11 12:55:51,448 - DEBUG - Joint score for alpha[11]: 15.5509
2025-08-11 12:55:54,940 - DEBUG - Joint score for alpha[12]: 16.3752
2025-08-11 12:55:58,433 - DEBUG - Joint score for alpha[13]: 15.8565
2025-08-11 12:56:01,927 - DEBUG - Joint score for alpha[14]: 16.0250
2025-08-11 12:56:05,419 - DEBUG - Joint score for alpha[15]: 15.8601
2025-08-11 12:56:11,933 - DEBUG - Joint score for alpha[0]: 15.5566
2025-08-11 12:56:15,428 - DEBUG - Joint score for alpha[1]: 15.6167
2025-08-11 12:56:18,921 - DEBUG - Joint score for alpha[2]: 16.2239
2025-08-11 12:56:22,412 - DEBUG - Joint score for alpha[3]: 15.7499
2025-08-11 12:56:25,906 - DEBUG - Joint score for alpha[4]: 16.3589
2025-08-11 12:56:29,398 - DEBUG - Joint score for alpha[5]: 15.5509
2025-08-11 12:56:32,891 - DEBUG - Joint score for alpha[6]: 15.6330
2025-08-11 12:56:36,383 - DEBUG - Joint score for alpha[7]: 16.5437
2025-08-11 12:56:39,876 - DEBUG - Joint score for alpha[8]: 15.8160
2025-08-11 12:56:43,368 - DEBUG - Joint score for alpha[9]: 15.6005
2025-08-11 12:56:46,862 - DEBUG - Joint score for alpha[10]: 15.7662
2025-08-11 12:56:50,356 - DEBUG - Joint score for alpha[11]: 15.6747
2025-08-11 12:56:53,848 - DEBUG - Joint score for alpha[12]: 15.5089
2025-08-11 12:56:57,342 - DEBUG - Joint score for alpha[13]: 16.0637
2025-08-11 12:57:00,836 - DEBUG - Joint score for alpha[14]: 15.6098
2025-08-11 12:57:04,327 - DEBUG - Joint score for alpha[15]: 15.8989
2025-08-11 12:57:10,887 - DEBUG - Joint score for alpha[0]: 16.9561
2025-08-11 12:57:14,383 - DEBUG - Joint score for alpha[1]: 16.1976
2025-08-11 12:57:17,876 - DEBUG - Joint score for alpha[2]: 15.8006
2025-08-11 12:57:21,370 - DEBUG - Joint score for alpha[3]: 17.3269
2025-08-11 12:57:24,865 - DEBUG - Joint score for alpha[4]: 18.0641
2025-08-11 12:57:28,357 - DEBUG - Joint score for alpha[5]: 16.4267
2025-08-11 12:57:31,851 - DEBUG - Joint score for alpha[6]: 17.1494
2025-08-11 12:57:35,344 - DEBUG - Joint score for alpha[7]: 16.6073
2025-08-11 12:57:38,836 - DEBUG - Joint score for alpha[8]: 17.4882
2025-08-11 12:57:42,330 - DEBUG - Joint score for alpha[9]: 15.9799
2025-08-11 12:57:45,826 - DEBUG - Joint score for alpha[10]: 15.8665
2025-08-11 12:57:49,321 - DEBUG - Joint score for alpha[11]: 17.0746
2025-08-11 12:57:52,815 - DEBUG - Joint score for alpha[12]: 16.7933
2025-08-11 12:57:56,310 - DEBUG - Joint score for alpha[13]: 17.7361
2025-08-11 12:57:59,805 - DEBUG - Joint score for alpha[14]: 15.9161
2025-08-11 12:58:03,299 - DEBUG - Joint score for alpha[15]: 18.2531
2025-08-11 12:58:03,340 - INFO - Step 9/120: mean ENERGY=15.6007
2025-08-11 12:58:03,341 - DEBUG - Beginning Gibbs iteration s = 9
2025-08-11 12:58:13,493 - DEBUG - Joint score for alpha[0]: 15.7472
2025-08-11 12:58:16,988 - DEBUG - Joint score for alpha[1]: 16.8984
2025-08-11 12:58:20,480 - DEBUG - Joint score for alpha[2]: 17.2022
2025-08-11 12:58:23,973 - DEBUG - Joint score for alpha[3]: 15.8894
2025-08-11 12:58:27,467 - DEBUG - Joint score for alpha[4]: 15.7343
2025-08-11 12:58:30,958 - DEBUG - Joint score for alpha[5]: 15.6419
2025-08-11 12:58:34,451 - DEBUG - Joint score for alpha[6]: 15.7847
2025-08-11 12:58:37,944 - DEBUG - Joint score for alpha[7]: 15.7708
2025-08-11 12:58:41,436 - DEBUG - Joint score for alpha[8]: 15.7592
2025-08-11 12:58:44,928 - DEBUG - Joint score for alpha[9]: 15.9301
2025-08-11 12:58:48,422 - DEBUG - Joint score for alpha[10]: 17.7399
2025-08-11 12:58:51,917 - DEBUG - Joint score for alpha[11]: 16.1298
2025-08-11 12:58:55,409 - DEBUG - Joint score for alpha[12]: 18.5246
2025-08-11 12:58:58,902 - DEBUG - Joint score for alpha[13]: 16.0262
2025-08-11 12:59:02,395 - DEBUG - Joint score for alpha[14]: 16.5222
2025-08-11 12:59:05,888 - DEBUG - Joint score for alpha[15]: 19.6832
2025-08-11 12:59:12,470 - DEBUG - Joint score for alpha[0]: 15.8208
2025-08-11 12:59:15,965 - DEBUG - Joint score for alpha[1]: 15.8816
2025-08-11 12:59:19,458 - DEBUG - Joint score for alpha[2]: 15.7261
2025-08-11 12:59:22,951 - DEBUG - Joint score for alpha[3]: 16.1803
2025-08-11 12:59:26,444 - DEBUG - Joint score for alpha[4]: 16.0063
2025-08-11 12:59:29,936 - DEBUG - Joint score for alpha[5]: 16.6182
2025-08-11 12:59:33,429 - DEBUG - Joint score for alpha[6]: 15.7584
2025-08-11 12:59:36,921 - DEBUG - Joint score for alpha[7]: 16.2915
2025-08-11 12:59:40,413 - DEBUG - Joint score for alpha[8]: 15.7807
2025-08-11 12:59:43,905 - DEBUG - Joint score for alpha[9]: 15.9456
2025-08-11 12:59:47,400 - DEBUG - Joint score for alpha[10]: 15.7202
2025-08-11 12:59:50,893 - DEBUG - Joint score for alpha[11]: 15.7648
2025-08-11 12:59:54,384 - DEBUG - Joint score for alpha[12]: 16.6021
2025-08-11 12:59:57,878 - DEBUG - Joint score for alpha[13]: 15.7732
2025-08-11 13:00:01,371 - DEBUG - Joint score for alpha[14]: 15.9320
2025-08-11 13:00:04,864 - DEBUG - Joint score for alpha[15]: 15.9030
2025-08-11 13:00:11,583 - DEBUG - Joint score for alpha[0]: 16.1211
2025-08-11 13:00:15,077 - DEBUG - Joint score for alpha[1]: 15.9579
2025-08-11 13:00:18,571 - DEBUG - Joint score for alpha[2]: 15.8874
2025-08-11 13:00:22,064 - DEBUG - Joint score for alpha[3]: 15.9445
2025-08-11 13:00:25,557 - DEBUG - Joint score for alpha[4]: 16.0422
2025-08-11 13:00:29,050 - DEBUG - Joint score for alpha[5]: 15.8335
2025-08-11 13:00:32,545 - DEBUG - Joint score for alpha[6]: 15.9606
2025-08-11 13:00:36,036 - DEBUG - Joint score for alpha[7]: 15.9318
2025-08-11 13:00:39,530 - DEBUG - Joint score for alpha[8]: 16.0470
2025-08-11 13:00:43,023 - DEBUG - Joint score for alpha[9]: 16.1557
2025-08-11 13:00:46,518 - DEBUG - Joint score for alpha[10]: 15.9114
2025-08-11 13:00:50,013 - DEBUG - Joint score for alpha[11]: 15.9121
2025-08-11 13:00:53,506 - DEBUG - Joint score for alpha[12]: 15.9706
2025-08-11 13:00:57,002 - DEBUG - Joint score for alpha[13]: 15.8658
2025-08-11 13:01:00,496 - DEBUG - Joint score for alpha[14]: 16.2326
2025-08-11 13:01:03,990 - DEBUG - Joint score for alpha[15]: 15.7956
2025-08-11 13:01:10,518 - DEBUG - Joint score for alpha[0]: 15.9606
2025-08-11 13:01:14,013 - DEBUG - Joint score for alpha[1]: 15.6921
2025-08-11 13:01:17,506 - DEBUG - Joint score for alpha[2]: 16.2414
2025-08-11 13:01:20,998 - DEBUG - Joint score for alpha[3]: 15.8015
2025-08-11 13:01:24,492 - DEBUG - Joint score for alpha[4]: 15.8870
2025-08-11 13:01:27,985 - DEBUG - Joint score for alpha[5]: 15.6551
2025-08-11 13:01:31,479 - DEBUG - Joint score for alpha[6]: 15.8921
2025-08-11 13:01:34,972 - DEBUG - Joint score for alpha[7]: 15.8392
2025-08-11 13:01:38,465 - DEBUG - Joint score for alpha[8]: 15.9580
2025-08-11 13:01:41,958 - DEBUG - Joint score for alpha[9]: 15.7479
2025-08-11 13:01:45,454 - DEBUG - Joint score for alpha[10]: 15.9073
2025-08-11 13:01:48,949 - DEBUG - Joint score for alpha[11]: 15.7829
2025-08-11 13:01:52,441 - DEBUG - Joint score for alpha[12]: 15.8840
2025-08-11 13:01:55,936 - DEBUG - Joint score for alpha[13]: 15.9762
2025-08-11 13:01:59,429 - DEBUG - Joint score for alpha[14]: 16.4209
2025-08-11 13:02:02,921 - DEBUG - Joint score for alpha[15]: 15.8511
2025-08-11 13:02:09,488 - DEBUG - Joint score for alpha[0]: 15.9057
2025-08-11 13:02:12,982 - DEBUG - Joint score for alpha[1]: 15.8128
2025-08-11 13:02:16,475 - DEBUG - Joint score for alpha[2]: 16.4262
2025-08-11 13:02:19,968 - DEBUG - Joint score for alpha[3]: 17.4148
2025-08-11 13:02:23,462 - DEBUG - Joint score for alpha[4]: 15.9882
2025-08-11 13:02:26,954 - DEBUG - Joint score for alpha[5]: 16.0989
2025-08-11 13:02:30,448 - DEBUG - Joint score for alpha[6]: 16.0994
2025-08-11 13:02:33,941 - DEBUG - Joint score for alpha[7]: 15.7880
2025-08-11 13:02:37,433 - DEBUG - Joint score for alpha[8]: 16.0761
2025-08-11 13:02:40,925 - DEBUG - Joint score for alpha[9]: 15.8943
2025-08-11 13:02:44,420 - DEBUG - Joint score for alpha[10]: 15.9750
2025-08-11 13:02:47,915 - DEBUG - Joint score for alpha[11]: 16.1404
2025-08-11 13:02:51,408 - DEBUG - Joint score for alpha[12]: 15.9764
2025-08-11 13:02:54,902 - DEBUG - Joint score for alpha[13]: 16.8068
2025-08-11 13:02:58,397 - DEBUG - Joint score for alpha[14]: 15.9504
2025-08-11 13:03:01,891 - DEBUG - Joint score for alpha[15]: 15.9682
2025-08-11 13:03:01,932 - INFO - Step 10/120: mean ENERGY=15.7202
2025-08-11 13:03:01,933 - DEBUG - Beginning Gibbs iteration s = 10
2025-08-11 13:03:05,284 - DEBUG - Proposal variance adapted: 0.072
2025-08-11 13:03:11,786 - DEBUG - Joint score for alpha[0]: 15.7510
2025-08-11 13:03:15,281 - DEBUG - Joint score for alpha[1]: 15.8550
2025-08-11 13:03:18,774 - DEBUG - Joint score for alpha[2]: 15.8854
2025-08-11 13:03:22,268 - DEBUG - Joint score for alpha[3]: 15.6915
2025-08-11 13:03:25,761 - DEBUG - Joint score for alpha[4]: 15.8670
2025-08-11 13:03:29,254 - DEBUG - Joint score for alpha[5]: 15.5975
2025-08-11 13:03:32,748 - DEBUG - Joint score for alpha[6]: 16.6282
2025-08-11 13:03:36,241 - DEBUG - Joint score for alpha[7]: 15.8807
2025-08-11 13:03:39,734 - DEBUG - Joint score for alpha[8]: 16.0164
2025-08-11 13:03:43,228 - DEBUG - Joint score for alpha[9]: 16.0466
2025-08-11 13:03:46,724 - DEBUG - Joint score for alpha[10]: 15.6835
2025-08-11 13:03:50,219 - DEBUG - Joint score for alpha[11]: 15.8637
2025-08-11 13:03:53,712 - DEBUG - Joint score for alpha[12]: 16.9497
2025-08-11 13:03:57,206 - DEBUG - Joint score for alpha[13]: 16.0464
2025-08-11 13:04:00,701 - DEBUG - Joint score for alpha[14]: 16.4433
2025-08-11 13:04:04,195 - DEBUG - Joint score for alpha[15]: 16.2053
2025-08-11 13:04:10,925 - DEBUG - Joint score for alpha[0]: 15.6412
2025-08-11 13:04:14,421 - DEBUG - Joint score for alpha[1]: 16.0950
2025-08-11 13:04:17,916 - DEBUG - Joint score for alpha[2]: 15.9178
2025-08-11 13:04:21,411 - DEBUG - Joint score for alpha[3]: 15.7534
2025-08-11 13:04:24,907 - DEBUG - Joint score for alpha[4]: 15.8962
2025-08-11 13:04:28,400 - DEBUG - Joint score for alpha[5]: 15.7021
2025-08-11 13:04:31,895 - DEBUG - Joint score for alpha[6]: 15.8733
2025-08-11 13:04:35,390 - DEBUG - Joint score for alpha[7]: 15.6645
2025-08-11 13:04:38,883 - DEBUG - Joint score for alpha[8]: 15.9803
2025-08-11 13:04:42,377 - DEBUG - Joint score for alpha[9]: 15.6495
2025-08-11 13:04:45,874 - DEBUG - Joint score for alpha[10]: 16.0195
2025-08-11 13:04:49,370 - DEBUG - Joint score for alpha[11]: 15.7016
2025-08-11 13:04:52,864 - DEBUG - Joint score for alpha[12]: 15.6204
2025-08-11 13:04:56,359 - DEBUG - Joint score for alpha[13]: 15.6338
2025-08-11 13:04:59,854 - DEBUG - Joint score for alpha[14]: 15.8358
2025-08-11 13:05:03,348 - DEBUG - Joint score for alpha[15]: 15.8858
2025-08-11 13:05:09,905 - DEBUG - Joint score for alpha[0]: 15.7026
2025-08-11 13:05:13,401 - DEBUG - Joint score for alpha[1]: 15.7502
2025-08-11 13:05:16,895 - DEBUG - Joint score for alpha[2]: 15.6318
2025-08-11 13:05:20,387 - DEBUG - Joint score for alpha[3]: 15.7733
2025-08-11 13:05:23,882 - DEBUG - Joint score for alpha[4]: 15.9392
2025-08-11 13:05:27,374 - DEBUG - Joint score for alpha[5]: 15.7173
2025-08-11 13:05:30,867 - DEBUG - Joint score for alpha[6]: 15.6125
2025-08-11 13:05:34,358 - DEBUG - Joint score for alpha[7]: 15.7783
2025-08-11 13:05:37,851 - DEBUG - Joint score for alpha[8]: 15.6278
2025-08-11 13:05:41,343 - DEBUG - Joint score for alpha[9]: 15.8491
2025-08-11 13:05:44,838 - DEBUG - Joint score for alpha[10]: 15.6757
2025-08-11 13:05:48,332 - DEBUG - Joint score for alpha[11]: 15.7034
2025-08-11 13:05:51,824 - DEBUG - Joint score for alpha[12]: 15.8225
2025-08-11 13:05:55,316 - DEBUG - Joint score for alpha[13]: 15.8840
2025-08-11 13:05:58,809 - DEBUG - Joint score for alpha[14]: 15.7883
2025-08-11 13:06:02,303 - DEBUG - Joint score for alpha[15]: 15.7602
2025-08-11 13:06:08,970 - DEBUG - Joint score for alpha[0]: 15.5346
2025-08-11 13:06:12,464 - DEBUG - Joint score for alpha[1]: 15.8195
2025-08-11 13:06:15,956 - DEBUG - Joint score for alpha[2]: 16.7744
2025-08-11 13:06:19,448 - DEBUG - Joint score for alpha[3]: 15.9931
2025-08-11 13:06:22,942 - DEBUG - Joint score for alpha[4]: 15.6132
2025-08-11 13:06:26,435 - DEBUG - Joint score for alpha[5]: 15.8235
2025-08-11 13:06:29,929 - DEBUG - Joint score for alpha[6]: 15.7919
2025-08-11 13:06:33,423 - DEBUG - Joint score for alpha[7]: 15.9181
2025-08-11 13:06:36,916 - DEBUG - Joint score for alpha[8]: 15.7676
2025-08-11 13:06:40,409 - DEBUG - Joint score for alpha[9]: 15.7755
2025-08-11 13:06:43,904 - DEBUG - Joint score for alpha[10]: 15.7843
2025-08-11 13:06:47,399 - DEBUG - Joint score for alpha[11]: 15.6709
2025-08-11 13:06:50,893 - DEBUG - Joint score for alpha[12]: 15.6231
2025-08-11 13:06:54,387 - DEBUG - Joint score for alpha[13]: 15.6303
2025-08-11 13:06:57,881 - DEBUG - Joint score for alpha[14]: 15.7071
2025-08-11 13:07:01,376 - DEBUG - Joint score for alpha[15]: 15.9247
2025-08-11 13:07:07,926 - DEBUG - Joint score for alpha[0]: 15.5701
2025-08-11 13:07:11,419 - DEBUG - Joint score for alpha[1]: 15.6703
2025-08-11 13:07:14,911 - DEBUG - Joint score for alpha[2]: 15.8005
2025-08-11 13:07:18,403 - DEBUG - Joint score for alpha[3]: 15.6678
2025-08-11 13:07:21,896 - DEBUG - Joint score for alpha[4]: 16.1076
2025-08-11 13:07:25,386 - DEBUG - Joint score for alpha[5]: 15.9049
2025-08-11 13:07:28,878 - DEBUG - Joint score for alpha[6]: 15.7759
2025-08-11 13:07:32,369 - DEBUG - Joint score for alpha[7]: 15.6690
2025-08-11 13:07:35,860 - DEBUG - Joint score for alpha[8]: 15.8626
2025-08-11 13:07:39,350 - DEBUG - Joint score for alpha[9]: 16.6978
2025-08-11 13:07:42,843 - DEBUG - Joint score for alpha[10]: 15.7212
2025-08-11 13:07:46,336 - DEBUG - Joint score for alpha[11]: 16.8286
2025-08-11 13:07:49,827 - DEBUG - Joint score for alpha[12]: 16.1683
2025-08-11 13:07:53,318 - DEBUG - Joint score for alpha[13]: 15.8376
2025-08-11 13:07:56,811 - DEBUG - Joint score for alpha[14]: 16.1554
2025-08-11 13:08:00,301 - DEBUG - Joint score for alpha[15]: 15.6888
2025-08-11 13:08:00,342 - INFO - Step 11/120: mean ENERGY=15.5870
2025-08-11 13:08:00,343 - DEBUG - Beginning Gibbs iteration s = 11
2025-08-11 13:08:09,740 - DEBUG - Joint score for alpha[0]: 15.7658
2025-08-11 13:08:13,234 - DEBUG - Joint score for alpha[1]: 15.9363
2025-08-11 13:08:16,727 - DEBUG - Joint score for alpha[2]: 15.8706
2025-08-11 13:08:20,218 - DEBUG - Joint score for alpha[3]: 16.1178
2025-08-11 13:08:23,711 - DEBUG - Joint score for alpha[4]: 19.6719
2025-08-11 13:08:27,203 - DEBUG - Joint score for alpha[5]: 17.1594
2025-08-11 13:08:30,696 - DEBUG - Joint score for alpha[6]: 15.7757
2025-08-11 13:08:34,188 - DEBUG - Joint score for alpha[7]: 19.2780
2025-08-11 13:08:37,680 - DEBUG - Joint score for alpha[8]: 16.3007
2025-08-11 13:08:41,172 - DEBUG - Joint score for alpha[9]: 15.8025
2025-08-11 13:08:44,667 - DEBUG - Joint score for alpha[10]: 16.1533
2025-08-11 13:08:48,160 - DEBUG - Joint score for alpha[11]: 16.1037
2025-08-11 13:08:51,652 - DEBUG - Joint score for alpha[12]: 17.6671
2025-08-11 13:08:55,146 - DEBUG - Joint score for alpha[13]: 16.8583
2025-08-11 13:08:58,636 - DEBUG - Joint score for alpha[14]: 19.6195
2025-08-11 13:09:02,124 - DEBUG - Joint score for alpha[15]: 17.1201
2025-08-11 13:09:08,700 - DEBUG - Joint score for alpha[0]: 15.9312
2025-08-11 13:09:12,195 - DEBUG - Joint score for alpha[1]: 15.8274
2025-08-11 13:09:15,688 - DEBUG - Joint score for alpha[2]: 16.1299
2025-08-11 13:09:19,180 - DEBUG - Joint score for alpha[3]: 15.7024
2025-08-11 13:09:22,674 - DEBUG - Joint score for alpha[4]: 16.3126
2025-08-11 13:09:26,166 - DEBUG - Joint score for alpha[5]: 16.0552
2025-08-11 13:09:29,657 - DEBUG - Joint score for alpha[6]: 15.7665
2025-08-11 13:09:33,148 - DEBUG - Joint score for alpha[7]: 15.7825
2025-08-11 13:09:36,639 - DEBUG - Joint score for alpha[8]: 17.2557
2025-08-11 13:09:40,129 - DEBUG - Joint score for alpha[9]: 15.9510
2025-08-11 13:09:43,622 - DEBUG - Joint score for alpha[10]: 16.5606
2025-08-11 13:09:47,113 - DEBUG - Joint score for alpha[11]: 16.5002
2025-08-11 13:09:50,603 - DEBUG - Joint score for alpha[12]: 15.8139
2025-08-11 13:09:54,095 - DEBUG - Joint score for alpha[13]: 15.6986
2025-08-11 13:09:57,587 - DEBUG - Joint score for alpha[14]: 15.6849
2025-08-11 13:10:01,077 - DEBUG - Joint score for alpha[15]: 15.8843
2025-08-11 13:10:07,627 - DEBUG - Joint score for alpha[0]: 15.8681
2025-08-11 13:10:11,121 - DEBUG - Joint score for alpha[1]: 15.9783
2025-08-11 13:10:14,612 - DEBUG - Joint score for alpha[2]: 16.5587
2025-08-11 13:10:18,104 - DEBUG - Joint score for alpha[3]: 15.8746
2025-08-11 13:10:21,596 - DEBUG - Joint score for alpha[4]: 15.6641
2025-08-11 13:10:25,086 - DEBUG - Joint score for alpha[5]: 16.0797
2025-08-11 13:10:28,577 - DEBUG - Joint score for alpha[6]: 15.9750
2025-08-11 13:10:32,068 - DEBUG - Joint score for alpha[7]: 15.9944
2025-08-11 13:10:35,561 - DEBUG - Joint score for alpha[8]: 15.6640
2025-08-11 13:10:39,053 - DEBUG - Joint score for alpha[9]: 15.6254
2025-08-11 13:10:42,547 - DEBUG - Joint score for alpha[10]: 15.9468
2025-08-11 13:10:46,041 - DEBUG - Joint score for alpha[11]: 16.2998
2025-08-11 13:10:49,534 - DEBUG - Joint score for alpha[12]: 15.6747
2025-08-11 13:10:53,027 - DEBUG - Joint score for alpha[13]: 15.8004
2025-08-11 13:10:56,520 - DEBUG - Joint score for alpha[14]: 15.9480
2025-08-11 13:11:00,012 - DEBUG - Joint score for alpha[15]: 16.3322
2025-08-11 13:11:06,529 - DEBUG - Joint score for alpha[0]: 16.2709
2025-08-11 13:11:10,022 - DEBUG - Joint score for alpha[1]: 15.5931
2025-08-11 13:11:13,514 - DEBUG - Joint score for alpha[2]: 15.8102
2025-08-11 13:11:17,007 - DEBUG - Joint score for alpha[3]: 15.6763
2025-08-11 13:11:20,500 - DEBUG - Joint score for alpha[4]: 16.0980
2025-08-11 13:11:23,990 - DEBUG - Joint score for alpha[5]: 15.9544
2025-08-11 13:11:27,483 - DEBUG - Joint score for alpha[6]: 15.8119
2025-08-11 13:11:30,973 - DEBUG - Joint score for alpha[7]: 15.6166
2025-08-11 13:11:34,464 - DEBUG - Joint score for alpha[8]: 15.6424
2025-08-11 13:11:37,956 - DEBUG - Joint score for alpha[9]: 18.6243
2025-08-11 13:11:41,450 - DEBUG - Joint score for alpha[10]: 15.6638
2025-08-11 13:11:44,942 - DEBUG - Joint score for alpha[11]: 16.1457
2025-08-11 13:11:48,433 - DEBUG - Joint score for alpha[12]: 15.8233
2025-08-11 13:11:51,923 - DEBUG - Joint score for alpha[13]: 15.9287
2025-08-11 13:11:55,415 - DEBUG - Joint score for alpha[14]: 15.8193
2025-08-11 13:11:58,905 - DEBUG - Joint score for alpha[15]: 16.0579
2025-08-11 13:12:05,419 - DEBUG - Joint score for alpha[0]: 16.3319
2025-08-11 13:12:08,914 - DEBUG - Joint score for alpha[1]: 16.1530
2025-08-11 13:12:12,406 - DEBUG - Joint score for alpha[2]: 15.9975
2025-08-11 13:12:15,897 - DEBUG - Joint score for alpha[3]: 15.7628
2025-08-11 13:12:19,388 - DEBUG - Joint score for alpha[4]: 16.1997
2025-08-11 13:12:22,878 - DEBUG - Joint score for alpha[5]: 15.7824
2025-08-11 13:12:26,369 - DEBUG - Joint score for alpha[6]: 16.1343
2025-08-11 13:12:29,859 - DEBUG - Joint score for alpha[7]: 15.7873
2025-08-11 13:12:33,348 - DEBUG - Joint score for alpha[8]: 16.1154
2025-08-11 13:12:36,837 - DEBUG - Joint score for alpha[9]: 15.9376
2025-08-11 13:12:40,330 - DEBUG - Joint score for alpha[10]: 16.2475
2025-08-11 13:12:43,821 - DEBUG - Joint score for alpha[11]: 15.6088
2025-08-11 13:12:47,311 - DEBUG - Joint score for alpha[12]: 17.5198
2025-08-11 13:12:50,802 - DEBUG - Joint score for alpha[13]: 15.8376
2025-08-11 13:12:54,292 - DEBUG - Joint score for alpha[14]: 16.0075
2025-08-11 13:12:57,783 - DEBUG - Joint score for alpha[15]: 15.9805
2025-08-11 13:12:57,824 - INFO - Step 12/120: mean ENERGY=15.6556
2025-08-11 13:12:57,825 - DEBUG - Beginning Gibbs iteration s = 12
2025-08-11 13:13:08,185 - DEBUG - Joint score for alpha[0]: 16.7242
2025-08-11 13:13:11,680 - DEBUG - Joint score for alpha[1]: 15.9515
2025-08-11 13:13:15,172 - DEBUG - Joint score for alpha[2]: 15.7406
2025-08-11 13:13:18,664 - DEBUG - Joint score for alpha[3]: 16.9768
2025-08-11 13:13:22,157 - DEBUG - Joint score for alpha[4]: 16.3780
2025-08-11 13:13:25,648 - DEBUG - Joint score for alpha[5]: 17.4346
2025-08-11 13:13:29,141 - DEBUG - Joint score for alpha[6]: 15.9759
2025-08-11 13:13:32,630 - DEBUG - Joint score for alpha[7]: 15.9921
2025-08-11 13:13:36,119 - DEBUG - Joint score for alpha[8]: 16.2031
2025-08-11 13:13:39,608 - DEBUG - Joint score for alpha[9]: 16.5630
2025-08-11 13:13:43,100 - DEBUG - Joint score for alpha[10]: 15.7973
2025-08-11 13:13:46,592 - DEBUG - Joint score for alpha[11]: 15.7171
2025-08-11 13:13:50,082 - DEBUG - Joint score for alpha[12]: 15.6914
2025-08-11 13:13:53,573 - DEBUG - Joint score for alpha[13]: 16.1072
2025-08-11 13:13:57,064 - DEBUG - Joint score for alpha[14]: 15.9399
2025-08-11 13:14:00,554 - DEBUG - Joint score for alpha[15]: 16.0740
2025-08-11 13:14:07,070 - DEBUG - Joint score for alpha[0]: 15.9701
2025-08-11 13:14:10,567 - DEBUG - Joint score for alpha[1]: 15.7749
2025-08-11 13:14:14,060 - DEBUG - Joint score for alpha[2]: 15.9971
2025-08-11 13:14:17,554 - DEBUG - Joint score for alpha[3]: 16.1802
2025-08-11 13:14:21,049 - DEBUG - Joint score for alpha[4]: 16.1753
2025-08-11 13:14:24,537 - DEBUG - Joint score for alpha[5]: 15.7393
2025-08-11 13:14:28,028 - DEBUG - Joint score for alpha[6]: 15.6919
2025-08-11 13:14:31,517 - DEBUG - Joint score for alpha[7]: 15.9116
2025-08-11 13:14:35,008 - DEBUG - Joint score for alpha[8]: 15.7636
2025-08-11 13:14:38,498 - DEBUG - Joint score for alpha[9]: 15.6196
2025-08-11 13:14:41,990 - DEBUG - Joint score for alpha[10]: 15.6886
2025-08-11 13:14:45,481 - DEBUG - Joint score for alpha[11]: 15.7755
2025-08-11 13:14:48,970 - DEBUG - Joint score for alpha[12]: 15.8551
2025-08-11 13:14:52,461 - DEBUG - Joint score for alpha[13]: 15.9114
2025-08-11 13:14:55,953 - DEBUG - Joint score for alpha[14]: 15.7373
2025-08-11 13:14:59,443 - DEBUG - Joint score for alpha[15]: 15.8546
2025-08-11 13:15:06,002 - DEBUG - Joint score for alpha[0]: 15.9007
2025-08-11 13:15:09,497 - DEBUG - Joint score for alpha[1]: 15.9012
2025-08-11 13:15:12,989 - DEBUG - Joint score for alpha[2]: 15.8909
2025-08-11 13:15:16,481 - DEBUG - Joint score for alpha[3]: 15.9353
2025-08-11 13:15:19,973 - DEBUG - Joint score for alpha[4]: 15.7594
2025-08-11 13:15:23,463 - DEBUG - Joint score for alpha[5]: 16.0903
2025-08-11 13:15:26,954 - DEBUG - Joint score for alpha[6]: 16.6112
2025-08-11 13:15:30,444 - DEBUG - Joint score for alpha[7]: 15.8026
2025-08-11 13:15:33,934 - DEBUG - Joint score for alpha[8]: 15.6914
2025-08-11 13:15:37,425 - DEBUG - Joint score for alpha[9]: 15.7823
2025-08-11 13:15:40,917 - DEBUG - Joint score for alpha[10]: 16.0899
2025-08-11 13:15:44,409 - DEBUG - Joint score for alpha[11]: 15.7999
2025-08-11 13:15:47,899 - DEBUG - Joint score for alpha[12]: 15.7580
2025-08-11 13:15:51,390 - DEBUG - Joint score for alpha[13]: 16.3939
2025-08-11 13:15:54,881 - DEBUG - Joint score for alpha[14]: 16.0200
2025-08-11 13:15:58,371 - DEBUG - Joint score for alpha[15]: 15.7962
2025-08-11 13:16:04,924 - DEBUG - Joint score for alpha[0]: 15.7169
2025-08-11 13:16:08,420 - DEBUG - Joint score for alpha[1]: 15.7073
2025-08-11 13:16:11,913 - DEBUG - Joint score for alpha[2]: 15.6600
2025-08-11 13:16:15,407 - DEBUG - Joint score for alpha[3]: 15.8385
2025-08-11 13:16:18,899 - DEBUG - Joint score for alpha[4]: 15.8888
2025-08-11 13:16:22,389 - DEBUG - Joint score for alpha[5]: 16.5414
2025-08-11 13:16:25,880 - DEBUG - Joint score for alpha[6]: 16.1207
2025-08-11 13:16:29,370 - DEBUG - Joint score for alpha[7]: 15.6796
2025-08-11 13:16:32,861 - DEBUG - Joint score for alpha[8]: 15.8352
2025-08-11 13:16:36,352 - DEBUG - Joint score for alpha[9]: 16.4650
2025-08-11 13:16:39,846 - DEBUG - Joint score for alpha[10]: 15.8991
2025-08-11 13:16:43,339 - DEBUG - Joint score for alpha[11]: 16.0277
2025-08-11 13:16:46,829 - DEBUG - Joint score for alpha[12]: 15.8945
2025-08-11 13:16:50,322 - DEBUG - Joint score for alpha[13]: 15.8941
2025-08-11 13:16:53,814 - DEBUG - Joint score for alpha[14]: 16.1506
2025-08-11 13:16:57,306 - DEBUG - Joint score for alpha[15]: 16.3152
2025-08-11 13:17:03,868 - DEBUG - Joint score for alpha[0]: 15.8216
2025-08-11 13:17:07,365 - DEBUG - Joint score for alpha[1]: 16.0702
2025-08-11 13:17:10,860 - DEBUG - Joint score for alpha[2]: 16.0474
2025-08-11 13:17:14,354 - DEBUG - Joint score for alpha[3]: 15.9245
2025-08-11 13:17:17,849 - DEBUG - Joint score for alpha[4]: 15.8468
2025-08-11 13:17:21,341 - DEBUG - Joint score for alpha[5]: 15.8126
2025-08-11 13:17:24,835 - DEBUG - Joint score for alpha[6]: 15.9822
2025-08-11 13:17:28,328 - DEBUG - Joint score for alpha[7]: 15.8250
2025-08-11 13:17:31,820 - DEBUG - Joint score for alpha[8]: 15.8349
2025-08-11 13:17:35,313 - DEBUG - Joint score for alpha[9]: 16.0698
2025-08-11 13:17:38,809 - DEBUG - Joint score for alpha[10]: 15.7854
2025-08-11 13:17:42,301 - DEBUG - Joint score for alpha[11]: 15.8643
2025-08-11 13:17:45,791 - DEBUG - Joint score for alpha[12]: 15.8342
2025-08-11 13:17:49,281 - DEBUG - Joint score for alpha[13]: 16.1416
2025-08-11 13:17:52,773 - DEBUG - Joint score for alpha[14]: 15.9927
2025-08-11 13:17:56,264 - DEBUG - Joint score for alpha[15]: 15.9844
2025-08-11 13:17:56,305 - INFO - Step 13/120: mean ENERGY=15.6896
2025-08-11 13:17:56,306 - DEBUG - Beginning Gibbs iteration s = 13
2025-08-11 13:18:05,688 - DEBUG - Joint score for alpha[0]: 16.3295
2025-08-11 13:18:09,183 - DEBUG - Joint score for alpha[1]: 16.8649
2025-08-11 13:18:12,675 - DEBUG - Joint score for alpha[2]: 16.6838
2025-08-11 13:18:16,168 - DEBUG - Joint score for alpha[3]: 15.8528
2025-08-11 13:18:19,662 - DEBUG - Joint score for alpha[4]: 16.9196
2025-08-11 13:18:23,155 - DEBUG - Joint score for alpha[5]: 15.8787
2025-08-11 13:18:26,649 - DEBUG - Joint score for alpha[6]: 15.6679
2025-08-11 13:18:30,142 - DEBUG - Joint score for alpha[7]: 15.8142
2025-08-11 13:18:33,634 - DEBUG - Joint score for alpha[8]: 17.8949
2025-08-11 13:18:37,126 - DEBUG - Joint score for alpha[9]: 16.2805
2025-08-11 13:18:40,621 - DEBUG - Joint score for alpha[10]: 16.0968
2025-08-11 13:18:44,116 - DEBUG - Joint score for alpha[11]: 17.5801
2025-08-11 13:18:47,608 - DEBUG - Joint score for alpha[12]: 15.7996
2025-08-11 13:18:51,100 - DEBUG - Joint score for alpha[13]: 16.0926
2025-08-11 13:18:54,590 - DEBUG - Joint score for alpha[14]: 16.3125
2025-08-11 13:18:58,081 - DEBUG - Joint score for alpha[15]: 15.8641
2025-08-11 13:19:04,635 - DEBUG - Joint score for alpha[0]: 15.9225
2025-08-11 13:19:08,130 - DEBUG - Joint score for alpha[1]: 15.6843
2025-08-11 13:19:11,624 - DEBUG - Joint score for alpha[2]: 15.7560
2025-08-11 13:19:15,118 - DEBUG - Joint score for alpha[3]: 15.6475
2025-08-11 13:19:18,612 - DEBUG - Joint score for alpha[4]: 17.0402
2025-08-11 13:19:22,103 - DEBUG - Joint score for alpha[5]: 15.8351
2025-08-11 13:19:25,595 - DEBUG - Joint score for alpha[6]: 15.9545
2025-08-11 13:19:29,085 - DEBUG - Joint score for alpha[7]: 16.2711
2025-08-11 13:19:32,576 - DEBUG - Joint score for alpha[8]: 16.1194
2025-08-11 13:19:36,065 - DEBUG - Joint score for alpha[9]: 15.6999
2025-08-11 13:19:39,557 - DEBUG - Joint score for alpha[10]: 16.4159
2025-08-11 13:19:43,050 - DEBUG - Joint score for alpha[11]: 15.8035
2025-08-11 13:19:46,540 - DEBUG - Joint score for alpha[12]: 15.8939
2025-08-11 13:19:50,031 - DEBUG - Joint score for alpha[13]: 15.8772
2025-08-11 13:19:53,522 - DEBUG - Joint score for alpha[14]: 15.8990
2025-08-11 13:19:57,014 - DEBUG - Joint score for alpha[15]: 15.7231
2025-08-11 13:20:03,539 - DEBUG - Joint score for alpha[0]: 15.7459
2025-08-11 13:20:07,035 - DEBUG - Joint score for alpha[1]: 15.5305
2025-08-11 13:20:10,530 - DEBUG - Joint score for alpha[2]: 15.9565
2025-08-11 13:20:14,025 - DEBUG - Joint score for alpha[3]: 15.9714
2025-08-11 13:20:17,520 - DEBUG - Joint score for alpha[4]: 16.1557
2025-08-11 13:20:21,011 - DEBUG - Joint score for alpha[5]: 15.7687
2025-08-11 13:20:24,502 - DEBUG - Joint score for alpha[6]: 16.1767
2025-08-11 13:20:27,993 - DEBUG - Joint score for alpha[7]: 16.1974
2025-08-11 13:20:31,484 - DEBUG - Joint score for alpha[8]: 15.6906
2025-08-11 13:20:34,974 - DEBUG - Joint score for alpha[9]: 15.7580
2025-08-11 13:20:38,467 - DEBUG - Joint score for alpha[10]: 15.7461
2025-08-11 13:20:41,960 - DEBUG - Joint score for alpha[11]: 15.7830
2025-08-11 13:20:45,451 - DEBUG - Joint score for alpha[12]: 15.9371
2025-08-11 13:20:48,943 - DEBUG - Joint score for alpha[13]: 15.9338
2025-08-11 13:20:52,435 - DEBUG - Joint score for alpha[14]: 16.0379
2025-08-11 13:20:55,926 - DEBUG - Joint score for alpha[15]: 15.6592
2025-08-11 13:21:02,493 - DEBUG - Joint score for alpha[0]: 15.7848
2025-08-11 13:21:05,990 - DEBUG - Joint score for alpha[1]: 15.9904
2025-08-11 13:21:09,484 - DEBUG - Joint score for alpha[2]: 16.8860
2025-08-11 13:21:12,976 - DEBUG - Joint score for alpha[3]: 16.4374
2025-08-11 13:21:16,468 - DEBUG - Joint score for alpha[4]: 15.7648
2025-08-11 13:21:19,958 - DEBUG - Joint score for alpha[5]: 15.6883
2025-08-11 13:21:23,450 - DEBUG - Joint score for alpha[6]: 16.5287
2025-08-11 13:21:26,941 - DEBUG - Joint score for alpha[7]: 15.6114
2025-08-11 13:21:30,431 - DEBUG - Joint score for alpha[8]: 15.8634
2025-08-11 13:21:33,922 - DEBUG - Joint score for alpha[9]: 16.6496
2025-08-11 13:21:37,415 - DEBUG - Joint score for alpha[10]: 16.4026
2025-08-11 13:21:40,907 - DEBUG - Joint score for alpha[11]: 15.9691
2025-08-11 13:21:44,397 - DEBUG - Joint score for alpha[12]: 16.0065
2025-08-11 13:21:47,889 - DEBUG - Joint score for alpha[13]: 16.0110
2025-08-11 13:21:51,381 - DEBUG - Joint score for alpha[14]: 15.8442
2025-08-11 13:21:54,873 - DEBUG - Joint score for alpha[15]: 15.7548
2025-08-11 13:22:01,390 - DEBUG - Joint score for alpha[0]: 16.0209
2025-08-11 13:22:04,886 - DEBUG - Joint score for alpha[1]: 15.6643
2025-08-11 13:22:08,380 - DEBUG - Joint score for alpha[2]: 15.8299
2025-08-11 13:22:11,873 - DEBUG - Joint score for alpha[3]: 16.0111
2025-08-11 13:22:15,368 - DEBUG - Joint score for alpha[4]: 15.8152
2025-08-11 13:22:18,861 - DEBUG - Joint score for alpha[5]: 15.9439
2025-08-11 13:22:22,355 - DEBUG - Joint score for alpha[6]: 16.3742
2025-08-11 13:22:25,847 - DEBUG - Joint score for alpha[7]: 15.9223
2025-08-11 13:22:29,340 - DEBUG - Joint score for alpha[8]: 15.8520
2025-08-11 13:22:32,831 - DEBUG - Joint score for alpha[9]: 16.7145
2025-08-11 13:22:36,324 - DEBUG - Joint score for alpha[10]: 18.2907
2025-08-11 13:22:39,816 - DEBUG - Joint score for alpha[11]: 16.1565
2025-08-11 13:22:43,307 - DEBUG - Joint score for alpha[12]: 15.9907
2025-08-11 13:22:46,799 - DEBUG - Joint score for alpha[13]: 16.1175
2025-08-11 13:22:50,291 - DEBUG - Joint score for alpha[14]: 15.7446
2025-08-11 13:22:53,782 - DEBUG - Joint score for alpha[15]: 16.0978
2025-08-11 13:22:53,824 - INFO - Step 14/120: mean ENERGY=15.6243
2025-08-11 13:22:53,825 - DEBUG - Beginning Gibbs iteration s = 14
2025-08-11 13:23:02,084 - DEBUG - Joint score for alpha[0]: 16.1768
2025-08-11 13:23:05,580 - DEBUG - Joint score for alpha[1]: 15.8364
2025-08-11 13:23:09,074 - DEBUG - Joint score for alpha[2]: 15.7589
2025-08-11 13:23:12,567 - DEBUG - Joint score for alpha[3]: 16.1942
2025-08-11 13:23:16,061 - DEBUG - Joint score for alpha[4]: 15.8549
2025-08-11 13:23:19,553 - DEBUG - Joint score for alpha[5]: 16.2668
2025-08-11 13:23:23,047 - DEBUG - Joint score for alpha[6]: 15.8186
2025-08-11 13:23:26,540 - DEBUG - Joint score for alpha[7]: 15.9999
2025-08-11 13:23:30,030 - DEBUG - Joint score for alpha[8]: 15.7566
2025-08-11 13:23:33,520 - DEBUG - Joint score for alpha[9]: 16.2941
2025-08-11 13:23:37,013 - DEBUG - Joint score for alpha[10]: 16.1943
2025-08-11 13:23:40,505 - DEBUG - Joint score for alpha[11]: 16.8280
2025-08-11 13:23:43,995 - DEBUG - Joint score for alpha[12]: 16.1783
2025-08-11 13:23:47,485 - DEBUG - Joint score for alpha[13]: 15.9831
2025-08-11 13:23:50,976 - DEBUG - Joint score for alpha[14]: 15.7893
2025-08-11 13:23:54,467 - DEBUG - Joint score for alpha[15]: 15.5895
2025-08-11 13:24:00,984 - DEBUG - Joint score for alpha[0]: 15.8325
2025-08-11 13:24:04,480 - DEBUG - Joint score for alpha[1]: 15.6562
2025-08-11 13:24:07,974 - DEBUG - Joint score for alpha[2]: 16.0076
2025-08-11 13:24:11,468 - DEBUG - Joint score for alpha[3]: 15.6938
2025-08-11 13:24:14,960 - DEBUG - Joint score for alpha[4]: 15.9964
2025-08-11 13:24:18,450 - DEBUG - Joint score for alpha[5]: 15.7172
2025-08-11 13:24:21,943 - DEBUG - Joint score for alpha[6]: 15.8569
2025-08-11 13:24:25,434 - DEBUG - Joint score for alpha[7]: 15.8398
2025-08-11 13:24:28,925 - DEBUG - Joint score for alpha[8]: 15.7620
2025-08-11 13:24:32,414 - DEBUG - Joint score for alpha[9]: 15.6888
2025-08-11 13:24:35,906 - DEBUG - Joint score for alpha[10]: 15.8534
2025-08-11 13:24:39,398 - DEBUG - Joint score for alpha[11]: 15.8501
2025-08-11 13:24:42,889 - DEBUG - Joint score for alpha[12]: 15.8785
2025-08-11 13:24:46,381 - DEBUG - Joint score for alpha[13]: 16.0217
2025-08-11 13:24:49,874 - DEBUG - Joint score for alpha[14]: 15.8477
2025-08-11 13:24:53,365 - DEBUG - Joint score for alpha[15]: 15.9482
2025-08-11 13:24:59,925 - DEBUG - Joint score for alpha[0]: 15.8252
2025-08-11 13:25:03,422 - DEBUG - Joint score for alpha[1]: 15.8742
2025-08-11 13:25:06,916 - DEBUG - Joint score for alpha[2]: 15.9138
2025-08-11 13:25:10,411 - DEBUG - Joint score for alpha[3]: 15.7855
2025-08-11 13:25:13,906 - DEBUG - Joint score for alpha[4]: 16.0585
2025-08-11 13:25:17,397 - DEBUG - Joint score for alpha[5]: 15.7296
2025-08-11 13:25:20,890 - DEBUG - Joint score for alpha[6]: 15.5858
2025-08-11 13:25:24,380 - DEBUG - Joint score for alpha[7]: 15.8896
2025-08-11 13:25:27,870 - DEBUG - Joint score for alpha[8]: 15.7965
2025-08-11 13:25:31,361 - DEBUG - Joint score for alpha[9]: 15.7697
2025-08-11 13:25:34,854 - DEBUG - Joint score for alpha[10]: 15.8622
2025-08-11 13:25:38,346 - DEBUG - Joint score for alpha[11]: 15.9424
2025-08-11 13:25:41,836 - DEBUG - Joint score for alpha[12]: 15.9623
2025-08-11 13:25:45,328 - DEBUG - Joint score for alpha[13]: 15.9103
2025-08-11 13:25:48,820 - DEBUG - Joint score for alpha[14]: 16.0650
2025-08-11 13:25:52,313 - DEBUG - Joint score for alpha[15]: 15.9897
2025-08-11 13:25:58,973 - DEBUG - Joint score for alpha[0]: 18.4203
2025-08-11 13:26:02,468 - DEBUG - Joint score for alpha[1]: 16.2331
2025-08-11 13:26:05,960 - DEBUG - Joint score for alpha[2]: 15.7734
2025-08-11 13:26:09,452 - DEBUG - Joint score for alpha[3]: 15.9381
2025-08-11 13:26:12,945 - DEBUG - Joint score for alpha[4]: 15.9136
2025-08-11 13:26:16,437 - DEBUG - Joint score for alpha[5]: 15.9150
2025-08-11 13:26:19,929 - DEBUG - Joint score for alpha[6]: 16.5623
2025-08-11 13:26:23,421 - DEBUG - Joint score for alpha[7]: 16.8006
2025-08-11 13:26:26,913 - DEBUG - Joint score for alpha[8]: 15.8644
2025-08-11 13:26:30,405 - DEBUG - Joint score for alpha[9]: 15.9923
2025-08-11 13:26:33,899 - DEBUG - Joint score for alpha[10]: 16.1379
2025-08-11 13:26:37,392 - DEBUG - Joint score for alpha[11]: 15.6828
2025-08-11 13:26:40,883 - DEBUG - Joint score for alpha[12]: 15.8349
2025-08-11 13:26:44,376 - DEBUG - Joint score for alpha[13]: 16.1144
2025-08-11 13:26:47,868 - DEBUG - Joint score for alpha[14]: 15.8283
2025-08-11 13:26:51,361 - DEBUG - Joint score for alpha[15]: 15.9404
2025-08-11 13:26:57,923 - DEBUG - Joint score for alpha[0]: 16.4066
2025-08-11 13:27:01,417 - DEBUG - Joint score for alpha[1]: 16.1768
2025-08-11 13:27:04,909 - DEBUG - Joint score for alpha[2]: 15.9928
2025-08-11 13:27:08,401 - DEBUG - Joint score for alpha[3]: 15.6855
2025-08-11 13:27:11,893 - DEBUG - Joint score for alpha[4]: 19.2662
2025-08-11 13:27:15,383 - DEBUG - Joint score for alpha[5]: 15.7793
2025-08-11 13:27:18,875 - DEBUG - Joint score for alpha[6]: 15.8626
2025-08-11 13:27:22,365 - DEBUG - Joint score for alpha[7]: 15.8525
2025-08-11 13:27:25,856 - DEBUG - Joint score for alpha[8]: 16.0518
2025-08-11 13:27:29,346 - DEBUG - Joint score for alpha[9]: 15.9185
2025-08-11 13:27:32,841 - DEBUG - Joint score for alpha[10]: 16.0596
2025-08-11 13:27:36,333 - DEBUG - Joint score for alpha[11]: 15.9732
2025-08-11 13:27:39,824 - DEBUG - Joint score for alpha[12]: 15.7576
2025-08-11 13:27:43,316 - DEBUG - Joint score for alpha[13]: 16.0485
2025-08-11 13:27:46,808 - DEBUG - Joint score for alpha[14]: 15.8986
2025-08-11 13:27:50,299 - DEBUG - Joint score for alpha[15]: 15.7729
2025-08-11 13:27:50,340 - INFO - Step 15/120: mean ENERGY=15.6400
2025-08-11 13:27:50,341 - DEBUG - Beginning Gibbs iteration s = 15
2025-08-11 13:27:52,463 - DEBUG - Proposal variance adapted: 0.061
2025-08-11 13:27:58,976 - DEBUG - Joint score for alpha[0]: 17.5777
2025-08-11 13:28:02,471 - DEBUG - Joint score for alpha[1]: 16.4167
2025-08-11 13:28:05,964 - DEBUG - Joint score for alpha[2]: 18.1107
2025-08-11 13:28:09,457 - DEBUG - Joint score for alpha[3]: 16.7182
2025-08-11 13:28:12,951 - DEBUG - Joint score for alpha[4]: 17.7919
2025-08-11 13:28:16,442 - DEBUG - Joint score for alpha[5]: 16.5080
2025-08-11 13:28:19,931 - DEBUG - Joint score for alpha[6]: 16.0026
2025-08-11 13:28:23,422 - DEBUG - Joint score for alpha[7]: 16.8346
2025-08-11 13:28:26,913 - DEBUG - Joint score for alpha[8]: 18.6952
2025-08-11 13:28:30,403 - DEBUG - Joint score for alpha[9]: 16.1466
2025-08-11 13:28:33,894 - DEBUG - Joint score for alpha[10]: 17.0884
2025-08-11 13:28:37,386 - DEBUG - Joint score for alpha[11]: 16.0771
2025-08-11 13:28:40,876 - DEBUG - Joint score for alpha[12]: 16.2962
2025-08-11 13:28:44,368 - DEBUG - Joint score for alpha[13]: 16.0349
2025-08-11 13:28:47,859 - DEBUG - Joint score for alpha[14]: 16.4565
2025-08-11 13:28:51,349 - DEBUG - Joint score for alpha[15]: 16.4640
2025-08-11 13:28:58,074 - DEBUG - Joint score for alpha[0]: 15.8064
2025-08-11 13:29:01,570 - DEBUG - Joint score for alpha[1]: 16.2381
2025-08-11 13:29:05,064 - DEBUG - Joint score for alpha[2]: 15.9979
2025-08-11 13:29:08,559 - DEBUG - Joint score for alpha[3]: 16.1741
2025-08-11 13:29:12,053 - DEBUG - Joint score for alpha[4]: 16.1229
2025-08-11 13:29:15,546 - DEBUG - Joint score for alpha[5]: 15.7536
2025-08-11 13:29:19,040 - DEBUG - Joint score for alpha[6]: 15.7405
2025-08-11 13:29:22,531 - DEBUG - Joint score for alpha[7]: 16.0125
2025-08-11 13:29:26,021 - DEBUG - Joint score for alpha[8]: 16.2729
2025-08-11 13:29:29,510 - DEBUG - Joint score for alpha[9]: 17.4659
2025-08-11 13:29:33,002 - DEBUG - Joint score for alpha[10]: 16.2542
2025-08-11 13:29:36,493 - DEBUG - Joint score for alpha[11]: 16.4054
2025-08-11 13:29:39,984 - DEBUG - Joint score for alpha[12]: 16.0431
2025-08-11 13:29:43,476 - DEBUG - Joint score for alpha[13]: 15.8900
2025-08-11 13:29:46,968 - DEBUG - Joint score for alpha[14]: 16.1120
2025-08-11 13:29:50,459 - DEBUG - Joint score for alpha[15]: 16.1588
2025-08-11 13:29:56,976 - DEBUG - Joint score for alpha[0]: 15.9568
2025-08-11 13:30:00,471 - DEBUG - Joint score for alpha[1]: 15.8602
2025-08-11 13:30:03,964 - DEBUG - Joint score for alpha[2]: 16.1164
2025-08-11 13:30:07,458 - DEBUG - Joint score for alpha[3]: 16.3050
2025-08-11 13:30:10,950 - DEBUG - Joint score for alpha[4]: 16.3976
2025-08-11 13:30:14,442 - DEBUG - Joint score for alpha[5]: 15.8355
2025-08-11 13:30:17,938 - DEBUG - Joint score for alpha[6]: 16.0226
2025-08-11 13:30:21,431 - DEBUG - Joint score for alpha[7]: 15.7379
2025-08-11 13:30:24,922 - DEBUG - Joint score for alpha[8]: 15.9555
2025-08-11 13:30:28,412 - DEBUG - Joint score for alpha[9]: 16.1866
2025-08-11 13:30:31,905 - DEBUG - Joint score for alpha[10]: 15.9304
2025-08-11 13:30:35,397 - DEBUG - Joint score for alpha[11]: 15.8533
2025-08-11 13:30:38,887 - DEBUG - Joint score for alpha[12]: 15.7360
2025-08-11 13:30:42,379 - DEBUG - Joint score for alpha[13]: 16.0583
2025-08-11 13:30:45,870 - DEBUG - Joint score for alpha[14]: 15.6873
2025-08-11 13:30:49,360 - DEBUG - Joint score for alpha[15]: 15.8971
2025-08-11 13:30:56,083 - DEBUG - Joint score for alpha[0]: 15.9607
2025-08-11 13:30:59,579 - DEBUG - Joint score for alpha[1]: 15.8479
2025-08-11 13:31:03,072 - DEBUG - Joint score for alpha[2]: 15.8340
2025-08-11 13:31:06,565 - DEBUG - Joint score for alpha[3]: 16.0795
2025-08-11 13:31:10,059 - DEBUG - Joint score for alpha[4]: 16.4774
2025-08-11 13:31:13,551 - DEBUG - Joint score for alpha[5]: 15.8073
2025-08-11 13:31:17,045 - DEBUG - Joint score for alpha[6]: 15.9651
2025-08-11 13:31:20,537 - DEBUG - Joint score for alpha[7]: 15.6945
2025-08-11 13:31:24,029 - DEBUG - Joint score for alpha[8]: 15.8628
2025-08-11 13:31:27,521 - DEBUG - Joint score for alpha[9]: 15.8084
2025-08-11 13:31:31,015 - DEBUG - Joint score for alpha[10]: 15.7761
2025-08-11 13:31:34,508 - DEBUG - Joint score for alpha[11]: 16.0537
2025-08-11 13:31:37,999 - DEBUG - Joint score for alpha[12]: 15.7510
2025-08-11 13:31:41,493 - DEBUG - Joint score for alpha[13]: 15.7589
2025-08-11 13:31:44,987 - DEBUG - Joint score for alpha[14]: 16.1350
2025-08-11 13:31:48,478 - DEBUG - Joint score for alpha[15]: 16.0215
2025-08-11 13:31:54,995 - DEBUG - Joint score for alpha[0]: 15.7698
2025-08-11 13:31:58,491 - DEBUG - Joint score for alpha[1]: 15.9907
2025-08-11 13:32:01,985 - DEBUG - Joint score for alpha[2]: 16.0818
2025-08-11 13:32:05,479 - DEBUG - Joint score for alpha[3]: 15.8456
2025-08-11 13:32:08,973 - DEBUG - Joint score for alpha[4]: 16.1141
2025-08-11 13:32:12,466 - DEBUG - Joint score for alpha[5]: 15.9409
2025-08-11 13:32:15,960 - DEBUG - Joint score for alpha[6]: 16.9480
2025-08-11 13:32:19,452 - DEBUG - Joint score for alpha[7]: 15.7861
2025-08-11 13:32:22,944 - DEBUG - Joint score for alpha[8]: 17.1146
2025-08-11 13:32:26,436 - DEBUG - Joint score for alpha[9]: 16.1649
2025-08-11 13:32:29,931 - DEBUG - Joint score for alpha[10]: 15.9003
2025-08-11 13:32:33,425 - DEBUG - Joint score for alpha[11]: 16.0056
2025-08-11 13:32:36,917 - DEBUG - Joint score for alpha[12]: 16.1183
2025-08-11 13:32:40,410 - DEBUG - Joint score for alpha[13]: 16.2391
2025-08-11 13:32:43,903 - DEBUG - Joint score for alpha[14]: 16.1510
2025-08-11 13:32:47,397 - DEBUG - Joint score for alpha[15]: 16.6134
2025-08-11 13:32:47,437 - INFO - Step 16/120: mean ENERGY=15.7790
2025-08-11 13:32:47,438 - DEBUG - Beginning Gibbs iteration s = 16
2025-08-11 13:32:56,449 - DEBUG - Joint score for alpha[0]: 15.8936
2025-08-11 13:32:59,943 - DEBUG - Joint score for alpha[1]: 18.1237
2025-08-11 13:33:03,436 - DEBUG - Joint score for alpha[2]: 15.7345
2025-08-11 13:33:06,928 - DEBUG - Joint score for alpha[3]: 15.9565
2025-08-11 13:33:10,421 - DEBUG - Joint score for alpha[4]: 16.3215
2025-08-11 13:33:13,913 - DEBUG - Joint score for alpha[5]: 15.8626
2025-08-11 13:33:17,406 - DEBUG - Joint score for alpha[6]: 15.8420
2025-08-11 13:33:20,898 - DEBUG - Joint score for alpha[7]: 16.7857
2025-08-11 13:33:24,389 - DEBUG - Joint score for alpha[8]: 18.4764
2025-08-11 13:33:27,881 - DEBUG - Joint score for alpha[9]: 16.2006
2025-08-11 13:33:31,376 - DEBUG - Joint score for alpha[10]: 17.8683
2025-08-11 13:33:34,870 - DEBUG - Joint score for alpha[11]: 15.7843
2025-08-11 13:33:38,362 - DEBUG - Joint score for alpha[12]: 16.1287
2025-08-11 13:33:41,854 - DEBUG - Joint score for alpha[13]: 16.0694
2025-08-11 13:33:45,348 - DEBUG - Joint score for alpha[14]: 15.7780
2025-08-11 13:33:48,840 - DEBUG - Joint score for alpha[15]: 15.7271
2025-08-11 13:33:55,358 - DEBUG - Joint score for alpha[0]: 15.7663
2025-08-11 13:33:58,853 - DEBUG - Joint score for alpha[1]: 15.7216
2025-08-11 13:34:02,346 - DEBUG - Joint score for alpha[2]: 15.8342
2025-08-11 13:34:05,839 - DEBUG - Joint score for alpha[3]: 15.7636
2025-08-11 13:34:09,333 - DEBUG - Joint score for alpha[4]: 16.4146
2025-08-11 13:34:12,824 - DEBUG - Joint score for alpha[5]: 15.8652
2025-08-11 13:34:16,317 - DEBUG - Joint score for alpha[6]: 15.8305
2025-08-11 13:34:19,809 - DEBUG - Joint score for alpha[7]: 15.9077
2025-08-11 13:34:23,300 - DEBUG - Joint score for alpha[8]: 16.8197
2025-08-11 13:34:26,793 - DEBUG - Joint score for alpha[9]: 15.7805
2025-08-11 13:34:30,287 - DEBUG - Joint score for alpha[10]: 16.3250
2025-08-11 13:34:33,780 - DEBUG - Joint score for alpha[11]: 15.8009
2025-08-11 13:34:37,273 - DEBUG - Joint score for alpha[12]: 16.0649
2025-08-11 13:34:40,768 - DEBUG - Joint score for alpha[13]: 15.9649
2025-08-11 13:34:44,262 - DEBUG - Joint score for alpha[14]: 15.7099
2025-08-11 13:34:47,755 - DEBUG - Joint score for alpha[15]: 15.7303
2025-08-11 13:34:54,374 - DEBUG - Joint score for alpha[0]: 16.1966
2025-08-11 13:34:57,869 - DEBUG - Joint score for alpha[1]: 15.9106
2025-08-11 13:35:01,362 - DEBUG - Joint score for alpha[2]: 16.0036
2025-08-11 13:35:04,855 - DEBUG - Joint score for alpha[3]: 15.6664
2025-08-11 13:35:08,349 - DEBUG - Joint score for alpha[4]: 15.6899
2025-08-11 13:35:11,841 - DEBUG - Joint score for alpha[5]: 15.7725
2025-08-11 13:35:15,334 - DEBUG - Joint score for alpha[6]: 15.9423
2025-08-11 13:35:18,826 - DEBUG - Joint score for alpha[7]: 15.9989
2025-08-11 13:35:22,318 - DEBUG - Joint score for alpha[8]: 15.8374
2025-08-11 13:35:25,810 - DEBUG - Joint score for alpha[9]: 15.8859
2025-08-11 13:35:29,305 - DEBUG - Joint score for alpha[10]: 15.7539
2025-08-11 13:35:32,799 - DEBUG - Joint score for alpha[11]: 15.7360
2025-08-11 13:35:36,292 - DEBUG - Joint score for alpha[12]: 15.7716
2025-08-11 13:35:39,785 - DEBUG - Joint score for alpha[13]: 16.0031
2025-08-11 13:35:43,278 - DEBUG - Joint score for alpha[14]: 15.8810
2025-08-11 13:35:46,769 - DEBUG - Joint score for alpha[15]: 15.8394
2025-08-11 13:35:53,370 - DEBUG - Joint score for alpha[0]: 15.8870
2025-08-11 13:35:56,864 - DEBUG - Joint score for alpha[1]: 15.6608
2025-08-11 13:36:00,357 - DEBUG - Joint score for alpha[2]: 15.8391
2025-08-11 13:36:03,851 - DEBUG - Joint score for alpha[3]: 15.9282
2025-08-11 13:36:07,345 - DEBUG - Joint score for alpha[4]: 15.7691
2025-08-11 13:36:10,837 - DEBUG - Joint score for alpha[5]: 15.9374
2025-08-11 13:36:14,331 - DEBUG - Joint score for alpha[6]: 15.8554
2025-08-11 13:36:17,823 - DEBUG - Joint score for alpha[7]: 15.8281
2025-08-11 13:36:21,314 - DEBUG - Joint score for alpha[8]: 15.9905
2025-08-11 13:36:24,805 - DEBUG - Joint score for alpha[9]: 15.7962
2025-08-11 13:36:28,299 - DEBUG - Joint score for alpha[10]: 16.4262
2025-08-11 13:36:31,792 - DEBUG - Joint score for alpha[11]: 15.8244
2025-08-11 13:36:35,283 - DEBUG - Joint score for alpha[12]: 16.0480
2025-08-11 13:36:38,775 - DEBUG - Joint score for alpha[13]: 16.0493
2025-08-11 13:36:42,268 - DEBUG - Joint score for alpha[14]: 19.9774
2025-08-11 13:36:45,760 - DEBUG - Joint score for alpha[15]: 15.8908
2025-08-11 13:36:52,287 - DEBUG - Joint score for alpha[0]: 16.5501
2025-08-11 13:36:55,781 - DEBUG - Joint score for alpha[1]: 15.7801
2025-08-11 13:36:59,274 - DEBUG - Joint score for alpha[2]: 15.9713
2025-08-11 13:37:02,766 - DEBUG - Joint score for alpha[3]: 15.8172
2025-08-11 13:37:06,260 - DEBUG - Joint score for alpha[4]: 15.8061
2025-08-11 13:37:09,751 - DEBUG - Joint score for alpha[5]: 15.9738
2025-08-11 13:37:13,242 - DEBUG - Joint score for alpha[6]: 16.0942
2025-08-11 13:37:16,732 - DEBUG - Joint score for alpha[7]: 15.7344
2025-08-11 13:37:20,223 - DEBUG - Joint score for alpha[8]: 15.6239
2025-08-11 13:37:23,714 - DEBUG - Joint score for alpha[9]: 16.1194
2025-08-11 13:37:27,209 - DEBUG - Joint score for alpha[10]: 15.9190
2025-08-11 13:37:30,703 - DEBUG - Joint score for alpha[11]: 15.8294
2025-08-11 13:37:34,195 - DEBUG - Joint score for alpha[12]: 15.8857
2025-08-11 13:37:37,688 - DEBUG - Joint score for alpha[13]: 15.7888
2025-08-11 13:37:41,181 - DEBUG - Joint score for alpha[14]: 15.9518
2025-08-11 13:37:44,674 - DEBUG - Joint score for alpha[15]: 15.9452
2025-08-11 13:37:44,714 - INFO - Step 17/120: mean ENERGY=15.6776
2025-08-11 13:37:44,715 - DEBUG - Beginning Gibbs iteration s = 17
2025-08-11 13:37:53,250 - DEBUG - Joint score for alpha[0]: 16.2590
2025-08-11 13:37:56,745 - DEBUG - Joint score for alpha[1]: 16.8202
2025-08-11 13:38:00,237 - DEBUG - Joint score for alpha[2]: 16.0937
2025-08-11 13:38:03,730 - DEBUG - Joint score for alpha[3]: 16.7435
2025-08-11 13:38:07,223 - DEBUG - Joint score for alpha[4]: 15.8862
2025-08-11 13:38:10,715 - DEBUG - Joint score for alpha[5]: 15.9913
2025-08-11 13:38:14,209 - DEBUG - Joint score for alpha[6]: 15.8764
2025-08-11 13:38:17,701 - DEBUG - Joint score for alpha[7]: 15.6851
2025-08-11 13:38:21,194 - DEBUG - Joint score for alpha[8]: 16.1283
2025-08-11 13:38:24,687 - DEBUG - Joint score for alpha[9]: 15.5843
2025-08-11 13:38:28,182 - DEBUG - Joint score for alpha[10]: 15.8220
2025-08-11 13:38:31,678 - DEBUG - Joint score for alpha[11]: 16.0166
2025-08-11 13:38:35,170 - DEBUG - Joint score for alpha[12]: 16.1633
2025-08-11 13:38:38,664 - DEBUG - Joint score for alpha[13]: 15.7838
2025-08-11 13:38:42,159 - DEBUG - Joint score for alpha[14]: 16.3821
2025-08-11 13:38:45,654 - DEBUG - Joint score for alpha[15]: 16.5407
2025-08-11 13:38:52,177 - DEBUG - Joint score for alpha[0]: 15.7108
2025-08-11 13:38:55,674 - DEBUG - Joint score for alpha[1]: 15.9225
2025-08-11 13:38:59,168 - DEBUG - Joint score for alpha[2]: 15.7282
2025-08-11 13:39:02,663 - DEBUG - Joint score for alpha[3]: 16.0118
2025-08-11 13:39:06,158 - DEBUG - Joint score for alpha[4]: 15.9501
2025-08-11 13:39:09,652 - DEBUG - Joint score for alpha[5]: 15.8716
2025-08-11 13:39:13,147 - DEBUG - Joint score for alpha[6]: 15.8231
2025-08-11 13:39:16,641 - DEBUG - Joint score for alpha[7]: 15.6770
2025-08-11 13:39:20,135 - DEBUG - Joint score for alpha[8]: 15.7766
2025-08-11 13:39:23,629 - DEBUG - Joint score for alpha[9]: 15.8179
2025-08-11 13:39:27,125 - DEBUG - Joint score for alpha[10]: 15.8989
2025-08-11 13:39:30,622 - DEBUG - Joint score for alpha[11]: 15.8125
2025-08-11 13:39:34,117 - DEBUG - Joint score for alpha[12]: 16.1723
2025-08-11 13:39:37,613 - DEBUG - Joint score for alpha[13]: 15.8294
2025-08-11 13:39:41,108 - DEBUG - Joint score for alpha[14]: 15.8351
2025-08-11 13:39:44,602 - DEBUG - Joint score for alpha[15]: 15.9275
2025-08-11 13:39:51,158 - DEBUG - Joint score for alpha[0]: 16.0200
2025-08-11 13:39:54,655 - DEBUG - Joint score for alpha[1]: 15.9717
2025-08-11 13:39:58,150 - DEBUG - Joint score for alpha[2]: 15.7929
2025-08-11 13:40:01,644 - DEBUG - Joint score for alpha[3]: 15.9141
2025-08-11 13:40:05,138 - DEBUG - Joint score for alpha[4]: 15.6840
2025-08-11 13:40:08,631 - DEBUG - Joint score for alpha[5]: 15.6881
2025-08-11 13:40:12,125 - DEBUG - Joint score for alpha[6]: 15.9460
2025-08-11 13:40:15,618 - DEBUG - Joint score for alpha[7]: 15.9743
2025-08-11 13:40:19,111 - DEBUG - Joint score for alpha[8]: 15.8779
2025-08-11 13:40:22,604 - DEBUG - Joint score for alpha[9]: 15.8301
2025-08-11 13:40:26,099 - DEBUG - Joint score for alpha[10]: 16.2809
2025-08-11 13:40:29,594 - DEBUG - Joint score for alpha[11]: 15.8567
2025-08-11 13:40:33,087 - DEBUG - Joint score for alpha[12]: 15.8871
2025-08-11 13:40:36,582 - DEBUG - Joint score for alpha[13]: 15.7267
2025-08-11 13:40:40,076 - DEBUG - Joint score for alpha[14]: 15.8778
2025-08-11 13:40:43,569 - DEBUG - Joint score for alpha[15]: 15.7239
2025-08-11 13:40:50,098 - DEBUG - Joint score for alpha[0]: 15.9510
2025-08-11 13:40:53,592 - DEBUG - Joint score for alpha[1]: 16.6839
2025-08-11 13:40:57,082 - DEBUG - Joint score for alpha[2]: 16.0916
2025-08-11 13:41:00,573 - DEBUG - Joint score for alpha[3]: 15.6645
2025-08-11 13:41:04,065 - DEBUG - Joint score for alpha[4]: 16.4551
2025-08-11 13:41:07,553 - DEBUG - Joint score for alpha[5]: 15.8599
2025-08-11 13:41:11,045 - DEBUG - Joint score for alpha[6]: 16.0295
2025-08-11 13:41:14,535 - DEBUG - Joint score for alpha[7]: 15.7675
2025-08-11 13:41:18,026 - DEBUG - Joint score for alpha[8]: 15.7756
2025-08-11 13:41:21,515 - DEBUG - Joint score for alpha[9]: 15.7657
2025-08-11 13:41:25,007 - DEBUG - Joint score for alpha[10]: 15.7496
2025-08-11 13:41:28,498 - DEBUG - Joint score for alpha[11]: 15.8133
2025-08-11 13:41:31,988 - DEBUG - Joint score for alpha[12]: 15.8310
2025-08-11 13:41:35,479 - DEBUG - Joint score for alpha[13]: 15.7502
2025-08-11 13:41:38,969 - DEBUG - Joint score for alpha[14]: 16.0863
2025-08-11 13:41:42,459 - DEBUG - Joint score for alpha[15]: 15.8984
2025-08-11 13:41:49,015 - DEBUG - Joint score for alpha[0]: 16.1838
2025-08-11 13:41:52,510 - DEBUG - Joint score for alpha[1]: 15.7223
2025-08-11 13:41:56,003 - DEBUG - Joint score for alpha[2]: 15.7948
2025-08-11 13:41:59,496 - DEBUG - Joint score for alpha[3]: 15.9761
2025-08-11 13:42:02,989 - DEBUG - Joint score for alpha[4]: 15.7989
2025-08-11 13:42:06,480 - DEBUG - Joint score for alpha[5]: 16.0273
2025-08-11 13:42:09,974 - DEBUG - Joint score for alpha[6]: 16.1872
2025-08-11 13:42:13,466 - DEBUG - Joint score for alpha[7]: 16.2090
2025-08-11 13:42:16,956 - DEBUG - Joint score for alpha[8]: 15.9029
2025-08-11 13:42:20,447 - DEBUG - Joint score for alpha[9]: 16.0115
2025-08-11 13:42:23,941 - DEBUG - Joint score for alpha[10]: 18.5060
2025-08-11 13:42:27,434 - DEBUG - Joint score for alpha[11]: 16.1640
2025-08-11 13:42:30,926 - DEBUG - Joint score for alpha[12]: 16.3100
2025-08-11 13:42:34,416 - DEBUG - Joint score for alpha[13]: 15.8856
2025-08-11 13:42:37,906 - DEBUG - Joint score for alpha[14]: 16.5218
2025-08-11 13:42:41,395 - DEBUG - Joint score for alpha[15]: 15.9106
2025-08-11 13:42:41,435 - INFO - Step 18/120: mean ENERGY=15.6664
2025-08-11 13:42:41,436 - DEBUG - Beginning Gibbs iteration s = 18
2025-08-11 13:42:49,471 - DEBUG - Joint score for alpha[0]: 16.3931
2025-08-11 13:42:52,965 - DEBUG - Joint score for alpha[1]: 16.7902
2025-08-11 13:42:56,457 - DEBUG - Joint score for alpha[2]: 19.6128
2025-08-11 13:42:59,948 - DEBUG - Joint score for alpha[3]: 16.1242
2025-08-11 13:43:03,441 - DEBUG - Joint score for alpha[4]: 16.5824
2025-08-11 13:43:06,932 - DEBUG - Joint score for alpha[5]: 15.8997
2025-08-11 13:43:10,425 - DEBUG - Joint score for alpha[6]: 17.2737
2025-08-11 13:43:13,915 - DEBUG - Joint score for alpha[7]: 15.9676
2025-08-11 13:43:17,404 - DEBUG - Joint score for alpha[8]: 16.2358
2025-08-11 13:43:20,892 - DEBUG - Joint score for alpha[9]: 15.8941
2025-08-11 13:43:24,384 - DEBUG - Joint score for alpha[10]: 17.0182
2025-08-11 13:43:27,876 - DEBUG - Joint score for alpha[11]: 16.2358
2025-08-11 13:43:31,365 - DEBUG - Joint score for alpha[12]: 16.5822
2025-08-11 13:43:34,854 - DEBUG - Joint score for alpha[13]: 17.0544
2025-08-11 13:43:38,344 - DEBUG - Joint score for alpha[14]: 15.7540
2025-08-11 13:43:41,833 - DEBUG - Joint score for alpha[15]: 16.1637
2025-08-11 13:43:48,382 - DEBUG - Joint score for alpha[0]: 15.9211
2025-08-11 13:43:51,877 - DEBUG - Joint score for alpha[1]: 16.2452
2025-08-11 13:43:55,369 - DEBUG - Joint score for alpha[2]: 15.9100
2025-08-11 13:43:58,861 - DEBUG - Joint score for alpha[3]: 16.1516
2025-08-11 13:44:02,354 - DEBUG - Joint score for alpha[4]: 16.2824
2025-08-11 13:44:05,845 - DEBUG - Joint score for alpha[5]: 16.5392
2025-08-11 13:44:09,337 - DEBUG - Joint score for alpha[6]: 15.9372
2025-08-11 13:44:12,828 - DEBUG - Joint score for alpha[7]: 16.3104
2025-08-11 13:44:16,317 - DEBUG - Joint score for alpha[8]: 16.1939
2025-08-11 13:44:19,809 - DEBUG - Joint score for alpha[9]: 16.3493
2025-08-11 13:44:23,303 - DEBUG - Joint score for alpha[10]: 16.0127
2025-08-11 13:44:26,796 - DEBUG - Joint score for alpha[11]: 15.9737
2025-08-11 13:44:30,288 - DEBUG - Joint score for alpha[12]: 15.7269
2025-08-11 13:44:33,779 - DEBUG - Joint score for alpha[13]: 16.4516
2025-08-11 13:44:37,271 - DEBUG - Joint score for alpha[14]: 16.1758
2025-08-11 13:44:40,763 - DEBUG - Joint score for alpha[15]: 15.9291
2025-08-11 13:44:47,317 - DEBUG - Joint score for alpha[0]: 16.0030
2025-08-11 13:44:50,812 - DEBUG - Joint score for alpha[1]: 17.2408
2025-08-11 13:44:54,305 - DEBUG - Joint score for alpha[2]: 16.0040
2025-08-11 13:44:57,797 - DEBUG - Joint score for alpha[3]: 15.9390
2025-08-11 13:45:01,289 - DEBUG - Joint score for alpha[4]: 15.8346
2025-08-11 13:45:04,779 - DEBUG - Joint score for alpha[5]: 15.8294
2025-08-11 13:45:08,270 - DEBUG - Joint score for alpha[6]: 15.9220
2025-08-11 13:45:11,759 - DEBUG - Joint score for alpha[7]: 16.0836
2025-08-11 13:45:15,249 - DEBUG - Joint score for alpha[8]: 16.2158
2025-08-11 13:45:18,738 - DEBUG - Joint score for alpha[9]: 16.0620
2025-08-11 13:45:22,230 - DEBUG - Joint score for alpha[10]: 15.9107
2025-08-11 13:45:25,721 - DEBUG - Joint score for alpha[11]: 15.7153
2025-08-11 13:45:29,210 - DEBUG - Joint score for alpha[12]: 15.8152
2025-08-11 13:45:32,702 - DEBUG - Joint score for alpha[13]: 16.1028
2025-08-11 13:45:36,192 - DEBUG - Joint score for alpha[14]: 15.8390
2025-08-11 13:45:39,681 - DEBUG - Joint score for alpha[15]: 16.1084
2025-08-11 13:45:46,400 - DEBUG - Joint score for alpha[0]: 16.2279
2025-08-11 13:45:49,896 - DEBUG - Joint score for alpha[1]: 15.8537
2025-08-11 13:45:53,389 - DEBUG - Joint score for alpha[2]: 15.9222
2025-08-11 13:45:56,881 - DEBUG - Joint score for alpha[3]: 17.7004
2025-08-11 13:46:00,373 - DEBUG - Joint score for alpha[4]: 16.1816
2025-08-11 13:46:03,863 - DEBUG - Joint score for alpha[5]: 15.8135
2025-08-11 13:46:07,353 - DEBUG - Joint score for alpha[6]: 16.2045
2025-08-11 13:46:10,841 - DEBUG - Joint score for alpha[7]: 17.0889
2025-08-11 13:46:14,331 - DEBUG - Joint score for alpha[8]: 16.3429
2025-08-11 13:46:17,820 - DEBUG - Joint score for alpha[9]: 16.0503
2025-08-11 13:46:21,311 - DEBUG - Joint score for alpha[10]: 16.1188
2025-08-11 13:46:24,802 - DEBUG - Joint score for alpha[11]: 16.1097
2025-08-11 13:46:28,292 - DEBUG - Joint score for alpha[12]: 15.7762
2025-08-11 13:46:31,782 - DEBUG - Joint score for alpha[13]: 16.0406
2025-08-11 13:46:35,273 - DEBUG - Joint score for alpha[14]: 15.9122
2025-08-11 13:46:38,763 - DEBUG - Joint score for alpha[15]: 16.0279
2025-08-11 13:46:45,312 - DEBUG - Joint score for alpha[0]: 16.3471
2025-08-11 13:46:48,808 - DEBUG - Joint score for alpha[1]: 16.9810
2025-08-11 13:46:52,299 - DEBUG - Joint score for alpha[2]: 15.8172
2025-08-11 13:46:55,790 - DEBUG - Joint score for alpha[3]: 15.9810
2025-08-11 13:46:59,282 - DEBUG - Joint score for alpha[4]: 15.8465
2025-08-11 13:47:02,772 - DEBUG - Joint score for alpha[5]: 15.9784
2025-08-11 13:47:06,264 - DEBUG - Joint score for alpha[6]: 16.1936
2025-08-11 13:47:09,755 - DEBUG - Joint score for alpha[7]: 15.9610
2025-08-11 13:47:13,245 - DEBUG - Joint score for alpha[8]: 15.7608
2025-08-11 13:47:16,737 - DEBUG - Joint score for alpha[9]: 16.0497
2025-08-11 13:47:20,231 - DEBUG - Joint score for alpha[10]: 16.0426
2025-08-11 13:47:23,724 - DEBUG - Joint score for alpha[11]: 16.1651
2025-08-11 13:47:27,216 - DEBUG - Joint score for alpha[12]: 16.7994
2025-08-11 13:47:30,708 - DEBUG - Joint score for alpha[13]: 15.9180
2025-08-11 13:47:34,200 - DEBUG - Joint score for alpha[14]: 16.5188
2025-08-11 13:47:37,691 - DEBUG - Joint score for alpha[15]: 16.0048
2025-08-11 13:47:37,732 - INFO - Step 19/120: mean ENERGY=15.7466
2025-08-11 13:47:37,733 - DEBUG - Beginning Gibbs iteration s = 19
2025-08-11 13:47:46,661 - DEBUG - Joint score for alpha[0]: 16.0409
2025-08-11 13:47:50,156 - DEBUG - Joint score for alpha[1]: 17.9203
2025-08-11 13:47:53,649 - DEBUG - Joint score for alpha[2]: 17.5152
2025-08-11 13:47:57,141 - DEBUG - Joint score for alpha[3]: 15.7101
2025-08-11 13:48:00,633 - DEBUG - Joint score for alpha[4]: 16.1761
2025-08-11 13:48:04,122 - DEBUG - Joint score for alpha[5]: 16.8179
2025-08-11 13:48:07,616 - DEBUG - Joint score for alpha[6]: 15.9189
2025-08-11 13:48:11,107 - DEBUG - Joint score for alpha[7]: 17.1128
2025-08-11 13:48:14,597 - DEBUG - Joint score for alpha[8]: 15.8161
2025-08-11 13:48:18,088 - DEBUG - Joint score for alpha[9]: 16.1415
2025-08-11 13:48:21,581 - DEBUG - Joint score for alpha[10]: 15.6624
2025-08-11 13:48:25,074 - DEBUG - Joint score for alpha[11]: 17.0807
2025-08-11 13:48:28,565 - DEBUG - Joint score for alpha[12]: 15.7172
2025-08-11 13:48:32,057 - DEBUG - Joint score for alpha[13]: 19.4265
2025-08-11 13:48:35,550 - DEBUG - Joint score for alpha[14]: 15.9563
2025-08-11 13:48:39,041 - DEBUG - Joint score for alpha[15]: 15.7759
2025-08-11 13:48:45,568 - DEBUG - Joint score for alpha[0]: 15.7065
2025-08-11 13:48:49,061 - DEBUG - Joint score for alpha[1]: 15.7475
2025-08-11 13:48:52,552 - DEBUG - Joint score for alpha[2]: 15.6838
2025-08-11 13:48:56,043 - DEBUG - Joint score for alpha[3]: 15.8634
2025-08-11 13:48:59,535 - DEBUG - Joint score for alpha[4]: 15.8438
2025-08-11 13:49:03,025 - DEBUG - Joint score for alpha[5]: 15.6953
2025-08-11 13:49:06,518 - DEBUG - Joint score for alpha[6]: 15.6951
2025-08-11 13:49:10,008 - DEBUG - Joint score for alpha[7]: 15.8198
2025-08-11 13:49:13,499 - DEBUG - Joint score for alpha[8]: 15.7024
2025-08-11 13:49:16,991 - DEBUG - Joint score for alpha[9]: 15.8445
2025-08-11 13:49:20,484 - DEBUG - Joint score for alpha[10]: 15.9356
2025-08-11 13:49:23,977 - DEBUG - Joint score for alpha[11]: 15.7907
2025-08-11 13:49:27,467 - DEBUG - Joint score for alpha[12]: 15.8069
2025-08-11 13:49:30,958 - DEBUG - Joint score for alpha[13]: 15.8402
2025-08-11 13:49:34,449 - DEBUG - Joint score for alpha[14]: 15.6539
2025-08-11 13:49:37,939 - DEBUG - Joint score for alpha[15]: 15.8475
2025-08-11 13:49:44,469 - DEBUG - Joint score for alpha[0]: 15.7834
2025-08-11 13:49:47,965 - DEBUG - Joint score for alpha[1]: 15.8407
2025-08-11 13:49:51,459 - DEBUG - Joint score for alpha[2]: 15.5660
2025-08-11 13:49:54,951 - DEBUG - Joint score for alpha[3]: 15.6628
2025-08-11 13:49:58,445 - DEBUG - Joint score for alpha[4]: 15.9022
2025-08-11 13:50:01,935 - DEBUG - Joint score for alpha[5]: 15.6200
2025-08-11 13:50:05,424 - DEBUG - Joint score for alpha[6]: 15.8947
2025-08-11 13:50:08,913 - DEBUG - Joint score for alpha[7]: 15.6797
2025-08-11 13:50:12,401 - DEBUG - Joint score for alpha[8]: 15.7318
2025-08-11 13:50:15,890 - DEBUG - Joint score for alpha[9]: 15.6389
2025-08-11 13:50:19,380 - DEBUG - Joint score for alpha[10]: 15.7807
2025-08-11 13:50:22,870 - DEBUG - Joint score for alpha[11]: 15.7506
2025-08-11 13:50:26,359 - DEBUG - Joint score for alpha[12]: 15.7895
2025-08-11 13:50:29,848 - DEBUG - Joint score for alpha[13]: 15.8222
2025-08-11 13:50:33,337 - DEBUG - Joint score for alpha[14]: 16.4174
2025-08-11 13:50:36,826 - DEBUG - Joint score for alpha[15]: 15.7776
2025-08-11 13:50:43,342 - DEBUG - Joint score for alpha[0]: 16.0058
2025-08-11 13:50:46,836 - DEBUG - Joint score for alpha[1]: 15.7145
2025-08-11 13:50:50,328 - DEBUG - Joint score for alpha[2]: 15.6036
2025-08-11 13:50:53,820 - DEBUG - Joint score for alpha[3]: 15.8303
2025-08-11 13:50:57,311 - DEBUG - Joint score for alpha[4]: 16.1221
2025-08-11 13:51:00,799 - DEBUG - Joint score for alpha[5]: 15.7584
2025-08-11 13:51:04,289 - DEBUG - Joint score for alpha[6]: 15.7580
2025-08-11 13:51:07,777 - DEBUG - Joint score for alpha[7]: 16.1308
2025-08-11 13:51:11,268 - DEBUG - Joint score for alpha[8]: 15.7463
2025-08-11 13:51:14,757 - DEBUG - Joint score for alpha[9]: 15.8875
2025-08-11 13:51:18,247 - DEBUG - Joint score for alpha[10]: 16.1960
2025-08-11 13:51:21,737 - DEBUG - Joint score for alpha[11]: 15.5543
2025-08-11 13:51:25,226 - DEBUG - Joint score for alpha[12]: 15.6304
2025-08-11 13:51:28,716 - DEBUG - Joint score for alpha[13]: 15.9163
2025-08-11 13:51:32,207 - DEBUG - Joint score for alpha[14]: 15.6796
2025-08-11 13:51:35,697 - DEBUG - Joint score for alpha[15]: 15.8957
2025-08-11 13:51:42,215 - DEBUG - Joint score for alpha[0]: 16.1786
2025-08-11 13:51:45,710 - DEBUG - Joint score for alpha[1]: 16.1353
2025-08-11 13:51:49,203 - DEBUG - Joint score for alpha[2]: 15.6972
2025-08-11 13:51:52,693 - DEBUG - Joint score for alpha[3]: 15.9781
2025-08-11 13:51:56,185 - DEBUG - Joint score for alpha[4]: 15.7846
2025-08-11 13:51:59,675 - DEBUG - Joint score for alpha[5]: 16.2961
2025-08-11 13:52:03,166 - DEBUG - Joint score for alpha[6]: 17.8959
2025-08-11 13:52:06,656 - DEBUG - Joint score for alpha[7]: 15.9731
2025-08-11 13:52:10,147 - DEBUG - Joint score for alpha[8]: 15.6259
2025-08-11 13:52:13,637 - DEBUG - Joint score for alpha[9]: 16.0884
2025-08-11 13:52:17,129 - DEBUG - Joint score for alpha[10]: 15.6981
2025-08-11 13:52:20,622 - DEBUG - Joint score for alpha[11]: 15.6344
2025-08-11 13:52:24,113 - DEBUG - Joint score for alpha[12]: 16.1983
2025-08-11 13:52:27,604 - DEBUG - Joint score for alpha[13]: 15.9191
2025-08-11 13:52:31,096 - DEBUG - Joint score for alpha[14]: 15.7922
2025-08-11 13:52:34,588 - DEBUG - Joint score for alpha[15]: 16.2935
2025-08-11 13:52:34,628 - INFO - Step 20/120: mean ENERGY=15.6125
2025-08-11 13:52:34,629 - DEBUG - Beginning Gibbs iteration s = 20
2025-08-11 13:52:35,443 - DEBUG - Proposal variance adapted: 0.052
2025-08-11 13:52:41,923 - DEBUG - Joint score for alpha[0]: 16.0086
2025-08-11 13:52:45,417 - DEBUG - Joint score for alpha[1]: 16.2845
2025-08-11 13:52:48,909 - DEBUG - Joint score for alpha[2]: 16.1791
2025-08-11 13:52:52,400 - DEBUG - Joint score for alpha[3]: 16.4088
2025-08-11 13:52:55,893 - DEBUG - Joint score for alpha[4]: 16.9077
2025-08-11 13:52:59,384 - DEBUG - Joint score for alpha[5]: 16.0169
2025-08-11 13:53:02,876 - DEBUG - Joint score for alpha[6]: 15.8295
2025-08-11 13:53:06,367 - DEBUG - Joint score for alpha[7]: 17.7648
2025-08-11 13:53:09,858 - DEBUG - Joint score for alpha[8]: 16.1106
2025-08-11 13:53:13,349 - DEBUG - Joint score for alpha[9]: 16.4819
2025-08-11 13:53:16,842 - DEBUG - Joint score for alpha[10]: 17.3809
2025-08-11 13:53:20,334 - DEBUG - Joint score for alpha[11]: 16.9441
2025-08-11 13:53:23,823 - DEBUG - Joint score for alpha[12]: 16.1857
2025-08-11 13:53:27,315 - DEBUG - Joint score for alpha[13]: 15.8988
2025-08-11 13:53:30,806 - DEBUG - Joint score for alpha[14]: 16.1046
2025-08-11 13:53:34,297 - DEBUG - Joint score for alpha[15]: 15.9061
2025-08-11 13:53:40,850 - DEBUG - Joint score for alpha[0]: 15.7812
2025-08-11 13:53:44,343 - DEBUG - Joint score for alpha[1]: 15.8463
2025-08-11 13:53:47,835 - DEBUG - Joint score for alpha[2]: 15.8573
2025-08-11 13:53:51,325 - DEBUG - Joint score for alpha[3]: 15.9861
2025-08-11 13:53:54,816 - DEBUG - Joint score for alpha[4]: 16.1780
2025-08-11 13:53:58,307 - DEBUG - Joint score for alpha[5]: 15.7243
2025-08-11 13:54:01,799 - DEBUG - Joint score for alpha[6]: 15.9775
2025-08-11 13:54:05,289 - DEBUG - Joint score for alpha[7]: 16.2603
2025-08-11 13:54:08,778 - DEBUG - Joint score for alpha[8]: 15.9316
2025-08-11 13:54:12,268 - DEBUG - Joint score for alpha[9]: 16.4069
2025-08-11 13:54:15,761 - DEBUG - Joint score for alpha[10]: 15.8318
2025-08-11 13:54:19,253 - DEBUG - Joint score for alpha[11]: 15.9889
2025-08-11 13:54:22,743 - DEBUG - Joint score for alpha[12]: 15.6103
2025-08-11 13:54:26,234 - DEBUG - Joint score for alpha[13]: 15.7299
2025-08-11 13:54:29,726 - DEBUG - Joint score for alpha[14]: 15.6555
2025-08-11 13:54:33,217 - DEBUG - Joint score for alpha[15]: 15.8148
2025-08-11 13:54:39,770 - DEBUG - Joint score for alpha[0]: 15.6553
2025-08-11 13:54:43,266 - DEBUG - Joint score for alpha[1]: 15.8310
2025-08-11 13:54:46,758 - DEBUG - Joint score for alpha[2]: 15.7828
2025-08-11 13:54:50,248 - DEBUG - Joint score for alpha[3]: 15.8272
2025-08-11 13:54:53,739 - DEBUG - Joint score for alpha[4]: 16.0577
2025-08-11 13:54:57,228 - DEBUG - Joint score for alpha[5]: 15.8687
2025-08-11 13:55:00,719 - DEBUG - Joint score for alpha[6]: 15.8473
2025-08-11 13:55:04,208 - DEBUG - Joint score for alpha[7]: 15.7766
2025-08-11 13:55:07,697 - DEBUG - Joint score for alpha[8]: 15.8748
2025-08-11 13:55:11,186 - DEBUG - Joint score for alpha[9]: 15.7734
2025-08-11 13:55:14,677 - DEBUG - Joint score for alpha[10]: 15.9403
2025-08-11 13:55:18,168 - DEBUG - Joint score for alpha[11]: 15.8359
2025-08-11 13:55:21,658 - DEBUG - Joint score for alpha[12]: 15.7279
2025-08-11 13:55:25,148 - DEBUG - Joint score for alpha[13]: 16.0211
2025-08-11 13:55:28,638 - DEBUG - Joint score for alpha[14]: 15.8594
2025-08-11 13:55:32,125 - DEBUG - Joint score for alpha[15]: 15.7960
2025-08-11 13:55:38,674 - DEBUG - Joint score for alpha[0]: 15.7568
2025-08-11 13:55:42,169 - DEBUG - Joint score for alpha[1]: 16.4073
2025-08-11 13:55:45,662 - DEBUG - Joint score for alpha[2]: 15.8925
2025-08-11 13:55:49,154 - DEBUG - Joint score for alpha[3]: 15.7018
2025-08-11 13:55:52,647 - DEBUG - Joint score for alpha[4]: 15.7303
2025-08-11 13:55:56,138 - DEBUG - Joint score for alpha[5]: 15.6947
2025-08-11 13:55:59,631 - DEBUG - Joint score for alpha[6]: 15.9498
2025-08-11 13:56:03,122 - DEBUG - Joint score for alpha[7]: 15.7816
2025-08-11 13:56:06,614 - DEBUG - Joint score for alpha[8]: 16.7353
2025-08-11 13:56:10,105 - DEBUG - Joint score for alpha[9]: 16.2303
2025-08-11 13:56:13,598 - DEBUG - Joint score for alpha[10]: 15.9054
2025-08-11 13:56:17,091 - DEBUG - Joint score for alpha[11]: 15.8835
2025-08-11 13:56:20,583 - DEBUG - Joint score for alpha[12]: 16.3138
2025-08-11 13:56:24,075 - DEBUG - Joint score for alpha[13]: 15.7167
2025-08-11 13:56:27,568 - DEBUG - Joint score for alpha[14]: 16.1194
2025-08-11 13:56:31,060 - DEBUG - Joint score for alpha[15]: 15.8198
2025-08-11 13:56:37,785 - DEBUG - Joint score for alpha[0]: 16.2453
2025-08-11 13:56:41,280 - DEBUG - Joint score for alpha[1]: 15.8917
2025-08-11 13:56:44,773 - DEBUG - Joint score for alpha[2]: 15.7992
2025-08-11 13:56:48,266 - DEBUG - Joint score for alpha[3]: 15.6927
2025-08-11 13:56:51,760 - DEBUG - Joint score for alpha[4]: 15.6814
2025-08-11 13:56:55,251 - DEBUG - Joint score for alpha[5]: 15.7475
2025-08-11 13:56:58,742 - DEBUG - Joint score for alpha[6]: 16.2468
2025-08-11 13:57:02,231 - DEBUG - Joint score for alpha[7]: 15.9185
2025-08-11 13:57:05,721 - DEBUG - Joint score for alpha[8]: 15.9691
2025-08-11 13:57:09,211 - DEBUG - Joint score for alpha[9]: 15.7454
2025-08-11 13:57:12,703 - DEBUG - Joint score for alpha[10]: 15.9537
2025-08-11 13:57:16,196 - DEBUG - Joint score for alpha[11]: 16.2446
2025-08-11 13:57:19,687 - DEBUG - Joint score for alpha[12]: 17.3004
2025-08-11 13:57:23,180 - DEBUG - Joint score for alpha[13]: 15.8622
2025-08-11 13:57:26,671 - DEBUG - Joint score for alpha[14]: 16.0255
2025-08-11 13:57:30,163 - DEBUG - Joint score for alpha[15]: 16.1355
2025-08-11 13:57:30,204 - INFO - Step 21/120: mean ENERGY=15.6942
2025-08-11 13:57:30,205 - DEBUG - Beginning Gibbs iteration s = 21
2025-08-11 13:57:38,501 - DEBUG - Joint score for alpha[0]: 22.6688
2025-08-11 13:57:41,996 - DEBUG - Joint score for alpha[1]: 15.6771
2025-08-11 13:57:45,490 - DEBUG - Joint score for alpha[2]: 17.0893
2025-08-11 13:57:48,983 - DEBUG - Joint score for alpha[3]: 16.1496
2025-08-11 13:57:52,476 - DEBUG - Joint score for alpha[4]: 15.8628
2025-08-11 13:57:55,969 - DEBUG - Joint score for alpha[5]: 15.8023
2025-08-11 13:57:59,462 - DEBUG - Joint score for alpha[6]: 17.5823
2025-08-11 13:58:02,955 - DEBUG - Joint score for alpha[7]: 19.3662
2025-08-11 13:58:06,446 - DEBUG - Joint score for alpha[8]: 15.7507
2025-08-11 13:58:09,938 - DEBUG - Joint score for alpha[9]: 15.6087
2025-08-11 13:58:13,432 - DEBUG - Joint score for alpha[10]: 15.7247
2025-08-11 13:58:16,923 - DEBUG - Joint score for alpha[11]: 16.6879
2025-08-11 13:58:20,411 - DEBUG - Joint score for alpha[12]: 16.2041
2025-08-11 13:58:23,901 - DEBUG - Joint score for alpha[13]: 16.6467
2025-08-11 13:58:27,391 - DEBUG - Joint score for alpha[14]: 17.2738
2025-08-11 13:58:30,881 - DEBUG - Joint score for alpha[15]: 18.0958
2025-08-11 13:58:37,433 - DEBUG - Joint score for alpha[0]: 15.6478
2025-08-11 13:58:40,927 - DEBUG - Joint score for alpha[1]: 15.4916
2025-08-11 13:58:44,420 - DEBUG - Joint score for alpha[2]: 17.0127
2025-08-11 13:58:47,912 - DEBUG - Joint score for alpha[3]: 15.7386
2025-08-11 13:58:51,405 - DEBUG - Joint score for alpha[4]: 15.6269
2025-08-11 13:58:54,897 - DEBUG - Joint score for alpha[5]: 15.8592
2025-08-11 13:58:58,390 - DEBUG - Joint score for alpha[6]: 15.7575
2025-08-11 13:59:01,881 - DEBUG - Joint score for alpha[7]: 16.4212
2025-08-11 13:59:05,372 - DEBUG - Joint score for alpha[8]: 15.6202
2025-08-11 13:59:08,864 - DEBUG - Joint score for alpha[9]: 15.7834
2025-08-11 13:59:12,358 - DEBUG - Joint score for alpha[10]: 15.5791
2025-08-11 13:59:15,850 - DEBUG - Joint score for alpha[11]: 15.6983
2025-08-11 13:59:19,340 - DEBUG - Joint score for alpha[12]: 15.8165
2025-08-11 13:59:22,832 - DEBUG - Joint score for alpha[13]: 15.5816
2025-08-11 13:59:26,324 - DEBUG - Joint score for alpha[14]: 15.6219
2025-08-11 13:59:29,815 - DEBUG - Joint score for alpha[15]: 15.7854
2025-08-11 13:59:36,377 - DEBUG - Joint score for alpha[0]: 15.8509
2025-08-11 13:59:39,871 - DEBUG - Joint score for alpha[1]: 15.9296
2025-08-11 13:59:43,362 - DEBUG - Joint score for alpha[2]: 15.7694
2025-08-11 13:59:46,852 - DEBUG - Joint score for alpha[3]: 15.5910
2025-08-11 13:59:50,344 - DEBUG - Joint score for alpha[4]: 15.5504
2025-08-11 13:59:53,835 - DEBUG - Joint score for alpha[5]: 15.9353
2025-08-11 13:59:57,326 - DEBUG - Joint score for alpha[6]: 15.7625
2025-08-11 14:00:00,816 - DEBUG - Joint score for alpha[7]: 15.6537
2025-08-11 14:00:04,308 - DEBUG - Joint score for alpha[8]: 15.7041
2025-08-11 14:00:07,800 - DEBUG - Joint score for alpha[9]: 15.6052
2025-08-11 14:00:11,291 - DEBUG - Joint score for alpha[10]: 16.4689
2025-08-11 14:00:14,785 - DEBUG - Joint score for alpha[11]: 16.9959
2025-08-11 14:00:18,275 - DEBUG - Joint score for alpha[12]: 15.9290
2025-08-11 14:00:21,768 - DEBUG - Joint score for alpha[13]: 15.8220
2025-08-11 14:00:25,258 - DEBUG - Joint score for alpha[14]: 17.3702
2025-08-11 14:00:28,748 - DEBUG - Joint score for alpha[15]: 15.7177
2025-08-11 14:00:35,302 - DEBUG - Joint score for alpha[0]: 15.9633
2025-08-11 14:00:38,798 - DEBUG - Joint score for alpha[1]: 16.8142
2025-08-11 14:00:42,292 - DEBUG - Joint score for alpha[2]: 16.6216
2025-08-11 14:00:45,784 - DEBUG - Joint score for alpha[3]: 15.6586
2025-08-11 14:00:49,275 - DEBUG - Joint score for alpha[4]: 15.7515
2025-08-11 14:00:52,764 - DEBUG - Joint score for alpha[5]: 16.7457
2025-08-11 14:00:56,256 - DEBUG - Joint score for alpha[6]: 16.7974
2025-08-11 14:00:59,746 - DEBUG - Joint score for alpha[7]: 16.0007
2025-08-11 14:01:03,235 - DEBUG - Joint score for alpha[8]: 15.6827
2025-08-11 14:01:06,724 - DEBUG - Joint score for alpha[9]: 15.7517
2025-08-11 14:01:10,215 - DEBUG - Joint score for alpha[10]: 15.7116
2025-08-11 14:01:13,707 - DEBUG - Joint score for alpha[11]: 16.9139
2025-08-11 14:01:17,198 - DEBUG - Joint score for alpha[12]: 16.2278
2025-08-11 14:01:20,689 - DEBUG - Joint score for alpha[13]: 16.9826
2025-08-11 14:01:24,179 - DEBUG - Joint score for alpha[14]: 15.7802
2025-08-11 14:01:27,670 - DEBUG - Joint score for alpha[15]: 15.8139
2025-08-11 14:01:34,228 - DEBUG - Joint score for alpha[0]: 15.6615
2025-08-11 14:01:37,723 - DEBUG - Joint score for alpha[1]: 15.7909
2025-08-11 14:01:41,214 - DEBUG - Joint score for alpha[2]: 15.5884
2025-08-11 14:01:44,705 - DEBUG - Joint score for alpha[3]: 15.7141
2025-08-11 14:01:48,197 - DEBUG - Joint score for alpha[4]: 15.6561
2025-08-11 14:01:51,687 - DEBUG - Joint score for alpha[5]: 15.5436
2025-08-11 14:01:55,179 - DEBUG - Joint score for alpha[6]: 15.4970
2025-08-11 14:01:58,668 - DEBUG - Joint score for alpha[7]: 15.9133
2025-08-11 14:02:02,159 - DEBUG - Joint score for alpha[8]: 15.9900
2025-08-11 14:02:05,649 - DEBUG - Joint score for alpha[9]: 15.8048
2025-08-11 14:02:09,141 - DEBUG - Joint score for alpha[10]: 15.6564
2025-08-11 14:02:12,633 - DEBUG - Joint score for alpha[11]: 15.4873
2025-08-11 14:02:16,122 - DEBUG - Joint score for alpha[12]: 17.5306
2025-08-11 14:02:19,613 - DEBUG - Joint score for alpha[13]: 15.5877
2025-08-11 14:02:23,105 - DEBUG - Joint score for alpha[14]: 18.1736
2025-08-11 14:02:26,596 - DEBUG - Joint score for alpha[15]: 15.4464
2025-08-11 14:02:26,637 - INFO - Step 22/120: mean ENERGY=15.5511
2025-08-11 14:02:26,638 - DEBUG - Beginning Gibbs iteration s = 22
2025-08-11 14:02:34,993 - DEBUG - Joint score for alpha[0]: 19.3899
2025-08-11 14:02:38,488 - DEBUG - Joint score for alpha[1]: 17.8903
2025-08-11 14:02:41,982 - DEBUG - Joint score for alpha[2]: 17.4315
2025-08-11 14:02:45,475 - DEBUG - Joint score for alpha[3]: 15.8070
2025-08-11 14:02:48,969 - DEBUG - Joint score for alpha[4]: 15.8505
2025-08-11 14:02:52,461 - DEBUG - Joint score for alpha[5]: 15.9044
2025-08-11 14:02:55,954 - DEBUG - Joint score for alpha[6]: 16.1706
2025-08-11 14:02:59,446 - DEBUG - Joint score for alpha[7]: 17.4640
2025-08-11 14:03:02,937 - DEBUG - Joint score for alpha[8]: 15.8303
2025-08-11 14:03:06,430 - DEBUG - Joint score for alpha[9]: 17.2117
2025-08-11 14:03:09,922 - DEBUG - Joint score for alpha[10]: 15.8607
2025-08-11 14:03:13,414 - DEBUG - Joint score for alpha[11]: 16.4777
2025-08-11 14:03:16,903 - DEBUG - Joint score for alpha[12]: 16.0408
2025-08-11 14:03:20,394 - DEBUG - Joint score for alpha[13]: 17.5032
2025-08-11 14:03:23,886 - DEBUG - Joint score for alpha[14]: 15.8929
2025-08-11 14:03:27,377 - DEBUG - Joint score for alpha[15]: 16.7984
2025-08-11 14:03:33,935 - DEBUG - Joint score for alpha[0]: 16.0991
2025-08-11 14:03:37,430 - DEBUG - Joint score for alpha[1]: 16.1206
2025-08-11 14:03:40,924 - DEBUG - Joint score for alpha[2]: 16.5570
2025-08-11 14:03:44,414 - DEBUG - Joint score for alpha[3]: 15.9529
2025-08-11 14:03:47,906 - DEBUG - Joint score for alpha[4]: 15.7987
2025-08-11 14:03:51,397 - DEBUG - Joint score for alpha[5]: 15.7187
2025-08-11 14:03:54,888 - DEBUG - Joint score for alpha[6]: 16.2590
2025-08-11 14:03:58,379 - DEBUG - Joint score for alpha[7]: 15.8544
2025-08-11 14:04:01,870 - DEBUG - Joint score for alpha[8]: 15.9603
2025-08-11 14:04:05,361 - DEBUG - Joint score for alpha[9]: 15.7219
2025-08-11 14:04:08,856 - DEBUG - Joint score for alpha[10]: 15.6478
2025-08-11 14:04:12,349 - DEBUG - Joint score for alpha[11]: 16.0067
2025-08-11 14:04:15,842 - DEBUG - Joint score for alpha[12]: 16.6488
2025-08-11 14:04:19,335 - DEBUG - Joint score for alpha[13]: 15.5986
2025-08-11 14:04:22,827 - DEBUG - Joint score for alpha[14]: 15.8423
2025-08-11 14:04:26,320 - DEBUG - Joint score for alpha[15]: 15.5905
2025-08-11 14:04:32,874 - DEBUG - Joint score for alpha[0]: 15.7350
2025-08-11 14:04:36,368 - DEBUG - Joint score for alpha[1]: 15.8988
2025-08-11 14:04:39,860 - DEBUG - Joint score for alpha[2]: 15.7537
2025-08-11 14:04:43,353 - DEBUG - Joint score for alpha[3]: 15.7885
2025-08-11 14:04:46,847 - DEBUG - Joint score for alpha[4]: 15.7359
2025-08-11 14:04:50,339 - DEBUG - Joint score for alpha[5]: 15.8484
2025-08-11 14:04:53,833 - DEBUG - Joint score for alpha[6]: 15.8763
2025-08-11 14:04:57,326 - DEBUG - Joint score for alpha[7]: 15.8341
2025-08-11 14:05:00,818 - DEBUG - Joint score for alpha[8]: 15.6957
2025-08-11 14:05:04,310 - DEBUG - Joint score for alpha[9]: 15.6552
2025-08-11 14:05:07,804 - DEBUG - Joint score for alpha[10]: 16.0492
2025-08-11 14:05:11,298 - DEBUG - Joint score for alpha[11]: 15.9120
2025-08-11 14:05:14,790 - DEBUG - Joint score for alpha[12]: 15.9553
2025-08-11 14:05:18,283 - DEBUG - Joint score for alpha[13]: 15.7954
2025-08-11 14:05:21,776 - DEBUG - Joint score for alpha[14]: 15.8050
2025-08-11 14:05:25,268 - DEBUG - Joint score for alpha[15]: 15.9561
2025-08-11 14:05:31,819 - DEBUG - Joint score for alpha[0]: 16.3719
2025-08-11 14:05:35,313 - DEBUG - Joint score for alpha[1]: 15.7365
2025-08-11 14:05:38,805 - DEBUG - Joint score for alpha[2]: 15.6698
2025-08-11 14:05:42,298 - DEBUG - Joint score for alpha[3]: 16.0194
2025-08-11 14:05:45,790 - DEBUG - Joint score for alpha[4]: 16.4333
2025-08-11 14:05:49,280 - DEBUG - Joint score for alpha[5]: 16.4624
2025-08-11 14:05:52,772 - DEBUG - Joint score for alpha[6]: 16.7043
2025-08-11 14:05:56,263 - DEBUG - Joint score for alpha[7]: 16.2062
2025-08-11 14:05:59,753 - DEBUG - Joint score for alpha[8]: 15.9575
2025-08-11 14:06:03,243 - DEBUG - Joint score for alpha[9]: 16.2811
2025-08-11 14:06:06,737 - DEBUG - Joint score for alpha[10]: 16.0406
2025-08-11 14:06:10,230 - DEBUG - Joint score for alpha[11]: 16.7429
2025-08-11 14:06:13,721 - DEBUG - Joint score for alpha[12]: 15.7179
2025-08-11 14:06:17,213 - DEBUG - Joint score for alpha[13]: 16.0148
2025-08-11 14:06:20,705 - DEBUG - Joint score for alpha[14]: 16.7300
2025-08-11 14:06:24,196 - DEBUG - Joint score for alpha[15]: 15.8827
2025-08-11 14:06:30,748 - DEBUG - Joint score for alpha[0]: 15.6350
2025-08-11 14:06:34,244 - DEBUG - Joint score for alpha[1]: 15.7495
2025-08-11 14:06:37,738 - DEBUG - Joint score for alpha[2]: 15.5812
2025-08-11 14:06:41,229 - DEBUG - Joint score for alpha[3]: 15.8700
2025-08-11 14:06:44,720 - DEBUG - Joint score for alpha[4]: 15.6831
2025-08-11 14:06:48,210 - DEBUG - Joint score for alpha[5]: 15.6292
2025-08-11 14:06:51,701 - DEBUG - Joint score for alpha[6]: 15.9881
2025-08-11 14:06:55,191 - DEBUG - Joint score for alpha[7]: 15.8216
2025-08-11 14:06:58,682 - DEBUG - Joint score for alpha[8]: 15.7271
2025-08-11 14:07:02,173 - DEBUG - Joint score for alpha[9]: 16.1714
2025-08-11 14:07:05,667 - DEBUG - Joint score for alpha[10]: 16.3096
2025-08-11 14:07:09,160 - DEBUG - Joint score for alpha[11]: 15.8890
2025-08-11 14:07:12,651 - DEBUG - Joint score for alpha[12]: 16.2978
2025-08-11 14:07:16,143 - DEBUG - Joint score for alpha[13]: 15.7540
2025-08-11 14:07:19,635 - DEBUG - Joint score for alpha[14]: 15.7998
2025-08-11 14:07:23,126 - DEBUG - Joint score for alpha[15]: 16.0099
2025-08-11 14:07:23,167 - INFO - Step 23/120: mean ENERGY=15.6607
2025-08-11 14:07:23,168 - DEBUG - Beginning Gibbs iteration s = 23
2025-08-11 14:07:30,702 - DEBUG - Joint score for alpha[0]: 15.9854
2025-08-11 14:07:34,197 - DEBUG - Joint score for alpha[1]: 16.2310
2025-08-11 14:07:37,689 - DEBUG - Joint score for alpha[2]: 18.3419
2025-08-11 14:07:41,182 - DEBUG - Joint score for alpha[3]: 16.5364
2025-08-11 14:07:44,676 - DEBUG - Joint score for alpha[4]: 16.3484
2025-08-11 14:07:48,167 - DEBUG - Joint score for alpha[5]: 18.5244
2025-08-11 14:07:51,660 - DEBUG - Joint score for alpha[6]: 16.3609
2025-08-11 14:07:55,152 - DEBUG - Joint score for alpha[7]: 15.7964
2025-08-11 14:07:58,644 - DEBUG - Joint score for alpha[8]: 16.1296
2025-08-11 14:08:02,135 - DEBUG - Joint score for alpha[9]: 16.2622
2025-08-11 14:08:05,630 - DEBUG - Joint score for alpha[10]: 15.7550
2025-08-11 14:08:09,123 - DEBUG - Joint score for alpha[11]: 16.0954
2025-08-11 14:08:12,614 - DEBUG - Joint score for alpha[12]: 16.4821
2025-08-11 14:08:16,107 - DEBUG - Joint score for alpha[13]: 15.9808
2025-08-11 14:08:19,600 - DEBUG - Joint score for alpha[14]: 15.8706
2025-08-11 14:08:23,092 - DEBUG - Joint score for alpha[15]: 16.9195
2025-08-11 14:08:29,611 - DEBUG - Joint score for alpha[0]: 16.2920
2025-08-11 14:08:33,105 - DEBUG - Joint score for alpha[1]: 16.0154
2025-08-11 14:08:36,598 - DEBUG - Joint score for alpha[2]: 15.8868
2025-08-11 14:08:40,090 - DEBUG - Joint score for alpha[3]: 15.9845
2025-08-11 14:08:43,583 - DEBUG - Joint score for alpha[4]: 15.6519
2025-08-11 14:08:47,075 - DEBUG - Joint score for alpha[5]: 15.8754
2025-08-11 14:08:50,568 - DEBUG - Joint score for alpha[6]: 15.7678
2025-08-11 14:08:54,059 - DEBUG - Joint score for alpha[7]: 15.9899
2025-08-11 14:08:57,551 - DEBUG - Joint score for alpha[8]: 15.8769
2025-08-11 14:09:01,041 - DEBUG - Joint score for alpha[9]: 15.9507
2025-08-11 14:09:04,533 - DEBUG - Joint score for alpha[10]: 16.7306
2025-08-11 14:09:08,024 - DEBUG - Joint score for alpha[11]: 16.3656
2025-08-11 14:09:11,513 - DEBUG - Joint score for alpha[12]: 15.7148
2025-08-11 14:09:15,005 - DEBUG - Joint score for alpha[13]: 15.7231
2025-08-11 14:09:18,496 - DEBUG - Joint score for alpha[14]: 15.9056
2025-08-11 14:09:21,986 - DEBUG - Joint score for alpha[15]: 15.6995
2025-08-11 14:09:28,503 - DEBUG - Joint score for alpha[0]: 15.8819
2025-08-11 14:09:31,999 - DEBUG - Joint score for alpha[1]: 15.8468
2025-08-11 14:09:35,490 - DEBUG - Joint score for alpha[2]: 15.8362
2025-08-11 14:09:38,980 - DEBUG - Joint score for alpha[3]: 15.8630
2025-08-11 14:09:42,472 - DEBUG - Joint score for alpha[4]: 16.2344
2025-08-11 14:09:45,962 - DEBUG - Joint score for alpha[5]: 15.6039
2025-08-11 14:09:49,453 - DEBUG - Joint score for alpha[6]: 16.0026
2025-08-11 14:09:52,944 - DEBUG - Joint score for alpha[7]: 15.7205
2025-08-11 14:09:56,435 - DEBUG - Joint score for alpha[8]: 15.6029
2025-08-11 14:09:59,926 - DEBUG - Joint score for alpha[9]: 15.6676
2025-08-11 14:10:03,418 - DEBUG - Joint score for alpha[10]: 15.9330
2025-08-11 14:10:06,911 - DEBUG - Joint score for alpha[11]: 16.1415
2025-08-11 14:10:10,401 - DEBUG - Joint score for alpha[12]: 15.9512
2025-08-11 14:10:13,891 - DEBUG - Joint score for alpha[13]: 15.9026
2025-08-11 14:10:17,382 - DEBUG - Joint score for alpha[14]: 15.6032
2025-08-11 14:10:20,871 - DEBUG - Joint score for alpha[15]: 16.0000
2025-08-11 14:10:27,392 - DEBUG - Joint score for alpha[0]: 16.1322
2025-08-11 14:10:30,887 - DEBUG - Joint score for alpha[1]: 16.0631
2025-08-11 14:10:34,379 - DEBUG - Joint score for alpha[2]: 15.9690
2025-08-11 14:10:37,873 - DEBUG - Joint score for alpha[3]: 16.5594
2025-08-11 14:10:41,366 - DEBUG - Joint score for alpha[4]: 16.1681
2025-08-11 14:10:44,858 - DEBUG - Joint score for alpha[5]: 15.7116
2025-08-11 14:10:48,351 - DEBUG - Joint score for alpha[6]: 16.1645
2025-08-11 14:10:51,842 - DEBUG - Joint score for alpha[7]: 15.7057
2025-08-11 14:10:55,334 - DEBUG - Joint score for alpha[8]: 16.1116
2025-08-11 14:10:58,825 - DEBUG - Joint score for alpha[9]: 15.8836
2025-08-11 14:11:02,318 - DEBUG - Joint score for alpha[10]: 15.8710
2025-08-11 14:11:05,811 - DEBUG - Joint score for alpha[11]: 15.9032
2025-08-11 14:11:09,303 - DEBUG - Joint score for alpha[12]: 15.8892
2025-08-11 14:11:12,795 - DEBUG - Joint score for alpha[13]: 16.0987
2025-08-11 14:11:16,289 - DEBUG - Joint score for alpha[14]: 15.9201
2025-08-11 14:11:19,781 - DEBUG - Joint score for alpha[15]: 16.3302
2025-08-11 14:11:26,301 - DEBUG - Joint score for alpha[0]: 16.1173
2025-08-11 14:11:29,795 - DEBUG - Joint score for alpha[1]: 15.8138
2025-08-11 14:11:33,287 - DEBUG - Joint score for alpha[2]: 15.6060
2025-08-11 14:11:36,781 - DEBUG - Joint score for alpha[3]: 15.8958
2025-08-11 14:11:40,274 - DEBUG - Joint score for alpha[4]: 15.7080
2025-08-11 14:11:43,766 - DEBUG - Joint score for alpha[5]: 15.6030
2025-08-11 14:11:47,258 - DEBUG - Joint score for alpha[6]: 15.9512
2025-08-11 14:11:50,751 - DEBUG - Joint score for alpha[7]: 17.7033
2025-08-11 14:11:54,241 - DEBUG - Joint score for alpha[8]: 16.1291
2025-08-11 14:11:57,731 - DEBUG - Joint score for alpha[9]: 16.3156
2025-08-11 14:12:01,223 - DEBUG - Joint score for alpha[10]: 15.9644
2025-08-11 14:12:04,714 - DEBUG - Joint score for alpha[11]: 15.8907
2025-08-11 14:12:08,204 - DEBUG - Joint score for alpha[12]: 15.9417
2025-08-11 14:12:11,695 - DEBUG - Joint score for alpha[13]: 15.7120
2025-08-11 14:12:15,186 - DEBUG - Joint score for alpha[14]: 15.8010
2025-08-11 14:12:18,676 - DEBUG - Joint score for alpha[15]: 15.9868
2025-08-11 14:12:18,717 - INFO - Step 24/120: mean ENERGY=15.6637
2025-08-11 14:12:18,718 - DEBUG - Beginning Gibbs iteration s = 24
2025-08-11 14:12:26,588 - DEBUG - Joint score for alpha[0]: 19.4135
2025-08-11 14:12:30,082 - DEBUG - Joint score for alpha[1]: 15.7424
2025-08-11 14:12:33,574 - DEBUG - Joint score for alpha[2]: 15.9810
2025-08-11 14:12:37,067 - DEBUG - Joint score for alpha[3]: 15.8813
2025-08-11 14:12:40,559 - DEBUG - Joint score for alpha[4]: 16.0167
2025-08-11 14:12:44,049 - DEBUG - Joint score for alpha[5]: 15.8343
2025-08-11 14:12:47,542 - DEBUG - Joint score for alpha[6]: 16.5185
2025-08-11 14:12:51,034 - DEBUG - Joint score for alpha[7]: 16.0799
2025-08-11 14:12:54,525 - DEBUG - Joint score for alpha[8]: 15.7525
2025-08-11 14:12:58,016 - DEBUG - Joint score for alpha[9]: 16.6854
2025-08-11 14:13:01,510 - DEBUG - Joint score for alpha[10]: 16.6059
2025-08-11 14:13:05,003 - DEBUG - Joint score for alpha[11]: 19.2466
2025-08-11 14:13:08,493 - DEBUG - Joint score for alpha[12]: 15.7552
2025-08-11 14:13:11,986 - DEBUG - Joint score for alpha[13]: 16.8866
2025-08-11 14:13:15,478 - DEBUG - Joint score for alpha[14]: 16.5012
2025-08-11 14:13:18,969 - DEBUG - Joint score for alpha[15]: 15.7543
2025-08-11 14:13:25,552 - DEBUG - Joint score for alpha[0]: 15.7664
2025-08-11 14:13:29,046 - DEBUG - Joint score for alpha[1]: 16.0109
2025-08-11 14:13:32,537 - DEBUG - Joint score for alpha[2]: 15.8307
2025-08-11 14:13:36,029 - DEBUG - Joint score for alpha[3]: 15.9399
2025-08-11 14:13:39,521 - DEBUG - Joint score for alpha[4]: 16.0630
2025-08-11 14:13:43,013 - DEBUG - Joint score for alpha[5]: 15.8657
2025-08-11 14:13:46,506 - DEBUG - Joint score for alpha[6]: 15.8891
2025-08-11 14:13:49,996 - DEBUG - Joint score for alpha[7]: 15.6552
2025-08-11 14:13:53,486 - DEBUG - Joint score for alpha[8]: 15.8910
2025-08-11 14:13:56,978 - DEBUG - Joint score for alpha[9]: 15.9623
2025-08-11 14:14:00,472 - DEBUG - Joint score for alpha[10]: 15.9017
2025-08-11 14:14:03,965 - DEBUG - Joint score for alpha[11]: 15.7630
2025-08-11 14:14:07,455 - DEBUG - Joint score for alpha[12]: 15.8771
2025-08-11 14:14:10,945 - DEBUG - Joint score for alpha[13]: 15.8493
2025-08-11 14:14:14,435 - DEBUG - Joint score for alpha[14]: 16.0924
2025-08-11 14:14:17,925 - DEBUG - Joint score for alpha[15]: 15.9650
2025-08-11 14:14:24,443 - DEBUG - Joint score for alpha[0]: 15.6889
2025-08-11 14:14:27,937 - DEBUG - Joint score for alpha[1]: 16.0301
2025-08-11 14:14:31,429 - DEBUG - Joint score for alpha[2]: 15.7188
2025-08-11 14:14:34,922 - DEBUG - Joint score for alpha[3]: 16.1000
2025-08-11 14:14:38,415 - DEBUG - Joint score for alpha[4]: 16.1986
2025-08-11 14:14:41,906 - DEBUG - Joint score for alpha[5]: 15.5975
2025-08-11 14:14:45,397 - DEBUG - Joint score for alpha[6]: 15.8043
2025-08-11 14:14:48,886 - DEBUG - Joint score for alpha[7]: 16.3834
2025-08-11 14:14:52,375 - DEBUG - Joint score for alpha[8]: 16.0687
2025-08-11 14:14:55,865 - DEBUG - Joint score for alpha[9]: 15.8948
2025-08-11 14:14:59,357 - DEBUG - Joint score for alpha[10]: 15.6815
2025-08-11 14:15:02,848 - DEBUG - Joint score for alpha[11]: 16.0934
2025-08-11 14:15:06,338 - DEBUG - Joint score for alpha[12]: 15.6495
2025-08-11 14:15:09,829 - DEBUG - Joint score for alpha[13]: 15.8250
2025-08-11 14:15:13,321 - DEBUG - Joint score for alpha[14]: 16.5584
2025-08-11 14:15:16,812 - DEBUG - Joint score for alpha[15]: 15.8287
2025-08-11 14:15:23,331 - DEBUG - Joint score for alpha[0]: 15.8074
2025-08-11 14:15:26,825 - DEBUG - Joint score for alpha[1]: 15.7980
2025-08-11 14:15:30,316 - DEBUG - Joint score for alpha[2]: 15.7064
2025-08-11 14:15:33,808 - DEBUG - Joint score for alpha[3]: 15.9266
2025-08-11 14:15:37,301 - DEBUG - Joint score for alpha[4]: 16.2101
2025-08-11 14:15:40,792 - DEBUG - Joint score for alpha[5]: 16.6353
2025-08-11 14:15:44,284 - DEBUG - Joint score for alpha[6]: 17.0548
2025-08-11 14:15:47,774 - DEBUG - Joint score for alpha[7]: 15.8625
2025-08-11 14:15:51,265 - DEBUG - Joint score for alpha[8]: 15.7004
2025-08-11 14:15:54,756 - DEBUG - Joint score for alpha[9]: 15.9217
2025-08-11 14:15:58,249 - DEBUG - Joint score for alpha[10]: 15.8933
2025-08-11 14:16:01,742 - DEBUG - Joint score for alpha[11]: 17.0442
2025-08-11 14:16:05,233 - DEBUG - Joint score for alpha[12]: 15.8224
2025-08-11 14:16:08,727 - DEBUG - Joint score for alpha[13]: 16.7017
2025-08-11 14:16:12,219 - DEBUG - Joint score for alpha[14]: 15.8573
2025-08-11 14:16:15,711 - DEBUG - Joint score for alpha[15]: 15.8389
2025-08-11 14:16:22,228 - DEBUG - Joint score for alpha[0]: 16.1313
2025-08-11 14:16:25,722 - DEBUG - Joint score for alpha[1]: 16.1534
2025-08-11 14:16:29,214 - DEBUG - Joint score for alpha[2]: 15.6864
2025-08-11 14:16:32,707 - DEBUG - Joint score for alpha[3]: 16.1001
2025-08-11 14:16:36,200 - DEBUG - Joint score for alpha[4]: 16.2328
2025-08-11 14:16:39,691 - DEBUG - Joint score for alpha[5]: 15.9575
2025-08-11 14:16:43,183 - DEBUG - Joint score for alpha[6]: 16.0001
2025-08-11 14:16:46,674 - DEBUG - Joint score for alpha[7]: 15.8989
2025-08-11 14:16:50,166 - DEBUG - Joint score for alpha[8]: 15.5661
2025-08-11 14:16:53,657 - DEBUG - Joint score for alpha[9]: 15.9439
2025-08-11 14:16:57,150 - DEBUG - Joint score for alpha[10]: 16.2414
2025-08-11 14:17:00,643 - DEBUG - Joint score for alpha[11]: 15.8849
2025-08-11 14:17:04,135 - DEBUG - Joint score for alpha[12]: 16.0184
2025-08-11 14:17:07,627 - DEBUG - Joint score for alpha[13]: 16.1150
2025-08-11 14:17:11,119 - DEBUG - Joint score for alpha[14]: 15.8185
2025-08-11 14:17:14,611 - DEBUG - Joint score for alpha[15]: 16.1589
2025-08-11 14:17:14,652 - INFO - Step 25/120: mean ENERGY=15.6523
2025-08-11 14:17:14,653 - DEBUG - Beginning Gibbs iteration s = 25
2025-08-11 14:17:15,601 - DEBUG - Proposal variance adapted: 0.044
2025-08-11 14:17:22,119 - DEBUG - Joint score for alpha[0]: 15.7514
2025-08-11 14:17:25,614 - DEBUG - Joint score for alpha[1]: 15.9675
2025-08-11 14:17:29,108 - DEBUG - Joint score for alpha[2]: 16.3634
2025-08-11 14:17:32,601 - DEBUG - Joint score for alpha[3]: 20.0501
2025-08-11 14:17:36,095 - DEBUG - Joint score for alpha[4]: 15.6441
2025-08-11 14:17:39,587 - DEBUG - Joint score for alpha[5]: 16.0491
2025-08-11 14:17:43,079 - DEBUG - Joint score for alpha[6]: 15.7054
2025-08-11 14:17:46,568 - DEBUG - Joint score for alpha[7]: 16.1719
2025-08-11 14:17:50,057 - DEBUG - Joint score for alpha[8]: 18.2181
2025-08-11 14:17:53,546 - DEBUG - Joint score for alpha[9]: 15.9173
2025-08-11 14:17:57,038 - DEBUG - Joint score for alpha[10]: 18.0084
2025-08-11 14:18:00,529 - DEBUG - Joint score for alpha[11]: 15.7215
2025-08-11 14:18:04,018 - DEBUG - Joint score for alpha[12]: 16.8674
2025-08-11 14:18:07,507 - DEBUG - Joint score for alpha[13]: 15.7042
2025-08-11 14:18:10,997 - DEBUG - Joint score for alpha[14]: 16.4958
2025-08-11 14:18:14,487 - DEBUG - Joint score for alpha[15]: 15.9085
2025-08-11 14:18:21,166 - DEBUG - Joint score for alpha[0]: 15.6523
2025-08-11 14:18:24,659 - DEBUG - Joint score for alpha[1]: 15.6753
2025-08-11 14:18:28,153 - DEBUG - Joint score for alpha[2]: 15.6381
2025-08-11 14:18:31,645 - DEBUG - Joint score for alpha[3]: 15.6417
2025-08-11 14:18:35,138 - DEBUG - Joint score for alpha[4]: 15.7064
2025-08-11 14:18:38,629 - DEBUG - Joint score for alpha[5]: 15.6349
2025-08-11 14:18:42,120 - DEBUG - Joint score for alpha[6]: 15.6488
2025-08-11 14:18:45,608 - DEBUG - Joint score for alpha[7]: 15.5874
2025-08-11 14:18:49,097 - DEBUG - Joint score for alpha[8]: 15.4700
2025-08-11 14:18:52,586 - DEBUG - Joint score for alpha[9]: 15.9580
2025-08-11 14:18:56,078 - DEBUG - Joint score for alpha[10]: 15.8190
2025-08-11 14:18:59,570 - DEBUG - Joint score for alpha[11]: 15.8755
2025-08-11 14:19:03,059 - DEBUG - Joint score for alpha[12]: 15.7604
2025-08-11 14:19:06,550 - DEBUG - Joint score for alpha[13]: 15.7752
2025-08-11 14:19:10,041 - DEBUG - Joint score for alpha[14]: 15.6993
2025-08-11 14:19:13,532 - DEBUG - Joint score for alpha[15]: 16.6510
2025-08-11 14:19:20,062 - DEBUG - Joint score for alpha[0]: 15.8704
2025-08-11 14:19:23,557 - DEBUG - Joint score for alpha[1]: 15.9299
2025-08-11 14:19:27,049 - DEBUG - Joint score for alpha[2]: 15.8328
2025-08-11 14:19:30,542 - DEBUG - Joint score for alpha[3]: 15.7526
2025-08-11 14:19:34,034 - DEBUG - Joint score for alpha[4]: 15.7503
2025-08-11 14:19:37,523 - DEBUG - Joint score for alpha[5]: 15.8741
2025-08-11 14:19:41,015 - DEBUG - Joint score for alpha[6]: 15.7612
2025-08-11 14:19:44,505 - DEBUG - Joint score for alpha[7]: 15.7777
2025-08-11 14:19:47,995 - DEBUG - Joint score for alpha[8]: 15.6035
2025-08-11 14:19:51,486 - DEBUG - Joint score for alpha[9]: 15.9821
2025-08-11 14:19:54,977 - DEBUG - Joint score for alpha[10]: 16.0303
2025-08-11 14:19:58,470 - DEBUG - Joint score for alpha[11]: 15.8191
2025-08-11 14:20:01,962 - DEBUG - Joint score for alpha[12]: 15.9141
2025-08-11 14:20:05,454 - DEBUG - Joint score for alpha[13]: 15.8947
2025-08-11 14:20:08,946 - DEBUG - Joint score for alpha[14]: 15.6555
2025-08-11 14:20:12,438 - DEBUG - Joint score for alpha[15]: 15.6469
2025-08-11 14:20:18,993 - DEBUG - Joint score for alpha[0]: 15.9695
2025-08-11 14:20:22,490 - DEBUG - Joint score for alpha[1]: 15.7108
2025-08-11 14:20:25,981 - DEBUG - Joint score for alpha[2]: 15.8224
2025-08-11 14:20:29,473 - DEBUG - Joint score for alpha[3]: 15.6434
2025-08-11 14:20:32,964 - DEBUG - Joint score for alpha[4]: 15.5891
2025-08-11 14:20:36,454 - DEBUG - Joint score for alpha[5]: 15.6487
2025-08-11 14:20:39,947 - DEBUG - Joint score for alpha[6]: 16.2623
2025-08-11 14:20:43,438 - DEBUG - Joint score for alpha[7]: 15.8678
2025-08-11 14:20:46,929 - DEBUG - Joint score for alpha[8]: 16.0345
2025-08-11 14:20:50,419 - DEBUG - Joint score for alpha[9]: 15.9429
2025-08-11 14:20:53,911 - DEBUG - Joint score for alpha[10]: 15.6634
2025-08-11 14:20:57,403 - DEBUG - Joint score for alpha[11]: 15.8254
2025-08-11 14:21:00,894 - DEBUG - Joint score for alpha[12]: 16.5905
2025-08-11 14:21:04,386 - DEBUG - Joint score for alpha[13]: 15.7536
2025-08-11 14:21:07,878 - DEBUG - Joint score for alpha[14]: 15.6911
2025-08-11 14:21:11,369 - DEBUG - Joint score for alpha[15]: 15.7179
2025-08-11 14:21:17,923 - DEBUG - Joint score for alpha[0]: 15.7877
2025-08-11 14:21:21,416 - DEBUG - Joint score for alpha[1]: 16.4114
2025-08-11 14:21:24,907 - DEBUG - Joint score for alpha[2]: 16.6506
2025-08-11 14:21:28,398 - DEBUG - Joint score for alpha[3]: 16.6698
2025-08-11 14:21:31,890 - DEBUG - Joint score for alpha[4]: 15.8163
2025-08-11 14:21:35,379 - DEBUG - Joint score for alpha[5]: 15.5955
2025-08-11 14:21:38,871 - DEBUG - Joint score for alpha[6]: 15.8203
2025-08-11 14:21:42,362 - DEBUG - Joint score for alpha[7]: 15.8949
2025-08-11 14:21:45,853 - DEBUG - Joint score for alpha[8]: 15.7823
2025-08-11 14:21:49,343 - DEBUG - Joint score for alpha[9]: 16.2870
2025-08-11 14:21:52,835 - DEBUG - Joint score for alpha[10]: 16.7639
2025-08-11 14:21:56,328 - DEBUG - Joint score for alpha[11]: 16.2330
2025-08-11 14:21:59,817 - DEBUG - Joint score for alpha[12]: 15.7840
2025-08-11 14:22:03,308 - DEBUG - Joint score for alpha[13]: 16.1765
2025-08-11 14:22:06,798 - DEBUG - Joint score for alpha[14]: 17.0000
2025-08-11 14:22:10,289 - DEBUG - Joint score for alpha[15]: 16.6956
2025-08-11 14:22:10,329 - INFO - Step 26/120: mean ENERGY=15.5804
2025-08-11 14:22:10,330 - DEBUG - Beginning Gibbs iteration s = 26
2025-08-11 14:22:17,568 - DEBUG - Joint score for alpha[0]: 15.8053
2025-08-11 14:22:21,063 - DEBUG - Joint score for alpha[1]: 15.7703
2025-08-11 14:22:24,556 - DEBUG - Joint score for alpha[2]: 15.7594
2025-08-11 14:22:28,049 - DEBUG - Joint score for alpha[3]: 16.0545
2025-08-11 14:22:31,543 - DEBUG - Joint score for alpha[4]: 17.1430
2025-08-11 14:22:35,035 - DEBUG - Joint score for alpha[5]: 18.2589
2025-08-11 14:22:38,528 - DEBUG - Joint score for alpha[6]: 15.6671
2025-08-11 14:22:42,021 - DEBUG - Joint score for alpha[7]: 17.5567
2025-08-11 14:22:45,513 - DEBUG - Joint score for alpha[8]: 16.7524
2025-08-11 14:22:49,005 - DEBUG - Joint score for alpha[9]: 16.4158
2025-08-11 14:22:52,500 - DEBUG - Joint score for alpha[10]: 17.9368
2025-08-11 14:22:55,994 - DEBUG - Joint score for alpha[11]: 17.2328
2025-08-11 14:22:59,486 - DEBUG - Joint score for alpha[12]: 15.9180
2025-08-11 14:23:02,979 - DEBUG - Joint score for alpha[13]: 16.0960
2025-08-11 14:23:06,472 - DEBUG - Joint score for alpha[14]: 15.7479
2025-08-11 14:23:09,964 - DEBUG - Joint score for alpha[15]: 15.6237
2025-08-11 14:23:16,517 - DEBUG - Joint score for alpha[0]: 15.8555
2025-08-11 14:23:20,013 - DEBUG - Joint score for alpha[1]: 15.9168
2025-08-11 14:23:23,506 - DEBUG - Joint score for alpha[2]: 16.0096
2025-08-11 14:23:26,999 - DEBUG - Joint score for alpha[3]: 15.7825
2025-08-11 14:23:30,492 - DEBUG - Joint score for alpha[4]: 15.7599
2025-08-11 14:23:33,983 - DEBUG - Joint score for alpha[5]: 16.2551
2025-08-11 14:23:37,475 - DEBUG - Joint score for alpha[6]: 15.5653
2025-08-11 14:23:40,965 - DEBUG - Joint score for alpha[7]: 15.9458
2025-08-11 14:23:44,457 - DEBUG - Joint score for alpha[8]: 15.8460
2025-08-11 14:23:47,948 - DEBUG - Joint score for alpha[9]: 15.6876
2025-08-11 14:23:51,442 - DEBUG - Joint score for alpha[10]: 17.0327
2025-08-11 14:23:54,935 - DEBUG - Joint score for alpha[11]: 15.6669
2025-08-11 14:23:58,426 - DEBUG - Joint score for alpha[12]: 15.5940
2025-08-11 14:24:01,919 - DEBUG - Joint score for alpha[13]: 15.6138
2025-08-11 14:24:05,412 - DEBUG - Joint score for alpha[14]: 15.7436
2025-08-11 14:24:08,905 - DEBUG - Joint score for alpha[15]: 15.9211
2025-08-11 14:24:15,457 - DEBUG - Joint score for alpha[0]: 15.7379
2025-08-11 14:24:18,952 - DEBUG - Joint score for alpha[1]: 15.8816
2025-08-11 14:24:22,445 - DEBUG - Joint score for alpha[2]: 15.6822
2025-08-11 14:24:25,938 - DEBUG - Joint score for alpha[3]: 16.2219
2025-08-11 14:24:29,432 - DEBUG - Joint score for alpha[4]: 16.0114
2025-08-11 14:24:32,924 - DEBUG - Joint score for alpha[5]: 15.9667
2025-08-11 14:24:36,417 - DEBUG - Joint score for alpha[6]: 15.9069
2025-08-11 14:24:39,907 - DEBUG - Joint score for alpha[7]: 16.0399
2025-08-11 14:24:43,397 - DEBUG - Joint score for alpha[8]: 16.0651
2025-08-11 14:24:46,887 - DEBUG - Joint score for alpha[9]: 15.5950
2025-08-11 14:24:50,380 - DEBUG - Joint score for alpha[10]: 15.6621
2025-08-11 14:24:53,872 - DEBUG - Joint score for alpha[11]: 16.2219
2025-08-11 14:24:57,362 - DEBUG - Joint score for alpha[12]: 15.6064
2025-08-11 14:25:00,855 - DEBUG - Joint score for alpha[13]: 16.0029
2025-08-11 14:25:04,346 - DEBUG - Joint score for alpha[14]: 15.7665
2025-08-11 14:25:07,837 - DEBUG - Joint score for alpha[15]: 15.8625
2025-08-11 14:25:14,390 - DEBUG - Joint score for alpha[0]: 15.6637
2025-08-11 14:25:17,884 - DEBUG - Joint score for alpha[1]: 16.0172
2025-08-11 14:25:21,375 - DEBUG - Joint score for alpha[2]: 15.7806
2025-08-11 14:25:24,867 - DEBUG - Joint score for alpha[3]: 15.7157
2025-08-11 14:25:28,360 - DEBUG - Joint score for alpha[4]: 16.0616
2025-08-11 14:25:31,850 - DEBUG - Joint score for alpha[5]: 15.6783
2025-08-11 14:25:35,342 - DEBUG - Joint score for alpha[6]: 15.8251
2025-08-11 14:25:38,833 - DEBUG - Joint score for alpha[7]: 15.7850
2025-08-11 14:25:42,324 - DEBUG - Joint score for alpha[8]: 15.5580
2025-08-11 14:25:45,815 - DEBUG - Joint score for alpha[9]: 15.7264
2025-08-11 14:25:49,308 - DEBUG - Joint score for alpha[10]: 15.8851
2025-08-11 14:25:52,801 - DEBUG - Joint score for alpha[11]: 15.8021
2025-08-11 14:25:56,292 - DEBUG - Joint score for alpha[12]: 15.8512
2025-08-11 14:25:59,785 - DEBUG - Joint score for alpha[13]: 16.5495
2025-08-11 14:26:03,278 - DEBUG - Joint score for alpha[14]: 15.6583
2025-08-11 14:26:06,770 - DEBUG - Joint score for alpha[15]: 16.1806
2025-08-11 14:26:13,324 - DEBUG - Joint score for alpha[0]: 15.7726
2025-08-11 14:26:16,820 - DEBUG - Joint score for alpha[1]: 16.0301
2025-08-11 14:26:20,312 - DEBUG - Joint score for alpha[2]: 16.4632
2025-08-11 14:26:23,804 - DEBUG - Joint score for alpha[3]: 16.1128
2025-08-11 14:26:27,296 - DEBUG - Joint score for alpha[4]: 15.8243
2025-08-11 14:26:30,785 - DEBUG - Joint score for alpha[5]: 16.0779
2025-08-11 14:26:34,276 - DEBUG - Joint score for alpha[6]: 16.7913
2025-08-11 14:26:37,767 - DEBUG - Joint score for alpha[7]: 15.7531
2025-08-11 14:26:41,258 - DEBUG - Joint score for alpha[8]: 15.7750
2025-08-11 14:26:44,748 - DEBUG - Joint score for alpha[9]: 15.8256
2025-08-11 14:26:48,240 - DEBUG - Joint score for alpha[10]: 16.0694
2025-08-11 14:26:51,732 - DEBUG - Joint score for alpha[11]: 15.8752
2025-08-11 14:26:55,223 - DEBUG - Joint score for alpha[12]: 16.5730
2025-08-11 14:26:58,715 - DEBUG - Joint score for alpha[13]: 16.6270
2025-08-11 14:27:02,206 - DEBUG - Joint score for alpha[14]: 16.2575
2025-08-11 14:27:05,696 - DEBUG - Joint score for alpha[15]: 15.7613
2025-08-11 14:27:05,737 - INFO - Step 27/120: mean ENERGY=15.6190
2025-08-11 14:27:05,738 - DEBUG - Beginning Gibbs iteration s = 27
2025-08-11 14:27:13,472 - DEBUG - Joint score for alpha[0]: 15.7322
2025-08-11 14:27:16,968 - DEBUG - Joint score for alpha[1]: 15.8084
2025-08-11 14:27:20,461 - DEBUG - Joint score for alpha[2]: 16.1183
2025-08-11 14:27:23,954 - DEBUG - Joint score for alpha[3]: 18.7580
2025-08-11 14:27:27,448 - DEBUG - Joint score for alpha[4]: 17.3669
2025-08-11 14:27:30,940 - DEBUG - Joint score for alpha[5]: 15.7506
2025-08-11 14:27:34,434 - DEBUG - Joint score for alpha[6]: 17.0774
2025-08-11 14:27:37,925 - DEBUG - Joint score for alpha[7]: 16.0109
2025-08-11 14:27:41,417 - DEBUG - Joint score for alpha[8]: 18.0888
2025-08-11 14:27:44,910 - DEBUG - Joint score for alpha[9]: 16.7540
2025-08-11 14:27:48,405 - DEBUG - Joint score for alpha[10]: 15.6097
2025-08-11 14:27:51,899 - DEBUG - Joint score for alpha[11]: 16.0714
2025-08-11 14:27:55,388 - DEBUG - Joint score for alpha[12]: 18.2190
2025-08-11 14:27:58,879 - DEBUG - Joint score for alpha[13]: 16.1262
2025-08-11 14:28:02,369 - DEBUG - Joint score for alpha[14]: 16.1002
2025-08-11 14:28:05,859 - DEBUG - Joint score for alpha[15]: 15.7737
2025-08-11 14:28:12,412 - DEBUG - Joint score for alpha[0]: 15.8922
2025-08-11 14:28:15,907 - DEBUG - Joint score for alpha[1]: 16.2115
2025-08-11 14:28:19,399 - DEBUG - Joint score for alpha[2]: 15.5435
2025-08-11 14:28:22,891 - DEBUG - Joint score for alpha[3]: 15.7714
2025-08-11 14:28:26,385 - DEBUG - Joint score for alpha[4]: 15.7318
2025-08-11 14:28:29,876 - DEBUG - Joint score for alpha[5]: 15.8047
2025-08-11 14:28:33,369 - DEBUG - Joint score for alpha[6]: 15.8554
2025-08-11 14:28:36,860 - DEBUG - Joint score for alpha[7]: 15.7012
2025-08-11 14:28:40,352 - DEBUG - Joint score for alpha[8]: 15.8963
2025-08-11 14:28:43,844 - DEBUG - Joint score for alpha[9]: 15.6354
2025-08-11 14:28:47,339 - DEBUG - Joint score for alpha[10]: 15.6596
2025-08-11 14:28:50,833 - DEBUG - Joint score for alpha[11]: 15.7092
2025-08-11 14:28:54,325 - DEBUG - Joint score for alpha[12]: 15.9526
2025-08-11 14:28:57,818 - DEBUG - Joint score for alpha[13]: 15.7201
2025-08-11 14:29:01,309 - DEBUG - Joint score for alpha[14]: 16.2262
2025-08-11 14:29:04,799 - DEBUG - Joint score for alpha[15]: 15.8249
2025-08-11 14:29:11,518 - DEBUG - Joint score for alpha[0]: 15.6061
2025-08-11 14:29:15,014 - DEBUG - Joint score for alpha[1]: 15.8999
2025-08-11 14:29:18,506 - DEBUG - Joint score for alpha[2]: 15.9014
2025-08-11 14:29:21,999 - DEBUG - Joint score for alpha[3]: 15.8551
2025-08-11 14:29:25,492 - DEBUG - Joint score for alpha[4]: 15.7205
2025-08-11 14:29:28,982 - DEBUG - Joint score for alpha[5]: 15.5594
2025-08-11 14:29:32,472 - DEBUG - Joint score for alpha[6]: 16.7741
2025-08-11 14:29:35,961 - DEBUG - Joint score for alpha[7]: 15.7427
2025-08-11 14:29:39,450 - DEBUG - Joint score for alpha[8]: 15.8940
2025-08-11 14:29:42,939 - DEBUG - Joint score for alpha[9]: 15.5567
2025-08-11 14:29:46,431 - DEBUG - Joint score for alpha[10]: 15.6630
2025-08-11 14:29:49,922 - DEBUG - Joint score for alpha[11]: 15.6266
2025-08-11 14:29:53,412 - DEBUG - Joint score for alpha[12]: 15.8936
2025-08-11 14:29:56,903 - DEBUG - Joint score for alpha[13]: 15.7394
2025-08-11 14:30:00,393 - DEBUG - Joint score for alpha[14]: 16.0850
2025-08-11 14:30:03,883 - DEBUG - Joint score for alpha[15]: 15.5837
2025-08-11 14:30:10,433 - DEBUG - Joint score for alpha[0]: 16.1258
2025-08-11 14:30:13,928 - DEBUG - Joint score for alpha[1]: 15.6582
2025-08-11 14:30:17,422 - DEBUG - Joint score for alpha[2]: 16.1053
2025-08-11 14:30:20,915 - DEBUG - Joint score for alpha[3]: 15.7143
2025-08-11 14:30:24,407 - DEBUG - Joint score for alpha[4]: 16.1461
2025-08-11 14:30:27,897 - DEBUG - Joint score for alpha[5]: 15.9250
2025-08-11 14:30:31,388 - DEBUG - Joint score for alpha[6]: 15.8693
2025-08-11 14:30:34,879 - DEBUG - Joint score for alpha[7]: 15.7339
2025-08-11 14:30:38,370 - DEBUG - Joint score for alpha[8]: 15.5662
2025-08-11 14:30:41,860 - DEBUG - Joint score for alpha[9]: 15.6922
2025-08-11 14:30:45,353 - DEBUG - Joint score for alpha[10]: 15.8538
2025-08-11 14:30:48,845 - DEBUG - Joint score for alpha[11]: 15.8638
2025-08-11 14:30:52,336 - DEBUG - Joint score for alpha[12]: 15.8412
2025-08-11 14:30:55,828 - DEBUG - Joint score for alpha[13]: 15.8391
2025-08-11 14:30:59,320 - DEBUG - Joint score for alpha[14]: 15.8633
2025-08-11 14:31:02,811 - DEBUG - Joint score for alpha[15]: 15.8033
2025-08-11 14:31:09,362 - DEBUG - Joint score for alpha[0]: 15.8186
2025-08-11 14:31:12,856 - DEBUG - Joint score for alpha[1]: 16.1758
2025-08-11 14:31:16,348 - DEBUG - Joint score for alpha[2]: 16.3536
2025-08-11 14:31:19,839 - DEBUG - Joint score for alpha[3]: 16.0706
2025-08-11 14:31:23,332 - DEBUG - Joint score for alpha[4]: 15.6774
2025-08-11 14:31:26,822 - DEBUG - Joint score for alpha[5]: 15.8349
2025-08-11 14:31:30,315 - DEBUG - Joint score for alpha[6]: 15.9335
2025-08-11 14:31:33,807 - DEBUG - Joint score for alpha[7]: 16.1479
2025-08-11 14:31:37,298 - DEBUG - Joint score for alpha[8]: 15.7615
2025-08-11 14:31:40,789 - DEBUG - Joint score for alpha[9]: 15.7187
2025-08-11 14:31:44,281 - DEBUG - Joint score for alpha[10]: 16.9877
2025-08-11 14:31:47,773 - DEBUG - Joint score for alpha[11]: 16.3164
2025-08-11 14:31:51,263 - DEBUG - Joint score for alpha[12]: 16.1052
2025-08-11 14:31:54,754 - DEBUG - Joint score for alpha[13]: 15.9278
2025-08-11 14:31:58,245 - DEBUG - Joint score for alpha[14]: 16.0740
2025-08-11 14:32:01,735 - DEBUG - Joint score for alpha[15]: 16.4295
2025-08-11 14:32:01,775 - INFO - Step 28/120: mean ENERGY=15.5907
2025-08-11 14:32:01,776 - DEBUG - Beginning Gibbs iteration s = 28
2025-08-11 14:32:09,803 - DEBUG - Joint score for alpha[0]: 16.1334
2025-08-11 14:32:13,298 - DEBUG - Joint score for alpha[1]: 16.2461
2025-08-11 14:32:16,790 - DEBUG - Joint score for alpha[2]: 19.2676
2025-08-11 14:32:20,282 - DEBUG - Joint score for alpha[3]: 15.8973
2025-08-11 14:32:23,776 - DEBUG - Joint score for alpha[4]: 17.5202
2025-08-11 14:32:27,266 - DEBUG - Joint score for alpha[5]: 15.6918
2025-08-11 14:32:30,759 - DEBUG - Joint score for alpha[6]: 17.5806
2025-08-11 14:32:34,250 - DEBUG - Joint score for alpha[7]: 19.3347
2025-08-11 14:32:37,741 - DEBUG - Joint score for alpha[8]: 15.9365
2025-08-11 14:32:41,232 - DEBUG - Joint score for alpha[9]: 15.9795
2025-08-11 14:32:44,725 - DEBUG - Joint score for alpha[10]: 16.1922
2025-08-11 14:32:48,219 - DEBUG - Joint score for alpha[11]: 15.5254
2025-08-11 14:32:51,708 - DEBUG - Joint score for alpha[12]: 15.8111
2025-08-11 14:32:55,199 - DEBUG - Joint score for alpha[13]: 15.8046
2025-08-11 14:32:58,689 - DEBUG - Joint score for alpha[14]: 15.8278
2025-08-11 14:33:02,180 - DEBUG - Joint score for alpha[15]: 17.2512
2025-08-11 14:33:08,728 - DEBUG - Joint score for alpha[0]: 15.9196
2025-08-11 14:33:12,223 - DEBUG - Joint score for alpha[1]: 15.8507
2025-08-11 14:33:15,715 - DEBUG - Joint score for alpha[2]: 15.9819
2025-08-11 14:33:19,206 - DEBUG - Joint score for alpha[3]: 15.8464
2025-08-11 14:33:22,699 - DEBUG - Joint score for alpha[4]: 15.9558
2025-08-11 14:33:26,190 - DEBUG - Joint score for alpha[5]: 15.9274
2025-08-11 14:33:29,682 - DEBUG - Joint score for alpha[6]: 15.9045
2025-08-11 14:33:33,172 - DEBUG - Joint score for alpha[7]: 15.9992
2025-08-11 14:33:36,664 - DEBUG - Joint score for alpha[8]: 15.9176
2025-08-11 14:33:40,155 - DEBUG - Joint score for alpha[9]: 16.0734
2025-08-11 14:33:43,649 - DEBUG - Joint score for alpha[10]: 15.8057
2025-08-11 14:33:47,142 - DEBUG - Joint score for alpha[11]: 15.7466
2025-08-11 14:33:50,633 - DEBUG - Joint score for alpha[12]: 15.8907
2025-08-11 14:33:54,125 - DEBUG - Joint score for alpha[13]: 15.7970
2025-08-11 14:33:57,617 - DEBUG - Joint score for alpha[14]: 15.6992
2025-08-11 14:34:01,108 - DEBUG - Joint score for alpha[15]: 15.8530
2025-08-11 14:34:07,662 - DEBUG - Joint score for alpha[0]: 15.9637
2025-08-11 14:34:11,158 - DEBUG - Joint score for alpha[1]: 15.9707
2025-08-11 14:34:14,651 - DEBUG - Joint score for alpha[2]: 15.6189
2025-08-11 14:34:18,143 - DEBUG - Joint score for alpha[3]: 15.9847
2025-08-11 14:34:21,635 - DEBUG - Joint score for alpha[4]: 15.6080
2025-08-11 14:34:25,123 - DEBUG - Joint score for alpha[5]: 15.7794
2025-08-11 14:34:28,614 - DEBUG - Joint score for alpha[6]: 15.6646
2025-08-11 14:34:32,103 - DEBUG - Joint score for alpha[7]: 15.7165
2025-08-11 14:34:35,593 - DEBUG - Joint score for alpha[8]: 15.8511
2025-08-11 14:34:39,083 - DEBUG - Joint score for alpha[9]: 15.8634
2025-08-11 14:34:42,576 - DEBUG - Joint score for alpha[10]: 15.7642
2025-08-11 14:34:46,068 - DEBUG - Joint score for alpha[11]: 15.7618
2025-08-11 14:34:49,558 - DEBUG - Joint score for alpha[12]: 15.7945
2025-08-11 14:34:53,049 - DEBUG - Joint score for alpha[13]: 15.7077
2025-08-11 14:34:56,539 - DEBUG - Joint score for alpha[14]: 15.7229
2025-08-11 14:35:00,029 - DEBUG - Joint score for alpha[15]: 15.8250
2025-08-11 14:35:06,547 - DEBUG - Joint score for alpha[0]: 15.7944
2025-08-11 14:35:10,043 - DEBUG - Joint score for alpha[1]: 15.6845
2025-08-11 14:35:13,537 - DEBUG - Joint score for alpha[2]: 16.6991
2025-08-11 14:35:17,030 - DEBUG - Joint score for alpha[3]: 15.8481
2025-08-11 14:35:20,521 - DEBUG - Joint score for alpha[4]: 15.8798
2025-08-11 14:35:24,012 - DEBUG - Joint score for alpha[5]: 15.8018
2025-08-11 14:35:27,503 - DEBUG - Joint score for alpha[6]: 15.5762
2025-08-11 14:35:30,994 - DEBUG - Joint score for alpha[7]: 15.7494
2025-08-11 14:35:34,485 - DEBUG - Joint score for alpha[8]: 15.8561
2025-08-11 14:35:37,975 - DEBUG - Joint score for alpha[9]: 15.7741
2025-08-11 14:35:41,469 - DEBUG - Joint score for alpha[10]: 15.7459
2025-08-11 14:35:44,961 - DEBUG - Joint score for alpha[11]: 16.4231
2025-08-11 14:35:48,452 - DEBUG - Joint score for alpha[12]: 15.8980
2025-08-11 14:35:51,944 - DEBUG - Joint score for alpha[13]: 15.8023
2025-08-11 14:35:55,436 - DEBUG - Joint score for alpha[14]: 15.7476
2025-08-11 14:35:58,927 - DEBUG - Joint score for alpha[15]: 15.7528
2025-08-11 14:36:05,445 - DEBUG - Joint score for alpha[0]: 15.7937
2025-08-11 14:36:08,940 - DEBUG - Joint score for alpha[1]: 15.7523
2025-08-11 14:36:12,434 - DEBUG - Joint score for alpha[2]: 15.9223
2025-08-11 14:36:15,926 - DEBUG - Joint score for alpha[3]: 15.8907
2025-08-11 14:36:19,417 - DEBUG - Joint score for alpha[4]: 15.6874
2025-08-11 14:36:22,906 - DEBUG - Joint score for alpha[5]: 16.2272
2025-08-11 14:36:26,396 - DEBUG - Joint score for alpha[6]: 15.6618
2025-08-11 14:36:29,886 - DEBUG - Joint score for alpha[7]: 16.4001
2025-08-11 14:36:33,375 - DEBUG - Joint score for alpha[8]: 16.2949
2025-08-11 14:36:36,865 - DEBUG - Joint score for alpha[9]: 15.6846
2025-08-11 14:36:40,356 - DEBUG - Joint score for alpha[10]: 16.1407
2025-08-11 14:36:43,847 - DEBUG - Joint score for alpha[11]: 15.7410
2025-08-11 14:36:47,336 - DEBUG - Joint score for alpha[12]: 15.8714
2025-08-11 14:36:50,828 - DEBUG - Joint score for alpha[13]: 16.3012
2025-08-11 14:36:54,319 - DEBUG - Joint score for alpha[14]: 15.8740
2025-08-11 14:36:57,808 - DEBUG - Joint score for alpha[15]: 16.1158
2025-08-11 14:36:57,849 - INFO - Step 29/120: mean ENERGY=15.6141
2025-08-11 14:36:57,851 - DEBUG - Beginning Gibbs iteration s = 29
2025-08-11 14:37:05,070 - DEBUG - Joint score for alpha[0]: 15.7768
2025-08-11 14:37:08,566 - DEBUG - Joint score for alpha[1]: 16.0647
2025-08-11 14:37:12,059 - DEBUG - Joint score for alpha[2]: 16.9610
2025-08-11 14:37:15,552 - DEBUG - Joint score for alpha[3]: 16.2680
2025-08-11 14:37:19,047 - DEBUG - Joint score for alpha[4]: 16.3684
2025-08-11 14:37:22,540 - DEBUG - Joint score for alpha[5]: 19.9398
2025-08-11 14:37:26,034 - DEBUG - Joint score for alpha[6]: 16.6376
2025-08-11 14:37:29,527 - DEBUG - Joint score for alpha[7]: 18.6042
2025-08-11 14:37:33,020 - DEBUG - Joint score for alpha[8]: 17.7350
2025-08-11 14:37:36,513 - DEBUG - Joint score for alpha[9]: 16.1510
2025-08-11 14:37:40,003 - DEBUG - Joint score for alpha[10]: 16.1376
2025-08-11 14:37:43,497 - DEBUG - Joint score for alpha[11]: 16.3238
2025-08-11 14:37:46,988 - DEBUG - Joint score for alpha[12]: 16.5185
2025-08-11 14:37:50,482 - DEBUG - Joint score for alpha[13]: 19.2964
2025-08-11 14:37:53,974 - DEBUG - Joint score for alpha[14]: 15.9078
2025-08-11 14:37:57,466 - DEBUG - Joint score for alpha[15]: 17.2229
2025-08-11 14:38:03,986 - DEBUG - Joint score for alpha[0]: 16.3902
2025-08-11 14:38:07,481 - DEBUG - Joint score for alpha[1]: 15.9926
2025-08-11 14:38:10,974 - DEBUG - Joint score for alpha[2]: 15.8664
2025-08-11 14:38:14,467 - DEBUG - Joint score for alpha[3]: 16.3718
2025-08-11 14:38:17,961 - DEBUG - Joint score for alpha[4]: 15.9106
2025-08-11 14:38:21,452 - DEBUG - Joint score for alpha[5]: 15.8097
2025-08-11 14:38:24,945 - DEBUG - Joint score for alpha[6]: 16.2470
2025-08-11 14:38:28,436 - DEBUG - Joint score for alpha[7]: 16.2468
2025-08-11 14:38:31,929 - DEBUG - Joint score for alpha[8]: 16.1818
2025-08-11 14:38:35,424 - DEBUG - Joint score for alpha[9]: 15.8132
2025-08-11 14:38:38,916 - DEBUG - Joint score for alpha[10]: 17.9721
2025-08-11 14:38:42,409 - DEBUG - Joint score for alpha[11]: 15.7482
2025-08-11 14:38:45,902 - DEBUG - Joint score for alpha[12]: 15.6802
2025-08-11 14:38:49,398 - DEBUG - Joint score for alpha[13]: 16.1145
2025-08-11 14:38:52,890 - DEBUG - Joint score for alpha[14]: 17.0271
2025-08-11 14:38:56,384 - DEBUG - Joint score for alpha[15]: 15.9100
2025-08-11 14:39:02,907 - DEBUG - Joint score for alpha[0]: 15.8285
2025-08-11 14:39:06,403 - DEBUG - Joint score for alpha[1]: 15.9678
2025-08-11 14:39:09,898 - DEBUG - Joint score for alpha[2]: 16.0415
2025-08-11 14:39:13,392 - DEBUG - Joint score for alpha[3]: 15.8394
2025-08-11 14:39:16,889 - DEBUG - Joint score for alpha[4]: 15.8219
2025-08-11 14:39:20,382 - DEBUG - Joint score for alpha[5]: 15.8233
2025-08-11 14:39:23,877 - DEBUG - Joint score for alpha[6]: 15.7908
2025-08-11 14:39:27,368 - DEBUG - Joint score for alpha[7]: 16.5220
2025-08-11 14:39:30,860 - DEBUG - Joint score for alpha[8]: 16.1094
2025-08-11 14:39:34,354 - DEBUG - Joint score for alpha[9]: 16.7910
2025-08-11 14:39:37,846 - DEBUG - Joint score for alpha[10]: 16.2603
2025-08-11 14:39:41,340 - DEBUG - Joint score for alpha[11]: 15.8462
2025-08-11 14:39:44,833 - DEBUG - Joint score for alpha[12]: 15.8103
2025-08-11 14:39:48,327 - DEBUG - Joint score for alpha[13]: 15.9157
2025-08-11 14:39:51,819 - DEBUG - Joint score for alpha[14]: 15.7120
2025-08-11 14:39:55,312 - DEBUG - Joint score for alpha[15]: 16.0355
2025-08-11 14:40:01,970 - DEBUG - Joint score for alpha[0]: 15.7464
2025-08-11 14:40:05,467 - DEBUG - Joint score for alpha[1]: 15.6610
2025-08-11 14:40:08,962 - DEBUG - Joint score for alpha[2]: 15.8323
2025-08-11 14:40:12,457 - DEBUG - Joint score for alpha[3]: 15.9583
2025-08-11 14:40:15,953 - DEBUG - Joint score for alpha[4]: 15.8504
2025-08-11 14:40:19,447 - DEBUG - Joint score for alpha[5]: 16.0659
2025-08-11 14:40:22,942 - DEBUG - Joint score for alpha[6]: 16.1521
2025-08-11 14:40:26,435 - DEBUG - Joint score for alpha[7]: 16.4051
2025-08-11 14:40:29,926 - DEBUG - Joint score for alpha[8]: 15.7233
2025-08-11 14:40:33,419 - DEBUG - Joint score for alpha[9]: 15.7356
2025-08-11 14:40:36,909 - DEBUG - Joint score for alpha[10]: 15.8295
2025-08-11 14:40:40,402 - DEBUG - Joint score for alpha[11]: 15.7396
2025-08-11 14:40:43,894 - DEBUG - Joint score for alpha[12]: 15.6711
2025-08-11 14:40:47,388 - DEBUG - Joint score for alpha[13]: 19.5288
2025-08-11 14:40:50,879 - DEBUG - Joint score for alpha[14]: 15.6679
2025-08-11 14:40:54,372 - DEBUG - Joint score for alpha[15]: 16.0646
2025-08-11 14:41:00,896 - DEBUG - Joint score for alpha[0]: 15.5913
2025-08-11 14:41:04,392 - DEBUG - Joint score for alpha[1]: 15.9192
2025-08-11 14:41:07,887 - DEBUG - Joint score for alpha[2]: 16.2584
2025-08-11 14:41:11,381 - DEBUG - Joint score for alpha[3]: 16.0212
2025-08-11 14:41:14,875 - DEBUG - Joint score for alpha[4]: 15.8660
2025-08-11 14:41:18,367 - DEBUG - Joint score for alpha[5]: 16.1018
2025-08-11 14:41:21,863 - DEBUG - Joint score for alpha[6]: 16.0241
2025-08-11 14:41:25,356 - DEBUG - Joint score for alpha[7]: 15.7824
2025-08-11 14:41:28,850 - DEBUG - Joint score for alpha[8]: 16.3893
2025-08-11 14:41:32,345 - DEBUG - Joint score for alpha[9]: 15.8118
2025-08-11 14:41:35,839 - DEBUG - Joint score for alpha[10]: 15.7711
2025-08-11 14:41:39,335 - DEBUG - Joint score for alpha[11]: 15.7475
2025-08-11 14:41:42,830 - DEBUG - Joint score for alpha[12]: 15.6945
2025-08-11 14:41:46,328 - DEBUG - Joint score for alpha[13]: 15.6956
2025-08-11 14:41:49,819 - DEBUG - Joint score for alpha[14]: 16.1188
2025-08-11 14:41:53,313 - DEBUG - Joint score for alpha[15]: 15.8432
2025-08-11 14:41:53,354 - INFO - Step 30/120: mean ENERGY=15.6843
2025-08-11 14:41:53,355 - DEBUG - Beginning Gibbs iteration s = 30
2025-08-11 14:41:54,128 - DEBUG - Proposal variance adapted: 0.038
2025-08-11 14:42:00,622 - DEBUG - Joint score for alpha[0]: 16.1666
2025-08-11 14:42:04,119 - DEBUG - Joint score for alpha[1]: 19.6814
2025-08-11 14:42:07,613 - DEBUG - Joint score for alpha[2]: 16.2517
2025-08-11 14:42:11,106 - DEBUG - Joint score for alpha[3]: 15.8902
2025-08-11 14:42:14,602 - DEBUG - Joint score for alpha[4]: 16.1410
2025-08-11 14:42:18,095 - DEBUG - Joint score for alpha[5]: 15.8928
2025-08-11 14:42:21,590 - DEBUG - Joint score for alpha[6]: 16.2062
2025-08-11 14:42:25,084 - DEBUG - Joint score for alpha[7]: 20.0833
2025-08-11 14:42:28,577 - DEBUG - Joint score for alpha[8]: 15.7822
2025-08-11 14:42:32,072 - DEBUG - Joint score for alpha[9]: 17.1997
2025-08-11 14:42:35,565 - DEBUG - Joint score for alpha[10]: 16.0172
2025-08-11 14:42:39,061 - DEBUG - Joint score for alpha[11]: 16.8821
2025-08-11 14:42:42,554 - DEBUG - Joint score for alpha[12]: 15.9539
2025-08-11 14:42:46,051 - DEBUG - Joint score for alpha[13]: 15.8620
2025-08-11 14:42:49,544 - DEBUG - Joint score for alpha[14]: 15.9675
2025-08-11 14:42:53,039 - DEBUG - Joint score for alpha[15]: 16.1746
2025-08-11 14:42:59,557 - DEBUG - Joint score for alpha[0]: 15.9852
2025-08-11 14:43:03,052 - DEBUG - Joint score for alpha[1]: 16.1591
2025-08-11 14:43:06,546 - DEBUG - Joint score for alpha[2]: 16.1036
2025-08-11 14:43:10,039 - DEBUG - Joint score for alpha[3]: 15.7496
2025-08-11 14:43:13,533 - DEBUG - Joint score for alpha[4]: 15.9256
2025-08-11 14:43:17,026 - DEBUG - Joint score for alpha[5]: 16.1604
2025-08-11 14:43:20,520 - DEBUG - Joint score for alpha[6]: 15.8062
2025-08-11 14:43:24,012 - DEBUG - Joint score for alpha[7]: 15.9269
2025-08-11 14:43:27,506 - DEBUG - Joint score for alpha[8]: 15.8678
2025-08-11 14:43:31,000 - DEBUG - Joint score for alpha[9]: 15.7995
2025-08-11 14:43:34,492 - DEBUG - Joint score for alpha[10]: 15.9191
2025-08-11 14:43:37,985 - DEBUG - Joint score for alpha[11]: 16.1692
2025-08-11 14:43:41,478 - DEBUG - Joint score for alpha[12]: 15.9696
2025-08-11 14:43:44,973 - DEBUG - Joint score for alpha[13]: 15.9734
2025-08-11 14:43:48,464 - DEBUG - Joint score for alpha[14]: 15.8152
2025-08-11 14:43:51,959 - DEBUG - Joint score for alpha[15]: 16.4410
2025-08-11 14:43:58,479 - DEBUG - Joint score for alpha[0]: 16.0570
2025-08-11 14:44:01,977 - DEBUG - Joint score for alpha[1]: 15.8163
2025-08-11 14:44:05,470 - DEBUG - Joint score for alpha[2]: 15.9923
2025-08-11 14:44:08,963 - DEBUG - Joint score for alpha[3]: 16.0411
2025-08-11 14:44:12,457 - DEBUG - Joint score for alpha[4]: 15.9286
2025-08-11 14:44:15,949 - DEBUG - Joint score for alpha[5]: 15.9371
2025-08-11 14:44:19,442 - DEBUG - Joint score for alpha[6]: 16.1408
2025-08-11 14:44:22,933 - DEBUG - Joint score for alpha[7]: 16.4607
2025-08-11 14:44:26,425 - DEBUG - Joint score for alpha[8]: 15.8018
2025-08-11 14:44:29,918 - DEBUG - Joint score for alpha[9]: 15.9936
2025-08-11 14:44:33,410 - DEBUG - Joint score for alpha[10]: 15.8162
2025-08-11 14:44:36,903 - DEBUG - Joint score for alpha[11]: 16.0629
2025-08-11 14:44:40,395 - DEBUG - Joint score for alpha[12]: 15.9948
2025-08-11 14:44:43,889 - DEBUG - Joint score for alpha[13]: 16.1778
2025-08-11 14:44:47,380 - DEBUG - Joint score for alpha[14]: 16.0868
2025-08-11 14:44:50,872 - DEBUG - Joint score for alpha[15]: 15.8328
2025-08-11 14:44:57,485 - DEBUG - Joint score for alpha[0]: 15.7599
2025-08-11 14:45:00,980 - DEBUG - Joint score for alpha[1]: 15.8905
2025-08-11 14:45:04,474 - DEBUG - Joint score for alpha[2]: 16.0906
2025-08-11 14:45:07,968 - DEBUG - Joint score for alpha[3]: 20.8708
2025-08-11 14:45:11,462 - DEBUG - Joint score for alpha[4]: 17.1856
2025-08-11 14:45:14,955 - DEBUG - Joint score for alpha[5]: 16.3758
2025-08-11 14:45:18,449 - DEBUG - Joint score for alpha[6]: 15.8599
2025-08-11 14:45:21,942 - DEBUG - Joint score for alpha[7]: 16.0951
2025-08-11 14:45:25,436 - DEBUG - Joint score for alpha[8]: 15.8481
2025-08-11 14:45:28,931 - DEBUG - Joint score for alpha[9]: 15.9885
2025-08-11 14:45:32,423 - DEBUG - Joint score for alpha[10]: 17.0855
2025-08-11 14:45:35,918 - DEBUG - Joint score for alpha[11]: 15.9499
2025-08-11 14:45:39,410 - DEBUG - Joint score for alpha[12]: 15.8501
2025-08-11 14:45:42,904 - DEBUG - Joint score for alpha[13]: 16.0149
2025-08-11 14:45:46,395 - DEBUG - Joint score for alpha[14]: 16.1010
2025-08-11 14:45:49,888 - DEBUG - Joint score for alpha[15]: 15.7732
2025-08-11 14:45:56,441 - DEBUG - Joint score for alpha[0]: 16.0471
2025-08-11 14:45:59,938 - DEBUG - Joint score for alpha[1]: 15.9012
2025-08-11 14:46:03,431 - DEBUG - Joint score for alpha[2]: 15.9068
2025-08-11 14:46:06,923 - DEBUG - Joint score for alpha[3]: 16.4243
2025-08-11 14:46:10,416 - DEBUG - Joint score for alpha[4]: 15.8896
2025-08-11 14:46:13,906 - DEBUG - Joint score for alpha[5]: 15.7735
2025-08-11 14:46:17,398 - DEBUG - Joint score for alpha[6]: 15.7939
2025-08-11 14:46:20,890 - DEBUG - Joint score for alpha[7]: 15.8750
2025-08-11 14:46:24,383 - DEBUG - Joint score for alpha[8]: 15.7168
2025-08-11 14:46:27,877 - DEBUG - Joint score for alpha[9]: 16.3953
2025-08-11 14:46:31,370 - DEBUG - Joint score for alpha[10]: 15.8928
2025-08-11 14:46:34,865 - DEBUG - Joint score for alpha[11]: 15.9101
2025-08-11 14:46:38,359 - DEBUG - Joint score for alpha[12]: 15.7826
2025-08-11 14:46:41,856 - DEBUG - Joint score for alpha[13]: 15.6553
2025-08-11 14:46:45,349 - DEBUG - Joint score for alpha[14]: 15.7677
2025-08-11 14:46:48,844 - DEBUG - Joint score for alpha[15]: 15.8069
2025-08-11 14:46:48,885 - INFO - Step 31/120: mean ENERGY=15.7497
2025-08-11 14:46:48,886 - DEBUG - Beginning Gibbs iteration s = 31
2025-08-11 14:46:56,082 - DEBUG - Joint score for alpha[0]: 16.6931
2025-08-11 14:46:59,580 - DEBUG - Joint score for alpha[1]: 15.8892
2025-08-11 14:47:03,076 - DEBUG - Joint score for alpha[2]: 16.4858
2025-08-11 14:47:06,570 - DEBUG - Joint score for alpha[3]: 16.0533
2025-08-11 14:47:10,064 - DEBUG - Joint score for alpha[4]: 15.8916
2025-08-11 14:47:13,554 - DEBUG - Joint score for alpha[5]: 17.8601
2025-08-11 14:47:17,047 - DEBUG - Joint score for alpha[6]: 18.8499
2025-08-11 14:47:20,538 - DEBUG - Joint score for alpha[7]: 17.3578
2025-08-11 14:47:24,031 - DEBUG - Joint score for alpha[8]: 16.6234
2025-08-11 14:47:27,526 - DEBUG - Joint score for alpha[9]: 16.2394
2025-08-11 14:47:31,018 - DEBUG - Joint score for alpha[10]: 16.4887
2025-08-11 14:47:34,512 - DEBUG - Joint score for alpha[11]: 16.5389
2025-08-11 14:47:38,004 - DEBUG - Joint score for alpha[12]: 15.8712
2025-08-11 14:47:41,498 - DEBUG - Joint score for alpha[13]: 16.3572
2025-08-11 14:47:44,990 - DEBUG - Joint score for alpha[14]: 15.8180
2025-08-11 14:47:48,485 - DEBUG - Joint score for alpha[15]: 15.5688
2025-08-11 14:47:55,039 - DEBUG - Joint score for alpha[0]: 16.9453
2025-08-11 14:47:58,537 - DEBUG - Joint score for alpha[1]: 15.6594
2025-08-11 14:48:02,033 - DEBUG - Joint score for alpha[2]: 16.1143
2025-08-11 14:48:05,527 - DEBUG - Joint score for alpha[3]: 15.8374
2025-08-11 14:48:09,024 - DEBUG - Joint score for alpha[4]: 15.7638
2025-08-11 14:48:12,517 - DEBUG - Joint score for alpha[5]: 15.7329
2025-08-11 14:48:16,013 - DEBUG - Joint score for alpha[6]: 15.9005
2025-08-11 14:48:19,505 - DEBUG - Joint score for alpha[7]: 15.8442
2025-08-11 14:48:22,999 - DEBUG - Joint score for alpha[8]: 16.1082
2025-08-11 14:48:26,495 - DEBUG - Joint score for alpha[9]: 15.9995
2025-08-11 14:48:29,989 - DEBUG - Joint score for alpha[10]: 15.6656
2025-08-11 14:48:33,486 - DEBUG - Joint score for alpha[11]: 15.8825
2025-08-11 14:48:36,981 - DEBUG - Joint score for alpha[12]: 16.2873
2025-08-11 14:48:40,478 - DEBUG - Joint score for alpha[13]: 15.7061
2025-08-11 14:48:43,972 - DEBUG - Joint score for alpha[14]: 15.8303
2025-08-11 14:48:47,468 - DEBUG - Joint score for alpha[15]: 15.8843
2025-08-11 14:48:54,023 - DEBUG - Joint score for alpha[0]: 15.6203
2025-08-11 14:48:57,520 - DEBUG - Joint score for alpha[1]: 15.7480
2025-08-11 14:49:01,014 - DEBUG - Joint score for alpha[2]: 15.8938
2025-08-11 14:49:04,507 - DEBUG - Joint score for alpha[3]: 15.8221
2025-08-11 14:49:08,002 - DEBUG - Joint score for alpha[4]: 16.1031
2025-08-11 14:49:11,495 - DEBUG - Joint score for alpha[5]: 16.1893
2025-08-11 14:49:14,989 - DEBUG - Joint score for alpha[6]: 15.6782
2025-08-11 14:49:18,482 - DEBUG - Joint score for alpha[7]: 15.9017
2025-08-11 14:49:21,976 - DEBUG - Joint score for alpha[8]: 16.0259
2025-08-11 14:49:25,471 - DEBUG - Joint score for alpha[9]: 16.0152
2025-08-11 14:49:28,964 - DEBUG - Joint score for alpha[10]: 15.8223
2025-08-11 14:49:32,458 - DEBUG - Joint score for alpha[11]: 15.7336
2025-08-11 14:49:35,953 - DEBUG - Joint score for alpha[12]: 15.8913
2025-08-11 14:49:39,450 - DEBUG - Joint score for alpha[13]: 15.8927
2025-08-11 14:49:42,943 - DEBUG - Joint score for alpha[14]: 15.7214
2025-08-11 14:49:46,437 - DEBUG - Joint score for alpha[15]: 15.8151
2025-08-11 14:49:52,989 - DEBUG - Joint score for alpha[0]: 15.9597
2025-08-11 14:49:56,484 - DEBUG - Joint score for alpha[1]: 15.9106
2025-08-11 14:49:59,978 - DEBUG - Joint score for alpha[2]: 15.9742
2025-08-11 14:50:03,471 - DEBUG - Joint score for alpha[3]: 15.8845
2025-08-11 14:50:06,966 - DEBUG - Joint score for alpha[4]: 16.2078
2025-08-11 14:50:10,458 - DEBUG - Joint score for alpha[5]: 16.1610
2025-08-11 14:50:13,953 - DEBUG - Joint score for alpha[6]: 15.9170
2025-08-11 14:50:17,445 - DEBUG - Joint score for alpha[7]: 16.1336
2025-08-11 14:50:20,940 - DEBUG - Joint score for alpha[8]: 15.8120
2025-08-11 14:50:24,435 - DEBUG - Joint score for alpha[9]: 16.7747
2025-08-11 14:50:27,928 - DEBUG - Joint score for alpha[10]: 16.5600
2025-08-11 14:50:31,425 - DEBUG - Joint score for alpha[11]: 15.8369
2025-08-11 14:50:34,919 - DEBUG - Joint score for alpha[12]: 16.3401
2025-08-11 14:50:38,416 - DEBUG - Joint score for alpha[13]: 15.8506
2025-08-11 14:50:41,911 - DEBUG - Joint score for alpha[14]: 16.0023
2025-08-11 14:50:45,407 - DEBUG - Joint score for alpha[15]: 15.8934
2025-08-11 14:50:52,012 - DEBUG - Joint score for alpha[0]: 16.1904
2025-08-11 14:50:55,509 - DEBUG - Joint score for alpha[1]: 15.7262
2025-08-11 14:50:59,004 - DEBUG - Joint score for alpha[2]: 15.7753
2025-08-11 14:51:02,499 - DEBUG - Joint score for alpha[3]: 15.9349
2025-08-11 14:51:05,994 - DEBUG - Joint score for alpha[4]: 15.8631
2025-08-11 14:51:09,488 - DEBUG - Joint score for alpha[5]: 15.9749
2025-08-11 14:51:12,983 - DEBUG - Joint score for alpha[6]: 15.8651
2025-08-11 14:51:16,476 - DEBUG - Joint score for alpha[7]: 15.8426
2025-08-11 14:51:19,971 - DEBUG - Joint score for alpha[8]: 16.4184
2025-08-11 14:51:23,468 - DEBUG - Joint score for alpha[9]: 15.8903
2025-08-11 14:51:26,962 - DEBUG - Joint score for alpha[10]: 16.5570
2025-08-11 14:51:30,458 - DEBUG - Joint score for alpha[11]: 16.1056
2025-08-11 14:51:33,954 - DEBUG - Joint score for alpha[12]: 18.5219
2025-08-11 14:51:37,451 - DEBUG - Joint score for alpha[13]: 15.8680
2025-08-11 14:51:40,946 - DEBUG - Joint score for alpha[14]: 15.7692
2025-08-11 14:51:44,441 - DEBUG - Joint score for alpha[15]: 16.4975
2025-08-11 14:51:44,482 - INFO - Step 32/120: mean ENERGY=15.6773
2025-08-11 14:51:44,483 - DEBUG - Beginning Gibbs iteration s = 32
2025-08-11 14:51:51,560 - DEBUG - Joint score for alpha[0]: 16.0359
2025-08-11 14:51:55,056 - DEBUG - Joint score for alpha[1]: 16.5770
2025-08-11 14:51:58,551 - DEBUG - Joint score for alpha[2]: 15.9802
2025-08-11 14:52:02,046 - DEBUG - Joint score for alpha[3]: 17.9191
2025-08-11 14:52:05,542 - DEBUG - Joint score for alpha[4]: 16.1643
2025-08-11 14:52:09,037 - DEBUG - Joint score for alpha[5]: 15.9248
2025-08-11 14:52:12,531 - DEBUG - Joint score for alpha[6]: 16.0524
2025-08-11 14:52:16,025 - DEBUG - Joint score for alpha[7]: 18.0693
2025-08-11 14:52:19,519 - DEBUG - Joint score for alpha[8]: 16.0676
2025-08-11 14:52:23,015 - DEBUG - Joint score for alpha[9]: 15.9027
2025-08-11 14:52:26,509 - DEBUG - Joint score for alpha[10]: 16.5649
2025-08-11 14:52:30,004 - DEBUG - Joint score for alpha[11]: 17.0984
2025-08-11 14:52:33,498 - DEBUG - Joint score for alpha[12]: 15.8503
2025-08-11 14:52:36,994 - DEBUG - Joint score for alpha[13]: 15.7985
2025-08-11 14:52:40,489 - DEBUG - Joint score for alpha[14]: 16.0953
2025-08-11 14:52:43,984 - DEBUG - Joint score for alpha[15]: 16.2106
2025-08-11 14:52:50,502 - DEBUG - Joint score for alpha[0]: 16.0345
2025-08-11 14:52:53,998 - DEBUG - Joint score for alpha[1]: 15.8078
2025-08-11 14:52:57,493 - DEBUG - Joint score for alpha[2]: 15.9836
2025-08-11 14:53:00,989 - DEBUG - Joint score for alpha[3]: 15.8225
2025-08-11 14:53:04,483 - DEBUG - Joint score for alpha[4]: 15.7550
2025-08-11 14:53:07,977 - DEBUG - Joint score for alpha[5]: 15.7048
2025-08-11 14:53:11,472 - DEBUG - Joint score for alpha[6]: 15.9982
2025-08-11 14:53:14,966 - DEBUG - Joint score for alpha[7]: 15.7524
2025-08-11 14:53:18,459 - DEBUG - Joint score for alpha[8]: 15.8203
2025-08-11 14:53:21,955 - DEBUG - Joint score for alpha[9]: 16.3460
2025-08-11 14:53:25,449 - DEBUG - Joint score for alpha[10]: 15.7932
2025-08-11 14:53:28,946 - DEBUG - Joint score for alpha[11]: 15.7417
2025-08-11 14:53:32,441 - DEBUG - Joint score for alpha[12]: 15.8162
2025-08-11 14:53:35,939 - DEBUG - Joint score for alpha[13]: 15.6863
2025-08-11 14:53:39,432 - DEBUG - Joint score for alpha[14]: 15.7420
2025-08-11 14:53:42,928 - DEBUG - Joint score for alpha[15]: 15.9044
2025-08-11 14:53:49,449 - DEBUG - Joint score for alpha[0]: 15.9231
2025-08-11 14:53:52,945 - DEBUG - Joint score for alpha[1]: 15.7414
2025-08-11 14:53:56,440 - DEBUG - Joint score for alpha[2]: 15.9069
2025-08-11 14:53:59,933 - DEBUG - Joint score for alpha[3]: 16.0002
2025-08-11 14:54:03,428 - DEBUG - Joint score for alpha[4]: 15.9455
2025-08-11 14:54:06,922 - DEBUG - Joint score for alpha[5]: 15.8522
2025-08-11 14:54:10,417 - DEBUG - Joint score for alpha[6]: 15.9321
2025-08-11 14:54:13,911 - DEBUG - Joint score for alpha[7]: 16.0251
2025-08-11 14:54:17,405 - DEBUG - Joint score for alpha[8]: 15.7385
2025-08-11 14:54:20,901 - DEBUG - Joint score for alpha[9]: 16.0882
2025-08-11 14:54:24,396 - DEBUG - Joint score for alpha[10]: 15.8175
2025-08-11 14:54:27,891 - DEBUG - Joint score for alpha[11]: 15.8877
2025-08-11 14:54:31,385 - DEBUG - Joint score for alpha[12]: 15.7885
2025-08-11 14:54:34,880 - DEBUG - Joint score for alpha[13]: 16.1038
2025-08-11 14:54:38,371 - DEBUG - Joint score for alpha[14]: 15.9522
2025-08-11 14:54:41,863 - DEBUG - Joint score for alpha[15]: 16.0180
2025-08-11 14:54:48,384 - DEBUG - Joint score for alpha[0]: 16.0346
2025-08-11 14:54:51,880 - DEBUG - Joint score for alpha[1]: 16.0229
2025-08-11 14:54:55,375 - DEBUG - Joint score for alpha[2]: 15.7077
2025-08-11 14:54:58,869 - DEBUG - Joint score for alpha[3]: 15.8896
2025-08-11 14:55:02,365 - DEBUG - Joint score for alpha[4]: 16.0380
2025-08-11 14:55:05,857 - DEBUG - Joint score for alpha[5]: 16.1225
2025-08-11 14:55:09,352 - DEBUG - Joint score for alpha[6]: 15.8759
2025-08-11 14:55:12,845 - DEBUG - Joint score for alpha[7]: 15.8204
2025-08-11 14:55:16,338 - DEBUG - Joint score for alpha[8]: 15.9832
2025-08-11 14:55:19,833 - DEBUG - Joint score for alpha[9]: 15.6452
2025-08-11 14:55:23,326 - DEBUG - Joint score for alpha[10]: 16.2160
2025-08-11 14:55:26,821 - DEBUG - Joint score for alpha[11]: 16.0820
2025-08-11 14:55:30,315 - DEBUG - Joint score for alpha[12]: 15.8018
2025-08-11 14:55:33,811 - DEBUG - Joint score for alpha[13]: 15.9260
2025-08-11 14:55:37,305 - DEBUG - Joint score for alpha[14]: 16.7393
2025-08-11 14:55:40,800 - DEBUG - Joint score for alpha[15]: 15.9046
2025-08-11 14:55:47,499 - DEBUG - Joint score for alpha[0]: 15.7067
2025-08-11 14:55:50,996 - DEBUG - Joint score for alpha[1]: 15.7958
2025-08-11 14:55:54,490 - DEBUG - Joint score for alpha[2]: 15.9087
2025-08-11 14:55:57,984 - DEBUG - Joint score for alpha[3]: 15.6787
2025-08-11 14:56:01,480 - DEBUG - Joint score for alpha[4]: 16.1751
2025-08-11 14:56:04,972 - DEBUG - Joint score for alpha[5]: 16.0849
2025-08-11 14:56:08,467 - DEBUG - Joint score for alpha[6]: 15.9367
2025-08-11 14:56:11,961 - DEBUG - Joint score for alpha[7]: 15.8998
2025-08-11 14:56:15,455 - DEBUG - Joint score for alpha[8]: 15.8114
2025-08-11 14:56:18,951 - DEBUG - Joint score for alpha[9]: 15.6330
2025-08-11 14:56:22,445 - DEBUG - Joint score for alpha[10]: 15.7491
2025-08-11 14:56:25,939 - DEBUG - Joint score for alpha[11]: 16.6949
2025-08-11 14:56:29,432 - DEBUG - Joint score for alpha[12]: 16.0858
2025-08-11 14:56:32,926 - DEBUG - Joint score for alpha[13]: 15.7441
2025-08-11 14:56:36,419 - DEBUG - Joint score for alpha[14]: 15.8104
2025-08-11 14:56:39,912 - DEBUG - Joint score for alpha[15]: 15.9767
2025-08-11 14:56:39,953 - INFO - Step 33/120: mean ENERGY=15.7003
2025-08-11 14:56:39,954 - DEBUG - Beginning Gibbs iteration s = 33
2025-08-11 14:56:46,728 - DEBUG - Joint score for alpha[0]: 16.0002
2025-08-11 14:56:50,222 - DEBUG - Joint score for alpha[1]: 15.9088
2025-08-11 14:56:53,715 - DEBUG - Joint score for alpha[2]: 16.7625
2025-08-11 14:56:57,207 - DEBUG - Joint score for alpha[3]: 15.9538
2025-08-11 14:57:00,700 - DEBUG - Joint score for alpha[4]: 16.5021
2025-08-11 14:57:04,192 - DEBUG - Joint score for alpha[5]: 16.2860
2025-08-11 14:57:07,685 - DEBUG - Joint score for alpha[6]: 15.8060
2025-08-11 14:57:11,176 - DEBUG - Joint score for alpha[7]: 16.0326
2025-08-11 14:57:14,669 - DEBUG - Joint score for alpha[8]: 15.9402
2025-08-11 14:57:18,163 - DEBUG - Joint score for alpha[9]: 16.1287
2025-08-11 14:57:21,655 - DEBUG - Joint score for alpha[10]: 15.8962
2025-08-11 14:57:25,150 - DEBUG - Joint score for alpha[11]: 15.9153
2025-08-11 14:57:28,643 - DEBUG - Joint score for alpha[12]: 15.7393
2025-08-11 14:57:32,138 - DEBUG - Joint score for alpha[13]: 16.5489
2025-08-11 14:57:35,630 - DEBUG - Joint score for alpha[14]: 15.8727
2025-08-11 14:57:39,124 - DEBUG - Joint score for alpha[15]: 16.7442
2025-08-11 14:57:45,649 - DEBUG - Joint score for alpha[0]: 16.0114
2025-08-11 14:57:49,146 - DEBUG - Joint score for alpha[1]: 15.9446
2025-08-11 14:57:52,640 - DEBUG - Joint score for alpha[2]: 15.8871
2025-08-11 14:57:56,135 - DEBUG - Joint score for alpha[3]: 15.7588
2025-08-11 14:57:59,630 - DEBUG - Joint score for alpha[4]: 16.2158
2025-08-11 14:58:03,123 - DEBUG - Joint score for alpha[5]: 15.7635
2025-08-11 14:58:06,617 - DEBUG - Joint score for alpha[6]: 15.9788
2025-08-11 14:58:10,111 - DEBUG - Joint score for alpha[7]: 16.1423
2025-08-11 14:58:13,604 - DEBUG - Joint score for alpha[8]: 15.8585
2025-08-11 14:58:17,100 - DEBUG - Joint score for alpha[9]: 16.1659
2025-08-11 14:58:20,594 - DEBUG - Joint score for alpha[10]: 15.8403
2025-08-11 14:58:24,089 - DEBUG - Joint score for alpha[11]: 15.7316
2025-08-11 14:58:27,582 - DEBUG - Joint score for alpha[12]: 15.8970
2025-08-11 14:58:31,076 - DEBUG - Joint score for alpha[13]: 15.9435
2025-08-11 14:58:34,567 - DEBUG - Joint score for alpha[14]: 16.0162
2025-08-11 14:58:38,059 - DEBUG - Joint score for alpha[15]: 16.1057
2025-08-11 14:58:44,579 - DEBUG - Joint score for alpha[0]: 16.6070
2025-08-11 14:58:48,076 - DEBUG - Joint score for alpha[1]: 16.1143
2025-08-11 14:58:51,570 - DEBUG - Joint score for alpha[2]: 15.8414
2025-08-11 14:58:55,063 - DEBUG - Joint score for alpha[3]: 15.9361
2025-08-11 14:58:58,559 - DEBUG - Joint score for alpha[4]: 15.6611
2025-08-11 14:59:02,052 - DEBUG - Joint score for alpha[5]: 15.9734
2025-08-11 14:59:05,546 - DEBUG - Joint score for alpha[6]: 15.9021
2025-08-11 14:59:09,039 - DEBUG - Joint score for alpha[7]: 15.8730
2025-08-11 14:59:12,532 - DEBUG - Joint score for alpha[8]: 15.6623
2025-08-11 14:59:16,025 - DEBUG - Joint score for alpha[9]: 15.7991
2025-08-11 14:59:19,516 - DEBUG - Joint score for alpha[10]: 15.6867
2025-08-11 14:59:23,010 - DEBUG - Joint score for alpha[11]: 16.0542
2025-08-11 14:59:26,503 - DEBUG - Joint score for alpha[12]: 15.6906
2025-08-11 14:59:29,998 - DEBUG - Joint score for alpha[13]: 15.6902
2025-08-11 14:59:33,490 - DEBUG - Joint score for alpha[14]: 15.6268
2025-08-11 14:59:36,983 - DEBUG - Joint score for alpha[15]: 15.8319
2025-08-11 14:59:43,507 - DEBUG - Joint score for alpha[0]: 15.8363
2025-08-11 14:59:47,003 - DEBUG - Joint score for alpha[1]: 16.0806
2025-08-11 14:59:50,496 - DEBUG - Joint score for alpha[2]: 16.1527
2025-08-11 14:59:53,990 - DEBUG - Joint score for alpha[3]: 15.9047
2025-08-11 14:59:57,484 - DEBUG - Joint score for alpha[4]: 15.9528
2025-08-11 15:00:00,977 - DEBUG - Joint score for alpha[5]: 16.7174
2025-08-11 15:00:04,470 - DEBUG - Joint score for alpha[6]: 15.7389
2025-08-11 15:00:07,964 - DEBUG - Joint score for alpha[7]: 15.7621
2025-08-11 15:00:11,457 - DEBUG - Joint score for alpha[8]: 15.8931
2025-08-11 15:00:14,951 - DEBUG - Joint score for alpha[9]: 15.6351
2025-08-11 15:00:18,443 - DEBUG - Joint score for alpha[10]: 15.7497
2025-08-11 15:00:21,937 - DEBUG - Joint score for alpha[11]: 15.8394
2025-08-11 15:00:25,431 - DEBUG - Joint score for alpha[12]: 15.9542
2025-08-11 15:00:28,927 - DEBUG - Joint score for alpha[13]: 15.7495
2025-08-11 15:00:32,419 - DEBUG - Joint score for alpha[14]: 16.0118
2025-08-11 15:00:35,913 - DEBUG - Joint score for alpha[15]: 16.0621
2025-08-11 15:00:42,508 - DEBUG - Joint score for alpha[0]: 15.9641
2025-08-11 15:00:46,005 - DEBUG - Joint score for alpha[1]: 15.8667
2025-08-11 15:00:49,499 - DEBUG - Joint score for alpha[2]: 15.8317
2025-08-11 15:00:52,991 - DEBUG - Joint score for alpha[3]: 16.0095
2025-08-11 15:00:56,485 - DEBUG - Joint score for alpha[4]: 16.0786
2025-08-11 15:00:59,976 - DEBUG - Joint score for alpha[5]: 16.1366
2025-08-11 15:01:03,468 - DEBUG - Joint score for alpha[6]: 15.6463
2025-08-11 15:01:06,960 - DEBUG - Joint score for alpha[7]: 15.7540
2025-08-11 15:01:10,453 - DEBUG - Joint score for alpha[8]: 16.8340
2025-08-11 15:01:13,947 - DEBUG - Joint score for alpha[9]: 15.7941
2025-08-11 15:01:17,440 - DEBUG - Joint score for alpha[10]: 15.8702
2025-08-11 15:01:20,935 - DEBUG - Joint score for alpha[11]: 15.9107
2025-08-11 15:01:24,429 - DEBUG - Joint score for alpha[12]: 16.0223
2025-08-11 15:01:27,926 - DEBUG - Joint score for alpha[13]: 15.7459
2025-08-11 15:01:31,418 - DEBUG - Joint score for alpha[14]: 16.1782
2025-08-11 15:01:34,912 - DEBUG - Joint score for alpha[15]: 15.6469
2025-08-11 15:01:34,953 - INFO - Step 34/120: mean ENERGY=15.6758
2025-08-11 15:01:34,954 - DEBUG - Beginning Gibbs iteration s = 34
2025-08-11 15:01:42,095 - DEBUG - Joint score for alpha[0]: 16.4219
2025-08-11 15:01:45,591 - DEBUG - Joint score for alpha[1]: 15.7791
2025-08-11 15:01:49,087 - DEBUG - Joint score for alpha[2]: 17.6837
2025-08-11 15:01:52,582 - DEBUG - Joint score for alpha[3]: 16.1063
2025-08-11 15:01:56,079 - DEBUG - Joint score for alpha[4]: 16.0793
2025-08-11 15:01:59,571 - DEBUG - Joint score for alpha[5]: 16.1243
2025-08-11 15:02:03,063 - DEBUG - Joint score for alpha[6]: 18.0660
2025-08-11 15:02:06,556 - DEBUG - Joint score for alpha[7]: 16.1702
2025-08-11 15:02:10,048 - DEBUG - Joint score for alpha[8]: 16.6724
2025-08-11 15:02:13,541 - DEBUG - Joint score for alpha[9]: 15.8586
2025-08-11 15:02:17,033 - DEBUG - Joint score for alpha[10]: 15.7853
2025-08-11 15:02:20,527 - DEBUG - Joint score for alpha[11]: 15.9122
2025-08-11 15:02:24,020 - DEBUG - Joint score for alpha[12]: 16.0700
2025-08-11 15:02:27,515 - DEBUG - Joint score for alpha[13]: 18.4859
2025-08-11 15:02:31,007 - DEBUG - Joint score for alpha[14]: 15.8740
2025-08-11 15:02:34,499 - DEBUG - Joint score for alpha[15]: 15.9541
2025-08-11 15:02:41,017 - DEBUG - Joint score for alpha[0]: 15.6780
2025-08-11 15:02:44,514 - DEBUG - Joint score for alpha[1]: 15.9529
2025-08-11 15:02:48,008 - DEBUG - Joint score for alpha[2]: 15.9434
2025-08-11 15:02:51,503 - DEBUG - Joint score for alpha[3]: 16.0118
2025-08-11 15:02:54,998 - DEBUG - Joint score for alpha[4]: 15.8820
2025-08-11 15:02:58,491 - DEBUG - Joint score for alpha[5]: 15.8723
2025-08-11 15:03:01,986 - DEBUG - Joint score for alpha[6]: 16.0924
2025-08-11 15:03:05,481 - DEBUG - Joint score for alpha[7]: 15.7711
2025-08-11 15:03:08,975 - DEBUG - Joint score for alpha[8]: 16.0018
2025-08-11 15:03:12,471 - DEBUG - Joint score for alpha[9]: 15.8453
2025-08-11 15:03:15,966 - DEBUG - Joint score for alpha[10]: 15.7251
2025-08-11 15:03:19,462 - DEBUG - Joint score for alpha[11]: 15.9936
2025-08-11 15:03:22,957 - DEBUG - Joint score for alpha[12]: 15.7358
2025-08-11 15:03:26,456 - DEBUG - Joint score for alpha[13]: 15.8713
2025-08-11 15:03:29,952 - DEBUG - Joint score for alpha[14]: 15.8679
2025-08-11 15:03:33,446 - DEBUG - Joint score for alpha[15]: 15.7683
2025-08-11 15:03:39,964 - DEBUG - Joint score for alpha[0]: 15.8693
2025-08-11 15:03:43,461 - DEBUG - Joint score for alpha[1]: 15.6833
2025-08-11 15:03:46,955 - DEBUG - Joint score for alpha[2]: 15.9371
2025-08-11 15:03:50,449 - DEBUG - Joint score for alpha[3]: 15.9761
2025-08-11 15:03:53,945 - DEBUG - Joint score for alpha[4]: 15.9022
2025-08-11 15:03:57,437 - DEBUG - Joint score for alpha[5]: 16.2883
2025-08-11 15:04:00,930 - DEBUG - Joint score for alpha[6]: 15.8905
2025-08-11 15:04:04,422 - DEBUG - Joint score for alpha[7]: 16.5605
2025-08-11 15:04:07,914 - DEBUG - Joint score for alpha[8]: 15.8779
2025-08-11 15:04:11,408 - DEBUG - Joint score for alpha[9]: 15.8861
2025-08-11 15:04:14,900 - DEBUG - Joint score for alpha[10]: 15.7467
2025-08-11 15:04:18,393 - DEBUG - Joint score for alpha[11]: 15.8375
2025-08-11 15:04:21,886 - DEBUG - Joint score for alpha[12]: 15.7478
2025-08-11 15:04:25,381 - DEBUG - Joint score for alpha[13]: 15.8402
2025-08-11 15:04:28,873 - DEBUG - Joint score for alpha[14]: 15.8372
2025-08-11 15:04:32,367 - DEBUG - Joint score for alpha[15]: 16.1026
2025-08-11 15:04:38,957 - DEBUG - Joint score for alpha[0]: 15.9506
2025-08-11 15:04:42,455 - DEBUG - Joint score for alpha[1]: 15.7780
2025-08-11 15:04:45,948 - DEBUG - Joint score for alpha[2]: 15.9537
2025-08-11 15:04:49,440 - DEBUG - Joint score for alpha[3]: 16.0870
2025-08-11 15:04:52,934 - DEBUG - Joint score for alpha[4]: 15.8691
2025-08-11 15:04:56,426 - DEBUG - Joint score for alpha[5]: 16.0508
2025-08-11 15:04:59,920 - DEBUG - Joint score for alpha[6]: 15.7827
2025-08-11 15:05:03,413 - DEBUG - Joint score for alpha[7]: 15.6675
2025-08-11 15:05:06,906 - DEBUG - Joint score for alpha[8]: 16.0879
2025-08-11 15:05:10,400 - DEBUG - Joint score for alpha[9]: 15.9884
2025-08-11 15:05:13,893 - DEBUG - Joint score for alpha[10]: 15.7909
2025-08-11 15:05:17,387 - DEBUG - Joint score for alpha[11]: 15.6953
2025-08-11 15:05:20,882 - DEBUG - Joint score for alpha[12]: 15.9000
2025-08-11 15:05:24,379 - DEBUG - Joint score for alpha[13]: 15.8807
2025-08-11 15:05:27,873 - DEBUG - Joint score for alpha[14]: 16.2073
2025-08-11 15:05:31,367 - DEBUG - Joint score for alpha[15]: 15.9901
2025-08-11 15:05:37,923 - DEBUG - Joint score for alpha[0]: 16.0094
2025-08-11 15:05:41,418 - DEBUG - Joint score for alpha[1]: 15.6965
2025-08-11 15:05:44,911 - DEBUG - Joint score for alpha[2]: 15.8944
2025-08-11 15:05:48,405 - DEBUG - Joint score for alpha[3]: 15.7505
2025-08-11 15:05:51,898 - DEBUG - Joint score for alpha[4]: 17.4973
2025-08-11 15:05:55,390 - DEBUG - Joint score for alpha[5]: 16.7193
2025-08-11 15:05:58,882 - DEBUG - Joint score for alpha[6]: 15.9572
2025-08-11 15:06:02,373 - DEBUG - Joint score for alpha[7]: 15.9760
2025-08-11 15:06:05,866 - DEBUG - Joint score for alpha[8]: 15.9440
2025-08-11 15:06:09,359 - DEBUG - Joint score for alpha[9]: 15.8255
2025-08-11 15:06:12,852 - DEBUG - Joint score for alpha[10]: 16.6065
2025-08-11 15:06:16,345 - DEBUG - Joint score for alpha[11]: 16.4232
2025-08-11 15:06:19,838 - DEBUG - Joint score for alpha[12]: 16.8192
2025-08-11 15:06:23,332 - DEBUG - Joint score for alpha[13]: 16.3163
2025-08-11 15:06:26,825 - DEBUG - Joint score for alpha[14]: 16.1144
2025-08-11 15:06:30,319 - DEBUG - Joint score for alpha[15]: 15.9851
2025-08-11 15:06:30,360 - INFO - Step 35/120: mean ENERGY=15.7009
2025-08-11 15:06:30,361 - DEBUG - Beginning Gibbs iteration s = 35
2025-08-11 15:06:31,484 - DEBUG - Proposal variance adapted: 0.032
2025-08-11 15:06:38,171 - DEBUG - Joint score for alpha[0]: 16.5979
2025-08-11 15:06:41,666 - DEBUG - Joint score for alpha[1]: 16.4320
2025-08-11 15:06:45,161 - DEBUG - Joint score for alpha[2]: 15.8172
2025-08-11 15:06:48,655 - DEBUG - Joint score for alpha[3]: 15.8261
2025-08-11 15:06:52,151 - DEBUG - Joint score for alpha[4]: 15.7253
2025-08-11 15:06:55,645 - DEBUG - Joint score for alpha[5]: 15.6172
2025-08-11 15:06:59,140 - DEBUG - Joint score for alpha[6]: 15.7612
2025-08-11 15:07:02,632 - DEBUG - Joint score for alpha[7]: 16.4052
2025-08-11 15:07:06,124 - DEBUG - Joint score for alpha[8]: 18.1159
2025-08-11 15:07:09,617 - DEBUG - Joint score for alpha[9]: 16.9924
2025-08-11 15:07:13,111 - DEBUG - Joint score for alpha[10]: 15.7502
2025-08-11 15:07:16,605 - DEBUG - Joint score for alpha[11]: 16.0301
2025-08-11 15:07:20,097 - DEBUG - Joint score for alpha[12]: 15.7277
2025-08-11 15:07:23,590 - DEBUG - Joint score for alpha[13]: 15.7669
2025-08-11 15:07:27,082 - DEBUG - Joint score for alpha[14]: 15.8074
2025-08-11 15:07:30,576 - DEBUG - Joint score for alpha[15]: 17.3865
2025-08-11 15:07:37,130 - DEBUG - Joint score for alpha[0]: 15.7739
2025-08-11 15:07:40,626 - DEBUG - Joint score for alpha[1]: 16.0872
2025-08-11 15:07:44,122 - DEBUG - Joint score for alpha[2]: 15.9484
2025-08-11 15:07:47,616 - DEBUG - Joint score for alpha[3]: 16.1410
2025-08-11 15:07:51,112 - DEBUG - Joint score for alpha[4]: 15.7958
2025-08-11 15:07:54,606 - DEBUG - Joint score for alpha[5]: 16.3350
2025-08-11 15:07:58,100 - DEBUG - Joint score for alpha[6]: 15.9633
2025-08-11 15:08:01,594 - DEBUG - Joint score for alpha[7]: 16.1277
2025-08-11 15:08:05,088 - DEBUG - Joint score for alpha[8]: 15.7444
2025-08-11 15:08:08,584 - DEBUG - Joint score for alpha[9]: 16.6478
2025-08-11 15:08:12,078 - DEBUG - Joint score for alpha[10]: 15.8427
2025-08-11 15:08:15,574 - DEBUG - Joint score for alpha[11]: 15.7406
2025-08-11 15:08:19,070 - DEBUG - Joint score for alpha[12]: 15.7134
2025-08-11 15:08:22,567 - DEBUG - Joint score for alpha[13]: 15.8773
2025-08-11 15:08:26,062 - DEBUG - Joint score for alpha[14]: 15.9729
2025-08-11 15:08:29,557 - DEBUG - Joint score for alpha[15]: 16.3383
2025-08-11 15:08:36,111 - DEBUG - Joint score for alpha[0]: 15.9620
2025-08-11 15:08:39,607 - DEBUG - Joint score for alpha[1]: 15.9004
2025-08-11 15:08:43,102 - DEBUG - Joint score for alpha[2]: 16.0740
2025-08-11 15:08:46,596 - DEBUG - Joint score for alpha[3]: 15.9213
2025-08-11 15:08:50,089 - DEBUG - Joint score for alpha[4]: 15.8738
2025-08-11 15:08:53,583 - DEBUG - Joint score for alpha[5]: 15.7778
2025-08-11 15:08:57,078 - DEBUG - Joint score for alpha[6]: 15.9058
2025-08-11 15:09:00,571 - DEBUG - Joint score for alpha[7]: 15.9196
2025-08-11 15:09:04,065 - DEBUG - Joint score for alpha[8]: 15.9793
2025-08-11 15:09:07,560 - DEBUG - Joint score for alpha[9]: 15.7281
2025-08-11 15:09:11,054 - DEBUG - Joint score for alpha[10]: 15.7839
2025-08-11 15:09:14,550 - DEBUG - Joint score for alpha[11]: 17.1447
2025-08-11 15:09:18,045 - DEBUG - Joint score for alpha[12]: 16.1363
2025-08-11 15:09:21,539 - DEBUG - Joint score for alpha[13]: 15.9440
2025-08-11 15:09:25,031 - DEBUG - Joint score for alpha[14]: 16.0291
2025-08-11 15:09:28,523 - DEBUG - Joint score for alpha[15]: 15.8419
2025-08-11 15:09:35,132 - DEBUG - Joint score for alpha[0]: 16.4686
2025-08-11 15:09:38,629 - DEBUG - Joint score for alpha[1]: 15.9100
2025-08-11 15:09:42,124 - DEBUG - Joint score for alpha[2]: 15.7131
2025-08-11 15:09:45,618 - DEBUG - Joint score for alpha[3]: 16.3746
2025-08-11 15:09:49,111 - DEBUG - Joint score for alpha[4]: 15.8706
2025-08-11 15:09:52,601 - DEBUG - Joint score for alpha[5]: 15.6213
2025-08-11 15:09:56,094 - DEBUG - Joint score for alpha[6]: 15.7868
2025-08-11 15:09:59,585 - DEBUG - Joint score for alpha[7]: 15.8726
2025-08-11 15:10:03,077 - DEBUG - Joint score for alpha[8]: 15.8182
2025-08-11 15:10:06,571 - DEBUG - Joint score for alpha[9]: 15.6398
2025-08-11 15:10:10,063 - DEBUG - Joint score for alpha[10]: 15.9717
2025-08-11 15:10:13,556 - DEBUG - Joint score for alpha[11]: 15.9043
2025-08-11 15:10:17,049 - DEBUG - Joint score for alpha[12]: 15.6346
2025-08-11 15:10:20,544 - DEBUG - Joint score for alpha[13]: 15.8459
2025-08-11 15:10:24,036 - DEBUG - Joint score for alpha[14]: 16.0486
2025-08-11 15:10:27,530 - DEBUG - Joint score for alpha[15]: 15.8177
2025-08-11 15:10:34,052 - DEBUG - Joint score for alpha[0]: 15.8216
2025-08-11 15:10:37,550 - DEBUG - Joint score for alpha[1]: 15.7640
2025-08-11 15:10:41,045 - DEBUG - Joint score for alpha[2]: 15.9316
2025-08-11 15:10:44,538 - DEBUG - Joint score for alpha[3]: 15.9444
2025-08-11 15:10:48,032 - DEBUG - Joint score for alpha[4]: 15.7896
2025-08-11 15:10:51,523 - DEBUG - Joint score for alpha[5]: 15.7573
2025-08-11 15:10:55,014 - DEBUG - Joint score for alpha[6]: 15.7218
2025-08-11 15:10:58,505 - DEBUG - Joint score for alpha[7]: 15.7280
2025-08-11 15:11:01,997 - DEBUG - Joint score for alpha[8]: 15.8573
2025-08-11 15:11:05,490 - DEBUG - Joint score for alpha[9]: 15.7569
2025-08-11 15:11:08,982 - DEBUG - Joint score for alpha[10]: 15.7590
2025-08-11 15:11:12,475 - DEBUG - Joint score for alpha[11]: 15.8789
2025-08-11 15:11:15,967 - DEBUG - Joint score for alpha[12]: 15.9439
2025-08-11 15:11:19,462 - DEBUG - Joint score for alpha[13]: 15.8946
2025-08-11 15:11:22,953 - DEBUG - Joint score for alpha[14]: 15.8090
2025-08-11 15:11:26,445 - DEBUG - Joint score for alpha[15]: 15.6984
2025-08-11 15:11:26,486 - INFO - Step 36/120: mean ENERGY=15.6757
2025-08-11 15:11:26,487 - DEBUG - Beginning Gibbs iteration s = 36
2025-08-11 15:11:33,554 - DEBUG - Joint score for alpha[0]: 15.8272
2025-08-11 15:11:37,049 - DEBUG - Joint score for alpha[1]: 15.9657
2025-08-11 15:11:40,544 - DEBUG - Joint score for alpha[2]: 15.9209
2025-08-11 15:11:44,037 - DEBUG - Joint score for alpha[3]: 17.2998
2025-08-11 15:11:47,532 - DEBUG - Joint score for alpha[4]: 16.3527
2025-08-11 15:11:51,023 - DEBUG - Joint score for alpha[5]: 16.6928
2025-08-11 15:11:54,518 - DEBUG - Joint score for alpha[6]: 17.6792
2025-08-11 15:11:58,011 - DEBUG - Joint score for alpha[7]: 16.1394
2025-08-11 15:12:01,503 - DEBUG - Joint score for alpha[8]: 15.9791
2025-08-11 15:12:04,997 - DEBUG - Joint score for alpha[9]: 15.7401
2025-08-11 15:12:08,491 - DEBUG - Joint score for alpha[10]: 16.0789
2025-08-11 15:12:11,986 - DEBUG - Joint score for alpha[11]: 16.4203
2025-08-11 15:12:15,479 - DEBUG - Joint score for alpha[12]: 17.0726
2025-08-11 15:12:18,973 - DEBUG - Joint score for alpha[13]: 16.1841
2025-08-11 15:12:22,467 - DEBUG - Joint score for alpha[14]: 16.5968
2025-08-11 15:12:25,962 - DEBUG - Joint score for alpha[15]: 16.1924
2025-08-11 15:12:32,484 - DEBUG - Joint score for alpha[0]: 15.8251
2025-08-11 15:12:35,981 - DEBUG - Joint score for alpha[1]: 15.8650
2025-08-11 15:12:39,475 - DEBUG - Joint score for alpha[2]: 15.8606
2025-08-11 15:12:42,969 - DEBUG - Joint score for alpha[3]: 15.8011
2025-08-11 15:12:46,465 - DEBUG - Joint score for alpha[4]: 15.9096
2025-08-11 15:12:49,959 - DEBUG - Joint score for alpha[5]: 15.9127
2025-08-11 15:12:53,452 - DEBUG - Joint score for alpha[6]: 15.8335
2025-08-11 15:12:56,942 - DEBUG - Joint score for alpha[7]: 16.0882
2025-08-11 15:13:00,433 - DEBUG - Joint score for alpha[8]: 16.8237
2025-08-11 15:13:03,926 - DEBUG - Joint score for alpha[9]: 15.6199
2025-08-11 15:13:07,417 - DEBUG - Joint score for alpha[10]: 15.8472
2025-08-11 15:13:10,910 - DEBUG - Joint score for alpha[11]: 16.0441
2025-08-11 15:13:14,402 - DEBUG - Joint score for alpha[12]: 16.0368
2025-08-11 15:13:17,896 - DEBUG - Joint score for alpha[13]: 15.9248
2025-08-11 15:13:21,387 - DEBUG - Joint score for alpha[14]: 15.8584
2025-08-11 15:13:24,881 - DEBUG - Joint score for alpha[15]: 16.0286
2025-08-11 15:13:31,404 - DEBUG - Joint score for alpha[0]: 15.6950
2025-08-11 15:13:34,900 - DEBUG - Joint score for alpha[1]: 15.7912
2025-08-11 15:13:38,394 - DEBUG - Joint score for alpha[2]: 16.3716
2025-08-11 15:13:41,889 - DEBUG - Joint score for alpha[3]: 16.0299
2025-08-11 15:13:45,383 - DEBUG - Joint score for alpha[4]: 15.9957
2025-08-11 15:13:48,877 - DEBUG - Joint score for alpha[5]: 16.2642
2025-08-11 15:13:52,371 - DEBUG - Joint score for alpha[6]: 15.9608
2025-08-11 15:13:55,864 - DEBUG - Joint score for alpha[7]: 16.2926
2025-08-11 15:13:59,359 - DEBUG - Joint score for alpha[8]: 15.8201
2025-08-11 15:14:02,855 - DEBUG - Joint score for alpha[9]: 16.3170
2025-08-11 15:14:06,348 - DEBUG - Joint score for alpha[10]: 16.7685
2025-08-11 15:14:09,845 - DEBUG - Joint score for alpha[11]: 16.0587
2025-08-11 15:14:13,340 - DEBUG - Joint score for alpha[12]: 16.0617
2025-08-11 15:14:16,837 - DEBUG - Joint score for alpha[13]: 16.0519
2025-08-11 15:14:20,330 - DEBUG - Joint score for alpha[14]: 15.7689
2025-08-11 15:14:23,825 - DEBUG - Joint score for alpha[15]: 15.7554
2025-08-11 15:14:30,459 - DEBUG - Joint score for alpha[0]: 16.2384
2025-08-11 15:14:33,956 - DEBUG - Joint score for alpha[1]: 15.8363
2025-08-11 15:14:37,450 - DEBUG - Joint score for alpha[2]: 15.8255
2025-08-11 15:14:40,944 - DEBUG - Joint score for alpha[3]: 16.0233
2025-08-11 15:14:44,439 - DEBUG - Joint score for alpha[4]: 16.6596
2025-08-11 15:14:47,933 - DEBUG - Joint score for alpha[5]: 16.2222
2025-08-11 15:14:51,428 - DEBUG - Joint score for alpha[6]: 15.9013
2025-08-11 15:14:54,920 - DEBUG - Joint score for alpha[7]: 16.2309
2025-08-11 15:14:58,412 - DEBUG - Joint score for alpha[8]: 16.1420
2025-08-11 15:15:01,906 - DEBUG - Joint score for alpha[9]: 15.9003
2025-08-11 15:15:05,397 - DEBUG - Joint score for alpha[10]: 15.8311
2025-08-11 15:15:08,890 - DEBUG - Joint score for alpha[11]: 15.8335
2025-08-11 15:15:12,383 - DEBUG - Joint score for alpha[12]: 16.2207
2025-08-11 15:15:15,878 - DEBUG - Joint score for alpha[13]: 16.0618
2025-08-11 15:15:19,370 - DEBUG - Joint score for alpha[14]: 16.0964
2025-08-11 15:15:22,864 - DEBUG - Joint score for alpha[15]: 16.2167
2025-08-11 15:15:29,421 - DEBUG - Joint score for alpha[0]: 15.8721
2025-08-11 15:15:32,919 - DEBUG - Joint score for alpha[1]: 16.9263
2025-08-11 15:15:36,412 - DEBUG - Joint score for alpha[2]: 16.0920
2025-08-11 15:15:39,906 - DEBUG - Joint score for alpha[3]: 15.9369
2025-08-11 15:15:43,400 - DEBUG - Joint score for alpha[4]: 16.7967
2025-08-11 15:15:46,892 - DEBUG - Joint score for alpha[5]: 16.6778
2025-08-11 15:15:50,384 - DEBUG - Joint score for alpha[6]: 16.0512
2025-08-11 15:15:53,876 - DEBUG - Joint score for alpha[7]: 15.7412
2025-08-11 15:15:57,368 - DEBUG - Joint score for alpha[8]: 19.3672
2025-08-11 15:16:00,863 - DEBUG - Joint score for alpha[9]: 16.4354
2025-08-11 15:16:04,355 - DEBUG - Joint score for alpha[10]: 16.7424
2025-08-11 15:16:07,850 - DEBUG - Joint score for alpha[11]: 20.1882
2025-08-11 15:16:11,343 - DEBUG - Joint score for alpha[12]: 16.0334
2025-08-11 15:16:14,840 - DEBUG - Joint score for alpha[13]: 15.8942
2025-08-11 15:16:18,333 - DEBUG - Joint score for alpha[14]: 15.9730
2025-08-11 15:16:21,827 - DEBUG - Joint score for alpha[15]: 15.9180
2025-08-11 15:16:21,868 - INFO - Step 37/120: mean ENERGY=15.7243
2025-08-11 15:16:21,869 - DEBUG - Beginning Gibbs iteration s = 37
2025-08-11 15:16:29,037 - DEBUG - Joint score for alpha[0]: 16.0345
2025-08-11 15:16:32,533 - DEBUG - Joint score for alpha[1]: 15.7381
2025-08-11 15:16:36,028 - DEBUG - Joint score for alpha[2]: 20.4227
2025-08-11 15:16:39,522 - DEBUG - Joint score for alpha[3]: 15.7962
2025-08-11 15:16:43,017 - DEBUG - Joint score for alpha[4]: 16.9162
2025-08-11 15:16:46,511 - DEBUG - Joint score for alpha[5]: 16.2843
2025-08-11 15:16:50,005 - DEBUG - Joint score for alpha[6]: 16.0299
2025-08-11 15:16:53,497 - DEBUG - Joint score for alpha[7]: 15.8982
2025-08-11 15:16:56,991 - DEBUG - Joint score for alpha[8]: 15.7830
2025-08-11 15:17:00,487 - DEBUG - Joint score for alpha[9]: 15.8501
2025-08-11 15:17:03,979 - DEBUG - Joint score for alpha[10]: 16.3992
2025-08-11 15:17:07,475 - DEBUG - Joint score for alpha[11]: 15.8244
2025-08-11 15:17:10,969 - DEBUG - Joint score for alpha[12]: 15.8464
2025-08-11 15:17:14,465 - DEBUG - Joint score for alpha[13]: 19.0076
2025-08-11 15:17:17,958 - DEBUG - Joint score for alpha[14]: 16.8491
2025-08-11 15:17:21,452 - DEBUG - Joint score for alpha[15]: 16.5490
2025-08-11 15:17:28,071 - DEBUG - Joint score for alpha[0]: 15.7738
2025-08-11 15:17:31,566 - DEBUG - Joint score for alpha[1]: 15.9533
2025-08-11 15:17:35,060 - DEBUG - Joint score for alpha[2]: 15.8448
2025-08-11 15:17:38,553 - DEBUG - Joint score for alpha[3]: 15.9818
2025-08-11 15:17:42,048 - DEBUG - Joint score for alpha[4]: 15.8717
2025-08-11 15:17:45,540 - DEBUG - Joint score for alpha[5]: 15.9474
2025-08-11 15:17:49,033 - DEBUG - Joint score for alpha[6]: 15.9659
2025-08-11 15:17:52,527 - DEBUG - Joint score for alpha[7]: 15.8563
2025-08-11 15:17:56,019 - DEBUG - Joint score for alpha[8]: 16.0255
2025-08-11 15:17:59,513 - DEBUG - Joint score for alpha[9]: 15.9802
2025-08-11 15:18:03,008 - DEBUG - Joint score for alpha[10]: 16.1206
2025-08-11 15:18:06,503 - DEBUG - Joint score for alpha[11]: 15.7746
2025-08-11 15:18:09,997 - DEBUG - Joint score for alpha[12]: 15.8667
2025-08-11 15:18:13,493 - DEBUG - Joint score for alpha[13]: 15.8700
2025-08-11 15:18:16,987 - DEBUG - Joint score for alpha[14]: 15.9504
2025-08-11 15:18:20,483 - DEBUG - Joint score for alpha[15]: 16.0206
2025-08-11 15:18:27,036 - DEBUG - Joint score for alpha[0]: 15.7859
2025-08-11 15:18:30,532 - DEBUG - Joint score for alpha[1]: 16.0199
2025-08-11 15:18:34,026 - DEBUG - Joint score for alpha[2]: 16.0197
2025-08-11 15:18:37,520 - DEBUG - Joint score for alpha[3]: 15.8168
2025-08-11 15:18:41,013 - DEBUG - Joint score for alpha[4]: 15.8751
2025-08-11 15:18:44,507 - DEBUG - Joint score for alpha[5]: 15.8029
2025-08-11 15:18:48,002 - DEBUG - Joint score for alpha[6]: 15.9126
2025-08-11 15:18:51,495 - DEBUG - Joint score for alpha[7]: 15.7208
2025-08-11 15:18:54,988 - DEBUG - Joint score for alpha[8]: 15.8578
2025-08-11 15:18:58,483 - DEBUG - Joint score for alpha[9]: 16.4505
2025-08-11 15:19:01,976 - DEBUG - Joint score for alpha[10]: 15.8745
2025-08-11 15:19:05,472 - DEBUG - Joint score for alpha[11]: 16.0617
2025-08-11 15:19:08,966 - DEBUG - Joint score for alpha[12]: 16.0235
2025-08-11 15:19:12,463 - DEBUG - Joint score for alpha[13]: 15.6837
2025-08-11 15:19:15,957 - DEBUG - Joint score for alpha[14]: 15.8607
2025-08-11 15:19:19,451 - DEBUG - Joint score for alpha[15]: 15.7852
2025-08-11 15:19:26,138 - DEBUG - Joint score for alpha[0]: 15.7901
2025-08-11 15:19:29,636 - DEBUG - Joint score for alpha[1]: 15.6721
2025-08-11 15:19:33,131 - DEBUG - Joint score for alpha[2]: 16.3219
2025-08-11 15:19:36,626 - DEBUG - Joint score for alpha[3]: 16.0205
2025-08-11 15:19:40,121 - DEBUG - Joint score for alpha[4]: 15.8940
2025-08-11 15:19:43,615 - DEBUG - Joint score for alpha[5]: 15.8171
2025-08-11 15:19:47,110 - DEBUG - Joint score for alpha[6]: 15.7894
2025-08-11 15:19:50,606 - DEBUG - Joint score for alpha[7]: 15.8316
2025-08-11 15:19:54,099 - DEBUG - Joint score for alpha[8]: 15.7409
2025-08-11 15:19:57,595 - DEBUG - Joint score for alpha[9]: 16.6850
2025-08-11 15:20:01,089 - DEBUG - Joint score for alpha[10]: 15.8069
2025-08-11 15:20:04,586 - DEBUG - Joint score for alpha[11]: 16.0788
2025-08-11 15:20:08,080 - DEBUG - Joint score for alpha[12]: 16.0259
2025-08-11 15:20:11,576 - DEBUG - Joint score for alpha[13]: 15.9091
2025-08-11 15:20:15,068 - DEBUG - Joint score for alpha[14]: 19.7174
2025-08-11 15:20:18,561 - DEBUG - Joint score for alpha[15]: 15.9525
2025-08-11 15:20:25,120 - DEBUG - Joint score for alpha[0]: 15.7243
2025-08-11 15:20:28,618 - DEBUG - Joint score for alpha[1]: 16.1207
2025-08-11 15:20:32,113 - DEBUG - Joint score for alpha[2]: 15.9489
2025-08-11 15:20:35,608 - DEBUG - Joint score for alpha[3]: 17.4059
2025-08-11 15:20:39,103 - DEBUG - Joint score for alpha[4]: 16.0514
2025-08-11 15:20:42,596 - DEBUG - Joint score for alpha[5]: 15.9821
2025-08-11 15:20:46,089 - DEBUG - Joint score for alpha[6]: 15.6795
2025-08-11 15:20:49,580 - DEBUG - Joint score for alpha[7]: 15.8926
2025-08-11 15:20:53,072 - DEBUG - Joint score for alpha[8]: 16.1722
2025-08-11 15:20:56,566 - DEBUG - Joint score for alpha[9]: 16.1947
2025-08-11 15:21:00,058 - DEBUG - Joint score for alpha[10]: 15.8573
2025-08-11 15:21:03,552 - DEBUG - Joint score for alpha[11]: 15.9606
2025-08-11 15:21:07,045 - DEBUG - Joint score for alpha[12]: 16.1496
2025-08-11 15:21:10,541 - DEBUG - Joint score for alpha[13]: 16.0472
2025-08-11 15:21:14,033 - DEBUG - Joint score for alpha[14]: 15.9275
2025-08-11 15:21:17,527 - DEBUG - Joint score for alpha[15]: 16.1017
2025-08-11 15:21:17,568 - INFO - Step 38/120: mean ENERGY=15.7094
2025-08-11 15:21:17,569 - DEBUG - Beginning Gibbs iteration s = 38
2025-08-11 15:21:24,761 - DEBUG - Joint score for alpha[0]: 15.7617
2025-08-11 15:21:28,257 - DEBUG - Joint score for alpha[1]: 16.4678
2025-08-11 15:21:31,752 - DEBUG - Joint score for alpha[2]: 15.9237
2025-08-11 15:21:35,247 - DEBUG - Joint score for alpha[3]: 16.5117
2025-08-11 15:21:38,740 - DEBUG - Joint score for alpha[4]: 16.0061
2025-08-11 15:21:42,231 - DEBUG - Joint score for alpha[5]: 17.9230
2025-08-11 15:21:45,724 - DEBUG - Joint score for alpha[6]: 15.9095
2025-08-11 15:21:49,216 - DEBUG - Joint score for alpha[7]: 15.5719
2025-08-11 15:21:52,708 - DEBUG - Joint score for alpha[8]: 16.3166
2025-08-11 15:21:56,201 - DEBUG - Joint score for alpha[9]: 15.8589
2025-08-11 15:21:59,693 - DEBUG - Joint score for alpha[10]: 15.6585
2025-08-11 15:22:03,188 - DEBUG - Joint score for alpha[11]: 15.9992
2025-08-11 15:22:06,682 - DEBUG - Joint score for alpha[12]: 16.2945
2025-08-11 15:22:10,176 - DEBUG - Joint score for alpha[13]: 15.7080
2025-08-11 15:22:13,667 - DEBUG - Joint score for alpha[14]: 15.8355
2025-08-11 15:22:17,161 - DEBUG - Joint score for alpha[15]: 16.7291
2025-08-11 15:22:23,792 - DEBUG - Joint score for alpha[0]: 16.0474
2025-08-11 15:22:27,290 - DEBUG - Joint score for alpha[1]: 15.9387
2025-08-11 15:22:30,785 - DEBUG - Joint score for alpha[2]: 15.7044
2025-08-11 15:22:34,280 - DEBUG - Joint score for alpha[3]: 16.1674
2025-08-11 15:22:37,775 - DEBUG - Joint score for alpha[4]: 16.0000
2025-08-11 15:22:41,267 - DEBUG - Joint score for alpha[5]: 16.1573
2025-08-11 15:22:44,759 - DEBUG - Joint score for alpha[6]: 15.4990
2025-08-11 15:22:48,251 - DEBUG - Joint score for alpha[7]: 15.7116
2025-08-11 15:22:51,742 - DEBUG - Joint score for alpha[8]: 15.7440
2025-08-11 15:22:55,236 - DEBUG - Joint score for alpha[9]: 15.9229
2025-08-11 15:22:58,729 - DEBUG - Joint score for alpha[10]: 15.7676
2025-08-11 15:23:02,223 - DEBUG - Joint score for alpha[11]: 15.6551
2025-08-11 15:23:05,716 - DEBUG - Joint score for alpha[12]: 15.8463
2025-08-11 15:23:09,212 - DEBUG - Joint score for alpha[13]: 15.7194
2025-08-11 15:23:12,706 - DEBUG - Joint score for alpha[14]: 17.0189
2025-08-11 15:23:16,200 - DEBUG - Joint score for alpha[15]: 15.9371
2025-08-11 15:23:22,722 - DEBUG - Joint score for alpha[0]: 15.9833
2025-08-11 15:23:26,217 - DEBUG - Joint score for alpha[1]: 15.8961
2025-08-11 15:23:29,709 - DEBUG - Joint score for alpha[2]: 15.7124
2025-08-11 15:23:33,201 - DEBUG - Joint score for alpha[3]: 16.0045
2025-08-11 15:23:36,693 - DEBUG - Joint score for alpha[4]: 15.6689
2025-08-11 15:23:40,184 - DEBUG - Joint score for alpha[5]: 16.0306
2025-08-11 15:23:43,676 - DEBUG - Joint score for alpha[6]: 15.9182
2025-08-11 15:23:47,168 - DEBUG - Joint score for alpha[7]: 15.6337
2025-08-11 15:23:50,660 - DEBUG - Joint score for alpha[8]: 15.9402
2025-08-11 15:23:54,154 - DEBUG - Joint score for alpha[9]: 16.0414
2025-08-11 15:23:57,646 - DEBUG - Joint score for alpha[10]: 15.8683
2025-08-11 15:24:01,139 - DEBUG - Joint score for alpha[11]: 15.7586
2025-08-11 15:24:04,631 - DEBUG - Joint score for alpha[12]: 15.6910
2025-08-11 15:24:08,125 - DEBUG - Joint score for alpha[13]: 15.6034
2025-08-11 15:24:11,615 - DEBUG - Joint score for alpha[14]: 16.4189
2025-08-11 15:24:15,107 - DEBUG - Joint score for alpha[15]: 15.4887
2025-08-11 15:24:21,802 - DEBUG - Joint score for alpha[0]: 15.8147
2025-08-11 15:24:25,298 - DEBUG - Joint score for alpha[1]: 15.5574
2025-08-11 15:24:28,792 - DEBUG - Joint score for alpha[2]: 15.6149
2025-08-11 15:24:32,287 - DEBUG - Joint score for alpha[3]: 16.1662
2025-08-11 15:24:35,781 - DEBUG - Joint score for alpha[4]: 15.5470
2025-08-11 15:24:39,273 - DEBUG - Joint score for alpha[5]: 15.8969
2025-08-11 15:24:42,767 - DEBUG - Joint score for alpha[6]: 15.7779
2025-08-11 15:24:46,259 - DEBUG - Joint score for alpha[7]: 15.7508
2025-08-11 15:24:49,752 - DEBUG - Joint score for alpha[8]: 16.3951
2025-08-11 15:24:53,247 - DEBUG - Joint score for alpha[9]: 15.8303
2025-08-11 15:24:56,741 - DEBUG - Joint score for alpha[10]: 15.5121
2025-08-11 15:25:00,234 - DEBUG - Joint score for alpha[11]: 15.4426
2025-08-11 15:25:03,728 - DEBUG - Joint score for alpha[12]: 16.1485
2025-08-11 15:25:07,224 - DEBUG - Joint score for alpha[13]: 15.9007
2025-08-11 15:25:10,716 - DEBUG - Joint score for alpha[14]: 15.7417
2025-08-11 15:25:14,210 - DEBUG - Joint score for alpha[15]: 15.7134
2025-08-11 15:25:20,732 - DEBUG - Joint score for alpha[0]: 15.7567
2025-08-11 15:25:24,228 - DEBUG - Joint score for alpha[1]: 15.9948
2025-08-11 15:25:27,721 - DEBUG - Joint score for alpha[2]: 15.8059
2025-08-11 15:25:31,214 - DEBUG - Joint score for alpha[3]: 15.8483
2025-08-11 15:25:34,708 - DEBUG - Joint score for alpha[4]: 16.0225
2025-08-11 15:25:38,200 - DEBUG - Joint score for alpha[5]: 15.6276
2025-08-11 15:25:41,693 - DEBUG - Joint score for alpha[6]: 15.7705
2025-08-11 15:25:45,186 - DEBUG - Joint score for alpha[7]: 15.9756
2025-08-11 15:25:48,680 - DEBUG - Joint score for alpha[8]: 15.9745
2025-08-11 15:25:52,176 - DEBUG - Joint score for alpha[9]: 16.0925
2025-08-11 15:25:55,668 - DEBUG - Joint score for alpha[10]: 17.5624
2025-08-11 15:25:59,161 - DEBUG - Joint score for alpha[11]: 16.1583
2025-08-11 15:26:02,653 - DEBUG - Joint score for alpha[12]: 15.9287
2025-08-11 15:26:06,148 - DEBUG - Joint score for alpha[13]: 15.5368
2025-08-11 15:26:09,639 - DEBUG - Joint score for alpha[14]: 15.8468
2025-08-11 15:26:13,132 - DEBUG - Joint score for alpha[15]: 16.0501
2025-08-11 15:26:13,173 - INFO - Step 39/120: mean ENERGY=15.5078
2025-08-11 15:26:13,175 - DEBUG - Beginning Gibbs iteration s = 39
2025-08-11 15:26:20,089 - DEBUG - Joint score for alpha[0]: 15.6057
2025-08-11 15:26:23,586 - DEBUG - Joint score for alpha[1]: 17.0736
2025-08-11 15:26:27,078 - DEBUG - Joint score for alpha[2]: 16.0131
2025-08-11 15:26:30,571 - DEBUG - Joint score for alpha[3]: 16.0868
2025-08-11 15:26:34,065 - DEBUG - Joint score for alpha[4]: 16.3639
2025-08-11 15:26:37,556 - DEBUG - Joint score for alpha[5]: 16.7625
2025-08-11 15:26:41,048 - DEBUG - Joint score for alpha[6]: 15.9495
2025-08-11 15:26:44,540 - DEBUG - Joint score for alpha[7]: 15.8820
2025-08-11 15:26:48,033 - DEBUG - Joint score for alpha[8]: 18.3708
2025-08-11 15:26:51,527 - DEBUG - Joint score for alpha[9]: 17.8591
2025-08-11 15:26:55,019 - DEBUG - Joint score for alpha[10]: 16.1386
2025-08-11 15:26:58,514 - DEBUG - Joint score for alpha[11]: 16.0262
2025-08-11 15:27:02,007 - DEBUG - Joint score for alpha[12]: 15.6476
2025-08-11 15:27:05,503 - DEBUG - Joint score for alpha[13]: 15.8778
2025-08-11 15:27:08,995 - DEBUG - Joint score for alpha[14]: 15.9730
2025-08-11 15:27:12,490 - DEBUG - Joint score for alpha[15]: 15.7667
2025-08-11 15:27:19,021 - DEBUG - Joint score for alpha[0]: 15.7275
2025-08-11 15:27:22,516 - DEBUG - Joint score for alpha[1]: 15.8902
2025-08-11 15:27:26,010 - DEBUG - Joint score for alpha[2]: 15.9829
2025-08-11 15:27:29,504 - DEBUG - Joint score for alpha[3]: 15.9340
2025-08-11 15:27:32,998 - DEBUG - Joint score for alpha[4]: 15.8478
2025-08-11 15:27:36,490 - DEBUG - Joint score for alpha[5]: 15.7396
2025-08-11 15:27:39,983 - DEBUG - Joint score for alpha[6]: 17.0618
2025-08-11 15:27:43,476 - DEBUG - Joint score for alpha[7]: 15.9089
2025-08-11 15:27:46,968 - DEBUG - Joint score for alpha[8]: 16.1224
2025-08-11 15:27:50,460 - DEBUG - Joint score for alpha[9]: 15.9525
2025-08-11 15:27:53,953 - DEBUG - Joint score for alpha[10]: 16.1823
2025-08-11 15:27:57,446 - DEBUG - Joint score for alpha[11]: 16.8786
2025-08-11 15:28:00,939 - DEBUG - Joint score for alpha[12]: 16.0127
2025-08-11 15:28:04,435 - DEBUG - Joint score for alpha[13]: 16.2050
2025-08-11 15:28:07,927 - DEBUG - Joint score for alpha[14]: 15.7352
2025-08-11 15:28:11,420 - DEBUG - Joint score for alpha[15]: 15.9717
2025-08-11 15:28:17,954 - DEBUG - Joint score for alpha[0]: 16.0597
2025-08-11 15:28:21,452 - DEBUG - Joint score for alpha[1]: 15.9710
2025-08-11 15:28:24,946 - DEBUG - Joint score for alpha[2]: 16.3202
2025-08-11 15:28:28,440 - DEBUG - Joint score for alpha[3]: 15.8389
2025-08-11 15:28:31,935 - DEBUG - Joint score for alpha[4]: 16.8403
2025-08-11 15:28:35,427 - DEBUG - Joint score for alpha[5]: 16.0061
2025-08-11 15:28:38,919 - DEBUG - Joint score for alpha[6]: 15.7992
2025-08-11 15:28:42,409 - DEBUG - Joint score for alpha[7]: 15.8757
2025-08-11 15:28:45,901 - DEBUG - Joint score for alpha[8]: 15.8395
2025-08-11 15:28:49,394 - DEBUG - Joint score for alpha[9]: 15.9722
2025-08-11 15:28:52,887 - DEBUG - Joint score for alpha[10]: 15.8649
2025-08-11 15:28:56,381 - DEBUG - Joint score for alpha[11]: 16.1163
2025-08-11 15:28:59,873 - DEBUG - Joint score for alpha[12]: 16.0598
2025-08-11 15:29:03,366 - DEBUG - Joint score for alpha[13]: 16.0073
2025-08-11 15:29:06,858 - DEBUG - Joint score for alpha[14]: 15.9859
2025-08-11 15:29:10,352 - DEBUG - Joint score for alpha[15]: 15.9631
2025-08-11 15:29:17,004 - DEBUG - Joint score for alpha[0]: 15.8960
2025-08-11 15:29:20,502 - DEBUG - Joint score for alpha[1]: 15.9692
2025-08-11 15:29:23,994 - DEBUG - Joint score for alpha[2]: 15.8955
2025-08-11 15:29:27,486 - DEBUG - Joint score for alpha[3]: 16.1769
2025-08-11 15:29:30,979 - DEBUG - Joint score for alpha[4]: 15.8946
2025-08-11 15:29:34,470 - DEBUG - Joint score for alpha[5]: 16.3526
2025-08-11 15:29:37,964 - DEBUG - Joint score for alpha[6]: 16.2723
2025-08-11 15:29:41,456 - DEBUG - Joint score for alpha[7]: 16.0304
2025-08-11 15:29:44,950 - DEBUG - Joint score for alpha[8]: 15.9571
2025-08-11 15:29:48,444 - DEBUG - Joint score for alpha[9]: 16.4908
2025-08-11 15:29:51,937 - DEBUG - Joint score for alpha[10]: 16.1081
2025-08-11 15:29:55,431 - DEBUG - Joint score for alpha[11]: 16.1742
2025-08-11 15:29:58,923 - DEBUG - Joint score for alpha[12]: 16.0781
2025-08-11 15:30:02,419 - DEBUG - Joint score for alpha[13]: 16.0417
2025-08-11 15:30:05,913 - DEBUG - Joint score for alpha[14]: 16.6809
2025-08-11 15:30:09,407 - DEBUG - Joint score for alpha[15]: 16.1931
2025-08-11 15:30:15,962 - DEBUG - Joint score for alpha[0]: 15.9089
2025-08-11 15:30:19,457 - DEBUG - Joint score for alpha[1]: 15.9441
2025-08-11 15:30:22,950 - DEBUG - Joint score for alpha[2]: 15.9168
2025-08-11 15:30:26,444 - DEBUG - Joint score for alpha[3]: 15.8693
2025-08-11 15:30:29,937 - DEBUG - Joint score for alpha[4]: 15.8981
2025-08-11 15:30:33,428 - DEBUG - Joint score for alpha[5]: 16.1558
2025-08-11 15:30:36,921 - DEBUG - Joint score for alpha[6]: 15.8347
2025-08-11 15:30:40,411 - DEBUG - Joint score for alpha[7]: 19.0305
2025-08-11 15:30:43,903 - DEBUG - Joint score for alpha[8]: 16.0690
2025-08-11 15:30:47,396 - DEBUG - Joint score for alpha[9]: 17.7060
2025-08-11 15:30:50,888 - DEBUG - Joint score for alpha[10]: 15.8275
2025-08-11 15:30:54,381 - DEBUG - Joint score for alpha[11]: 15.8510
2025-08-11 15:30:57,872 - DEBUG - Joint score for alpha[12]: 16.8081
2025-08-11 15:31:01,366 - DEBUG - Joint score for alpha[13]: 15.8828
2025-08-11 15:31:04,857 - DEBUG - Joint score for alpha[14]: 15.8496
2025-08-11 15:31:08,349 - DEBUG - Joint score for alpha[15]: 15.9170
2025-08-11 15:31:08,391 - INFO - Step 40/120: mean ENERGY=15.7709
2025-08-11 15:31:08,392 - DEBUG - Beginning Gibbs iteration s = 40
2025-08-11 15:31:08,454 - DEBUG - Proposal variance adapted: 0.027
2025-08-11 15:31:14,941 - DEBUG - Joint score for alpha[0]: 15.9568
2025-08-11 15:31:18,438 - DEBUG - Joint score for alpha[1]: 16.1303
2025-08-11 15:31:21,931 - DEBUG - Joint score for alpha[2]: 15.6530
2025-08-11 15:31:25,425 - DEBUG - Joint score for alpha[3]: 15.9075
2025-08-11 15:31:28,920 - DEBUG - Joint score for alpha[4]: 16.0000
2025-08-11 15:31:32,411 - DEBUG - Joint score for alpha[5]: 15.5861
2025-08-11 15:31:35,903 - DEBUG - Joint score for alpha[6]: 15.5821
2025-08-11 15:31:39,395 - DEBUG - Joint score for alpha[7]: 15.6335
2025-08-11 15:31:42,887 - DEBUG - Joint score for alpha[8]: 16.6325
2025-08-11 15:31:46,382 - DEBUG - Joint score for alpha[9]: 16.4459
2025-08-11 15:31:49,874 - DEBUG - Joint score for alpha[10]: 15.7423
2025-08-11 15:31:53,369 - DEBUG - Joint score for alpha[11]: 16.1410
2025-08-11 15:31:56,862 - DEBUG - Joint score for alpha[12]: 15.7466
2025-08-11 15:32:00,358 - DEBUG - Joint score for alpha[13]: 15.9303
2025-08-11 15:32:03,850 - DEBUG - Joint score for alpha[14]: 15.6463
2025-08-11 15:32:07,343 - DEBUG - Joint score for alpha[15]: 15.8820
2025-08-11 15:32:13,900 - DEBUG - Joint score for alpha[0]: 15.6385
2025-08-11 15:32:17,396 - DEBUG - Joint score for alpha[1]: 15.7080
2025-08-11 15:32:20,889 - DEBUG - Joint score for alpha[2]: 15.7573
2025-08-11 15:32:24,383 - DEBUG - Joint score for alpha[3]: 15.8711
2025-08-11 15:32:27,877 - DEBUG - Joint score for alpha[4]: 15.8154
2025-08-11 15:32:31,369 - DEBUG - Joint score for alpha[5]: 15.5888
2025-08-11 15:32:34,862 - DEBUG - Joint score for alpha[6]: 15.8013
2025-08-11 15:32:38,355 - DEBUG - Joint score for alpha[7]: 15.7098
2025-08-11 15:32:41,848 - DEBUG - Joint score for alpha[8]: 15.7816
2025-08-11 15:32:45,342 - DEBUG - Joint score for alpha[9]: 15.7849
2025-08-11 15:32:48,834 - DEBUG - Joint score for alpha[10]: 15.7541
2025-08-11 15:32:52,329 - DEBUG - Joint score for alpha[11]: 15.6773
2025-08-11 15:32:55,823 - DEBUG - Joint score for alpha[12]: 17.8118
2025-08-11 15:32:59,319 - DEBUG - Joint score for alpha[13]: 15.7469
2025-08-11 15:33:02,811 - DEBUG - Joint score for alpha[14]: 15.8539
2025-08-11 15:33:06,305 - DEBUG - Joint score for alpha[15]: 16.4462
2025-08-11 15:33:13,012 - DEBUG - Joint score for alpha[0]: 15.7875
2025-08-11 15:33:16,510 - DEBUG - Joint score for alpha[1]: 15.7716
2025-08-11 15:33:20,004 - DEBUG - Joint score for alpha[2]: 15.8113
2025-08-11 15:33:23,500 - DEBUG - Joint score for alpha[3]: 15.6240
2025-08-11 15:33:26,994 - DEBUG - Joint score for alpha[4]: 15.6718
2025-08-11 15:33:30,485 - DEBUG - Joint score for alpha[5]: 15.5920
2025-08-11 15:33:33,978 - DEBUG - Joint score for alpha[6]: 15.6062
2025-08-11 15:33:37,470 - DEBUG - Joint score for alpha[7]: 15.7293
2025-08-11 15:33:40,962 - DEBUG - Joint score for alpha[8]: 15.5582
2025-08-11 15:33:44,456 - DEBUG - Joint score for alpha[9]: 15.5864
2025-08-11 15:33:47,949 - DEBUG - Joint score for alpha[10]: 15.7632
2025-08-11 15:33:51,444 - DEBUG - Joint score for alpha[11]: 15.6483
2025-08-11 15:33:54,938 - DEBUG - Joint score for alpha[12]: 15.7744
2025-08-11 15:33:58,434 - DEBUG - Joint score for alpha[13]: 15.5996
2025-08-11 15:34:01,926 - DEBUG - Joint score for alpha[14]: 15.6698
2025-08-11 15:34:05,420 - DEBUG - Joint score for alpha[15]: 15.7006
2025-08-11 15:34:11,974 - DEBUG - Joint score for alpha[0]: 15.9604
2025-08-11 15:34:15,471 - DEBUG - Joint score for alpha[1]: 16.4291
2025-08-11 15:34:18,966 - DEBUG - Joint score for alpha[2]: 16.2132
2025-08-11 15:34:22,461 - DEBUG - Joint score for alpha[3]: 16.9951
2025-08-11 15:34:25,959 - DEBUG - Joint score for alpha[4]: 15.7847
2025-08-11 15:34:29,452 - DEBUG - Joint score for alpha[5]: 15.8804
2025-08-11 15:34:32,946 - DEBUG - Joint score for alpha[6]: 16.9136
2025-08-11 15:34:36,437 - DEBUG - Joint score for alpha[7]: 15.8241
2025-08-11 15:34:39,929 - DEBUG - Joint score for alpha[8]: 15.5832
2025-08-11 15:34:43,422 - DEBUG - Joint score for alpha[9]: 15.7660
2025-08-11 15:34:46,914 - DEBUG - Joint score for alpha[10]: 16.5469
2025-08-11 15:34:50,407 - DEBUG - Joint score for alpha[11]: 15.8158
2025-08-11 15:34:53,899 - DEBUG - Joint score for alpha[12]: 15.9534
2025-08-11 15:34:57,395 - DEBUG - Joint score for alpha[13]: 15.8829
2025-08-11 15:35:00,888 - DEBUG - Joint score for alpha[14]: 15.6561
2025-08-11 15:35:04,382 - DEBUG - Joint score for alpha[15]: 15.9362
2025-08-11 15:35:10,904 - DEBUG - Joint score for alpha[0]: 16.4072
2025-08-11 15:35:14,402 - DEBUG - Joint score for alpha[1]: 16.1372
2025-08-11 15:35:17,895 - DEBUG - Joint score for alpha[2]: 15.8524
2025-08-11 15:35:21,387 - DEBUG - Joint score for alpha[3]: 16.1016
2025-08-11 15:35:24,880 - DEBUG - Joint score for alpha[4]: 15.7746
2025-08-11 15:35:28,371 - DEBUG - Joint score for alpha[5]: 16.0335
2025-08-11 15:35:31,863 - DEBUG - Joint score for alpha[6]: 15.8350
2025-08-11 15:35:35,353 - DEBUG - Joint score for alpha[7]: 16.1907
2025-08-11 15:35:38,844 - DEBUG - Joint score for alpha[8]: 16.1906
2025-08-11 15:35:42,336 - DEBUG - Joint score for alpha[9]: 15.9085
2025-08-11 15:35:45,827 - DEBUG - Joint score for alpha[10]: 15.8878
2025-08-11 15:35:49,320 - DEBUG - Joint score for alpha[11]: 15.7056
2025-08-11 15:35:52,812 - DEBUG - Joint score for alpha[12]: 15.8622
2025-08-11 15:35:56,306 - DEBUG - Joint score for alpha[13]: 16.2049
2025-08-11 15:35:59,795 - DEBUG - Joint score for alpha[14]: 15.8624
2025-08-11 15:36:03,287 - DEBUG - Joint score for alpha[15]: 15.9775
2025-08-11 15:36:03,328 - INFO - Step 41/120: mean ENERGY=15.6036
2025-08-11 15:36:03,332 - DEBUG - Beginning Gibbs iteration s = 41
2025-08-11 15:36:10,089 - DEBUG - Joint score for alpha[0]: 15.7941
2025-08-11 15:36:13,585 - DEBUG - Joint score for alpha[1]: 17.0604
2025-08-11 15:36:17,079 - DEBUG - Joint score for alpha[2]: 15.9186
2025-08-11 15:36:20,572 - DEBUG - Joint score for alpha[3]: 16.0493
2025-08-11 15:36:24,067 - DEBUG - Joint score for alpha[4]: 16.2066
2025-08-11 15:36:27,559 - DEBUG - Joint score for alpha[5]: 15.8811
2025-08-11 15:36:31,051 - DEBUG - Joint score for alpha[6]: 15.7044
2025-08-11 15:36:34,542 - DEBUG - Joint score for alpha[7]: 15.5076
2025-08-11 15:36:38,033 - DEBUG - Joint score for alpha[8]: 16.6527
2025-08-11 15:36:41,527 - DEBUG - Joint score for alpha[9]: 15.7197
2025-08-11 15:36:45,019 - DEBUG - Joint score for alpha[10]: 15.7342
2025-08-11 15:36:48,513 - DEBUG - Joint score for alpha[11]: 15.9517
2025-08-11 15:36:52,006 - DEBUG - Joint score for alpha[12]: 16.0796
2025-08-11 15:36:55,502 - DEBUG - Joint score for alpha[13]: 15.6869
2025-08-11 15:36:58,993 - DEBUG - Joint score for alpha[14]: 15.9574
2025-08-11 15:37:02,486 - DEBUG - Joint score for alpha[15]: 16.0406
2025-08-11 15:37:09,053 - DEBUG - Joint score for alpha[0]: 15.8263
2025-08-11 15:37:12,549 - DEBUG - Joint score for alpha[1]: 16.3555
2025-08-11 15:37:16,040 - DEBUG - Joint score for alpha[2]: 15.4737
2025-08-11 15:37:19,533 - DEBUG - Joint score for alpha[3]: 15.9384
2025-08-11 15:37:23,027 - DEBUG - Joint score for alpha[4]: 15.7130
2025-08-11 15:37:26,518 - DEBUG - Joint score for alpha[5]: 15.8764
2025-08-11 15:37:30,012 - DEBUG - Joint score for alpha[6]: 15.6833
2025-08-11 15:37:33,504 - DEBUG - Joint score for alpha[7]: 15.7907
2025-08-11 15:37:36,997 - DEBUG - Joint score for alpha[8]: 15.6375
2025-08-11 15:37:40,491 - DEBUG - Joint score for alpha[9]: 15.7489
2025-08-11 15:37:43,983 - DEBUG - Joint score for alpha[10]: 15.9056
2025-08-11 15:37:47,478 - DEBUG - Joint score for alpha[11]: 15.8544
2025-08-11 15:37:50,971 - DEBUG - Joint score for alpha[12]: 15.9471
2025-08-11 15:37:54,467 - DEBUG - Joint score for alpha[13]: 15.8066
2025-08-11 15:37:57,960 - DEBUG - Joint score for alpha[14]: 15.8301
2025-08-11 15:38:01,454 - DEBUG - Joint score for alpha[15]: 16.0684
2025-08-11 15:38:08,112 - DEBUG - Joint score for alpha[0]: 15.6799
2025-08-11 15:38:11,608 - DEBUG - Joint score for alpha[1]: 15.6920
2025-08-11 15:38:15,101 - DEBUG - Joint score for alpha[2]: 15.6587
2025-08-11 15:38:18,595 - DEBUG - Joint score for alpha[3]: 15.8925
2025-08-11 15:38:22,089 - DEBUG - Joint score for alpha[4]: 15.7290
2025-08-11 15:38:25,581 - DEBUG - Joint score for alpha[5]: 15.8361
2025-08-11 15:38:29,076 - DEBUG - Joint score for alpha[6]: 15.6256
2025-08-11 15:38:32,568 - DEBUG - Joint score for alpha[7]: 15.7475
2025-08-11 15:38:36,061 - DEBUG - Joint score for alpha[8]: 15.8207
2025-08-11 15:38:39,556 - DEBUG - Joint score for alpha[9]: 15.7236
2025-08-11 15:38:43,049 - DEBUG - Joint score for alpha[10]: 15.7963
2025-08-11 15:38:46,543 - DEBUG - Joint score for alpha[11]: 15.6215
2025-08-11 15:38:50,036 - DEBUG - Joint score for alpha[12]: 15.6718
2025-08-11 15:38:53,530 - DEBUG - Joint score for alpha[13]: 15.7764
2025-08-11 15:38:57,021 - DEBUG - Joint score for alpha[14]: 15.8751
2025-08-11 15:39:00,515 - DEBUG - Joint score for alpha[15]: 15.6021
2025-08-11 15:39:07,033 - DEBUG - Joint score for alpha[0]: 16.0304
2025-08-11 15:39:10,529 - DEBUG - Joint score for alpha[1]: 15.9115
2025-08-11 15:39:14,024 - DEBUG - Joint score for alpha[2]: 15.7631
2025-08-11 15:39:17,517 - DEBUG - Joint score for alpha[3]: 16.6349
2025-08-11 15:39:21,008 - DEBUG - Joint score for alpha[4]: 15.7861
2025-08-11 15:39:24,498 - DEBUG - Joint score for alpha[5]: 15.9465
2025-08-11 15:39:27,990 - DEBUG - Joint score for alpha[6]: 16.1310
2025-08-11 15:39:31,480 - DEBUG - Joint score for alpha[7]: 16.4012
2025-08-11 15:39:34,971 - DEBUG - Joint score for alpha[8]: 15.9441
2025-08-11 15:39:38,462 - DEBUG - Joint score for alpha[9]: 15.8092
2025-08-11 15:39:41,952 - DEBUG - Joint score for alpha[10]: 15.9628
2025-08-11 15:39:45,444 - DEBUG - Joint score for alpha[11]: 16.2292
2025-08-11 15:39:48,935 - DEBUG - Joint score for alpha[12]: 16.1671
2025-08-11 15:39:52,429 - DEBUG - Joint score for alpha[13]: 16.0591
2025-08-11 15:39:55,921 - DEBUG - Joint score for alpha[14]: 16.0601
2025-08-11 15:39:59,414 - DEBUG - Joint score for alpha[15]: 15.6626
2025-08-11 15:40:05,936 - DEBUG - Joint score for alpha[0]: 16.1001
2025-08-11 15:40:09,433 - DEBUG - Joint score for alpha[1]: 15.7671
2025-08-11 15:40:12,928 - DEBUG - Joint score for alpha[2]: 15.8748
2025-08-11 15:40:16,422 - DEBUG - Joint score for alpha[3]: 16.1996
2025-08-11 15:40:19,918 - DEBUG - Joint score for alpha[4]: 15.8131
2025-08-11 15:40:23,412 - DEBUG - Joint score for alpha[5]: 16.1961
2025-08-11 15:40:26,906 - DEBUG - Joint score for alpha[6]: 16.0763
2025-08-11 15:40:30,399 - DEBUG - Joint score for alpha[7]: 15.7406
2025-08-11 15:40:33,893 - DEBUG - Joint score for alpha[8]: 16.1554
2025-08-11 15:40:37,388 - DEBUG - Joint score for alpha[9]: 15.8723
2025-08-11 15:40:40,882 - DEBUG - Joint score for alpha[10]: 16.0665
2025-08-11 15:40:44,376 - DEBUG - Joint score for alpha[11]: 17.3044
2025-08-11 15:40:47,868 - DEBUG - Joint score for alpha[12]: 15.8619
2025-08-11 15:40:51,361 - DEBUG - Joint score for alpha[13]: 15.7851
2025-08-11 15:40:54,852 - DEBUG - Joint score for alpha[14]: 16.0841
2025-08-11 15:40:58,344 - DEBUG - Joint score for alpha[15]: 16.4419
2025-08-11 15:40:58,385 - INFO - Step 42/120: mean ENERGY=15.5973
2025-08-11 15:40:58,391 - DEBUG - Beginning Gibbs iteration s = 42
2025-08-11 15:41:05,284 - DEBUG - Joint score for alpha[0]: 15.8892
2025-08-11 15:41:08,780 - DEBUG - Joint score for alpha[1]: 17.0214
2025-08-11 15:41:12,275 - DEBUG - Joint score for alpha[2]: 16.7203
2025-08-11 15:41:15,768 - DEBUG - Joint score for alpha[3]: 15.9165
2025-08-11 15:41:19,262 - DEBUG - Joint score for alpha[4]: 16.5593
2025-08-11 15:41:22,752 - DEBUG - Joint score for alpha[5]: 15.8800
2025-08-11 15:41:26,244 - DEBUG - Joint score for alpha[6]: 16.2734
2025-08-11 15:41:29,735 - DEBUG - Joint score for alpha[7]: 16.0574
2025-08-11 15:41:33,227 - DEBUG - Joint score for alpha[8]: 15.9653
2025-08-11 15:41:36,720 - DEBUG - Joint score for alpha[9]: 16.3361
2025-08-11 15:41:40,212 - DEBUG - Joint score for alpha[10]: 15.6756
2025-08-11 15:41:43,706 - DEBUG - Joint score for alpha[11]: 15.8964
2025-08-11 15:41:47,199 - DEBUG - Joint score for alpha[12]: 15.9705
2025-08-11 15:41:50,693 - DEBUG - Joint score for alpha[13]: 16.1055
2025-08-11 15:41:54,185 - DEBUG - Joint score for alpha[14]: 15.8777
2025-08-11 15:41:57,678 - DEBUG - Joint score for alpha[15]: 17.4974
2025-08-11 15:42:04,197 - DEBUG - Joint score for alpha[0]: 15.7293
2025-08-11 15:42:07,693 - DEBUG - Joint score for alpha[1]: 15.8961
2025-08-11 15:42:11,186 - DEBUG - Joint score for alpha[2]: 16.0250
2025-08-11 15:42:14,679 - DEBUG - Joint score for alpha[3]: 16.7928
2025-08-11 15:42:18,172 - DEBUG - Joint score for alpha[4]: 15.9122
2025-08-11 15:42:21,662 - DEBUG - Joint score for alpha[5]: 15.9496
2025-08-11 15:42:25,155 - DEBUG - Joint score for alpha[6]: 15.9765
2025-08-11 15:42:28,647 - DEBUG - Joint score for alpha[7]: 16.0100
2025-08-11 15:42:32,139 - DEBUG - Joint score for alpha[8]: 16.2313
2025-08-11 15:42:35,631 - DEBUG - Joint score for alpha[9]: 15.9273
2025-08-11 15:42:39,122 - DEBUG - Joint score for alpha[10]: 15.9900
2025-08-11 15:42:42,616 - DEBUG - Joint score for alpha[11]: 16.2599
2025-08-11 15:42:46,108 - DEBUG - Joint score for alpha[12]: 15.7710
2025-08-11 15:42:49,602 - DEBUG - Joint score for alpha[13]: 15.7887
2025-08-11 15:42:53,094 - DEBUG - Joint score for alpha[14]: 15.9662
2025-08-11 15:42:56,586 - DEBUG - Joint score for alpha[15]: 16.1631
2025-08-11 15:43:03,108 - DEBUG - Joint score for alpha[0]: 15.8140
2025-08-11 15:43:06,604 - DEBUG - Joint score for alpha[1]: 15.8851
2025-08-11 15:43:10,097 - DEBUG - Joint score for alpha[2]: 16.0166
2025-08-11 15:43:13,588 - DEBUG - Joint score for alpha[3]: 15.8038
2025-08-11 15:43:17,082 - DEBUG - Joint score for alpha[4]: 15.9355
2025-08-11 15:43:20,572 - DEBUG - Joint score for alpha[5]: 15.7566
2025-08-11 15:43:24,064 - DEBUG - Joint score for alpha[6]: 15.7496
2025-08-11 15:43:27,556 - DEBUG - Joint score for alpha[7]: 15.6653
2025-08-11 15:43:31,047 - DEBUG - Joint score for alpha[8]: 15.7464
2025-08-11 15:43:34,540 - DEBUG - Joint score for alpha[9]: 15.8673
2025-08-11 15:43:38,031 - DEBUG - Joint score for alpha[10]: 15.6898
2025-08-11 15:43:41,524 - DEBUG - Joint score for alpha[11]: 15.8408
2025-08-11 15:43:45,016 - DEBUG - Joint score for alpha[12]: 15.7352
2025-08-11 15:43:48,510 - DEBUG - Joint score for alpha[13]: 15.7745
2025-08-11 15:43:52,002 - DEBUG - Joint score for alpha[14]: 16.0111
2025-08-11 15:43:55,495 - DEBUG - Joint score for alpha[15]: 15.8079
2025-08-11 15:44:02,016 - DEBUG - Joint score for alpha[0]: 15.6051
2025-08-11 15:44:05,513 - DEBUG - Joint score for alpha[1]: 16.3856
2025-08-11 15:44:09,008 - DEBUG - Joint score for alpha[2]: 15.8784
2025-08-11 15:44:12,500 - DEBUG - Joint score for alpha[3]: 16.4122
2025-08-11 15:44:15,994 - DEBUG - Joint score for alpha[4]: 15.7654
2025-08-11 15:44:19,484 - DEBUG - Joint score for alpha[5]: 15.8004
2025-08-11 15:44:22,976 - DEBUG - Joint score for alpha[6]: 16.0229
2025-08-11 15:44:26,468 - DEBUG - Joint score for alpha[7]: 15.9761
2025-08-11 15:44:29,960 - DEBUG - Joint score for alpha[8]: 16.9454
2025-08-11 15:44:33,453 - DEBUG - Joint score for alpha[9]: 15.8048
2025-08-11 15:44:36,944 - DEBUG - Joint score for alpha[10]: 15.8124
2025-08-11 15:44:40,437 - DEBUG - Joint score for alpha[11]: 16.0074
2025-08-11 15:44:43,929 - DEBUG - Joint score for alpha[12]: 15.9363
2025-08-11 15:44:47,422 - DEBUG - Joint score for alpha[13]: 15.7803
2025-08-11 15:44:50,913 - DEBUG - Joint score for alpha[14]: 15.9157
2025-08-11 15:44:54,406 - DEBUG - Joint score for alpha[15]: 15.7074
2025-08-11 15:45:00,958 - DEBUG - Joint score for alpha[0]: 15.7633
2025-08-11 15:45:04,454 - DEBUG - Joint score for alpha[1]: 16.9092
2025-08-11 15:45:07,948 - DEBUG - Joint score for alpha[2]: 15.5631
2025-08-11 15:45:11,442 - DEBUG - Joint score for alpha[3]: 15.8369
2025-08-11 15:45:14,937 - DEBUG - Joint score for alpha[4]: 17.8424
2025-08-11 15:45:18,430 - DEBUG - Joint score for alpha[5]: 15.7596
2025-08-11 15:45:21,925 - DEBUG - Joint score for alpha[6]: 15.7260
2025-08-11 15:45:25,418 - DEBUG - Joint score for alpha[7]: 15.8857
2025-08-11 15:45:28,909 - DEBUG - Joint score for alpha[8]: 16.1981
2025-08-11 15:45:32,402 - DEBUG - Joint score for alpha[9]: 15.7454
2025-08-11 15:45:35,892 - DEBUG - Joint score for alpha[10]: 15.7718
2025-08-11 15:45:39,385 - DEBUG - Joint score for alpha[11]: 15.9827
2025-08-11 15:45:42,877 - DEBUG - Joint score for alpha[12]: 15.8863
2025-08-11 15:45:46,370 - DEBUG - Joint score for alpha[13]: 15.8423
2025-08-11 15:45:49,862 - DEBUG - Joint score for alpha[14]: 15.9621
2025-08-11 15:45:53,353 - DEBUG - Joint score for alpha[15]: 16.1933
2025-08-11 15:45:53,394 - INFO - Step 43/120: mean ENERGY=15.6477
2025-08-11 15:45:53,396 - DEBUG - Beginning Gibbs iteration s = 43
2025-08-11 15:46:00,377 - DEBUG - Joint score for alpha[0]: 17.7479
2025-08-11 15:46:03,873 - DEBUG - Joint score for alpha[1]: 15.7323
2025-08-11 15:46:07,366 - DEBUG - Joint score for alpha[2]: 18.1131
2025-08-11 15:46:10,859 - DEBUG - Joint score for alpha[3]: 16.0066
2025-08-11 15:46:14,353 - DEBUG - Joint score for alpha[4]: 16.1406
2025-08-11 15:46:17,846 - DEBUG - Joint score for alpha[5]: 16.6569
2025-08-11 15:46:21,339 - DEBUG - Joint score for alpha[6]: 15.7920
2025-08-11 15:46:24,832 - DEBUG - Joint score for alpha[7]: 15.9267
2025-08-11 15:46:28,325 - DEBUG - Joint score for alpha[8]: 16.2499
2025-08-11 15:46:31,820 - DEBUG - Joint score for alpha[9]: 15.9839
2025-08-11 15:46:35,312 - DEBUG - Joint score for alpha[10]: 18.6250
2025-08-11 15:46:38,807 - DEBUG - Joint score for alpha[11]: 15.7908
2025-08-11 15:46:42,301 - DEBUG - Joint score for alpha[12]: 16.8799
2025-08-11 15:46:45,797 - DEBUG - Joint score for alpha[13]: 16.9758
2025-08-11 15:46:49,290 - DEBUG - Joint score for alpha[14]: 16.2178
2025-08-11 15:46:52,783 - DEBUG - Joint score for alpha[15]: 16.1708
2025-08-11 15:46:59,342 - DEBUG - Joint score for alpha[0]: 16.1325
2025-08-11 15:47:02,837 - DEBUG - Joint score for alpha[1]: 15.8320
2025-08-11 15:47:06,330 - DEBUG - Joint score for alpha[2]: 15.8604
2025-08-11 15:47:09,823 - DEBUG - Joint score for alpha[3]: 16.0889
2025-08-11 15:47:13,317 - DEBUG - Joint score for alpha[4]: 16.0167
2025-08-11 15:47:16,809 - DEBUG - Joint score for alpha[5]: 15.7184
2025-08-11 15:47:20,303 - DEBUG - Joint score for alpha[6]: 15.8979
2025-08-11 15:47:23,796 - DEBUG - Joint score for alpha[7]: 15.8277
2025-08-11 15:47:27,289 - DEBUG - Joint score for alpha[8]: 16.0555
2025-08-11 15:47:30,783 - DEBUG - Joint score for alpha[9]: 16.0745
2025-08-11 15:47:34,276 - DEBUG - Joint score for alpha[10]: 15.8538
2025-08-11 15:47:39,417 - DEBUG - Joint score for alpha[11]: 16.1626
2025-08-11 15:47:42,910 - DEBUG - Joint score for alpha[12]: 16.6367
2025-08-11 15:47:46,405 - DEBUG - Joint score for alpha[13]: 16.1898
2025-08-11 15:47:49,899 - DEBUG - Joint score for alpha[14]: 16.0728
2025-08-11 15:47:53,394 - DEBUG - Joint score for alpha[15]: 15.9084
2025-08-11 15:47:59,953 - DEBUG - Joint score for alpha[0]: 16.1122
2025-08-11 15:48:03,448 - DEBUG - Joint score for alpha[1]: 15.7597
2025-08-11 15:48:06,943 - DEBUG - Joint score for alpha[2]: 15.7914
2025-08-11 15:48:10,437 - DEBUG - Joint score for alpha[3]: 15.7787
2025-08-11 15:48:13,931 - DEBUG - Joint score for alpha[4]: 15.8792
2025-08-11 15:48:17,423 - DEBUG - Joint score for alpha[5]: 15.9137
2025-08-11 15:48:20,917 - DEBUG - Joint score for alpha[6]: 16.0134
2025-08-11 15:48:24,410 - DEBUG - Joint score for alpha[7]: 17.3359
2025-08-11 15:48:27,903 - DEBUG - Joint score for alpha[8]: 15.7614
2025-08-11 15:48:31,398 - DEBUG - Joint score for alpha[9]: 15.8598
2025-08-11 15:48:34,891 - DEBUG - Joint score for alpha[10]: 16.4119
2025-08-11 15:48:38,387 - DEBUG - Joint score for alpha[11]: 15.7863
2025-08-11 15:48:41,880 - DEBUG - Joint score for alpha[12]: 16.3510
2025-08-11 15:48:45,376 - DEBUG - Joint score for alpha[13]: 15.9870
2025-08-11 15:48:48,870 - DEBUG - Joint score for alpha[14]: 15.9950
2025-08-11 15:48:52,363 - DEBUG - Joint score for alpha[15]: 16.1615
2025-08-11 15:48:59,087 - DEBUG - Joint score for alpha[0]: 16.0655
2025-08-11 15:49:02,583 - DEBUG - Joint score for alpha[1]: 16.0429
2025-08-11 15:49:06,077 - DEBUG - Joint score for alpha[2]: 16.0669
2025-08-11 15:49:09,571 - DEBUG - Joint score for alpha[3]: 15.9610
2025-08-11 15:49:13,064 - DEBUG - Joint score for alpha[4]: 16.4088
2025-08-11 15:49:16,556 - DEBUG - Joint score for alpha[5]: 16.3936
2025-08-11 15:49:20,049 - DEBUG - Joint score for alpha[6]: 16.0891
2025-08-11 15:49:25,053 - DEBUG - Joint score for alpha[7]: 16.3466
2025-08-11 15:49:28,545 - DEBUG - Joint score for alpha[8]: 16.4042
2025-08-11 15:49:32,040 - DEBUG - Joint score for alpha[9]: 15.9110
2025-08-11 15:49:35,532 - DEBUG - Joint score for alpha[10]: 15.9228
2025-08-11 15:49:39,024 - DEBUG - Joint score for alpha[11]: 17.0413
2025-08-11 15:49:42,515 - DEBUG - Joint score for alpha[12]: 16.0076
2025-08-11 15:49:46,010 - DEBUG - Joint score for alpha[13]: 16.0592
2025-08-11 15:49:49,503 - DEBUG - Joint score for alpha[14]: 17.0075
2025-08-11 15:49:52,997 - DEBUG - Joint score for alpha[15]: 16.3752
2025-08-11 15:49:59,516 - DEBUG - Joint score for alpha[0]: 17.0771
2025-08-11 15:50:03,010 - DEBUG - Joint score for alpha[1]: 15.9928
2025-08-11 15:50:06,503 - DEBUG - Joint score for alpha[2]: 15.9306
2025-08-11 15:50:09,997 - DEBUG - Joint score for alpha[3]: 15.8683
2025-08-11 15:50:13,490 - DEBUG - Joint score for alpha[4]: 16.0773
2025-08-11 15:50:16,982 - DEBUG - Joint score for alpha[5]: 15.9148
2025-08-11 15:50:20,476 - DEBUG - Joint score for alpha[6]: 15.7585
2025-08-11 15:50:23,968 - DEBUG - Joint score for alpha[7]: 16.0078
2025-08-11 15:50:27,460 - DEBUG - Joint score for alpha[8]: 15.9170
2025-08-11 15:50:30,954 - DEBUG - Joint score for alpha[9]: 15.9203
2025-08-11 15:50:34,447 - DEBUG - Joint score for alpha[10]: 16.0182
2025-08-11 15:50:37,942 - DEBUG - Joint score for alpha[11]: 16.4404
2025-08-11 15:50:41,436 - DEBUG - Joint score for alpha[12]: 16.9112
2025-08-11 15:50:44,932 - DEBUG - Joint score for alpha[13]: 16.1155
2025-08-11 15:50:48,426 - DEBUG - Joint score for alpha[14]: 16.4092
2025-08-11 15:50:51,921 - DEBUG - Joint score for alpha[15]: 16.1248
2025-08-11 15:50:51,962 - INFO - Step 44/120: mean ENERGY=15.7760
2025-08-11 15:50:51,968 - DEBUG - Beginning Gibbs iteration s = 44
2025-08-11 15:50:58,761 - DEBUG - Joint score for alpha[0]: 16.0438
2025-08-11 15:51:02,256 - DEBUG - Joint score for alpha[1]: 16.4129
2025-08-11 15:51:05,748 - DEBUG - Joint score for alpha[2]: 16.3734
2025-08-11 15:51:09,242 - DEBUG - Joint score for alpha[3]: 15.8047
2025-08-11 15:51:12,737 - DEBUG - Joint score for alpha[4]: 16.1365
2025-08-11 15:51:16,230 - DEBUG - Joint score for alpha[5]: 16.2925
2025-08-11 15:51:19,724 - DEBUG - Joint score for alpha[6]: 15.9477
2025-08-11 15:51:23,217 - DEBUG - Joint score for alpha[7]: 15.9595
2025-08-11 15:51:26,711 - DEBUG - Joint score for alpha[8]: 15.6788
2025-08-11 15:51:30,206 - DEBUG - Joint score for alpha[9]: 15.8502
2025-08-11 15:51:33,698 - DEBUG - Joint score for alpha[10]: 17.4586
2025-08-11 15:51:37,191 - DEBUG - Joint score for alpha[11]: 16.2982
2025-08-11 15:51:40,682 - DEBUG - Joint score for alpha[12]: 15.7686
2025-08-11 15:51:44,176 - DEBUG - Joint score for alpha[13]: 16.0220
2025-08-11 15:51:47,667 - DEBUG - Joint score for alpha[14]: 15.7091
2025-08-11 15:51:51,159 - DEBUG - Joint score for alpha[15]: 15.9121
2025-08-11 15:51:57,714 - DEBUG - Joint score for alpha[0]: 15.8506
2025-08-11 15:52:01,210 - DEBUG - Joint score for alpha[1]: 15.8067
2025-08-11 15:52:04,703 - DEBUG - Joint score for alpha[2]: 16.0792
2025-08-11 15:52:08,195 - DEBUG - Joint score for alpha[3]: 15.7767
2025-08-11 15:52:11,688 - DEBUG - Joint score for alpha[4]: 16.1010
2025-08-11 15:52:15,179 - DEBUG - Joint score for alpha[5]: 15.8036
2025-08-11 15:52:18,671 - DEBUG - Joint score for alpha[6]: 15.8105
2025-08-11 15:52:22,163 - DEBUG - Joint score for alpha[7]: 15.9757
2025-08-11 15:52:25,654 - DEBUG - Joint score for alpha[8]: 15.9801
2025-08-11 15:52:29,147 - DEBUG - Joint score for alpha[9]: 15.8277
2025-08-11 15:52:32,638 - DEBUG - Joint score for alpha[10]: 15.7691
2025-08-11 15:52:36,132 - DEBUG - Joint score for alpha[11]: 15.7408
2025-08-11 15:52:39,624 - DEBUG - Joint score for alpha[12]: 15.9077
2025-08-11 15:52:43,120 - DEBUG - Joint score for alpha[13]: 15.6377
2025-08-11 15:52:46,612 - DEBUG - Joint score for alpha[14]: 15.6341
2025-08-11 15:52:50,106 - DEBUG - Joint score for alpha[15]: 15.7784
2025-08-11 15:52:56,659 - DEBUG - Joint score for alpha[0]: 15.7654
2025-08-11 15:53:00,153 - DEBUG - Joint score for alpha[1]: 15.8372
2025-08-11 15:53:03,646 - DEBUG - Joint score for alpha[2]: 15.6371
2025-08-11 15:53:07,138 - DEBUG - Joint score for alpha[3]: 15.9975
2025-08-11 15:53:10,631 - DEBUG - Joint score for alpha[4]: 15.7551
2025-08-11 15:53:14,121 - DEBUG - Joint score for alpha[5]: 16.0388
2025-08-11 15:53:17,613 - DEBUG - Joint score for alpha[6]: 15.9739
2025-08-11 15:53:21,105 - DEBUG - Joint score for alpha[7]: 15.9998
2025-08-11 15:53:24,596 - DEBUG - Joint score for alpha[8]: 15.7351
2025-08-11 15:53:28,089 - DEBUG - Joint score for alpha[9]: 16.1142
2025-08-11 15:53:31,581 - DEBUG - Joint score for alpha[10]: 15.9718
2025-08-11 15:53:35,074 - DEBUG - Joint score for alpha[11]: 16.7010
2025-08-11 15:53:38,566 - DEBUG - Joint score for alpha[12]: 15.8253
2025-08-11 15:53:42,060 - DEBUG - Joint score for alpha[13]: 15.8231
2025-08-11 15:53:45,552 - DEBUG - Joint score for alpha[14]: 15.9776
2025-08-11 15:53:49,044 - DEBUG - Joint score for alpha[15]: 15.6728
2025-08-11 15:53:55,689 - DEBUG - Joint score for alpha[0]: 15.6602
2025-08-11 15:53:59,185 - DEBUG - Joint score for alpha[1]: 15.5983
2025-08-11 15:54:02,680 - DEBUG - Joint score for alpha[2]: 16.2953
2025-08-11 15:54:06,172 - DEBUG - Joint score for alpha[3]: 16.4964
2025-08-11 15:54:09,665 - DEBUG - Joint score for alpha[4]: 16.6485
2025-08-11 15:54:13,156 - DEBUG - Joint score for alpha[5]: 16.2058
2025-08-11 15:54:16,649 - DEBUG - Joint score for alpha[6]: 15.5572
2025-08-11 15:54:20,141 - DEBUG - Joint score for alpha[7]: 15.7270
2025-08-11 15:54:23,634 - DEBUG - Joint score for alpha[8]: 15.6203
2025-08-11 15:54:27,127 - DEBUG - Joint score for alpha[9]: 15.7661
2025-08-11 15:54:30,619 - DEBUG - Joint score for alpha[10]: 15.6830
2025-08-11 15:54:34,113 - DEBUG - Joint score for alpha[11]: 15.7512
2025-08-11 15:54:37,604 - DEBUG - Joint score for alpha[12]: 16.0192
2025-08-11 15:54:41,099 - DEBUG - Joint score for alpha[13]: 15.6446
2025-08-11 15:54:44,591 - DEBUG - Joint score for alpha[14]: 16.1539
2025-08-11 15:54:48,084 - DEBUG - Joint score for alpha[15]: 15.9794
2025-08-11 15:54:54,609 - DEBUG - Joint score for alpha[0]: 15.5465
2025-08-11 15:54:58,105 - DEBUG - Joint score for alpha[1]: 15.7989
2025-08-11 15:55:01,597 - DEBUG - Joint score for alpha[2]: 16.2637
2025-08-11 15:55:05,089 - DEBUG - Joint score for alpha[3]: 15.8514
2025-08-11 15:55:08,583 - DEBUG - Joint score for alpha[4]: 15.9472
2025-08-11 15:55:12,073 - DEBUG - Joint score for alpha[5]: 15.8320
2025-08-11 15:55:15,566 - DEBUG - Joint score for alpha[6]: 15.8103
2025-08-11 15:55:19,058 - DEBUG - Joint score for alpha[7]: 17.5717
2025-08-11 15:55:22,549 - DEBUG - Joint score for alpha[8]: 17.5307
2025-08-11 15:55:26,042 - DEBUG - Joint score for alpha[9]: 16.0507
2025-08-11 15:55:29,534 - DEBUG - Joint score for alpha[10]: 15.9468
2025-08-11 15:55:33,027 - DEBUG - Joint score for alpha[11]: 15.8473
2025-08-11 15:55:36,520 - DEBUG - Joint score for alpha[12]: 15.6186
2025-08-11 15:55:40,015 - DEBUG - Joint score for alpha[13]: 17.0590
2025-08-11 15:55:43,507 - DEBUG - Joint score for alpha[14]: 15.7993
2025-08-11 15:55:47,001 - DEBUG - Joint score for alpha[15]: 15.7984
2025-08-11 15:55:47,042 - INFO - Step 45/120: mean ENERGY=15.6107
2025-08-11 15:55:47,046 - DEBUG - Beginning Gibbs iteration s = 45
2025-08-11 15:55:47,395 - DEBUG - Proposal variance adapted: 0.023
2025-08-11 15:55:53,913 - DEBUG - Joint score for alpha[0]: 16.0294
2025-08-11 15:55:57,410 - DEBUG - Joint score for alpha[1]: 15.7327
2025-08-11 15:56:00,902 - DEBUG - Joint score for alpha[2]: 15.8725
2025-08-11 15:56:04,392 - DEBUG - Joint score for alpha[3]: 18.1593
2025-08-11 15:56:07,886 - DEBUG - Joint score for alpha[4]: 15.7453
2025-08-11 15:56:11,377 - DEBUG - Joint score for alpha[5]: 16.0824
2025-08-11 15:56:14,869 - DEBUG - Joint score for alpha[6]: 16.3055
2025-08-11 15:56:18,361 - DEBUG - Joint score for alpha[7]: 15.7492
2025-08-11 15:56:21,852 - DEBUG - Joint score for alpha[8]: 15.5320
2025-08-11 15:56:25,345 - DEBUG - Joint score for alpha[9]: 17.7731
2025-08-11 15:56:28,837 - DEBUG - Joint score for alpha[10]: 15.8361
2025-08-11 15:56:32,330 - DEBUG - Joint score for alpha[11]: 18.3525
2025-08-11 15:56:35,822 - DEBUG - Joint score for alpha[12]: 15.6817
2025-08-11 15:56:39,316 - DEBUG - Joint score for alpha[13]: 16.0864
2025-08-11 15:56:42,807 - DEBUG - Joint score for alpha[14]: 15.6656
2025-08-11 15:56:46,298 - DEBUG - Joint score for alpha[15]: 18.7585
2025-08-11 15:56:52,859 - DEBUG - Joint score for alpha[0]: 15.9044
2025-08-11 15:56:56,355 - DEBUG - Joint score for alpha[1]: 15.7419
2025-08-11 15:56:59,850 - DEBUG - Joint score for alpha[2]: 16.3870
2025-08-11 15:57:03,345 - DEBUG - Joint score for alpha[3]: 15.7394
2025-08-11 15:57:06,839 - DEBUG - Joint score for alpha[4]: 16.1129
2025-08-11 15:57:10,332 - DEBUG - Joint score for alpha[5]: 15.8590
2025-08-11 15:57:13,822 - DEBUG - Joint score for alpha[6]: 15.5718
2025-08-11 15:57:17,312 - DEBUG - Joint score for alpha[7]: 15.8454
2025-08-11 15:57:20,803 - DEBUG - Joint score for alpha[8]: 15.7273
2025-08-11 15:57:24,295 - DEBUG - Joint score for alpha[9]: 15.9477
2025-08-11 15:57:27,784 - DEBUG - Joint score for alpha[10]: 16.2334
2025-08-11 15:57:31,277 - DEBUG - Joint score for alpha[11]: 15.6917
2025-08-11 15:57:34,769 - DEBUG - Joint score for alpha[12]: 15.7203
2025-08-11 15:57:38,263 - DEBUG - Joint score for alpha[13]: 15.6923
2025-08-11 15:57:41,755 - DEBUG - Joint score for alpha[14]: 15.9104
2025-08-11 15:57:45,247 - DEBUG - Joint score for alpha[15]: 15.7148
2025-08-11 15:57:51,802 - DEBUG - Joint score for alpha[0]: 16.0462
2025-08-11 15:57:55,300 - DEBUG - Joint score for alpha[1]: 15.5952
2025-08-11 15:57:58,794 - DEBUG - Joint score for alpha[2]: 15.8307
2025-08-11 15:58:02,287 - DEBUG - Joint score for alpha[3]: 15.7895
2025-08-11 15:58:05,781 - DEBUG - Joint score for alpha[4]: 15.6986
2025-08-11 15:58:09,272 - DEBUG - Joint score for alpha[5]: 15.7073
2025-08-11 15:58:12,765 - DEBUG - Joint score for alpha[6]: 15.5351
2025-08-11 15:58:16,258 - DEBUG - Joint score for alpha[7]: 15.7464
2025-08-11 15:58:19,751 - DEBUG - Joint score for alpha[8]: 15.9644
2025-08-11 15:58:23,245 - DEBUG - Joint score for alpha[9]: 15.7233
2025-08-11 15:58:26,737 - DEBUG - Joint score for alpha[10]: 15.7708
2025-08-11 15:58:30,231 - DEBUG - Joint score for alpha[11]: 15.8834
2025-08-11 15:58:33,725 - DEBUG - Joint score for alpha[12]: 15.9456
2025-08-11 15:58:37,221 - DEBUG - Joint score for alpha[13]: 15.8082
2025-08-11 15:58:40,714 - DEBUG - Joint score for alpha[14]: 15.7983
2025-08-11 15:58:44,208 - DEBUG - Joint score for alpha[15]: 15.9007
2025-08-11 15:58:50,868 - DEBUG - Joint score for alpha[0]: 15.7903
2025-08-11 15:58:54,364 - DEBUG - Joint score for alpha[1]: 15.7386
2025-08-11 15:58:57,858 - DEBUG - Joint score for alpha[2]: 16.5390
2025-08-11 15:59:01,352 - DEBUG - Joint score for alpha[3]: 16.3411
2025-08-11 15:59:04,846 - DEBUG - Joint score for alpha[4]: 15.7011
2025-08-11 15:59:08,339 - DEBUG - Joint score for alpha[5]: 15.7939
2025-08-11 15:59:11,833 - DEBUG - Joint score for alpha[6]: 15.7374
2025-08-11 15:59:15,327 - DEBUG - Joint score for alpha[7]: 15.7397
2025-08-11 15:59:18,820 - DEBUG - Joint score for alpha[8]: 15.6536
2025-08-11 15:59:22,315 - DEBUG - Joint score for alpha[9]: 15.5505
2025-08-11 15:59:25,809 - DEBUG - Joint score for alpha[10]: 16.0122
2025-08-11 15:59:29,305 - DEBUG - Joint score for alpha[11]: 15.7523
2025-08-11 15:59:32,799 - DEBUG - Joint score for alpha[12]: 16.0377
2025-08-11 15:59:36,294 - DEBUG - Joint score for alpha[13]: 15.7659
2025-08-11 15:59:39,787 - DEBUG - Joint score for alpha[14]: 15.7294
2025-08-11 15:59:43,281 - DEBUG - Joint score for alpha[15]: 15.7489
2025-08-11 15:59:49,839 - DEBUG - Joint score for alpha[0]: 16.1684
2025-08-11 15:59:53,335 - DEBUG - Joint score for alpha[1]: 15.7598
2025-08-11 15:59:56,829 - DEBUG - Joint score for alpha[2]: 15.8742
2025-08-11 16:00:00,324 - DEBUG - Joint score for alpha[3]: 15.8681
2025-08-11 16:00:03,819 - DEBUG - Joint score for alpha[4]: 15.7660
2025-08-11 16:00:07,311 - DEBUG - Joint score for alpha[5]: 16.0790
2025-08-11 16:00:10,806 - DEBUG - Joint score for alpha[6]: 15.9761
2025-08-11 16:00:14,299 - DEBUG - Joint score for alpha[7]: 15.9055
2025-08-11 16:00:17,792 - DEBUG - Joint score for alpha[8]: 15.6531
2025-08-11 16:00:21,286 - DEBUG - Joint score for alpha[9]: 16.2268
2025-08-11 16:00:24,779 - DEBUG - Joint score for alpha[10]: 16.1914
2025-08-11 16:00:28,275 - DEBUG - Joint score for alpha[11]: 15.8270
2025-08-11 16:00:31,771 - DEBUG - Joint score for alpha[12]: 15.7993
2025-08-11 16:00:35,268 - DEBUG - Joint score for alpha[13]: 15.4907
2025-08-11 16:00:38,763 - DEBUG - Joint score for alpha[14]: 15.8418
2025-08-11 16:00:42,259 - DEBUG - Joint score for alpha[15]: 15.8870
2025-08-11 16:00:42,300 - INFO - Step 46/120: mean ENERGY=15.5360
2025-08-11 16:00:42,302 - DEBUG - Beginning Gibbs iteration s = 46
2025-08-11 16:00:49,205 - DEBUG - Joint score for alpha[0]: 17.0905
2025-08-11 16:00:52,702 - DEBUG - Joint score for alpha[1]: 15.6924
2025-08-11 16:00:56,197 - DEBUG - Joint score for alpha[2]: 15.6613
2025-08-11 16:00:59,691 - DEBUG - Joint score for alpha[3]: 17.5740
2025-08-11 16:01:03,186 - DEBUG - Joint score for alpha[4]: 16.7912
2025-08-11 16:01:06,680 - DEBUG - Joint score for alpha[5]: 15.7347
2025-08-11 16:01:10,175 - DEBUG - Joint score for alpha[6]: 15.6832
2025-08-11 16:01:13,668 - DEBUG - Joint score for alpha[7]: 16.2500
2025-08-11 16:01:17,163 - DEBUG - Joint score for alpha[8]: 15.7698
2025-08-11 16:01:20,659 - DEBUG - Joint score for alpha[9]: 16.6939
2025-08-11 16:01:24,154 - DEBUG - Joint score for alpha[10]: 15.7260
2025-08-11 16:01:27,651 - DEBUG - Joint score for alpha[11]: 15.9327
2025-08-11 16:01:31,147 - DEBUG - Joint score for alpha[12]: 15.8112
2025-08-11 16:01:34,645 - DEBUG - Joint score for alpha[13]: 15.6207
2025-08-11 16:01:38,139 - DEBUG - Joint score for alpha[14]: 16.5574
2025-08-11 16:01:41,634 - DEBUG - Joint score for alpha[15]: 15.6470
2025-08-11 16:01:48,304 - DEBUG - Joint score for alpha[0]: 15.6116
2025-08-11 16:01:51,801 - DEBUG - Joint score for alpha[1]: 15.9629
2025-08-11 16:01:55,295 - DEBUG - Joint score for alpha[2]: 15.6948
2025-08-11 16:01:58,789 - DEBUG - Joint score for alpha[3]: 15.7354
2025-08-11 16:02:02,283 - DEBUG - Joint score for alpha[4]: 15.6623
2025-08-11 16:02:05,775 - DEBUG - Joint score for alpha[5]: 15.8545
2025-08-11 16:02:09,269 - DEBUG - Joint score for alpha[6]: 15.6752
2025-08-11 16:02:12,761 - DEBUG - Joint score for alpha[7]: 15.9979
2025-08-11 16:02:16,255 - DEBUG - Joint score for alpha[8]: 15.5581
2025-08-11 16:02:19,749 - DEBUG - Joint score for alpha[9]: 15.5622
2025-08-11 16:02:23,241 - DEBUG - Joint score for alpha[10]: 15.6813
2025-08-11 16:02:26,736 - DEBUG - Joint score for alpha[11]: 16.5333
2025-08-11 16:02:30,229 - DEBUG - Joint score for alpha[12]: 15.8981
2025-08-11 16:02:33,725 - DEBUG - Joint score for alpha[13]: 15.5531
2025-08-11 16:02:37,217 - DEBUG - Joint score for alpha[14]: 15.9903
2025-08-11 16:02:40,710 - DEBUG - Joint score for alpha[15]: 15.6344
2025-08-11 16:02:47,270 - DEBUG - Joint score for alpha[0]: 15.9009
2025-08-11 16:02:50,767 - DEBUG - Joint score for alpha[1]: 15.6121
2025-08-11 16:02:54,262 - DEBUG - Joint score for alpha[2]: 15.6673
2025-08-11 16:02:57,756 - DEBUG - Joint score for alpha[3]: 15.8494
2025-08-11 16:03:01,249 - DEBUG - Joint score for alpha[4]: 15.7760
2025-08-11 16:03:04,742 - DEBUG - Joint score for alpha[5]: 15.7218
2025-08-11 16:03:08,234 - DEBUG - Joint score for alpha[6]: 16.1417
2025-08-11 16:03:11,727 - DEBUG - Joint score for alpha[7]: 15.8174
2025-08-11 16:03:15,220 - DEBUG - Joint score for alpha[8]: 15.8388
2025-08-11 16:03:18,716 - DEBUG - Joint score for alpha[9]: 15.5217
2025-08-11 16:03:22,210 - DEBUG - Joint score for alpha[10]: 15.7932
2025-08-11 16:03:25,706 - DEBUG - Joint score for alpha[11]: 15.7881
2025-08-11 16:03:29,202 - DEBUG - Joint score for alpha[12]: 16.2581
2025-08-11 16:03:32,700 - DEBUG - Joint score for alpha[13]: 15.6136
2025-08-11 16:03:36,196 - DEBUG - Joint score for alpha[14]: 16.1013
2025-08-11 16:03:39,692 - DEBUG - Joint score for alpha[15]: 15.9683
2025-08-11 16:03:46,422 - DEBUG - Joint score for alpha[0]: 15.8801
2025-08-11 16:03:49,918 - DEBUG - Joint score for alpha[1]: 15.7559
2025-08-11 16:03:53,412 - DEBUG - Joint score for alpha[2]: 15.6390
2025-08-11 16:03:56,907 - DEBUG - Joint score for alpha[3]: 15.7162
2025-08-11 16:04:00,402 - DEBUG - Joint score for alpha[4]: 15.6012
2025-08-11 16:04:03,895 - DEBUG - Joint score for alpha[5]: 15.8969
2025-08-11 16:04:07,390 - DEBUG - Joint score for alpha[6]: 15.7980
2025-08-11 16:04:10,885 - DEBUG - Joint score for alpha[7]: 15.8001
2025-08-11 16:04:14,380 - DEBUG - Joint score for alpha[8]: 15.8708
2025-08-11 16:04:17,877 - DEBUG - Joint score for alpha[9]: 17.1920
2025-08-11 16:04:21,373 - DEBUG - Joint score for alpha[10]: 15.9830
2025-08-11 16:04:24,871 - DEBUG - Joint score for alpha[11]: 15.7947
2025-08-11 16:04:28,367 - DEBUG - Joint score for alpha[12]: 15.9421
2025-08-11 16:04:31,865 - DEBUG - Joint score for alpha[13]: 16.0770
2025-08-11 16:04:35,361 - DEBUG - Joint score for alpha[14]: 15.7301
2025-08-11 16:04:38,858 - DEBUG - Joint score for alpha[15]: 15.8778
2025-08-11 16:04:45,411 - DEBUG - Joint score for alpha[0]: 15.9372
2025-08-11 16:04:48,908 - DEBUG - Joint score for alpha[1]: 21.4154
2025-08-11 16:04:52,402 - DEBUG - Joint score for alpha[2]: 16.1698
2025-08-11 16:04:55,897 - DEBUG - Joint score for alpha[3]: 16.2002
2025-08-11 16:04:59,393 - DEBUG - Joint score for alpha[4]: 16.1128
2025-08-11 16:05:02,886 - DEBUG - Joint score for alpha[5]: 15.9320
2025-08-11 16:05:06,380 - DEBUG - Joint score for alpha[6]: 16.2102
2025-08-11 16:05:09,873 - DEBUG - Joint score for alpha[7]: 15.8420
2025-08-11 16:05:13,366 - DEBUG - Joint score for alpha[8]: 15.8799
2025-08-11 16:05:16,860 - DEBUG - Joint score for alpha[9]: 15.8250
2025-08-11 16:05:20,354 - DEBUG - Joint score for alpha[10]: 16.0212
2025-08-11 16:05:23,849 - DEBUG - Joint score for alpha[11]: 15.9867
2025-08-11 16:05:27,343 - DEBUG - Joint score for alpha[12]: 15.8071
2025-08-11 16:05:30,840 - DEBUG - Joint score for alpha[13]: 16.0624
2025-08-11 16:05:34,335 - DEBUG - Joint score for alpha[14]: 16.0692
2025-08-11 16:05:37,831 - DEBUG - Joint score for alpha[15]: 15.9079
2025-08-11 16:05:37,872 - INFO - Step 47/120: mean ENERGY=15.6207
2025-08-11 16:05:37,874 - DEBUG - Beginning Gibbs iteration s = 47
2025-08-11 16:05:44,655 - DEBUG - Joint score for alpha[0]: 17.8771
2025-08-11 16:05:48,153 - DEBUG - Joint score for alpha[1]: 15.8316
2025-08-11 16:05:51,649 - DEBUG - Joint score for alpha[2]: 15.7499
2025-08-11 16:05:55,144 - DEBUG - Joint score for alpha[3]: 15.7006
2025-08-11 16:05:58,638 - DEBUG - Joint score for alpha[4]: 17.4694
2025-08-11 16:06:02,130 - DEBUG - Joint score for alpha[5]: 15.5984
2025-08-11 16:06:05,623 - DEBUG - Joint score for alpha[6]: 19.8467
2025-08-11 16:06:09,115 - DEBUG - Joint score for alpha[7]: 16.0637
2025-08-11 16:06:12,607 - DEBUG - Joint score for alpha[8]: 17.0122
2025-08-11 16:06:16,101 - DEBUG - Joint score for alpha[9]: 15.6584
2025-08-11 16:06:19,592 - DEBUG - Joint score for alpha[10]: 15.5461
2025-08-11 16:06:23,085 - DEBUG - Joint score for alpha[11]: 15.9664
2025-08-11 16:06:26,577 - DEBUG - Joint score for alpha[12]: 15.7054
2025-08-11 16:06:30,071 - DEBUG - Joint score for alpha[13]: 16.2440
2025-08-11 16:06:33,563 - DEBUG - Joint score for alpha[14]: 16.0921
2025-08-11 16:06:37,056 - DEBUG - Joint score for alpha[15]: 17.9176
2025-08-11 16:06:43,746 - DEBUG - Joint score for alpha[0]: 15.5646
2025-08-11 16:06:47,243 - DEBUG - Joint score for alpha[1]: 15.6627
2025-08-11 16:06:50,739 - DEBUG - Joint score for alpha[2]: 15.9759
2025-08-11 16:06:54,234 - DEBUG - Joint score for alpha[3]: 15.8038
2025-08-11 16:06:57,731 - DEBUG - Joint score for alpha[4]: 15.7820
2025-08-11 16:07:01,225 - DEBUG - Joint score for alpha[5]: 15.9580
2025-08-11 16:07:04,721 - DEBUG - Joint score for alpha[6]: 15.7022
2025-08-11 16:07:08,215 - DEBUG - Joint score for alpha[7]: 15.5925
2025-08-11 16:07:11,708 - DEBUG - Joint score for alpha[8]: 15.7302
2025-08-11 16:07:15,201 - DEBUG - Joint score for alpha[9]: 15.6622
2025-08-11 16:07:18,692 - DEBUG - Joint score for alpha[10]: 15.7713
2025-08-11 16:07:22,185 - DEBUG - Joint score for alpha[11]: 15.8666
2025-08-11 16:07:25,677 - DEBUG - Joint score for alpha[12]: 16.0178
2025-08-11 16:07:29,172 - DEBUG - Joint score for alpha[13]: 15.9793
2025-08-11 16:07:32,663 - DEBUG - Joint score for alpha[14]: 15.9018
2025-08-11 16:07:36,156 - DEBUG - Joint score for alpha[15]: 15.8714
2025-08-11 16:07:42,683 - DEBUG - Joint score for alpha[0]: 15.7411
2025-08-11 16:07:46,180 - DEBUG - Joint score for alpha[1]: 15.6366
2025-08-11 16:07:49,675 - DEBUG - Joint score for alpha[2]: 15.5536
2025-08-11 16:07:53,169 - DEBUG - Joint score for alpha[3]: 15.5375
2025-08-11 16:07:56,664 - DEBUG - Joint score for alpha[4]: 15.9757
2025-08-11 16:08:00,158 - DEBUG - Joint score for alpha[5]: 15.8152
2025-08-11 16:08:03,651 - DEBUG - Joint score for alpha[6]: 15.8492
2025-08-11 16:08:07,144 - DEBUG - Joint score for alpha[7]: 15.6441
2025-08-11 16:08:10,638 - DEBUG - Joint score for alpha[8]: 15.8515
2025-08-11 16:08:14,134 - DEBUG - Joint score for alpha[9]: 15.6368
2025-08-11 16:08:17,627 - DEBUG - Joint score for alpha[10]: 15.7651
2025-08-11 16:08:21,123 - DEBUG - Joint score for alpha[11]: 15.7175
2025-08-11 16:08:24,617 - DEBUG - Joint score for alpha[12]: 15.5954
2025-08-11 16:08:28,113 - DEBUG - Joint score for alpha[13]: 15.6153
2025-08-11 16:08:31,607 - DEBUG - Joint score for alpha[14]: 15.6030
2025-08-11 16:08:35,102 - DEBUG - Joint score for alpha[15]: 15.9143
2025-08-11 16:08:41,682 - DEBUG - Joint score for alpha[0]: 15.8875
2025-08-11 16:08:45,178 - DEBUG - Joint score for alpha[1]: 15.9712
2025-08-11 16:08:48,671 - DEBUG - Joint score for alpha[2]: 15.8313
2025-08-11 16:08:52,164 - DEBUG - Joint score for alpha[3]: 15.9031
2025-08-11 16:08:55,660 - DEBUG - Joint score for alpha[4]: 15.7674
2025-08-11 16:08:59,153 - DEBUG - Joint score for alpha[5]: 15.6761
2025-08-11 16:09:02,647 - DEBUG - Joint score for alpha[6]: 15.6888
2025-08-11 16:09:06,141 - DEBUG - Joint score for alpha[7]: 15.9038
2025-08-11 16:09:09,632 - DEBUG - Joint score for alpha[8]: 15.5706
2025-08-11 16:09:13,124 - DEBUG - Joint score for alpha[9]: 15.5824
2025-08-11 16:09:16,616 - DEBUG - Joint score for alpha[10]: 15.8866
2025-08-11 16:09:20,109 - DEBUG - Joint score for alpha[11]: 15.8727
2025-08-11 16:09:23,602 - DEBUG - Joint score for alpha[12]: 16.0588
2025-08-11 16:09:27,097 - DEBUG - Joint score for alpha[13]: 15.8046
2025-08-11 16:09:30,589 - DEBUG - Joint score for alpha[14]: 15.9366
2025-08-11 16:09:34,083 - DEBUG - Joint score for alpha[15]: 15.6686
2025-08-11 16:09:40,604 - DEBUG - Joint score for alpha[0]: 15.7492
2025-08-11 16:09:44,101 - DEBUG - Joint score for alpha[1]: 16.2298
2025-08-11 16:09:47,597 - DEBUG - Joint score for alpha[2]: 15.7302
2025-08-11 16:09:51,091 - DEBUG - Joint score for alpha[3]: 16.0095
2025-08-11 16:09:54,587 - DEBUG - Joint score for alpha[4]: 15.7152
2025-08-11 16:09:58,077 - DEBUG - Joint score for alpha[5]: 16.7678
2025-08-11 16:10:01,570 - DEBUG - Joint score for alpha[6]: 15.8812
2025-08-11 16:10:05,061 - DEBUG - Joint score for alpha[7]: 16.0563
2025-08-11 16:10:08,554 - DEBUG - Joint score for alpha[8]: 16.2490
2025-08-11 16:10:12,047 - DEBUG - Joint score for alpha[9]: 16.0537
2025-08-11 16:10:15,538 - DEBUG - Joint score for alpha[10]: 16.2330
2025-08-11 16:10:19,032 - DEBUG - Joint score for alpha[11]: 16.5309
2025-08-11 16:10:22,526 - DEBUG - Joint score for alpha[12]: 15.6596
2025-08-11 16:10:26,021 - DEBUG - Joint score for alpha[13]: 15.6734
2025-08-11 16:10:29,513 - DEBUG - Joint score for alpha[14]: 15.8135
2025-08-11 16:10:33,006 - DEBUG - Joint score for alpha[15]: 15.8487
2025-08-11 16:10:33,048 - INFO - Step 48/120: mean ENERGY=15.5757
2025-08-11 16:10:33,050 - DEBUG - Beginning Gibbs iteration s = 48
2025-08-11 16:10:39,891 - DEBUG - Joint score for alpha[0]: 16.8957
2025-08-11 16:10:43,390 - DEBUG - Joint score for alpha[1]: 15.7118
2025-08-11 16:10:46,888 - DEBUG - Joint score for alpha[2]: 15.8358
2025-08-11 16:10:50,384 - DEBUG - Joint score for alpha[3]: 15.6932
2025-08-11 16:10:53,878 - DEBUG - Joint score for alpha[4]: 16.5424
2025-08-11 16:10:57,372 - DEBUG - Joint score for alpha[5]: 15.9457
2025-08-11 16:11:00,867 - DEBUG - Joint score for alpha[6]: 15.6918
2025-08-11 16:11:04,361 - DEBUG - Joint score for alpha[7]: 15.8136
2025-08-11 16:11:07,855 - DEBUG - Joint score for alpha[8]: 16.0969
2025-08-11 16:11:11,349 - DEBUG - Joint score for alpha[9]: 18.3469
2025-08-11 16:11:14,845 - DEBUG - Joint score for alpha[10]: 17.2802
2025-08-11 16:11:18,338 - DEBUG - Joint score for alpha[11]: 15.8156
2025-08-11 16:11:21,833 - DEBUG - Joint score for alpha[12]: 16.0145
2025-08-11 16:11:25,327 - DEBUG - Joint score for alpha[13]: 15.9243
2025-08-11 16:11:28,821 - DEBUG - Joint score for alpha[14]: 15.8084
2025-08-11 16:11:32,317 - DEBUG - Joint score for alpha[15]: 16.0099
2025-08-11 16:11:38,855 - DEBUG - Joint score for alpha[0]: 15.7250
2025-08-11 16:11:42,353 - DEBUG - Joint score for alpha[1]: 15.9223
2025-08-11 16:11:45,849 - DEBUG - Joint score for alpha[2]: 15.7507
2025-08-11 16:11:49,347 - DEBUG - Joint score for alpha[3]: 15.8314
2025-08-11 16:11:52,843 - DEBUG - Joint score for alpha[4]: 15.8813
2025-08-11 16:11:56,340 - DEBUG - Joint score for alpha[5]: 15.8991
2025-08-11 16:11:59,836 - DEBUG - Joint score for alpha[6]: 15.7249
2025-08-11 16:12:03,333 - DEBUG - Joint score for alpha[7]: 15.9587
2025-08-11 16:12:06,827 - DEBUG - Joint score for alpha[8]: 16.2999
2025-08-11 16:12:10,321 - DEBUG - Joint score for alpha[9]: 15.9369
2025-08-11 16:12:13,815 - DEBUG - Joint score for alpha[10]: 15.7978
2025-08-11 16:12:17,309 - DEBUG - Joint score for alpha[11]: 15.6251
2025-08-11 16:12:20,803 - DEBUG - Joint score for alpha[12]: 15.5762
2025-08-11 16:12:24,297 - DEBUG - Joint score for alpha[13]: 15.7365
2025-08-11 16:12:27,791 - DEBUG - Joint score for alpha[14]: 15.8971
2025-08-11 16:12:31,287 - DEBUG - Joint score for alpha[15]: 15.7725
2025-08-11 16:12:37,804 - DEBUG - Joint score for alpha[0]: 15.7500
2025-08-11 16:12:41,302 - DEBUG - Joint score for alpha[1]: 15.6832
2025-08-11 16:12:44,799 - DEBUG - Joint score for alpha[2]: 15.8383
2025-08-11 16:12:48,296 - DEBUG - Joint score for alpha[3]: 15.9079
2025-08-11 16:12:51,793 - DEBUG - Joint score for alpha[4]: 15.5942
2025-08-11 16:12:55,289 - DEBUG - Joint score for alpha[5]: 15.8582
2025-08-11 16:12:58,782 - DEBUG - Joint score for alpha[6]: 15.6261
2025-08-11 16:13:02,275 - DEBUG - Joint score for alpha[7]: 15.6408
2025-08-11 16:13:05,767 - DEBUG - Joint score for alpha[8]: 16.0211
2025-08-11 16:13:09,261 - DEBUG - Joint score for alpha[9]: 15.9188
2025-08-11 16:13:12,755 - DEBUG - Joint score for alpha[10]: 15.8875
2025-08-11 16:13:16,248 - DEBUG - Joint score for alpha[11]: 15.8475
2025-08-11 16:13:19,742 - DEBUG - Joint score for alpha[12]: 15.9483
2025-08-11 16:13:23,235 - DEBUG - Joint score for alpha[13]: 15.6323
2025-08-11 16:13:26,730 - DEBUG - Joint score for alpha[14]: 15.9704
2025-08-11 16:13:30,226 - DEBUG - Joint score for alpha[15]: 16.0112
2025-08-11 16:13:36,774 - DEBUG - Joint score for alpha[0]: 15.6925
2025-08-11 16:13:40,273 - DEBUG - Joint score for alpha[1]: 16.2544
2025-08-11 16:13:43,770 - DEBUG - Joint score for alpha[2]: 15.6874
2025-08-11 16:13:47,267 - DEBUG - Joint score for alpha[3]: 15.6388
2025-08-11 16:13:50,763 - DEBUG - Joint score for alpha[4]: 15.8919
2025-08-11 16:13:54,258 - DEBUG - Joint score for alpha[5]: 16.1060
2025-08-11 16:13:57,752 - DEBUG - Joint score for alpha[6]: 15.7915
2025-08-11 16:14:01,247 - DEBUG - Joint score for alpha[7]: 16.0368
2025-08-11 16:14:04,740 - DEBUG - Joint score for alpha[8]: 15.9604
2025-08-11 16:14:08,235 - DEBUG - Joint score for alpha[9]: 15.7609
2025-08-11 16:14:11,730 - DEBUG - Joint score for alpha[10]: 15.8081
2025-08-11 16:14:15,223 - DEBUG - Joint score for alpha[11]: 15.8925
2025-08-11 16:14:18,718 - DEBUG - Joint score for alpha[12]: 15.9260
2025-08-11 16:14:22,213 - DEBUG - Joint score for alpha[13]: 15.8835
2025-08-11 16:14:25,708 - DEBUG - Joint score for alpha[14]: 15.8446
2025-08-11 16:14:29,204 - DEBUG - Joint score for alpha[15]: 15.7651
2025-08-11 16:14:35,727 - DEBUG - Joint score for alpha[0]: 15.8057
2025-08-11 16:14:39,226 - DEBUG - Joint score for alpha[1]: 16.0102
2025-08-11 16:14:42,723 - DEBUG - Joint score for alpha[2]: 15.7654
2025-08-11 16:14:46,219 - DEBUG - Joint score for alpha[3]: 16.4777
2025-08-11 16:14:49,714 - DEBUG - Joint score for alpha[4]: 16.3367
2025-08-11 16:14:53,209 - DEBUG - Joint score for alpha[5]: 15.7244
2025-08-11 16:14:56,705 - DEBUG - Joint score for alpha[6]: 16.0424
2025-08-11 16:15:00,201 - DEBUG - Joint score for alpha[7]: 16.1146
2025-08-11 16:15:03,698 - DEBUG - Joint score for alpha[8]: 16.2454
2025-08-11 16:15:07,193 - DEBUG - Joint score for alpha[9]: 16.0913
2025-08-11 16:15:10,688 - DEBUG - Joint score for alpha[10]: 15.8487
2025-08-11 16:15:14,185 - DEBUG - Joint score for alpha[11]: 16.0820
2025-08-11 16:15:17,683 - DEBUG - Joint score for alpha[12]: 16.1887
2025-08-11 16:15:21,180 - DEBUG - Joint score for alpha[13]: 16.4382
2025-08-11 16:15:24,678 - DEBUG - Joint score for alpha[14]: 15.8301
2025-08-11 16:15:28,174 - DEBUG - Joint score for alpha[15]: 15.6682
2025-08-11 16:15:28,216 - INFO - Step 49/120: mean ENERGY=15.6338
2025-08-11 16:15:28,218 - DEBUG - Beginning Gibbs iteration s = 49
2025-08-11 16:15:34,856 - DEBUG - Joint score for alpha[0]: 15.9823
2025-08-11 16:15:38,354 - DEBUG - Joint score for alpha[1]: 15.6898
2025-08-11 16:15:41,850 - DEBUG - Joint score for alpha[2]: 16.7939
2025-08-11 16:15:45,347 - DEBUG - Joint score for alpha[3]: 15.4959
2025-08-11 16:15:48,842 - DEBUG - Joint score for alpha[4]: 15.8425
2025-08-11 16:15:52,339 - DEBUG - Joint score for alpha[5]: 15.7390
2025-08-11 16:15:55,836 - DEBUG - Joint score for alpha[6]: 15.9645
2025-08-11 16:15:59,333 - DEBUG - Joint score for alpha[7]: 16.1695
2025-08-11 16:16:02,829 - DEBUG - Joint score for alpha[8]: 15.7093
2025-08-11 16:16:06,323 - DEBUG - Joint score for alpha[9]: 17.3973
2025-08-11 16:16:09,818 - DEBUG - Joint score for alpha[10]: 18.6350
2025-08-11 16:16:13,312 - DEBUG - Joint score for alpha[11]: 16.2131
2025-08-11 16:16:16,805 - DEBUG - Joint score for alpha[12]: 15.7028
2025-08-11 16:16:20,299 - DEBUG - Joint score for alpha[13]: 16.3750
2025-08-11 16:16:23,794 - DEBUG - Joint score for alpha[14]: 15.5927
2025-08-11 16:16:27,290 - DEBUG - Joint score for alpha[15]: 18.3317
2025-08-11 16:16:33,830 - DEBUG - Joint score for alpha[0]: 15.7255
2025-08-11 16:16:37,328 - DEBUG - Joint score for alpha[1]: 15.7668
2025-08-11 16:16:40,825 - DEBUG - Joint score for alpha[2]: 15.8390
2025-08-11 16:16:44,322 - DEBUG - Joint score for alpha[3]: 15.9421
2025-08-11 16:16:47,818 - DEBUG - Joint score for alpha[4]: 15.7024
2025-08-11 16:16:51,314 - DEBUG - Joint score for alpha[5]: 15.7226
2025-08-11 16:16:54,810 - DEBUG - Joint score for alpha[6]: 16.0786
2025-08-11 16:16:58,306 - DEBUG - Joint score for alpha[7]: 15.4801
2025-08-11 16:17:01,802 - DEBUG - Joint score for alpha[8]: 15.6857
2025-08-11 16:17:05,299 - DEBUG - Joint score for alpha[9]: 15.9531
2025-08-11 16:17:08,796 - DEBUG - Joint score for alpha[10]: 15.6523
2025-08-11 16:17:12,291 - DEBUG - Joint score for alpha[11]: 15.8551
2025-08-11 16:17:15,786 - DEBUG - Joint score for alpha[12]: 15.6094
2025-08-11 16:17:19,282 - DEBUG - Joint score for alpha[13]: 16.0681
2025-08-11 16:17:22,778 - DEBUG - Joint score for alpha[14]: 15.6321
2025-08-11 16:17:26,275 - DEBUG - Joint score for alpha[15]: 15.8189
2025-08-11 16:17:32,800 - DEBUG - Joint score for alpha[0]: 15.6137
2025-08-11 16:17:36,298 - DEBUG - Joint score for alpha[1]: 15.8891
2025-08-11 16:17:39,795 - DEBUG - Joint score for alpha[2]: 16.0574
2025-08-11 16:17:43,292 - DEBUG - Joint score for alpha[3]: 15.8397
2025-08-11 16:17:46,788 - DEBUG - Joint score for alpha[4]: 15.7394
2025-08-11 16:17:50,283 - DEBUG - Joint score for alpha[5]: 15.8094
2025-08-11 16:17:53,777 - DEBUG - Joint score for alpha[6]: 15.6944
2025-08-11 16:17:57,272 - DEBUG - Joint score for alpha[7]: 15.9554
2025-08-11 16:18:00,765 - DEBUG - Joint score for alpha[8]: 15.7112
2025-08-11 16:18:04,260 - DEBUG - Joint score for alpha[9]: 15.7761
2025-08-11 16:18:07,756 - DEBUG - Joint score for alpha[10]: 15.7612
2025-08-11 16:18:11,250 - DEBUG - Joint score for alpha[11]: 15.6660
2025-08-11 16:18:14,744 - DEBUG - Joint score for alpha[12]: 15.6864
2025-08-11 16:18:18,239 - DEBUG - Joint score for alpha[13]: 15.7113
2025-08-11 16:18:21,733 - DEBUG - Joint score for alpha[14]: 15.6784
2025-08-11 16:18:25,230 - DEBUG - Joint score for alpha[15]: 15.7188
2025-08-11 16:18:31,751 - DEBUG - Joint score for alpha[0]: 15.7751
2025-08-11 16:18:35,249 - DEBUG - Joint score for alpha[1]: 15.4982
2025-08-11 16:18:38,744 - DEBUG - Joint score for alpha[2]: 15.8311
2025-08-11 16:18:42,239 - DEBUG - Joint score for alpha[3]: 15.9151
2025-08-11 16:18:45,734 - DEBUG - Joint score for alpha[4]: 16.0895
2025-08-11 16:18:49,230 - DEBUG - Joint score for alpha[5]: 15.8365
2025-08-11 16:18:52,725 - DEBUG - Joint score for alpha[6]: 15.6709
2025-08-11 16:18:56,220 - DEBUG - Joint score for alpha[7]: 15.7087
2025-08-11 16:18:59,714 - DEBUG - Joint score for alpha[8]: 16.6568
2025-08-11 16:19:03,207 - DEBUG - Joint score for alpha[9]: 15.8399
2025-08-11 16:19:06,703 - DEBUG - Joint score for alpha[10]: 15.8614
2025-08-11 16:19:10,197 - DEBUG - Joint score for alpha[11]: 15.6600
2025-08-11 16:19:13,691 - DEBUG - Joint score for alpha[12]: 15.6764
2025-08-11 16:19:17,186 - DEBUG - Joint score for alpha[13]: 16.3572
2025-08-11 16:19:20,681 - DEBUG - Joint score for alpha[14]: 15.7152
2025-08-11 16:19:24,176 - DEBUG - Joint score for alpha[15]: 15.7635
2025-08-11 16:19:30,719 - DEBUG - Joint score for alpha[0]: 15.8754
2025-08-11 16:19:34,216 - DEBUG - Joint score for alpha[1]: 16.4732
2025-08-11 16:19:37,710 - DEBUG - Joint score for alpha[2]: 15.8429
2025-08-11 16:19:41,204 - DEBUG - Joint score for alpha[3]: 15.9560
2025-08-11 16:19:44,697 - DEBUG - Joint score for alpha[4]: 15.8503
2025-08-11 16:19:48,192 - DEBUG - Joint score for alpha[5]: 15.7101
2025-08-11 16:19:51,685 - DEBUG - Joint score for alpha[6]: 16.0653
2025-08-11 16:19:55,178 - DEBUG - Joint score for alpha[7]: 15.8882
2025-08-11 16:19:58,671 - DEBUG - Joint score for alpha[8]: 15.7440
2025-08-11 16:20:02,165 - DEBUG - Joint score for alpha[9]: 15.8863
2025-08-11 16:20:05,659 - DEBUG - Joint score for alpha[10]: 15.8801
2025-08-11 16:20:09,153 - DEBUG - Joint score for alpha[11]: 16.0742
2025-08-11 16:20:12,646 - DEBUG - Joint score for alpha[12]: 16.0197
2025-08-11 16:20:16,138 - DEBUG - Joint score for alpha[13]: 15.7866
2025-08-11 16:20:19,631 - DEBUG - Joint score for alpha[14]: 15.7456
2025-08-11 16:20:23,126 - DEBUG - Joint score for alpha[15]: 16.0086
2025-08-11 16:20:23,168 - INFO - Step 50/120: mean ENERGY=15.5596
2025-08-11 16:20:23,171 - DEBUG - Beginning Gibbs iteration s = 50
2025-08-11 16:20:23,378 - DEBUG - Proposal variance adapted: 0.020
2025-08-11 16:20:29,864 - DEBUG - Joint score for alpha[0]: 16.7778
2025-08-11 16:20:33,361 - DEBUG - Joint score for alpha[1]: 15.7646
2025-08-11 16:20:36,855 - DEBUG - Joint score for alpha[2]: 15.7917
2025-08-11 16:20:40,351 - DEBUG - Joint score for alpha[3]: 16.0312
2025-08-11 16:20:43,846 - DEBUG - Joint score for alpha[4]: 16.1049
2025-08-11 16:20:47,339 - DEBUG - Joint score for alpha[5]: 15.7039
2025-08-11 16:20:50,832 - DEBUG - Joint score for alpha[6]: 16.6332
2025-08-11 16:20:54,322 - DEBUG - Joint score for alpha[7]: 18.4648
2025-08-11 16:20:57,814 - DEBUG - Joint score for alpha[8]: 15.8288
2025-08-11 16:21:01,306 - DEBUG - Joint score for alpha[9]: 15.5589
2025-08-11 16:21:04,798 - DEBUG - Joint score for alpha[10]: 16.3547
2025-08-11 16:21:08,291 - DEBUG - Joint score for alpha[11]: 15.7568
2025-08-11 16:21:11,782 - DEBUG - Joint score for alpha[12]: 16.4902
2025-08-11 16:21:15,276 - DEBUG - Joint score for alpha[13]: 15.6886
2025-08-11 16:21:18,768 - DEBUG - Joint score for alpha[14]: 16.5991
2025-08-11 16:21:22,261 - DEBUG - Joint score for alpha[15]: 15.9960
2025-08-11 16:21:28,781 - DEBUG - Joint score for alpha[0]: 15.7913
2025-08-11 16:21:32,278 - DEBUG - Joint score for alpha[1]: 15.6562
2025-08-11 16:21:35,771 - DEBUG - Joint score for alpha[2]: 15.7482
2025-08-11 16:21:39,263 - DEBUG - Joint score for alpha[3]: 15.9653
2025-08-11 16:21:42,757 - DEBUG - Joint score for alpha[4]: 16.0568
2025-08-11 16:21:46,248 - DEBUG - Joint score for alpha[5]: 15.6795
2025-08-11 16:21:49,740 - DEBUG - Joint score for alpha[6]: 15.9468
2025-08-11 16:21:53,233 - DEBUG - Joint score for alpha[7]: 15.8061
2025-08-11 16:21:56,725 - DEBUG - Joint score for alpha[8]: 15.9993
2025-08-11 16:22:00,217 - DEBUG - Joint score for alpha[9]: 15.7365
2025-08-11 16:22:03,708 - DEBUG - Joint score for alpha[10]: 15.8358
2025-08-11 16:22:07,201 - DEBUG - Joint score for alpha[11]: 15.8024
2025-08-11 16:22:10,694 - DEBUG - Joint score for alpha[12]: 15.9274
2025-08-11 16:22:14,188 - DEBUG - Joint score for alpha[13]: 15.9934
2025-08-11 16:22:17,679 - DEBUG - Joint score for alpha[14]: 15.9483
2025-08-11 16:22:21,172 - DEBUG - Joint score for alpha[15]: 15.8421
2025-08-11 16:22:27,708 - DEBUG - Joint score for alpha[0]: 15.8812
2025-08-11 16:22:31,204 - DEBUG - Joint score for alpha[1]: 15.6420
2025-08-11 16:22:34,699 - DEBUG - Joint score for alpha[2]: 15.7608
2025-08-11 16:22:38,194 - DEBUG - Joint score for alpha[3]: 15.8085
2025-08-11 16:22:41,686 - DEBUG - Joint score for alpha[4]: 15.7418
2025-08-11 16:22:45,177 - DEBUG - Joint score for alpha[5]: 15.9897
2025-08-11 16:22:48,670 - DEBUG - Joint score for alpha[6]: 15.8304
2025-08-11 16:22:52,162 - DEBUG - Joint score for alpha[7]: 15.5731
2025-08-11 16:22:55,653 - DEBUG - Joint score for alpha[8]: 15.7371
2025-08-11 16:22:59,146 - DEBUG - Joint score for alpha[9]: 15.7170
2025-08-11 16:23:02,638 - DEBUG - Joint score for alpha[10]: 15.9441
2025-08-11 16:23:06,132 - DEBUG - Joint score for alpha[11]: 16.3713
2025-08-11 16:23:09,625 - DEBUG - Joint score for alpha[12]: 15.6925
2025-08-11 16:23:13,120 - DEBUG - Joint score for alpha[13]: 15.9350
2025-08-11 16:23:16,613 - DEBUG - Joint score for alpha[14]: 15.8170
2025-08-11 16:23:20,108 - DEBUG - Joint score for alpha[15]: 15.8336
2025-08-11 16:23:26,639 - DEBUG - Joint score for alpha[0]: 15.9761
2025-08-11 16:23:30,136 - DEBUG - Joint score for alpha[1]: 15.8201
2025-08-11 16:23:33,629 - DEBUG - Joint score for alpha[2]: 17.4791
2025-08-11 16:23:37,122 - DEBUG - Joint score for alpha[3]: 16.0251
2025-08-11 16:23:40,614 - DEBUG - Joint score for alpha[4]: 16.0678
2025-08-11 16:23:44,105 - DEBUG - Joint score for alpha[5]: 15.8565
2025-08-11 16:23:47,598 - DEBUG - Joint score for alpha[6]: 16.0089
2025-08-11 16:23:51,090 - DEBUG - Joint score for alpha[7]: 15.9741
2025-08-11 16:23:54,581 - DEBUG - Joint score for alpha[8]: 16.0790
2025-08-11 16:23:58,074 - DEBUG - Joint score for alpha[9]: 15.9430
2025-08-11 16:24:01,565 - DEBUG - Joint score for alpha[10]: 15.7081
2025-08-11 16:24:05,059 - DEBUG - Joint score for alpha[11]: 16.3473
2025-08-11 16:24:08,551 - DEBUG - Joint score for alpha[12]: 15.8240
2025-08-11 16:24:12,046 - DEBUG - Joint score for alpha[13]: 15.9825
2025-08-11 16:24:15,537 - DEBUG - Joint score for alpha[14]: 15.7677
2025-08-11 16:24:19,030 - DEBUG - Joint score for alpha[15]: 15.9836
2025-08-11 16:24:25,704 - DEBUG - Joint score for alpha[0]: 15.5755
2025-08-11 16:24:29,201 - DEBUG - Joint score for alpha[1]: 15.7273
2025-08-11 16:24:32,695 - DEBUG - Joint score for alpha[2]: 16.0421
2025-08-11 16:24:36,189 - DEBUG - Joint score for alpha[3]: 15.6147
2025-08-11 16:24:39,684 - DEBUG - Joint score for alpha[4]: 16.8603
2025-08-11 16:24:43,177 - DEBUG - Joint score for alpha[5]: 15.8695
2025-08-11 16:24:46,670 - DEBUG - Joint score for alpha[6]: 15.9623
2025-08-11 16:24:50,160 - DEBUG - Joint score for alpha[7]: 15.5990
2025-08-11 16:24:53,651 - DEBUG - Joint score for alpha[8]: 15.6417
2025-08-11 16:24:57,144 - DEBUG - Joint score for alpha[9]: 16.0354
2025-08-11 16:25:00,635 - DEBUG - Joint score for alpha[10]: 15.7396
2025-08-11 16:25:04,127 - DEBUG - Joint score for alpha[11]: 15.7342
2025-08-11 16:25:07,618 - DEBUG - Joint score for alpha[12]: 15.7362
2025-08-11 16:25:11,112 - DEBUG - Joint score for alpha[13]: 15.5837
2025-08-11 16:25:14,603 - DEBUG - Joint score for alpha[14]: 15.9629
2025-08-11 16:25:18,095 - DEBUG - Joint score for alpha[15]: 15.7565
2025-08-11 16:25:18,137 - INFO - Step 51/120: mean ENERGY=15.6144
2025-08-11 16:25:18,139 - DEBUG - Beginning Gibbs iteration s = 51
2025-08-11 16:25:24,864 - DEBUG - Joint score for alpha[0]: 15.8613
2025-08-11 16:25:28,360 - DEBUG - Joint score for alpha[1]: 15.5912
2025-08-11 16:25:31,855 - DEBUG - Joint score for alpha[2]: 18.2231
2025-08-11 16:25:35,349 - DEBUG - Joint score for alpha[3]: 16.5093
2025-08-11 16:25:38,844 - DEBUG - Joint score for alpha[4]: 16.2932
2025-08-11 16:25:42,333 - DEBUG - Joint score for alpha[5]: 15.9324
2025-08-11 16:25:45,823 - DEBUG - Joint score for alpha[6]: 16.3264
2025-08-11 16:25:49,314 - DEBUG - Joint score for alpha[7]: 18.2943
2025-08-11 16:25:52,804 - DEBUG - Joint score for alpha[8]: 17.7225
2025-08-11 16:25:56,297 - DEBUG - Joint score for alpha[9]: 16.1115
2025-08-11 16:25:59,788 - DEBUG - Joint score for alpha[10]: 15.9734
2025-08-11 16:26:03,281 - DEBUG - Joint score for alpha[11]: 16.9291
2025-08-11 16:26:06,773 - DEBUG - Joint score for alpha[12]: 17.4763
2025-08-11 16:26:10,267 - DEBUG - Joint score for alpha[13]: 15.8347
2025-08-11 16:26:13,759 - DEBUG - Joint score for alpha[14]: 16.0701
2025-08-11 16:26:17,251 - DEBUG - Joint score for alpha[15]: 15.8867
2025-08-11 16:26:23,767 - DEBUG - Joint score for alpha[0]: 16.2148
2025-08-11 16:26:27,263 - DEBUG - Joint score for alpha[1]: 16.0371
2025-08-11 16:26:30,755 - DEBUG - Joint score for alpha[2]: 16.1969
2025-08-11 16:26:34,246 - DEBUG - Joint score for alpha[3]: 16.1163
2025-08-11 16:26:37,739 - DEBUG - Joint score for alpha[4]: 15.8706
2025-08-11 16:26:41,229 - DEBUG - Joint score for alpha[5]: 15.9003
2025-08-11 16:26:44,720 - DEBUG - Joint score for alpha[6]: 16.0348
2025-08-11 16:26:48,212 - DEBUG - Joint score for alpha[7]: 15.8861
2025-08-11 16:26:51,703 - DEBUG - Joint score for alpha[8]: 16.1640
2025-08-11 16:26:55,196 - DEBUG - Joint score for alpha[9]: 15.8182
2025-08-11 16:26:58,688 - DEBUG - Joint score for alpha[10]: 15.6913
2025-08-11 16:27:02,182 - DEBUG - Joint score for alpha[11]: 15.9750
2025-08-11 16:27:05,676 - DEBUG - Joint score for alpha[12]: 15.8962
2025-08-11 16:27:09,170 - DEBUG - Joint score for alpha[13]: 16.1187
2025-08-11 16:27:12,661 - DEBUG - Joint score for alpha[14]: 15.7225
2025-08-11 16:27:16,153 - DEBUG - Joint score for alpha[15]: 15.8594
2025-08-11 16:27:22,844 - DEBUG - Joint score for alpha[0]: 15.9107
2025-08-11 16:27:26,341 - DEBUG - Joint score for alpha[1]: 15.9500
2025-08-11 16:27:29,835 - DEBUG - Joint score for alpha[2]: 16.0573
2025-08-11 16:27:33,326 - DEBUG - Joint score for alpha[3]: 16.2833
2025-08-11 16:27:36,818 - DEBUG - Joint score for alpha[4]: 15.9398
2025-08-11 16:27:40,309 - DEBUG - Joint score for alpha[5]: 16.2472
2025-08-11 16:27:43,802 - DEBUG - Joint score for alpha[6]: 15.7645
2025-08-11 16:27:47,293 - DEBUG - Joint score for alpha[7]: 15.7801
2025-08-11 16:27:50,786 - DEBUG - Joint score for alpha[8]: 16.0117
2025-08-11 16:27:54,279 - DEBUG - Joint score for alpha[9]: 16.1394
2025-08-11 16:27:57,770 - DEBUG - Joint score for alpha[10]: 15.7567
2025-08-11 16:28:01,264 - DEBUG - Joint score for alpha[11]: 16.1323
2025-08-11 16:28:04,757 - DEBUG - Joint score for alpha[12]: 16.0086
2025-08-11 16:28:08,252 - DEBUG - Joint score for alpha[13]: 15.6431
2025-08-11 16:28:11,744 - DEBUG - Joint score for alpha[14]: 16.1057
2025-08-11 16:28:15,236 - DEBUG - Joint score for alpha[15]: 16.0108
2025-08-11 16:28:21,756 - DEBUG - Joint score for alpha[0]: 16.4541
2025-08-11 16:28:25,253 - DEBUG - Joint score for alpha[1]: 16.9851
2025-08-11 16:28:28,748 - DEBUG - Joint score for alpha[2]: 15.8548
2025-08-11 16:28:32,242 - DEBUG - Joint score for alpha[3]: 15.6533
2025-08-11 16:28:35,735 - DEBUG - Joint score for alpha[4]: 15.9424
2025-08-11 16:28:39,226 - DEBUG - Joint score for alpha[5]: 15.5754
2025-08-11 16:28:42,717 - DEBUG - Joint score for alpha[6]: 15.9442
2025-08-11 16:28:46,209 - DEBUG - Joint score for alpha[7]: 15.7129
2025-08-11 16:28:49,700 - DEBUG - Joint score for alpha[8]: 15.6940
2025-08-11 16:28:53,193 - DEBUG - Joint score for alpha[9]: 16.2167
2025-08-11 16:28:56,683 - DEBUG - Joint score for alpha[10]: 15.7375
2025-08-11 16:29:00,177 - DEBUG - Joint score for alpha[11]: 15.6898
2025-08-11 16:29:03,668 - DEBUG - Joint score for alpha[12]: 15.9240
2025-08-11 16:29:07,161 - DEBUG - Joint score for alpha[13]: 15.6512
2025-08-11 16:29:10,651 - DEBUG - Joint score for alpha[14]: 15.8825
2025-08-11 16:29:14,144 - DEBUG - Joint score for alpha[15]: 16.3002
2025-08-11 16:29:20,802 - DEBUG - Joint score for alpha[0]: 15.7294
2025-08-11 16:29:24,299 - DEBUG - Joint score for alpha[1]: 15.9651
2025-08-11 16:29:27,794 - DEBUG - Joint score for alpha[2]: 15.9759
2025-08-11 16:29:31,288 - DEBUG - Joint score for alpha[3]: 15.6237
2025-08-11 16:29:34,784 - DEBUG - Joint score for alpha[4]: 15.6063
2025-08-11 16:29:38,276 - DEBUG - Joint score for alpha[5]: 16.0191
2025-08-11 16:29:41,772 - DEBUG - Joint score for alpha[6]: 15.9562
2025-08-11 16:29:45,265 - DEBUG - Joint score for alpha[7]: 15.7368
2025-08-11 16:29:48,759 - DEBUG - Joint score for alpha[8]: 15.9998
2025-08-11 16:29:52,254 - DEBUG - Joint score for alpha[9]: 16.2279
2025-08-11 16:29:55,748 - DEBUG - Joint score for alpha[10]: 15.7460
2025-08-11 16:29:59,243 - DEBUG - Joint score for alpha[11]: 16.5416
2025-08-11 16:30:02,737 - DEBUG - Joint score for alpha[12]: 16.1977
2025-08-11 16:30:06,233 - DEBUG - Joint score for alpha[13]: 16.0889
2025-08-11 16:30:09,727 - DEBUG - Joint score for alpha[14]: 16.0369
2025-08-11 16:30:13,221 - DEBUG - Joint score for alpha[15]: 16.3153
2025-08-11 16:30:13,262 - INFO - Step 52/120: mean ENERGY=15.6215
2025-08-11 16:30:13,264 - DEBUG - Beginning Gibbs iteration s = 52
2025-08-11 16:30:19,897 - DEBUG - Joint score for alpha[0]: 15.6551
2025-08-11 16:30:23,394 - DEBUG - Joint score for alpha[1]: 15.8390
2025-08-11 16:30:26,891 - DEBUG - Joint score for alpha[2]: 16.7519
2025-08-11 16:30:30,388 - DEBUG - Joint score for alpha[3]: 15.8512
2025-08-11 16:30:33,883 - DEBUG - Joint score for alpha[4]: 16.0548
2025-08-11 16:30:37,379 - DEBUG - Joint score for alpha[5]: 15.8876
2025-08-11 16:30:40,874 - DEBUG - Joint score for alpha[6]: 18.2994
2025-08-11 16:30:44,370 - DEBUG - Joint score for alpha[7]: 16.8375
2025-08-11 16:30:47,865 - DEBUG - Joint score for alpha[8]: 15.5487
2025-08-11 16:30:51,361 - DEBUG - Joint score for alpha[9]: 15.7883
2025-08-11 16:30:54,858 - DEBUG - Joint score for alpha[10]: 16.7987
2025-08-11 16:30:58,352 - DEBUG - Joint score for alpha[11]: 15.9096
2025-08-11 16:31:01,846 - DEBUG - Joint score for alpha[12]: 16.3359
2025-08-11 16:31:05,340 - DEBUG - Joint score for alpha[13]: 15.7448
2025-08-11 16:31:08,834 - DEBUG - Joint score for alpha[14]: 17.2152
2025-08-11 16:31:12,329 - DEBUG - Joint score for alpha[15]: 16.0807
2025-08-11 16:31:18,868 - DEBUG - Joint score for alpha[0]: 15.7031
2025-08-11 16:31:22,367 - DEBUG - Joint score for alpha[1]: 15.7330
2025-08-11 16:31:25,862 - DEBUG - Joint score for alpha[2]: 15.7418
2025-08-11 16:31:29,358 - DEBUG - Joint score for alpha[3]: 15.6789
2025-08-11 16:31:32,852 - DEBUG - Joint score for alpha[4]: 15.6789
2025-08-11 16:31:36,347 - DEBUG - Joint score for alpha[5]: 15.5098
2025-08-11 16:31:39,841 - DEBUG - Joint score for alpha[6]: 15.7550
2025-08-11 16:31:43,336 - DEBUG - Joint score for alpha[7]: 15.7304
2025-08-11 16:31:46,831 - DEBUG - Joint score for alpha[8]: 16.0377
2025-08-11 16:31:50,325 - DEBUG - Joint score for alpha[9]: 15.5245
2025-08-11 16:31:53,820 - DEBUG - Joint score for alpha[10]: 15.5215
2025-08-11 16:31:57,314 - DEBUG - Joint score for alpha[11]: 16.0036
2025-08-11 16:32:00,808 - DEBUG - Joint score for alpha[12]: 15.6052
2025-08-11 16:32:04,302 - DEBUG - Joint score for alpha[13]: 15.8260
2025-08-11 16:32:07,795 - DEBUG - Joint score for alpha[14]: 15.5378
2025-08-11 16:32:11,290 - DEBUG - Joint score for alpha[15]: 15.6870
2025-08-11 16:32:18,003 - DEBUG - Joint score for alpha[0]: 15.7252
2025-08-11 16:32:21,501 - DEBUG - Joint score for alpha[1]: 15.9783
2025-08-11 16:32:24,997 - DEBUG - Joint score for alpha[2]: 15.5542
2025-08-11 16:32:28,495 - DEBUG - Joint score for alpha[3]: 15.8612
2025-08-11 16:32:31,991 - DEBUG - Joint score for alpha[4]: 16.1248
2025-08-11 16:32:35,488 - DEBUG - Joint score for alpha[5]: 15.5797
2025-08-11 16:32:38,984 - DEBUG - Joint score for alpha[6]: 15.6841
2025-08-11 16:32:42,479 - DEBUG - Joint score for alpha[7]: 15.6905
2025-08-11 16:32:45,971 - DEBUG - Joint score for alpha[8]: 15.6816
2025-08-11 16:32:49,464 - DEBUG - Joint score for alpha[9]: 15.5764
2025-08-11 16:32:52,957 - DEBUG - Joint score for alpha[10]: 16.1424
2025-08-11 16:32:56,450 - DEBUG - Joint score for alpha[11]: 15.8834
2025-08-11 16:32:59,943 - DEBUG - Joint score for alpha[12]: 15.6406
2025-08-11 16:33:03,436 - DEBUG - Joint score for alpha[13]: 15.9147
2025-08-11 16:33:06,929 - DEBUG - Joint score for alpha[14]: 15.6927
2025-08-11 16:33:10,424 - DEBUG - Joint score for alpha[15]: 15.6751
2025-08-11 16:33:16,954 - DEBUG - Joint score for alpha[0]: 15.8475
2025-08-11 16:33:20,452 - DEBUG - Joint score for alpha[1]: 16.0733
2025-08-11 16:33:23,948 - DEBUG - Joint score for alpha[2]: 16.0298
2025-08-11 16:33:27,445 - DEBUG - Joint score for alpha[3]: 15.8354
2025-08-11 16:33:30,940 - DEBUG - Joint score for alpha[4]: 15.6520
2025-08-11 16:33:34,433 - DEBUG - Joint score for alpha[5]: 15.4503
2025-08-11 16:33:37,926 - DEBUG - Joint score for alpha[6]: 15.7419
2025-08-11 16:33:41,420 - DEBUG - Joint score for alpha[7]: 16.2089
2025-08-11 16:33:44,914 - DEBUG - Joint score for alpha[8]: 15.8040
2025-08-11 16:33:48,408 - DEBUG - Joint score for alpha[9]: 15.6695
2025-08-11 16:33:51,903 - DEBUG - Joint score for alpha[10]: 18.9168
2025-08-11 16:33:55,397 - DEBUG - Joint score for alpha[11]: 16.7541
2025-08-11 16:33:58,891 - DEBUG - Joint score for alpha[12]: 15.9764
2025-08-11 16:34:02,385 - DEBUG - Joint score for alpha[13]: 16.7065
2025-08-11 16:34:05,880 - DEBUG - Joint score for alpha[14]: 15.6797
2025-08-11 16:34:09,376 - DEBUG - Joint score for alpha[15]: 15.5178
2025-08-11 16:34:15,940 - DEBUG - Joint score for alpha[0]: 15.8830
2025-08-11 16:34:19,436 - DEBUG - Joint score for alpha[1]: 15.5655
2025-08-11 16:34:22,931 - DEBUG - Joint score for alpha[2]: 16.0208
2025-08-11 16:34:26,424 - DEBUG - Joint score for alpha[3]: 15.9446
2025-08-11 16:34:29,917 - DEBUG - Joint score for alpha[4]: 16.0614
2025-08-11 16:34:33,411 - DEBUG - Joint score for alpha[5]: 15.9636
2025-08-11 16:34:36,904 - DEBUG - Joint score for alpha[6]: 15.8477
2025-08-11 16:34:40,397 - DEBUG - Joint score for alpha[7]: 15.8359
2025-08-11 16:34:43,890 - DEBUG - Joint score for alpha[8]: 15.6743
2025-08-11 16:34:47,383 - DEBUG - Joint score for alpha[9]: 15.9551
2025-08-11 16:34:50,877 - DEBUG - Joint score for alpha[10]: 15.9955
2025-08-11 16:34:54,370 - DEBUG - Joint score for alpha[11]: 16.0308
2025-08-11 16:34:57,862 - DEBUG - Joint score for alpha[12]: 16.3146
2025-08-11 16:35:01,356 - DEBUG - Joint score for alpha[13]: 15.7434
2025-08-11 16:35:04,850 - DEBUG - Joint score for alpha[14]: 15.7949
2025-08-11 16:35:08,345 - DEBUG - Joint score for alpha[15]: 15.5359
2025-08-11 16:35:08,388 - INFO - Step 53/120: mean ENERGY=15.5198
2025-08-11 16:35:08,390 - DEBUG - Beginning Gibbs iteration s = 53
2025-08-11 16:35:14,980 - DEBUG - Joint score for alpha[0]: 17.1651
2025-08-11 16:35:18,479 - DEBUG - Joint score for alpha[1]: 16.2212
2025-08-11 16:35:21,974 - DEBUG - Joint score for alpha[2]: 16.6215
2025-08-11 16:35:25,468 - DEBUG - Joint score for alpha[3]: 15.6214
2025-08-11 16:35:28,962 - DEBUG - Joint score for alpha[4]: 16.4960
2025-08-11 16:35:32,457 - DEBUG - Joint score for alpha[5]: 16.1216
2025-08-11 16:35:35,952 - DEBUG - Joint score for alpha[6]: 17.6391
2025-08-11 16:35:39,446 - DEBUG - Joint score for alpha[7]: 17.8960
2025-08-11 16:35:42,939 - DEBUG - Joint score for alpha[8]: 15.8400
2025-08-11 16:35:46,433 - DEBUG - Joint score for alpha[9]: 15.9086
2025-08-11 16:35:49,929 - DEBUG - Joint score for alpha[10]: 15.6989
2025-08-11 16:35:53,423 - DEBUG - Joint score for alpha[11]: 15.9439
2025-08-11 16:35:56,918 - DEBUG - Joint score for alpha[12]: 15.6993
2025-08-11 16:36:00,413 - DEBUG - Joint score for alpha[13]: 16.4703
2025-08-11 16:36:03,909 - DEBUG - Joint score for alpha[14]: 16.9838
2025-08-11 16:36:07,405 - DEBUG - Joint score for alpha[15]: 15.8666
2025-08-11 16:36:13,961 - DEBUG - Joint score for alpha[0]: 15.8075
2025-08-11 16:36:17,461 - DEBUG - Joint score for alpha[1]: 15.8216
2025-08-11 16:36:20,958 - DEBUG - Joint score for alpha[2]: 15.5665
2025-08-11 16:36:24,452 - DEBUG - Joint score for alpha[3]: 15.6470
2025-08-11 16:36:27,945 - DEBUG - Joint score for alpha[4]: 15.6910
2025-08-11 16:36:31,439 - DEBUG - Joint score for alpha[5]: 15.8657
2025-08-11 16:36:34,932 - DEBUG - Joint score for alpha[6]: 15.4665
2025-08-11 16:36:38,426 - DEBUG - Joint score for alpha[7]: 16.5329
2025-08-11 16:36:41,920 - DEBUG - Joint score for alpha[8]: 15.8241
2025-08-11 16:36:45,414 - DEBUG - Joint score for alpha[9]: 15.9761
2025-08-11 16:36:48,909 - DEBUG - Joint score for alpha[10]: 16.0250
2025-08-11 16:36:52,403 - DEBUG - Joint score for alpha[11]: 15.6226
2025-08-11 16:36:55,896 - DEBUG - Joint score for alpha[12]: 15.6825
2025-08-11 16:36:59,390 - DEBUG - Joint score for alpha[13]: 15.6284
2025-08-11 16:37:02,884 - DEBUG - Joint score for alpha[14]: 15.6340
2025-08-11 16:37:06,378 - DEBUG - Joint score for alpha[15]: 16.0078
2025-08-11 16:37:13,093 - DEBUG - Joint score for alpha[0]: 15.6944
2025-08-11 16:37:16,592 - DEBUG - Joint score for alpha[1]: 16.0041
2025-08-11 16:37:20,089 - DEBUG - Joint score for alpha[2]: 15.8282
2025-08-11 16:37:23,586 - DEBUG - Joint score for alpha[3]: 15.7227
2025-08-11 16:37:27,082 - DEBUG - Joint score for alpha[4]: 15.8144
2025-08-11 16:37:30,578 - DEBUG - Joint score for alpha[5]: 15.6318
2025-08-11 16:37:34,075 - DEBUG - Joint score for alpha[6]: 16.1636
2025-08-11 16:37:37,571 - DEBUG - Joint score for alpha[7]: 15.6536
2025-08-11 16:37:41,066 - DEBUG - Joint score for alpha[8]: 15.7838
2025-08-11 16:37:44,562 - DEBUG - Joint score for alpha[9]: 15.7119
2025-08-11 16:37:48,057 - DEBUG - Joint score for alpha[10]: 15.7708
2025-08-11 16:37:51,553 - DEBUG - Joint score for alpha[11]: 15.4874
2025-08-11 16:37:55,049 - DEBUG - Joint score for alpha[12]: 16.1058
2025-08-11 16:37:58,543 - DEBUG - Joint score for alpha[13]: 15.7896
2025-08-11 16:38:02,037 - DEBUG - Joint score for alpha[14]: 16.0309
2025-08-11 16:38:05,531 - DEBUG - Joint score for alpha[15]: 15.6523
2025-08-11 16:38:12,090 - DEBUG - Joint score for alpha[0]: 16.2880
2025-08-11 16:38:15,588 - DEBUG - Joint score for alpha[1]: 16.0250
2025-08-11 16:38:19,084 - DEBUG - Joint score for alpha[2]: 15.8329
2025-08-11 16:38:22,582 - DEBUG - Joint score for alpha[3]: 15.9001
2025-08-11 16:38:26,078 - DEBUG - Joint score for alpha[4]: 16.1498
2025-08-11 16:38:29,575 - DEBUG - Joint score for alpha[5]: 15.8608
2025-08-11 16:38:33,069 - DEBUG - Joint score for alpha[6]: 15.9206
2025-08-11 16:38:36,562 - DEBUG - Joint score for alpha[7]: 16.3446
2025-08-11 16:38:40,056 - DEBUG - Joint score for alpha[8]: 16.1388
2025-08-11 16:38:43,550 - DEBUG - Joint score for alpha[9]: 15.9417
2025-08-11 16:38:47,043 - DEBUG - Joint score for alpha[10]: 15.9625
2025-08-11 16:38:50,536 - DEBUG - Joint score for alpha[11]: 15.6366
2025-08-11 16:38:54,030 - DEBUG - Joint score for alpha[12]: 16.1833
2025-08-11 16:38:57,523 - DEBUG - Joint score for alpha[13]: 15.6218
2025-08-11 16:39:01,016 - DEBUG - Joint score for alpha[14]: 15.6599
2025-08-11 16:39:04,511 - DEBUG - Joint score for alpha[15]: 16.1334
2025-08-11 16:39:11,069 - DEBUG - Joint score for alpha[0]: 15.7023
2025-08-11 16:39:14,566 - DEBUG - Joint score for alpha[1]: 15.6649
2025-08-11 16:39:18,062 - DEBUG - Joint score for alpha[2]: 15.9167
2025-08-11 16:39:21,559 - DEBUG - Joint score for alpha[3]: 15.7257
2025-08-11 16:39:25,054 - DEBUG - Joint score for alpha[4]: 15.9142
2025-08-11 16:39:28,549 - DEBUG - Joint score for alpha[5]: 15.7130
2025-08-11 16:39:32,042 - DEBUG - Joint score for alpha[6]: 15.9562
2025-08-11 16:39:35,536 - DEBUG - Joint score for alpha[7]: 16.1110
2025-08-11 16:39:39,029 - DEBUG - Joint score for alpha[8]: 16.0711
2025-08-11 16:39:42,523 - DEBUG - Joint score for alpha[9]: 15.7006
2025-08-11 16:39:46,018 - DEBUG - Joint score for alpha[10]: 15.6494
2025-08-11 16:39:49,512 - DEBUG - Joint score for alpha[11]: 15.6580
2025-08-11 16:39:53,007 - DEBUG - Joint score for alpha[12]: 15.8494
2025-08-11 16:39:56,500 - DEBUG - Joint score for alpha[13]: 15.7286
2025-08-11 16:39:59,994 - DEBUG - Joint score for alpha[14]: 16.5754
2025-08-11 16:40:03,490 - DEBUG - Joint score for alpha[15]: 15.6012
2025-08-11 16:40:03,532 - INFO - Step 54/120: mean ENERGY=15.5597
2025-08-11 16:40:03,535 - DEBUG - Beginning Gibbs iteration s = 54
2025-08-11 16:40:10,137 - DEBUG - Joint score for alpha[0]: 16.1073
2025-08-11 16:40:13,636 - DEBUG - Joint score for alpha[1]: 15.5710
2025-08-11 16:40:17,133 - DEBUG - Joint score for alpha[2]: 16.5549
2025-08-11 16:40:20,630 - DEBUG - Joint score for alpha[3]: 16.2408
2025-08-11 16:40:24,126 - DEBUG - Joint score for alpha[4]: 15.7162
2025-08-11 16:40:27,622 - DEBUG - Joint score for alpha[5]: 16.0885
2025-08-11 16:40:31,118 - DEBUG - Joint score for alpha[6]: 15.6381
2025-08-11 16:40:34,614 - DEBUG - Joint score for alpha[7]: 15.7485
2025-08-11 16:40:38,109 - DEBUG - Joint score for alpha[8]: 16.3094
2025-08-11 16:40:41,605 - DEBUG - Joint score for alpha[9]: 16.7397
2025-08-11 16:40:45,102 - DEBUG - Joint score for alpha[10]: 15.8742
2025-08-11 16:40:48,595 - DEBUG - Joint score for alpha[11]: 17.9377
2025-08-11 16:40:52,089 - DEBUG - Joint score for alpha[12]: 15.7004
2025-08-11 16:40:55,583 - DEBUG - Joint score for alpha[13]: 15.9814
2025-08-11 16:40:59,078 - DEBUG - Joint score for alpha[14]: 16.7748
2025-08-11 16:41:02,572 - DEBUG - Joint score for alpha[15]: 15.7884
2025-08-11 16:41:09,099 - DEBUG - Joint score for alpha[0]: 15.6584
2025-08-11 16:41:12,598 - DEBUG - Joint score for alpha[1]: 15.6782
2025-08-11 16:41:16,094 - DEBUG - Joint score for alpha[2]: 15.9786
2025-08-11 16:41:19,589 - DEBUG - Joint score for alpha[3]: 15.8111
2025-08-11 16:41:23,082 - DEBUG - Joint score for alpha[4]: 15.7311
2025-08-11 16:41:26,577 - DEBUG - Joint score for alpha[5]: 15.6192
2025-08-11 16:41:30,070 - DEBUG - Joint score for alpha[6]: 15.6844
2025-08-11 16:41:33,564 - DEBUG - Joint score for alpha[7]: 15.7778
2025-08-11 16:41:37,058 - DEBUG - Joint score for alpha[8]: 15.6998
2025-08-11 16:41:40,551 - DEBUG - Joint score for alpha[9]: 15.7688
2025-08-11 16:41:44,046 - DEBUG - Joint score for alpha[10]: 16.2730
2025-08-11 16:41:47,540 - DEBUG - Joint score for alpha[11]: 15.7332
2025-08-11 16:41:51,034 - DEBUG - Joint score for alpha[12]: 15.6762
2025-08-11 16:41:54,530 - DEBUG - Joint score for alpha[13]: 16.0359
2025-08-11 16:41:58,026 - DEBUG - Joint score for alpha[14]: 15.6401
2025-08-11 16:42:01,521 - DEBUG - Joint score for alpha[15]: 15.6113
2025-08-11 16:42:08,062 - DEBUG - Joint score for alpha[0]: 16.7547
2025-08-11 16:42:11,561 - DEBUG - Joint score for alpha[1]: 15.9305
2025-08-11 16:42:15,058 - DEBUG - Joint score for alpha[2]: 16.6686
2025-08-11 16:42:18,554 - DEBUG - Joint score for alpha[3]: 15.8059
2025-08-11 16:42:22,049 - DEBUG - Joint score for alpha[4]: 16.3624
2025-08-11 16:42:25,545 - DEBUG - Joint score for alpha[5]: 16.1460
2025-08-11 16:42:29,039 - DEBUG - Joint score for alpha[6]: 16.2006
2025-08-11 16:42:32,535 - DEBUG - Joint score for alpha[7]: 16.3309
2025-08-11 16:42:36,029 - DEBUG - Joint score for alpha[8]: 16.1985
2025-08-11 16:42:39,523 - DEBUG - Joint score for alpha[9]: 16.1109
2025-08-11 16:42:43,019 - DEBUG - Joint score for alpha[10]: 15.7628
2025-08-11 16:42:46,512 - DEBUG - Joint score for alpha[11]: 15.8568
2025-08-11 16:42:50,006 - DEBUG - Joint score for alpha[12]: 16.5659
2025-08-11 16:42:53,501 - DEBUG - Joint score for alpha[13]: 16.2797
2025-08-11 16:42:56,996 - DEBUG - Joint score for alpha[14]: 16.0120
2025-08-11 16:43:00,491 - DEBUG - Joint score for alpha[15]: 16.0804
2025-08-11 16:43:07,047 - DEBUG - Joint score for alpha[0]: 15.9657
2025-08-11 16:43:10,546 - DEBUG - Joint score for alpha[1]: 16.0137
2025-08-11 16:43:14,042 - DEBUG - Joint score for alpha[2]: 15.7531
2025-08-11 16:43:17,539 - DEBUG - Joint score for alpha[3]: 15.9223
2025-08-11 16:43:21,035 - DEBUG - Joint score for alpha[4]: 16.1139
2025-08-11 16:43:24,533 - DEBUG - Joint score for alpha[5]: 17.2147
2025-08-11 16:43:28,028 - DEBUG - Joint score for alpha[6]: 15.8831
2025-08-11 16:43:31,524 - DEBUG - Joint score for alpha[7]: 16.0538
2025-08-11 16:43:35,019 - DEBUG - Joint score for alpha[8]: 15.8345
2025-08-11 16:43:38,515 - DEBUG - Joint score for alpha[9]: 15.8887
2025-08-11 16:43:42,011 - DEBUG - Joint score for alpha[10]: 16.0774
2025-08-11 16:43:45,506 - DEBUG - Joint score for alpha[11]: 16.3789
2025-08-11 16:43:49,003 - DEBUG - Joint score for alpha[12]: 16.0403
2025-08-11 16:43:52,500 - DEBUG - Joint score for alpha[13]: 15.9426
2025-08-11 16:43:55,997 - DEBUG - Joint score for alpha[14]: 15.8236
2025-08-11 16:43:59,496 - DEBUG - Joint score for alpha[15]: 15.9002
2025-08-11 16:44:06,049 - DEBUG - Joint score for alpha[0]: 15.6615
2025-08-11 16:44:09,546 - DEBUG - Joint score for alpha[1]: 15.8909
2025-08-11 16:44:13,041 - DEBUG - Joint score for alpha[2]: 15.8190
2025-08-11 16:44:16,539 - DEBUG - Joint score for alpha[3]: 16.0603
2025-08-11 16:44:20,033 - DEBUG - Joint score for alpha[4]: 16.0406
2025-08-11 16:44:23,531 - DEBUG - Joint score for alpha[5]: 15.8091
2025-08-11 16:44:27,028 - DEBUG - Joint score for alpha[6]: 15.8769
2025-08-11 16:44:30,525 - DEBUG - Joint score for alpha[7]: 15.7984
2025-08-11 16:44:34,020 - DEBUG - Joint score for alpha[8]: 15.8466
2025-08-11 16:44:37,514 - DEBUG - Joint score for alpha[9]: 16.0091
2025-08-11 16:44:41,009 - DEBUG - Joint score for alpha[10]: 15.8465
2025-08-11 16:44:44,503 - DEBUG - Joint score for alpha[11]: 15.9359
2025-08-11 16:44:47,999 - DEBUG - Joint score for alpha[12]: 15.7092
2025-08-11 16:44:51,493 - DEBUG - Joint score for alpha[13]: 15.9553
2025-08-11 16:44:54,988 - DEBUG - Joint score for alpha[14]: 16.0127
2025-08-11 16:44:58,486 - DEBUG - Joint score for alpha[15]: 15.9473
2025-08-11 16:44:58,528 - INFO - Step 55/120: mean ENERGY=15.6720
2025-08-11 16:44:58,531 - DEBUG - Beginning Gibbs iteration s = 55
2025-08-11 16:44:58,665 - DEBUG - Proposal variance adapted: 0.017
2025-08-11 16:45:05,177 - DEBUG - Joint score for alpha[0]: 16.2859
2025-08-11 16:45:08,677 - DEBUG - Joint score for alpha[1]: 16.9686
2025-08-11 16:45:12,175 - DEBUG - Joint score for alpha[2]: 16.5996
2025-08-11 16:45:15,673 - DEBUG - Joint score for alpha[3]: 17.6241
2025-08-11 16:45:19,170 - DEBUG - Joint score for alpha[4]: 17.2069
2025-08-11 16:45:22,667 - DEBUG - Joint score for alpha[5]: 16.4199
2025-08-11 16:45:26,164 - DEBUG - Joint score for alpha[6]: 16.9626
2025-08-11 16:45:29,661 - DEBUG - Joint score for alpha[7]: 16.7967
2025-08-11 16:45:33,157 - DEBUG - Joint score for alpha[8]: 16.4343
2025-08-11 16:45:36,653 - DEBUG - Joint score for alpha[9]: 17.1302
2025-08-11 16:45:40,148 - DEBUG - Joint score for alpha[10]: 17.7231
2025-08-11 16:45:43,642 - DEBUG - Joint score for alpha[11]: 16.2961
2025-08-11 16:45:47,136 - DEBUG - Joint score for alpha[12]: 15.8253
2025-08-11 16:45:50,630 - DEBUG - Joint score for alpha[13]: 16.2914
2025-08-11 16:45:54,124 - DEBUG - Joint score for alpha[14]: 17.4202
2025-08-11 16:45:57,619 - DEBUG - Joint score for alpha[15]: 16.6079
2025-08-11 16:46:04,193 - DEBUG - Joint score for alpha[0]: 18.0801
2025-08-11 16:46:07,691 - DEBUG - Joint score for alpha[1]: 15.7998
2025-08-11 16:46:11,187 - DEBUG - Joint score for alpha[2]: 15.8216
2025-08-11 16:46:14,683 - DEBUG - Joint score for alpha[3]: 16.1009
2025-08-11 16:46:18,178 - DEBUG - Joint score for alpha[4]: 15.9037
2025-08-11 16:46:21,674 - DEBUG - Joint score for alpha[5]: 15.8284
2025-08-11 16:46:25,171 - DEBUG - Joint score for alpha[6]: 16.5401
2025-08-11 16:46:28,667 - DEBUG - Joint score for alpha[7]: 16.6361
2025-08-11 16:46:32,161 - DEBUG - Joint score for alpha[8]: 16.2203
2025-08-11 16:46:35,656 - DEBUG - Joint score for alpha[9]: 15.9378
2025-08-11 16:46:39,152 - DEBUG - Joint score for alpha[10]: 16.2066
2025-08-11 16:46:42,648 - DEBUG - Joint score for alpha[11]: 15.7796
2025-08-11 16:46:46,143 - DEBUG - Joint score for alpha[12]: 16.4786
2025-08-11 16:46:49,638 - DEBUG - Joint score for alpha[13]: 16.0295
2025-08-11 16:46:53,134 - DEBUG - Joint score for alpha[14]: 15.6600
2025-08-11 16:46:56,631 - DEBUG - Joint score for alpha[15]: 15.7285
2025-08-11 16:47:03,306 - DEBUG - Joint score for alpha[0]: 15.7915
2025-08-11 16:47:06,802 - DEBUG - Joint score for alpha[1]: 16.0110
2025-08-11 16:47:10,298 - DEBUG - Joint score for alpha[2]: 15.5004
2025-08-11 16:47:13,794 - DEBUG - Joint score for alpha[3]: 15.6609
2025-08-11 16:47:17,289 - DEBUG - Joint score for alpha[4]: 15.7598
2025-08-11 16:47:20,785 - DEBUG - Joint score for alpha[5]: 15.6577
2025-08-11 16:47:24,281 - DEBUG - Joint score for alpha[6]: 16.7003
2025-08-11 16:47:27,777 - DEBUG - Joint score for alpha[7]: 15.7718
2025-08-11 16:47:31,272 - DEBUG - Joint score for alpha[8]: 15.7803
2025-08-11 16:47:34,768 - DEBUG - Joint score for alpha[9]: 16.7415
2025-08-11 16:47:38,265 - DEBUG - Joint score for alpha[10]: 15.9031
2025-08-11 16:47:41,759 - DEBUG - Joint score for alpha[11]: 15.9936
2025-08-11 16:47:45,256 - DEBUG - Joint score for alpha[12]: 15.7680
2025-08-11 16:47:48,752 - DEBUG - Joint score for alpha[13]: 15.7255
2025-08-11 16:47:52,248 - DEBUG - Joint score for alpha[14]: 16.1343
2025-08-11 16:47:55,745 - DEBUG - Joint score for alpha[15]: 15.8129
2025-08-11 16:48:02,314 - DEBUG - Joint score for alpha[0]: 15.7613
2025-08-11 16:48:05,812 - DEBUG - Joint score for alpha[1]: 15.7421
2025-08-11 16:48:09,308 - DEBUG - Joint score for alpha[2]: 15.8706
2025-08-11 16:48:12,805 - DEBUG - Joint score for alpha[3]: 15.6470
2025-08-11 16:48:16,301 - DEBUG - Joint score for alpha[4]: 15.7108
2025-08-11 16:48:19,797 - DEBUG - Joint score for alpha[5]: 15.7121
2025-08-11 16:48:23,294 - DEBUG - Joint score for alpha[6]: 15.7501
2025-08-11 16:48:26,791 - DEBUG - Joint score for alpha[7]: 16.4438
2025-08-11 16:48:30,288 - DEBUG - Joint score for alpha[8]: 16.0649
2025-08-11 16:48:33,786 - DEBUG - Joint score for alpha[9]: 15.9496
2025-08-11 16:48:37,283 - DEBUG - Joint score for alpha[10]: 15.5988
2025-08-11 16:48:40,780 - DEBUG - Joint score for alpha[11]: 15.7474
2025-08-11 16:48:44,277 - DEBUG - Joint score for alpha[12]: 16.0067
2025-08-11 16:48:47,775 - DEBUG - Joint score for alpha[13]: 15.8243
2025-08-11 16:48:51,272 - DEBUG - Joint score for alpha[14]: 15.8121
2025-08-11 16:48:54,770 - DEBUG - Joint score for alpha[15]: 15.7504
2025-08-11 16:49:01,329 - DEBUG - Joint score for alpha[0]: 15.8581
2025-08-11 16:49:04,828 - DEBUG - Joint score for alpha[1]: 15.8004
2025-08-11 16:49:08,325 - DEBUG - Joint score for alpha[2]: 15.7408
2025-08-11 16:49:11,824 - DEBUG - Joint score for alpha[3]: 15.8636
2025-08-11 16:49:15,321 - DEBUG - Joint score for alpha[4]: 15.9394
2025-08-11 16:49:18,818 - DEBUG - Joint score for alpha[5]: 15.7594
2025-08-11 16:49:22,316 - DEBUG - Joint score for alpha[6]: 15.8397
2025-08-11 16:49:25,814 - DEBUG - Joint score for alpha[7]: 15.8475
2025-08-11 16:49:29,311 - DEBUG - Joint score for alpha[8]: 15.8775
2025-08-11 16:49:32,808 - DEBUG - Joint score for alpha[9]: 15.9705
2025-08-11 16:49:36,305 - DEBUG - Joint score for alpha[10]: 16.0473
2025-08-11 16:49:39,801 - DEBUG - Joint score for alpha[11]: 16.4407
2025-08-11 16:49:43,299 - DEBUG - Joint score for alpha[12]: 15.6259
2025-08-11 16:49:46,796 - DEBUG - Joint score for alpha[13]: 16.4755
2025-08-11 16:49:50,292 - DEBUG - Joint score for alpha[14]: 16.5169
2025-08-11 16:49:53,788 - DEBUG - Joint score for alpha[15]: 15.7430
2025-08-11 16:49:53,830 - INFO - Step 56/120: mean ENERGY=15.6421
2025-08-11 16:49:53,833 - DEBUG - Beginning Gibbs iteration s = 56
2025-08-11 16:50:00,503 - DEBUG - Joint score for alpha[0]: 26.4520
2025-08-11 16:50:04,001 - DEBUG - Joint score for alpha[1]: 15.5839
2025-08-11 16:50:07,496 - DEBUG - Joint score for alpha[2]: 15.7619
2025-08-11 16:50:10,991 - DEBUG - Joint score for alpha[3]: 17.3429
2025-08-11 16:50:14,486 - DEBUG - Joint score for alpha[4]: 15.7966
2025-08-11 16:50:17,980 - DEBUG - Joint score for alpha[5]: 15.7260
2025-08-11 16:50:21,475 - DEBUG - Joint score for alpha[6]: 15.7929
2025-08-11 16:50:24,968 - DEBUG - Joint score for alpha[7]: 16.0417
2025-08-11 16:50:28,462 - DEBUG - Joint score for alpha[8]: 16.6775
2025-08-11 16:50:31,956 - DEBUG - Joint score for alpha[9]: 17.0163
2025-08-11 16:50:35,450 - DEBUG - Joint score for alpha[10]: 16.5661
2025-08-11 16:50:38,946 - DEBUG - Joint score for alpha[11]: 15.7791
2025-08-11 16:50:42,440 - DEBUG - Joint score for alpha[12]: 16.4376
2025-08-11 16:50:45,938 - DEBUG - Joint score for alpha[13]: 15.7805
2025-08-11 16:50:49,432 - DEBUG - Joint score for alpha[14]: 16.6096
2025-08-11 16:50:52,927 - DEBUG - Joint score for alpha[15]: 15.5950
2025-08-11 16:50:59,518 - DEBUG - Joint score for alpha[0]: 15.8505
2025-08-11 16:51:03,015 - DEBUG - Joint score for alpha[1]: 15.8903
2025-08-11 16:51:06,509 - DEBUG - Joint score for alpha[2]: 16.2106
2025-08-11 16:51:10,004 - DEBUG - Joint score for alpha[3]: 15.7892
2025-08-11 16:51:13,498 - DEBUG - Joint score for alpha[4]: 16.1113
2025-08-11 16:51:16,991 - DEBUG - Joint score for alpha[5]: 16.1121
2025-08-11 16:51:20,487 - DEBUG - Joint score for alpha[6]: 15.6260
2025-08-11 16:51:23,981 - DEBUG - Joint score for alpha[7]: 15.6282
2025-08-11 16:51:27,477 - DEBUG - Joint score for alpha[8]: 16.0462
2025-08-11 16:51:30,970 - DEBUG - Joint score for alpha[9]: 15.7296
2025-08-11 16:51:34,465 - DEBUG - Joint score for alpha[10]: 15.7883
2025-08-11 16:51:37,959 - DEBUG - Joint score for alpha[11]: 15.7945
2025-08-11 16:51:41,453 - DEBUG - Joint score for alpha[12]: 15.6853
2025-08-11 16:51:44,947 - DEBUG - Joint score for alpha[13]: 15.7389
2025-08-11 16:51:48,441 - DEBUG - Joint score for alpha[14]: 15.7471
2025-08-11 16:51:51,937 - DEBUG - Joint score for alpha[15]: 15.7993
2025-08-11 16:51:58,658 - DEBUG - Joint score for alpha[0]: 15.7150
2025-08-11 16:52:02,156 - DEBUG - Joint score for alpha[1]: 15.9051
2025-08-11 16:52:05,651 - DEBUG - Joint score for alpha[2]: 15.8576
2025-08-11 16:52:09,146 - DEBUG - Joint score for alpha[3]: 16.0007
2025-08-11 16:52:12,641 - DEBUG - Joint score for alpha[4]: 15.5733
2025-08-11 16:52:16,134 - DEBUG - Joint score for alpha[5]: 15.8057
2025-08-11 16:52:19,630 - DEBUG - Joint score for alpha[6]: 15.6858
2025-08-11 16:52:23,124 - DEBUG - Joint score for alpha[7]: 15.9065
2025-08-11 16:52:26,619 - DEBUG - Joint score for alpha[8]: 15.7325
2025-08-11 16:52:30,116 - DEBUG - Joint score for alpha[9]: 15.5241
2025-08-11 16:52:33,611 - DEBUG - Joint score for alpha[10]: 15.7248
2025-08-11 16:52:37,104 - DEBUG - Joint score for alpha[11]: 15.5890
2025-08-11 16:52:40,596 - DEBUG - Joint score for alpha[12]: 15.5811
2025-08-11 16:52:44,091 - DEBUG - Joint score for alpha[13]: 15.5848
2025-08-11 16:52:47,585 - DEBUG - Joint score for alpha[14]: 15.7935
2025-08-11 16:52:51,079 - DEBUG - Joint score for alpha[15]: 15.7283
2025-08-11 16:52:57,630 - DEBUG - Joint score for alpha[0]: 15.8764
2025-08-11 16:53:01,128 - DEBUG - Joint score for alpha[1]: 15.8620
2025-08-11 16:53:04,622 - DEBUG - Joint score for alpha[2]: 15.8225
2025-08-11 16:53:08,115 - DEBUG - Joint score for alpha[3]: 15.6833
2025-08-11 16:53:11,609 - DEBUG - Joint score for alpha[4]: 15.6237
2025-08-11 16:53:15,100 - DEBUG - Joint score for alpha[5]: 15.7428
2025-08-11 16:53:18,592 - DEBUG - Joint score for alpha[6]: 17.8255
2025-08-11 16:53:22,083 - DEBUG - Joint score for alpha[7]: 15.9310
2025-08-11 16:53:25,576 - DEBUG - Joint score for alpha[8]: 15.7463
2025-08-11 16:53:29,069 - DEBUG - Joint score for alpha[9]: 15.9225
2025-08-11 16:53:32,561 - DEBUG - Joint score for alpha[10]: 15.9953
2025-08-11 16:53:36,054 - DEBUG - Joint score for alpha[11]: 15.9718
2025-08-11 16:53:39,545 - DEBUG - Joint score for alpha[12]: 15.7707
2025-08-11 16:53:43,039 - DEBUG - Joint score for alpha[13]: 15.9112
2025-08-11 16:53:46,531 - DEBUG - Joint score for alpha[14]: 16.0577
2025-08-11 16:53:50,024 - DEBUG - Joint score for alpha[15]: 15.6847
2025-08-11 16:53:56,540 - DEBUG - Joint score for alpha[0]: 15.9088
2025-08-11 16:54:00,036 - DEBUG - Joint score for alpha[1]: 15.7678
2025-08-11 16:54:03,529 - DEBUG - Joint score for alpha[2]: 16.5968
2025-08-11 16:54:07,023 - DEBUG - Joint score for alpha[3]: 16.1275
2025-08-11 16:54:10,518 - DEBUG - Joint score for alpha[4]: 15.6574
2025-08-11 16:54:14,011 - DEBUG - Joint score for alpha[5]: 16.1947
2025-08-11 16:54:17,505 - DEBUG - Joint score for alpha[6]: 16.3104
2025-08-11 16:54:20,998 - DEBUG - Joint score for alpha[7]: 15.8725
2025-08-11 16:54:24,492 - DEBUG - Joint score for alpha[8]: 15.8014
2025-08-11 16:54:27,988 - DEBUG - Joint score for alpha[9]: 16.1241
2025-08-11 16:54:31,481 - DEBUG - Joint score for alpha[10]: 16.4483
2025-08-11 16:54:34,975 - DEBUG - Joint score for alpha[11]: 16.4723
2025-08-11 16:54:38,468 - DEBUG - Joint score for alpha[12]: 15.9582
2025-08-11 16:54:41,962 - DEBUG - Joint score for alpha[13]: 16.1311
2025-08-11 16:54:45,452 - DEBUG - Joint score for alpha[14]: 15.8066
2025-08-11 16:54:48,944 - DEBUG - Joint score for alpha[15]: 15.8827
2025-08-11 16:54:48,985 - INFO - Step 57/120: mean ENERGY=15.6030
2025-08-11 16:54:48,988 - DEBUG - Beginning Gibbs iteration s = 57
2025-08-11 16:54:55,691 - DEBUG - Joint score for alpha[0]: 18.3861
2025-08-11 16:54:59,187 - DEBUG - Joint score for alpha[1]: 15.7550
2025-08-11 16:55:02,682 - DEBUG - Joint score for alpha[2]: 16.0466
2025-08-11 16:55:06,177 - DEBUG - Joint score for alpha[3]: 17.4432
2025-08-11 16:55:09,672 - DEBUG - Joint score for alpha[4]: 15.8940
2025-08-11 16:55:13,162 - DEBUG - Joint score for alpha[5]: 16.9231
2025-08-11 16:55:16,655 - DEBUG - Joint score for alpha[6]: 17.4590
2025-08-11 16:55:20,146 - DEBUG - Joint score for alpha[7]: 16.4201
2025-08-11 16:55:23,638 - DEBUG - Joint score for alpha[8]: 16.0259
2025-08-11 16:55:27,130 - DEBUG - Joint score for alpha[9]: 15.8847
2025-08-11 16:55:30,620 - DEBUG - Joint score for alpha[10]: 17.2106
2025-08-11 16:55:34,114 - DEBUG - Joint score for alpha[11]: 16.1046
2025-08-11 16:55:37,606 - DEBUG - Joint score for alpha[12]: 15.9126
2025-08-11 16:55:41,100 - DEBUG - Joint score for alpha[13]: 16.4452
2025-08-11 16:55:44,592 - DEBUG - Joint score for alpha[14]: 16.1736
2025-08-11 16:55:48,085 - DEBUG - Joint score for alpha[15]: 16.0652
2025-08-11 16:55:54,700 - DEBUG - Joint score for alpha[0]: 15.6947
2025-08-11 16:55:58,196 - DEBUG - Joint score for alpha[1]: 15.8507
2025-08-11 16:56:01,690 - DEBUG - Joint score for alpha[2]: 15.9069
2025-08-11 16:56:05,183 - DEBUG - Joint score for alpha[3]: 15.6254
2025-08-11 16:56:08,677 - DEBUG - Joint score for alpha[4]: 15.7596
2025-08-11 16:56:12,169 - DEBUG - Joint score for alpha[5]: 16.2432
2025-08-11 16:56:15,663 - DEBUG - Joint score for alpha[6]: 15.8642
2025-08-11 16:56:19,155 - DEBUG - Joint score for alpha[7]: 15.7703
2025-08-11 16:56:22,647 - DEBUG - Joint score for alpha[8]: 16.6448
2025-08-11 16:56:26,139 - DEBUG - Joint score for alpha[9]: 15.5565
2025-08-11 16:56:29,629 - DEBUG - Joint score for alpha[10]: 15.6392
2025-08-11 16:56:33,122 - DEBUG - Joint score for alpha[11]: 15.6916
2025-08-11 16:56:36,614 - DEBUG - Joint score for alpha[12]: 15.7576
2025-08-11 16:56:40,108 - DEBUG - Joint score for alpha[13]: 15.6934
2025-08-11 16:56:43,600 - DEBUG - Joint score for alpha[14]: 15.6821
2025-08-11 16:56:47,093 - DEBUG - Joint score for alpha[15]: 15.7447
2025-08-11 16:56:53,634 - DEBUG - Joint score for alpha[0]: 15.6265
2025-08-11 16:56:57,131 - DEBUG - Joint score for alpha[1]: 15.8343
2025-08-11 16:57:00,626 - DEBUG - Joint score for alpha[2]: 15.6822
2025-08-11 16:57:04,119 - DEBUG - Joint score for alpha[3]: 16.4055
2025-08-11 16:57:07,612 - DEBUG - Joint score for alpha[4]: 15.8840
2025-08-11 16:57:11,103 - DEBUG - Joint score for alpha[5]: 15.7180
2025-08-11 16:57:14,595 - DEBUG - Joint score for alpha[6]: 15.7947
2025-08-11 16:57:18,086 - DEBUG - Joint score for alpha[7]: 16.2578
2025-08-11 16:57:21,577 - DEBUG - Joint score for alpha[8]: 15.8411
2025-08-11 16:57:25,070 - DEBUG - Joint score for alpha[9]: 15.6721
2025-08-11 16:57:28,561 - DEBUG - Joint score for alpha[10]: 15.8384
2025-08-11 16:57:32,055 - DEBUG - Joint score for alpha[11]: 15.7558
2025-08-11 16:57:35,546 - DEBUG - Joint score for alpha[12]: 16.0268
2025-08-11 16:57:39,041 - DEBUG - Joint score for alpha[13]: 15.8385
2025-08-11 16:57:42,533 - DEBUG - Joint score for alpha[14]: 15.6865
2025-08-11 16:57:46,025 - DEBUG - Joint score for alpha[15]: 16.9590
2025-08-11 16:57:52,546 - DEBUG - Joint score for alpha[0]: 15.8547
2025-08-11 16:57:56,042 - DEBUG - Joint score for alpha[1]: 15.9240
2025-08-11 16:57:59,537 - DEBUG - Joint score for alpha[2]: 16.2612
2025-08-11 16:58:03,031 - DEBUG - Joint score for alpha[3]: 15.9692
2025-08-11 16:58:06,526 - DEBUG - Joint score for alpha[4]: 16.0910
2025-08-11 16:58:10,017 - DEBUG - Joint score for alpha[5]: 16.2518
2025-08-11 16:58:13,510 - DEBUG - Joint score for alpha[6]: 16.1846
2025-08-11 16:58:17,001 - DEBUG - Joint score for alpha[7]: 17.0072
2025-08-11 16:58:20,492 - DEBUG - Joint score for alpha[8]: 17.0631
2025-08-11 16:58:23,985 - DEBUG - Joint score for alpha[9]: 15.8831
2025-08-11 16:58:27,476 - DEBUG - Joint score for alpha[10]: 15.9966
2025-08-11 16:58:30,968 - DEBUG - Joint score for alpha[11]: 15.8686
2025-08-11 16:58:34,461 - DEBUG - Joint score for alpha[12]: 16.1701
2025-08-11 16:58:37,955 - DEBUG - Joint score for alpha[13]: 16.3334
2025-08-11 16:58:41,446 - DEBUG - Joint score for alpha[14]: 15.9482
2025-08-11 16:58:44,938 - DEBUG - Joint score for alpha[15]: 18.5599
2025-08-11 16:58:51,455 - DEBUG - Joint score for alpha[0]: 15.7692
2025-08-11 16:58:54,952 - DEBUG - Joint score for alpha[1]: 15.9311
2025-08-11 16:58:58,446 - DEBUG - Joint score for alpha[2]: 15.9767
2025-08-11 16:59:01,939 - DEBUG - Joint score for alpha[3]: 15.8764
2025-08-11 16:59:05,434 - DEBUG - Joint score for alpha[4]: 16.0710
2025-08-11 16:59:08,927 - DEBUG - Joint score for alpha[5]: 16.0871
2025-08-11 16:59:12,421 - DEBUG - Joint score for alpha[6]: 16.1483
2025-08-11 16:59:15,914 - DEBUG - Joint score for alpha[7]: 15.7607
2025-08-11 16:59:19,405 - DEBUG - Joint score for alpha[8]: 16.3036
2025-08-11 16:59:22,897 - DEBUG - Joint score for alpha[9]: 16.0437
2025-08-11 16:59:26,388 - DEBUG - Joint score for alpha[10]: 15.9935
2025-08-11 16:59:29,881 - DEBUG - Joint score for alpha[11]: 15.7076
2025-08-11 16:59:33,373 - DEBUG - Joint score for alpha[12]: 15.9202
2025-08-11 16:59:36,867 - DEBUG - Joint score for alpha[13]: 16.7269
2025-08-11 16:59:40,358 - DEBUG - Joint score for alpha[14]: 15.9627
2025-08-11 16:59:43,850 - DEBUG - Joint score for alpha[15]: 16.1457
2025-08-11 16:59:43,891 - INFO - Step 58/120: mean ENERGY=15.7001
2025-08-11 16:59:43,894 - DEBUG - Beginning Gibbs iteration s = 58
2025-08-11 16:59:50,601 - DEBUG - Joint score for alpha[0]: 16.7423
2025-08-11 16:59:54,097 - DEBUG - Joint score for alpha[1]: 16.1079
2025-08-11 16:59:57,590 - DEBUG - Joint score for alpha[2]: 18.7687
2025-08-11 17:00:01,084 - DEBUG - Joint score for alpha[3]: 15.8321
2025-08-11 17:00:04,578 - DEBUG - Joint score for alpha[4]: 16.6835
2025-08-11 17:00:08,070 - DEBUG - Joint score for alpha[5]: 15.9796
2025-08-11 17:00:11,563 - DEBUG - Joint score for alpha[6]: 15.8669
2025-08-11 17:00:15,055 - DEBUG - Joint score for alpha[7]: 16.3859
2025-08-11 17:00:18,548 - DEBUG - Joint score for alpha[8]: 17.0892
2025-08-11 17:00:22,043 - DEBUG - Joint score for alpha[9]: 15.8397
2025-08-11 17:00:25,534 - DEBUG - Joint score for alpha[10]: 18.8225
2025-08-11 17:00:29,028 - DEBUG - Joint score for alpha[11]: 18.1810
2025-08-11 17:00:32,519 - DEBUG - Joint score for alpha[12]: 16.7803
2025-08-11 17:00:36,012 - DEBUG - Joint score for alpha[13]: 17.8452
2025-08-11 17:00:39,503 - DEBUG - Joint score for alpha[14]: 15.7310
2025-08-11 17:00:42,995 - DEBUG - Joint score for alpha[15]: 16.6574
2025-08-11 17:00:49,657 - DEBUG - Joint score for alpha[0]: 15.9231
2025-08-11 17:00:53,153 - DEBUG - Joint score for alpha[1]: 16.5019
2025-08-11 17:00:56,648 - DEBUG - Joint score for alpha[2]: 15.7456
2025-08-11 17:01:00,141 - DEBUG - Joint score for alpha[3]: 16.3754
2025-08-11 17:01:03,634 - DEBUG - Joint score for alpha[4]: 16.2470
2025-08-11 17:01:07,123 - DEBUG - Joint score for alpha[5]: 16.0129
2025-08-11 17:01:10,615 - DEBUG - Joint score for alpha[6]: 15.8012
2025-08-11 17:01:14,106 - DEBUG - Joint score for alpha[7]: 16.2297
2025-08-11 17:01:17,597 - DEBUG - Joint score for alpha[8]: 16.1417
2025-08-11 17:01:21,091 - DEBUG - Joint score for alpha[9]: 15.8064
2025-08-11 17:01:24,583 - DEBUG - Joint score for alpha[10]: 15.9240
2025-08-11 17:01:28,077 - DEBUG - Joint score for alpha[11]: 16.4194
2025-08-11 17:01:31,570 - DEBUG - Joint score for alpha[12]: 16.3613
2025-08-11 17:01:35,065 - DEBUG - Joint score for alpha[13]: 16.0769
2025-08-11 17:01:38,557 - DEBUG - Joint score for alpha[14]: 15.9719
2025-08-11 17:01:42,050 - DEBUG - Joint score for alpha[15]: 15.8737
2025-08-11 17:01:48,567 - DEBUG - Joint score for alpha[0]: 15.9279
2025-08-11 17:01:52,064 - DEBUG - Joint score for alpha[1]: 15.8928
2025-08-11 17:01:55,559 - DEBUG - Joint score for alpha[2]: 15.7123
2025-08-11 17:01:59,052 - DEBUG - Joint score for alpha[3]: 15.6681
2025-08-11 17:02:02,544 - DEBUG - Joint score for alpha[4]: 15.8027
2025-08-11 17:02:06,034 - DEBUG - Joint score for alpha[5]: 15.8352
2025-08-11 17:02:09,525 - DEBUG - Joint score for alpha[6]: 15.8913
2025-08-11 17:02:13,016 - DEBUG - Joint score for alpha[7]: 15.7382
2025-08-11 17:02:16,508 - DEBUG - Joint score for alpha[8]: 15.7597
2025-08-11 17:02:20,000 - DEBUG - Joint score for alpha[9]: 15.7718
2025-08-11 17:02:23,491 - DEBUG - Joint score for alpha[10]: 16.0702
2025-08-11 17:02:26,983 - DEBUG - Joint score for alpha[11]: 15.8805
2025-08-11 17:02:30,475 - DEBUG - Joint score for alpha[12]: 15.9617
2025-08-11 17:02:33,969 - DEBUG - Joint score for alpha[13]: 15.8865
2025-08-11 17:02:37,460 - DEBUG - Joint score for alpha[14]: 15.6208
2025-08-11 17:02:40,951 - DEBUG - Joint score for alpha[15]: 16.0803
2025-08-11 17:02:47,472 - DEBUG - Joint score for alpha[0]: 17.1534
2025-08-11 17:02:50,968 - DEBUG - Joint score for alpha[1]: 15.7856
2025-08-11 17:02:54,463 - DEBUG - Joint score for alpha[2]: 15.9467
2025-08-11 17:02:57,957 - DEBUG - Joint score for alpha[3]: 15.7765
2025-08-11 17:03:01,451 - DEBUG - Joint score for alpha[4]: 15.8734
2025-08-11 17:03:04,941 - DEBUG - Joint score for alpha[5]: 16.1024
2025-08-11 17:03:08,433 - DEBUG - Joint score for alpha[6]: 15.7819
2025-08-11 17:03:11,923 - DEBUG - Joint score for alpha[7]: 15.7962
2025-08-11 17:03:15,413 - DEBUG - Joint score for alpha[8]: 15.8913
2025-08-11 17:03:18,905 - DEBUG - Joint score for alpha[9]: 15.6167
2025-08-11 17:03:22,396 - DEBUG - Joint score for alpha[10]: 15.9157
2025-08-11 17:03:25,889 - DEBUG - Joint score for alpha[11]: 15.8647
2025-08-11 17:03:29,382 - DEBUG - Joint score for alpha[12]: 15.7586
2025-08-11 17:03:32,877 - DEBUG - Joint score for alpha[13]: 15.7309
2025-08-11 17:03:36,370 - DEBUG - Joint score for alpha[14]: 15.6843
2025-08-11 17:03:39,864 - DEBUG - Joint score for alpha[15]: 15.5571
2025-08-11 17:03:46,385 - DEBUG - Joint score for alpha[0]: 15.9777
2025-08-11 17:03:49,881 - DEBUG - Joint score for alpha[1]: 15.9072
2025-08-11 17:03:53,374 - DEBUG - Joint score for alpha[2]: 15.8360
2025-08-11 17:03:56,865 - DEBUG - Joint score for alpha[3]: 15.9095
2025-08-11 17:04:00,359 - DEBUG - Joint score for alpha[4]: 15.8885
2025-08-11 17:04:03,850 - DEBUG - Joint score for alpha[5]: 15.8815
2025-08-11 17:04:07,344 - DEBUG - Joint score for alpha[6]: 15.9334
2025-08-11 17:04:10,836 - DEBUG - Joint score for alpha[7]: 15.8154
2025-08-11 17:04:14,328 - DEBUG - Joint score for alpha[8]: 16.3004
2025-08-11 17:04:17,822 - DEBUG - Joint score for alpha[9]: 16.2386
2025-08-11 17:04:21,314 - DEBUG - Joint score for alpha[10]: 15.8932
2025-08-11 17:04:24,809 - DEBUG - Joint score for alpha[11]: 15.9353
2025-08-11 17:04:28,301 - DEBUG - Joint score for alpha[12]: 16.1392
2025-08-11 17:04:31,797 - DEBUG - Joint score for alpha[13]: 16.4522
2025-08-11 17:04:35,289 - DEBUG - Joint score for alpha[14]: 15.9226
2025-08-11 17:04:38,783 - DEBUG - Joint score for alpha[15]: 15.6856
2025-08-11 17:04:38,824 - INFO - Step 59/120: mean ENERGY=15.6680
2025-08-11 17:04:38,832 - DEBUG - Beginning Gibbs iteration s = 59
2025-08-11 17:04:45,618 - DEBUG - Joint score for alpha[0]: 18.6586
2025-08-11 17:04:49,115 - DEBUG - Joint score for alpha[1]: 17.7844
2025-08-11 17:04:52,610 - DEBUG - Joint score for alpha[2]: 16.9284
2025-08-11 17:04:56,102 - DEBUG - Joint score for alpha[3]: 16.1124
2025-08-11 17:04:59,595 - DEBUG - Joint score for alpha[4]: 16.6150
2025-08-11 17:05:03,085 - DEBUG - Joint score for alpha[5]: 16.2107
2025-08-11 17:05:06,576 - DEBUG - Joint score for alpha[6]: 15.9602
2025-08-11 17:05:10,066 - DEBUG - Joint score for alpha[7]: 15.9384
2025-08-11 17:05:13,557 - DEBUG - Joint score for alpha[8]: 18.9346
2025-08-11 17:05:17,049 - DEBUG - Joint score for alpha[9]: 16.8763
2025-08-11 17:05:20,539 - DEBUG - Joint score for alpha[10]: 15.9973
2025-08-11 17:05:24,032 - DEBUG - Joint score for alpha[11]: 16.8626
2025-08-11 17:05:27,524 - DEBUG - Joint score for alpha[12]: 15.7277
2025-08-11 17:05:31,018 - DEBUG - Joint score for alpha[13]: 20.2844
2025-08-11 17:05:34,509 - DEBUG - Joint score for alpha[14]: 15.9355
2025-08-11 17:05:38,002 - DEBUG - Joint score for alpha[15]: 15.9126
2025-08-11 17:05:44,695 - DEBUG - Joint score for alpha[0]: 16.1589
2025-08-11 17:05:48,192 - DEBUG - Joint score for alpha[1]: 16.0669
2025-08-11 17:05:51,687 - DEBUG - Joint score for alpha[2]: 15.7477
2025-08-11 17:05:55,180 - DEBUG - Joint score for alpha[3]: 15.8321
2025-08-11 17:05:58,672 - DEBUG - Joint score for alpha[4]: 16.1749
2025-08-11 17:06:02,163 - DEBUG - Joint score for alpha[5]: 15.7711
2025-08-11 17:06:05,655 - DEBUG - Joint score for alpha[6]: 15.8246
2025-08-11 17:06:09,147 - DEBUG - Joint score for alpha[7]: 16.0158
2025-08-11 17:06:12,638 - DEBUG - Joint score for alpha[8]: 15.9036
2025-08-11 17:06:16,131 - DEBUG - Joint score for alpha[9]: 16.1572
2025-08-11 17:06:19,622 - DEBUG - Joint score for alpha[10]: 15.7188
2025-08-11 17:06:23,115 - DEBUG - Joint score for alpha[11]: 16.0286
2025-08-11 17:06:26,609 - DEBUG - Joint score for alpha[12]: 19.4531
2025-08-11 17:06:30,104 - DEBUG - Joint score for alpha[13]: 16.4945
2025-08-11 17:06:33,596 - DEBUG - Joint score for alpha[14]: 16.0154
2025-08-11 17:06:37,090 - DEBUG - Joint score for alpha[15]: 16.1835
2025-08-11 17:06:43,647 - DEBUG - Joint score for alpha[0]: 15.5514
2025-08-11 17:06:47,140 - DEBUG - Joint score for alpha[1]: 15.8266
2025-08-11 17:06:50,633 - DEBUG - Joint score for alpha[2]: 15.8504
2025-08-11 17:06:54,126 - DEBUG - Joint score for alpha[3]: 15.7212
2025-08-11 17:06:57,618 - DEBUG - Joint score for alpha[4]: 16.1016
2025-08-11 17:07:01,108 - DEBUG - Joint score for alpha[5]: 15.9249
2025-08-11 17:07:04,601 - DEBUG - Joint score for alpha[6]: 16.0122
2025-08-11 17:07:08,092 - DEBUG - Joint score for alpha[7]: 15.7172
2025-08-11 17:07:11,583 - DEBUG - Joint score for alpha[8]: 15.7477
2025-08-11 17:07:15,075 - DEBUG - Joint score for alpha[9]: 15.8454
2025-08-11 17:07:18,565 - DEBUG - Joint score for alpha[10]: 15.8974
2025-08-11 17:07:22,058 - DEBUG - Joint score for alpha[11]: 15.8906
2025-08-11 17:07:25,550 - DEBUG - Joint score for alpha[12]: 15.9319
2025-08-11 17:07:29,042 - DEBUG - Joint score for alpha[13]: 16.1286
2025-08-11 17:07:32,533 - DEBUG - Joint score for alpha[14]: 15.8276
2025-08-11 17:07:36,024 - DEBUG - Joint score for alpha[15]: 15.9798
2025-08-11 17:07:42,558 - DEBUG - Joint score for alpha[0]: 15.7783
2025-08-11 17:07:46,055 - DEBUG - Joint score for alpha[1]: 16.0666
2025-08-11 17:07:49,549 - DEBUG - Joint score for alpha[2]: 17.2412
2025-08-11 17:07:53,043 - DEBUG - Joint score for alpha[3]: 15.7437
2025-08-11 17:07:56,534 - DEBUG - Joint score for alpha[4]: 15.9667
2025-08-11 17:08:00,025 - DEBUG - Joint score for alpha[5]: 15.9500
2025-08-11 17:08:03,516 - DEBUG - Joint score for alpha[6]: 15.7099
2025-08-11 17:08:07,007 - DEBUG - Joint score for alpha[7]: 16.0231
2025-08-11 17:08:10,497 - DEBUG - Joint score for alpha[8]: 15.8406
2025-08-11 17:08:13,990 - DEBUG - Joint score for alpha[9]: 15.9780
2025-08-11 17:08:17,481 - DEBUG - Joint score for alpha[10]: 15.9645
2025-08-11 17:08:20,974 - DEBUG - Joint score for alpha[11]: 15.9014
2025-08-11 17:08:24,466 - DEBUG - Joint score for alpha[12]: 15.6437
2025-08-11 17:08:27,960 - DEBUG - Joint score for alpha[13]: 16.1248
2025-08-11 17:08:31,451 - DEBUG - Joint score for alpha[14]: 15.7201
2025-08-11 17:08:34,945 - DEBUG - Joint score for alpha[15]: 15.8519
2025-08-11 17:08:41,500 - DEBUG - Joint score for alpha[0]: 16.9013
2025-08-11 17:08:44,996 - DEBUG - Joint score for alpha[1]: 15.9456
2025-08-11 17:08:48,491 - DEBUG - Joint score for alpha[2]: 16.1165
2025-08-11 17:08:51,985 - DEBUG - Joint score for alpha[3]: 15.8554
2025-08-11 17:08:55,478 - DEBUG - Joint score for alpha[4]: 16.8428
2025-08-11 17:08:58,971 - DEBUG - Joint score for alpha[5]: 16.4537
2025-08-11 17:09:02,465 - DEBUG - Joint score for alpha[6]: 15.8798
2025-08-11 17:09:05,957 - DEBUG - Joint score for alpha[7]: 16.8415
2025-08-11 17:09:09,448 - DEBUG - Joint score for alpha[8]: 16.2663
2025-08-11 17:09:12,940 - DEBUG - Joint score for alpha[9]: 16.4457
2025-08-11 17:09:16,432 - DEBUG - Joint score for alpha[10]: 16.0754
2025-08-11 17:09:19,925 - DEBUG - Joint score for alpha[11]: 16.5456
2025-08-11 17:09:23,417 - DEBUG - Joint score for alpha[12]: 15.8435
2025-08-11 17:09:26,911 - DEBUG - Joint score for alpha[13]: 15.9007
2025-08-11 17:09:30,403 - DEBUG - Joint score for alpha[14]: 15.7394
2025-08-11 17:09:33,896 - DEBUG - Joint score for alpha[15]: 15.8586
2025-08-11 17:09:33,938 - INFO - Step 60/120: mean ENERGY=15.6762
2025-08-11 17:09:33,940 - DEBUG - Beginning Gibbs iteration s = 60
2025-08-11 17:09:34,081 - DEBUG - Proposal variance adapted: 0.014
2025-08-11 17:09:40,738 - DEBUG - Joint score for alpha[0]: 15.6943
2025-08-11 17:09:44,234 - DEBUG - Joint score for alpha[1]: 15.4350
2025-08-11 17:09:47,726 - DEBUG - Joint score for alpha[2]: 19.6596
2025-08-11 17:09:51,218 - DEBUG - Joint score for alpha[3]: 15.4960
2025-08-11 17:09:54,711 - DEBUG - Joint score for alpha[4]: 15.9956
2025-08-11 17:09:58,203 - DEBUG - Joint score for alpha[5]: 15.4597
2025-08-11 17:10:01,696 - DEBUG - Joint score for alpha[6]: 15.6637
2025-08-11 17:10:05,188 - DEBUG - Joint score for alpha[7]: 19.5625
2025-08-11 17:10:08,681 - DEBUG - Joint score for alpha[8]: 15.6068
2025-08-11 17:10:12,176 - DEBUG - Joint score for alpha[9]: 15.6090
2025-08-11 17:10:15,669 - DEBUG - Joint score for alpha[10]: 15.6192
2025-08-11 17:10:19,165 - DEBUG - Joint score for alpha[11]: 17.4843
2025-08-11 17:10:22,659 - DEBUG - Joint score for alpha[12]: 15.6728
2025-08-11 17:10:26,155 - DEBUG - Joint score for alpha[13]: 16.1545
2025-08-11 17:10:29,649 - DEBUG - Joint score for alpha[14]: 16.9453
2025-08-11 17:10:33,144 - DEBUG - Joint score for alpha[15]: 15.5027
2025-08-11 17:10:39,746 - DEBUG - Joint score for alpha[0]: 15.6405
2025-08-11 17:10:43,243 - DEBUG - Joint score for alpha[1]: 15.6813
2025-08-11 17:10:46,738 - DEBUG - Joint score for alpha[2]: 15.6114
2025-08-11 17:10:50,232 - DEBUG - Joint score for alpha[3]: 16.3307
2025-08-11 17:10:53,727 - DEBUG - Joint score for alpha[4]: 15.6863
2025-08-11 17:10:57,221 - DEBUG - Joint score for alpha[5]: 15.8800
2025-08-11 17:11:00,715 - DEBUG - Joint score for alpha[6]: 15.6300
2025-08-11 17:11:04,207 - DEBUG - Joint score for alpha[7]: 15.8898
2025-08-11 17:11:07,701 - DEBUG - Joint score for alpha[8]: 15.7093
2025-08-11 17:11:11,195 - DEBUG - Joint score for alpha[9]: 15.5613
2025-08-11 17:11:14,688 - DEBUG - Joint score for alpha[10]: 15.6073
2025-08-11 17:11:18,183 - DEBUG - Joint score for alpha[11]: 15.5390
2025-08-11 17:11:21,676 - DEBUG - Joint score for alpha[12]: 15.5707
2025-08-11 17:11:25,172 - DEBUG - Joint score for alpha[13]: 15.5834
2025-08-11 17:11:28,665 - DEBUG - Joint score for alpha[14]: 16.3067
2025-08-11 17:11:32,159 - DEBUG - Joint score for alpha[15]: 15.6256
2025-08-11 17:11:38,715 - DEBUG - Joint score for alpha[0]: 15.5809
2025-08-11 17:11:42,212 - DEBUG - Joint score for alpha[1]: 15.6483
2025-08-11 17:11:45,703 - DEBUG - Joint score for alpha[2]: 15.6926
2025-08-11 17:11:49,195 - DEBUG - Joint score for alpha[3]: 15.6198
2025-08-11 17:11:52,687 - DEBUG - Joint score for alpha[4]: 15.6892
2025-08-11 17:11:56,178 - DEBUG - Joint score for alpha[5]: 15.6878
2025-08-11 17:11:59,671 - DEBUG - Joint score for alpha[6]: 15.7244
2025-08-11 17:12:03,162 - DEBUG - Joint score for alpha[7]: 15.7443
2025-08-11 17:12:06,654 - DEBUG - Joint score for alpha[8]: 15.7847
2025-08-11 17:12:10,147 - DEBUG - Joint score for alpha[9]: 15.7895
2025-08-11 17:12:13,638 - DEBUG - Joint score for alpha[10]: 15.6987
2025-08-11 17:12:17,130 - DEBUG - Joint score for alpha[11]: 15.9951
2025-08-11 17:12:20,623 - DEBUG - Joint score for alpha[12]: 15.5805
2025-08-11 17:12:24,117 - DEBUG - Joint score for alpha[13]: 15.6685
2025-08-11 17:12:27,606 - DEBUG - Joint score for alpha[14]: 15.7340
2025-08-11 17:12:31,099 - DEBUG - Joint score for alpha[15]: 15.5551
2025-08-11 17:12:37,652 - DEBUG - Joint score for alpha[0]: 15.8271
2025-08-11 17:12:41,149 - DEBUG - Joint score for alpha[1]: 16.9303
2025-08-11 17:12:44,643 - DEBUG - Joint score for alpha[2]: 16.4518
2025-08-11 17:12:48,136 - DEBUG - Joint score for alpha[3]: 15.8912
2025-08-11 17:12:51,631 - DEBUG - Joint score for alpha[4]: 15.9086
2025-08-11 17:12:55,124 - DEBUG - Joint score for alpha[5]: 15.9673
2025-08-11 17:12:58,618 - DEBUG - Joint score for alpha[6]: 15.7545
2025-08-11 17:13:02,111 - DEBUG - Joint score for alpha[7]: 15.8270
2025-08-11 17:13:05,604 - DEBUG - Joint score for alpha[8]: 15.6602
2025-08-11 17:13:09,098 - DEBUG - Joint score for alpha[9]: 15.7583
2025-08-11 17:13:12,591 - DEBUG - Joint score for alpha[10]: 15.6929
2025-08-11 17:13:16,085 - DEBUG - Joint score for alpha[11]: 15.7022
2025-08-11 17:13:19,577 - DEBUG - Joint score for alpha[12]: 15.4087
2025-08-11 17:13:23,071 - DEBUG - Joint score for alpha[13]: 16.0524
2025-08-11 17:13:26,562 - DEBUG - Joint score for alpha[14]: 16.0370
2025-08-11 17:13:30,056 - DEBUG - Joint score for alpha[15]: 15.5652
2025-08-11 17:13:36,623 - DEBUG - Joint score for alpha[0]: 15.7362
2025-08-11 17:13:40,120 - DEBUG - Joint score for alpha[1]: 15.9784
2025-08-11 17:13:43,615 - DEBUG - Joint score for alpha[2]: 15.9817
2025-08-11 17:13:47,109 - DEBUG - Joint score for alpha[3]: 16.4593
2025-08-11 17:13:50,601 - DEBUG - Joint score for alpha[4]: 15.8535
2025-08-11 17:13:54,093 - DEBUG - Joint score for alpha[5]: 15.9422
2025-08-11 17:13:57,586 - DEBUG - Joint score for alpha[6]: 15.7222
2025-08-11 17:14:01,079 - DEBUG - Joint score for alpha[7]: 15.6936
2025-08-11 17:14:04,572 - DEBUG - Joint score for alpha[8]: 15.7100
2025-08-11 17:14:08,067 - DEBUG - Joint score for alpha[9]: 15.7979
2025-08-11 17:14:11,560 - DEBUG - Joint score for alpha[10]: 15.8730
2025-08-11 17:14:15,056 - DEBUG - Joint score for alpha[11]: 15.6339
2025-08-11 17:14:18,551 - DEBUG - Joint score for alpha[12]: 15.6409
2025-08-11 17:14:22,047 - DEBUG - Joint score for alpha[13]: 16.0217
2025-08-11 17:14:25,540 - DEBUG - Joint score for alpha[14]: 15.7448
2025-08-11 17:14:29,035 - DEBUG - Joint score for alpha[15]: 15.6463
2025-08-11 17:14:29,076 - INFO - Step 61/120: mean ENERGY=15.5143
2025-08-11 17:14:29,078 - DEBUG - Beginning Gibbs iteration s = 61
2025-08-11 17:14:35,958 - DEBUG - Joint score for alpha[0]: 15.8138
2025-08-11 17:14:39,454 - DEBUG - Joint score for alpha[1]: 15.8845
2025-08-11 17:14:42,946 - DEBUG - Joint score for alpha[2]: 15.8054
2025-08-11 17:14:46,439 - DEBUG - Joint score for alpha[3]: 16.8446
2025-08-11 17:14:49,932 - DEBUG - Joint score for alpha[4]: 15.9076
2025-08-11 17:14:53,423 - DEBUG - Joint score for alpha[5]: 15.9730
2025-08-11 17:14:56,916 - DEBUG - Joint score for alpha[6]: 15.8578
2025-08-11 17:15:00,408 - DEBUG - Joint score for alpha[7]: 18.2763
2025-08-11 17:15:03,900 - DEBUG - Joint score for alpha[8]: 15.9326
2025-08-11 17:15:07,394 - DEBUG - Joint score for alpha[9]: 15.7674
2025-08-11 17:15:10,887 - DEBUG - Joint score for alpha[10]: 15.7910
2025-08-11 17:15:14,380 - DEBUG - Joint score for alpha[11]: 18.7617
2025-08-11 17:15:17,873 - DEBUG - Joint score for alpha[12]: 15.9361
2025-08-11 17:15:21,368 - DEBUG - Joint score for alpha[13]: 15.7596
2025-08-11 17:15:24,861 - DEBUG - Joint score for alpha[14]: 15.8903
2025-08-11 17:15:28,354 - DEBUG - Joint score for alpha[15]: 15.7470
2025-08-11 17:15:34,877 - DEBUG - Joint score for alpha[0]: 15.6996
2025-08-11 17:15:38,375 - DEBUG - Joint score for alpha[1]: 15.7676
2025-08-11 17:15:41,869 - DEBUG - Joint score for alpha[2]: 16.1036
2025-08-11 17:15:45,361 - DEBUG - Joint score for alpha[3]: 16.7934
2025-08-11 17:15:48,853 - DEBUG - Joint score for alpha[4]: 16.3729
2025-08-11 17:15:52,343 - DEBUG - Joint score for alpha[5]: 15.7728
2025-08-11 17:15:55,835 - DEBUG - Joint score for alpha[6]: 15.6470
2025-08-11 17:15:59,325 - DEBUG - Joint score for alpha[7]: 15.6930
2025-08-11 17:16:02,817 - DEBUG - Joint score for alpha[8]: 15.5960
2025-08-11 17:16:06,310 - DEBUG - Joint score for alpha[9]: 16.4731
2025-08-11 17:16:09,801 - DEBUG - Joint score for alpha[10]: 15.7334
2025-08-11 17:16:13,294 - DEBUG - Joint score for alpha[11]: 15.6971
2025-08-11 17:16:16,786 - DEBUG - Joint score for alpha[12]: 15.9729
2025-08-11 17:16:20,280 - DEBUG - Joint score for alpha[13]: 15.8453
2025-08-11 17:16:23,772 - DEBUG - Joint score for alpha[14]: 15.8245
2025-08-11 17:16:27,264 - DEBUG - Joint score for alpha[15]: 15.5900
2025-08-11 17:16:33,786 - DEBUG - Joint score for alpha[0]: 16.0140
2025-08-11 17:16:37,282 - DEBUG - Joint score for alpha[1]: 15.9391
2025-08-11 17:16:40,776 - DEBUG - Joint score for alpha[2]: 15.7648
2025-08-11 17:16:44,269 - DEBUG - Joint score for alpha[3]: 15.9245
2025-08-11 17:16:47,764 - DEBUG - Joint score for alpha[4]: 15.8418
2025-08-11 17:16:51,257 - DEBUG - Joint score for alpha[5]: 15.8203
2025-08-11 17:16:54,753 - DEBUG - Joint score for alpha[6]: 15.9577
2025-08-11 17:16:58,246 - DEBUG - Joint score for alpha[7]: 15.5989
2025-08-11 17:17:01,739 - DEBUG - Joint score for alpha[8]: 15.8215
2025-08-11 17:17:05,232 - DEBUG - Joint score for alpha[9]: 15.9718
2025-08-11 17:17:08,723 - DEBUG - Joint score for alpha[10]: 15.8286
2025-08-11 17:17:12,216 - DEBUG - Joint score for alpha[11]: 15.7057
2025-08-11 17:17:15,709 - DEBUG - Joint score for alpha[12]: 15.8116
2025-08-11 17:17:19,203 - DEBUG - Joint score for alpha[13]: 15.7076
2025-08-11 17:17:22,696 - DEBUG - Joint score for alpha[14]: 15.8113
2025-08-11 17:17:26,189 - DEBUG - Joint score for alpha[15]: 15.9269
2025-08-11 17:17:32,711 - DEBUG - Joint score for alpha[0]: 16.3048
2025-08-11 17:17:36,209 - DEBUG - Joint score for alpha[1]: 15.8808
2025-08-11 17:17:39,705 - DEBUG - Joint score for alpha[2]: 15.7776
2025-08-11 17:17:43,197 - DEBUG - Joint score for alpha[3]: 15.8687
2025-08-11 17:17:46,691 - DEBUG - Joint score for alpha[4]: 15.8493
2025-08-11 17:17:50,182 - DEBUG - Joint score for alpha[5]: 15.5543
2025-08-11 17:17:53,676 - DEBUG - Joint score for alpha[6]: 15.9130
2025-08-11 17:17:57,168 - DEBUG - Joint score for alpha[7]: 15.8444
2025-08-11 17:18:00,662 - DEBUG - Joint score for alpha[8]: 15.8043
2025-08-11 17:18:04,156 - DEBUG - Joint score for alpha[9]: 15.8057
2025-08-11 17:18:07,648 - DEBUG - Joint score for alpha[10]: 15.9251
2025-08-11 17:18:11,143 - DEBUG - Joint score for alpha[11]: 15.9747
2025-08-11 17:18:14,637 - DEBUG - Joint score for alpha[12]: 15.7620
2025-08-11 17:18:18,133 - DEBUG - Joint score for alpha[13]: 15.8337
2025-08-11 17:18:21,625 - DEBUG - Joint score for alpha[14]: 15.9434
2025-08-11 17:18:25,120 - DEBUG - Joint score for alpha[15]: 15.7408
2025-08-11 17:18:31,642 - DEBUG - Joint score for alpha[0]: 17.3403
2025-08-11 17:18:35,140 - DEBUG - Joint score for alpha[1]: 16.0284
2025-08-11 17:18:38,635 - DEBUG - Joint score for alpha[2]: 15.9455
2025-08-11 17:18:42,128 - DEBUG - Joint score for alpha[3]: 15.7949
2025-08-11 17:18:45,621 - DEBUG - Joint score for alpha[4]: 15.9415
2025-08-11 17:18:49,112 - DEBUG - Joint score for alpha[5]: 16.2609
2025-08-11 17:18:52,605 - DEBUG - Joint score for alpha[6]: 15.8054
2025-08-11 17:18:56,096 - DEBUG - Joint score for alpha[7]: 16.0116
2025-08-11 17:18:59,587 - DEBUG - Joint score for alpha[8]: 15.7882
2025-08-11 17:19:03,081 - DEBUG - Joint score for alpha[9]: 15.8621
2025-08-11 17:19:06,573 - DEBUG - Joint score for alpha[10]: 15.7430
2025-08-11 17:19:10,066 - DEBUG - Joint score for alpha[11]: 15.6862
2025-08-11 17:19:13,558 - DEBUG - Joint score for alpha[12]: 15.7896
2025-08-11 17:19:17,051 - DEBUG - Joint score for alpha[13]: 15.7585
2025-08-11 17:19:20,543 - DEBUG - Joint score for alpha[14]: 15.8410
2025-08-11 17:19:24,036 - DEBUG - Joint score for alpha[15]: 15.9464
2025-08-11 17:19:24,077 - INFO - Step 62/120: mean ENERGY=15.6353
2025-08-11 17:19:24,079 - DEBUG - Beginning Gibbs iteration s = 62
2025-08-11 17:19:30,772 - DEBUG - Joint score for alpha[0]: 15.7849
2025-08-11 17:19:34,268 - DEBUG - Joint score for alpha[1]: 15.7249
2025-08-11 17:19:37,762 - DEBUG - Joint score for alpha[2]: 15.5735
2025-08-11 17:19:41,256 - DEBUG - Joint score for alpha[3]: 16.0282
2025-08-11 17:19:44,752 - DEBUG - Joint score for alpha[4]: 15.6545
2025-08-11 17:19:48,244 - DEBUG - Joint score for alpha[5]: 19.0669
2025-08-11 17:19:51,739 - DEBUG - Joint score for alpha[6]: 16.4238
2025-08-11 17:19:55,233 - DEBUG - Joint score for alpha[7]: 16.7259
2025-08-11 17:19:58,726 - DEBUG - Joint score for alpha[8]: 15.8325
2025-08-11 17:20:02,221 - DEBUG - Joint score for alpha[9]: 18.1450
2025-08-11 17:20:05,714 - DEBUG - Joint score for alpha[10]: 17.4497
2025-08-11 17:20:09,209 - DEBUG - Joint score for alpha[11]: 16.2595
2025-08-11 17:20:12,703 - DEBUG - Joint score for alpha[12]: 16.5801
2025-08-11 17:20:16,200 - DEBUG - Joint score for alpha[13]: 18.7722
2025-08-11 17:20:19,695 - DEBUG - Joint score for alpha[14]: 17.4574
2025-08-11 17:20:23,190 - DEBUG - Joint score for alpha[15]: 15.8617
2025-08-11 17:20:29,742 - DEBUG - Joint score for alpha[0]: 16.6234
2025-08-11 17:20:33,238 - DEBUG - Joint score for alpha[1]: 15.6870
2025-08-11 17:20:36,732 - DEBUG - Joint score for alpha[2]: 15.7205
2025-08-11 17:20:40,226 - DEBUG - Joint score for alpha[3]: 15.6729
2025-08-11 17:20:43,721 - DEBUG - Joint score for alpha[4]: 15.6632
2025-08-11 17:20:47,214 - DEBUG - Joint score for alpha[5]: 15.7258
2025-08-11 17:20:50,709 - DEBUG - Joint score for alpha[6]: 15.5555
2025-08-11 17:20:54,202 - DEBUG - Joint score for alpha[7]: 15.7319
2025-08-11 17:20:57,695 - DEBUG - Joint score for alpha[8]: 15.5545
2025-08-11 17:21:01,191 - DEBUG - Joint score for alpha[9]: 15.7986
2025-08-11 17:21:04,685 - DEBUG - Joint score for alpha[10]: 15.7737
2025-08-11 17:21:08,181 - DEBUG - Joint score for alpha[11]: 16.3148
2025-08-11 17:21:11,675 - DEBUG - Joint score for alpha[12]: 15.9041
2025-08-11 17:21:15,170 - DEBUG - Joint score for alpha[13]: 15.7054
2025-08-11 17:21:18,661 - DEBUG - Joint score for alpha[14]: 16.0758
2025-08-11 17:21:22,154 - DEBUG - Joint score for alpha[15]: 15.8788
2025-08-11 17:21:28,679 - DEBUG - Joint score for alpha[0]: 15.8484
2025-08-11 17:21:32,175 - DEBUG - Joint score for alpha[1]: 16.0512
2025-08-11 17:21:35,669 - DEBUG - Joint score for alpha[2]: 15.8336
2025-08-11 17:21:39,161 - DEBUG - Joint score for alpha[3]: 15.5097
2025-08-11 17:21:42,656 - DEBUG - Joint score for alpha[4]: 15.7670
2025-08-11 17:21:46,149 - DEBUG - Joint score for alpha[5]: 15.9627
2025-08-11 17:21:49,643 - DEBUG - Joint score for alpha[6]: 15.5712
2025-08-11 17:21:53,137 - DEBUG - Joint score for alpha[7]: 15.6837
2025-08-11 17:21:56,629 - DEBUG - Joint score for alpha[8]: 15.8463
2025-08-11 17:22:00,124 - DEBUG - Joint score for alpha[9]: 15.6743
2025-08-11 17:22:03,618 - DEBUG - Joint score for alpha[10]: 15.7041
2025-08-11 17:22:07,112 - DEBUG - Joint score for alpha[11]: 15.8981
2025-08-11 17:22:10,607 - DEBUG - Joint score for alpha[12]: 16.0584
2025-08-11 17:22:14,103 - DEBUG - Joint score for alpha[13]: 15.7565
2025-08-11 17:22:17,597 - DEBUG - Joint score for alpha[14]: 16.0871
2025-08-11 17:22:21,091 - DEBUG - Joint score for alpha[15]: 16.1706
2025-08-11 17:22:27,620 - DEBUG - Joint score for alpha[0]: 15.6644
2025-08-11 17:22:31,116 - DEBUG - Joint score for alpha[1]: 15.8016
2025-08-11 17:22:34,611 - DEBUG - Joint score for alpha[2]: 16.0572
2025-08-11 17:22:38,105 - DEBUG - Joint score for alpha[3]: 15.9153
2025-08-11 17:22:41,599 - DEBUG - Joint score for alpha[4]: 16.0321
2025-08-11 17:22:45,092 - DEBUG - Joint score for alpha[5]: 15.7911
2025-08-11 17:22:48,586 - DEBUG - Joint score for alpha[6]: 15.7910
2025-08-11 17:22:52,080 - DEBUG - Joint score for alpha[7]: 15.6026
2025-08-11 17:22:55,574 - DEBUG - Joint score for alpha[8]: 15.9151
2025-08-11 17:22:59,070 - DEBUG - Joint score for alpha[9]: 15.4985
2025-08-11 17:23:02,563 - DEBUG - Joint score for alpha[10]: 15.4788
2025-08-11 17:23:06,058 - DEBUG - Joint score for alpha[11]: 16.1584
2025-08-11 17:23:09,554 - DEBUG - Joint score for alpha[12]: 15.6375
2025-08-11 17:23:13,050 - DEBUG - Joint score for alpha[13]: 15.9527
2025-08-11 17:23:16,543 - DEBUG - Joint score for alpha[14]: 15.9038
2025-08-11 17:23:20,038 - DEBUG - Joint score for alpha[15]: 15.6329
2025-08-11 17:23:26,559 - DEBUG - Joint score for alpha[0]: 15.8005
2025-08-11 17:23:30,056 - DEBUG - Joint score for alpha[1]: 17.3620
2025-08-11 17:23:33,551 - DEBUG - Joint score for alpha[2]: 15.9617
2025-08-11 17:23:37,046 - DEBUG - Joint score for alpha[3]: 15.6741
2025-08-11 17:23:40,542 - DEBUG - Joint score for alpha[4]: 16.8832
2025-08-11 17:23:44,035 - DEBUG - Joint score for alpha[5]: 15.6820
2025-08-11 17:23:47,529 - DEBUG - Joint score for alpha[6]: 15.7476
2025-08-11 17:23:51,022 - DEBUG - Joint score for alpha[7]: 15.9904
2025-08-11 17:23:54,516 - DEBUG - Joint score for alpha[8]: 15.5937
2025-08-11 17:23:58,011 - DEBUG - Joint score for alpha[9]: 15.8368
2025-08-11 17:24:01,503 - DEBUG - Joint score for alpha[10]: 15.6369
2025-08-11 17:24:04,997 - DEBUG - Joint score for alpha[11]: 15.8960
2025-08-11 17:24:08,488 - DEBUG - Joint score for alpha[12]: 15.8579
2025-08-11 17:24:11,982 - DEBUG - Joint score for alpha[13]: 16.0933
2025-08-11 17:24:15,473 - DEBUG - Joint score for alpha[14]: 15.8278
2025-08-11 17:24:18,965 - DEBUG - Joint score for alpha[15]: 16.0531
2025-08-11 17:24:19,006 - INFO - Step 63/120: mean ENERGY=15.5420
2025-08-11 17:24:19,008 - DEBUG - Beginning Gibbs iteration s = 63
2025-08-11 17:24:25,697 - DEBUG - Joint score for alpha[0]: 17.1025
2025-08-11 17:24:29,192 - DEBUG - Joint score for alpha[1]: 16.0363
2025-08-11 17:24:32,684 - DEBUG - Joint score for alpha[2]: 16.1078
2025-08-11 17:24:36,176 - DEBUG - Joint score for alpha[3]: 16.0168
2025-08-11 17:24:39,669 - DEBUG - Joint score for alpha[4]: 15.8987
2025-08-11 17:24:43,159 - DEBUG - Joint score for alpha[5]: 16.6289
2025-08-11 17:24:46,651 - DEBUG - Joint score for alpha[6]: 20.0874
2025-08-11 17:24:52,031 - DEBUG - Joint score for alpha[7]: 15.7709
2025-08-11 17:24:55,525 - DEBUG - Joint score for alpha[8]: 15.8791
2025-08-11 17:24:59,018 - DEBUG - Joint score for alpha[9]: 16.4803
2025-08-11 17:25:02,510 - DEBUG - Joint score for alpha[10]: 18.0494
2025-08-11 17:25:06,004 - DEBUG - Joint score for alpha[11]: 16.8742
2025-08-11 17:25:09,496 - DEBUG - Joint score for alpha[12]: 15.9392
2025-08-11 17:25:12,990 - DEBUG - Joint score for alpha[13]: 15.8900
2025-08-11 17:25:16,483 - DEBUG - Joint score for alpha[14]: 16.1099
2025-08-11 17:25:19,975 - DEBUG - Joint score for alpha[15]: 15.7697
2025-08-11 17:25:26,533 - DEBUG - Joint score for alpha[0]: 15.7623
2025-08-11 17:25:30,027 - DEBUG - Joint score for alpha[1]: 16.0211
2025-08-11 17:25:33,520 - DEBUG - Joint score for alpha[2]: 15.9667
2025-08-11 17:25:37,012 - DEBUG - Joint score for alpha[3]: 15.9718
2025-08-11 17:25:40,506 - DEBUG - Joint score for alpha[4]: 15.8205
2025-08-11 17:25:43,998 - DEBUG - Joint score for alpha[5]: 15.9185
2025-08-11 17:25:47,492 - DEBUG - Joint score for alpha[6]: 15.9102
2025-08-11 17:25:50,984 - DEBUG - Joint score for alpha[7]: 15.9244
2025-08-11 17:25:54,476 - DEBUG - Joint score for alpha[8]: 15.8651
2025-08-11 17:25:57,970 - DEBUG - Joint score for alpha[9]: 15.7073
2025-08-11 17:26:01,462 - DEBUG - Joint score for alpha[10]: 15.7499
2025-08-11 17:26:04,958 - DEBUG - Joint score for alpha[11]: 16.0865
2025-08-11 17:26:08,452 - DEBUG - Joint score for alpha[12]: 15.8593
2025-08-11 17:26:11,949 - DEBUG - Joint score for alpha[13]: 16.4747
2025-08-11 17:26:15,443 - DEBUG - Joint score for alpha[14]: 15.8092
2025-08-11 17:26:18,938 - DEBUG - Joint score for alpha[15]: 15.7544
2025-08-11 17:26:25,526 - DEBUG - Joint score for alpha[0]: 16.4738
2025-08-11 17:26:29,022 - DEBUG - Joint score for alpha[1]: 15.8713
2025-08-11 17:26:32,515 - DEBUG - Joint score for alpha[2]: 15.9298
2025-08-11 17:26:36,008 - DEBUG - Joint score for alpha[3]: 15.9497
2025-08-11 17:26:39,502 - DEBUG - Joint score for alpha[4]: 15.7170
2025-08-11 17:26:42,994 - DEBUG - Joint score for alpha[5]: 15.8983
2025-08-11 17:26:46,488 - DEBUG - Joint score for alpha[6]: 15.9187
2025-08-11 17:26:49,982 - DEBUG - Joint score for alpha[7]: 16.0238
2025-08-11 17:26:53,476 - DEBUG - Joint score for alpha[8]: 15.9735
2025-08-11 17:26:56,972 - DEBUG - Joint score for alpha[9]: 15.8243
2025-08-11 17:27:00,466 - DEBUG - Joint score for alpha[10]: 15.9710
2025-08-11 17:27:03,962 - DEBUG - Joint score for alpha[11]: 16.1398
2025-08-11 17:27:07,458 - DEBUG - Joint score for alpha[12]: 16.0486
2025-08-11 17:27:10,955 - DEBUG - Joint score for alpha[13]: 15.9791
2025-08-11 17:27:14,451 - DEBUG - Joint score for alpha[14]: 15.7437
2025-08-11 17:27:17,947 - DEBUG - Joint score for alpha[15]: 15.6716
2025-08-11 17:27:24,621 - DEBUG - Joint score for alpha[0]: 15.8595
2025-08-11 17:27:28,119 - DEBUG - Joint score for alpha[1]: 15.8882
2025-08-11 17:27:31,614 - DEBUG - Joint score for alpha[2]: 16.0324
2025-08-11 17:27:35,110 - DEBUG - Joint score for alpha[3]: 15.9512
2025-08-11 17:27:38,605 - DEBUG - Joint score for alpha[4]: 15.9256
2025-08-11 17:27:42,099 - DEBUG - Joint score for alpha[5]: 15.9832
2025-08-11 17:27:45,595 - DEBUG - Joint score for alpha[6]: 15.8561
2025-08-11 17:27:49,088 - DEBUG - Joint score for alpha[7]: 16.0735
2025-08-11 17:27:52,582 - DEBUG - Joint score for alpha[8]: 16.1649
2025-08-11 17:27:56,077 - DEBUG - Joint score for alpha[9]: 16.0100
2025-08-11 17:27:59,571 - DEBUG - Joint score for alpha[10]: 15.9175
2025-08-11 17:28:03,066 - DEBUG - Joint score for alpha[11]: 15.9792
2025-08-11 17:28:06,562 - DEBUG - Joint score for alpha[12]: 16.0754
2025-08-11 17:28:10,060 - DEBUG - Joint score for alpha[13]: 15.9918
2025-08-11 17:28:13,554 - DEBUG - Joint score for alpha[14]: 16.0692
2025-08-11 17:28:17,051 - DEBUG - Joint score for alpha[15]: 15.9087
2025-08-11 17:28:23,604 - DEBUG - Joint score for alpha[0]: 15.9989
2025-08-11 17:28:27,100 - DEBUG - Joint score for alpha[1]: 16.2784
2025-08-11 17:28:30,594 - DEBUG - Joint score for alpha[2]: 15.9471
2025-08-11 17:28:34,088 - DEBUG - Joint score for alpha[3]: 16.0085
2025-08-11 17:28:37,583 - DEBUG - Joint score for alpha[4]: 16.9013
2025-08-11 17:28:41,075 - DEBUG - Joint score for alpha[5]: 15.9703
2025-08-11 17:28:44,569 - DEBUG - Joint score for alpha[6]: 16.2528
2025-08-11 17:28:48,062 - DEBUG - Joint score for alpha[7]: 16.1907
2025-08-11 17:28:51,556 - DEBUG - Joint score for alpha[8]: 16.0575
2025-08-11 17:28:55,051 - DEBUG - Joint score for alpha[9]: 16.0080
2025-08-11 17:28:58,543 - DEBUG - Joint score for alpha[10]: 16.6042
2025-08-11 17:29:02,038 - DEBUG - Joint score for alpha[11]: 16.3059
2025-08-11 17:29:05,533 - DEBUG - Joint score for alpha[12]: 15.8611
2025-08-11 17:29:09,029 - DEBUG - Joint score for alpha[13]: 16.8939
2025-08-11 17:29:12,523 - DEBUG - Joint score for alpha[14]: 15.7950
2025-08-11 17:29:16,018 - DEBUG - Joint score for alpha[15]: 16.1043
2025-08-11 17:29:16,059 - INFO - Step 64/120: mean ENERGY=15.7599
2025-08-11 17:29:16,063 - DEBUG - Beginning Gibbs iteration s = 64
2025-08-11 17:29:22,714 - DEBUG - Joint score for alpha[0]: 15.7703
2025-08-11 17:29:26,211 - DEBUG - Joint score for alpha[1]: 16.6045
2025-08-11 17:29:29,703 - DEBUG - Joint score for alpha[2]: 15.7984
2025-08-11 17:29:33,195 - DEBUG - Joint score for alpha[3]: 15.9170
2025-08-11 17:29:36,688 - DEBUG - Joint score for alpha[4]: 15.8654
2025-08-11 17:29:40,180 - DEBUG - Joint score for alpha[5]: 15.7281
2025-08-11 17:29:43,674 - DEBUG - Joint score for alpha[6]: 16.7499
2025-08-11 17:29:47,167 - DEBUG - Joint score for alpha[7]: 15.9212
2025-08-11 17:29:50,659 - DEBUG - Joint score for alpha[8]: 16.0336
2025-08-11 17:29:54,153 - DEBUG - Joint score for alpha[9]: 19.0466
2025-08-11 17:29:57,646 - DEBUG - Joint score for alpha[10]: 16.5590
2025-08-11 17:30:01,142 - DEBUG - Joint score for alpha[11]: 16.1378
2025-08-11 17:30:04,636 - DEBUG - Joint score for alpha[12]: 15.8377
2025-08-11 17:30:08,132 - DEBUG - Joint score for alpha[13]: 15.7406
2025-08-11 17:30:11,624 - DEBUG - Joint score for alpha[14]: 18.3158
2025-08-11 17:30:15,119 - DEBUG - Joint score for alpha[15]: 16.0087
2025-08-11 17:30:21,646 - DEBUG - Joint score for alpha[0]: 15.8155
2025-08-11 17:30:25,142 - DEBUG - Joint score for alpha[1]: 15.8777
2025-08-11 17:30:28,635 - DEBUG - Joint score for alpha[2]: 15.9366
2025-08-11 17:30:32,128 - DEBUG - Joint score for alpha[3]: 15.9678
2025-08-11 17:30:35,622 - DEBUG - Joint score for alpha[4]: 16.0137
2025-08-11 17:30:39,114 - DEBUG - Joint score for alpha[5]: 16.2505
2025-08-11 17:30:42,607 - DEBUG - Joint score for alpha[6]: 16.0350
2025-08-11 17:30:46,099 - DEBUG - Joint score for alpha[7]: 16.5593
2025-08-11 17:30:49,592 - DEBUG - Joint score for alpha[8]: 15.8756
2025-08-11 17:30:53,087 - DEBUG - Joint score for alpha[9]: 16.0455
2025-08-11 17:30:56,580 - DEBUG - Joint score for alpha[10]: 15.9682
2025-08-11 17:31:00,074 - DEBUG - Joint score for alpha[11]: 15.9604
2025-08-11 17:31:03,569 - DEBUG - Joint score for alpha[12]: 15.8637
2025-08-11 17:31:07,065 - DEBUG - Joint score for alpha[13]: 15.6791
2025-08-11 17:31:10,559 - DEBUG - Joint score for alpha[14]: 15.7056
2025-08-11 17:31:14,055 - DEBUG - Joint score for alpha[15]: 16.9058
2025-08-11 17:31:20,578 - DEBUG - Joint score for alpha[0]: 15.7788
2025-08-11 17:31:24,074 - DEBUG - Joint score for alpha[1]: 15.7485
2025-08-11 17:31:27,568 - DEBUG - Joint score for alpha[2]: 15.7042
2025-08-11 17:31:31,061 - DEBUG - Joint score for alpha[3]: 15.7588
2025-08-11 17:31:34,555 - DEBUG - Joint score for alpha[4]: 15.7899
2025-08-11 17:31:38,048 - DEBUG - Joint score for alpha[5]: 16.1164
2025-08-11 17:31:41,542 - DEBUG - Joint score for alpha[6]: 15.7893
2025-08-11 17:31:45,034 - DEBUG - Joint score for alpha[7]: 15.8622
2025-08-11 17:31:48,528 - DEBUG - Joint score for alpha[8]: 15.7749
2025-08-11 17:31:52,023 - DEBUG - Joint score for alpha[9]: 15.6627
2025-08-11 17:31:55,517 - DEBUG - Joint score for alpha[10]: 15.8005
2025-08-11 17:31:59,012 - DEBUG - Joint score for alpha[11]: 15.7492
2025-08-11 17:32:02,508 - DEBUG - Joint score for alpha[12]: 15.9573
2025-08-11 17:32:06,005 - DEBUG - Joint score for alpha[13]: 15.8006
2025-08-11 17:32:09,500 - DEBUG - Joint score for alpha[14]: 15.7025
2025-08-11 17:32:12,994 - DEBUG - Joint score for alpha[15]: 15.8418
2025-08-11 17:32:19,641 - DEBUG - Joint score for alpha[0]: 15.7013
2025-08-11 17:32:23,137 - DEBUG - Joint score for alpha[1]: 15.8927
2025-08-11 17:32:26,632 - DEBUG - Joint score for alpha[2]: 15.6090
2025-08-11 17:32:30,126 - DEBUG - Joint score for alpha[3]: 15.9012
2025-08-11 17:32:33,620 - DEBUG - Joint score for alpha[4]: 15.8242
2025-08-11 17:32:37,113 - DEBUG - Joint score for alpha[5]: 15.7415
2025-08-11 17:32:40,607 - DEBUG - Joint score for alpha[6]: 16.0005
2025-08-11 17:32:44,100 - DEBUG - Joint score for alpha[7]: 15.8855
2025-08-11 17:32:47,594 - DEBUG - Joint score for alpha[8]: 17.0401
2025-08-11 17:32:51,089 - DEBUG - Joint score for alpha[9]: 15.7200
2025-08-11 17:32:54,582 - DEBUG - Joint score for alpha[10]: 15.7917
2025-08-11 17:32:58,077 - DEBUG - Joint score for alpha[11]: 15.9595
2025-08-11 17:33:01,571 - DEBUG - Joint score for alpha[12]: 16.3021
2025-08-11 17:33:05,067 - DEBUG - Joint score for alpha[13]: 15.9339
2025-08-11 17:33:08,561 - DEBUG - Joint score for alpha[14]: 15.9539
2025-08-11 17:33:12,055 - DEBUG - Joint score for alpha[15]: 15.8017
2025-08-11 17:33:18,638 - DEBUG - Joint score for alpha[0]: 15.7193
2025-08-11 17:33:22,136 - DEBUG - Joint score for alpha[1]: 15.7985
2025-08-11 17:33:25,633 - DEBUG - Joint score for alpha[2]: 16.0919
2025-08-11 17:33:29,128 - DEBUG - Joint score for alpha[3]: 16.2147
2025-08-11 17:33:32,622 - DEBUG - Joint score for alpha[4]: 16.2151
2025-08-11 17:33:36,114 - DEBUG - Joint score for alpha[5]: 15.9867
2025-08-11 17:33:39,607 - DEBUG - Joint score for alpha[6]: 16.1739
2025-08-11 17:33:43,098 - DEBUG - Joint score for alpha[7]: 16.3411
2025-08-11 17:33:46,590 - DEBUG - Joint score for alpha[8]: 15.6721
2025-08-11 17:33:50,084 - DEBUG - Joint score for alpha[9]: 15.6632
2025-08-11 17:33:53,577 - DEBUG - Joint score for alpha[10]: 15.7061
2025-08-11 17:33:57,072 - DEBUG - Joint score for alpha[11]: 15.9448
2025-08-11 17:34:00,566 - DEBUG - Joint score for alpha[12]: 17.3798
2025-08-11 17:34:04,061 - DEBUG - Joint score for alpha[13]: 15.8783
2025-08-11 17:34:07,553 - DEBUG - Joint score for alpha[14]: 15.7815
2025-08-11 17:34:11,046 - DEBUG - Joint score for alpha[15]: 15.8506
2025-08-11 17:34:11,088 - INFO - Step 65/120: mean ENERGY=15.6684
2025-08-11 17:34:11,090 - DEBUG - Beginning Gibbs iteration s = 65
2025-08-11 17:34:11,318 - INFO - Adaptation stopped at step 65, fixed at 0.014
2025-08-11 17:34:17,919 - DEBUG - Joint score for alpha[0]: 16.0043
2025-08-11 17:34:21,417 - DEBUG - Joint score for alpha[1]: 15.7770
2025-08-11 17:34:24,911 - DEBUG - Joint score for alpha[2]: 16.8884
2025-08-11 17:34:28,403 - DEBUG - Joint score for alpha[3]: 15.8928
2025-08-11 17:34:31,897 - DEBUG - Joint score for alpha[4]: 17.9888
2025-08-11 17:34:35,389 - DEBUG - Joint score for alpha[5]: 15.9782
2025-08-11 17:34:38,883 - DEBUG - Joint score for alpha[6]: 15.7448
2025-08-11 17:34:42,377 - DEBUG - Joint score for alpha[7]: 15.7523
2025-08-11 17:34:45,870 - DEBUG - Joint score for alpha[8]: 16.1890
2025-08-11 17:34:49,365 - DEBUG - Joint score for alpha[9]: 17.9188
2025-08-11 17:34:52,859 - DEBUG - Joint score for alpha[10]: 16.7537
2025-08-11 17:34:56,354 - DEBUG - Joint score for alpha[11]: 17.6206
2025-08-11 17:34:59,849 - DEBUG - Joint score for alpha[12]: 15.7973
2025-08-11 17:35:03,346 - DEBUG - Joint score for alpha[13]: 16.1935
2025-08-11 17:35:06,840 - DEBUG - Joint score for alpha[14]: 15.8582
2025-08-11 17:35:10,335 - DEBUG - Joint score for alpha[15]: 15.9348
2025-08-11 17:35:16,894 - DEBUG - Joint score for alpha[0]: 15.7926
2025-08-11 17:35:20,391 - DEBUG - Joint score for alpha[1]: 16.3019
2025-08-11 17:35:23,885 - DEBUG - Joint score for alpha[2]: 15.7481
2025-08-11 17:35:27,380 - DEBUG - Joint score for alpha[3]: 16.0834
2025-08-11 17:35:30,876 - DEBUG - Joint score for alpha[4]: 15.7939
2025-08-11 17:35:34,369 - DEBUG - Joint score for alpha[5]: 15.7941
2025-08-11 17:35:37,863 - DEBUG - Joint score for alpha[6]: 15.5964
2025-08-11 17:35:41,357 - DEBUG - Joint score for alpha[7]: 16.2291
2025-08-11 17:35:44,852 - DEBUG - Joint score for alpha[8]: 15.6828
2025-08-11 17:35:48,347 - DEBUG - Joint score for alpha[9]: 16.0398
2025-08-11 17:35:51,839 - DEBUG - Joint score for alpha[10]: 16.1132
2025-08-11 17:35:55,334 - DEBUG - Joint score for alpha[11]: 15.9062
2025-08-11 17:35:58,829 - DEBUG - Joint score for alpha[12]: 16.5805
2025-08-11 17:36:02,327 - DEBUG - Joint score for alpha[13]: 15.8545
2025-08-11 17:36:05,820 - DEBUG - Joint score for alpha[14]: 15.9542
2025-08-11 17:36:09,315 - DEBUG - Joint score for alpha[15]: 15.8004
2025-08-11 17:36:15,901 - DEBUG - Joint score for alpha[0]: 15.9502
2025-08-11 17:36:19,401 - DEBUG - Joint score for alpha[1]: 16.7462
2025-08-11 17:36:22,896 - DEBUG - Joint score for alpha[2]: 15.7343
2025-08-11 17:36:26,389 - DEBUG - Joint score for alpha[3]: 15.8871
2025-08-11 17:36:29,883 - DEBUG - Joint score for alpha[4]: 15.8424
2025-08-11 17:36:33,374 - DEBUG - Joint score for alpha[5]: 15.7414
2025-08-11 17:36:36,869 - DEBUG - Joint score for alpha[6]: 15.7663
2025-08-11 17:36:40,362 - DEBUG - Joint score for alpha[7]: 15.9087
2025-08-11 17:36:43,855 - DEBUG - Joint score for alpha[8]: 15.8930
2025-08-11 17:36:47,351 - DEBUG - Joint score for alpha[9]: 15.8109
2025-08-11 17:36:50,845 - DEBUG - Joint score for alpha[10]: 15.6295
2025-08-11 17:36:54,341 - DEBUG - Joint score for alpha[11]: 15.7505
2025-08-11 17:36:57,836 - DEBUG - Joint score for alpha[12]: 15.9082
2025-08-11 17:37:01,333 - DEBUG - Joint score for alpha[13]: 16.1095
2025-08-11 17:37:04,827 - DEBUG - Joint score for alpha[14]: 15.8008
2025-08-11 17:37:08,322 - DEBUG - Joint score for alpha[15]: 15.7960
2025-08-11 17:37:14,879 - DEBUG - Joint score for alpha[0]: 15.5742
2025-08-11 17:37:18,376 - DEBUG - Joint score for alpha[1]: 15.9074
2025-08-11 17:37:21,871 - DEBUG - Joint score for alpha[2]: 15.7998
2025-08-11 17:37:25,365 - DEBUG - Joint score for alpha[3]: 15.7577
2025-08-11 17:37:28,861 - DEBUG - Joint score for alpha[4]: 16.3338
2025-08-11 17:37:32,355 - DEBUG - Joint score for alpha[5]: 15.8061
2025-08-11 17:37:35,850 - DEBUG - Joint score for alpha[6]: 16.1211
2025-08-11 17:37:39,344 - DEBUG - Joint score for alpha[7]: 16.1152
2025-08-11 17:37:42,839 - DEBUG - Joint score for alpha[8]: 15.7753
2025-08-11 17:37:46,335 - DEBUG - Joint score for alpha[9]: 15.7951
2025-08-11 17:37:49,830 - DEBUG - Joint score for alpha[10]: 15.9594
2025-08-11 17:37:53,326 - DEBUG - Joint score for alpha[11]: 16.0186
2025-08-11 17:37:56,820 - DEBUG - Joint score for alpha[12]: 16.2440
2025-08-11 17:38:00,317 - DEBUG - Joint score for alpha[13]: 15.8436
2025-08-11 17:38:03,812 - DEBUG - Joint score for alpha[14]: 15.8425
2025-08-11 17:38:07,308 - DEBUG - Joint score for alpha[15]: 15.8373
2025-08-11 17:38:13,864 - DEBUG - Joint score for alpha[0]: 15.9722
2025-08-11 17:38:17,362 - DEBUG - Joint score for alpha[1]: 15.8650
2025-08-11 17:38:20,858 - DEBUG - Joint score for alpha[2]: 15.6100
2025-08-11 17:38:24,352 - DEBUG - Joint score for alpha[3]: 15.7290
2025-08-11 17:38:27,846 - DEBUG - Joint score for alpha[4]: 15.7396
2025-08-11 17:38:31,338 - DEBUG - Joint score for alpha[5]: 15.8803
2025-08-11 17:38:34,831 - DEBUG - Joint score for alpha[6]: 16.2174
2025-08-11 17:38:38,322 - DEBUG - Joint score for alpha[7]: 15.8071
2025-08-11 17:38:41,814 - DEBUG - Joint score for alpha[8]: 16.2391
2025-08-11 17:38:45,309 - DEBUG - Joint score for alpha[9]: 15.8640
2025-08-11 17:38:48,802 - DEBUG - Joint score for alpha[10]: 15.7983
2025-08-11 17:38:52,297 - DEBUG - Joint score for alpha[11]: 15.9571
2025-08-11 17:38:55,792 - DEBUG - Joint score for alpha[12]: 15.6785
2025-08-11 17:38:59,289 - DEBUG - Joint score for alpha[13]: 15.7924
2025-08-11 17:39:02,783 - DEBUG - Joint score for alpha[14]: 15.7694
2025-08-11 17:39:06,277 - DEBUG - Joint score for alpha[15]: 17.1541
2025-08-11 17:39:06,318 - INFO - Step 66/120: mean ENERGY=15.6310
2025-08-11 17:39:06,320 - DEBUG - Beginning Gibbs iteration s = 66
2025-08-11 17:39:13,135 - DEBUG - Joint score for alpha[0]: 15.7868
2025-08-11 17:39:16,632 - DEBUG - Joint score for alpha[1]: 16.5208
2025-08-11 17:39:20,128 - DEBUG - Joint score for alpha[2]: 16.5388
2025-08-11 17:39:23,624 - DEBUG - Joint score for alpha[3]: 15.9933
2025-08-11 17:39:27,121 - DEBUG - Joint score for alpha[4]: 15.5370
2025-08-11 17:39:30,615 - DEBUG - Joint score for alpha[5]: 18.9548
2025-08-11 17:39:34,111 - DEBUG - Joint score for alpha[6]: 16.1884
2025-08-11 17:39:37,607 - DEBUG - Joint score for alpha[7]: 18.3991
2025-08-11 17:39:41,104 - DEBUG - Joint score for alpha[8]: 15.5485
2025-08-11 17:39:44,601 - DEBUG - Joint score for alpha[9]: 15.8833
2025-08-11 17:39:48,099 - DEBUG - Joint score for alpha[10]: 15.9831
2025-08-11 17:39:51,598 - DEBUG - Joint score for alpha[11]: 16.2797
2025-08-11 17:39:55,097 - DEBUG - Joint score for alpha[12]: 21.6056
2025-08-11 17:39:58,598 - DEBUG - Joint score for alpha[13]: 16.4388
2025-08-11 17:40:02,095 - DEBUG - Joint score for alpha[14]: 17.4315
2025-08-11 17:40:05,592 - DEBUG - Joint score for alpha[15]: 16.2097
2025-08-11 17:40:12,167 - DEBUG - Joint score for alpha[0]: 15.9990
2025-08-11 17:40:15,664 - DEBUG - Joint score for alpha[1]: 17.4122
2025-08-11 17:40:19,159 - DEBUG - Joint score for alpha[2]: 15.7336
2025-08-11 17:40:22,653 - DEBUG - Joint score for alpha[3]: 16.8816
2025-08-11 17:40:26,149 - DEBUG - Joint score for alpha[4]: 15.8655
2025-08-11 17:40:29,643 - DEBUG - Joint score for alpha[5]: 15.8812
2025-08-11 17:40:33,138 - DEBUG - Joint score for alpha[6]: 15.6817
2025-08-11 17:40:36,632 - DEBUG - Joint score for alpha[7]: 15.6485
2025-08-11 17:40:40,126 - DEBUG - Joint score for alpha[8]: 15.8158
2025-08-11 17:40:43,623 - DEBUG - Joint score for alpha[9]: 15.7451
2025-08-11 17:40:47,117 - DEBUG - Joint score for alpha[10]: 15.6727
2025-08-11 17:40:50,613 - DEBUG - Joint score for alpha[11]: 15.5016
2025-08-11 17:40:54,108 - DEBUG - Joint score for alpha[12]: 15.5977
2025-08-11 17:40:57,606 - DEBUG - Joint score for alpha[13]: 15.8771
2025-08-11 17:41:01,102 - DEBUG - Joint score for alpha[14]: 16.2754
2025-08-11 17:41:04,599 - DEBUG - Joint score for alpha[15]: 15.8045
2025-08-11 17:41:11,131 - DEBUG - Joint score for alpha[0]: 15.6082
2025-08-11 17:41:14,629 - DEBUG - Joint score for alpha[1]: 15.8560
2025-08-11 17:41:18,122 - DEBUG - Joint score for alpha[2]: 15.8338
2025-08-11 17:41:21,617 - DEBUG - Joint score for alpha[3]: 15.7206
2025-08-11 17:41:25,113 - DEBUG - Joint score for alpha[4]: 15.7190
2025-08-11 17:41:28,607 - DEBUG - Joint score for alpha[5]: 15.7380
2025-08-11 17:41:32,101 - DEBUG - Joint score for alpha[6]: 15.7753
2025-08-11 17:41:35,595 - DEBUG - Joint score for alpha[7]: 15.6015
2025-08-11 17:41:39,089 - DEBUG - Joint score for alpha[8]: 16.3913
2025-08-11 17:41:42,586 - DEBUG - Joint score for alpha[9]: 16.0278
2025-08-11 17:41:46,080 - DEBUG - Joint score for alpha[10]: 15.5661
2025-08-11 17:41:49,577 - DEBUG - Joint score for alpha[11]: 15.6964
2025-08-11 17:41:53,073 - DEBUG - Joint score for alpha[12]: 15.5703
2025-08-11 17:41:56,572 - DEBUG - Joint score for alpha[13]: 15.7797
2025-08-11 17:42:00,066 - DEBUG - Joint score for alpha[14]: 15.7152
2025-08-11 17:42:03,564 - DEBUG - Joint score for alpha[15]: 15.8279
2025-08-11 17:42:10,093 - DEBUG - Joint score for alpha[0]: 15.8994
2025-08-11 17:42:13,593 - DEBUG - Joint score for alpha[1]: 15.5657
2025-08-11 17:42:17,090 - DEBUG - Joint score for alpha[2]: 16.2697
2025-08-11 17:42:20,585 - DEBUG - Joint score for alpha[3]: 15.9440
2025-08-11 17:42:24,081 - DEBUG - Joint score for alpha[4]: 15.5233
2025-08-11 17:42:27,575 - DEBUG - Joint score for alpha[5]: 15.8483
2025-08-11 17:42:31,071 - DEBUG - Joint score for alpha[6]: 15.9244
2025-08-11 17:42:34,566 - DEBUG - Joint score for alpha[7]: 15.5343
2025-08-11 17:42:38,062 - DEBUG - Joint score for alpha[8]: 15.8560
2025-08-11 17:42:41,558 - DEBUG - Joint score for alpha[9]: 15.6914
2025-08-11 17:42:45,053 - DEBUG - Joint score for alpha[10]: 15.6042
2025-08-11 17:42:48,551 - DEBUG - Joint score for alpha[11]: 15.8323
2025-08-11 17:42:52,048 - DEBUG - Joint score for alpha[12]: 15.6841
2025-08-11 17:42:55,545 - DEBUG - Joint score for alpha[13]: 15.5473
2025-08-11 17:42:59,040 - DEBUG - Joint score for alpha[14]: 15.7321
2025-08-11 17:43:02,538 - DEBUG - Joint score for alpha[15]: 15.7189
2025-08-11 17:43:09,077 - DEBUG - Joint score for alpha[0]: 16.0531
2025-08-11 17:43:12,577 - DEBUG - Joint score for alpha[1]: 16.0236
2025-08-11 17:43:16,073 - DEBUG - Joint score for alpha[2]: 15.5566
2025-08-11 17:43:19,569 - DEBUG - Joint score for alpha[3]: 15.8993
2025-08-11 17:43:23,065 - DEBUG - Joint score for alpha[4]: 16.0054
2025-08-11 17:43:26,559 - DEBUG - Joint score for alpha[5]: 15.8689
2025-08-11 17:43:30,054 - DEBUG - Joint score for alpha[6]: 16.4094
2025-08-11 17:43:33,548 - DEBUG - Joint score for alpha[7]: 15.7942
2025-08-11 17:43:37,042 - DEBUG - Joint score for alpha[8]: 15.8148
2025-08-11 17:43:40,537 - DEBUG - Joint score for alpha[9]: 15.7468
2025-08-11 17:43:44,031 - DEBUG - Joint score for alpha[10]: 15.8935
2025-08-11 17:43:47,527 - DEBUG - Joint score for alpha[11]: 15.9026
2025-08-11 17:43:51,022 - DEBUG - Joint score for alpha[12]: 15.5992
2025-08-11 17:43:54,519 - DEBUG - Joint score for alpha[13]: 15.9048
2025-08-11 17:43:58,013 - DEBUG - Joint score for alpha[14]: 15.7388
2025-08-11 17:44:01,508 - DEBUG - Joint score for alpha[15]: 15.7610
2025-08-11 17:44:01,549 - INFO - Step 67/120: mean ENERGY=15.5369
2025-08-11 17:44:01,552 - DEBUG - Beginning Gibbs iteration s = 67
2025-08-11 17:44:08,392 - DEBUG - Joint score for alpha[0]: 17.1189
2025-08-11 17:44:11,890 - DEBUG - Joint score for alpha[1]: 15.6438
2025-08-11 17:44:15,386 - DEBUG - Joint score for alpha[2]: 16.1707
2025-08-11 17:44:18,881 - DEBUG - Joint score for alpha[3]: 15.4847
2025-08-11 17:44:22,377 - DEBUG - Joint score for alpha[4]: 17.4026
2025-08-11 17:44:25,872 - DEBUG - Joint score for alpha[5]: 18.1686
2025-08-11 17:44:29,369 - DEBUG - Joint score for alpha[6]: 15.7520
2025-08-11 17:44:32,865 - DEBUG - Joint score for alpha[7]: 15.7477
2025-08-11 17:44:36,360 - DEBUG - Joint score for alpha[8]: 17.2184
2025-08-11 17:44:39,855 - DEBUG - Joint score for alpha[9]: 16.1191
2025-08-11 17:44:43,347 - DEBUG - Joint score for alpha[10]: 17.0575
2025-08-11 17:44:46,842 - DEBUG - Joint score for alpha[11]: 15.8177
2025-08-11 17:44:50,336 - DEBUG - Joint score for alpha[12]: 17.6118
2025-08-11 17:44:53,834 - DEBUG - Joint score for alpha[13]: 16.0601
2025-08-11 17:44:57,328 - DEBUG - Joint score for alpha[14]: 15.9615
2025-08-11 17:45:00,824 - DEBUG - Joint score for alpha[15]: 15.9343
2025-08-11 17:45:07,549 - DEBUG - Joint score for alpha[0]: 16.0570
2025-08-11 17:45:11,047 - DEBUG - Joint score for alpha[1]: 15.5486
2025-08-11 17:45:14,543 - DEBUG - Joint score for alpha[2]: 15.5984
2025-08-11 17:45:18,038 - DEBUG - Joint score for alpha[3]: 15.5873
2025-08-11 17:45:21,534 - DEBUG - Joint score for alpha[4]: 15.6501
2025-08-11 17:45:25,029 - DEBUG - Joint score for alpha[5]: 15.6422
2025-08-11 17:45:28,525 - DEBUG - Joint score for alpha[6]: 16.3247
2025-08-11 17:45:32,020 - DEBUG - Joint score for alpha[7]: 15.8775
2025-08-11 17:45:35,516 - DEBUG - Joint score for alpha[8]: 15.7931
2025-08-11 17:45:39,013 - DEBUG - Joint score for alpha[9]: 15.5706
2025-08-11 17:45:42,508 - DEBUG - Joint score for alpha[10]: 16.0711
2025-08-11 17:45:46,005 - DEBUG - Joint score for alpha[11]: 15.5664
2025-08-11 17:45:49,500 - DEBUG - Joint score for alpha[12]: 15.5333
2025-08-11 17:45:52,999 - DEBUG - Joint score for alpha[13]: 15.7941
2025-08-11 17:45:56,494 - DEBUG - Joint score for alpha[14]: 15.6509
2025-08-11 17:45:59,988 - DEBUG - Joint score for alpha[15]: 15.5914
2025-08-11 17:46:06,585 - DEBUG - Joint score for alpha[0]: 15.6831
2025-08-11 17:46:10,083 - DEBUG - Joint score for alpha[1]: 15.5855
2025-08-11 17:46:13,580 - DEBUG - Joint score for alpha[2]: 15.8313
2025-08-11 17:46:17,076 - DEBUG - Joint score for alpha[3]: 15.6856
2025-08-11 17:46:20,571 - DEBUG - Joint score for alpha[4]: 15.9299
2025-08-11 17:46:24,065 - DEBUG - Joint score for alpha[5]: 15.7444
2025-08-11 17:46:27,560 - DEBUG - Joint score for alpha[6]: 16.4637
2025-08-11 17:46:31,054 - DEBUG - Joint score for alpha[7]: 15.6586
2025-08-11 17:46:34,549 - DEBUG - Joint score for alpha[8]: 15.6345
2025-08-11 17:46:38,045 - DEBUG - Joint score for alpha[9]: 15.7179
2025-08-11 17:46:41,540 - DEBUG - Joint score for alpha[10]: 15.6392
2025-08-11 17:46:45,038 - DEBUG - Joint score for alpha[11]: 15.8316
2025-08-11 17:46:48,534 - DEBUG - Joint score for alpha[12]: 15.5856
2025-08-11 17:46:52,032 - DEBUG - Joint score for alpha[13]: 15.7723
2025-08-11 17:46:55,527 - DEBUG - Joint score for alpha[14]: 15.6570
2025-08-11 17:46:59,022 - DEBUG - Joint score for alpha[15]: 15.5379
2025-08-11 17:47:05,556 - DEBUG - Joint score for alpha[0]: 16.7456
2025-08-11 17:47:09,055 - DEBUG - Joint score for alpha[1]: 15.7281
2025-08-11 17:47:12,551 - DEBUG - Joint score for alpha[2]: 15.9438
2025-08-11 17:47:16,048 - DEBUG - Joint score for alpha[3]: 15.6137
2025-08-11 17:47:19,546 - DEBUG - Joint score for alpha[4]: 15.4203
2025-08-11 17:47:23,042 - DEBUG - Joint score for alpha[5]: 15.9061
2025-08-11 17:47:26,539 - DEBUG - Joint score for alpha[6]: 15.8815
2025-08-11 17:47:30,034 - DEBUG - Joint score for alpha[7]: 15.7220
2025-08-11 17:47:33,529 - DEBUG - Joint score for alpha[8]: 15.7564
2025-08-11 17:47:37,025 - DEBUG - Joint score for alpha[9]: 15.7158
2025-08-11 17:47:40,518 - DEBUG - Joint score for alpha[10]: 16.7095
2025-08-11 17:47:44,014 - DEBUG - Joint score for alpha[11]: 15.6960
2025-08-11 17:47:47,510 - DEBUG - Joint score for alpha[12]: 15.7605
2025-08-11 17:47:51,007 - DEBUG - Joint score for alpha[13]: 15.5354
2025-08-11 17:47:54,502 - DEBUG - Joint score for alpha[14]: 15.8490
2025-08-11 17:47:57,998 - DEBUG - Joint score for alpha[15]: 16.4328
2025-08-11 17:48:04,528 - DEBUG - Joint score for alpha[0]: 16.0295
2025-08-11 17:48:08,027 - DEBUG - Joint score for alpha[1]: 15.7617
2025-08-11 17:48:11,523 - DEBUG - Joint score for alpha[2]: 15.8283
2025-08-11 17:48:15,020 - DEBUG - Joint score for alpha[3]: 15.5369
2025-08-11 17:48:18,517 - DEBUG - Joint score for alpha[4]: 15.8880
2025-08-11 17:48:22,012 - DEBUG - Joint score for alpha[5]: 15.8340
2025-08-11 17:48:25,508 - DEBUG - Joint score for alpha[6]: 15.7728
2025-08-11 17:48:29,003 - DEBUG - Joint score for alpha[7]: 15.7454
2025-08-11 17:48:32,498 - DEBUG - Joint score for alpha[8]: 16.0039
2025-08-11 17:48:35,995 - DEBUG - Joint score for alpha[9]: 16.0362
2025-08-11 17:48:39,491 - DEBUG - Joint score for alpha[10]: 15.5372
2025-08-11 17:48:42,989 - DEBUG - Joint score for alpha[11]: 15.6256
2025-08-11 17:48:46,484 - DEBUG - Joint score for alpha[12]: 15.7659
2025-08-11 17:48:49,980 - DEBUG - Joint score for alpha[13]: 15.6237
2025-08-11 17:48:53,474 - DEBUG - Joint score for alpha[14]: 15.5309
2025-08-11 17:48:56,969 - DEBUG - Joint score for alpha[15]: 16.1785
2025-08-11 17:48:57,010 - INFO - Step 68/120: mean ENERGY=15.5014
2025-08-11 17:48:57,013 - DEBUG - Beginning Gibbs iteration s = 68
2025-08-11 17:49:04,377 - DEBUG - Joint score for alpha[0]: 17.2311
2025-08-11 17:49:07,874 - DEBUG - Joint score for alpha[1]: 16.6585
2025-08-11 17:49:11,370 - DEBUG - Joint score for alpha[2]: 16.0734
2025-08-11 17:49:14,866 - DEBUG - Joint score for alpha[3]: 17.9122
2025-08-11 17:49:18,363 - DEBUG - Joint score for alpha[4]: 15.8409
2025-08-11 17:49:21,857 - DEBUG - Joint score for alpha[5]: 16.1922
2025-08-11 17:49:25,354 - DEBUG - Joint score for alpha[6]: 15.9256
2025-08-11 17:49:28,850 - DEBUG - Joint score for alpha[7]: 16.0537
2025-08-11 17:49:32,346 - DEBUG - Joint score for alpha[8]: 16.8248
2025-08-11 17:49:35,843 - DEBUG - Joint score for alpha[9]: 16.9091
2025-08-11 17:49:39,339 - DEBUG - Joint score for alpha[10]: 19.2864
2025-08-11 17:49:42,837 - DEBUG - Joint score for alpha[11]: 15.7656
2025-08-11 17:49:46,334 - DEBUG - Joint score for alpha[12]: 16.1921
2025-08-11 17:49:49,833 - DEBUG - Joint score for alpha[13]: 18.1263
2025-08-11 17:49:53,329 - DEBUG - Joint score for alpha[14]: 18.5181
2025-08-11 17:49:56,826 - DEBUG - Joint score for alpha[15]: 16.1518
2025-08-11 17:50:03,422 - DEBUG - Joint score for alpha[0]: 15.7533
2025-08-11 17:50:06,919 - DEBUG - Joint score for alpha[1]: 16.2916
2025-08-11 17:50:10,414 - DEBUG - Joint score for alpha[2]: 15.8797
2025-08-11 17:50:13,909 - DEBUG - Joint score for alpha[3]: 15.8688
2025-08-11 17:50:17,405 - DEBUG - Joint score for alpha[4]: 16.0903
2025-08-11 17:50:20,900 - DEBUG - Joint score for alpha[5]: 16.0625
2025-08-11 17:50:24,396 - DEBUG - Joint score for alpha[6]: 16.1236
2025-08-11 17:50:27,891 - DEBUG - Joint score for alpha[7]: 16.0795
2025-08-11 17:50:31,386 - DEBUG - Joint score for alpha[8]: 15.6558
2025-08-11 17:50:34,883 - DEBUG - Joint score for alpha[9]: 15.8001
2025-08-11 17:50:38,378 - DEBUG - Joint score for alpha[10]: 15.7753
2025-08-11 17:50:41,874 - DEBUG - Joint score for alpha[11]: 16.2456
2025-08-11 17:50:45,370 - DEBUG - Joint score for alpha[12]: 15.6031
2025-08-11 17:50:48,867 - DEBUG - Joint score for alpha[13]: 15.8180
2025-08-11 17:50:52,361 - DEBUG - Joint score for alpha[14]: 15.8951
2025-08-11 17:50:55,857 - DEBUG - Joint score for alpha[15]: 15.9894
2025-08-11 17:51:02,417 - DEBUG - Joint score for alpha[0]: 15.8240
2025-08-11 17:51:05,914 - DEBUG - Joint score for alpha[1]: 15.8773
2025-08-11 17:51:09,409 - DEBUG - Joint score for alpha[2]: 15.8678
2025-08-11 17:51:12,904 - DEBUG - Joint score for alpha[3]: 15.7279
2025-08-11 17:51:16,401 - DEBUG - Joint score for alpha[4]: 15.9556
2025-08-11 17:51:19,896 - DEBUG - Joint score for alpha[5]: 15.8274
2025-08-11 17:51:23,392 - DEBUG - Joint score for alpha[6]: 16.1213
2025-08-11 17:51:26,886 - DEBUG - Joint score for alpha[7]: 15.9298
2025-08-11 17:51:30,381 - DEBUG - Joint score for alpha[8]: 16.0520
2025-08-11 17:51:33,878 - DEBUG - Joint score for alpha[9]: 15.7616
2025-08-11 17:51:37,374 - DEBUG - Joint score for alpha[10]: 15.8376
2025-08-11 17:51:40,872 - DEBUG - Joint score for alpha[11]: 15.9795
2025-08-11 17:51:44,369 - DEBUG - Joint score for alpha[12]: 15.9288
2025-08-11 17:51:47,868 - DEBUG - Joint score for alpha[13]: 16.0606
2025-08-11 17:51:51,362 - DEBUG - Joint score for alpha[14]: 15.9449
2025-08-11 17:51:54,857 - DEBUG - Joint score for alpha[15]: 15.9049
2025-08-11 17:52:01,434 - DEBUG - Joint score for alpha[0]: 15.9973
2025-08-11 17:52:04,934 - DEBUG - Joint score for alpha[1]: 16.0619
2025-08-11 17:52:08,431 - DEBUG - Joint score for alpha[2]: 16.0835
2025-08-11 17:52:11,927 - DEBUG - Joint score for alpha[3]: 16.0629
2025-08-11 17:52:15,425 - DEBUG - Joint score for alpha[4]: 15.8965
2025-08-11 17:52:18,919 - DEBUG - Joint score for alpha[5]: 15.9749
2025-08-11 17:52:22,416 - DEBUG - Joint score for alpha[6]: 15.9125
2025-08-11 17:52:25,912 - DEBUG - Joint score for alpha[7]: 16.4034
2025-08-11 17:52:29,408 - DEBUG - Joint score for alpha[8]: 16.0203
2025-08-11 17:52:32,906 - DEBUG - Joint score for alpha[9]: 16.1365
2025-08-11 17:52:36,403 - DEBUG - Joint score for alpha[10]: 16.0016
2025-08-11 17:52:39,901 - DEBUG - Joint score for alpha[11]: 16.2370
2025-08-11 17:52:43,397 - DEBUG - Joint score for alpha[12]: 16.0724
2025-08-11 17:52:46,897 - DEBUG - Joint score for alpha[13]: 16.1866
2025-08-11 17:52:50,393 - DEBUG - Joint score for alpha[14]: 16.0770
2025-08-11 17:52:53,887 - DEBUG - Joint score for alpha[15]: 16.0978
2025-08-11 17:53:00,451 - DEBUG - Joint score for alpha[0]: 16.4767
2025-08-11 17:53:03,950 - DEBUG - Joint score for alpha[1]: 16.4135
2025-08-11 17:53:07,447 - DEBUG - Joint score for alpha[2]: 16.0902
2025-08-11 17:53:10,943 - DEBUG - Joint score for alpha[3]: 15.8047
2025-08-11 17:53:14,439 - DEBUG - Joint score for alpha[4]: 16.3022
2025-08-11 17:53:17,935 - DEBUG - Joint score for alpha[5]: 16.2838
2025-08-11 17:53:21,432 - DEBUG - Joint score for alpha[6]: 16.3595
2025-08-11 17:53:24,927 - DEBUG - Joint score for alpha[7]: 16.3412
2025-08-11 17:53:28,422 - DEBUG - Joint score for alpha[8]: 16.0658
2025-08-11 17:53:31,919 - DEBUG - Joint score for alpha[9]: 15.7134
2025-08-11 17:53:35,413 - DEBUG - Joint score for alpha[10]: 16.1451
2025-08-11 17:53:38,911 - DEBUG - Joint score for alpha[11]: 15.9895
2025-08-11 17:53:42,407 - DEBUG - Joint score for alpha[12]: 16.3650
2025-08-11 17:53:45,906 - DEBUG - Joint score for alpha[13]: 16.3811
2025-08-11 17:53:49,401 - DEBUG - Joint score for alpha[14]: 15.8492
2025-08-11 17:53:52,900 - DEBUG - Joint score for alpha[15]: 15.8175
2025-08-11 17:53:52,941 - INFO - Step 69/120: mean ENERGY=15.7413
2025-08-11 17:53:52,943 - DEBUG - Beginning Gibbs iteration s = 69
2025-08-11 17:53:59,650 - DEBUG - Joint score for alpha[0]: 18.0915
2025-08-11 17:54:03,148 - DEBUG - Joint score for alpha[1]: 17.3074
2025-08-11 17:54:06,646 - DEBUG - Joint score for alpha[2]: 16.4025
2025-08-11 17:54:10,142 - DEBUG - Joint score for alpha[3]: 15.9292
2025-08-11 17:54:13,640 - DEBUG - Joint score for alpha[4]: 16.4799
2025-08-11 17:54:17,135 - DEBUG - Joint score for alpha[5]: 16.0865
2025-08-11 17:54:20,632 - DEBUG - Joint score for alpha[6]: 16.0248
2025-08-11 17:54:24,128 - DEBUG - Joint score for alpha[7]: 15.7530
2025-08-11 17:54:27,625 - DEBUG - Joint score for alpha[8]: 16.3792
2025-08-11 17:54:31,120 - DEBUG - Joint score for alpha[9]: 15.9232
2025-08-11 17:54:34,614 - DEBUG - Joint score for alpha[10]: 15.9252
2025-08-11 17:54:38,111 - DEBUG - Joint score for alpha[11]: 16.7722
2025-08-11 17:54:41,606 - DEBUG - Joint score for alpha[12]: 16.7272
2025-08-11 17:54:45,104 - DEBUG - Joint score for alpha[13]: 17.2473
2025-08-11 17:54:48,598 - DEBUG - Joint score for alpha[14]: 17.9615
2025-08-11 17:54:52,094 - DEBUG - Joint score for alpha[15]: 16.4663
2025-08-11 17:54:58,627 - DEBUG - Joint score for alpha[0]: 15.8076
2025-08-11 17:55:02,125 - DEBUG - Joint score for alpha[1]: 15.4980
2025-08-11 17:55:05,621 - DEBUG - Joint score for alpha[2]: 15.6434
2025-08-11 17:55:09,117 - DEBUG - Joint score for alpha[3]: 15.6399
2025-08-11 17:55:12,614 - DEBUG - Joint score for alpha[4]: 15.5182
2025-08-11 17:55:16,108 - DEBUG - Joint score for alpha[5]: 16.2945
2025-08-11 17:55:19,604 - DEBUG - Joint score for alpha[6]: 15.6213
2025-08-11 17:55:23,099 - DEBUG - Joint score for alpha[7]: 15.7041
2025-08-11 17:55:26,595 - DEBUG - Joint score for alpha[8]: 15.5877
2025-08-11 17:55:30,091 - DEBUG - Joint score for alpha[9]: 15.5211
2025-08-11 17:55:33,586 - DEBUG - Joint score for alpha[10]: 15.7804
2025-08-11 17:55:37,083 - DEBUG - Joint score for alpha[11]: 15.8008
2025-08-11 17:55:40,579 - DEBUG - Joint score for alpha[12]: 15.8246
2025-08-11 17:55:44,077 - DEBUG - Joint score for alpha[13]: 15.7944
2025-08-11 17:55:47,572 - DEBUG - Joint score for alpha[14]: 15.5131
2025-08-11 17:55:51,067 - DEBUG - Joint score for alpha[15]: 15.8069
2025-08-11 17:55:57,595 - DEBUG - Joint score for alpha[0]: 15.6532
2025-08-11 17:56:01,092 - DEBUG - Joint score for alpha[1]: 15.7202
2025-08-11 17:56:04,587 - DEBUG - Joint score for alpha[2]: 15.6592
2025-08-11 17:56:08,082 - DEBUG - Joint score for alpha[3]: 15.7800
2025-08-11 17:56:11,578 - DEBUG - Joint score for alpha[4]: 15.5108
2025-08-11 17:56:15,073 - DEBUG - Joint score for alpha[5]: 15.5857
2025-08-11 17:56:18,570 - DEBUG - Joint score for alpha[6]: 15.7422
2025-08-11 17:56:22,065 - DEBUG - Joint score for alpha[7]: 15.5909
2025-08-11 17:56:25,560 - DEBUG - Joint score for alpha[8]: 15.6829
2025-08-11 17:56:29,057 - DEBUG - Joint score for alpha[9]: 15.4743
2025-08-11 17:56:32,552 - DEBUG - Joint score for alpha[10]: 15.8798
2025-08-11 17:56:36,048 - DEBUG - Joint score for alpha[11]: 16.8260
2025-08-11 17:56:39,545 - DEBUG - Joint score for alpha[12]: 15.8221
2025-08-11 17:56:43,043 - DEBUG - Joint score for alpha[13]: 15.6957
2025-08-11 17:56:46,539 - DEBUG - Joint score for alpha[14]: 15.6037
2025-08-11 17:56:50,037 - DEBUG - Joint score for alpha[15]: 15.6400
2025-08-11 17:56:56,565 - DEBUG - Joint score for alpha[0]: 15.8069
2025-08-11 17:57:00,063 - DEBUG - Joint score for alpha[1]: 16.1608
2025-08-11 17:57:03,560 - DEBUG - Joint score for alpha[2]: 16.2940
2025-08-11 17:57:07,056 - DEBUG - Joint score for alpha[3]: 16.0408
2025-08-11 17:57:10,553 - DEBUG - Joint score for alpha[4]: 16.1157
2025-08-11 17:57:14,048 - DEBUG - Joint score for alpha[5]: 15.5956
2025-08-11 17:57:17,545 - DEBUG - Joint score for alpha[6]: 15.6655
2025-08-11 17:57:21,041 - DEBUG - Joint score for alpha[7]: 15.6046
2025-08-11 17:57:24,537 - DEBUG - Joint score for alpha[8]: 15.5337
2025-08-11 17:57:28,035 - DEBUG - Joint score for alpha[9]: 16.4559
2025-08-11 17:57:31,532 - DEBUG - Joint score for alpha[10]: 16.1142
2025-08-11 17:57:35,031 - DEBUG - Joint score for alpha[11]: 15.7081
2025-08-11 17:57:38,528 - DEBUG - Joint score for alpha[12]: 15.7047
2025-08-11 17:57:42,027 - DEBUG - Joint score for alpha[13]: 16.0840
2025-08-11 17:57:45,524 - DEBUG - Joint score for alpha[14]: 15.6661
2025-08-11 17:57:49,021 - DEBUG - Joint score for alpha[15]: 16.4094
2025-08-11 17:57:55,623 - DEBUG - Joint score for alpha[0]: 15.7530
2025-08-11 17:57:59,121 - DEBUG - Joint score for alpha[1]: 16.5539
2025-08-11 17:58:02,617 - DEBUG - Joint score for alpha[2]: 15.9781
2025-08-11 17:58:06,113 - DEBUG - Joint score for alpha[3]: 17.4155
2025-08-11 17:58:09,611 - DEBUG - Joint score for alpha[4]: 16.0749
2025-08-11 17:58:13,105 - DEBUG - Joint score for alpha[5]: 15.9763
2025-08-11 17:58:16,602 - DEBUG - Joint score for alpha[6]: 16.7272
2025-08-11 17:58:20,097 - DEBUG - Joint score for alpha[7]: 15.8248
2025-08-11 17:58:23,593 - DEBUG - Joint score for alpha[8]: 16.0995
2025-08-11 17:58:27,092 - DEBUG - Joint score for alpha[9]: 15.8013
2025-08-11 17:58:30,587 - DEBUG - Joint score for alpha[10]: 16.0508
2025-08-11 17:58:34,083 - DEBUG - Joint score for alpha[11]: 16.0158
2025-08-11 17:58:37,581 - DEBUG - Joint score for alpha[12]: 16.2922
2025-08-11 17:58:41,080 - DEBUG - Joint score for alpha[13]: 15.5744
2025-08-11 17:58:44,576 - DEBUG - Joint score for alpha[14]: 16.0113
2025-08-11 17:58:48,073 - DEBUG - Joint score for alpha[15]: 15.7123
2025-08-11 17:58:48,114 - INFO - Step 70/120: mean ENERGY=15.5667
2025-08-11 17:58:48,116 - DEBUG - Beginning Gibbs iteration s = 70
2025-08-11 17:58:54,682 - DEBUG - Joint score for alpha[0]: 15.5599
2025-08-11 17:58:58,177 - DEBUG - Joint score for alpha[1]: 15.5837
2025-08-11 17:59:01,670 - DEBUG - Joint score for alpha[2]: 16.3810
2025-08-11 17:59:05,162 - DEBUG - Joint score for alpha[3]: 15.6986
2025-08-11 17:59:08,655 - DEBUG - Joint score for alpha[4]: 15.5470
2025-08-11 17:59:12,146 - DEBUG - Joint score for alpha[5]: 15.8747
2025-08-11 17:59:15,637 - DEBUG - Joint score for alpha[6]: 15.8059
2025-08-11 17:59:19,129 - DEBUG - Joint score for alpha[7]: 15.6548
2025-08-11 17:59:22,621 - DEBUG - Joint score for alpha[8]: 16.6600
2025-08-11 17:59:26,114 - DEBUG - Joint score for alpha[9]: 15.6841
2025-08-11 17:59:29,607 - DEBUG - Joint score for alpha[10]: 16.1003
2025-08-11 17:59:33,101 - DEBUG - Joint score for alpha[11]: 15.8955
2025-08-11 17:59:36,593 - DEBUG - Joint score for alpha[12]: 15.6695
2025-08-11 17:59:40,088 - DEBUG - Joint score for alpha[13]: 18.4221
2025-08-11 17:59:43,580 - DEBUG - Joint score for alpha[14]: 17.2010
2025-08-11 17:59:47,073 - DEBUG - Joint score for alpha[15]: 18.2940
2025-08-11 17:59:53,592 - DEBUG - Joint score for alpha[0]: 15.5122
2025-08-11 17:59:57,088 - DEBUG - Joint score for alpha[1]: 15.6749
2025-08-11 18:00:00,579 - DEBUG - Joint score for alpha[2]: 17.1093
2025-08-11 18:00:04,071 - DEBUG - Joint score for alpha[3]: 16.1387
2025-08-11 18:00:07,564 - DEBUG - Joint score for alpha[4]: 15.6885
2025-08-11 18:00:11,056 - DEBUG - Joint score for alpha[5]: 15.7162
2025-08-11 18:00:14,549 - DEBUG - Joint score for alpha[6]: 15.7121
2025-08-11 18:00:18,039 - DEBUG - Joint score for alpha[7]: 15.6837
2025-08-11 18:00:21,531 - DEBUG - Joint score for alpha[8]: 15.7412
2025-08-11 18:00:25,024 - DEBUG - Joint score for alpha[9]: 15.6686
2025-08-11 18:00:28,515 - DEBUG - Joint score for alpha[10]: 15.9022
2025-08-11 18:00:32,008 - DEBUG - Joint score for alpha[11]: 15.8530
2025-08-11 18:00:35,500 - DEBUG - Joint score for alpha[12]: 15.7078
2025-08-11 18:00:38,995 - DEBUG - Joint score for alpha[13]: 15.6458
2025-08-11 18:00:42,485 - DEBUG - Joint score for alpha[14]: 15.6874
2025-08-11 18:00:45,978 - DEBUG - Joint score for alpha[15]: 15.8447
2025-08-11 18:00:52,498 - DEBUG - Joint score for alpha[0]: 15.7738
2025-08-11 18:00:55,995 - DEBUG - Joint score for alpha[1]: 15.7594
2025-08-11 18:00:59,488 - DEBUG - Joint score for alpha[2]: 15.5708
2025-08-11 18:01:02,982 - DEBUG - Joint score for alpha[3]: 15.8695
2025-08-11 18:01:06,477 - DEBUG - Joint score for alpha[4]: 15.8000
2025-08-11 18:01:09,970 - DEBUG - Joint score for alpha[5]: 15.8303
2025-08-11 18:01:13,465 - DEBUG - Joint score for alpha[6]: 15.9190
2025-08-11 18:01:16,958 - DEBUG - Joint score for alpha[7]: 15.6672
2025-08-11 18:01:20,452 - DEBUG - Joint score for alpha[8]: 15.8038
2025-08-11 18:01:23,946 - DEBUG - Joint score for alpha[9]: 16.0727
2025-08-11 18:01:27,439 - DEBUG - Joint score for alpha[10]: 15.8541
2025-08-11 18:01:30,935 - DEBUG - Joint score for alpha[11]: 15.7105
2025-08-11 18:01:34,430 - DEBUG - Joint score for alpha[12]: 15.7623
2025-08-11 18:01:37,927 - DEBUG - Joint score for alpha[13]: 15.6111
2025-08-11 18:01:41,421 - DEBUG - Joint score for alpha[14]: 15.6244
2025-08-11 18:01:44,916 - DEBUG - Joint score for alpha[15]: 16.1075
2025-08-11 18:01:51,441 - DEBUG - Joint score for alpha[0]: 16.4071
2025-08-11 18:01:54,937 - DEBUG - Joint score for alpha[1]: 15.7644
2025-08-11 18:01:58,432 - DEBUG - Joint score for alpha[2]: 15.6752
2025-08-11 18:02:01,928 - DEBUG - Joint score for alpha[3]: 15.4876
2025-08-11 18:02:05,422 - DEBUG - Joint score for alpha[4]: 17.4746
2025-08-11 18:02:08,916 - DEBUG - Joint score for alpha[5]: 15.7944
2025-08-11 18:02:12,411 - DEBUG - Joint score for alpha[6]: 16.0424
2025-08-11 18:02:15,905 - DEBUG - Joint score for alpha[7]: 15.5763
2025-08-11 18:02:19,399 - DEBUG - Joint score for alpha[8]: 15.7870
2025-08-11 18:02:22,896 - DEBUG - Joint score for alpha[9]: 15.6435
2025-08-11 18:02:26,391 - DEBUG - Joint score for alpha[10]: 15.7124
2025-08-11 18:02:29,889 - DEBUG - Joint score for alpha[11]: 16.0758
2025-08-11 18:02:33,385 - DEBUG - Joint score for alpha[12]: 15.8053
2025-08-11 18:02:36,883 - DEBUG - Joint score for alpha[13]: 15.9494
2025-08-11 18:02:40,378 - DEBUG - Joint score for alpha[14]: 15.8768
2025-08-11 18:02:43,874 - DEBUG - Joint score for alpha[15]: 15.6571
2025-08-11 18:02:50,565 - DEBUG - Joint score for alpha[0]: 15.6625
2025-08-11 18:02:54,061 - DEBUG - Joint score for alpha[1]: 15.8466
2025-08-11 18:02:57,552 - DEBUG - Joint score for alpha[2]: 15.7754
2025-08-11 18:03:01,044 - DEBUG - Joint score for alpha[3]: 15.8306
2025-08-11 18:03:04,536 - DEBUG - Joint score for alpha[4]: 15.7368
2025-08-11 18:03:08,027 - DEBUG - Joint score for alpha[5]: 15.9249
2025-08-11 18:03:11,519 - DEBUG - Joint score for alpha[6]: 15.6244
2025-08-11 18:03:15,010 - DEBUG - Joint score for alpha[7]: 16.3443
2025-08-11 18:03:18,501 - DEBUG - Joint score for alpha[8]: 15.8778
2025-08-11 18:03:21,994 - DEBUG - Joint score for alpha[9]: 16.2524
2025-08-11 18:03:25,486 - DEBUG - Joint score for alpha[10]: 15.7784
2025-08-11 18:03:28,980 - DEBUG - Joint score for alpha[11]: 15.8915
2025-08-11 18:03:32,472 - DEBUG - Joint score for alpha[12]: 16.0002
2025-08-11 18:03:35,967 - DEBUG - Joint score for alpha[13]: 16.3194
2025-08-11 18:03:39,459 - DEBUG - Joint score for alpha[14]: 15.9636
2025-08-11 18:03:42,953 - DEBUG - Joint score for alpha[15]: 15.7318
2025-08-11 18:03:42,994 - INFO - Step 71/120: mean ENERGY=15.5484
2025-08-11 18:03:42,996 - DEBUG - Beginning Gibbs iteration s = 71
2025-08-11 18:03:50,014 - DEBUG - Joint score for alpha[0]: 15.7791
2025-08-11 18:03:53,508 - DEBUG - Joint score for alpha[1]: 15.7659
2025-08-11 18:03:57,000 - DEBUG - Joint score for alpha[2]: 17.1366
2025-08-11 18:04:00,491 - DEBUG - Joint score for alpha[3]: 16.7263
2025-08-11 18:04:03,984 - DEBUG - Joint score for alpha[4]: 15.7674
2025-08-11 18:04:07,475 - DEBUG - Joint score for alpha[5]: 17.3144
2025-08-11 18:04:10,967 - DEBUG - Joint score for alpha[6]: 16.0280
2025-08-11 18:04:14,457 - DEBUG - Joint score for alpha[7]: 15.8056
2025-08-11 18:04:17,949 - DEBUG - Joint score for alpha[8]: 16.9555
2025-08-11 18:04:21,443 - DEBUG - Joint score for alpha[9]: 16.3915
2025-08-11 18:04:24,935 - DEBUG - Joint score for alpha[10]: 18.6236
2025-08-11 18:04:28,430 - DEBUG - Joint score for alpha[11]: 15.8756
2025-08-11 18:04:31,924 - DEBUG - Joint score for alpha[12]: 16.0263
2025-08-11 18:04:35,420 - DEBUG - Joint score for alpha[13]: 17.0875
2025-08-11 18:04:38,914 - DEBUG - Joint score for alpha[14]: 18.0981
2025-08-11 18:04:42,409 - DEBUG - Joint score for alpha[15]: 15.7745
2025-08-11 18:04:48,968 - DEBUG - Joint score for alpha[0]: 15.8381
2025-08-11 18:04:52,467 - DEBUG - Joint score for alpha[1]: 15.8107
2025-08-11 18:04:55,959 - DEBUG - Joint score for alpha[2]: 15.8394
2025-08-11 18:04:59,452 - DEBUG - Joint score for alpha[3]: 15.8146
2025-08-11 18:05:02,945 - DEBUG - Joint score for alpha[4]: 16.0532
2025-08-11 18:05:06,437 - DEBUG - Joint score for alpha[5]: 15.8331
2025-08-11 18:05:09,929 - DEBUG - Joint score for alpha[6]: 16.0270
2025-08-11 18:05:13,422 - DEBUG - Joint score for alpha[7]: 15.8202
2025-08-11 18:05:16,914 - DEBUG - Joint score for alpha[8]: 15.8321
2025-08-11 18:05:20,408 - DEBUG - Joint score for alpha[9]: 15.8174
2025-08-11 18:05:23,900 - DEBUG - Joint score for alpha[10]: 15.9800
2025-08-11 18:05:27,395 - DEBUG - Joint score for alpha[11]: 15.8526
2025-08-11 18:05:30,889 - DEBUG - Joint score for alpha[12]: 16.0997
2025-08-11 18:05:34,384 - DEBUG - Joint score for alpha[13]: 15.8877
2025-08-11 18:05:37,877 - DEBUG - Joint score for alpha[14]: 15.9237
2025-08-11 18:05:41,369 - DEBUG - Joint score for alpha[15]: 15.7857
2025-08-11 18:05:47,930 - DEBUG - Joint score for alpha[0]: 15.8826
2025-08-11 18:05:51,428 - DEBUG - Joint score for alpha[1]: 15.7436
2025-08-11 18:05:54,924 - DEBUG - Joint score for alpha[2]: 15.9223
2025-08-11 18:05:58,419 - DEBUG - Joint score for alpha[3]: 15.7950
2025-08-11 18:06:01,914 - DEBUG - Joint score for alpha[4]: 15.7671
2025-08-11 18:06:05,408 - DEBUG - Joint score for alpha[5]: 15.8851
2025-08-11 18:06:08,903 - DEBUG - Joint score for alpha[6]: 15.7934
2025-08-11 18:06:12,395 - DEBUG - Joint score for alpha[7]: 15.8846
2025-08-11 18:06:15,887 - DEBUG - Joint score for alpha[8]: 15.8532
2025-08-11 18:06:19,381 - DEBUG - Joint score for alpha[9]: 15.9292
2025-08-11 18:06:22,873 - DEBUG - Joint score for alpha[10]: 15.9989
2025-08-11 18:06:26,368 - DEBUG - Joint score for alpha[11]: 15.8503
2025-08-11 18:06:29,862 - DEBUG - Joint score for alpha[12]: 15.7618
2025-08-11 18:06:33,358 - DEBUG - Joint score for alpha[13]: 15.8170
2025-08-11 18:06:36,853 - DEBUG - Joint score for alpha[14]: 15.9429
2025-08-11 18:06:40,348 - DEBUG - Joint score for alpha[15]: 15.7523
2025-08-11 18:06:46,905 - DEBUG - Joint score for alpha[0]: 15.8110
2025-08-11 18:06:50,401 - DEBUG - Joint score for alpha[1]: 16.0611
2025-08-11 18:06:53,895 - DEBUG - Joint score for alpha[2]: 16.0179
2025-08-11 18:06:57,389 - DEBUG - Joint score for alpha[3]: 16.8471
2025-08-11 18:07:00,885 - DEBUG - Joint score for alpha[4]: 15.8635
2025-08-11 18:07:04,376 - DEBUG - Joint score for alpha[5]: 15.9837
2025-08-11 18:07:07,869 - DEBUG - Joint score for alpha[6]: 15.9159
2025-08-11 18:07:11,361 - DEBUG - Joint score for alpha[7]: 17.3541
2025-08-11 18:07:14,855 - DEBUG - Joint score for alpha[8]: 16.3598
2025-08-11 18:07:18,349 - DEBUG - Joint score for alpha[9]: 16.0020
2025-08-11 18:07:21,840 - DEBUG - Joint score for alpha[10]: 15.8514
2025-08-11 18:07:25,334 - DEBUG - Joint score for alpha[11]: 16.2225
2025-08-11 18:07:28,827 - DEBUG - Joint score for alpha[12]: 16.0441
2025-08-11 18:07:32,321 - DEBUG - Joint score for alpha[13]: 15.8785
2025-08-11 18:07:35,814 - DEBUG - Joint score for alpha[14]: 15.8001
2025-08-11 18:07:39,308 - DEBUG - Joint score for alpha[15]: 16.2157
2025-08-11 18:07:46,019 - DEBUG - Joint score for alpha[0]: 16.2260
2025-08-11 18:07:49,516 - DEBUG - Joint score for alpha[1]: 16.0841
2025-08-11 18:07:53,012 - DEBUG - Joint score for alpha[2]: 15.9871
2025-08-11 18:07:56,507 - DEBUG - Joint score for alpha[3]: 15.8327
2025-08-11 18:08:00,003 - DEBUG - Joint score for alpha[4]: 16.0116
2025-08-11 18:08:03,495 - DEBUG - Joint score for alpha[5]: 16.5454
2025-08-11 18:08:06,988 - DEBUG - Joint score for alpha[6]: 16.0674
2025-08-11 18:08:10,481 - DEBUG - Joint score for alpha[7]: 15.8716
2025-08-11 18:08:13,974 - DEBUG - Joint score for alpha[8]: 16.0978
2025-08-11 18:08:17,467 - DEBUG - Joint score for alpha[9]: 16.8292
2025-08-11 18:08:20,960 - DEBUG - Joint score for alpha[10]: 16.2605
2025-08-11 18:08:24,454 - DEBUG - Joint score for alpha[11]: 16.0297
2025-08-11 18:08:27,947 - DEBUG - Joint score for alpha[12]: 16.3926
2025-08-11 18:08:31,441 - DEBUG - Joint score for alpha[13]: 16.0368
2025-08-11 18:08:34,933 - DEBUG - Joint score for alpha[14]: 16.0891
2025-08-11 18:08:38,427 - DEBUG - Joint score for alpha[15]: 15.9693
2025-08-11 18:08:38,468 - INFO - Step 72/120: mean ENERGY=15.7856
2025-08-11 18:08:38,473 - DEBUG - Beginning Gibbs iteration s = 72
2025-08-11 18:08:45,346 - DEBUG - Joint score for alpha[0]: 16.0827
2025-08-11 18:08:48,844 - DEBUG - Joint score for alpha[1]: 15.7595
2025-08-11 18:08:52,339 - DEBUG - Joint score for alpha[2]: 15.7192
2025-08-11 18:08:55,835 - DEBUG - Joint score for alpha[3]: 16.3980
2025-08-11 18:08:59,331 - DEBUG - Joint score for alpha[4]: 15.6456
2025-08-11 18:09:02,823 - DEBUG - Joint score for alpha[5]: 16.4438
2025-08-11 18:09:06,317 - DEBUG - Joint score for alpha[6]: 16.1010
2025-08-11 18:09:09,809 - DEBUG - Joint score for alpha[7]: 15.7224
2025-08-11 18:09:13,301 - DEBUG - Joint score for alpha[8]: 16.1862
2025-08-11 18:09:16,795 - DEBUG - Joint score for alpha[9]: 15.7807
2025-08-11 18:09:20,286 - DEBUG - Joint score for alpha[10]: 16.2597
2025-08-11 18:09:23,781 - DEBUG - Joint score for alpha[11]: 15.9905
2025-08-11 18:09:27,275 - DEBUG - Joint score for alpha[12]: 15.7093
2025-08-11 18:09:30,770 - DEBUG - Joint score for alpha[13]: 17.3198
2025-08-11 18:09:34,263 - DEBUG - Joint score for alpha[14]: 18.5739
2025-08-11 18:09:37,757 - DEBUG - Joint score for alpha[15]: 15.6308
2025-08-11 18:09:44,314 - DEBUG - Joint score for alpha[0]: 15.8915
2025-08-11 18:09:47,813 - DEBUG - Joint score for alpha[1]: 16.0963
2025-08-11 18:09:51,307 - DEBUG - Joint score for alpha[2]: 16.0495
2025-08-11 18:09:54,797 - DEBUG - Joint score for alpha[3]: 16.0420
2025-08-11 18:09:58,291 - DEBUG - Joint score for alpha[4]: 15.8877
2025-08-11 18:10:01,783 - DEBUG - Joint score for alpha[5]: 15.9207
2025-08-11 18:10:05,276 - DEBUG - Joint score for alpha[6]: 15.8342
2025-08-11 18:10:08,769 - DEBUG - Joint score for alpha[7]: 15.9013
2025-08-11 18:10:12,262 - DEBUG - Joint score for alpha[8]: 15.7705
2025-08-11 18:10:15,757 - DEBUG - Joint score for alpha[9]: 15.8741
2025-08-11 18:10:19,251 - DEBUG - Joint score for alpha[10]: 15.7910
2025-08-11 18:10:22,745 - DEBUG - Joint score for alpha[11]: 15.8143
2025-08-11 18:10:26,239 - DEBUG - Joint score for alpha[12]: 15.9881
2025-08-11 18:10:29,734 - DEBUG - Joint score for alpha[13]: 15.8914
2025-08-11 18:10:33,227 - DEBUG - Joint score for alpha[14]: 16.0693
2025-08-11 18:10:36,721 - DEBUG - Joint score for alpha[15]: 18.0688
2025-08-11 18:10:43,303 - DEBUG - Joint score for alpha[0]: 16.1079
2025-08-11 18:10:46,800 - DEBUG - Joint score for alpha[1]: 15.7274
2025-08-11 18:10:50,293 - DEBUG - Joint score for alpha[2]: 15.8770
2025-08-11 18:10:53,786 - DEBUG - Joint score for alpha[3]: 15.7027
2025-08-11 18:10:57,280 - DEBUG - Joint score for alpha[4]: 15.6707
2025-08-11 18:11:00,771 - DEBUG - Joint score for alpha[5]: 15.7742
2025-08-11 18:11:04,266 - DEBUG - Joint score for alpha[6]: 16.0811
2025-08-11 18:11:07,759 - DEBUG - Joint score for alpha[7]: 15.5572
2025-08-11 18:11:11,251 - DEBUG - Joint score for alpha[8]: 16.0834
2025-08-11 18:11:14,746 - DEBUG - Joint score for alpha[9]: 15.8278
2025-08-11 18:11:18,238 - DEBUG - Joint score for alpha[10]: 15.8677
2025-08-11 18:11:21,733 - DEBUG - Joint score for alpha[11]: 15.5213
2025-08-11 18:11:25,227 - DEBUG - Joint score for alpha[12]: 15.8244
2025-08-11 18:11:28,723 - DEBUG - Joint score for alpha[13]: 15.8137
2025-08-11 18:11:32,216 - DEBUG - Joint score for alpha[14]: 16.3610
2025-08-11 18:11:35,710 - DEBUG - Joint score for alpha[15]: 15.7062
2025-08-11 18:11:42,269 - DEBUG - Joint score for alpha[0]: 15.7538
2025-08-11 18:11:45,767 - DEBUG - Joint score for alpha[1]: 15.8519
2025-08-11 18:11:49,260 - DEBUG - Joint score for alpha[2]: 15.7706
2025-08-11 18:11:52,755 - DEBUG - Joint score for alpha[3]: 15.7827
2025-08-11 18:11:56,248 - DEBUG - Joint score for alpha[4]: 21.5160
2025-08-11 18:11:59,741 - DEBUG - Joint score for alpha[5]: 15.7553
2025-08-11 18:12:03,234 - DEBUG - Joint score for alpha[6]: 15.7749
2025-08-11 18:12:06,727 - DEBUG - Joint score for alpha[7]: 15.5976
2025-08-11 18:12:10,220 - DEBUG - Joint score for alpha[8]: 15.7006
2025-08-11 18:12:13,715 - DEBUG - Joint score for alpha[9]: 15.8639
2025-08-11 18:12:17,209 - DEBUG - Joint score for alpha[10]: 15.9715
2025-08-11 18:12:20,705 - DEBUG - Joint score for alpha[11]: 15.8736
2025-08-11 18:12:24,199 - DEBUG - Joint score for alpha[12]: 15.8851
2025-08-11 18:12:27,696 - DEBUG - Joint score for alpha[13]: 15.9208
2025-08-11 18:12:31,189 - DEBUG - Joint score for alpha[14]: 16.3231
2025-08-11 18:12:34,683 - DEBUG - Joint score for alpha[15]: 15.9122
2025-08-11 18:12:41,401 - DEBUG - Joint score for alpha[0]: 15.7007
2025-08-11 18:12:44,898 - DEBUG - Joint score for alpha[1]: 16.0152
2025-08-11 18:12:48,394 - DEBUG - Joint score for alpha[2]: 16.2894
2025-08-11 18:12:51,889 - DEBUG - Joint score for alpha[3]: 16.3581
2025-08-11 18:12:55,383 - DEBUG - Joint score for alpha[4]: 16.1212
2025-08-11 18:12:58,875 - DEBUG - Joint score for alpha[5]: 16.0941
2025-08-11 18:13:02,368 - DEBUG - Joint score for alpha[6]: 15.8943
2025-08-11 18:13:05,861 - DEBUG - Joint score for alpha[7]: 15.9182
2025-08-11 18:13:09,354 - DEBUG - Joint score for alpha[8]: 16.1878
2025-08-11 18:13:12,847 - DEBUG - Joint score for alpha[9]: 15.8364
2025-08-11 18:13:16,341 - DEBUG - Joint score for alpha[10]: 16.0840
2025-08-11 18:13:19,835 - DEBUG - Joint score for alpha[11]: 16.0438
2025-08-11 18:13:23,329 - DEBUG - Joint score for alpha[12]: 16.0453
2025-08-11 18:13:26,825 - DEBUG - Joint score for alpha[13]: 15.8885
2025-08-11 18:13:30,318 - DEBUG - Joint score for alpha[14]: 16.0202
2025-08-11 18:13:33,812 - DEBUG - Joint score for alpha[15]: 15.8527
2025-08-11 18:13:33,854 - INFO - Step 73/120: mean ENERGY=15.6442
2025-08-11 18:13:33,860 - DEBUG - Beginning Gibbs iteration s = 73
2025-08-11 18:13:40,442 - DEBUG - Joint score for alpha[0]: 15.8129
2025-08-11 18:13:43,940 - DEBUG - Joint score for alpha[1]: 15.6541
2025-08-11 18:13:47,435 - DEBUG - Joint score for alpha[2]: 19.0619
2025-08-11 18:13:50,928 - DEBUG - Joint score for alpha[3]: 17.1350
2025-08-11 18:13:54,423 - DEBUG - Joint score for alpha[4]: 16.5026
2025-08-11 18:13:57,915 - DEBUG - Joint score for alpha[5]: 15.8931
2025-08-11 18:14:01,408 - DEBUG - Joint score for alpha[6]: 15.9281
2025-08-11 18:14:04,900 - DEBUG - Joint score for alpha[7]: 15.9182
2025-08-11 18:14:08,392 - DEBUG - Joint score for alpha[8]: 16.8691
2025-08-11 18:14:11,886 - DEBUG - Joint score for alpha[9]: 18.0787
2025-08-11 18:14:15,377 - DEBUG - Joint score for alpha[10]: 15.8856
2025-08-11 18:14:18,872 - DEBUG - Joint score for alpha[11]: 16.0130
2025-08-11 18:14:22,365 - DEBUG - Joint score for alpha[12]: 15.8081
2025-08-11 18:14:25,860 - DEBUG - Joint score for alpha[13]: 16.7459
2025-08-11 18:14:29,352 - DEBUG - Joint score for alpha[14]: 15.7453
2025-08-11 18:14:32,847 - DEBUG - Joint score for alpha[15]: 16.0853
2025-08-11 18:14:39,402 - DEBUG - Joint score for alpha[0]: 15.7873
2025-08-11 18:14:42,900 - DEBUG - Joint score for alpha[1]: 15.7366
2025-08-11 18:14:46,397 - DEBUG - Joint score for alpha[2]: 15.7343
2025-08-11 18:14:49,891 - DEBUG - Joint score for alpha[3]: 15.7767
2025-08-11 18:14:53,384 - DEBUG - Joint score for alpha[4]: 15.6521
2025-08-11 18:14:56,876 - DEBUG - Joint score for alpha[5]: 15.7825
2025-08-11 18:15:00,370 - DEBUG - Joint score for alpha[6]: 15.6840
2025-08-11 18:15:03,863 - DEBUG - Joint score for alpha[7]: 16.0150
2025-08-11 18:15:07,358 - DEBUG - Joint score for alpha[8]: 15.7833
2025-08-11 18:15:10,852 - DEBUG - Joint score for alpha[9]: 15.8620
2025-08-11 18:15:14,344 - DEBUG - Joint score for alpha[10]: 15.8379
2025-08-11 18:15:17,839 - DEBUG - Joint score for alpha[11]: 15.6830
2025-08-11 18:15:21,333 - DEBUG - Joint score for alpha[12]: 16.9097
2025-08-11 18:15:24,829 - DEBUG - Joint score for alpha[13]: 15.7860
2025-08-11 18:15:28,322 - DEBUG - Joint score for alpha[14]: 15.5454
2025-08-11 18:15:31,818 - DEBUG - Joint score for alpha[15]: 16.1760
2025-08-11 18:15:38,540 - DEBUG - Joint score for alpha[0]: 15.4854
2025-08-11 18:15:42,038 - DEBUG - Joint score for alpha[1]: 15.8929
2025-08-11 18:15:45,532 - DEBUG - Joint score for alpha[2]: 15.7247
2025-08-11 18:15:49,025 - DEBUG - Joint score for alpha[3]: 16.1028
2025-08-11 18:15:52,519 - DEBUG - Joint score for alpha[4]: 15.7240
2025-08-11 18:15:56,010 - DEBUG - Joint score for alpha[5]: 15.5321
2025-08-11 18:15:59,503 - DEBUG - Joint score for alpha[6]: 16.3415
2025-08-11 18:16:02,995 - DEBUG - Joint score for alpha[7]: 15.7893
2025-08-11 18:16:06,487 - DEBUG - Joint score for alpha[8]: 15.8941
2025-08-11 18:16:09,981 - DEBUG - Joint score for alpha[9]: 15.8680
2025-08-11 18:16:13,472 - DEBUG - Joint score for alpha[10]: 15.6704
2025-08-11 18:16:16,966 - DEBUG - Joint score for alpha[11]: 15.8651
2025-08-11 18:16:20,459 - DEBUG - Joint score for alpha[12]: 15.7909
2025-08-11 18:16:23,954 - DEBUG - Joint score for alpha[13]: 15.6000
2025-08-11 18:16:27,446 - DEBUG - Joint score for alpha[14]: 15.7643
2025-08-11 18:16:30,940 - DEBUG - Joint score for alpha[15]: 15.8973
2025-08-11 18:16:37,514 - DEBUG - Joint score for alpha[0]: 15.8608
2025-08-11 18:16:41,012 - DEBUG - Joint score for alpha[1]: 15.9068
2025-08-11 18:16:44,508 - DEBUG - Joint score for alpha[2]: 16.0085
2025-08-11 18:16:48,003 - DEBUG - Joint score for alpha[3]: 16.0527
2025-08-11 18:16:51,499 - DEBUG - Joint score for alpha[4]: 18.4719
2025-08-11 18:16:54,992 - DEBUG - Joint score for alpha[5]: 16.2808
2025-08-11 18:16:58,487 - DEBUG - Joint score for alpha[6]: 15.7910
2025-08-11 18:17:01,981 - DEBUG - Joint score for alpha[7]: 16.7366
2025-08-11 18:17:05,475 - DEBUG - Joint score for alpha[8]: 16.5412
2025-08-11 18:17:08,971 - DEBUG - Joint score for alpha[9]: 15.8640
2025-08-11 18:17:12,466 - DEBUG - Joint score for alpha[10]: 15.4834
2025-08-11 18:17:15,963 - DEBUG - Joint score for alpha[11]: 15.4707
2025-08-11 18:17:19,458 - DEBUG - Joint score for alpha[12]: 15.7059
2025-08-11 18:17:22,953 - DEBUG - Joint score for alpha[13]: 15.6642
2025-08-11 18:17:26,446 - DEBUG - Joint score for alpha[14]: 15.7363
2025-08-11 18:17:29,940 - DEBUG - Joint score for alpha[15]: 15.7245
2025-08-11 18:17:36,672 - DEBUG - Joint score for alpha[0]: 16.1703
2025-08-11 18:17:40,169 - DEBUG - Joint score for alpha[1]: 15.7940
2025-08-11 18:17:43,664 - DEBUG - Joint score for alpha[2]: 16.1364
2025-08-11 18:17:47,159 - DEBUG - Joint score for alpha[3]: 15.8272
2025-08-11 18:17:50,654 - DEBUG - Joint score for alpha[4]: 15.9537
2025-08-11 18:17:54,148 - DEBUG - Joint score for alpha[5]: 18.0963
2025-08-11 18:17:57,644 - DEBUG - Joint score for alpha[6]: 16.4035
2025-08-11 18:18:01,138 - DEBUG - Joint score for alpha[7]: 15.6526
2025-08-11 18:18:04,632 - DEBUG - Joint score for alpha[8]: 16.4372
2025-08-11 18:18:08,129 - DEBUG - Joint score for alpha[9]: 16.8048
2025-08-11 18:18:11,623 - DEBUG - Joint score for alpha[10]: 16.4747
2025-08-11 18:18:15,119 - DEBUG - Joint score for alpha[11]: 16.6063
2025-08-11 18:18:18,615 - DEBUG - Joint score for alpha[12]: 15.9182
2025-08-11 18:18:22,112 - DEBUG - Joint score for alpha[13]: 16.5156
2025-08-11 18:18:25,602 - DEBUG - Joint score for alpha[14]: 16.1929
2025-08-11 18:18:29,096 - DEBUG - Joint score for alpha[15]: 17.2487
2025-08-11 18:18:29,137 - INFO - Step 74/120: mean ENERGY=15.5617
2025-08-11 18:18:29,143 - DEBUG - Beginning Gibbs iteration s = 74
2025-08-11 18:18:35,817 - DEBUG - Joint score for alpha[0]: 15.8674
2025-08-11 18:18:39,317 - DEBUG - Joint score for alpha[1]: 15.6349
2025-08-11 18:18:42,815 - DEBUG - Joint score for alpha[2]: 15.8671
2025-08-11 18:18:46,314 - DEBUG - Joint score for alpha[3]: 16.6970
2025-08-11 18:18:49,812 - DEBUG - Joint score for alpha[4]: 15.6513
2025-08-11 18:18:53,309 - DEBUG - Joint score for alpha[5]: 16.1167
2025-08-11 18:18:56,805 - DEBUG - Joint score for alpha[6]: 15.6999
2025-08-11 18:19:00,302 - DEBUG - Joint score for alpha[7]: 16.1024
2025-08-11 18:19:03,798 - DEBUG - Joint score for alpha[8]: 16.3638
2025-08-11 18:19:07,293 - DEBUG - Joint score for alpha[9]: 16.0959
2025-08-11 18:19:10,788 - DEBUG - Joint score for alpha[10]: 15.7480
2025-08-11 18:19:14,284 - DEBUG - Joint score for alpha[11]: 15.7035
2025-08-11 18:19:17,780 - DEBUG - Joint score for alpha[12]: 16.1881
2025-08-11 18:19:21,275 - DEBUG - Joint score for alpha[13]: 16.2096
2025-08-11 18:19:24,770 - DEBUG - Joint score for alpha[14]: 15.8012
2025-08-11 18:19:28,267 - DEBUG - Joint score for alpha[15]: 15.7883
2025-08-11 18:19:34,828 - DEBUG - Joint score for alpha[0]: 16.0496
2025-08-11 18:19:38,328 - DEBUG - Joint score for alpha[1]: 15.8679
2025-08-11 18:19:41,826 - DEBUG - Joint score for alpha[2]: 15.8104
2025-08-11 18:19:45,324 - DEBUG - Joint score for alpha[3]: 15.7401
2025-08-11 18:19:48,821 - DEBUG - Joint score for alpha[4]: 16.1766
2025-08-11 18:19:52,317 - DEBUG - Joint score for alpha[5]: 15.7550
2025-08-11 18:19:55,814 - DEBUG - Joint score for alpha[6]: 15.6111
2025-08-11 18:19:59,311 - DEBUG - Joint score for alpha[7]: 15.8650
2025-08-11 18:20:02,806 - DEBUG - Joint score for alpha[8]: 15.8000
2025-08-11 18:20:06,300 - DEBUG - Joint score for alpha[9]: 15.9234
2025-08-11 18:20:09,796 - DEBUG - Joint score for alpha[10]: 15.8000
2025-08-11 18:20:13,289 - DEBUG - Joint score for alpha[11]: 15.9959
2025-08-11 18:20:16,784 - DEBUG - Joint score for alpha[12]: 15.7583
2025-08-11 18:20:20,279 - DEBUG - Joint score for alpha[13]: 15.9094
2025-08-11 18:20:23,774 - DEBUG - Joint score for alpha[14]: 15.8094
2025-08-11 18:20:27,270 - DEBUG - Joint score for alpha[15]: 15.5760
2025-08-11 18:20:33,827 - DEBUG - Joint score for alpha[0]: 15.8993
2025-08-11 18:20:37,326 - DEBUG - Joint score for alpha[1]: 15.9037
2025-08-11 18:20:40,824 - DEBUG - Joint score for alpha[2]: 16.3115
2025-08-11 18:20:44,322 - DEBUG - Joint score for alpha[3]: 15.7502
2025-08-11 18:20:47,820 - DEBUG - Joint score for alpha[4]: 15.7914
2025-08-11 18:20:51,318 - DEBUG - Joint score for alpha[5]: 15.9124
2025-08-11 18:20:54,812 - DEBUG - Joint score for alpha[6]: 15.9775
2025-08-11 18:20:58,307 - DEBUG - Joint score for alpha[7]: 15.8912
2025-08-11 18:21:01,801 - DEBUG - Joint score for alpha[8]: 15.7549
2025-08-11 18:21:05,295 - DEBUG - Joint score for alpha[9]: 16.0356
2025-08-11 18:21:08,790 - DEBUG - Joint score for alpha[10]: 16.1257
2025-08-11 18:21:12,284 - DEBUG - Joint score for alpha[11]: 15.7670
2025-08-11 18:21:15,777 - DEBUG - Joint score for alpha[12]: 15.8601
2025-08-11 18:21:19,272 - DEBUG - Joint score for alpha[13]: 15.8766
2025-08-11 18:21:22,767 - DEBUG - Joint score for alpha[14]: 16.4107
2025-08-11 18:21:26,262 - DEBUG - Joint score for alpha[15]: 15.8060
2025-08-11 18:21:32,817 - DEBUG - Joint score for alpha[0]: 16.0101
2025-08-11 18:21:36,317 - DEBUG - Joint score for alpha[1]: 15.9134
2025-08-11 18:21:39,815 - DEBUG - Joint score for alpha[2]: 15.8755
2025-08-11 18:21:43,314 - DEBUG - Joint score for alpha[3]: 15.7555
2025-08-11 18:21:46,811 - DEBUG - Joint score for alpha[4]: 15.8847
2025-08-11 18:21:50,309 - DEBUG - Joint score for alpha[5]: 15.8129
2025-08-11 18:21:53,806 - DEBUG - Joint score for alpha[6]: 15.8295
2025-08-11 18:21:57,302 - DEBUG - Joint score for alpha[7]: 15.8533
2025-08-11 18:22:00,799 - DEBUG - Joint score for alpha[8]: 16.3906
2025-08-11 18:22:04,294 - DEBUG - Joint score for alpha[9]: 15.6962
2025-08-11 18:22:07,790 - DEBUG - Joint score for alpha[10]: 15.9810
2025-08-11 18:22:11,285 - DEBUG - Joint score for alpha[11]: 17.2173
2025-08-11 18:22:14,780 - DEBUG - Joint score for alpha[12]: 15.8607
2025-08-11 18:22:18,275 - DEBUG - Joint score for alpha[13]: 15.7634
2025-08-11 18:22:21,771 - DEBUG - Joint score for alpha[14]: 16.0514
2025-08-11 18:22:25,268 - DEBUG - Joint score for alpha[15]: 15.8734
2025-08-11 18:22:31,938 - DEBUG - Joint score for alpha[0]: 15.8863
2025-08-11 18:22:35,438 - DEBUG - Joint score for alpha[1]: 15.8820
2025-08-11 18:22:38,937 - DEBUG - Joint score for alpha[2]: 16.1638
2025-08-11 18:22:42,432 - DEBUG - Joint score for alpha[3]: 15.9111
2025-08-11 18:22:45,928 - DEBUG - Joint score for alpha[4]: 16.1110
2025-08-11 18:22:49,423 - DEBUG - Joint score for alpha[5]: 16.1003
2025-08-11 18:22:52,918 - DEBUG - Joint score for alpha[6]: 16.1768
2025-08-11 18:22:56,413 - DEBUG - Joint score for alpha[7]: 15.8856
2025-08-11 18:22:59,908 - DEBUG - Joint score for alpha[8]: 16.3333
2025-08-11 18:23:03,403 - DEBUG - Joint score for alpha[9]: 15.8508
2025-08-11 18:23:06,898 - DEBUG - Joint score for alpha[10]: 15.8891
2025-08-11 18:23:10,392 - DEBUG - Joint score for alpha[11]: 16.0694
2025-08-11 18:23:13,887 - DEBUG - Joint score for alpha[12]: 16.1699
2025-08-11 18:23:17,382 - DEBUG - Joint score for alpha[13]: 16.2168
2025-08-11 18:23:20,877 - DEBUG - Joint score for alpha[14]: 15.7972
2025-08-11 18:23:24,372 - DEBUG - Joint score for alpha[15]: 15.8052
2025-08-11 18:23:24,415 - INFO - Step 75/120: mean ENERGY=15.6909
2025-08-11 18:23:24,420 - DEBUG - Beginning Gibbs iteration s = 75
2025-08-11 18:23:31,093 - DEBUG - Joint score for alpha[0]: 18.6161
2025-08-11 18:23:34,592 - DEBUG - Joint score for alpha[1]: 15.8119
2025-08-11 18:23:38,089 - DEBUG - Joint score for alpha[2]: 16.0866
2025-08-11 18:23:41,587 - DEBUG - Joint score for alpha[3]: 17.1528
2025-08-11 18:23:45,083 - DEBUG - Joint score for alpha[4]: 17.3857
2025-08-11 18:23:48,580 - DEBUG - Joint score for alpha[5]: 15.7686
2025-08-11 18:23:52,078 - DEBUG - Joint score for alpha[6]: 15.8066
2025-08-11 18:23:55,574 - DEBUG - Joint score for alpha[7]: 17.1646
2025-08-11 18:23:59,068 - DEBUG - Joint score for alpha[8]: 15.8636
2025-08-11 18:24:02,563 - DEBUG - Joint score for alpha[9]: 15.7692
2025-08-11 18:24:06,056 - DEBUG - Joint score for alpha[10]: 15.8696
2025-08-11 18:24:09,550 - DEBUG - Joint score for alpha[11]: 15.6976
2025-08-11 18:24:13,045 - DEBUG - Joint score for alpha[12]: 16.0509
2025-08-11 18:24:16,539 - DEBUG - Joint score for alpha[13]: 15.8668
2025-08-11 18:24:20,034 - DEBUG - Joint score for alpha[14]: 16.4103
2025-08-11 18:24:23,530 - DEBUG - Joint score for alpha[15]: 16.0800
2025-08-11 18:24:30,054 - DEBUG - Joint score for alpha[0]: 15.7629
2025-08-11 18:24:33,555 - DEBUG - Joint score for alpha[1]: 16.4272
2025-08-11 18:24:37,052 - DEBUG - Joint score for alpha[2]: 16.1053
2025-08-11 18:24:40,548 - DEBUG - Joint score for alpha[3]: 15.7901
2025-08-11 18:24:44,041 - DEBUG - Joint score for alpha[4]: 15.9557
2025-08-11 18:24:47,536 - DEBUG - Joint score for alpha[5]: 15.9446
2025-08-11 18:24:51,029 - DEBUG - Joint score for alpha[6]: 15.8067
2025-08-11 18:24:54,524 - DEBUG - Joint score for alpha[7]: 16.0093
2025-08-11 18:24:58,018 - DEBUG - Joint score for alpha[8]: 15.8033
2025-08-11 18:25:01,513 - DEBUG - Joint score for alpha[9]: 16.1222
2025-08-11 18:25:05,007 - DEBUG - Joint score for alpha[10]: 15.9353
2025-08-11 18:25:08,501 - DEBUG - Joint score for alpha[11]: 16.3760
2025-08-11 18:25:11,995 - DEBUG - Joint score for alpha[12]: 15.6533
2025-08-11 18:25:15,489 - DEBUG - Joint score for alpha[13]: 15.9784
2025-08-11 18:25:18,985 - DEBUG - Joint score for alpha[14]: 16.0511
2025-08-11 18:25:22,480 - DEBUG - Joint score for alpha[15]: 16.0442
2025-08-11 18:25:29,036 - DEBUG - Joint score for alpha[0]: 15.8949
2025-08-11 18:25:32,533 - DEBUG - Joint score for alpha[1]: 15.8689
2025-08-11 18:25:36,029 - DEBUG - Joint score for alpha[2]: 15.8662
2025-08-11 18:25:39,527 - DEBUG - Joint score for alpha[3]: 15.9623
2025-08-11 18:25:43,024 - DEBUG - Joint score for alpha[4]: 16.0025
2025-08-11 18:25:46,521 - DEBUG - Joint score for alpha[5]: 15.8209
2025-08-11 18:25:50,017 - DEBUG - Joint score for alpha[6]: 15.9297
2025-08-11 18:25:53,513 - DEBUG - Joint score for alpha[7]: 16.1855
2025-08-11 18:25:57,009 - DEBUG - Joint score for alpha[8]: 16.5008
2025-08-11 18:26:00,505 - DEBUG - Joint score for alpha[9]: 15.6326
2025-08-11 18:26:04,003 - DEBUG - Joint score for alpha[10]: 15.7656
2025-08-11 18:26:07,500 - DEBUG - Joint score for alpha[11]: 15.8628
2025-08-11 18:26:10,995 - DEBUG - Joint score for alpha[12]: 16.0181
2025-08-11 18:26:14,488 - DEBUG - Joint score for alpha[13]: 17.4536
2025-08-11 18:26:17,982 - DEBUG - Joint score for alpha[14]: 16.2084
2025-08-11 18:26:21,476 - DEBUG - Joint score for alpha[15]: 15.7554
2025-08-11 18:26:28,000 - DEBUG - Joint score for alpha[0]: 15.8088
2025-08-11 18:26:31,498 - DEBUG - Joint score for alpha[1]: 15.6180
2025-08-11 18:26:34,995 - DEBUG - Joint score for alpha[2]: 16.0490
2025-08-11 18:26:38,492 - DEBUG - Joint score for alpha[3]: 15.8658
2025-08-11 18:26:41,989 - DEBUG - Joint score for alpha[4]: 16.2095
2025-08-11 18:26:45,486 - DEBUG - Joint score for alpha[5]: 15.6857
2025-08-11 18:26:48,983 - DEBUG - Joint score for alpha[6]: 15.5898
2025-08-11 18:26:52,479 - DEBUG - Joint score for alpha[7]: 15.7372
2025-08-11 18:26:55,971 - DEBUG - Joint score for alpha[8]: 18.5279
2025-08-11 18:26:59,465 - DEBUG - Joint score for alpha[9]: 15.8435
2025-08-11 18:27:02,960 - DEBUG - Joint score for alpha[10]: 15.8608
2025-08-11 18:27:06,453 - DEBUG - Joint score for alpha[11]: 16.1493
2025-08-11 18:27:09,947 - DEBUG - Joint score for alpha[12]: 15.8319
2025-08-11 18:27:13,441 - DEBUG - Joint score for alpha[13]: 15.6613
2025-08-11 18:27:16,936 - DEBUG - Joint score for alpha[14]: 15.8712
2025-08-11 18:27:20,432 - DEBUG - Joint score for alpha[15]: 15.8821
2025-08-11 18:27:26,953 - DEBUG - Joint score for alpha[0]: 15.7739
2025-08-11 18:27:30,452 - DEBUG - Joint score for alpha[1]: 16.5709
2025-08-11 18:27:33,949 - DEBUG - Joint score for alpha[2]: 15.8247
2025-08-11 18:27:37,447 - DEBUG - Joint score for alpha[3]: 17.4034
2025-08-11 18:27:40,942 - DEBUG - Joint score for alpha[4]: 16.0053
2025-08-11 18:27:44,438 - DEBUG - Joint score for alpha[5]: 15.9491
2025-08-11 18:27:47,936 - DEBUG - Joint score for alpha[6]: 15.7136
2025-08-11 18:27:51,432 - DEBUG - Joint score for alpha[7]: 16.4988
2025-08-11 18:27:54,927 - DEBUG - Joint score for alpha[8]: 15.8293
2025-08-11 18:27:58,423 - DEBUG - Joint score for alpha[9]: 16.8048
2025-08-11 18:28:01,920 - DEBUG - Joint score for alpha[10]: 15.9746
2025-08-11 18:28:05,417 - DEBUG - Joint score for alpha[11]: 16.4203
2025-08-11 18:28:08,912 - DEBUG - Joint score for alpha[12]: 17.0449
2025-08-11 18:28:12,405 - DEBUG - Joint score for alpha[13]: 15.9863
2025-08-11 18:28:15,899 - DEBUG - Joint score for alpha[14]: 16.1879
2025-08-11 18:28:19,393 - DEBUG - Joint score for alpha[15]: 16.2430
2025-08-11 18:28:19,435 - INFO - Step 76/120: mean ENERGY=15.6574
2025-08-11 18:28:19,443 - DEBUG - Beginning Gibbs iteration s = 76
2025-08-11 18:28:26,321 - DEBUG - Joint score for alpha[0]: 15.7427
2025-08-11 18:28:29,820 - DEBUG - Joint score for alpha[1]: 15.9585
2025-08-11 18:28:33,315 - DEBUG - Joint score for alpha[2]: 15.9620
2025-08-11 18:28:36,811 - DEBUG - Joint score for alpha[3]: 15.8376
2025-08-11 18:28:40,306 - DEBUG - Joint score for alpha[4]: 15.9928
2025-08-11 18:28:43,802 - DEBUG - Joint score for alpha[5]: 16.4302
2025-08-11 18:28:47,298 - DEBUG - Joint score for alpha[6]: 15.9203
2025-08-11 18:28:50,795 - DEBUG - Joint score for alpha[7]: 15.8936
2025-08-11 18:28:54,290 - DEBUG - Joint score for alpha[8]: 15.8579
2025-08-11 18:28:57,786 - DEBUG - Joint score for alpha[9]: 15.9723
2025-08-11 18:29:01,283 - DEBUG - Joint score for alpha[10]: 16.0135
2025-08-11 18:29:04,777 - DEBUG - Joint score for alpha[11]: 15.8025
2025-08-11 18:29:08,272 - DEBUG - Joint score for alpha[12]: 17.7999
2025-08-11 18:29:11,768 - DEBUG - Joint score for alpha[13]: 16.9751
2025-08-11 18:29:15,263 - DEBUG - Joint score for alpha[14]: 15.8072
2025-08-11 18:29:18,757 - DEBUG - Joint score for alpha[15]: 15.7463
2025-08-11 18:29:25,333 - DEBUG - Joint score for alpha[0]: 15.6308
2025-08-11 18:29:28,830 - DEBUG - Joint score for alpha[1]: 16.0035
2025-08-11 18:29:32,327 - DEBUG - Joint score for alpha[2]: 15.7719
2025-08-11 18:29:35,824 - DEBUG - Joint score for alpha[3]: 15.6976
2025-08-11 18:29:39,320 - DEBUG - Joint score for alpha[4]: 15.6576
2025-08-11 18:29:42,814 - DEBUG - Joint score for alpha[5]: 16.2417
2025-08-11 18:29:46,307 - DEBUG - Joint score for alpha[6]: 15.7071
2025-08-11 18:29:49,799 - DEBUG - Joint score for alpha[7]: 15.6023
2025-08-11 18:29:53,291 - DEBUG - Joint score for alpha[8]: 16.3518
2025-08-11 18:29:56,785 - DEBUG - Joint score for alpha[9]: 15.7509
2025-08-11 18:30:00,279 - DEBUG - Joint score for alpha[10]: 15.7092
2025-08-11 18:30:03,772 - DEBUG - Joint score for alpha[11]: 15.8156
2025-08-11 18:30:07,265 - DEBUG - Joint score for alpha[12]: 16.0804
2025-08-11 18:30:10,759 - DEBUG - Joint score for alpha[13]: 15.8286
2025-08-11 18:30:14,254 - DEBUG - Joint score for alpha[14]: 15.9077
2025-08-11 18:30:17,750 - DEBUG - Joint score for alpha[15]: 16.4871
2025-08-11 18:30:24,304 - DEBUG - Joint score for alpha[0]: 15.9279
2025-08-11 18:30:27,800 - DEBUG - Joint score for alpha[1]: 15.7930
2025-08-11 18:30:31,294 - DEBUG - Joint score for alpha[2]: 15.7913
2025-08-11 18:30:34,790 - DEBUG - Joint score for alpha[3]: 15.7343
2025-08-11 18:30:38,285 - DEBUG - Joint score for alpha[4]: 15.7827
2025-08-11 18:30:41,780 - DEBUG - Joint score for alpha[5]: 15.7036
2025-08-11 18:30:45,275 - DEBUG - Joint score for alpha[6]: 15.8870
2025-08-11 18:30:48,769 - DEBUG - Joint score for alpha[7]: 15.8832
2025-08-11 18:30:52,264 - DEBUG - Joint score for alpha[8]: 16.4395
2025-08-11 18:30:55,760 - DEBUG - Joint score for alpha[9]: 15.7865
2025-08-11 18:30:59,256 - DEBUG - Joint score for alpha[10]: 15.8558
2025-08-11 18:31:02,752 - DEBUG - Joint score for alpha[11]: 16.0521
2025-08-11 18:31:06,247 - DEBUG - Joint score for alpha[12]: 15.9440
2025-08-11 18:31:09,743 - DEBUG - Joint score for alpha[13]: 16.4184
2025-08-11 18:31:13,238 - DEBUG - Joint score for alpha[14]: 15.7790
2025-08-11 18:31:16,735 - DEBUG - Joint score for alpha[15]: 15.8516
2025-08-11 18:31:23,289 - DEBUG - Joint score for alpha[0]: 15.9532
2025-08-11 18:31:26,788 - DEBUG - Joint score for alpha[1]: 15.7086
2025-08-11 18:31:30,285 - DEBUG - Joint score for alpha[2]: 15.9530
2025-08-11 18:31:33,781 - DEBUG - Joint score for alpha[3]: 16.0064
2025-08-11 18:31:37,277 - DEBUG - Joint score for alpha[4]: 16.0715
2025-08-11 18:31:40,773 - DEBUG - Joint score for alpha[5]: 16.3603
2025-08-11 18:31:44,269 - DEBUG - Joint score for alpha[6]: 15.9651
2025-08-11 18:31:47,765 - DEBUG - Joint score for alpha[7]: 15.7108
2025-08-11 18:31:51,261 - DEBUG - Joint score for alpha[8]: 15.8573
2025-08-11 18:31:54,755 - DEBUG - Joint score for alpha[9]: 15.7774
2025-08-11 18:31:58,251 - DEBUG - Joint score for alpha[10]: 15.7991
2025-08-11 18:32:01,746 - DEBUG - Joint score for alpha[11]: 16.0213
2025-08-11 18:32:05,241 - DEBUG - Joint score for alpha[12]: 15.8998
2025-08-11 18:32:08,736 - DEBUG - Joint score for alpha[13]: 16.1734
2025-08-11 18:32:12,232 - DEBUG - Joint score for alpha[14]: 16.2445
2025-08-11 18:32:15,729 - DEBUG - Joint score for alpha[15]: 15.6934
2025-08-11 18:32:22,332 - DEBUG - Joint score for alpha[0]: 17.4165
2025-08-11 18:32:25,829 - DEBUG - Joint score for alpha[1]: 16.9662
2025-08-11 18:32:29,324 - DEBUG - Joint score for alpha[2]: 16.2145
2025-08-11 18:32:32,820 - DEBUG - Joint score for alpha[3]: 15.6553
2025-08-11 18:32:36,314 - DEBUG - Joint score for alpha[4]: 15.9012
2025-08-11 18:32:39,808 - DEBUG - Joint score for alpha[5]: 16.0908
2025-08-11 18:32:43,303 - DEBUG - Joint score for alpha[6]: 15.8977
2025-08-11 18:32:46,797 - DEBUG - Joint score for alpha[7]: 15.7652
2025-08-11 18:32:50,291 - DEBUG - Joint score for alpha[8]: 15.9290
2025-08-11 18:32:53,786 - DEBUG - Joint score for alpha[9]: 17.5604
2025-08-11 18:32:57,281 - DEBUG - Joint score for alpha[10]: 15.8764
2025-08-11 18:33:00,775 - DEBUG - Joint score for alpha[11]: 15.7512
2025-08-11 18:33:04,270 - DEBUG - Joint score for alpha[12]: 16.5918
2025-08-11 18:33:07,764 - DEBUG - Joint score for alpha[13]: 15.6297
2025-08-11 18:33:11,260 - DEBUG - Joint score for alpha[14]: 16.6389
2025-08-11 18:33:14,757 - DEBUG - Joint score for alpha[15]: 15.7598
2025-08-11 18:33:14,799 - INFO - Step 77/120: mean ENERGY=15.6743
2025-08-11 18:33:14,807 - DEBUG - Beginning Gibbs iteration s = 77
2025-08-11 18:33:21,421 - DEBUG - Joint score for alpha[0]: 15.8917
2025-08-11 18:33:24,917 - DEBUG - Joint score for alpha[1]: 17.6870
2025-08-11 18:33:28,409 - DEBUG - Joint score for alpha[2]: 17.0629
2025-08-11 18:33:31,901 - DEBUG - Joint score for alpha[3]: 16.8827
2025-08-11 18:33:35,394 - DEBUG - Joint score for alpha[4]: 19.3156
2025-08-11 18:33:38,884 - DEBUG - Joint score for alpha[5]: 16.4743
2025-08-11 18:33:42,377 - DEBUG - Joint score for alpha[6]: 16.4606
2025-08-11 18:33:45,868 - DEBUG - Joint score for alpha[7]: 15.8489
2025-08-11 18:33:49,359 - DEBUG - Joint score for alpha[8]: 16.5991
2025-08-11 18:33:52,852 - DEBUG - Joint score for alpha[9]: 15.5955
2025-08-11 18:33:56,345 - DEBUG - Joint score for alpha[10]: 16.1022
2025-08-11 18:33:59,838 - DEBUG - Joint score for alpha[11]: 15.7453
2025-08-11 18:34:03,329 - DEBUG - Joint score for alpha[12]: 15.8738
2025-08-11 18:34:06,823 - DEBUG - Joint score for alpha[13]: 15.7671
2025-08-11 18:34:10,315 - DEBUG - Joint score for alpha[14]: 15.9630
2025-08-11 18:34:13,808 - DEBUG - Joint score for alpha[15]: 18.2235
2025-08-11 18:34:20,434 - DEBUG - Joint score for alpha[0]: 15.6898
2025-08-11 18:34:23,930 - DEBUG - Joint score for alpha[1]: 15.9622
2025-08-11 18:34:27,425 - DEBUG - Joint score for alpha[2]: 15.9237
2025-08-11 18:34:30,917 - DEBUG - Joint score for alpha[3]: 16.2207
2025-08-11 18:34:34,410 - DEBUG - Joint score for alpha[4]: 15.6474
2025-08-11 18:34:37,900 - DEBUG - Joint score for alpha[5]: 15.7992
2025-08-11 18:34:41,393 - DEBUG - Joint score for alpha[6]: 15.7489
2025-08-11 18:34:44,884 - DEBUG - Joint score for alpha[7]: 16.0197
2025-08-11 18:34:48,374 - DEBUG - Joint score for alpha[8]: 15.7613
2025-08-11 18:34:51,868 - DEBUG - Joint score for alpha[9]: 15.8910
2025-08-11 18:34:55,359 - DEBUG - Joint score for alpha[10]: 15.8668
2025-08-11 18:34:58,853 - DEBUG - Joint score for alpha[11]: 15.9086
2025-08-11 18:35:02,346 - DEBUG - Joint score for alpha[12]: 16.0123
2025-08-11 18:35:05,841 - DEBUG - Joint score for alpha[13]: 15.7919
2025-08-11 18:35:09,333 - DEBUG - Joint score for alpha[14]: 15.6518
2025-08-11 18:35:12,826 - DEBUG - Joint score for alpha[15]: 15.7558
2025-08-11 18:35:19,521 - DEBUG - Joint score for alpha[0]: 15.7458
2025-08-11 18:35:23,016 - DEBUG - Joint score for alpha[1]: 15.6981
2025-08-11 18:35:26,509 - DEBUG - Joint score for alpha[2]: 15.6550
2025-08-11 18:35:30,002 - DEBUG - Joint score for alpha[3]: 15.5727
2025-08-11 18:35:33,496 - DEBUG - Joint score for alpha[4]: 15.5841
2025-08-11 18:35:36,987 - DEBUG - Joint score for alpha[5]: 15.6509
2025-08-11 18:35:40,481 - DEBUG - Joint score for alpha[6]: 15.6376
2025-08-11 18:35:43,974 - DEBUG - Joint score for alpha[7]: 16.0411
2025-08-11 18:35:47,467 - DEBUG - Joint score for alpha[8]: 15.9111
2025-08-11 18:35:50,962 - DEBUG - Joint score for alpha[9]: 15.7981
2025-08-11 18:35:54,456 - DEBUG - Joint score for alpha[10]: 15.6992
2025-08-11 18:35:57,951 - DEBUG - Joint score for alpha[11]: 15.8161
2025-08-11 18:36:01,447 - DEBUG - Joint score for alpha[12]: 15.7937
2025-08-11 18:36:04,943 - DEBUG - Joint score for alpha[13]: 15.7457
2025-08-11 18:36:08,437 - DEBUG - Joint score for alpha[14]: 15.6401
2025-08-11 18:36:11,931 - DEBUG - Joint score for alpha[15]: 16.5665
2025-08-11 18:36:18,532 - DEBUG - Joint score for alpha[0]: 15.8916
2025-08-11 18:36:22,028 - DEBUG - Joint score for alpha[1]: 15.8990
2025-08-11 18:36:25,522 - DEBUG - Joint score for alpha[2]: 15.7134
2025-08-11 18:36:29,014 - DEBUG - Joint score for alpha[3]: 16.9605
2025-08-11 18:36:32,508 - DEBUG - Joint score for alpha[4]: 15.5890
2025-08-11 18:36:35,999 - DEBUG - Joint score for alpha[5]: 15.8679
2025-08-11 18:36:39,492 - DEBUG - Joint score for alpha[6]: 15.6839
2025-08-11 18:36:42,984 - DEBUG - Joint score for alpha[7]: 15.9266
2025-08-11 18:36:46,476 - DEBUG - Joint score for alpha[8]: 16.0511
2025-08-11 18:36:49,970 - DEBUG - Joint score for alpha[9]: 16.1502
2025-08-11 18:36:53,461 - DEBUG - Joint score for alpha[10]: 15.9226
2025-08-11 18:36:56,954 - DEBUG - Joint score for alpha[11]: 15.7404
2025-08-11 18:37:00,448 - DEBUG - Joint score for alpha[12]: 15.7427
2025-08-11 18:37:03,944 - DEBUG - Joint score for alpha[13]: 15.5861
2025-08-11 18:37:07,437 - DEBUG - Joint score for alpha[14]: 15.5191
2025-08-11 18:37:10,932 - DEBUG - Joint score for alpha[15]: 16.4847
2025-08-11 18:37:17,530 - DEBUG - Joint score for alpha[0]: 15.8412
2025-08-11 18:37:21,026 - DEBUG - Joint score for alpha[1]: 15.9640
2025-08-11 18:37:24,520 - DEBUG - Joint score for alpha[2]: 16.1125
2025-08-11 18:37:28,013 - DEBUG - Joint score for alpha[3]: 15.8458
2025-08-11 18:37:31,506 - DEBUG - Joint score for alpha[4]: 15.6888
2025-08-11 18:37:34,999 - DEBUG - Joint score for alpha[5]: 15.7057
2025-08-11 18:37:38,491 - DEBUG - Joint score for alpha[6]: 15.7319
2025-08-11 18:37:41,982 - DEBUG - Joint score for alpha[7]: 17.2785
2025-08-11 18:37:45,475 - DEBUG - Joint score for alpha[8]: 16.3308
2025-08-11 18:37:48,969 - DEBUG - Joint score for alpha[9]: 15.8534
2025-08-11 18:37:52,461 - DEBUG - Joint score for alpha[10]: 16.0658
2025-08-11 18:37:55,955 - DEBUG - Joint score for alpha[11]: 15.5615
2025-08-11 18:37:59,448 - DEBUG - Joint score for alpha[12]: 15.7386
2025-08-11 18:38:02,943 - DEBUG - Joint score for alpha[13]: 15.6590
2025-08-11 18:38:06,435 - DEBUG - Joint score for alpha[14]: 15.8031
2025-08-11 18:38:09,929 - DEBUG - Joint score for alpha[15]: 15.6777
2025-08-11 18:38:09,970 - INFO - Step 78/120: mean ENERGY=15.5792
2025-08-11 18:38:09,975 - DEBUG - Beginning Gibbs iteration s = 78
2025-08-11 18:38:16,814 - DEBUG - Joint score for alpha[0]: 15.7111
2025-08-11 18:38:20,310 - DEBUG - Joint score for alpha[1]: 15.7768
2025-08-11 18:38:23,803 - DEBUG - Joint score for alpha[2]: 15.9913
2025-08-11 18:38:27,298 - DEBUG - Joint score for alpha[3]: 16.1256
2025-08-11 18:38:30,791 - DEBUG - Joint score for alpha[4]: 15.7530
2025-08-11 18:38:34,281 - DEBUG - Joint score for alpha[5]: 16.1281
2025-08-11 18:38:37,772 - DEBUG - Joint score for alpha[6]: 17.7688
2025-08-11 18:38:41,263 - DEBUG - Joint score for alpha[7]: 17.2977
2025-08-11 18:38:44,755 - DEBUG - Joint score for alpha[8]: 15.8191
2025-08-11 18:38:48,247 - DEBUG - Joint score for alpha[9]: 15.8760
2025-08-11 18:38:51,738 - DEBUG - Joint score for alpha[10]: 16.6312
2025-08-11 18:38:55,231 - DEBUG - Joint score for alpha[11]: 15.7143
2025-08-11 18:38:58,723 - DEBUG - Joint score for alpha[12]: 16.4601
2025-08-11 18:39:02,217 - DEBUG - Joint score for alpha[13]: 16.1039
2025-08-11 18:39:05,707 - DEBUG - Joint score for alpha[14]: 15.7010
2025-08-11 18:39:09,200 - DEBUG - Joint score for alpha[15]: 16.1386
2025-08-11 18:39:15,853 - DEBUG - Joint score for alpha[0]: 15.9352
2025-08-11 18:39:19,350 - DEBUG - Joint score for alpha[1]: 16.2092
2025-08-11 18:39:22,844 - DEBUG - Joint score for alpha[2]: 15.8563
2025-08-11 18:39:26,336 - DEBUG - Joint score for alpha[3]: 15.7456
2025-08-11 18:39:29,829 - DEBUG - Joint score for alpha[4]: 16.0096
2025-08-11 18:39:33,320 - DEBUG - Joint score for alpha[5]: 16.2021
2025-08-11 18:39:36,813 - DEBUG - Joint score for alpha[6]: 16.2302
2025-08-11 18:39:40,304 - DEBUG - Joint score for alpha[7]: 16.1656
2025-08-11 18:39:43,796 - DEBUG - Joint score for alpha[8]: 16.2226
2025-08-11 18:39:47,288 - DEBUG - Joint score for alpha[9]: 15.7893
2025-08-11 18:39:50,779 - DEBUG - Joint score for alpha[10]: 15.8559
2025-08-11 18:39:54,272 - DEBUG - Joint score for alpha[11]: 15.9357
2025-08-11 18:39:57,764 - DEBUG - Joint score for alpha[12]: 15.7142
2025-08-11 18:40:01,258 - DEBUG - Joint score for alpha[13]: 16.3799
2025-08-11 18:40:05,569 - DEBUG - Joint score for alpha[14]: 16.1946
2025-08-11 18:40:09,061 - DEBUG - Joint score for alpha[15]: 16.2372
2025-08-11 18:40:15,694 - DEBUG - Joint score for alpha[0]: 16.0976
2025-08-11 18:40:19,189 - DEBUG - Joint score for alpha[1]: 15.9131
2025-08-11 18:40:22,682 - DEBUG - Joint score for alpha[2]: 16.5863
2025-08-11 18:40:26,174 - DEBUG - Joint score for alpha[3]: 15.8194
2025-08-11 18:40:29,665 - DEBUG - Joint score for alpha[4]: 16.2586
2025-08-11 18:40:33,156 - DEBUG - Joint score for alpha[5]: 16.0407
2025-08-11 18:40:36,647 - DEBUG - Joint score for alpha[6]: 15.8241
2025-08-11 18:40:40,137 - DEBUG - Joint score for alpha[7]: 15.7590
2025-08-11 18:40:43,627 - DEBUG - Joint score for alpha[8]: 16.1430
2025-08-11 18:40:47,120 - DEBUG - Joint score for alpha[9]: 16.0097
2025-08-11 18:40:50,612 - DEBUG - Joint score for alpha[10]: 16.0908
2025-08-11 18:40:54,106 - DEBUG - Joint score for alpha[11]: 16.0693
2025-08-11 18:40:57,598 - DEBUG - Joint score for alpha[12]: 15.7824
2025-08-11 18:41:01,091 - DEBUG - Joint score for alpha[13]: 15.9487
2025-08-11 18:41:04,583 - DEBUG - Joint score for alpha[14]: 16.2441
2025-08-11 18:41:08,076 - DEBUG - Joint score for alpha[15]: 16.2170
2025-08-11 18:41:14,795 - DEBUG - Joint score for alpha[0]: 16.4716
2025-08-11 18:41:18,291 - DEBUG - Joint score for alpha[1]: 16.0968
2025-08-11 18:41:21,783 - DEBUG - Joint score for alpha[2]: 16.0162
2025-08-11 18:41:25,275 - DEBUG - Joint score for alpha[3]: 16.2421
2025-08-11 18:41:28,768 - DEBUG - Joint score for alpha[4]: 16.3555
2025-08-11 18:41:32,258 - DEBUG - Joint score for alpha[5]: 16.7310
2025-08-11 18:41:36,496 - DEBUG - Joint score for alpha[6]: 16.1627
2025-08-11 18:41:39,986 - DEBUG - Joint score for alpha[7]: 16.1086
2025-08-11 18:41:43,479 - DEBUG - Joint score for alpha[8]: 16.4049
2025-08-11 18:41:46,971 - DEBUG - Joint score for alpha[9]: 15.8121
2025-08-11 18:41:50,463 - DEBUG - Joint score for alpha[10]: 15.9098
2025-08-11 18:41:53,955 - DEBUG - Joint score for alpha[11]: 16.6743
2025-08-11 18:41:57,448 - DEBUG - Joint score for alpha[12]: 15.7754
2025-08-11 18:42:00,941 - DEBUG - Joint score for alpha[13]: 15.7832
2025-08-11 18:42:04,433 - DEBUG - Joint score for alpha[14]: 16.6667
2025-08-11 18:42:07,927 - DEBUG - Joint score for alpha[15]: 16.5081
2025-08-11 18:42:14,531 - DEBUG - Joint score for alpha[0]: 16.1559
2025-08-11 18:42:18,028 - DEBUG - Joint score for alpha[1]: 15.7660
2025-08-11 18:42:21,522 - DEBUG - Joint score for alpha[2]: 15.9272
2025-08-11 18:42:25,016 - DEBUG - Joint score for alpha[3]: 15.9871
2025-08-11 18:42:28,509 - DEBUG - Joint score for alpha[4]: 15.8427
2025-08-11 18:42:31,999 - DEBUG - Joint score for alpha[5]: 16.1833
2025-08-11 18:42:35,490 - DEBUG - Joint score for alpha[6]: 15.7819
2025-08-11 18:42:38,980 - DEBUG - Joint score for alpha[7]: 15.8648
2025-08-11 18:42:42,471 - DEBUG - Joint score for alpha[8]: 15.8166
2025-08-11 18:42:45,964 - DEBUG - Joint score for alpha[9]: 15.7775
2025-08-11 18:42:49,455 - DEBUG - Joint score for alpha[10]: 15.9779
2025-08-11 18:42:52,948 - DEBUG - Joint score for alpha[11]: 15.9404
2025-08-11 18:42:56,440 - DEBUG - Joint score for alpha[12]: 15.9645
2025-08-11 18:42:59,935 - DEBUG - Joint score for alpha[13]: 15.9015
2025-08-11 18:43:03,427 - DEBUG - Joint score for alpha[14]: 16.1983
2025-08-11 18:43:06,920 - DEBUG - Joint score for alpha[15]: 15.8325
2025-08-11 18:43:06,961 - INFO - Step 79/120: mean ENERGY=15.7431
2025-08-11 18:43:06,973 - DEBUG - Beginning Gibbs iteration s = 79
2025-08-11 18:43:13,841 - DEBUG - Joint score for alpha[0]: 16.7595
2025-08-11 18:43:17,337 - DEBUG - Joint score for alpha[1]: 15.9519
2025-08-11 18:43:20,831 - DEBUG - Joint score for alpha[2]: 15.8355
2025-08-11 18:43:24,324 - DEBUG - Joint score for alpha[3]: 15.7962
2025-08-11 18:43:27,816 - DEBUG - Joint score for alpha[4]: 15.9404
2025-08-11 18:43:31,307 - DEBUG - Joint score for alpha[5]: 16.2054
2025-08-11 18:43:34,800 - DEBUG - Joint score for alpha[6]: 18.4949
2025-08-11 18:43:38,292 - DEBUG - Joint score for alpha[7]: 15.8221
2025-08-11 18:43:41,784 - DEBUG - Joint score for alpha[8]: 17.4703
2025-08-11 18:43:45,277 - DEBUG - Joint score for alpha[9]: 15.8046
2025-08-11 18:43:48,768 - DEBUG - Joint score for alpha[10]: 16.2101
2025-08-11 18:43:52,262 - DEBUG - Joint score for alpha[11]: 18.6165
2025-08-11 18:43:55,755 - DEBUG - Joint score for alpha[12]: 15.9226
2025-08-11 18:43:59,250 - DEBUG - Joint score for alpha[13]: 16.1827
2025-08-11 18:44:02,742 - DEBUG - Joint score for alpha[14]: 16.5843
2025-08-11 18:44:06,236 - DEBUG - Joint score for alpha[15]: 16.1090
2025-08-11 18:44:12,761 - DEBUG - Joint score for alpha[0]: 16.1593
2025-08-11 18:44:16,258 - DEBUG - Joint score for alpha[1]: 15.9178
2025-08-11 18:44:19,751 - DEBUG - Joint score for alpha[2]: 15.8293
2025-08-11 18:44:23,244 - DEBUG - Joint score for alpha[3]: 16.0182
2025-08-11 18:44:26,737 - DEBUG - Joint score for alpha[4]: 15.9011
2025-08-11 18:44:30,228 - DEBUG - Joint score for alpha[5]: 15.9362
2025-08-11 18:44:33,722 - DEBUG - Joint score for alpha[6]: 15.8890
2025-08-11 18:44:37,215 - DEBUG - Joint score for alpha[7]: 16.0249
2025-08-11 18:44:40,708 - DEBUG - Joint score for alpha[8]: 15.8958
2025-08-11 18:44:44,201 - DEBUG - Joint score for alpha[9]: 15.8785
2025-08-11 18:44:47,693 - DEBUG - Joint score for alpha[10]: 15.8005
2025-08-11 18:44:51,188 - DEBUG - Joint score for alpha[11]: 15.8632
2025-08-11 18:44:54,681 - DEBUG - Joint score for alpha[12]: 16.0899
2025-08-11 18:44:58,178 - DEBUG - Joint score for alpha[13]: 16.0042
2025-08-11 18:45:01,672 - DEBUG - Joint score for alpha[14]: 15.9092
2025-08-11 18:45:05,165 - DEBUG - Joint score for alpha[15]: 16.0014
2025-08-11 18:45:11,865 - DEBUG - Joint score for alpha[0]: 16.1927
2025-08-11 18:45:15,360 - DEBUG - Joint score for alpha[1]: 16.0085
2025-08-11 18:45:18,853 - DEBUG - Joint score for alpha[2]: 15.9572
2025-08-11 18:45:22,346 - DEBUG - Joint score for alpha[3]: 15.9327
2025-08-11 18:45:25,839 - DEBUG - Joint score for alpha[4]: 15.8895
2025-08-11 18:45:29,330 - DEBUG - Joint score for alpha[5]: 16.0524
2025-08-11 18:45:32,824 - DEBUG - Joint score for alpha[6]: 16.0590
2025-08-11 18:45:36,316 - DEBUG - Joint score for alpha[7]: 15.9975
2025-08-11 18:45:39,809 - DEBUG - Joint score for alpha[8]: 15.8821
2025-08-11 18:45:43,305 - DEBUG - Joint score for alpha[9]: 16.0463
2025-08-11 18:45:46,798 - DEBUG - Joint score for alpha[10]: 15.9780
2025-08-11 18:45:50,294 - DEBUG - Joint score for alpha[11]: 16.2993
2025-08-11 18:45:53,788 - DEBUG - Joint score for alpha[12]: 16.1838
2025-08-11 18:45:57,284 - DEBUG - Joint score for alpha[13]: 16.4371
2025-08-11 18:46:00,777 - DEBUG - Joint score for alpha[14]: 15.8515
2025-08-11 18:46:04,271 - DEBUG - Joint score for alpha[15]: 16.0047
2025-08-11 18:46:10,796 - DEBUG - Joint score for alpha[0]: 15.9760
2025-08-11 18:46:14,294 - DEBUG - Joint score for alpha[1]: 15.9421
2025-08-11 18:46:17,790 - DEBUG - Joint score for alpha[2]: 16.7109
2025-08-11 18:46:21,283 - DEBUG - Joint score for alpha[3]: 16.1047
2025-08-11 18:46:24,776 - DEBUG - Joint score for alpha[4]: 16.2589
2025-08-11 18:46:28,268 - DEBUG - Joint score for alpha[5]: 15.6909
2025-08-11 18:46:31,761 - DEBUG - Joint score for alpha[6]: 15.7262
2025-08-11 18:46:35,252 - DEBUG - Joint score for alpha[7]: 15.9531
2025-08-11 18:46:38,745 - DEBUG - Joint score for alpha[8]: 15.9477
2025-08-11 18:46:42,239 - DEBUG - Joint score for alpha[9]: 16.0831
2025-08-11 18:46:45,731 - DEBUG - Joint score for alpha[10]: 16.2280
2025-08-11 18:46:49,227 - DEBUG - Joint score for alpha[11]: 15.9758
2025-08-11 18:46:52,719 - DEBUG - Joint score for alpha[12]: 16.9247
2025-08-11 18:46:56,213 - DEBUG - Joint score for alpha[13]: 15.8531
2025-08-11 18:46:59,706 - DEBUG - Joint score for alpha[14]: 15.9440
2025-08-11 18:47:03,200 - DEBUG - Joint score for alpha[15]: 16.2004
2025-08-11 18:47:09,722 - DEBUG - Joint score for alpha[0]: 18.0788
2025-08-11 18:47:13,219 - DEBUG - Joint score for alpha[1]: 15.9968
2025-08-11 18:47:16,715 - DEBUG - Joint score for alpha[2]: 16.4091
2025-08-11 18:47:20,210 - DEBUG - Joint score for alpha[3]: 16.0226
2025-08-11 18:47:23,705 - DEBUG - Joint score for alpha[4]: 15.8187
2025-08-11 18:47:27,195 - DEBUG - Joint score for alpha[5]: 15.9980
2025-08-11 18:47:30,688 - DEBUG - Joint score for alpha[6]: 16.0903
2025-08-11 18:47:34,179 - DEBUG - Joint score for alpha[7]: 16.2199
2025-08-11 18:47:37,670 - DEBUG - Joint score for alpha[8]: 15.8910
2025-08-11 18:47:41,163 - DEBUG - Joint score for alpha[9]: 15.7612
2025-08-11 18:47:44,655 - DEBUG - Joint score for alpha[10]: 15.7840
2025-08-11 18:47:48,149 - DEBUG - Joint score for alpha[11]: 19.2775
2025-08-11 18:47:51,642 - DEBUG - Joint score for alpha[12]: 16.1127
2025-08-11 18:47:55,136 - DEBUG - Joint score for alpha[13]: 15.7843
2025-08-11 18:47:58,628 - DEBUG - Joint score for alpha[14]: 15.9851
2025-08-11 18:48:02,121 - DEBUG - Joint score for alpha[15]: 16.0386
2025-08-11 18:48:02,162 - INFO - Step 80/120: mean ENERGY=15.7801
2025-08-11 18:48:02,171 - DEBUG - Beginning Gibbs iteration s = 80
2025-08-11 18:48:08,731 - DEBUG - Joint score for alpha[0]: 16.3641
2025-08-11 18:48:12,228 - DEBUG - Joint score for alpha[1]: 16.3680
2025-08-11 18:48:15,721 - DEBUG - Joint score for alpha[2]: 16.5195
2025-08-11 18:48:19,212 - DEBUG - Joint score for alpha[3]: 17.2012
2025-08-11 18:48:22,704 - DEBUG - Joint score for alpha[4]: 15.9331
2025-08-11 18:48:26,196 - DEBUG - Joint score for alpha[5]: 15.8811
2025-08-11 18:48:29,688 - DEBUG - Joint score for alpha[6]: 17.0184
2025-08-11 18:48:33,179 - DEBUG - Joint score for alpha[7]: 16.1293
2025-08-11 18:48:36,671 - DEBUG - Joint score for alpha[8]: 16.7857
2025-08-11 18:48:40,164 - DEBUG - Joint score for alpha[9]: 16.3564
2025-08-11 18:48:43,656 - DEBUG - Joint score for alpha[10]: 16.1078
2025-08-11 18:48:47,149 - DEBUG - Joint score for alpha[11]: 16.8055
2025-08-11 18:48:50,641 - DEBUG - Joint score for alpha[12]: 15.8267
2025-08-11 18:48:54,135 - DEBUG - Joint score for alpha[13]: 17.2290
2025-08-11 18:48:57,626 - DEBUG - Joint score for alpha[14]: 15.6487
2025-08-11 18:49:01,118 - DEBUG - Joint score for alpha[15]: 15.8483
2025-08-11 18:49:07,646 - DEBUG - Joint score for alpha[0]: 15.7039
2025-08-11 18:49:11,143 - DEBUG - Joint score for alpha[1]: 15.8821
2025-08-11 18:49:14,638 - DEBUG - Joint score for alpha[2]: 15.7750
2025-08-11 18:49:18,134 - DEBUG - Joint score for alpha[3]: 15.9256
2025-08-11 18:49:21,630 - DEBUG - Joint score for alpha[4]: 15.7122
2025-08-11 18:49:25,122 - DEBUG - Joint score for alpha[5]: 16.2654
2025-08-11 18:49:28,615 - DEBUG - Joint score for alpha[6]: 15.7215
2025-08-11 18:49:32,106 - DEBUG - Joint score for alpha[7]: 16.1227
2025-08-11 18:49:35,597 - DEBUG - Joint score for alpha[8]: 15.7115
2025-08-11 18:49:39,090 - DEBUG - Joint score for alpha[9]: 15.8725
2025-08-11 18:49:42,582 - DEBUG - Joint score for alpha[10]: 15.8658
2025-08-11 18:49:46,075 - DEBUG - Joint score for alpha[11]: 15.9331
2025-08-11 18:49:49,568 - DEBUG - Joint score for alpha[12]: 16.0613
2025-08-11 18:49:53,063 - DEBUG - Joint score for alpha[13]: 15.9275
2025-08-11 18:49:56,556 - DEBUG - Joint score for alpha[14]: 16.0443
2025-08-11 18:50:00,050 - DEBUG - Joint score for alpha[15]: 15.5889
2025-08-11 18:50:06,636 - DEBUG - Joint score for alpha[0]: 15.9282
2025-08-11 18:50:10,133 - DEBUG - Joint score for alpha[1]: 16.0328
2025-08-11 18:50:13,625 - DEBUG - Joint score for alpha[2]: 15.9401
2025-08-11 18:50:17,118 - DEBUG - Joint score for alpha[3]: 16.5944
2025-08-11 18:50:20,612 - DEBUG - Joint score for alpha[4]: 15.8037
2025-08-11 18:50:24,104 - DEBUG - Joint score for alpha[5]: 15.7548
2025-08-11 18:50:27,597 - DEBUG - Joint score for alpha[6]: 16.0278
2025-08-11 18:50:31,089 - DEBUG - Joint score for alpha[7]: 16.0547
2025-08-11 18:50:34,581 - DEBUG - Joint score for alpha[8]: 15.7688
2025-08-11 18:50:38,075 - DEBUG - Joint score for alpha[9]: 15.7551
2025-08-11 18:50:41,567 - DEBUG - Joint score for alpha[10]: 15.6542
2025-08-11 18:50:45,061 - DEBUG - Joint score for alpha[11]: 15.8507
2025-08-11 18:50:48,553 - DEBUG - Joint score for alpha[12]: 15.7198
2025-08-11 18:50:52,048 - DEBUG - Joint score for alpha[13]: 15.7532
2025-08-11 18:50:55,540 - DEBUG - Joint score for alpha[14]: 15.9724
2025-08-11 18:50:59,033 - DEBUG - Joint score for alpha[15]: 15.8353
2025-08-11 18:51:05,554 - DEBUG - Joint score for alpha[0]: 15.8256
2025-08-11 18:51:09,051 - DEBUG - Joint score for alpha[1]: 16.2670
2025-08-11 18:51:12,546 - DEBUG - Joint score for alpha[2]: 17.0625
2025-08-11 18:51:16,041 - DEBUG - Joint score for alpha[3]: 15.7064
2025-08-11 18:51:19,535 - DEBUG - Joint score for alpha[4]: 15.9152
2025-08-11 18:51:23,026 - DEBUG - Joint score for alpha[5]: 15.7902
2025-08-11 18:51:26,519 - DEBUG - Joint score for alpha[6]: 16.0932
2025-08-11 18:51:30,011 - DEBUG - Joint score for alpha[7]: 16.0628
2025-08-11 18:51:33,504 - DEBUG - Joint score for alpha[8]: 15.9609
2025-08-11 18:51:36,998 - DEBUG - Joint score for alpha[9]: 16.0122
2025-08-11 18:51:40,490 - DEBUG - Joint score for alpha[10]: 15.8884
2025-08-11 18:51:43,984 - DEBUG - Joint score for alpha[11]: 15.8613
2025-08-11 18:51:47,477 - DEBUG - Joint score for alpha[12]: 15.8366
2025-08-11 18:51:50,973 - DEBUG - Joint score for alpha[13]: 15.7438
2025-08-11 18:51:54,465 - DEBUG - Joint score for alpha[14]: 15.9157
2025-08-11 18:51:57,958 - DEBUG - Joint score for alpha[15]: 15.8772
2025-08-11 18:52:04,479 - DEBUG - Joint score for alpha[0]: 16.6679
2025-08-11 18:52:07,977 - DEBUG - Joint score for alpha[1]: 15.9306
2025-08-11 18:52:11,472 - DEBUG - Joint score for alpha[2]: 16.0049
2025-08-11 18:52:14,967 - DEBUG - Joint score for alpha[3]: 15.6463
2025-08-11 18:52:18,463 - DEBUG - Joint score for alpha[4]: 15.7953
2025-08-11 18:52:21,954 - DEBUG - Joint score for alpha[5]: 15.6785
2025-08-11 18:52:25,447 - DEBUG - Joint score for alpha[6]: 16.1251
2025-08-11 18:52:28,938 - DEBUG - Joint score for alpha[7]: 15.9497
2025-08-11 18:52:32,430 - DEBUG - Joint score for alpha[8]: 15.9694
2025-08-11 18:52:35,924 - DEBUG - Joint score for alpha[9]: 15.9399
2025-08-11 18:52:39,416 - DEBUG - Joint score for alpha[10]: 15.7956
2025-08-11 18:52:42,911 - DEBUG - Joint score for alpha[11]: 15.8968
2025-08-11 18:52:46,404 - DEBUG - Joint score for alpha[12]: 16.0387
2025-08-11 18:52:49,900 - DEBUG - Joint score for alpha[13]: 16.0498
2025-08-11 18:52:53,393 - DEBUG - Joint score for alpha[14]: 16.7939
2025-08-11 18:52:56,886 - DEBUG - Joint score for alpha[15]: 15.7796
2025-08-11 18:52:56,928 - INFO - Step 81/120: mean ENERGY=15.6489
2025-08-11 18:52:56,933 - DEBUG - Beginning Gibbs iteration s = 81
2025-08-11 18:53:03,657 - DEBUG - Joint score for alpha[0]: 16.1237
2025-08-11 18:53:07,154 - DEBUG - Joint score for alpha[1]: 16.2553
2025-08-11 18:53:10,649 - DEBUG - Joint score for alpha[2]: 16.0895
2025-08-11 18:53:14,144 - DEBUG - Joint score for alpha[3]: 16.2235
2025-08-11 18:53:17,637 - DEBUG - Joint score for alpha[4]: 16.3516
2025-08-11 18:53:21,128 - DEBUG - Joint score for alpha[5]: 16.4059
2025-08-11 18:53:24,621 - DEBUG - Joint score for alpha[6]: 16.0092
2025-08-11 18:53:28,112 - DEBUG - Joint score for alpha[7]: 15.7922
2025-08-11 18:53:31,605 - DEBUG - Joint score for alpha[8]: 16.8157
2025-08-11 18:53:35,098 - DEBUG - Joint score for alpha[9]: 17.3164
2025-08-11 18:53:38,589 - DEBUG - Joint score for alpha[10]: 15.4681
2025-08-11 18:53:42,083 - DEBUG - Joint score for alpha[11]: 17.2559
2025-08-11 18:53:45,575 - DEBUG - Joint score for alpha[12]: 15.5118
2025-08-11 18:53:49,071 - DEBUG - Joint score for alpha[13]: 17.4161
2025-08-11 18:53:52,562 - DEBUG - Joint score for alpha[14]: 16.9135
2025-08-11 18:53:56,055 - DEBUG - Joint score for alpha[15]: 15.6312
2025-08-11 18:54:02,751 - DEBUG - Joint score for alpha[0]: 15.8923
2025-08-11 18:54:06,246 - DEBUG - Joint score for alpha[1]: 15.7868
2025-08-11 18:54:09,739 - DEBUG - Joint score for alpha[2]: 16.3500
2025-08-11 18:54:13,232 - DEBUG - Joint score for alpha[3]: 17.7916
2025-08-11 18:54:16,726 - DEBUG - Joint score for alpha[4]: 15.6225
2025-08-11 18:54:20,217 - DEBUG - Joint score for alpha[5]: 15.7210
2025-08-11 18:54:23,709 - DEBUG - Joint score for alpha[6]: 15.7788
2025-08-11 18:54:27,201 - DEBUG - Joint score for alpha[7]: 15.9032
2025-08-11 18:54:30,693 - DEBUG - Joint score for alpha[8]: 15.5562
2025-08-11 18:54:34,187 - DEBUG - Joint score for alpha[9]: 15.5094
2025-08-11 18:54:37,679 - DEBUG - Joint score for alpha[10]: 16.2898
2025-08-11 18:54:41,173 - DEBUG - Joint score for alpha[11]: 15.5147
2025-08-11 18:54:44,665 - DEBUG - Joint score for alpha[12]: 15.8485
2025-08-11 18:54:48,160 - DEBUG - Joint score for alpha[13]: 15.5714
2025-08-11 18:54:51,653 - DEBUG - Joint score for alpha[14]: 15.7959
2025-08-11 18:54:55,148 - DEBUG - Joint score for alpha[15]: 15.9623
2025-08-11 18:55:01,693 - DEBUG - Joint score for alpha[0]: 15.5992
2025-08-11 18:55:05,189 - DEBUG - Joint score for alpha[1]: 15.6527
2025-08-11 18:55:08,683 - DEBUG - Joint score for alpha[2]: 15.5077
2025-08-11 18:55:12,176 - DEBUG - Joint score for alpha[3]: 15.7037
2025-08-11 18:55:15,669 - DEBUG - Joint score for alpha[4]: 15.8063
2025-08-11 18:55:19,160 - DEBUG - Joint score for alpha[5]: 15.7261
2025-08-11 18:55:22,654 - DEBUG - Joint score for alpha[6]: 15.6179
2025-08-11 18:55:26,145 - DEBUG - Joint score for alpha[7]: 15.7700
2025-08-11 18:55:29,638 - DEBUG - Joint score for alpha[8]: 15.7738
2025-08-11 18:55:33,132 - DEBUG - Joint score for alpha[9]: 15.7347
2025-08-11 18:55:36,623 - DEBUG - Joint score for alpha[10]: 15.4988
2025-08-11 18:55:40,117 - DEBUG - Joint score for alpha[11]: 15.7578
2025-08-11 18:55:43,610 - DEBUG - Joint score for alpha[12]: 15.7678
2025-08-11 18:55:47,105 - DEBUG - Joint score for alpha[13]: 15.5754
2025-08-11 18:55:50,597 - DEBUG - Joint score for alpha[14]: 15.6775
2025-08-11 18:55:54,091 - DEBUG - Joint score for alpha[15]: 15.5008
2025-08-11 18:56:00,610 - DEBUG - Joint score for alpha[0]: 15.8574
2025-08-11 18:56:04,107 - DEBUG - Joint score for alpha[1]: 15.6324
2025-08-11 18:56:07,598 - DEBUG - Joint score for alpha[2]: 15.6046
2025-08-11 18:56:11,090 - DEBUG - Joint score for alpha[3]: 15.8809
2025-08-11 18:56:14,583 - DEBUG - Joint score for alpha[4]: 15.8248
2025-08-11 18:56:18,074 - DEBUG - Joint score for alpha[5]: 15.7636
2025-08-11 18:56:21,567 - DEBUG - Joint score for alpha[6]: 15.8877
2025-08-11 18:56:25,059 - DEBUG - Joint score for alpha[7]: 15.8242
2025-08-11 18:56:28,550 - DEBUG - Joint score for alpha[8]: 15.7027
2025-08-11 18:56:32,045 - DEBUG - Joint score for alpha[9]: 16.3074
2025-08-11 18:56:35,537 - DEBUG - Joint score for alpha[10]: 15.8016
2025-08-11 18:56:39,031 - DEBUG - Joint score for alpha[11]: 15.9762
2025-08-11 18:56:42,525 - DEBUG - Joint score for alpha[12]: 15.7146
2025-08-11 18:56:46,020 - DEBUG - Joint score for alpha[13]: 16.1597
2025-08-11 18:56:49,513 - DEBUG - Joint score for alpha[14]: 15.7461
2025-08-11 18:56:53,006 - DEBUG - Joint score for alpha[15]: 15.7024
2025-08-11 18:56:59,537 - DEBUG - Joint score for alpha[0]: 15.9554
2025-08-11 18:57:03,034 - DEBUG - Joint score for alpha[1]: 16.0480
2025-08-11 18:57:06,527 - DEBUG - Joint score for alpha[2]: 15.8160
2025-08-11 18:57:10,019 - DEBUG - Joint score for alpha[3]: 16.5357
2025-08-11 18:57:13,513 - DEBUG - Joint score for alpha[4]: 16.7977
2025-08-11 18:57:17,006 - DEBUG - Joint score for alpha[5]: 16.2865
2025-08-11 18:57:20,499 - DEBUG - Joint score for alpha[6]: 15.6803
2025-08-11 18:57:23,991 - DEBUG - Joint score for alpha[7]: 16.1235
2025-08-11 18:57:27,485 - DEBUG - Joint score for alpha[8]: 15.7550
2025-08-11 18:57:30,979 - DEBUG - Joint score for alpha[9]: 15.7689
2025-08-11 18:57:34,471 - DEBUG - Joint score for alpha[10]: 17.1537
2025-08-11 18:57:37,965 - DEBUG - Joint score for alpha[11]: 16.2960
2025-08-11 18:57:41,459 - DEBUG - Joint score for alpha[12]: 16.1017
2025-08-11 18:57:44,956 - DEBUG - Joint score for alpha[13]: 16.9089
2025-08-11 18:57:48,449 - DEBUG - Joint score for alpha[14]: 15.9144
2025-08-11 18:57:51,943 - DEBUG - Joint score for alpha[15]: 16.8513
2025-08-11 18:57:51,984 - INFO - Step 82/120: mean ENERGY=15.5522
2025-08-11 18:57:51,990 - DEBUG - Beginning Gibbs iteration s = 82
2025-08-11 18:57:58,543 - DEBUG - Joint score for alpha[0]: 15.5343
2025-08-11 18:58:02,040 - DEBUG - Joint score for alpha[1]: 15.7464
2025-08-11 18:58:05,534 - DEBUG - Joint score for alpha[2]: 15.6500
2025-08-11 18:58:09,026 - DEBUG - Joint score for alpha[3]: 15.7303
2025-08-11 18:58:12,520 - DEBUG - Joint score for alpha[4]: 15.9263
2025-08-11 18:58:16,011 - DEBUG - Joint score for alpha[5]: 16.0060
2025-08-11 18:58:19,503 - DEBUG - Joint score for alpha[6]: 15.7266
2025-08-11 18:58:22,994 - DEBUG - Joint score for alpha[7]: 16.3282
2025-08-11 18:58:26,486 - DEBUG - Joint score for alpha[8]: 16.5815
2025-08-11 18:58:29,979 - DEBUG - Joint score for alpha[9]: 16.9713
2025-08-11 18:58:33,471 - DEBUG - Joint score for alpha[10]: 15.8133
2025-08-11 18:58:36,964 - DEBUG - Joint score for alpha[11]: 17.3111
2025-08-11 18:58:40,457 - DEBUG - Joint score for alpha[12]: 16.2678
2025-08-11 18:58:43,952 - DEBUG - Joint score for alpha[13]: 15.8644
2025-08-11 18:58:47,444 - DEBUG - Joint score for alpha[14]: 16.1168
2025-08-11 18:58:50,938 - DEBUG - Joint score for alpha[15]: 15.8132
2025-08-11 18:58:57,465 - DEBUG - Joint score for alpha[0]: 15.7048
2025-08-11 18:59:00,963 - DEBUG - Joint score for alpha[1]: 15.7514
2025-08-11 18:59:04,459 - DEBUG - Joint score for alpha[2]: 17.2567
2025-08-11 18:59:07,954 - DEBUG - Joint score for alpha[3]: 15.5850
2025-08-11 18:59:11,451 - DEBUG - Joint score for alpha[4]: 15.7926
2025-08-11 18:59:14,945 - DEBUG - Joint score for alpha[5]: 15.6862
2025-08-11 18:59:18,440 - DEBUG - Joint score for alpha[6]: 15.8795
2025-08-11 18:59:21,935 - DEBUG - Joint score for alpha[7]: 15.8159
2025-08-11 18:59:25,430 - DEBUG - Joint score for alpha[8]: 15.6403
2025-08-11 18:59:28,925 - DEBUG - Joint score for alpha[9]: 15.6864
2025-08-11 18:59:32,417 - DEBUG - Joint score for alpha[10]: 15.9498
2025-08-11 18:59:35,910 - DEBUG - Joint score for alpha[11]: 16.3921
2025-08-11 18:59:39,404 - DEBUG - Joint score for alpha[12]: 15.7387
2025-08-11 18:59:42,898 - DEBUG - Joint score for alpha[13]: 15.6397
2025-08-11 18:59:46,390 - DEBUG - Joint score for alpha[14]: 15.7071
2025-08-11 18:59:49,883 - DEBUG - Joint score for alpha[15]: 15.6285
2025-08-11 18:59:56,413 - DEBUG - Joint score for alpha[0]: 15.7109
2025-08-11 18:59:59,910 - DEBUG - Joint score for alpha[1]: 15.4196
2025-08-11 19:00:03,405 - DEBUG - Joint score for alpha[2]: 15.8589
2025-08-11 19:00:06,901 - DEBUG - Joint score for alpha[3]: 15.5191
2025-08-11 19:00:10,397 - DEBUG - Joint score for alpha[4]: 15.7952
2025-08-11 19:00:13,891 - DEBUG - Joint score for alpha[5]: 15.8074
2025-08-11 19:00:17,385 - DEBUG - Joint score for alpha[6]: 15.9034
2025-08-11 19:00:20,876 - DEBUG - Joint score for alpha[7]: 15.6848
2025-08-11 19:00:24,368 - DEBUG - Joint score for alpha[8]: 15.8560
2025-08-11 19:00:27,861 - DEBUG - Joint score for alpha[9]: 16.0363
2025-08-11 19:00:31,353 - DEBUG - Joint score for alpha[10]: 15.7202
2025-08-11 19:00:34,847 - DEBUG - Joint score for alpha[11]: 15.6967
2025-08-11 19:00:38,340 - DEBUG - Joint score for alpha[12]: 15.8912
2025-08-11 19:00:41,834 - DEBUG - Joint score for alpha[13]: 15.7144
2025-08-11 19:00:45,326 - DEBUG - Joint score for alpha[14]: 15.9826
2025-08-11 19:00:48,819 - DEBUG - Joint score for alpha[15]: 15.9346
2025-08-11 19:00:55,354 - DEBUG - Joint score for alpha[0]: 16.3414
2025-08-11 19:00:58,851 - DEBUG - Joint score for alpha[1]: 15.5951
2025-08-11 19:01:02,347 - DEBUG - Joint score for alpha[2]: 15.7291
2025-08-11 19:01:05,840 - DEBUG - Joint score for alpha[3]: 15.8095
2025-08-11 19:01:09,333 - DEBUG - Joint score for alpha[4]: 15.5922
2025-08-11 19:01:12,825 - DEBUG - Joint score for alpha[5]: 15.7950
2025-08-11 19:01:16,319 - DEBUG - Joint score for alpha[6]: 15.6818
2025-08-11 19:01:19,812 - DEBUG - Joint score for alpha[7]: 16.5774
2025-08-11 19:01:23,305 - DEBUG - Joint score for alpha[8]: 15.8100
2025-08-11 19:01:26,800 - DEBUG - Joint score for alpha[9]: 15.9404
2025-08-11 19:01:30,293 - DEBUG - Joint score for alpha[10]: 15.7900
2025-08-11 19:01:33,789 - DEBUG - Joint score for alpha[11]: 15.8710
2025-08-11 19:01:37,284 - DEBUG - Joint score for alpha[12]: 15.7037
2025-08-11 19:01:40,781 - DEBUG - Joint score for alpha[13]: 16.3021
2025-08-11 19:01:44,275 - DEBUG - Joint score for alpha[14]: 15.5411
2025-08-11 19:01:47,771 - DEBUG - Joint score for alpha[15]: 15.7921
2025-08-11 19:01:54,414 - DEBUG - Joint score for alpha[0]: 15.9058
2025-08-11 19:01:57,909 - DEBUG - Joint score for alpha[1]: 15.8631
2025-08-11 19:02:01,403 - DEBUG - Joint score for alpha[2]: 15.9563
2025-08-11 19:02:04,896 - DEBUG - Joint score for alpha[3]: 15.7141
2025-08-11 19:02:08,389 - DEBUG - Joint score for alpha[4]: 15.9242
2025-08-11 19:02:11,881 - DEBUG - Joint score for alpha[5]: 15.6246
2025-08-11 19:02:15,374 - DEBUG - Joint score for alpha[6]: 15.7081
2025-08-11 19:02:18,866 - DEBUG - Joint score for alpha[7]: 17.1454
2025-08-11 19:02:22,357 - DEBUG - Joint score for alpha[8]: 16.1312
2025-08-11 19:02:25,850 - DEBUG - Joint score for alpha[9]: 16.0263
2025-08-11 19:02:29,342 - DEBUG - Joint score for alpha[10]: 15.7177
2025-08-11 19:02:32,836 - DEBUG - Joint score for alpha[11]: 15.7769
2025-08-11 19:02:36,328 - DEBUG - Joint score for alpha[12]: 15.8153
2025-08-11 19:02:39,823 - DEBUG - Joint score for alpha[13]: 15.9037
2025-08-11 19:02:43,316 - DEBUG - Joint score for alpha[14]: 15.8207
2025-08-11 19:02:46,810 - DEBUG - Joint score for alpha[15]: 15.8396
2025-08-11 19:02:46,852 - INFO - Step 83/120: mean ENERGY=15.5409
2025-08-11 19:02:46,859 - DEBUG - Beginning Gibbs iteration s = 83
2025-08-11 19:02:53,494 - DEBUG - Joint score for alpha[0]: 15.9509
2025-08-11 19:02:56,991 - DEBUG - Joint score for alpha[1]: 16.7008
2025-08-11 19:03:00,487 - DEBUG - Joint score for alpha[2]: 16.9766
2025-08-11 19:03:03,982 - DEBUG - Joint score for alpha[3]: 15.9452
2025-08-11 19:03:07,478 - DEBUG - Joint score for alpha[4]: 17.1818
2025-08-11 19:03:10,971 - DEBUG - Joint score for alpha[5]: 19.2101
2025-08-11 19:03:14,464 - DEBUG - Joint score for alpha[6]: 15.8156
2025-08-11 19:03:17,956 - DEBUG - Joint score for alpha[7]: 15.7316
2025-08-11 19:03:21,448 - DEBUG - Joint score for alpha[8]: 16.6054
2025-08-11 19:03:24,942 - DEBUG - Joint score for alpha[9]: 16.0701
2025-08-11 19:03:28,434 - DEBUG - Joint score for alpha[10]: 15.6392
2025-08-11 19:03:31,929 - DEBUG - Joint score for alpha[11]: 16.1349
2025-08-11 19:03:35,423 - DEBUG - Joint score for alpha[12]: 16.4765
2025-08-11 19:03:38,919 - DEBUG - Joint score for alpha[13]: 15.5960
2025-08-11 19:03:42,411 - DEBUG - Joint score for alpha[14]: 16.4415
2025-08-11 19:03:45,905 - DEBUG - Joint score for alpha[15]: 16.5307
2025-08-11 19:03:52,471 - DEBUG - Joint score for alpha[0]: 15.5910
2025-08-11 19:03:55,968 - DEBUG - Joint score for alpha[1]: 15.8846
2025-08-11 19:03:59,460 - DEBUG - Joint score for alpha[2]: 15.7860
2025-08-11 19:04:02,953 - DEBUG - Joint score for alpha[3]: 15.8465
2025-08-11 19:04:06,446 - DEBUG - Joint score for alpha[4]: 15.8156
2025-08-11 19:04:09,938 - DEBUG - Joint score for alpha[5]: 15.6709
2025-08-11 19:04:13,430 - DEBUG - Joint score for alpha[6]: 15.8749
2025-08-11 19:04:16,921 - DEBUG - Joint score for alpha[7]: 15.8306
2025-08-11 19:04:20,413 - DEBUG - Joint score for alpha[8]: 15.7876
2025-08-11 19:04:23,907 - DEBUG - Joint score for alpha[9]: 15.8374
2025-08-11 19:04:27,399 - DEBUG - Joint score for alpha[10]: 15.6713
2025-08-11 19:04:30,892 - DEBUG - Joint score for alpha[11]: 15.9483
2025-08-11 19:04:34,385 - DEBUG - Joint score for alpha[12]: 15.7758
2025-08-11 19:04:37,880 - DEBUG - Joint score for alpha[13]: 15.8113
2025-08-11 19:04:41,371 - DEBUG - Joint score for alpha[14]: 15.7917
2025-08-11 19:04:44,865 - DEBUG - Joint score for alpha[15]: 16.3395
2025-08-11 19:04:51,430 - DEBUG - Joint score for alpha[0]: 15.7938
2025-08-11 19:04:54,927 - DEBUG - Joint score for alpha[1]: 15.7687
2025-08-11 19:04:58,422 - DEBUG - Joint score for alpha[2]: 15.7774
2025-08-11 19:05:01,917 - DEBUG - Joint score for alpha[3]: 15.7088
2025-08-11 19:05:05,412 - DEBUG - Joint score for alpha[4]: 15.5853
2025-08-11 19:05:08,904 - DEBUG - Joint score for alpha[5]: 15.9628
2025-08-11 19:05:12,399 - DEBUG - Joint score for alpha[6]: 15.8516
2025-08-11 19:05:15,892 - DEBUG - Joint score for alpha[7]: 15.9339
2025-08-11 19:05:19,386 - DEBUG - Joint score for alpha[8]: 15.5504
2025-08-11 19:05:22,880 - DEBUG - Joint score for alpha[9]: 15.7127
2025-08-11 19:05:26,374 - DEBUG - Joint score for alpha[10]: 15.7886
2025-08-11 19:05:29,869 - DEBUG - Joint score for alpha[11]: 15.8250
2025-08-11 19:05:33,363 - DEBUG - Joint score for alpha[12]: 15.7843
2025-08-11 19:05:36,860 - DEBUG - Joint score for alpha[13]: 15.8228
2025-08-11 19:05:40,354 - DEBUG - Joint score for alpha[14]: 16.0039
2025-08-11 19:05:43,850 - DEBUG - Joint score for alpha[15]: 15.7744
2025-08-11 19:05:50,419 - DEBUG - Joint score for alpha[0]: 15.8135
2025-08-11 19:05:53,915 - DEBUG - Joint score for alpha[1]: 17.4138
2025-08-11 19:05:57,410 - DEBUG - Joint score for alpha[2]: 15.5987
2025-08-11 19:06:00,905 - DEBUG - Joint score for alpha[3]: 15.9457
2025-08-11 19:06:04,402 - DEBUG - Joint score for alpha[4]: 15.8906
2025-08-11 19:06:07,894 - DEBUG - Joint score for alpha[5]: 16.1625
2025-08-11 19:06:11,389 - DEBUG - Joint score for alpha[6]: 15.7925
2025-08-11 19:06:14,883 - DEBUG - Joint score for alpha[7]: 15.6348
2025-08-11 19:06:18,377 - DEBUG - Joint score for alpha[8]: 15.7376
2025-08-11 19:06:21,872 - DEBUG - Joint score for alpha[9]: 16.0574
2025-08-11 19:06:25,366 - DEBUG - Joint score for alpha[10]: 15.7477
2025-08-11 19:06:28,862 - DEBUG - Joint score for alpha[11]: 15.8204
2025-08-11 19:06:32,358 - DEBUG - Joint score for alpha[12]: 15.6399
2025-08-11 19:06:35,853 - DEBUG - Joint score for alpha[13]: 15.5143
2025-08-11 19:06:39,345 - DEBUG - Joint score for alpha[14]: 16.0776
2025-08-11 19:06:42,838 - DEBUG - Joint score for alpha[15]: 15.6965
2025-08-11 19:06:49,445 - DEBUG - Joint score for alpha[0]: 16.1565
2025-08-11 19:06:52,942 - DEBUG - Joint score for alpha[1]: 16.0405
2025-08-11 19:06:56,437 - DEBUG - Joint score for alpha[2]: 15.9859
2025-08-11 19:06:59,929 - DEBUG - Joint score for alpha[3]: 16.2779
2025-08-11 19:07:03,423 - DEBUG - Joint score for alpha[4]: 15.8720
2025-08-11 19:07:06,914 - DEBUG - Joint score for alpha[5]: 15.9434
2025-08-11 19:07:10,408 - DEBUG - Joint score for alpha[6]: 16.2926
2025-08-11 19:07:13,901 - DEBUG - Joint score for alpha[7]: 15.6050
2025-08-11 19:07:17,394 - DEBUG - Joint score for alpha[8]: 15.7475
2025-08-11 19:07:20,889 - DEBUG - Joint score for alpha[9]: 15.7857
2025-08-11 19:07:24,381 - DEBUG - Joint score for alpha[10]: 15.6827
2025-08-11 19:07:27,877 - DEBUG - Joint score for alpha[11]: 15.6279
2025-08-11 19:07:31,370 - DEBUG - Joint score for alpha[12]: 15.7808
2025-08-11 19:07:34,866 - DEBUG - Joint score for alpha[13]: 15.7310
2025-08-11 19:07:38,360 - DEBUG - Joint score for alpha[14]: 15.8430
2025-08-11 19:07:41,854 - DEBUG - Joint score for alpha[15]: 16.1816
2025-08-11 19:07:41,895 - INFO - Step 84/120: mean ENERGY=15.5713
2025-08-11 19:07:41,903 - DEBUG - Beginning Gibbs iteration s = 84
2025-08-11 19:07:48,864 - DEBUG - Joint score for alpha[0]: 15.7380
2025-08-11 19:07:52,362 - DEBUG - Joint score for alpha[1]: 16.0419
2025-08-11 19:07:55,856 - DEBUG - Joint score for alpha[2]: 15.7575
2025-08-11 19:07:59,348 - DEBUG - Joint score for alpha[3]: 16.1674
2025-08-11 19:08:02,841 - DEBUG - Joint score for alpha[4]: 17.3660
2025-08-11 19:08:06,331 - DEBUG - Joint score for alpha[5]: 17.1365
2025-08-11 19:08:09,824 - DEBUG - Joint score for alpha[6]: 15.9001
2025-08-11 19:08:13,315 - DEBUG - Joint score for alpha[7]: 15.8011
2025-08-11 19:08:16,807 - DEBUG - Joint score for alpha[8]: 17.6025
2025-08-11 19:08:20,301 - DEBUG - Joint score for alpha[9]: 15.6338
2025-08-11 19:08:23,793 - DEBUG - Joint score for alpha[10]: 16.1741
2025-08-11 19:08:27,288 - DEBUG - Joint score for alpha[11]: 15.8895
2025-08-11 19:08:30,781 - DEBUG - Joint score for alpha[12]: 18.0669
2025-08-11 19:08:34,276 - DEBUG - Joint score for alpha[13]: 15.6675
2025-08-11 19:08:37,767 - DEBUG - Joint score for alpha[14]: 15.5894
2025-08-11 19:08:41,260 - DEBUG - Joint score for alpha[15]: 15.6466
2025-08-11 19:08:47,824 - DEBUG - Joint score for alpha[0]: 15.6778
2025-08-11 19:08:51,321 - DEBUG - Joint score for alpha[1]: 15.7951
2025-08-11 19:08:54,816 - DEBUG - Joint score for alpha[2]: 15.5877
2025-08-11 19:08:58,310 - DEBUG - Joint score for alpha[3]: 15.7382
2025-08-11 19:09:01,805 - DEBUG - Joint score for alpha[4]: 15.7036
2025-08-11 19:09:05,296 - DEBUG - Joint score for alpha[5]: 15.6528
2025-08-11 19:09:08,789 - DEBUG - Joint score for alpha[6]: 16.1037
2025-08-11 19:09:12,281 - DEBUG - Joint score for alpha[7]: 15.6507
2025-08-11 19:09:15,772 - DEBUG - Joint score for alpha[8]: 16.2983
2025-08-11 19:09:19,267 - DEBUG - Joint score for alpha[9]: 15.7133
2025-08-11 19:09:22,759 - DEBUG - Joint score for alpha[10]: 15.9812
2025-08-11 19:09:26,252 - DEBUG - Joint score for alpha[11]: 15.6087
2025-08-11 19:09:29,745 - DEBUG - Joint score for alpha[12]: 15.7581
2025-08-11 19:09:33,240 - DEBUG - Joint score for alpha[13]: 15.6883
2025-08-11 19:09:36,732 - DEBUG - Joint score for alpha[14]: 15.8078
2025-08-11 19:09:40,224 - DEBUG - Joint score for alpha[15]: 15.8053
2025-08-11 19:09:46,795 - DEBUG - Joint score for alpha[0]: 15.5774
2025-08-11 19:09:50,292 - DEBUG - Joint score for alpha[1]: 15.9164
2025-08-11 19:09:53,787 - DEBUG - Joint score for alpha[2]: 15.9831
2025-08-11 19:09:57,282 - DEBUG - Joint score for alpha[3]: 15.8199
2025-08-11 19:10:00,776 - DEBUG - Joint score for alpha[4]: 15.4881
2025-08-11 19:10:04,268 - DEBUG - Joint score for alpha[5]: 15.7518
2025-08-11 19:10:07,761 - DEBUG - Joint score for alpha[6]: 15.5276
2025-08-11 19:10:11,252 - DEBUG - Joint score for alpha[7]: 15.4968
2025-08-11 19:10:14,743 - DEBUG - Joint score for alpha[8]: 15.8041
2025-08-11 19:10:18,236 - DEBUG - Joint score for alpha[9]: 16.1935
2025-08-11 19:10:21,726 - DEBUG - Joint score for alpha[10]: 15.6937
2025-08-11 19:10:25,219 - DEBUG - Joint score for alpha[11]: 15.7834
2025-08-11 19:10:28,712 - DEBUG - Joint score for alpha[12]: 15.9750
2025-08-11 19:10:32,207 - DEBUG - Joint score for alpha[13]: 15.5836
2025-08-11 19:10:35,698 - DEBUG - Joint score for alpha[14]: 15.7999
2025-08-11 19:10:39,191 - DEBUG - Joint score for alpha[15]: 15.8776
2025-08-11 19:10:45,763 - DEBUG - Joint score for alpha[0]: 15.6408
2025-08-11 19:10:49,261 - DEBUG - Joint score for alpha[1]: 15.7061
2025-08-11 19:10:52,757 - DEBUG - Joint score for alpha[2]: 15.7470
2025-08-11 19:10:56,254 - DEBUG - Joint score for alpha[3]: 15.6338
2025-08-11 19:10:59,750 - DEBUG - Joint score for alpha[4]: 15.5470
2025-08-11 19:11:03,241 - DEBUG - Joint score for alpha[5]: 16.0500
2025-08-11 19:11:06,733 - DEBUG - Joint score for alpha[6]: 15.5176
2025-08-11 19:11:10,226 - DEBUG - Joint score for alpha[7]: 15.7331
2025-08-11 19:11:13,719 - DEBUG - Joint score for alpha[8]: 15.6274
2025-08-11 19:11:17,213 - DEBUG - Joint score for alpha[9]: 15.6216
2025-08-11 19:11:20,705 - DEBUG - Joint score for alpha[10]: 16.0498
2025-08-11 19:11:24,199 - DEBUG - Joint score for alpha[11]: 15.8164
2025-08-11 19:11:27,693 - DEBUG - Joint score for alpha[12]: 15.8244
2025-08-11 19:11:31,189 - DEBUG - Joint score for alpha[13]: 15.8715
2025-08-11 19:11:34,681 - DEBUG - Joint score for alpha[14]: 15.6801
2025-08-11 19:11:38,174 - DEBUG - Joint score for alpha[15]: 15.8833
2025-08-11 19:11:44,741 - DEBUG - Joint score for alpha[0]: 15.5395
2025-08-11 19:11:48,237 - DEBUG - Joint score for alpha[1]: 15.5867
2025-08-11 19:11:51,733 - DEBUG - Joint score for alpha[2]: 15.9784
2025-08-11 19:11:55,229 - DEBUG - Joint score for alpha[3]: 15.7954
2025-08-11 19:11:58,725 - DEBUG - Joint score for alpha[4]: 15.7770
2025-08-11 19:12:02,219 - DEBUG - Joint score for alpha[5]: 15.6084
2025-08-11 19:12:05,712 - DEBUG - Joint score for alpha[6]: 15.8260
2025-08-11 19:12:09,204 - DEBUG - Joint score for alpha[7]: 15.6264
2025-08-11 19:12:12,697 - DEBUG - Joint score for alpha[8]: 15.8621
2025-08-11 19:12:16,191 - DEBUG - Joint score for alpha[9]: 15.8026
2025-08-11 19:12:19,683 - DEBUG - Joint score for alpha[10]: 15.5503
2025-08-11 19:12:23,177 - DEBUG - Joint score for alpha[11]: 16.2663
2025-08-11 19:12:26,671 - DEBUG - Joint score for alpha[12]: 15.6207
2025-08-11 19:12:30,165 - DEBUG - Joint score for alpha[13]: 15.8610
2025-08-11 19:12:33,658 - DEBUG - Joint score for alpha[14]: 15.5346
2025-08-11 19:12:37,152 - DEBUG - Joint score for alpha[15]: 15.4833
2025-08-11 19:12:37,193 - INFO - Step 85/120: mean ENERGY=15.5332
2025-08-11 19:12:37,201 - DEBUG - Beginning Gibbs iteration s = 85
2025-08-11 19:12:43,844 - DEBUG - Joint score for alpha[0]: 16.9479
2025-08-11 19:12:47,341 - DEBUG - Joint score for alpha[1]: 15.8698
2025-08-11 19:12:50,836 - DEBUG - Joint score for alpha[2]: 16.0908
2025-08-11 19:12:54,330 - DEBUG - Joint score for alpha[3]: 15.7310
2025-08-11 19:12:57,826 - DEBUG - Joint score for alpha[4]: 15.8457
2025-08-11 19:13:01,319 - DEBUG - Joint score for alpha[5]: 17.8830
2025-08-11 19:13:04,814 - DEBUG - Joint score for alpha[6]: 16.6404
2025-08-11 19:13:08,307 - DEBUG - Joint score for alpha[7]: 15.7470
2025-08-11 19:13:11,799 - DEBUG - Joint score for alpha[8]: 15.7937
2025-08-11 19:13:15,294 - DEBUG - Joint score for alpha[9]: 15.9006
2025-08-11 19:13:18,788 - DEBUG - Joint score for alpha[10]: 17.1075
2025-08-11 19:13:22,284 - DEBUG - Joint score for alpha[11]: 15.8111
2025-08-11 19:13:25,777 - DEBUG - Joint score for alpha[12]: 15.8650
2025-08-11 19:13:29,272 - DEBUG - Joint score for alpha[13]: 15.9077
2025-08-11 19:13:32,764 - DEBUG - Joint score for alpha[14]: 15.8719
2025-08-11 19:13:36,257 - DEBUG - Joint score for alpha[15]: 15.7905
2025-08-11 19:13:42,808 - DEBUG - Joint score for alpha[0]: 15.6745
2025-08-11 19:13:46,304 - DEBUG - Joint score for alpha[1]: 15.9218
2025-08-11 19:13:49,798 - DEBUG - Joint score for alpha[2]: 15.6876
2025-08-11 19:13:53,291 - DEBUG - Joint score for alpha[3]: 15.6544
2025-08-11 19:13:56,785 - DEBUG - Joint score for alpha[4]: 15.7110
2025-08-11 19:14:00,278 - DEBUG - Joint score for alpha[5]: 15.8087
2025-08-11 19:14:03,773 - DEBUG - Joint score for alpha[6]: 15.7430
2025-08-11 19:14:07,265 - DEBUG - Joint score for alpha[7]: 15.7240
2025-08-11 19:14:10,760 - DEBUG - Joint score for alpha[8]: 15.8070
2025-08-11 19:14:14,255 - DEBUG - Joint score for alpha[9]: 15.7609
2025-08-11 19:14:17,749 - DEBUG - Joint score for alpha[10]: 15.8642
2025-08-11 19:14:21,246 - DEBUG - Joint score for alpha[11]: 15.6522
2025-08-11 19:14:24,741 - DEBUG - Joint score for alpha[12]: 17.0068
2025-08-11 19:14:28,238 - DEBUG - Joint score for alpha[13]: 15.8917
2025-08-11 19:14:31,732 - DEBUG - Joint score for alpha[14]: 15.8952
2025-08-11 19:14:35,227 - DEBUG - Joint score for alpha[15]: 15.5204
2025-08-11 19:14:41,844 - DEBUG - Joint score for alpha[0]: 15.5115
2025-08-11 19:14:45,340 - DEBUG - Joint score for alpha[1]: 15.7834
2025-08-11 19:14:48,834 - DEBUG - Joint score for alpha[2]: 15.7119
2025-08-11 19:14:52,327 - DEBUG - Joint score for alpha[3]: 15.7318
2025-08-11 19:14:55,822 - DEBUG - Joint score for alpha[4]: 15.8895
2025-08-11 19:14:59,314 - DEBUG - Joint score for alpha[5]: 15.7086
2025-08-11 19:15:02,808 - DEBUG - Joint score for alpha[6]: 15.6941
2025-08-11 19:15:06,301 - DEBUG - Joint score for alpha[7]: 15.7886
2025-08-11 19:15:09,795 - DEBUG - Joint score for alpha[8]: 16.2423
2025-08-11 19:15:13,289 - DEBUG - Joint score for alpha[9]: 16.0070
2025-08-11 19:15:16,780 - DEBUG - Joint score for alpha[10]: 15.8938
2025-08-11 19:15:20,273 - DEBUG - Joint score for alpha[11]: 15.8301
2025-08-11 19:15:23,765 - DEBUG - Joint score for alpha[12]: 15.6261
2025-08-11 19:15:27,259 - DEBUG - Joint score for alpha[13]: 15.8316
2025-08-11 19:15:30,750 - DEBUG - Joint score for alpha[14]: 15.6681
2025-08-11 19:15:34,244 - DEBUG - Joint score for alpha[15]: 15.7753
2025-08-11 19:15:40,803 - DEBUG - Joint score for alpha[0]: 15.8490
2025-08-11 19:15:44,300 - DEBUG - Joint score for alpha[1]: 16.0572
2025-08-11 19:15:47,796 - DEBUG - Joint score for alpha[2]: 16.5113
2025-08-11 19:15:51,291 - DEBUG - Joint score for alpha[3]: 16.2937
2025-08-11 19:15:54,784 - DEBUG - Joint score for alpha[4]: 15.8997
2025-08-11 19:15:58,275 - DEBUG - Joint score for alpha[5]: 16.0907
2025-08-11 19:16:01,766 - DEBUG - Joint score for alpha[6]: 15.7167
2025-08-11 19:16:05,257 - DEBUG - Joint score for alpha[7]: 15.7347
2025-08-11 19:16:08,747 - DEBUG - Joint score for alpha[8]: 15.8585
2025-08-11 19:16:12,240 - DEBUG - Joint score for alpha[9]: 15.8255
2025-08-11 19:16:15,732 - DEBUG - Joint score for alpha[10]: 15.7460
2025-08-11 19:16:19,226 - DEBUG - Joint score for alpha[11]: 16.1824
2025-08-11 19:16:22,718 - DEBUG - Joint score for alpha[12]: 16.0993
2025-08-11 19:16:26,213 - DEBUG - Joint score for alpha[13]: 15.6975
2025-08-11 19:16:29,706 - DEBUG - Joint score for alpha[14]: 15.7299
2025-08-11 19:16:33,199 - DEBUG - Joint score for alpha[15]: 15.8488
2025-08-11 19:16:39,757 - DEBUG - Joint score for alpha[0]: 15.8216
2025-08-11 19:16:43,253 - DEBUG - Joint score for alpha[1]: 16.0649
2025-08-11 19:16:46,745 - DEBUG - Joint score for alpha[2]: 15.5961
2025-08-11 19:16:50,239 - DEBUG - Joint score for alpha[3]: 15.9302
2025-08-11 19:16:53,733 - DEBUG - Joint score for alpha[4]: 15.8114
2025-08-11 19:16:57,224 - DEBUG - Joint score for alpha[5]: 15.8306
2025-08-11 19:17:00,718 - DEBUG - Joint score for alpha[6]: 15.8727
2025-08-11 19:17:04,211 - DEBUG - Joint score for alpha[7]: 15.7574
2025-08-11 19:17:07,705 - DEBUG - Joint score for alpha[8]: 15.6442
2025-08-11 19:17:11,200 - DEBUG - Joint score for alpha[9]: 16.0222
2025-08-11 19:17:14,694 - DEBUG - Joint score for alpha[10]: 15.9593
2025-08-11 19:17:18,190 - DEBUG - Joint score for alpha[11]: 16.1856
2025-08-11 19:17:21,684 - DEBUG - Joint score for alpha[12]: 15.5680
2025-08-11 19:17:25,180 - DEBUG - Joint score for alpha[13]: 16.0355
2025-08-11 19:17:28,673 - DEBUG - Joint score for alpha[14]: 16.2853
2025-08-11 19:17:32,167 - DEBUG - Joint score for alpha[15]: 16.0561
2025-08-11 19:17:32,208 - INFO - Step 86/120: mean ENERGY=15.6057
2025-08-11 19:17:32,216 - DEBUG - Beginning Gibbs iteration s = 86
2025-08-11 19:17:38,794 - DEBUG - Joint score for alpha[0]: 17.7852
2025-08-11 19:17:42,292 - DEBUG - Joint score for alpha[1]: 15.8940
2025-08-11 19:17:45,789 - DEBUG - Joint score for alpha[2]: 15.8831
2025-08-11 19:17:49,284 - DEBUG - Joint score for alpha[3]: 15.8949
2025-08-11 19:17:52,780 - DEBUG - Joint score for alpha[4]: 16.7263
2025-08-11 19:17:56,274 - DEBUG - Joint score for alpha[5]: 19.3326
2025-08-11 19:17:59,767 - DEBUG - Joint score for alpha[6]: 16.1533
2025-08-11 19:18:03,259 - DEBUG - Joint score for alpha[7]: 20.2833
2025-08-11 19:18:06,751 - DEBUG - Joint score for alpha[8]: 18.2669
2025-08-11 19:18:10,244 - DEBUG - Joint score for alpha[9]: 16.0686
2025-08-11 19:18:13,737 - DEBUG - Joint score for alpha[10]: 18.2948
2025-08-11 19:18:17,231 - DEBUG - Joint score for alpha[11]: 16.3155
2025-08-11 19:18:20,723 - DEBUG - Joint score for alpha[12]: 15.9270
2025-08-11 19:18:24,219 - DEBUG - Joint score for alpha[13]: 15.7640
2025-08-11 19:18:27,712 - DEBUG - Joint score for alpha[14]: 16.4231
2025-08-11 19:18:31,205 - DEBUG - Joint score for alpha[15]: 15.9892
2025-08-11 19:18:37,765 - DEBUG - Joint score for alpha[0]: 15.7016
2025-08-11 19:18:41,262 - DEBUG - Joint score for alpha[1]: 15.9784
2025-08-11 19:18:44,757 - DEBUG - Joint score for alpha[2]: 16.1348
2025-08-11 19:18:48,253 - DEBUG - Joint score for alpha[3]: 16.4527
2025-08-11 19:18:51,748 - DEBUG - Joint score for alpha[4]: 15.8243
2025-08-11 19:18:55,239 - DEBUG - Joint score for alpha[5]: 16.0645
2025-08-11 19:18:58,731 - DEBUG - Joint score for alpha[6]: 16.3629
2025-08-11 19:19:02,223 - DEBUG - Joint score for alpha[7]: 15.8115
2025-08-11 19:19:05,715 - DEBUG - Joint score for alpha[8]: 15.8225
2025-08-11 19:19:09,208 - DEBUG - Joint score for alpha[9]: 16.0085
2025-08-11 19:19:12,699 - DEBUG - Joint score for alpha[10]: 15.7069
2025-08-11 19:19:16,192 - DEBUG - Joint score for alpha[11]: 16.3969
2025-08-11 19:19:19,685 - DEBUG - Joint score for alpha[12]: 16.1824
2025-08-11 19:19:23,181 - DEBUG - Joint score for alpha[13]: 15.7836
2025-08-11 19:19:26,673 - DEBUG - Joint score for alpha[14]: 15.7706
2025-08-11 19:19:30,166 - DEBUG - Joint score for alpha[15]: 15.8287
2025-08-11 19:19:36,810 - DEBUG - Joint score for alpha[0]: 15.6857
2025-08-11 19:19:40,305 - DEBUG - Joint score for alpha[1]: 15.8957
2025-08-11 19:19:44,475 - DEBUG - Joint score for alpha[2]: 15.9050
2025-08-11 19:19:47,968 - DEBUG - Joint score for alpha[3]: 15.7337
2025-08-11 19:19:51,462 - DEBUG - Joint score for alpha[4]: 15.8998
2025-08-11 19:19:54,954 - DEBUG - Joint score for alpha[5]: 15.8685
2025-08-11 19:19:58,449 - DEBUG - Joint score for alpha[6]: 15.8539
2025-08-11 19:20:01,941 - DEBUG - Joint score for alpha[7]: 15.8943
2025-08-11 19:20:05,432 - DEBUG - Joint score for alpha[8]: 15.5361
2025-08-11 19:20:08,924 - DEBUG - Joint score for alpha[9]: 15.6236
2025-08-11 19:20:12,415 - DEBUG - Joint score for alpha[10]: 16.1292
2025-08-11 19:20:15,908 - DEBUG - Joint score for alpha[11]: 16.5946
2025-08-11 19:20:19,397 - DEBUG - Joint score for alpha[12]: 15.6719
2025-08-11 19:20:22,889 - DEBUG - Joint score for alpha[13]: 15.7783
2025-08-11 19:20:26,381 - DEBUG - Joint score for alpha[14]: 15.7881
2025-08-11 19:20:29,875 - DEBUG - Joint score for alpha[15]: 15.7893
2025-08-11 19:20:36,445 - DEBUG - Joint score for alpha[0]: 16.1396
2025-08-11 19:20:39,942 - DEBUG - Joint score for alpha[1]: 16.2662
2025-08-11 19:20:43,437 - DEBUG - Joint score for alpha[2]: 17.5096
2025-08-11 19:20:46,932 - DEBUG - Joint score for alpha[3]: 16.2202
2025-08-11 19:20:50,425 - DEBUG - Joint score for alpha[4]: 16.1031
2025-08-11 19:20:53,916 - DEBUG - Joint score for alpha[5]: 15.7449
2025-08-11 19:20:57,409 - DEBUG - Joint score for alpha[6]: 16.1912
2025-08-11 19:21:00,900 - DEBUG - Joint score for alpha[7]: 16.1046
2025-08-11 19:21:04,392 - DEBUG - Joint score for alpha[8]: 19.5483
2025-08-11 19:21:07,886 - DEBUG - Joint score for alpha[9]: 15.8229
2025-08-11 19:21:11,378 - DEBUG - Joint score for alpha[10]: 16.6370
2025-08-11 19:21:14,871 - DEBUG - Joint score for alpha[11]: 15.9497
2025-08-11 19:21:18,364 - DEBUG - Joint score for alpha[12]: 15.8320
2025-08-11 19:21:21,860 - DEBUG - Joint score for alpha[13]: 15.9312
2025-08-11 19:21:25,352 - DEBUG - Joint score for alpha[14]: 15.8572
2025-08-11 19:21:28,847 - DEBUG - Joint score for alpha[15]: 15.8702
2025-08-11 19:21:35,418 - DEBUG - Joint score for alpha[0]: 16.0752
2025-08-11 19:21:38,916 - DEBUG - Joint score for alpha[1]: 15.6707
2025-08-11 19:21:42,408 - DEBUG - Joint score for alpha[2]: 16.5375
2025-08-11 19:21:45,901 - DEBUG - Joint score for alpha[3]: 15.8135
2025-08-11 19:21:49,395 - DEBUG - Joint score for alpha[4]: 16.7140
2025-08-11 19:21:52,886 - DEBUG - Joint score for alpha[5]: 15.7772
2025-08-11 19:21:56,379 - DEBUG - Joint score for alpha[6]: 15.8402
2025-08-11 19:21:59,871 - DEBUG - Joint score for alpha[7]: 16.6688
2025-08-11 19:22:03,365 - DEBUG - Joint score for alpha[8]: 16.0034
2025-08-11 19:22:06,859 - DEBUG - Joint score for alpha[9]: 16.2084
2025-08-11 19:22:10,351 - DEBUG - Joint score for alpha[10]: 15.9358
2025-08-11 19:22:13,846 - DEBUG - Joint score for alpha[11]: 16.1859
2025-08-11 19:22:17,340 - DEBUG - Joint score for alpha[12]: 16.8541
2025-08-11 19:22:20,836 - DEBUG - Joint score for alpha[13]: 15.7851
2025-08-11 19:22:24,329 - DEBUG - Joint score for alpha[14]: 15.7766
2025-08-11 19:22:27,822 - DEBUG - Joint score for alpha[15]: 15.7205
2025-08-11 19:22:27,863 - INFO - Step 87/120: mean ENERGY=15.6835
2025-08-11 19:22:27,876 - DEBUG - Beginning Gibbs iteration s = 87
2025-08-11 19:22:34,612 - DEBUG - Joint score for alpha[0]: 17.0946
2025-08-11 19:22:38,111 - DEBUG - Joint score for alpha[1]: 16.3382
2025-08-11 19:22:41,606 - DEBUG - Joint score for alpha[2]: 17.5641
2025-08-11 19:22:45,099 - DEBUG - Joint score for alpha[3]: 15.7427
2025-08-11 19:22:48,592 - DEBUG - Joint score for alpha[4]: 18.5096
2025-08-11 19:22:52,084 - DEBUG - Joint score for alpha[5]: 16.7849
2025-08-11 19:22:55,577 - DEBUG - Joint score for alpha[6]: 15.7547
2025-08-11 19:22:59,070 - DEBUG - Joint score for alpha[7]: 15.9096
2025-08-11 19:23:02,563 - DEBUG - Joint score for alpha[8]: 22.0907
2025-08-11 19:23:06,057 - DEBUG - Joint score for alpha[9]: 15.7139
2025-08-11 19:23:09,548 - DEBUG - Joint score for alpha[10]: 15.7455
2025-08-11 19:23:13,043 - DEBUG - Joint score for alpha[11]: 15.8749
2025-08-11 19:23:16,537 - DEBUG - Joint score for alpha[12]: 16.2694
2025-08-11 19:23:20,032 - DEBUG - Joint score for alpha[13]: 16.5377
2025-08-11 19:23:23,525 - DEBUG - Joint score for alpha[14]: 15.8196
2025-08-11 19:23:27,018 - DEBUG - Joint score for alpha[15]: 15.5897
2025-08-11 19:23:33,582 - DEBUG - Joint score for alpha[0]: 15.7798
2025-08-11 19:23:37,080 - DEBUG - Joint score for alpha[1]: 15.8100
2025-08-11 19:23:40,576 - DEBUG - Joint score for alpha[2]: 15.8736
2025-08-11 19:23:44,072 - DEBUG - Joint score for alpha[3]: 15.7885
2025-08-11 19:23:47,567 - DEBUG - Joint score for alpha[4]: 15.7074
2025-08-11 19:23:51,057 - DEBUG - Joint score for alpha[5]: 15.9483
2025-08-11 19:23:54,551 - DEBUG - Joint score for alpha[6]: 15.7536
2025-08-11 19:23:58,043 - DEBUG - Joint score for alpha[7]: 15.7168
2025-08-11 19:24:01,536 - DEBUG - Joint score for alpha[8]: 15.8657
2025-08-11 19:24:05,030 - DEBUG - Joint score for alpha[9]: 16.0538
2025-08-11 19:24:08,522 - DEBUG - Joint score for alpha[10]: 15.9479
2025-08-11 19:24:12,016 - DEBUG - Joint score for alpha[11]: 15.6143
2025-08-11 19:24:15,509 - DEBUG - Joint score for alpha[12]: 15.9027
2025-08-11 19:24:19,005 - DEBUG - Joint score for alpha[13]: 16.1016
2025-08-11 19:24:22,499 - DEBUG - Joint score for alpha[14]: 16.0831
2025-08-11 19:24:25,993 - DEBUG - Joint score for alpha[15]: 15.8143
2025-08-11 19:24:32,523 - DEBUG - Joint score for alpha[0]: 15.8010
2025-08-11 19:24:36,019 - DEBUG - Joint score for alpha[1]: 15.6080
2025-08-11 19:24:39,512 - DEBUG - Joint score for alpha[2]: 15.6160
2025-08-11 19:24:43,005 - DEBUG - Joint score for alpha[3]: 15.6481
2025-08-11 19:24:46,499 - DEBUG - Joint score for alpha[4]: 15.8802
2025-08-11 19:24:49,991 - DEBUG - Joint score for alpha[5]: 15.6784
2025-08-11 19:24:53,484 - DEBUG - Joint score for alpha[6]: 15.5407
2025-08-11 19:24:56,976 - DEBUG - Joint score for alpha[7]: 15.7720
2025-08-11 19:25:00,469 - DEBUG - Joint score for alpha[8]: 15.8256
2025-08-11 19:25:03,963 - DEBUG - Joint score for alpha[9]: 16.1840
2025-08-11 19:25:07,455 - DEBUG - Joint score for alpha[10]: 15.9219
2025-08-11 19:25:10,949 - DEBUG - Joint score for alpha[11]: 15.6401
2025-08-11 19:25:14,442 - DEBUG - Joint score for alpha[12]: 15.9807
2025-08-11 19:25:17,936 - DEBUG - Joint score for alpha[13]: 15.7122
2025-08-11 19:25:21,428 - DEBUG - Joint score for alpha[14]: 15.5913
2025-08-11 19:25:24,921 - DEBUG - Joint score for alpha[15]: 15.9287
2025-08-11 19:25:31,809 - DEBUG - Joint score for alpha[0]: 15.7624
2025-08-11 19:25:35,307 - DEBUG - Joint score for alpha[1]: 15.7458
2025-08-11 19:25:38,803 - DEBUG - Joint score for alpha[2]: 15.7222
2025-08-11 19:25:42,297 - DEBUG - Joint score for alpha[3]: 15.9323
2025-08-11 19:25:45,790 - DEBUG - Joint score for alpha[4]: 15.5686
2025-08-11 19:25:49,281 - DEBUG - Joint score for alpha[5]: 15.5730
2025-08-11 19:25:52,774 - DEBUG - Joint score for alpha[6]: 15.7448
2025-08-11 19:25:56,264 - DEBUG - Joint score for alpha[7]: 15.9426
2025-08-11 19:25:59,755 - DEBUG - Joint score for alpha[8]: 15.7219
2025-08-11 19:26:03,249 - DEBUG - Joint score for alpha[9]: 15.7218
2025-08-11 19:26:06,741 - DEBUG - Joint score for alpha[10]: 15.9551
2025-08-11 19:26:10,235 - DEBUG - Joint score for alpha[11]: 15.7784
2025-08-11 19:26:13,728 - DEBUG - Joint score for alpha[12]: 16.1810
2025-08-11 19:26:17,223 - DEBUG - Joint score for alpha[13]: 15.7523
2025-08-11 19:26:20,714 - DEBUG - Joint score for alpha[14]: 15.6740
2025-08-11 19:26:24,208 - DEBUG - Joint score for alpha[15]: 15.7329
2025-08-11 19:26:30,736 - DEBUG - Joint score for alpha[0]: 16.4402
2025-08-11 19:26:34,233 - DEBUG - Joint score for alpha[1]: 17.0292
2025-08-11 19:26:37,725 - DEBUG - Joint score for alpha[2]: 15.6090
2025-08-11 19:26:41,215 - DEBUG - Joint score for alpha[3]: 15.8195
2025-08-11 19:26:44,707 - DEBUG - Joint score for alpha[4]: 15.9415
2025-08-11 19:26:48,198 - DEBUG - Joint score for alpha[5]: 16.8367
2025-08-11 19:26:51,691 - DEBUG - Joint score for alpha[6]: 16.2683
2025-08-11 19:26:55,181 - DEBUG - Joint score for alpha[7]: 16.3787
2025-08-11 19:26:58,672 - DEBUG - Joint score for alpha[8]: 16.2171
2025-08-11 19:27:02,164 - DEBUG - Joint score for alpha[9]: 15.6537
2025-08-11 19:27:05,655 - DEBUG - Joint score for alpha[10]: 15.7581
2025-08-11 19:27:09,148 - DEBUG - Joint score for alpha[11]: 16.0329
2025-08-11 19:27:12,640 - DEBUG - Joint score for alpha[12]: 16.4642
2025-08-11 19:27:16,134 - DEBUG - Joint score for alpha[13]: 15.8891
2025-08-11 19:27:19,625 - DEBUG - Joint score for alpha[14]: 16.1376
2025-08-11 19:27:23,118 - DEBUG - Joint score for alpha[15]: 15.6689
2025-08-11 19:27:23,159 - INFO - Step 88/120: mean ENERGY=15.5845
2025-08-11 19:27:23,167 - DEBUG - Beginning Gibbs iteration s = 88
2025-08-11 19:27:29,778 - DEBUG - Joint score for alpha[0]: 16.1049
2025-08-11 19:27:33,274 - DEBUG - Joint score for alpha[1]: 15.9986
2025-08-11 19:27:36,767 - DEBUG - Joint score for alpha[2]: 17.5476
2025-08-11 19:27:40,261 - DEBUG - Joint score for alpha[3]: 15.6851
2025-08-11 19:27:43,755 - DEBUG - Joint score for alpha[4]: 16.2341
2025-08-11 19:27:47,247 - DEBUG - Joint score for alpha[5]: 16.0268
2025-08-11 19:27:50,741 - DEBUG - Joint score for alpha[6]: 17.6806
2025-08-11 19:27:54,235 - DEBUG - Joint score for alpha[7]: 16.3133
2025-08-11 19:27:57,729 - DEBUG - Joint score for alpha[8]: 15.8132
2025-08-11 19:28:01,224 - DEBUG - Joint score for alpha[9]: 15.6374
2025-08-11 19:28:04,717 - DEBUG - Joint score for alpha[10]: 18.3384
2025-08-11 19:28:08,212 - DEBUG - Joint score for alpha[11]: 16.0049
2025-08-11 19:28:11,706 - DEBUG - Joint score for alpha[12]: 16.1718
2025-08-11 19:28:15,203 - DEBUG - Joint score for alpha[13]: 20.0411
2025-08-11 19:28:18,697 - DEBUG - Joint score for alpha[14]: 15.9872
2025-08-11 19:28:22,192 - DEBUG - Joint score for alpha[15]: 15.8401
2025-08-11 19:28:28,720 - DEBUG - Joint score for alpha[0]: 15.6547
2025-08-11 19:28:32,216 - DEBUG - Joint score for alpha[1]: 15.6569
2025-08-11 19:28:35,710 - DEBUG - Joint score for alpha[2]: 16.6413
2025-08-11 19:28:39,204 - DEBUG - Joint score for alpha[3]: 16.1756
2025-08-11 19:28:42,699 - DEBUG - Joint score for alpha[4]: 15.7065
2025-08-11 19:28:46,191 - DEBUG - Joint score for alpha[5]: 15.5980
2025-08-11 19:28:49,684 - DEBUG - Joint score for alpha[6]: 15.8402
2025-08-11 19:28:53,176 - DEBUG - Joint score for alpha[7]: 15.5375
2025-08-11 19:28:56,668 - DEBUG - Joint score for alpha[8]: 15.5492
2025-08-11 19:29:00,162 - DEBUG - Joint score for alpha[9]: 15.7091
2025-08-11 19:29:03,654 - DEBUG - Joint score for alpha[10]: 15.6354
2025-08-11 19:29:07,148 - DEBUG - Joint score for alpha[11]: 15.6443
2025-08-11 19:29:10,642 - DEBUG - Joint score for alpha[12]: 15.7839
2025-08-11 19:29:14,138 - DEBUG - Joint score for alpha[13]: 15.7982
2025-08-11 19:29:17,630 - DEBUG - Joint score for alpha[14]: 15.7679
2025-08-11 19:29:21,124 - DEBUG - Joint score for alpha[15]: 15.7188
2025-08-11 19:29:27,657 - DEBUG - Joint score for alpha[0]: 15.9932
2025-08-11 19:29:31,153 - DEBUG - Joint score for alpha[1]: 15.5827
2025-08-11 19:29:34,647 - DEBUG - Joint score for alpha[2]: 15.6800
2025-08-11 19:29:38,140 - DEBUG - Joint score for alpha[3]: 15.5787
2025-08-11 19:29:41,633 - DEBUG - Joint score for alpha[4]: 15.7050
2025-08-11 19:29:45,124 - DEBUG - Joint score for alpha[5]: 15.9089
2025-08-11 19:29:48,617 - DEBUG - Joint score for alpha[6]: 16.0135
2025-08-11 19:29:52,107 - DEBUG - Joint score for alpha[7]: 15.8392
2025-08-11 19:29:55,599 - DEBUG - Joint score for alpha[8]: 15.7656
2025-08-11 19:29:59,092 - DEBUG - Joint score for alpha[9]: 15.6112
2025-08-11 19:30:02,584 - DEBUG - Joint score for alpha[10]: 15.6097
2025-08-11 19:30:06,077 - DEBUG - Joint score for alpha[11]: 15.7987
2025-08-11 19:30:17,817 - DEBUG - Joint score for alpha[12]: 15.6877
2025-08-11 19:30:21,311 - DEBUG - Joint score for alpha[13]: 15.6204
2025-08-11 19:30:24,802 - DEBUG - Joint score for alpha[14]: 15.7014
2025-08-11 19:30:28,295 - DEBUG - Joint score for alpha[15]: 15.5675
2025-08-11 19:30:34,815 - DEBUG - Joint score for alpha[0]: 16.1664
2025-08-11 19:30:38,310 - DEBUG - Joint score for alpha[1]: 15.5852
2025-08-11 19:30:41,803 - DEBUG - Joint score for alpha[2]: 15.7891
2025-08-11 19:30:45,298 - DEBUG - Joint score for alpha[3]: 15.8477
2025-08-11 19:30:48,793 - DEBUG - Joint score for alpha[4]: 15.6309
2025-08-11 19:30:52,286 - DEBUG - Joint score for alpha[5]: 15.6795
2025-08-11 19:30:55,781 - DEBUG - Joint score for alpha[6]: 15.7979
2025-08-11 19:30:59,273 - DEBUG - Joint score for alpha[7]: 15.7789
2025-08-11 19:31:02,767 - DEBUG - Joint score for alpha[8]: 15.6619
2025-08-11 19:31:06,262 - DEBUG - Joint score for alpha[9]: 15.6683
2025-08-11 19:31:09,755 - DEBUG - Joint score for alpha[10]: 15.5896
2025-08-11 19:31:13,251 - DEBUG - Joint score for alpha[11]: 15.5694
2025-08-11 19:31:16,745 - DEBUG - Joint score for alpha[12]: 16.0360
2025-08-11 19:31:28,019 - DEBUG - Joint score for alpha[13]: 15.6224
2025-08-11 19:31:31,510 - DEBUG - Joint score for alpha[14]: 15.8831
2025-08-11 19:31:35,003 - DEBUG - Joint score for alpha[15]: 15.6575
2025-08-11 19:31:41,521 - DEBUG - Joint score for alpha[0]: 15.5659
2025-08-11 19:31:45,015 - DEBUG - Joint score for alpha[1]: 15.7869
2025-08-11 19:31:48,507 - DEBUG - Joint score for alpha[2]: 16.3052
2025-08-11 19:31:52,000 - DEBUG - Joint score for alpha[3]: 15.7257
2025-08-11 19:31:55,492 - DEBUG - Joint score for alpha[4]: 16.0478
2025-08-11 19:31:58,982 - DEBUG - Joint score for alpha[5]: 15.6612
2025-08-11 19:32:02,474 - DEBUG - Joint score for alpha[6]: 16.4698
2025-08-11 19:32:05,965 - DEBUG - Joint score for alpha[7]: 15.8861
2025-08-11 19:32:09,457 - DEBUG - Joint score for alpha[8]: 16.0892
2025-08-11 19:32:12,951 - DEBUG - Joint score for alpha[9]: 16.4613
2025-08-11 19:32:16,443 - DEBUG - Joint score for alpha[10]: 15.7278
2025-08-11 19:32:19,937 - DEBUG - Joint score for alpha[11]: 15.5568
2025-08-11 19:32:23,430 - DEBUG - Joint score for alpha[12]: 15.7163
2025-08-11 19:32:26,924 - DEBUG - Joint score for alpha[13]: 16.8904
2025-08-11 19:32:38,133 - DEBUG - Joint score for alpha[14]: 16.8077
2025-08-11 19:32:41,624 - DEBUG - Joint score for alpha[15]: 15.7052
2025-08-11 19:32:41,665 - INFO - Step 89/120: mean ENERGY=15.5737
2025-08-11 19:32:41,673 - DEBUG - Beginning Gibbs iteration s = 89
2025-08-11 19:32:48,282 - DEBUG - Joint score for alpha[0]: 15.9207
2025-08-11 19:32:51,775 - DEBUG - Joint score for alpha[1]: 16.0867
2025-08-11 19:32:55,266 - DEBUG - Joint score for alpha[2]: 16.4002
2025-08-11 19:32:58,756 - DEBUG - Joint score for alpha[3]: 16.1367
2025-08-11 19:33:02,249 - DEBUG - Joint score for alpha[4]: 17.5583
2025-08-11 19:33:05,740 - DEBUG - Joint score for alpha[5]: 15.7542
2025-08-11 19:33:09,233 - DEBUG - Joint score for alpha[6]: 17.6944
2025-08-11 19:33:12,724 - DEBUG - Joint score for alpha[7]: 16.1640
2025-08-11 19:33:16,216 - DEBUG - Joint score for alpha[8]: 21.8135
2025-08-11 19:33:19,709 - DEBUG - Joint score for alpha[9]: 16.3976
2025-08-11 19:33:23,202 - DEBUG - Joint score for alpha[10]: 17.0385
2025-08-11 19:33:26,696 - DEBUG - Joint score for alpha[11]: 16.1830
2025-08-11 19:33:30,190 - DEBUG - Joint score for alpha[12]: 15.9857
2025-08-11 19:33:33,687 - DEBUG - Joint score for alpha[13]: 16.6822
2025-08-11 19:33:37,180 - DEBUG - Joint score for alpha[14]: 16.5329
2025-08-11 19:33:48,256 - DEBUG - Joint score for alpha[15]: 17.7355
2025-08-11 19:33:54,805 - DEBUG - Joint score for alpha[0]: 16.6522
2025-08-11 19:33:58,299 - DEBUG - Joint score for alpha[1]: 15.6084
2025-08-11 19:34:01,791 - DEBUG - Joint score for alpha[2]: 16.6479
2025-08-11 19:34:05,284 - DEBUG - Joint score for alpha[3]: 15.6189
2025-08-11 19:34:08,777 - DEBUG - Joint score for alpha[4]: 15.5675
2025-08-11 19:34:12,268 - DEBUG - Joint score for alpha[5]: 16.9249
2025-08-11 19:34:15,763 - DEBUG - Joint score for alpha[6]: 15.7152
2025-08-11 19:34:19,256 - DEBUG - Joint score for alpha[7]: 16.2394
2025-08-11 19:34:22,749 - DEBUG - Joint score for alpha[8]: 15.7184
2025-08-11 19:34:26,243 - DEBUG - Joint score for alpha[9]: 16.0361
2025-08-11 19:34:29,736 - DEBUG - Joint score for alpha[10]: 16.7513
2025-08-11 19:34:33,231 - DEBUG - Joint score for alpha[11]: 15.8630
2025-08-11 19:34:36,724 - DEBUG - Joint score for alpha[12]: 15.8574
2025-08-11 19:34:40,220 - DEBUG - Joint score for alpha[13]: 16.0967
2025-08-11 19:34:43,712 - DEBUG - Joint score for alpha[14]: 15.7578
2025-08-11 19:34:47,206 - DEBUG - Joint score for alpha[15]: 16.0272
2025-08-11 19:35:01,454 - DEBUG - Joint score for alpha[0]: 15.5400
2025-08-11 19:35:04,947 - DEBUG - Joint score for alpha[1]: 15.8301
2025-08-11 19:35:08,439 - DEBUG - Joint score for alpha[2]: 15.7537
2025-08-11 19:35:11,930 - DEBUG - Joint score for alpha[3]: 15.8042
2025-08-11 19:35:15,422 - DEBUG - Joint score for alpha[4]: 15.5941
2025-08-11 19:35:18,912 - DEBUG - Joint score for alpha[5]: 15.7157
2025-08-11 19:35:22,404 - DEBUG - Joint score for alpha[6]: 15.8831
2025-08-11 19:35:25,896 - DEBUG - Joint score for alpha[7]: 15.6903
2025-08-11 19:35:29,388 - DEBUG - Joint score for alpha[8]: 16.0023
2025-08-11 19:35:32,883 - DEBUG - Joint score for alpha[9]: 16.0480
2025-08-11 19:35:36,375 - DEBUG - Joint score for alpha[10]: 15.8419
2025-08-11 19:35:39,871 - DEBUG - Joint score for alpha[11]: 15.8501
2025-08-11 19:35:43,366 - DEBUG - Joint score for alpha[12]: 16.3583
2025-08-11 19:35:46,862 - DEBUG - Joint score for alpha[13]: 15.4610
2025-08-11 19:35:50,356 - DEBUG - Joint score for alpha[14]: 15.7837
2025-08-11 19:35:53,853 - DEBUG - Joint score for alpha[15]: 15.9568
2025-08-11 19:36:00,385 - DEBUG - Joint score for alpha[0]: 15.8238
2025-08-11 19:36:08,587 - DEBUG - Joint score for alpha[1]: 15.8214
2025-08-11 19:36:12,079 - DEBUG - Joint score for alpha[2]: 16.6740
2025-08-11 19:36:15,573 - DEBUG - Joint score for alpha[3]: 15.9529
2025-08-11 19:36:19,065 - DEBUG - Joint score for alpha[4]: 15.7657
2025-08-11 19:36:22,557 - DEBUG - Joint score for alpha[5]: 15.7862
2025-08-11 19:36:26,051 - DEBUG - Joint score for alpha[6]: 16.1468
2025-08-11 19:36:29,543 - DEBUG - Joint score for alpha[7]: 15.6918
2025-08-11 19:36:33,036 - DEBUG - Joint score for alpha[8]: 15.7556
2025-08-11 19:36:36,531 - DEBUG - Joint score for alpha[9]: 15.5251
2025-08-11 19:36:40,025 - DEBUG - Joint score for alpha[10]: 15.9523
2025-08-11 19:36:43,520 - DEBUG - Joint score for alpha[11]: 15.7830
2025-08-11 19:36:47,015 - DEBUG - Joint score for alpha[12]: 16.3345
2025-08-11 19:36:50,511 - DEBUG - Joint score for alpha[13]: 15.7800
2025-08-11 19:36:54,005 - DEBUG - Joint score for alpha[14]: 15.7724
2025-08-11 19:36:57,501 - DEBUG - Joint score for alpha[15]: 15.7653
2025-08-11 19:37:04,162 - DEBUG - Joint score for alpha[0]: 16.6738
2025-08-11 19:37:07,658 - DEBUG - Joint score for alpha[1]: 15.7778
2025-08-11 19:37:11,153 - DEBUG - Joint score for alpha[2]: 16.1065
2025-08-11 19:37:14,647 - DEBUG - Joint score for alpha[3]: 15.7116
2025-08-11 19:37:18,142 - DEBUG - Joint score for alpha[4]: 16.0263
2025-08-11 19:37:21,636 - DEBUG - Joint score for alpha[5]: 15.8539
2025-08-11 19:37:25,131 - DEBUG - Joint score for alpha[6]: 16.4101
2025-08-11 19:37:28,625 - DEBUG - Joint score for alpha[7]: 15.6943
2025-08-11 19:37:32,119 - DEBUG - Joint score for alpha[8]: 16.3679
2025-08-11 19:37:35,614 - DEBUG - Joint score for alpha[9]: 16.4695
2025-08-11 19:37:39,107 - DEBUG - Joint score for alpha[10]: 17.0427
2025-08-11 19:37:42,603 - DEBUG - Joint score for alpha[11]: 15.7432
2025-08-11 19:37:46,099 - DEBUG - Joint score for alpha[12]: 16.3370
2025-08-11 19:37:49,597 - DEBUG - Joint score for alpha[13]: 15.7537
2025-08-11 19:37:53,091 - DEBUG - Joint score for alpha[14]: 17.2114
2025-08-11 19:37:56,585 - DEBUG - Joint score for alpha[15]: 16.9518
2025-08-11 19:37:56,626 - INFO - Step 90/120: mean ENERGY=15.6004
2025-08-11 19:37:56,632 - DEBUG - Beginning Gibbs iteration s = 90
2025-08-11 19:38:03,181 - DEBUG - Joint score for alpha[0]: 15.9259
2025-08-11 19:38:06,678 - DEBUG - Joint score for alpha[1]: 15.8533
2025-08-11 19:38:10,174 - DEBUG - Joint score for alpha[2]: 15.5744
2025-08-11 19:38:13,669 - DEBUG - Joint score for alpha[3]: 15.8436
2025-08-11 19:38:17,164 - DEBUG - Joint score for alpha[4]: 15.7160
2025-08-11 19:38:20,658 - DEBUG - Joint score for alpha[5]: 15.9179
2025-08-11 19:38:24,153 - DEBUG - Joint score for alpha[6]: 16.8655
2025-08-11 19:38:27,647 - DEBUG - Joint score for alpha[7]: 15.6984
2025-08-11 19:38:31,143 - DEBUG - Joint score for alpha[8]: 16.3622
2025-08-11 19:38:34,640 - DEBUG - Joint score for alpha[9]: 15.6974
2025-08-11 19:38:38,134 - DEBUG - Joint score for alpha[10]: 17.1435
2025-08-11 19:38:41,631 - DEBUG - Joint score for alpha[11]: 16.0313
2025-08-11 19:38:45,126 - DEBUG - Joint score for alpha[12]: 16.2654
2025-08-11 19:38:48,624 - DEBUG - Joint score for alpha[13]: 15.7624
2025-08-11 19:38:52,119 - DEBUG - Joint score for alpha[14]: 15.7505
2025-08-11 19:38:55,616 - DEBUG - Joint score for alpha[15]: 15.9023
2025-08-11 19:39:02,307 - DEBUG - Joint score for alpha[0]: 15.7199
2025-08-11 19:39:05,804 - DEBUG - Joint score for alpha[1]: 15.7058
2025-08-11 19:39:09,299 - DEBUG - Joint score for alpha[2]: 15.8154
2025-08-11 19:39:12,793 - DEBUG - Joint score for alpha[3]: 15.8748
2025-08-11 19:39:16,290 - DEBUG - Joint score for alpha[4]: 15.7264
2025-08-11 19:39:19,784 - DEBUG - Joint score for alpha[5]: 15.9044
2025-08-11 19:39:23,279 - DEBUG - Joint score for alpha[6]: 15.8662
2025-08-11 19:39:26,772 - DEBUG - Joint score for alpha[7]: 15.8420
2025-08-11 19:39:30,266 - DEBUG - Joint score for alpha[8]: 15.6636
2025-08-11 19:39:33,762 - DEBUG - Joint score for alpha[9]: 15.7765
2025-08-11 19:39:37,257 - DEBUG - Joint score for alpha[10]: 15.9115
2025-08-11 19:39:40,753 - DEBUG - Joint score for alpha[11]: 15.8614
2025-08-11 19:39:44,249 - DEBUG - Joint score for alpha[12]: 15.8564
2025-08-11 19:39:47,747 - DEBUG - Joint score for alpha[13]: 15.7659
2025-08-11 19:39:51,241 - DEBUG - Joint score for alpha[14]: 15.7720
2025-08-11 19:39:54,737 - DEBUG - Joint score for alpha[15]: 15.8747
2025-08-11 19:40:01,273 - DEBUG - Joint score for alpha[0]: 15.8153
2025-08-11 19:40:04,770 - DEBUG - Joint score for alpha[1]: 15.6660
2025-08-11 19:40:08,265 - DEBUG - Joint score for alpha[2]: 15.8798
2025-08-11 19:40:11,759 - DEBUG - Joint score for alpha[3]: 15.7345
2025-08-11 19:40:15,254 - DEBUG - Joint score for alpha[4]: 15.8784
2025-08-11 19:40:18,749 - DEBUG - Joint score for alpha[5]: 15.7250
2025-08-11 19:40:22,244 - DEBUG - Joint score for alpha[6]: 15.6120
2025-08-11 19:40:25,736 - DEBUG - Joint score for alpha[7]: 15.7319
2025-08-11 19:40:29,231 - DEBUG - Joint score for alpha[8]: 15.8990
2025-08-11 19:40:32,728 - DEBUG - Joint score for alpha[9]: 16.0274
2025-08-11 19:40:36,221 - DEBUG - Joint score for alpha[10]: 15.9006
2025-08-11 19:40:39,718 - DEBUG - Joint score for alpha[11]: 15.7255
2025-08-11 19:40:43,213 - DEBUG - Joint score for alpha[12]: 15.9234
2025-08-11 19:40:46,711 - DEBUG - Joint score for alpha[13]: 15.7287
2025-08-11 19:40:50,206 - DEBUG - Joint score for alpha[14]: 15.8234
2025-08-11 19:40:53,702 - DEBUG - Joint score for alpha[15]: 16.0747
2025-08-11 19:41:00,226 - DEBUG - Joint score for alpha[0]: 15.8167
2025-08-11 19:41:03,722 - DEBUG - Joint score for alpha[1]: 15.7540
2025-08-11 19:41:07,215 - DEBUG - Joint score for alpha[2]: 15.8131
2025-08-11 19:41:10,709 - DEBUG - Joint score for alpha[3]: 15.6664
2025-08-11 19:41:14,204 - DEBUG - Joint score for alpha[4]: 15.9573
2025-08-11 19:41:17,697 - DEBUG - Joint score for alpha[5]: 15.8705
2025-08-11 19:41:21,192 - DEBUG - Joint score for alpha[6]: 16.2313
2025-08-11 19:41:24,685 - DEBUG - Joint score for alpha[7]: 15.6256
2025-08-11 19:41:28,179 - DEBUG - Joint score for alpha[8]: 15.7773
2025-08-11 19:41:31,674 - DEBUG - Joint score for alpha[9]: 15.7103
2025-08-11 19:41:35,167 - DEBUG - Joint score for alpha[10]: 15.9701
2025-08-11 19:41:38,664 - DEBUG - Joint score for alpha[11]: 15.7081
2025-08-11 19:41:42,158 - DEBUG - Joint score for alpha[12]: 15.9135
2025-08-11 19:41:45,655 - DEBUG - Joint score for alpha[13]: 15.6051
2025-08-11 19:41:49,148 - DEBUG - Joint score for alpha[14]: 15.8823
2025-08-11 19:41:52,643 - DEBUG - Joint score for alpha[15]: 15.7778
2025-08-11 19:41:59,163 - DEBUG - Joint score for alpha[0]: 15.8258
2025-08-11 19:42:02,659 - DEBUG - Joint score for alpha[1]: 15.7871
2025-08-11 19:42:06,153 - DEBUG - Joint score for alpha[2]: 16.4455
2025-08-11 19:42:09,647 - DEBUG - Joint score for alpha[3]: 15.7819
2025-08-11 19:42:13,143 - DEBUG - Joint score for alpha[4]: 15.7933
2025-08-11 19:42:16,637 - DEBUG - Joint score for alpha[5]: 15.9373
2025-08-11 19:42:20,132 - DEBUG - Joint score for alpha[6]: 16.1452
2025-08-11 19:42:23,626 - DEBUG - Joint score for alpha[7]: 16.3805
2025-08-11 19:42:27,121 - DEBUG - Joint score for alpha[8]: 15.9492
2025-08-11 19:42:30,618 - DEBUG - Joint score for alpha[9]: 15.6075
2025-08-11 19:42:34,112 - DEBUG - Joint score for alpha[10]: 15.9601
2025-08-11 19:42:37,609 - DEBUG - Joint score for alpha[11]: 15.6889
2025-08-11 19:42:41,105 - DEBUG - Joint score for alpha[12]: 15.8738
2025-08-11 19:42:44,602 - DEBUG - Joint score for alpha[13]: 16.0212
2025-08-11 19:42:48,097 - DEBUG - Joint score for alpha[14]: 15.7247
2025-08-11 19:42:51,595 - DEBUG - Joint score for alpha[15]: 15.6438
2025-08-11 19:42:51,636 - INFO - Step 91/120: mean ENERGY=15.6125
2025-08-11 19:42:51,643 - DEBUG - Beginning Gibbs iteration s = 91
2025-08-11 19:42:58,238 - DEBUG - Joint score for alpha[0]: 17.4877
2025-08-11 19:43:01,733 - DEBUG - Joint score for alpha[1]: 16.2180
2025-08-11 19:43:05,226 - DEBUG - Joint score for alpha[2]: 15.6277
2025-08-11 19:43:08,717 - DEBUG - Joint score for alpha[3]: 16.5455
2025-08-11 19:43:12,211 - DEBUG - Joint score for alpha[4]: 16.0077
2025-08-11 19:43:15,700 - DEBUG - Joint score for alpha[5]: 17.1401
2025-08-11 19:43:19,193 - DEBUG - Joint score for alpha[6]: 20.4632
2025-08-11 19:43:22,685 - DEBUG - Joint score for alpha[7]: 17.0351
2025-08-11 19:43:26,177 - DEBUG - Joint score for alpha[8]: 15.6610
2025-08-11 19:43:29,671 - DEBUG - Joint score for alpha[9]: 16.2514
2025-08-11 19:43:33,163 - DEBUG - Joint score for alpha[10]: 15.5852
2025-08-11 19:43:36,656 - DEBUG - Joint score for alpha[11]: 15.8809
2025-08-11 19:43:40,149 - DEBUG - Joint score for alpha[12]: 17.1205
2025-08-11 19:43:43,644 - DEBUG - Joint score for alpha[13]: 16.2776
2025-08-11 19:43:47,135 - DEBUG - Joint score for alpha[14]: 15.6736
2025-08-11 19:43:50,628 - DEBUG - Joint score for alpha[15]: 16.0753
2025-08-11 19:43:57,154 - DEBUG - Joint score for alpha[0]: 15.9725
2025-08-11 19:44:00,650 - DEBUG - Joint score for alpha[1]: 15.6009
2025-08-11 19:44:04,146 - DEBUG - Joint score for alpha[2]: 16.2043
2025-08-11 19:44:07,639 - DEBUG - Joint score for alpha[3]: 15.8711
2025-08-11 19:44:11,132 - DEBUG - Joint score for alpha[4]: 15.8477
2025-08-11 19:44:14,621 - DEBUG - Joint score for alpha[5]: 15.6731
2025-08-11 19:44:18,112 - DEBUG - Joint score for alpha[6]: 16.0314
2025-08-11 19:44:21,603 - DEBUG - Joint score for alpha[7]: 16.4371
2025-08-11 19:44:25,093 - DEBUG - Joint score for alpha[8]: 15.8173
2025-08-11 19:44:28,586 - DEBUG - Joint score for alpha[9]: 15.8335
2025-08-11 19:44:32,077 - DEBUG - Joint score for alpha[10]: 15.7573
2025-08-11 19:44:35,571 - DEBUG - Joint score for alpha[11]: 16.2866
2025-08-11 19:44:39,063 - DEBUG - Joint score for alpha[12]: 15.6449
2025-08-11 19:44:42,557 - DEBUG - Joint score for alpha[13]: 15.6525
2025-08-11 19:44:46,050 - DEBUG - Joint score for alpha[14]: 15.9797
2025-08-11 19:44:49,542 - DEBUG - Joint score for alpha[15]: 15.5942
2025-08-11 19:44:56,063 - DEBUG - Joint score for alpha[0]: 15.6045
2025-08-11 19:44:59,559 - DEBUG - Joint score for alpha[1]: 15.6419
2025-08-11 19:45:03,054 - DEBUG - Joint score for alpha[2]: 15.5395
2025-08-11 19:45:06,549 - DEBUG - Joint score for alpha[3]: 15.6397
2025-08-11 19:45:10,044 - DEBUG - Joint score for alpha[4]: 15.7062
2025-08-11 19:45:13,537 - DEBUG - Joint score for alpha[5]: 15.7457
2025-08-11 19:45:17,032 - DEBUG - Joint score for alpha[6]: 15.6954
2025-08-11 19:45:20,525 - DEBUG - Joint score for alpha[7]: 15.5904
2025-08-11 19:45:24,018 - DEBUG - Joint score for alpha[8]: 15.5352
2025-08-11 19:45:27,512 - DEBUG - Joint score for alpha[9]: 15.5778
2025-08-11 19:45:31,006 - DEBUG - Joint score for alpha[10]: 15.7435
2025-08-11 19:45:34,502 - DEBUG - Joint score for alpha[11]: 15.6927
2025-08-11 19:45:37,997 - DEBUG - Joint score for alpha[12]: 15.7461
2025-08-11 19:45:41,494 - DEBUG - Joint score for alpha[13]: 15.6569
2025-08-11 19:45:44,988 - DEBUG - Joint score for alpha[14]: 15.9390
2025-08-11 19:45:48,484 - DEBUG - Joint score for alpha[15]: 16.0578
2025-08-11 19:45:55,007 - DEBUG - Joint score for alpha[0]: 16.3733
2025-08-11 19:45:58,502 - DEBUG - Joint score for alpha[1]: 15.6392
2025-08-11 19:46:01,994 - DEBUG - Joint score for alpha[2]: 15.7685
2025-08-11 19:46:05,485 - DEBUG - Joint score for alpha[3]: 15.7970
2025-08-11 19:46:08,978 - DEBUG - Joint score for alpha[4]: 15.6857
2025-08-11 19:46:12,468 - DEBUG - Joint score for alpha[5]: 15.7325
2025-08-11 19:46:15,960 - DEBUG - Joint score for alpha[6]: 15.5464
2025-08-11 19:46:19,451 - DEBUG - Joint score for alpha[7]: 15.6379
2025-08-11 19:46:22,943 - DEBUG - Joint score for alpha[8]: 16.1092
2025-08-11 19:46:26,436 - DEBUG - Joint score for alpha[9]: 15.8918
2025-08-11 19:46:29,928 - DEBUG - Joint score for alpha[10]: 16.1743
2025-08-11 19:46:33,422 - DEBUG - Joint score for alpha[11]: 17.5256
2025-08-11 19:46:36,914 - DEBUG - Joint score for alpha[12]: 15.6932
2025-08-11 19:46:40,409 - DEBUG - Joint score for alpha[13]: 17.0665
2025-08-11 19:46:43,901 - DEBUG - Joint score for alpha[14]: 15.7193
2025-08-11 19:46:47,395 - DEBUG - Joint score for alpha[15]: 15.8294
2025-08-11 19:46:54,034 - DEBUG - Joint score for alpha[0]: 15.6568
2025-08-11 19:46:57,529 - DEBUG - Joint score for alpha[1]: 15.7962
2025-08-11 19:47:01,022 - DEBUG - Joint score for alpha[2]: 15.8284
2025-08-11 19:47:04,515 - DEBUG - Joint score for alpha[3]: 15.7818
2025-08-11 19:47:08,008 - DEBUG - Joint score for alpha[4]: 16.7831
2025-08-11 19:47:11,500 - DEBUG - Joint score for alpha[5]: 16.0267
2025-08-11 19:47:14,993 - DEBUG - Joint score for alpha[6]: 15.7634
2025-08-11 19:47:18,484 - DEBUG - Joint score for alpha[7]: 15.5904
2025-08-11 19:47:21,977 - DEBUG - Joint score for alpha[8]: 15.6178
2025-08-11 19:47:25,469 - DEBUG - Joint score for alpha[9]: 16.1883
2025-08-11 19:47:28,960 - DEBUG - Joint score for alpha[10]: 15.5983
2025-08-11 19:47:32,453 - DEBUG - Joint score for alpha[11]: 16.5778
2025-08-11 19:47:35,946 - DEBUG - Joint score for alpha[12]: 15.7761
2025-08-11 19:47:39,441 - DEBUG - Joint score for alpha[13]: 15.7852
2025-08-11 19:47:42,933 - DEBUG - Joint score for alpha[14]: 15.7380
2025-08-11 19:47:46,427 - DEBUG - Joint score for alpha[15]: 15.8782
2025-08-11 19:47:46,468 - INFO - Step 92/120: mean ENERGY=15.5703
2025-08-11 19:47:46,473 - DEBUG - Beginning Gibbs iteration s = 92
2025-08-11 19:47:53,079 - DEBUG - Joint score for alpha[0]: 15.9169
2025-08-11 19:47:56,575 - DEBUG - Joint score for alpha[1]: 15.7556
2025-08-11 19:48:00,067 - DEBUG - Joint score for alpha[2]: 16.8498
2025-08-11 19:48:03,559 - DEBUG - Joint score for alpha[3]: 15.7378
2025-08-11 19:48:07,052 - DEBUG - Joint score for alpha[4]: 21.2169
2025-08-11 19:48:10,544 - DEBUG - Joint score for alpha[5]: 15.9793
2025-08-11 19:48:14,036 - DEBUG - Joint score for alpha[6]: 17.4330
2025-08-11 19:48:17,527 - DEBUG - Joint score for alpha[7]: 16.0443
2025-08-11 19:48:21,019 - DEBUG - Joint score for alpha[8]: 16.5151
2025-08-11 19:48:24,513 - DEBUG - Joint score for alpha[9]: 16.0616
2025-08-11 19:48:28,005 - DEBUG - Joint score for alpha[10]: 19.7691
2025-08-11 19:48:31,501 - DEBUG - Joint score for alpha[11]: 18.5013
2025-08-11 19:48:34,994 - DEBUG - Joint score for alpha[12]: 19.0975
2025-08-11 19:48:38,490 - DEBUG - Joint score for alpha[13]: 15.9406
2025-08-11 19:48:41,983 - DEBUG - Joint score for alpha[14]: 16.7798
2025-08-11 19:48:45,477 - DEBUG - Joint score for alpha[15]: 16.0332
2025-08-11 19:48:52,000 - DEBUG - Joint score for alpha[0]: 15.9008
2025-08-11 19:48:55,499 - DEBUG - Joint score for alpha[1]: 15.8495
2025-08-11 19:48:58,993 - DEBUG - Joint score for alpha[2]: 16.0959
2025-08-11 19:49:02,486 - DEBUG - Joint score for alpha[3]: 15.8079
2025-08-11 19:49:05,979 - DEBUG - Joint score for alpha[4]: 15.6715
2025-08-11 19:49:09,470 - DEBUG - Joint score for alpha[5]: 16.1170
2025-08-11 19:49:12,962 - DEBUG - Joint score for alpha[6]: 16.0949
2025-08-11 19:49:16,453 - DEBUG - Joint score for alpha[7]: 15.8298
2025-08-11 19:49:19,944 - DEBUG - Joint score for alpha[8]: 15.8159
2025-08-11 19:49:23,437 - DEBUG - Joint score for alpha[9]: 16.3317
2025-08-11 19:49:26,927 - DEBUG - Joint score for alpha[10]: 15.7991
2025-08-11 19:49:30,421 - DEBUG - Joint score for alpha[11]: 15.8050
2025-08-11 19:49:33,912 - DEBUG - Joint score for alpha[12]: 16.0700
2025-08-11 19:49:37,406 - DEBUG - Joint score for alpha[13]: 16.2093
2025-08-11 19:49:40,897 - DEBUG - Joint score for alpha[14]: 15.9346
2025-08-11 19:49:44,390 - DEBUG - Joint score for alpha[15]: 15.8644
2025-08-11 19:49:51,004 - DEBUG - Joint score for alpha[0]: 15.6612
2025-08-11 19:49:54,500 - DEBUG - Joint score for alpha[1]: 16.3316
2025-08-11 19:49:57,995 - DEBUG - Joint score for alpha[2]: 15.7532
2025-08-11 19:50:01,490 - DEBUG - Joint score for alpha[3]: 16.8314
2025-08-11 19:50:04,984 - DEBUG - Joint score for alpha[4]: 15.9578
2025-08-11 19:50:08,475 - DEBUG - Joint score for alpha[5]: 16.1352
2025-08-11 19:50:11,968 - DEBUG - Joint score for alpha[6]: 16.4164
2025-08-11 19:50:15,458 - DEBUG - Joint score for alpha[7]: 15.9348
2025-08-11 19:50:18,950 - DEBUG - Joint score for alpha[8]: 16.5892
2025-08-11 19:50:22,442 - DEBUG - Joint score for alpha[9]: 17.2050
2025-08-11 19:50:25,933 - DEBUG - Joint score for alpha[10]: 15.6110
2025-08-11 19:50:29,427 - DEBUG - Joint score for alpha[11]: 16.1810
2025-08-11 19:50:32,920 - DEBUG - Joint score for alpha[12]: 15.8379
2025-08-11 19:50:36,417 - DEBUG - Joint score for alpha[13]: 15.7255
2025-08-11 19:50:39,910 - DEBUG - Joint score for alpha[14]: 16.3254
2025-08-11 19:50:43,404 - DEBUG - Joint score for alpha[15]: 15.6859
2025-08-11 19:50:49,959 - DEBUG - Joint score for alpha[0]: 16.7821
2025-08-11 19:50:53,454 - DEBUG - Joint score for alpha[1]: 15.8551
2025-08-11 19:50:56,947 - DEBUG - Joint score for alpha[2]: 16.2658
2025-08-11 19:51:00,440 - DEBUG - Joint score for alpha[3]: 15.7743
2025-08-11 19:51:03,932 - DEBUG - Joint score for alpha[4]: 15.9380
2025-08-11 19:51:07,423 - DEBUG - Joint score for alpha[5]: 15.9130
2025-08-11 19:51:10,915 - DEBUG - Joint score for alpha[6]: 15.8385
2025-08-11 19:51:14,406 - DEBUG - Joint score for alpha[7]: 15.7722
2025-08-11 19:51:17,898 - DEBUG - Joint score for alpha[8]: 15.8880
2025-08-11 19:51:21,391 - DEBUG - Joint score for alpha[9]: 15.8973
2025-08-11 19:51:24,882 - DEBUG - Joint score for alpha[10]: 15.7280
2025-08-11 19:51:28,375 - DEBUG - Joint score for alpha[11]: 15.7743
2025-08-11 19:51:31,867 - DEBUG - Joint score for alpha[12]: 15.7596
2025-08-11 19:51:35,360 - DEBUG - Joint score for alpha[13]: 15.7523
2025-08-11 19:51:38,852 - DEBUG - Joint score for alpha[14]: 15.8737
2025-08-11 19:51:42,345 - DEBUG - Joint score for alpha[15]: 15.9332
2025-08-11 19:51:48,921 - DEBUG - Joint score for alpha[0]: 15.9873
2025-08-11 19:51:52,416 - DEBUG - Joint score for alpha[1]: 15.8096
2025-08-11 19:51:55,910 - DEBUG - Joint score for alpha[2]: 15.8524
2025-08-11 19:51:59,404 - DEBUG - Joint score for alpha[3]: 15.6630
2025-08-11 19:52:02,898 - DEBUG - Joint score for alpha[4]: 17.3444
2025-08-11 19:52:06,388 - DEBUG - Joint score for alpha[5]: 15.7806
2025-08-11 19:52:09,879 - DEBUG - Joint score for alpha[6]: 15.6199
2025-08-11 19:52:13,369 - DEBUG - Joint score for alpha[7]: 15.8121
2025-08-11 19:52:16,860 - DEBUG - Joint score for alpha[8]: 16.0661
2025-08-11 19:52:20,353 - DEBUG - Joint score for alpha[9]: 16.0799
2025-08-11 19:52:23,843 - DEBUG - Joint score for alpha[10]: 15.6331
2025-08-11 19:52:27,336 - DEBUG - Joint score for alpha[11]: 16.4401
2025-08-11 19:52:30,826 - DEBUG - Joint score for alpha[12]: 15.7391
2025-08-11 19:52:34,320 - DEBUG - Joint score for alpha[13]: 15.9196
2025-08-11 19:52:37,811 - DEBUG - Joint score for alpha[14]: 16.0548
2025-08-11 19:52:41,302 - DEBUG - Joint score for alpha[15]: 16.0491
2025-08-11 19:52:41,344 - INFO - Step 93/120: mean ENERGY=15.6736
2025-08-11 19:52:41,348 - DEBUG - Beginning Gibbs iteration s = 93
2025-08-11 19:52:48,044 - DEBUG - Joint score for alpha[0]: 16.9912
2025-08-11 19:52:51,541 - DEBUG - Joint score for alpha[1]: 15.5646
2025-08-11 19:52:55,034 - DEBUG - Joint score for alpha[2]: 15.6851
2025-08-11 19:52:58,525 - DEBUG - Joint score for alpha[3]: 17.4996
2025-08-11 19:53:02,017 - DEBUG - Joint score for alpha[4]: 17.5455
2025-08-11 19:53:05,508 - DEBUG - Joint score for alpha[5]: 15.6542
2025-08-11 19:53:08,999 - DEBUG - Joint score for alpha[6]: 15.6081
2025-08-11 19:53:12,489 - DEBUG - Joint score for alpha[7]: 15.9762
2025-08-11 19:53:15,980 - DEBUG - Joint score for alpha[8]: 16.3944
2025-08-11 19:53:19,472 - DEBUG - Joint score for alpha[9]: 17.2136
2025-08-11 19:53:22,962 - DEBUG - Joint score for alpha[10]: 16.7164
2025-08-11 19:53:26,455 - DEBUG - Joint score for alpha[11]: 15.5830
2025-08-11 19:53:29,946 - DEBUG - Joint score for alpha[12]: 15.5664
2025-08-11 19:53:33,441 - DEBUG - Joint score for alpha[13]: 15.6141
2025-08-11 19:53:36,933 - DEBUG - Joint score for alpha[14]: 15.9339
2025-08-11 19:53:40,426 - DEBUG - Joint score for alpha[15]: 17.0907
2025-08-11 19:53:46,978 - DEBUG - Joint score for alpha[0]: 15.7012
2025-08-11 19:53:50,473 - DEBUG - Joint score for alpha[1]: 16.1147
2025-08-11 19:53:53,965 - DEBUG - Joint score for alpha[2]: 15.7908
2025-08-11 19:53:57,457 - DEBUG - Joint score for alpha[3]: 15.9003
2025-08-11 19:54:00,950 - DEBUG - Joint score for alpha[4]: 15.7748
2025-08-11 19:54:04,441 - DEBUG - Joint score for alpha[5]: 17.5618
2025-08-11 19:54:07,935 - DEBUG - Joint score for alpha[6]: 15.8190
2025-08-11 19:54:11,428 - DEBUG - Joint score for alpha[7]: 15.9889
2025-08-11 19:54:14,922 - DEBUG - Joint score for alpha[8]: 15.8178
2025-08-11 19:54:18,416 - DEBUG - Joint score for alpha[9]: 15.6858
2025-08-11 19:54:21,909 - DEBUG - Joint score for alpha[10]: 16.0221
2025-08-11 19:54:25,405 - DEBUG - Joint score for alpha[11]: 16.4781
2025-08-11 19:54:28,899 - DEBUG - Joint score for alpha[12]: 15.9007
2025-08-11 19:54:32,394 - DEBUG - Joint score for alpha[13]: 16.1566
2025-08-11 19:54:35,888 - DEBUG - Joint score for alpha[14]: 15.8447
2025-08-11 19:54:39,380 - DEBUG - Joint score for alpha[15]: 16.1067
2025-08-11 19:54:46,111 - DEBUG - Joint score for alpha[0]: 15.6614
2025-08-11 19:54:49,608 - DEBUG - Joint score for alpha[1]: 15.7880
2025-08-11 19:54:53,100 - DEBUG - Joint score for alpha[2]: 15.6807
2025-08-11 19:54:56,593 - DEBUG - Joint score for alpha[3]: 15.7626
2025-08-11 19:55:00,086 - DEBUG - Joint score for alpha[4]: 15.6714
2025-08-11 19:55:03,578 - DEBUG - Joint score for alpha[5]: 15.9372
2025-08-11 19:55:07,072 - DEBUG - Joint score for alpha[6]: 15.8032
2025-08-11 19:55:10,563 - DEBUG - Joint score for alpha[7]: 15.7677
2025-08-11 19:55:14,055 - DEBUG - Joint score for alpha[8]: 15.9158
2025-08-11 19:55:17,549 - DEBUG - Joint score for alpha[9]: 15.8066
2025-08-11 19:55:21,040 - DEBUG - Joint score for alpha[10]: 15.7299
2025-08-11 19:55:24,533 - DEBUG - Joint score for alpha[11]: 15.9738
2025-08-11 19:55:28,026 - DEBUG - Joint score for alpha[12]: 15.7353
2025-08-11 19:55:31,521 - DEBUG - Joint score for alpha[13]: 15.6730
2025-08-11 19:55:35,013 - DEBUG - Joint score for alpha[14]: 15.7222
2025-08-11 19:55:38,507 - DEBUG - Joint score for alpha[15]: 15.7788
2025-08-11 19:55:45,062 - DEBUG - Joint score for alpha[0]: 15.9166
2025-08-11 19:55:48,560 - DEBUG - Joint score for alpha[1]: 15.8541
2025-08-11 19:55:52,054 - DEBUG - Joint score for alpha[2]: 16.0733
2025-08-11 19:55:55,547 - DEBUG - Joint score for alpha[3]: 15.8411
2025-08-11 19:55:59,041 - DEBUG - Joint score for alpha[4]: 15.7231
2025-08-11 19:56:02,532 - DEBUG - Joint score for alpha[5]: 15.7876
2025-08-11 19:56:06,024 - DEBUG - Joint score for alpha[6]: 17.1645
2025-08-11 19:56:09,516 - DEBUG - Joint score for alpha[7]: 16.1625
2025-08-11 19:56:13,008 - DEBUG - Joint score for alpha[8]: 16.0042
2025-08-11 19:56:16,502 - DEBUG - Joint score for alpha[9]: 15.8538
2025-08-11 19:56:19,994 - DEBUG - Joint score for alpha[10]: 15.9554
2025-08-11 19:56:23,487 - DEBUG - Joint score for alpha[11]: 15.8296
2025-08-11 19:56:26,981 - DEBUG - Joint score for alpha[12]: 16.8766
2025-08-11 19:56:30,476 - DEBUG - Joint score for alpha[13]: 15.8102
2025-08-11 19:56:33,968 - DEBUG - Joint score for alpha[14]: 16.3745
2025-08-11 19:56:37,461 - DEBUG - Joint score for alpha[15]: 16.0089
2025-08-11 19:56:43,980 - DEBUG - Joint score for alpha[0]: 16.5224
2025-08-11 19:56:47,475 - DEBUG - Joint score for alpha[1]: 16.2730
2025-08-11 19:56:50,970 - DEBUG - Joint score for alpha[2]: 15.8327
2025-08-11 19:56:54,464 - DEBUG - Joint score for alpha[3]: 15.9544
2025-08-11 19:56:57,960 - DEBUG - Joint score for alpha[4]: 16.0062
2025-08-11 19:57:01,453 - DEBUG - Joint score for alpha[5]: 18.6932
2025-08-11 19:57:04,945 - DEBUG - Joint score for alpha[6]: 18.2412
2025-08-11 19:57:08,435 - DEBUG - Joint score for alpha[7]: 16.0633
2025-08-11 19:57:11,927 - DEBUG - Joint score for alpha[8]: 15.7532
2025-08-11 19:57:15,419 - DEBUG - Joint score for alpha[9]: 16.9568
2025-08-11 19:57:18,911 - DEBUG - Joint score for alpha[10]: 16.5658
2025-08-11 19:57:22,404 - DEBUG - Joint score for alpha[11]: 15.9129
2025-08-11 19:57:25,896 - DEBUG - Joint score for alpha[12]: 15.8585
2025-08-11 19:57:29,390 - DEBUG - Joint score for alpha[13]: 15.7285
2025-08-11 19:57:32,882 - DEBUG - Joint score for alpha[14]: 15.7666
2025-08-11 19:57:36,375 - DEBUG - Joint score for alpha[15]: 15.5863
2025-08-11 19:57:36,416 - INFO - Step 94/120: mean ENERGY=15.6443
2025-08-11 19:57:36,421 - DEBUG - Beginning Gibbs iteration s = 94
2025-08-11 19:57:42,962 - DEBUG - Joint score for alpha[0]: 16.4414
2025-08-11 19:57:46,458 - DEBUG - Joint score for alpha[1]: 15.9447
2025-08-11 19:57:49,952 - DEBUG - Joint score for alpha[2]: 16.3433
2025-08-11 19:57:53,445 - DEBUG - Joint score for alpha[3]: 15.8160
2025-08-11 19:57:56,940 - DEBUG - Joint score for alpha[4]: 18.3096
2025-08-11 19:58:00,434 - DEBUG - Joint score for alpha[5]: 17.7541
2025-08-11 19:58:03,928 - DEBUG - Joint score for alpha[6]: 18.1784
2025-08-11 19:58:07,421 - DEBUG - Joint score for alpha[7]: 16.8883
2025-08-11 19:58:10,915 - DEBUG - Joint score for alpha[8]: 15.8411
2025-08-11 19:58:14,408 - DEBUG - Joint score for alpha[9]: 15.6664
2025-08-11 19:58:17,899 - DEBUG - Joint score for alpha[10]: 15.7421
2025-08-11 19:58:21,392 - DEBUG - Joint score for alpha[11]: 15.6743
2025-08-11 19:58:24,884 - DEBUG - Joint score for alpha[12]: 18.6357
2025-08-11 19:58:28,378 - DEBUG - Joint score for alpha[13]: 16.3435
2025-08-11 19:58:31,869 - DEBUG - Joint score for alpha[14]: 15.9098
2025-08-11 19:58:35,362 - DEBUG - Joint score for alpha[15]: 16.9236
2025-08-11 19:58:41,934 - DEBUG - Joint score for alpha[0]: 15.8792
2025-08-11 19:58:45,431 - DEBUG - Joint score for alpha[1]: 15.9147
2025-08-11 19:58:48,925 - DEBUG - Joint score for alpha[2]: 15.8322
2025-08-11 19:58:52,419 - DEBUG - Joint score for alpha[3]: 15.5321
2025-08-11 19:58:55,912 - DEBUG - Joint score for alpha[4]: 15.9331
2025-08-11 19:58:59,402 - DEBUG - Joint score for alpha[5]: 15.8678
2025-08-11 19:59:02,894 - DEBUG - Joint score for alpha[6]: 15.7550
2025-08-11 19:59:06,385 - DEBUG - Joint score for alpha[7]: 15.8193
2025-08-11 19:59:09,877 - DEBUG - Joint score for alpha[8]: 16.1091
2025-08-11 19:59:13,370 - DEBUG - Joint score for alpha[9]: 16.0335
2025-08-11 19:59:16,861 - DEBUG - Joint score for alpha[10]: 15.8258
2025-08-11 19:59:20,355 - DEBUG - Joint score for alpha[11]: 15.6855
2025-08-11 19:59:23,847 - DEBUG - Joint score for alpha[12]: 15.8128
2025-08-11 19:59:27,342 - DEBUG - Joint score for alpha[13]: 15.7541
2025-08-11 19:59:30,833 - DEBUG - Joint score for alpha[14]: 15.6734
2025-08-11 19:59:34,326 - DEBUG - Joint score for alpha[15]: 15.6553
2025-08-11 19:59:41,111 - DEBUG - Joint score for alpha[0]: 15.9710
2025-08-11 19:59:44,608 - DEBUG - Joint score for alpha[1]: 16.0766
2025-08-11 19:59:48,103 - DEBUG - Joint score for alpha[2]: 16.8257
2025-08-11 19:59:51,598 - DEBUG - Joint score for alpha[3]: 16.0312
2025-08-11 19:59:55,094 - DEBUG - Joint score for alpha[4]: 15.8543
2025-08-11 19:59:58,586 - DEBUG - Joint score for alpha[5]: 15.7454
2025-08-11 20:00:02,081 - DEBUG - Joint score for alpha[6]: 15.7100
2025-08-11 20:00:05,574 - DEBUG - Joint score for alpha[7]: 15.8594
2025-08-11 20:00:09,068 - DEBUG - Joint score for alpha[8]: 15.7427
2025-08-11 20:00:12,563 - DEBUG - Joint score for alpha[9]: 16.0274
2025-08-11 20:00:16,056 - DEBUG - Joint score for alpha[10]: 15.7238
2025-08-11 20:00:19,548 - DEBUG - Joint score for alpha[11]: 16.1374
2025-08-11 20:00:23,040 - DEBUG - Joint score for alpha[12]: 15.7826
2025-08-11 20:00:26,535 - DEBUG - Joint score for alpha[13]: 15.6123
2025-08-11 20:00:30,027 - DEBUG - Joint score for alpha[14]: 15.6891
2025-08-11 20:00:33,519 - DEBUG - Joint score for alpha[15]: 15.7683
2025-08-11 20:00:40,038 - DEBUG - Joint score for alpha[0]: 16.1989
2025-08-11 20:00:43,535 - DEBUG - Joint score for alpha[1]: 15.7558
2025-08-11 20:00:47,029 - DEBUG - Joint score for alpha[2]: 15.9051
2025-08-11 20:00:50,523 - DEBUG - Joint score for alpha[3]: 15.7918
2025-08-11 20:00:54,018 - DEBUG - Joint score for alpha[4]: 15.7573
2025-08-11 20:00:57,511 - DEBUG - Joint score for alpha[5]: 16.0058
2025-08-11 20:01:01,006 - DEBUG - Joint score for alpha[6]: 15.9699
2025-08-11 20:01:04,499 - DEBUG - Joint score for alpha[7]: 15.9458
2025-08-11 20:01:07,990 - DEBUG - Joint score for alpha[8]: 15.7606
2025-08-11 20:01:11,483 - DEBUG - Joint score for alpha[9]: 15.6221
2025-08-11 20:01:14,976 - DEBUG - Joint score for alpha[10]: 15.7701
2025-08-11 20:01:18,471 - DEBUG - Joint score for alpha[11]: 15.9821
2025-08-11 20:01:21,964 - DEBUG - Joint score for alpha[12]: 15.8474
2025-08-11 20:01:25,460 - DEBUG - Joint score for alpha[13]: 15.6684
2025-08-11 20:01:28,953 - DEBUG - Joint score for alpha[14]: 15.7332
2025-08-11 20:01:32,447 - DEBUG - Joint score for alpha[15]: 15.9821
2025-08-11 20:01:39,005 - DEBUG - Joint score for alpha[0]: 15.7580
2025-08-11 20:01:42,503 - DEBUG - Joint score for alpha[1]: 16.2962
2025-08-11 20:01:45,998 - DEBUG - Joint score for alpha[2]: 16.0601
2025-08-11 20:01:49,493 - DEBUG - Joint score for alpha[3]: 15.6988
2025-08-11 20:01:52,990 - DEBUG - Joint score for alpha[4]: 16.0730
2025-08-11 20:01:56,484 - DEBUG - Joint score for alpha[5]: 15.9857
2025-08-11 20:01:59,979 - DEBUG - Joint score for alpha[6]: 16.0892
2025-08-11 20:02:03,473 - DEBUG - Joint score for alpha[7]: 15.8543
2025-08-11 20:02:06,967 - DEBUG - Joint score for alpha[8]: 16.1142
2025-08-11 20:02:10,463 - DEBUG - Joint score for alpha[9]: 15.9921
2025-08-11 20:02:13,958 - DEBUG - Joint score for alpha[10]: 16.4155
2025-08-11 20:02:17,454 - DEBUG - Joint score for alpha[11]: 16.0523
2025-08-11 20:02:20,949 - DEBUG - Joint score for alpha[12]: 16.0497
2025-08-11 20:02:24,446 - DEBUG - Joint score for alpha[13]: 15.8230
2025-08-11 20:02:27,938 - DEBUG - Joint score for alpha[14]: 15.8158
2025-08-11 20:02:31,433 - DEBUG - Joint score for alpha[15]: 16.1659
2025-08-11 20:02:31,474 - INFO - Step 95/120: mean ENERGY=15.6263
2025-08-11 20:02:31,480 - DEBUG - Beginning Gibbs iteration s = 95
2025-08-11 20:02:38,186 - DEBUG - Joint score for alpha[0]: 15.8612
2025-08-11 20:02:41,683 - DEBUG - Joint score for alpha[1]: 16.8108
2025-08-11 20:02:45,175 - DEBUG - Joint score for alpha[2]: 15.9608
2025-08-11 20:02:48,669 - DEBUG - Joint score for alpha[3]: 15.6628
2025-08-11 20:02:52,163 - DEBUG - Joint score for alpha[4]: 16.5788
2025-08-11 20:02:55,655 - DEBUG - Joint score for alpha[5]: 15.9731
2025-08-11 20:02:59,149 - DEBUG - Joint score for alpha[6]: 18.7142
2025-08-11 20:03:02,641 - DEBUG - Joint score for alpha[7]: 15.8658
2025-08-11 20:03:06,135 - DEBUG - Joint score for alpha[8]: 18.8466
2025-08-11 20:03:09,629 - DEBUG - Joint score for alpha[9]: 15.7718
2025-08-11 20:03:13,122 - DEBUG - Joint score for alpha[10]: 16.5435
2025-08-11 20:03:16,617 - DEBUG - Joint score for alpha[11]: 16.4978
2025-08-11 20:03:20,112 - DEBUG - Joint score for alpha[12]: 16.1184
2025-08-11 20:03:23,609 - DEBUG - Joint score for alpha[13]: 15.8762
2025-08-11 20:03:27,103 - DEBUG - Joint score for alpha[14]: 15.7573
2025-08-11 20:03:30,599 - DEBUG - Joint score for alpha[15]: 15.7256
2025-08-11 20:03:37,166 - DEBUG - Joint score for alpha[0]: 15.7494
2025-08-11 20:03:40,663 - DEBUG - Joint score for alpha[1]: 16.3627
2025-08-11 20:03:44,157 - DEBUG - Joint score for alpha[2]: 15.7266
2025-08-11 20:03:47,651 - DEBUG - Joint score for alpha[3]: 15.8189
2025-08-11 20:03:51,147 - DEBUG - Joint score for alpha[4]: 15.6493
2025-08-11 20:03:54,639 - DEBUG - Joint score for alpha[5]: 16.0113
2025-08-11 20:03:58,133 - DEBUG - Joint score for alpha[6]: 15.9611
2025-08-11 20:04:01,628 - DEBUG - Joint score for alpha[7]: 15.6935
2025-08-11 20:04:05,123 - DEBUG - Joint score for alpha[8]: 16.0494
2025-08-11 20:04:08,619 - DEBUG - Joint score for alpha[9]: 15.7652
2025-08-11 20:04:12,114 - DEBUG - Joint score for alpha[10]: 15.7223
2025-08-11 20:04:15,610 - DEBUG - Joint score for alpha[11]: 15.8046
2025-08-11 20:04:19,103 - DEBUG - Joint score for alpha[12]: 15.8456
2025-08-11 20:04:22,598 - DEBUG - Joint score for alpha[13]: 15.7614
2025-08-11 20:04:26,091 - DEBUG - Joint score for alpha[14]: 15.8056
2025-08-11 20:04:29,585 - DEBUG - Joint score for alpha[15]: 16.0690
2025-08-11 20:04:36,143 - DEBUG - Joint score for alpha[0]: 15.8186
2025-08-11 20:04:39,640 - DEBUG - Joint score for alpha[1]: 16.0543
2025-08-11 20:04:43,135 - DEBUG - Joint score for alpha[2]: 16.2730
2025-08-11 20:04:46,630 - DEBUG - Joint score for alpha[3]: 15.8143
2025-08-11 20:04:50,126 - DEBUG - Joint score for alpha[4]: 15.8763
2025-08-11 20:04:53,619 - DEBUG - Joint score for alpha[5]: 16.0147
2025-08-11 20:04:57,114 - DEBUG - Joint score for alpha[6]: 16.3856
2025-08-11 20:05:00,608 - DEBUG - Joint score for alpha[7]: 15.8733
2025-08-11 20:05:04,103 - DEBUG - Joint score for alpha[8]: 16.1480
2025-08-11 20:05:07,598 - DEBUG - Joint score for alpha[9]: 15.8089
2025-08-11 20:05:11,092 - DEBUG - Joint score for alpha[10]: 15.9688
2025-08-11 20:05:14,588 - DEBUG - Joint score for alpha[11]: 15.8316
2025-08-11 20:05:18,083 - DEBUG - Joint score for alpha[12]: 16.0811
2025-08-11 20:05:21,579 - DEBUG - Joint score for alpha[13]: 16.1724
2025-08-11 20:05:25,074 - DEBUG - Joint score for alpha[14]: 16.6446
2025-08-11 20:05:28,569 - DEBUG - Joint score for alpha[15]: 15.6986
2025-08-11 20:05:35,109 - DEBUG - Joint score for alpha[0]: 16.4722
2025-08-11 20:05:38,605 - DEBUG - Joint score for alpha[1]: 16.0496
2025-08-11 20:05:42,099 - DEBUG - Joint score for alpha[2]: 15.9815
2025-08-11 20:05:45,593 - DEBUG - Joint score for alpha[3]: 15.7015
2025-08-11 20:05:49,088 - DEBUG - Joint score for alpha[4]: 16.3412
2025-08-11 20:05:52,582 - DEBUG - Joint score for alpha[5]: 15.7600
2025-08-11 20:05:56,077 - DEBUG - Joint score for alpha[6]: 15.7109
2025-08-11 20:05:59,570 - DEBUG - Joint score for alpha[7]: 15.9250
2025-08-11 20:06:03,063 - DEBUG - Joint score for alpha[8]: 16.6389
2025-08-11 20:06:06,559 - DEBUG - Joint score for alpha[9]: 15.8674
2025-08-11 20:06:10,053 - DEBUG - Joint score for alpha[10]: 15.5826
2025-08-11 20:06:13,549 - DEBUG - Joint score for alpha[11]: 16.1632
2025-08-11 20:06:17,044 - DEBUG - Joint score for alpha[12]: 16.2083
2025-08-11 20:06:20,542 - DEBUG - Joint score for alpha[13]: 16.3117
2025-08-11 20:06:24,039 - DEBUG - Joint score for alpha[14]: 15.6557
2025-08-11 20:06:27,534 - DEBUG - Joint score for alpha[15]: 15.9274
2025-08-11 20:06:34,054 - DEBUG - Joint score for alpha[0]: 15.7089
2025-08-11 20:06:37,551 - DEBUG - Joint score for alpha[1]: 15.9647
2025-08-11 20:06:41,047 - DEBUG - Joint score for alpha[2]: 15.9485
2025-08-11 20:06:44,541 - DEBUG - Joint score for alpha[3]: 15.7805
2025-08-11 20:06:48,037 - DEBUG - Joint score for alpha[4]: 15.9125
2025-08-11 20:06:51,531 - DEBUG - Joint score for alpha[5]: 15.8912
2025-08-11 20:06:55,027 - DEBUG - Joint score for alpha[6]: 16.2934
2025-08-11 20:06:58,522 - DEBUG - Joint score for alpha[7]: 15.7711
2025-08-11 20:07:02,018 - DEBUG - Joint score for alpha[8]: 16.1337
2025-08-11 20:07:05,515 - DEBUG - Joint score for alpha[9]: 15.9564
2025-08-11 20:07:09,011 - DEBUG - Joint score for alpha[10]: 16.0254
2025-08-11 20:07:12,510 - DEBUG - Joint score for alpha[11]: 15.8540
2025-08-11 20:07:16,005 - DEBUG - Joint score for alpha[12]: 16.7100
2025-08-11 20:07:19,503 - DEBUG - Joint score for alpha[13]: 15.8120
2025-08-11 20:07:22,997 - DEBUG - Joint score for alpha[14]: 16.1998
2025-08-11 20:07:26,492 - DEBUG - Joint score for alpha[15]: 15.7043
2025-08-11 20:07:26,533 - INFO - Step 96/120: mean ENERGY=15.6595
2025-08-11 20:07:26,539 - DEBUG - Beginning Gibbs iteration s = 96
2025-08-11 20:07:33,143 - DEBUG - Joint score for alpha[0]: 16.0579
2025-08-11 20:07:36,640 - DEBUG - Joint score for alpha[1]: 16.1184
2025-08-11 20:07:40,135 - DEBUG - Joint score for alpha[2]: 15.6002
2025-08-11 20:07:43,629 - DEBUG - Joint score for alpha[3]: 15.6752
2025-08-11 20:07:47,124 - DEBUG - Joint score for alpha[4]: 18.0038
2025-08-11 20:07:50,617 - DEBUG - Joint score for alpha[5]: 15.7692
2025-08-11 20:07:54,113 - DEBUG - Joint score for alpha[6]: 17.8862
2025-08-11 20:07:57,606 - DEBUG - Joint score for alpha[7]: 21.1506
2025-08-11 20:08:01,100 - DEBUG - Joint score for alpha[8]: 15.8331
2025-08-11 20:08:04,596 - DEBUG - Joint score for alpha[9]: 16.3434
2025-08-11 20:08:08,089 - DEBUG - Joint score for alpha[10]: 16.7332
2025-08-11 20:08:11,584 - DEBUG - Joint score for alpha[11]: 15.7852
2025-08-11 20:08:15,078 - DEBUG - Joint score for alpha[12]: 17.4199
2025-08-11 20:08:18,575 - DEBUG - Joint score for alpha[13]: 15.6483
2025-08-11 20:08:22,070 - DEBUG - Joint score for alpha[14]: 15.9596
2025-08-11 20:08:25,566 - DEBUG - Joint score for alpha[15]: 15.7703
2025-08-11 20:08:32,088 - DEBUG - Joint score for alpha[0]: 15.8847
2025-08-11 20:08:35,584 - DEBUG - Joint score for alpha[1]: 15.7552
2025-08-11 20:08:39,080 - DEBUG - Joint score for alpha[2]: 15.7450
2025-08-11 20:08:42,575 - DEBUG - Joint score for alpha[3]: 15.7227
2025-08-11 20:08:46,071 - DEBUG - Joint score for alpha[4]: 15.7327
2025-08-11 20:08:49,565 - DEBUG - Joint score for alpha[5]: 15.5974
2025-08-11 20:08:53,058 - DEBUG - Joint score for alpha[6]: 15.7682
2025-08-11 20:08:56,552 - DEBUG - Joint score for alpha[7]: 16.9311
2025-08-11 20:09:00,046 - DEBUG - Joint score for alpha[8]: 15.6625
2025-08-11 20:09:03,542 - DEBUG - Joint score for alpha[9]: 15.6024
2025-08-11 20:09:07,037 - DEBUG - Joint score for alpha[10]: 15.6639
2025-08-11 20:09:10,534 - DEBUG - Joint score for alpha[11]: 15.7785
2025-08-11 20:09:14,029 - DEBUG - Joint score for alpha[12]: 16.0436
2025-08-11 20:09:17,527 - DEBUG - Joint score for alpha[13]: 15.7892
2025-08-11 20:09:21,022 - DEBUG - Joint score for alpha[14]: 15.6514
2025-08-11 20:09:24,518 - DEBUG - Joint score for alpha[15]: 15.6405
2025-08-11 20:09:31,039 - DEBUG - Joint score for alpha[0]: 15.6605
2025-08-11 20:09:34,535 - DEBUG - Joint score for alpha[1]: 15.6325
2025-08-11 20:09:38,029 - DEBUG - Joint score for alpha[2]: 15.6289
2025-08-11 20:09:41,524 - DEBUG - Joint score for alpha[3]: 15.7659
2025-08-11 20:09:45,020 - DEBUG - Joint score for alpha[4]: 15.6297
2025-08-11 20:09:48,514 - DEBUG - Joint score for alpha[5]: 15.5869
2025-08-11 20:09:52,009 - DEBUG - Joint score for alpha[6]: 15.8014
2025-08-11 20:09:55,503 - DEBUG - Joint score for alpha[7]: 15.6813
2025-08-11 20:09:58,997 - DEBUG - Joint score for alpha[8]: 15.8099
2025-08-11 20:10:02,493 - DEBUG - Joint score for alpha[9]: 15.5086
2025-08-11 20:10:05,988 - DEBUG - Joint score for alpha[10]: 15.5760
2025-08-11 20:10:09,485 - DEBUG - Joint score for alpha[11]: 16.0269
2025-08-11 20:10:12,981 - DEBUG - Joint score for alpha[12]: 15.6347
2025-08-11 20:10:16,477 - DEBUG - Joint score for alpha[13]: 15.6213
2025-08-11 20:10:19,971 - DEBUG - Joint score for alpha[14]: 16.0428
2025-08-11 20:10:23,467 - DEBUG - Joint score for alpha[15]: 15.5819
2025-08-11 20:10:29,986 - DEBUG - Joint score for alpha[0]: 16.2629
2025-08-11 20:10:33,482 - DEBUG - Joint score for alpha[1]: 15.7030
2025-08-11 20:10:36,977 - DEBUG - Joint score for alpha[2]: 15.7958
2025-08-11 20:10:40,471 - DEBUG - Joint score for alpha[3]: 15.6377
2025-08-11 20:10:43,967 - DEBUG - Joint score for alpha[4]: 16.3063
2025-08-11 20:10:47,460 - DEBUG - Joint score for alpha[5]: 15.9029
2025-08-11 20:10:50,955 - DEBUG - Joint score for alpha[6]: 16.0637
2025-08-11 20:10:54,449 - DEBUG - Joint score for alpha[7]: 15.8961
2025-08-11 20:10:57,943 - DEBUG - Joint score for alpha[8]: 16.1889
2025-08-11 20:11:01,438 - DEBUG - Joint score for alpha[9]: 15.5975
2025-08-11 20:11:04,932 - DEBUG - Joint score for alpha[10]: 15.9910
2025-08-11 20:11:08,429 - DEBUG - Joint score for alpha[11]: 15.8562
2025-08-11 20:11:11,924 - DEBUG - Joint score for alpha[12]: 15.8559
2025-08-11 20:11:15,422 - DEBUG - Joint score for alpha[13]: 15.6058
2025-08-11 20:11:18,916 - DEBUG - Joint score for alpha[14]: 15.8640
2025-08-11 20:11:22,413 - DEBUG - Joint score for alpha[15]: 15.6171
2025-08-11 20:11:28,981 - DEBUG - Joint score for alpha[0]: 15.7500
2025-08-11 20:11:32,478 - DEBUG - Joint score for alpha[1]: 15.4494
2025-08-11 20:11:35,973 - DEBUG - Joint score for alpha[2]: 15.6994
2025-08-11 20:11:39,469 - DEBUG - Joint score for alpha[3]: 15.7848
2025-08-11 20:11:42,964 - DEBUG - Joint score for alpha[4]: 15.6503
2025-08-11 20:11:46,459 - DEBUG - Joint score for alpha[5]: 15.5155
2025-08-11 20:11:49,954 - DEBUG - Joint score for alpha[6]: 15.7183
2025-08-11 20:11:53,450 - DEBUG - Joint score for alpha[7]: 15.8672
2025-08-11 20:11:56,946 - DEBUG - Joint score for alpha[8]: 15.6786
2025-08-11 20:12:00,442 - DEBUG - Joint score for alpha[9]: 15.7475
2025-08-11 20:12:03,937 - DEBUG - Joint score for alpha[10]: 15.7337
2025-08-11 20:12:07,435 - DEBUG - Joint score for alpha[11]: 16.0200
2025-08-11 20:12:10,932 - DEBUG - Joint score for alpha[12]: 16.0327
2025-08-11 20:12:14,431 - DEBUG - Joint score for alpha[13]: 15.8054
2025-08-11 20:12:17,926 - DEBUG - Joint score for alpha[14]: 15.8839
2025-08-11 20:12:21,423 - DEBUG - Joint score for alpha[15]: 15.9688
2025-08-11 20:12:21,464 - INFO - Step 97/120: mean ENERGY=15.5506
2025-08-11 20:12:21,471 - DEBUG - Beginning Gibbs iteration s = 97
2025-08-11 20:12:28,329 - DEBUG - Joint score for alpha[0]: 16.0392
2025-08-11 20:12:31,825 - DEBUG - Joint score for alpha[1]: 16.1103
2025-08-11 20:12:35,320 - DEBUG - Joint score for alpha[2]: 16.0861
2025-08-11 20:12:38,814 - DEBUG - Joint score for alpha[3]: 18.2655
2025-08-11 20:12:42,310 - DEBUG - Joint score for alpha[4]: 15.9882
2025-08-11 20:12:45,803 - DEBUG - Joint score for alpha[5]: 16.2140
2025-08-11 20:12:49,298 - DEBUG - Joint score for alpha[6]: 16.7601
2025-08-11 20:12:52,793 - DEBUG - Joint score for alpha[7]: 15.8330
2025-08-11 20:12:56,286 - DEBUG - Joint score for alpha[8]: 15.7988
2025-08-11 20:12:59,783 - DEBUG - Joint score for alpha[9]: 15.7190
2025-08-11 20:13:03,278 - DEBUG - Joint score for alpha[10]: 16.5607
2025-08-11 20:13:06,774 - DEBUG - Joint score for alpha[11]: 15.9543
2025-08-11 20:13:10,268 - DEBUG - Joint score for alpha[12]: 16.0103
2025-08-11 20:13:13,767 - DEBUG - Joint score for alpha[13]: 16.0144
2025-08-11 20:13:17,262 - DEBUG - Joint score for alpha[14]: 16.7284
2025-08-11 20:13:20,757 - DEBUG - Joint score for alpha[15]: 16.3958
2025-08-11 20:13:27,315 - DEBUG - Joint score for alpha[0]: 15.8090
2025-08-11 20:13:30,812 - DEBUG - Joint score for alpha[1]: 16.1958
2025-08-11 20:13:34,307 - DEBUG - Joint score for alpha[2]: 15.8802
2025-08-11 20:13:37,802 - DEBUG - Joint score for alpha[3]: 15.9160
2025-08-11 20:13:41,297 - DEBUG - Joint score for alpha[4]: 15.8985
2025-08-11 20:13:44,790 - DEBUG - Joint score for alpha[5]: 15.9774
2025-08-11 20:13:48,286 - DEBUG - Joint score for alpha[6]: 15.8011
2025-08-11 20:13:51,779 - DEBUG - Joint score for alpha[7]: 15.7689
2025-08-11 20:13:55,273 - DEBUG - Joint score for alpha[8]: 15.8546
2025-08-11 20:13:58,769 - DEBUG - Joint score for alpha[9]: 15.7839
2025-08-11 20:14:02,263 - DEBUG - Joint score for alpha[10]: 15.9095
2025-08-11 20:14:05,758 - DEBUG - Joint score for alpha[11]: 15.8268
2025-08-11 20:14:09,251 - DEBUG - Joint score for alpha[12]: 15.6037
2025-08-11 20:14:12,747 - DEBUG - Joint score for alpha[13]: 15.6530
2025-08-11 20:14:16,240 - DEBUG - Joint score for alpha[14]: 15.8971
2025-08-11 20:14:19,736 - DEBUG - Joint score for alpha[15]: 15.7081
2025-08-11 20:14:26,317 - DEBUG - Joint score for alpha[0]: 15.9784
2025-08-11 20:14:29,813 - DEBUG - Joint score for alpha[1]: 15.8754
2025-08-11 20:14:33,306 - DEBUG - Joint score for alpha[2]: 15.7717
2025-08-11 20:14:36,799 - DEBUG - Joint score for alpha[3]: 16.2854
2025-08-11 20:14:40,293 - DEBUG - Joint score for alpha[4]: 16.0080
2025-08-11 20:14:43,784 - DEBUG - Joint score for alpha[5]: 16.0675
2025-08-11 20:14:47,277 - DEBUG - Joint score for alpha[6]: 15.7672
2025-08-11 20:14:50,770 - DEBUG - Joint score for alpha[7]: 15.6857
2025-08-11 20:14:54,264 - DEBUG - Joint score for alpha[8]: 15.7244
2025-08-11 20:14:57,758 - DEBUG - Joint score for alpha[9]: 16.2913
2025-08-11 20:15:01,252 - DEBUG - Joint score for alpha[10]: 15.9235
2025-08-11 20:15:04,747 - DEBUG - Joint score for alpha[11]: 15.8785
2025-08-11 20:15:08,241 - DEBUG - Joint score for alpha[12]: 15.5987
2025-08-11 20:15:11,737 - DEBUG - Joint score for alpha[13]: 16.9143
2025-08-11 20:15:15,230 - DEBUG - Joint score for alpha[14]: 15.7185
2025-08-11 20:15:18,723 - DEBUG - Joint score for alpha[15]: 16.1680
2025-08-11 20:15:25,311 - DEBUG - Joint score for alpha[0]: 15.7057
2025-08-11 20:15:28,806 - DEBUG - Joint score for alpha[1]: 15.7431
2025-08-11 20:15:32,299 - DEBUG - Joint score for alpha[2]: 16.1198
2025-08-11 20:15:35,789 - DEBUG - Joint score for alpha[3]: 16.2426
2025-08-11 20:15:39,280 - DEBUG - Joint score for alpha[4]: 15.8368
2025-08-11 20:15:42,769 - DEBUG - Joint score for alpha[5]: 16.4185
2025-08-11 20:15:46,260 - DEBUG - Joint score for alpha[6]: 15.9716
2025-08-11 20:15:49,749 - DEBUG - Joint score for alpha[7]: 16.1809
2025-08-11 20:15:53,239 - DEBUG - Joint score for alpha[8]: 16.2671
2025-08-11 20:15:56,730 - DEBUG - Joint score for alpha[9]: 15.7895
2025-08-11 20:16:00,219 - DEBUG - Joint score for alpha[10]: 15.9664
2025-08-11 20:16:03,711 - DEBUG - Joint score for alpha[11]: 16.0572
2025-08-11 20:16:07,202 - DEBUG - Joint score for alpha[12]: 16.3741
2025-08-11 20:16:10,695 - DEBUG - Joint score for alpha[13]: 15.9401
2025-08-11 20:16:14,186 - DEBUG - Joint score for alpha[14]: 15.8964
2025-08-11 20:16:17,678 - DEBUG - Joint score for alpha[15]: 15.8359
2025-08-11 20:16:24,299 - DEBUG - Joint score for alpha[0]: 16.5406
2025-08-11 20:16:27,794 - DEBUG - Joint score for alpha[1]: 15.8231
2025-08-11 20:16:31,287 - DEBUG - Joint score for alpha[2]: 17.2217
2025-08-11 20:16:34,781 - DEBUG - Joint score for alpha[3]: 15.8941
2025-08-11 20:16:38,272 - DEBUG - Joint score for alpha[4]: 15.9192
2025-08-11 20:16:41,761 - DEBUG - Joint score for alpha[5]: 15.9236
2025-08-11 20:16:45,252 - DEBUG - Joint score for alpha[6]: 15.6561
2025-08-11 20:16:48,742 - DEBUG - Joint score for alpha[7]: 15.9519
2025-08-11 20:16:52,231 - DEBUG - Joint score for alpha[8]: 15.9218
2025-08-11 20:16:55,722 - DEBUG - Joint score for alpha[9]: 16.4128
2025-08-11 20:16:59,212 - DEBUG - Joint score for alpha[10]: 16.1680
2025-08-11 20:17:02,704 - DEBUG - Joint score for alpha[11]: 15.8750
2025-08-11 20:17:06,196 - DEBUG - Joint score for alpha[12]: 15.8768
2025-08-11 20:17:09,689 - DEBUG - Joint score for alpha[13]: 15.8791
2025-08-11 20:17:13,179 - DEBUG - Joint score for alpha[14]: 15.6509
2025-08-11 20:17:16,671 - DEBUG - Joint score for alpha[15]: 15.7624
2025-08-11 20:17:16,712 - INFO - Step 98/120: mean ENERGY=15.6556
2025-08-11 20:17:16,720 - DEBUG - Beginning Gibbs iteration s = 98
2025-08-11 20:17:23,541 - DEBUG - Joint score for alpha[0]: 15.7075
2025-08-11 20:17:27,035 - DEBUG - Joint score for alpha[1]: 15.8475
2025-08-11 20:17:30,526 - DEBUG - Joint score for alpha[2]: 15.9653
2025-08-11 20:17:34,017 - DEBUG - Joint score for alpha[3]: 15.7685
2025-08-11 20:17:37,507 - DEBUG - Joint score for alpha[4]: 15.6955
2025-08-11 20:17:40,996 - DEBUG - Joint score for alpha[5]: 15.9256
2025-08-11 20:17:44,487 - DEBUG - Joint score for alpha[6]: 18.0057
2025-08-11 20:17:47,976 - DEBUG - Joint score for alpha[7]: 15.9028
2025-08-11 20:17:51,465 - DEBUG - Joint score for alpha[8]: 16.6579
2025-08-11 20:17:54,957 - DEBUG - Joint score for alpha[9]: 15.7043
2025-08-11 20:17:58,447 - DEBUG - Joint score for alpha[10]: 15.7960
2025-08-11 20:18:01,940 - DEBUG - Joint score for alpha[11]: 15.6400
2025-08-11 20:18:05,432 - DEBUG - Joint score for alpha[12]: 15.7965
2025-08-11 20:18:08,925 - DEBUG - Joint score for alpha[13]: 15.6130
2025-08-11 20:18:12,417 - DEBUG - Joint score for alpha[14]: 15.9382
2025-08-11 20:18:15,909 - DEBUG - Joint score for alpha[15]: 16.9572
2025-08-11 20:18:22,524 - DEBUG - Joint score for alpha[0]: 15.7399
2025-08-11 20:18:26,018 - DEBUG - Joint score for alpha[1]: 16.6440
2025-08-11 20:18:29,510 - DEBUG - Joint score for alpha[2]: 15.8350
2025-08-11 20:18:33,001 - DEBUG - Joint score for alpha[3]: 16.2099
2025-08-11 20:18:36,493 - DEBUG - Joint score for alpha[4]: 16.1455
2025-08-11 20:18:39,984 - DEBUG - Joint score for alpha[5]: 15.8436
2025-08-11 20:18:43,476 - DEBUG - Joint score for alpha[6]: 16.3476
2025-08-11 20:18:46,968 - DEBUG - Joint score for alpha[7]: 15.7372
2025-08-11 20:18:50,459 - DEBUG - Joint score for alpha[8]: 15.8725
2025-08-11 20:18:53,952 - DEBUG - Joint score for alpha[9]: 15.5871
2025-08-11 20:18:57,442 - DEBUG - Joint score for alpha[10]: 15.9056
2025-08-11 20:19:00,934 - DEBUG - Joint score for alpha[11]: 16.0873
2025-08-11 20:19:04,425 - DEBUG - Joint score for alpha[12]: 15.6769
2025-08-11 20:19:07,918 - DEBUG - Joint score for alpha[13]: 16.3655
2025-08-11 20:19:11,408 - DEBUG - Joint score for alpha[14]: 15.8203
2025-08-11 20:19:14,900 - DEBUG - Joint score for alpha[15]: 15.9961
2025-08-11 20:19:21,597 - DEBUG - Joint score for alpha[0]: 16.0476
2025-08-11 20:19:25,093 - DEBUG - Joint score for alpha[1]: 15.6897
2025-08-11 20:19:28,586 - DEBUG - Joint score for alpha[2]: 15.7961
2025-08-11 20:19:32,078 - DEBUG - Joint score for alpha[3]: 15.9235
2025-08-11 20:19:35,571 - DEBUG - Joint score for alpha[4]: 15.7423
2025-08-11 20:19:39,059 - DEBUG - Joint score for alpha[5]: 15.9061
2025-08-11 20:19:42,551 - DEBUG - Joint score for alpha[6]: 15.8982
2025-08-11 20:19:46,040 - DEBUG - Joint score for alpha[7]: 15.6831
2025-08-11 20:19:49,530 - DEBUG - Joint score for alpha[8]: 16.1240
2025-08-11 20:19:53,021 - DEBUG - Joint score for alpha[9]: 15.7328
2025-08-11 20:19:56,510 - DEBUG - Joint score for alpha[10]: 16.0792
2025-08-11 20:20:00,001 - DEBUG - Joint score for alpha[11]: 15.9563
2025-08-11 20:20:03,492 - DEBUG - Joint score for alpha[12]: 15.6741
2025-08-11 20:20:06,984 - DEBUG - Joint score for alpha[13]: 16.0006
2025-08-11 20:20:10,474 - DEBUG - Joint score for alpha[14]: 15.9221
2025-08-11 20:20:13,964 - DEBUG - Joint score for alpha[15]: 15.9320
2025-08-11 20:20:20,534 - DEBUG - Joint score for alpha[0]: 15.6106
2025-08-11 20:20:24,029 - DEBUG - Joint score for alpha[1]: 16.1276
2025-08-11 20:20:27,523 - DEBUG - Joint score for alpha[2]: 15.9436
2025-08-11 20:20:31,015 - DEBUG - Joint score for alpha[3]: 17.3739
2025-08-11 20:20:34,509 - DEBUG - Joint score for alpha[4]: 16.7158
2025-08-11 20:20:38,002 - DEBUG - Joint score for alpha[5]: 17.6046
2025-08-11 20:20:41,494 - DEBUG - Joint score for alpha[6]: 16.0890
2025-08-11 20:20:44,983 - DEBUG - Joint score for alpha[7]: 15.8106
2025-08-11 20:20:48,473 - DEBUG - Joint score for alpha[8]: 16.3967
2025-08-11 20:20:51,964 - DEBUG - Joint score for alpha[9]: 17.0858
2025-08-11 20:20:55,454 - DEBUG - Joint score for alpha[10]: 16.3090
2025-08-11 20:20:58,947 - DEBUG - Joint score for alpha[11]: 16.0688
2025-08-11 20:21:02,438 - DEBUG - Joint score for alpha[12]: 15.8053
2025-08-11 20:21:05,931 - DEBUG - Joint score for alpha[13]: 16.0266
2025-08-11 20:21:09,422 - DEBUG - Joint score for alpha[14]: 15.8395
2025-08-11 20:21:12,913 - DEBUG - Joint score for alpha[15]: 15.9198
2025-08-11 20:21:19,508 - DEBUG - Joint score for alpha[0]: 15.9432
2025-08-11 20:21:23,002 - DEBUG - Joint score for alpha[1]: 15.9288
2025-08-11 20:21:26,493 - DEBUG - Joint score for alpha[2]: 15.9218
2025-08-11 20:21:29,983 - DEBUG - Joint score for alpha[3]: 15.9848
2025-08-11 20:21:33,474 - DEBUG - Joint score for alpha[4]: 16.0579
2025-08-11 20:21:36,964 - DEBUG - Joint score for alpha[5]: 15.8621
2025-08-11 20:21:40,456 - DEBUG - Joint score for alpha[6]: 15.7951
2025-08-11 20:21:43,945 - DEBUG - Joint score for alpha[7]: 15.7508
2025-08-11 20:21:47,436 - DEBUG - Joint score for alpha[8]: 16.0145
2025-08-11 20:21:50,929 - DEBUG - Joint score for alpha[9]: 17.1042
2025-08-11 20:21:54,418 - DEBUG - Joint score for alpha[10]: 15.8594
2025-08-11 20:21:57,910 - DEBUG - Joint score for alpha[11]: 16.3275
2025-08-11 20:22:01,402 - DEBUG - Joint score for alpha[12]: 15.7438
2025-08-11 20:22:04,896 - DEBUG - Joint score for alpha[13]: 15.9240
2025-08-11 20:22:08,386 - DEBUG - Joint score for alpha[14]: 15.9062
2025-08-11 20:22:11,878 - DEBUG - Joint score for alpha[15]: 16.1868
2025-08-11 20:22:11,919 - INFO - Step 99/120: mean ENERGY=15.6457
2025-08-11 20:22:11,924 - DEBUG - Beginning Gibbs iteration s = 99
2025-08-11 20:22:18,582 - DEBUG - Joint score for alpha[0]: 16.4021
2025-08-11 20:22:22,077 - DEBUG - Joint score for alpha[1]: 16.1089
2025-08-11 20:22:25,571 - DEBUG - Joint score for alpha[2]: 16.1903
2025-08-11 20:22:29,064 - DEBUG - Joint score for alpha[3]: 16.2514
2025-08-11 20:22:32,557 - DEBUG - Joint score for alpha[4]: 16.1604
2025-08-11 20:22:36,047 - DEBUG - Joint score for alpha[5]: 16.4665
2025-08-11 20:22:39,538 - DEBUG - Joint score for alpha[6]: 15.7024
2025-08-11 20:22:43,028 - DEBUG - Joint score for alpha[7]: 16.0499
2025-08-11 20:22:46,518 - DEBUG - Joint score for alpha[8]: 16.0715
2025-08-11 20:22:50,009 - DEBUG - Joint score for alpha[9]: 15.9655
2025-08-11 20:22:53,498 - DEBUG - Joint score for alpha[10]: 18.1161
2025-08-11 20:22:56,990 - DEBUG - Joint score for alpha[11]: 16.1959
2025-08-11 20:23:00,481 - DEBUG - Joint score for alpha[12]: 15.9596
2025-08-11 20:23:03,975 - DEBUG - Joint score for alpha[13]: 15.8231
2025-08-11 20:23:07,466 - DEBUG - Joint score for alpha[14]: 16.6659
2025-08-11 20:23:10,959 - DEBUG - Joint score for alpha[15]: 16.0646
2025-08-11 20:23:17,541 - DEBUG - Joint score for alpha[0]: 15.8432
2025-08-11 20:23:21,037 - DEBUG - Joint score for alpha[1]: 15.8002
2025-08-11 20:23:24,529 - DEBUG - Joint score for alpha[2]: 15.8589
2025-08-11 20:23:28,020 - DEBUG - Joint score for alpha[3]: 15.9136
2025-08-11 20:23:31,512 - DEBUG - Joint score for alpha[4]: 16.0835
2025-08-11 20:23:35,001 - DEBUG - Joint score for alpha[5]: 15.7829
2025-08-11 20:23:38,492 - DEBUG - Joint score for alpha[6]: 15.8519
2025-08-11 20:23:41,982 - DEBUG - Joint score for alpha[7]: 15.8567
2025-08-11 20:23:45,472 - DEBUG - Joint score for alpha[8]: 16.1801
2025-08-11 20:23:48,964 - DEBUG - Joint score for alpha[9]: 15.6339
2025-08-11 20:23:52,455 - DEBUG - Joint score for alpha[10]: 15.8663
2025-08-11 20:23:55,948 - DEBUG - Joint score for alpha[11]: 15.9922
2025-08-11 20:23:59,439 - DEBUG - Joint score for alpha[12]: 15.6909
2025-08-11 20:24:02,933 - DEBUG - Joint score for alpha[13]: 16.1921
2025-08-11 20:24:06,425 - DEBUG - Joint score for alpha[14]: 15.6187
2025-08-11 20:24:09,918 - DEBUG - Joint score for alpha[15]: 15.8705
2025-08-11 20:24:16,504 - DEBUG - Joint score for alpha[0]: 15.9772
2025-08-11 20:24:19,998 - DEBUG - Joint score for alpha[1]: 15.8760
2025-08-11 20:24:23,491 - DEBUG - Joint score for alpha[2]: 15.8625
2025-08-11 20:24:26,983 - DEBUG - Joint score for alpha[3]: 16.3302
2025-08-11 20:24:30,476 - DEBUG - Joint score for alpha[4]: 15.8287
2025-08-11 20:24:33,967 - DEBUG - Joint score for alpha[5]: 17.1284
2025-08-11 20:24:37,459 - DEBUG - Joint score for alpha[6]: 15.9330
2025-08-11 20:24:40,950 - DEBUG - Joint score for alpha[7]: 15.8736
2025-08-11 20:24:44,441 - DEBUG - Joint score for alpha[8]: 15.8473
2025-08-11 20:24:47,935 - DEBUG - Joint score for alpha[9]: 15.6682
2025-08-11 20:24:51,426 - DEBUG - Joint score for alpha[10]: 15.9805
2025-08-11 20:24:54,918 - DEBUG - Joint score for alpha[11]: 15.8575
2025-08-11 20:24:58,409 - DEBUG - Joint score for alpha[12]: 15.7438
2025-08-11 20:25:01,903 - DEBUG - Joint score for alpha[13]: 15.7337
2025-08-11 20:25:05,394 - DEBUG - Joint score for alpha[14]: 15.9762
2025-08-11 20:25:08,885 - DEBUG - Joint score for alpha[15]: 15.8791
2025-08-11 20:25:15,455 - DEBUG - Joint score for alpha[0]: 15.9134
2025-08-11 20:25:18,950 - DEBUG - Joint score for alpha[1]: 15.9077
2025-08-11 20:25:22,444 - DEBUG - Joint score for alpha[2]: 15.7092
2025-08-11 20:25:25,937 - DEBUG - Joint score for alpha[3]: 15.8623
2025-08-11 20:25:29,430 - DEBUG - Joint score for alpha[4]: 15.9588
2025-08-11 20:25:32,922 - DEBUG - Joint score for alpha[5]: 15.6474
2025-08-11 20:25:36,416 - DEBUG - Joint score for alpha[6]: 15.6914
2025-08-11 20:25:39,908 - DEBUG - Joint score for alpha[7]: 15.8732
2025-08-11 20:25:43,398 - DEBUG - Joint score for alpha[8]: 16.1308
2025-08-11 20:25:46,889 - DEBUG - Joint score for alpha[9]: 15.5163
2025-08-11 20:25:50,378 - DEBUG - Joint score for alpha[10]: 15.5951
2025-08-11 20:25:53,870 - DEBUG - Joint score for alpha[11]: 15.9308
2025-08-11 20:25:57,361 - DEBUG - Joint score for alpha[12]: 15.7096
2025-08-11 20:26:00,854 - DEBUG - Joint score for alpha[13]: 15.7393
2025-08-11 20:26:04,343 - DEBUG - Joint score for alpha[14]: 15.6069
2025-08-11 20:26:07,833 - DEBUG - Joint score for alpha[15]: 16.1574
2025-08-11 20:26:14,407 - DEBUG - Joint score for alpha[0]: 16.2657
2025-08-11 20:26:17,900 - DEBUG - Joint score for alpha[1]: 15.9183
2025-08-11 20:26:21,390 - DEBUG - Joint score for alpha[2]: 15.8514
2025-08-11 20:26:24,880 - DEBUG - Joint score for alpha[3]: 15.8556
2025-08-11 20:26:28,371 - DEBUG - Joint score for alpha[4]: 15.7406
2025-08-11 20:26:31,860 - DEBUG - Joint score for alpha[5]: 15.7501
2025-08-11 20:26:35,351 - DEBUG - Joint score for alpha[6]: 16.2550
2025-08-11 20:26:38,841 - DEBUG - Joint score for alpha[7]: 16.0176
2025-08-11 20:26:42,331 - DEBUG - Joint score for alpha[8]: 15.6270
2025-08-11 20:26:45,823 - DEBUG - Joint score for alpha[9]: 16.0835
2025-08-11 20:26:49,313 - DEBUG - Joint score for alpha[10]: 15.6398
2025-08-11 20:26:52,805 - DEBUG - Joint score for alpha[11]: 17.7572
2025-08-11 20:26:56,296 - DEBUG - Joint score for alpha[12]: 15.7880
2025-08-11 20:26:59,790 - DEBUG - Joint score for alpha[13]: 16.1711
2025-08-11 20:27:03,281 - DEBUG - Joint score for alpha[14]: 15.8972
2025-08-11 20:27:06,772 - DEBUG - Joint score for alpha[15]: 16.8293
2025-08-11 20:27:06,813 - INFO - Step 100/120: mean ENERGY=15.6265
2025-08-11 20:27:06,819 - DEBUG - Beginning Gibbs iteration s = 100
2025-08-11 20:27:13,526 - DEBUG - Joint score for alpha[0]: 17.0111
2025-08-11 20:27:17,022 - DEBUG - Joint score for alpha[1]: 15.9225
2025-08-11 20:27:20,515 - DEBUG - Joint score for alpha[2]: 16.2005
2025-08-11 20:27:24,007 - DEBUG - Joint score for alpha[3]: 15.7650
2025-08-11 20:27:27,498 - DEBUG - Joint score for alpha[4]: 15.9870
2025-08-11 20:27:30,988 - DEBUG - Joint score for alpha[5]: 16.0739
2025-08-11 20:27:34,479 - DEBUG - Joint score for alpha[6]: 15.8658
2025-08-11 20:27:37,969 - DEBUG - Joint score for alpha[7]: 16.0978
2025-08-11 20:27:41,460 - DEBUG - Joint score for alpha[8]: 15.9925
2025-08-11 20:27:44,952 - DEBUG - Joint score for alpha[9]: 15.9546
2025-08-11 20:27:48,443 - DEBUG - Joint score for alpha[10]: 17.5481
2025-08-11 20:27:51,936 - DEBUG - Joint score for alpha[11]: 15.8463
2025-08-11 20:27:55,428 - DEBUG - Joint score for alpha[12]: 15.9745
2025-08-11 20:27:58,923 - DEBUG - Joint score for alpha[13]: 16.9479
2025-08-11 20:28:02,414 - DEBUG - Joint score for alpha[14]: 16.3889
2025-08-11 20:28:05,906 - DEBUG - Joint score for alpha[15]: 16.0207
2025-08-11 20:28:12,467 - DEBUG - Joint score for alpha[0]: 15.9257
2025-08-11 20:28:15,963 - DEBUG - Joint score for alpha[1]: 16.3896
2025-08-11 20:28:19,455 - DEBUG - Joint score for alpha[2]: 15.8436
2025-08-11 20:28:22,946 - DEBUG - Joint score for alpha[3]: 15.7623
2025-08-11 20:28:26,437 - DEBUG - Joint score for alpha[4]: 16.4391
2025-08-11 20:28:29,926 - DEBUG - Joint score for alpha[5]: 15.8253
2025-08-11 20:28:33,417 - DEBUG - Joint score for alpha[6]: 15.8095
2025-08-11 20:28:36,906 - DEBUG - Joint score for alpha[7]: 15.8625
2025-08-11 20:28:40,396 - DEBUG - Joint score for alpha[8]: 16.1344
2025-08-11 20:28:43,888 - DEBUG - Joint score for alpha[9]: 15.6996
2025-08-11 20:28:47,378 - DEBUG - Joint score for alpha[10]: 16.0166
2025-08-11 20:28:50,869 - DEBUG - Joint score for alpha[11]: 15.7487
2025-08-11 20:28:54,361 - DEBUG - Joint score for alpha[12]: 15.9663
2025-08-11 20:28:57,854 - DEBUG - Joint score for alpha[13]: 15.8705
2025-08-11 20:29:01,343 - DEBUG - Joint score for alpha[14]: 15.8750
2025-08-11 20:29:04,835 - DEBUG - Joint score for alpha[15]: 15.6989
2025-08-11 20:29:11,832 - DEBUG - Joint score for alpha[0]: 15.6947
2025-08-11 20:29:15,327 - DEBUG - Joint score for alpha[1]: 15.7908
2025-08-11 20:29:18,820 - DEBUG - Joint score for alpha[2]: 15.8590
2025-08-11 20:29:22,312 - DEBUG - Joint score for alpha[3]: 15.5843
2025-08-11 20:29:25,803 - DEBUG - Joint score for alpha[4]: 15.7991
2025-08-11 20:29:29,291 - DEBUG - Joint score for alpha[5]: 15.9436
2025-08-11 20:29:32,782 - DEBUG - Joint score for alpha[6]: 15.8968
2025-08-11 20:29:36,271 - DEBUG - Joint score for alpha[7]: 15.6890
2025-08-11 20:29:39,761 - DEBUG - Joint score for alpha[8]: 15.7009
2025-08-11 20:29:43,253 - DEBUG - Joint score for alpha[9]: 15.7044
2025-08-11 20:29:46,743 - DEBUG - Joint score for alpha[10]: 15.8477
2025-08-11 20:29:50,235 - DEBUG - Joint score for alpha[11]: 16.4614
2025-08-11 20:29:53,727 - DEBUG - Joint score for alpha[12]: 15.7413
2025-08-11 20:29:57,221 - DEBUG - Joint score for alpha[13]: 15.8457
2025-08-11 20:30:00,710 - DEBUG - Joint score for alpha[14]: 16.1082
2025-08-11 20:30:04,202 - DEBUG - Joint score for alpha[15]: 15.6436
2025-08-11 20:30:10,958 - DEBUG - Joint score for alpha[0]: 17.1854
2025-08-11 20:30:14,454 - DEBUG - Joint score for alpha[1]: 15.8167
2025-08-11 20:30:17,948 - DEBUG - Joint score for alpha[2]: 15.8616
2025-08-11 20:30:21,440 - DEBUG - Joint score for alpha[3]: 15.8192
2025-08-11 20:30:24,932 - DEBUG - Joint score for alpha[4]: 16.4000
2025-08-11 20:30:28,422 - DEBUG - Joint score for alpha[5]: 15.8576
2025-08-11 20:30:31,914 - DEBUG - Joint score for alpha[6]: 15.9715
2025-08-11 20:30:35,405 - DEBUG - Joint score for alpha[7]: 16.2568
2025-08-11 20:30:38,897 - DEBUG - Joint score for alpha[8]: 16.1355
2025-08-11 20:30:42,390 - DEBUG - Joint score for alpha[9]: 15.9394
2025-08-11 20:30:45,882 - DEBUG - Joint score for alpha[10]: 16.1587
2025-08-11 20:30:49,376 - DEBUG - Joint score for alpha[11]: 16.0481
2025-08-11 20:30:52,867 - DEBUG - Joint score for alpha[12]: 15.6844
2025-08-11 20:30:56,362 - DEBUG - Joint score for alpha[13]: 15.6268
2025-08-11 20:30:59,855 - DEBUG - Joint score for alpha[14]: 16.4027
2025-08-11 20:31:03,349 - DEBUG - Joint score for alpha[15]: 15.6983
2025-08-11 20:31:09,913 - DEBUG - Joint score for alpha[0]: 15.6413
2025-08-11 20:31:13,407 - DEBUG - Joint score for alpha[1]: 15.8218
2025-08-11 20:31:16,900 - DEBUG - Joint score for alpha[2]: 15.7901
2025-08-11 20:31:20,392 - DEBUG - Joint score for alpha[3]: 16.2384
2025-08-11 20:31:23,885 - DEBUG - Joint score for alpha[4]: 15.9684
2025-08-11 20:31:27,377 - DEBUG - Joint score for alpha[5]: 15.7315
2025-08-11 20:31:30,870 - DEBUG - Joint score for alpha[6]: 15.7506
2025-08-11 20:31:34,360 - DEBUG - Joint score for alpha[7]: 16.4093
2025-08-11 20:31:37,852 - DEBUG - Joint score for alpha[8]: 16.6817
2025-08-11 20:31:41,345 - DEBUG - Joint score for alpha[9]: 16.2098
2025-08-11 20:31:44,836 - DEBUG - Joint score for alpha[10]: 15.8580
2025-08-11 20:31:48,329 - DEBUG - Joint score for alpha[11]: 15.6340
2025-08-11 20:31:51,822 - DEBUG - Joint score for alpha[12]: 18.1830
2025-08-11 20:31:55,317 - DEBUG - Joint score for alpha[13]: 15.9271
2025-08-11 20:31:58,808 - DEBUG - Joint score for alpha[14]: 15.6888
2025-08-11 20:32:02,301 - DEBUG - Joint score for alpha[15]: 15.6897
2025-08-11 20:32:02,342 - INFO - Step 101/120: mean ENERGY=15.6618
2025-08-11 20:32:02,349 - DEBUG - Beginning Gibbs iteration s = 101
2025-08-11 20:32:08,929 - DEBUG - Joint score for alpha[0]: 15.9254
2025-08-11 20:32:12,425 - DEBUG - Joint score for alpha[1]: 16.5140
2025-08-11 20:32:15,917 - DEBUG - Joint score for alpha[2]: 16.3112
2025-08-11 20:32:19,408 - DEBUG - Joint score for alpha[3]: 16.2192
2025-08-11 20:32:22,900 - DEBUG - Joint score for alpha[4]: 16.3084
2025-08-11 20:32:26,390 - DEBUG - Joint score for alpha[5]: 16.1787
2025-08-11 20:32:29,880 - DEBUG - Joint score for alpha[6]: 15.8907
2025-08-11 20:32:33,371 - DEBUG - Joint score for alpha[7]: 15.7811
2025-08-11 20:32:36,861 - DEBUG - Joint score for alpha[8]: 16.5429
2025-08-11 20:32:40,353 - DEBUG - Joint score for alpha[9]: 16.8013
2025-08-11 20:32:43,844 - DEBUG - Joint score for alpha[10]: 15.8303
2025-08-11 20:32:47,336 - DEBUG - Joint score for alpha[11]: 15.7637
2025-08-11 20:32:50,827 - DEBUG - Joint score for alpha[12]: 17.5065
2025-08-11 20:32:54,321 - DEBUG - Joint score for alpha[13]: 16.9665
2025-08-11 20:32:57,812 - DEBUG - Joint score for alpha[14]: 16.3911
2025-08-11 20:33:01,304 - DEBUG - Joint score for alpha[15]: 16.9664
2025-08-11 20:33:07,857 - DEBUG - Joint score for alpha[0]: 15.6722
2025-08-11 20:33:11,351 - DEBUG - Joint score for alpha[1]: 15.6688
2025-08-11 20:33:14,842 - DEBUG - Joint score for alpha[2]: 15.7354
2025-08-11 20:33:18,333 - DEBUG - Joint score for alpha[3]: 16.0021
2025-08-11 20:33:21,825 - DEBUG - Joint score for alpha[4]: 15.9422
2025-08-11 20:33:25,315 - DEBUG - Joint score for alpha[5]: 15.6460
2025-08-11 20:33:28,806 - DEBUG - Joint score for alpha[6]: 16.3690
2025-08-11 20:33:32,296 - DEBUG - Joint score for alpha[7]: 15.8299
2025-08-11 20:33:35,786 - DEBUG - Joint score for alpha[8]: 15.7741
2025-08-11 20:33:39,277 - DEBUG - Joint score for alpha[9]: 15.7821
2025-08-11 20:33:42,766 - DEBUG - Joint score for alpha[10]: 15.8847
2025-08-11 20:33:46,258 - DEBUG - Joint score for alpha[11]: 15.9352
2025-08-11 20:33:49,748 - DEBUG - Joint score for alpha[12]: 15.8463
2025-08-11 20:33:53,242 - DEBUG - Joint score for alpha[13]: 15.8028
2025-08-11 20:33:56,732 - DEBUG - Joint score for alpha[14]: 16.0116
2025-08-11 20:34:00,223 - DEBUG - Joint score for alpha[15]: 15.8687
2025-08-11 20:34:06,777 - DEBUG - Joint score for alpha[0]: 16.1221
2025-08-11 20:34:10,273 - DEBUG - Joint score for alpha[1]: 16.2125
2025-08-11 20:34:13,764 - DEBUG - Joint score for alpha[2]: 16.0487
2025-08-11 20:34:17,255 - DEBUG - Joint score for alpha[3]: 15.8433
2025-08-11 20:34:20,747 - DEBUG - Joint score for alpha[4]: 15.8062
2025-08-11 20:34:24,237 - DEBUG - Joint score for alpha[5]: 15.8809
2025-08-11 20:34:27,729 - DEBUG - Joint score for alpha[6]: 15.7547
2025-08-11 20:34:31,218 - DEBUG - Joint score for alpha[7]: 16.1482
2025-08-11 20:34:34,709 - DEBUG - Joint score for alpha[8]: 15.7024
2025-08-11 20:34:38,201 - DEBUG - Joint score for alpha[9]: 15.8471
2025-08-11 20:34:41,690 - DEBUG - Joint score for alpha[10]: 15.7963
2025-08-11 20:34:45,182 - DEBUG - Joint score for alpha[11]: 15.8019
2025-08-11 20:34:48,674 - DEBUG - Joint score for alpha[12]: 15.7812
2025-08-11 20:34:52,175 - DEBUG - Joint score for alpha[13]: 15.8874
2025-08-11 20:34:55,667 - DEBUG - Joint score for alpha[14]: 15.8321
2025-08-11 20:34:59,159 - DEBUG - Joint score for alpha[15]: 16.4427
2025-08-11 20:35:05,684 - DEBUG - Joint score for alpha[0]: 15.7915
2025-08-11 20:35:09,178 - DEBUG - Joint score for alpha[1]: 15.9294
2025-08-11 20:35:12,944 - DEBUG - Joint score for alpha[2]: 16.0119
2025-08-11 20:35:16,436 - DEBUG - Joint score for alpha[3]: 15.8795
2025-08-11 20:35:19,927 - DEBUG - Joint score for alpha[4]: 16.3153
2025-08-11 20:35:23,419 - DEBUG - Joint score for alpha[5]: 15.9007
2025-08-11 20:35:26,912 - DEBUG - Joint score for alpha[6]: 15.8515
2025-08-11 20:35:30,403 - DEBUG - Joint score for alpha[7]: 17.1097
2025-08-11 20:35:33,894 - DEBUG - Joint score for alpha[8]: 15.9924
2025-08-11 20:35:37,384 - DEBUG - Joint score for alpha[9]: 15.9889
2025-08-11 20:35:40,875 - DEBUG - Joint score for alpha[10]: 16.1337
2025-08-11 20:35:44,367 - DEBUG - Joint score for alpha[11]: 15.8207
2025-08-11 20:35:47,857 - DEBUG - Joint score for alpha[12]: 15.8897
2025-08-11 20:35:51,349 - DEBUG - Joint score for alpha[13]: 15.8255
2025-08-11 20:35:54,840 - DEBUG - Joint score for alpha[14]: 16.1401
2025-08-11 20:35:58,334 - DEBUG - Joint score for alpha[15]: 16.0587
2025-08-11 20:36:04,856 - DEBUG - Joint score for alpha[0]: 15.7562
2025-08-11 20:36:08,351 - DEBUG - Joint score for alpha[1]: 16.1417
2025-08-11 20:36:11,842 - DEBUG - Joint score for alpha[2]: 15.7572
2025-08-11 20:36:15,333 - DEBUG - Joint score for alpha[3]: 16.6839
2025-08-11 20:36:18,825 - DEBUG - Joint score for alpha[4]: 15.8970
2025-08-11 20:36:22,316 - DEBUG - Joint score for alpha[5]: 15.9731
2025-08-11 20:36:25,807 - DEBUG - Joint score for alpha[6]: 15.7938
2025-08-11 20:36:29,297 - DEBUG - Joint score for alpha[7]: 15.8040
2025-08-11 20:36:32,788 - DEBUG - Joint score for alpha[8]: 15.9624
2025-08-11 20:36:36,281 - DEBUG - Joint score for alpha[9]: 15.9466
2025-08-11 20:36:39,773 - DEBUG - Joint score for alpha[10]: 16.0039
2025-08-11 20:36:43,265 - DEBUG - Joint score for alpha[11]: 18.8041
2025-08-11 20:36:46,757 - DEBUG - Joint score for alpha[12]: 15.9317
2025-08-11 20:36:50,251 - DEBUG - Joint score for alpha[13]: 15.9409
2025-08-11 20:36:53,741 - DEBUG - Joint score for alpha[14]: 16.8090
2025-08-11 20:36:57,232 - DEBUG - Joint score for alpha[15]: 17.1986
2025-08-11 20:36:57,273 - INFO - Step 102/120: mean ENERGY=15.7320
2025-08-11 20:36:57,280 - DEBUG - Beginning Gibbs iteration s = 102
2025-08-11 20:37:03,841 - DEBUG - Joint score for alpha[0]: 18.1921
2025-08-11 20:37:07,337 - DEBUG - Joint score for alpha[1]: 17.9565
2025-08-11 20:37:10,828 - DEBUG - Joint score for alpha[2]: 16.2116
2025-08-11 20:37:14,319 - DEBUG - Joint score for alpha[3]: 15.8889
2025-08-11 20:37:17,812 - DEBUG - Joint score for alpha[4]: 15.8997
2025-08-11 20:37:21,302 - DEBUG - Joint score for alpha[5]: 19.3241
2025-08-11 20:37:24,795 - DEBUG - Joint score for alpha[6]: 16.0179
2025-08-11 20:37:28,286 - DEBUG - Joint score for alpha[7]: 17.1012
2025-08-11 20:37:31,778 - DEBUG - Joint score for alpha[8]: 15.9372
2025-08-11 20:37:35,272 - DEBUG - Joint score for alpha[9]: 16.0388
2025-08-11 20:37:38,763 - DEBUG - Joint score for alpha[10]: 15.8926
2025-08-11 20:37:42,258 - DEBUG - Joint score for alpha[11]: 17.9045
2025-08-11 20:37:45,751 - DEBUG - Joint score for alpha[12]: 16.3560
2025-08-11 20:37:49,247 - DEBUG - Joint score for alpha[13]: 16.0777
2025-08-11 20:37:52,740 - DEBUG - Joint score for alpha[14]: 16.1057
2025-08-11 20:37:56,234 - DEBUG - Joint score for alpha[15]: 15.9394
2025-08-11 20:38:02,758 - DEBUG - Joint score for alpha[0]: 15.5879
2025-08-11 20:38:06,253 - DEBUG - Joint score for alpha[1]: 15.9036
2025-08-11 20:38:09,746 - DEBUG - Joint score for alpha[2]: 15.7929
2025-08-11 20:38:13,238 - DEBUG - Joint score for alpha[3]: 15.9535
2025-08-11 20:38:16,731 - DEBUG - Joint score for alpha[4]: 15.8071
2025-08-11 20:38:20,222 - DEBUG - Joint score for alpha[5]: 15.7722
2025-08-11 20:38:23,714 - DEBUG - Joint score for alpha[6]: 16.3108
2025-08-11 20:38:27,204 - DEBUG - Joint score for alpha[7]: 16.1216
2025-08-11 20:38:30,695 - DEBUG - Joint score for alpha[8]: 16.0991
2025-08-11 20:38:34,188 - DEBUG - Joint score for alpha[9]: 15.8018
2025-08-11 20:38:37,678 - DEBUG - Joint score for alpha[10]: 15.8116
2025-08-11 20:38:41,172 - DEBUG - Joint score for alpha[11]: 16.4076
2025-08-11 20:38:44,664 - DEBUG - Joint score for alpha[12]: 15.8605
2025-08-11 20:38:48,158 - DEBUG - Joint score for alpha[13]: 15.6878
2025-08-11 20:38:51,649 - DEBUG - Joint score for alpha[14]: 15.9631
2025-08-11 20:38:55,141 - DEBUG - Joint score for alpha[15]: 15.8119
2025-08-11 20:39:01,675 - DEBUG - Joint score for alpha[0]: 16.0307
2025-08-11 20:39:05,171 - DEBUG - Joint score for alpha[1]: 15.8073
2025-08-11 20:39:08,665 - DEBUG - Joint score for alpha[2]: 15.8778
2025-08-11 20:39:12,156 - DEBUG - Joint score for alpha[3]: 15.9658
2025-08-11 20:39:15,649 - DEBUG - Joint score for alpha[4]: 16.0948
2025-08-11 20:39:19,139 - DEBUG - Joint score for alpha[5]: 15.9774
2025-08-11 20:39:22,630 - DEBUG - Joint score for alpha[6]: 15.8264
2025-08-11 20:39:26,121 - DEBUG - Joint score for alpha[7]: 15.7369
2025-08-11 20:39:29,611 - DEBUG - Joint score for alpha[8]: 15.8903
2025-08-11 20:39:33,104 - DEBUG - Joint score for alpha[9]: 15.8044
2025-08-11 20:39:36,594 - DEBUG - Joint score for alpha[10]: 15.9220
2025-08-11 20:39:40,087 - DEBUG - Joint score for alpha[11]: 15.7447
2025-08-11 20:39:43,580 - DEBUG - Joint score for alpha[12]: 15.9289
2025-08-11 20:39:47,075 - DEBUG - Joint score for alpha[13]: 15.8052
2025-08-11 20:39:50,566 - DEBUG - Joint score for alpha[14]: 15.9941
2025-08-11 20:39:54,060 - DEBUG - Joint score for alpha[15]: 16.2897
2025-08-11 20:40:00,583 - DEBUG - Joint score for alpha[0]: 15.8461
2025-08-11 20:40:04,077 - DEBUG - Joint score for alpha[1]: 16.6696
2025-08-11 20:40:07,570 - DEBUG - Joint score for alpha[2]: 15.8934
2025-08-11 20:40:11,062 - DEBUG - Joint score for alpha[3]: 16.0271
2025-08-11 20:40:14,555 - DEBUG - Joint score for alpha[4]: 15.9315
2025-08-11 20:40:18,046 - DEBUG - Joint score for alpha[5]: 16.0564
2025-08-11 20:40:21,538 - DEBUG - Joint score for alpha[6]: 15.7719
2025-08-11 20:40:25,028 - DEBUG - Joint score for alpha[7]: 15.8919
2025-08-11 20:40:28,519 - DEBUG - Joint score for alpha[8]: 16.0130
2025-08-11 20:40:32,012 - DEBUG - Joint score for alpha[9]: 16.0672
2025-08-11 20:40:35,502 - DEBUG - Joint score for alpha[10]: 16.1169
2025-08-11 20:40:38,995 - DEBUG - Joint score for alpha[11]: 15.9719
2025-08-11 20:40:42,486 - DEBUG - Joint score for alpha[12]: 16.0383
2025-08-11 20:40:45,979 - DEBUG - Joint score for alpha[13]: 15.8721
2025-08-11 20:40:49,469 - DEBUG - Joint score for alpha[14]: 15.9016
2025-08-11 20:40:52,961 - DEBUG - Joint score for alpha[15]: 15.7756
2025-08-11 20:40:59,489 - DEBUG - Joint score for alpha[0]: 16.0397
2025-08-11 20:41:02,984 - DEBUG - Joint score for alpha[1]: 17.2572
2025-08-11 20:41:06,478 - DEBUG - Joint score for alpha[2]: 15.7570
2025-08-11 20:41:09,972 - DEBUG - Joint score for alpha[3]: 16.8774
2025-08-11 20:41:13,464 - DEBUG - Joint score for alpha[4]: 16.1486
2025-08-11 20:41:16,953 - DEBUG - Joint score for alpha[5]: 16.0491
2025-08-11 20:41:20,445 - DEBUG - Joint score for alpha[6]: 17.6622
2025-08-11 20:41:23,935 - DEBUG - Joint score for alpha[7]: 15.9067
2025-08-11 20:41:27,425 - DEBUG - Joint score for alpha[8]: 16.1054
2025-08-11 20:41:30,917 - DEBUG - Joint score for alpha[9]: 15.9460
2025-08-11 20:41:34,407 - DEBUG - Joint score for alpha[10]: 15.9663
2025-08-11 20:41:37,899 - DEBUG - Joint score for alpha[11]: 16.0511
2025-08-11 20:41:41,390 - DEBUG - Joint score for alpha[12]: 15.9935
2025-08-11 20:41:44,884 - DEBUG - Joint score for alpha[13]: 15.8323
2025-08-11 20:41:48,374 - DEBUG - Joint score for alpha[14]: 15.8304
2025-08-11 20:41:51,866 - DEBUG - Joint score for alpha[15]: 16.3495
2025-08-11 20:41:51,907 - INFO - Step 103/120: mean ENERGY=15.7485
2025-08-11 20:41:51,914 - DEBUG - Beginning Gibbs iteration s = 103
2025-08-11 20:41:58,496 - DEBUG - Joint score for alpha[0]: 15.9436
2025-08-11 20:42:01,991 - DEBUG - Joint score for alpha[1]: 17.4002
2025-08-11 20:42:05,484 - DEBUG - Joint score for alpha[2]: 15.8929
2025-08-11 20:42:08,976 - DEBUG - Joint score for alpha[3]: 15.8852
2025-08-11 20:42:12,470 - DEBUG - Joint score for alpha[4]: 16.4542
2025-08-11 20:42:15,961 - DEBUG - Joint score for alpha[5]: 16.1247
2025-08-11 20:42:19,453 - DEBUG - Joint score for alpha[6]: 15.7948
2025-08-11 20:42:22,945 - DEBUG - Joint score for alpha[7]: 15.8112
2025-08-11 20:42:26,437 - DEBUG - Joint score for alpha[8]: 16.1263
2025-08-11 20:42:29,931 - DEBUG - Joint score for alpha[9]: 16.3634
2025-08-11 20:42:33,424 - DEBUG - Joint score for alpha[10]: 16.3964
2025-08-11 20:42:36,917 - DEBUG - Joint score for alpha[11]: 15.7212
2025-08-11 20:42:40,409 - DEBUG - Joint score for alpha[12]: 17.1640
2025-08-11 20:42:43,902 - DEBUG - Joint score for alpha[13]: 16.2010
2025-08-11 20:42:47,392 - DEBUG - Joint score for alpha[14]: 15.5967
2025-08-11 20:42:50,883 - DEBUG - Joint score for alpha[15]: 15.9896
2025-08-11 20:42:57,519 - DEBUG - Joint score for alpha[0]: 16.0894
2025-08-11 20:43:01,014 - DEBUG - Joint score for alpha[1]: 15.7272
2025-08-11 20:43:04,507 - DEBUG - Joint score for alpha[2]: 16.5711
2025-08-11 20:43:08,000 - DEBUG - Joint score for alpha[3]: 15.8659
2025-08-11 20:43:11,494 - DEBUG - Joint score for alpha[4]: 16.0462
2025-08-11 20:43:14,987 - DEBUG - Joint score for alpha[5]: 16.0355
2025-08-11 20:43:18,480 - DEBUG - Joint score for alpha[6]: 15.7224
2025-08-11 20:43:21,972 - DEBUG - Joint score for alpha[7]: 15.7938
2025-08-11 20:43:25,463 - DEBUG - Joint score for alpha[8]: 15.7834
2025-08-11 20:43:28,954 - DEBUG - Joint score for alpha[9]: 16.0760
2025-08-11 20:43:32,444 - DEBUG - Joint score for alpha[10]: 15.9435
2025-08-11 20:43:35,935 - DEBUG - Joint score for alpha[11]: 16.0864
2025-08-11 20:43:39,426 - DEBUG - Joint score for alpha[12]: 16.0939
2025-08-11 20:43:42,919 - DEBUG - Joint score for alpha[13]: 16.1565
2025-08-11 20:43:46,409 - DEBUG - Joint score for alpha[14]: 15.8846
2025-08-11 20:43:49,901 - DEBUG - Joint score for alpha[15]: 15.9506
2025-08-11 20:43:56,459 - DEBUG - Joint score for alpha[0]: 15.8061
2025-08-11 20:43:59,956 - DEBUG - Joint score for alpha[1]: 15.6433
2025-08-11 20:44:03,450 - DEBUG - Joint score for alpha[2]: 16.1795
2025-08-11 20:44:06,943 - DEBUG - Joint score for alpha[3]: 15.8517
2025-08-11 20:44:10,437 - DEBUG - Joint score for alpha[4]: 15.7926
2025-08-11 20:44:13,929 - DEBUG - Joint score for alpha[5]: 15.7989
2025-08-11 20:44:17,422 - DEBUG - Joint score for alpha[6]: 15.8245
2025-08-11 20:44:20,914 - DEBUG - Joint score for alpha[7]: 15.7246
2025-08-11 20:44:24,407 - DEBUG - Joint score for alpha[8]: 15.7600
2025-08-11 20:44:27,901 - DEBUG - Joint score for alpha[9]: 16.0827
2025-08-11 20:44:31,394 - DEBUG - Joint score for alpha[10]: 15.7271
2025-08-11 20:44:34,889 - DEBUG - Joint score for alpha[11]: 15.8146
2025-08-11 20:44:38,382 - DEBUG - Joint score for alpha[12]: 16.0522
2025-08-11 20:44:41,878 - DEBUG - Joint score for alpha[13]: 15.6985
2025-08-11 20:44:45,371 - DEBUG - Joint score for alpha[14]: 15.6284
2025-08-11 20:44:48,866 - DEBUG - Joint score for alpha[15]: 15.6944
2025-08-11 20:44:55,424 - DEBUG - Joint score for alpha[0]: 16.0005
2025-08-11 20:44:58,919 - DEBUG - Joint score for alpha[1]: 15.7508
2025-08-11 20:45:02,413 - DEBUG - Joint score for alpha[2]: 16.1104
2025-08-11 20:45:05,906 - DEBUG - Joint score for alpha[3]: 15.6967
2025-08-11 20:45:09,401 - DEBUG - Joint score for alpha[4]: 15.8804
2025-08-11 20:45:12,893 - DEBUG - Joint score for alpha[5]: 15.8252
2025-08-11 20:45:16,387 - DEBUG - Joint score for alpha[6]: 15.8001
2025-08-11 20:45:19,880 - DEBUG - Joint score for alpha[7]: 15.6977
2025-08-11 20:45:23,373 - DEBUG - Joint score for alpha[8]: 16.2567
2025-08-11 20:45:26,865 - DEBUG - Joint score for alpha[9]: 15.7258
2025-08-11 20:45:30,356 - DEBUG - Joint score for alpha[10]: 15.9220
2025-08-11 20:45:33,849 - DEBUG - Joint score for alpha[11]: 16.5250
2025-08-11 20:45:37,340 - DEBUG - Joint score for alpha[12]: 15.8066
2025-08-11 20:45:40,833 - DEBUG - Joint score for alpha[13]: 15.6451
2025-08-11 20:45:44,324 - DEBUG - Joint score for alpha[14]: 15.7219
2025-08-11 20:45:47,815 - DEBUG - Joint score for alpha[15]: 15.6385
2025-08-11 20:45:54,372 - DEBUG - Joint score for alpha[0]: 15.7414
2025-08-11 20:45:57,868 - DEBUG - Joint score for alpha[1]: 16.4882
2025-08-11 20:46:01,362 - DEBUG - Joint score for alpha[2]: 15.7449
2025-08-11 20:46:04,855 - DEBUG - Joint score for alpha[3]: 16.6080
2025-08-11 20:46:08,349 - DEBUG - Joint score for alpha[4]: 15.9895
2025-08-11 20:46:11,838 - DEBUG - Joint score for alpha[5]: 15.8310
2025-08-11 20:46:15,330 - DEBUG - Joint score for alpha[6]: 15.8408
2025-08-11 20:46:18,820 - DEBUG - Joint score for alpha[7]: 15.7718
2025-08-11 20:46:22,312 - DEBUG - Joint score for alpha[8]: 15.7060
2025-08-11 20:46:25,804 - DEBUG - Joint score for alpha[9]: 15.9856
2025-08-11 20:46:29,295 - DEBUG - Joint score for alpha[10]: 15.8837
2025-08-11 20:46:32,787 - DEBUG - Joint score for alpha[11]: 15.9129
2025-08-11 20:46:36,279 - DEBUG - Joint score for alpha[12]: 17.5453
2025-08-11 20:46:39,773 - DEBUG - Joint score for alpha[13]: 15.8748
2025-08-11 20:46:43,265 - DEBUG - Joint score for alpha[14]: 15.9985
2025-08-11 20:46:46,758 - DEBUG - Joint score for alpha[15]: 16.1530
2025-08-11 20:46:46,799 - INFO - Step 104/120: mean ENERGY=15.6584
2025-08-11 20:46:46,805 - DEBUG - Beginning Gibbs iteration s = 104
2025-08-11 20:46:53,456 - DEBUG - Joint score for alpha[0]: 16.4004
2025-08-11 20:46:56,953 - DEBUG - Joint score for alpha[1]: 15.9956
2025-08-11 20:47:00,444 - DEBUG - Joint score for alpha[2]: 16.0259
2025-08-11 20:47:03,937 - DEBUG - Joint score for alpha[3]: 16.2957
2025-08-11 20:47:07,430 - DEBUG - Joint score for alpha[4]: 16.0858
2025-08-11 20:47:10,921 - DEBUG - Joint score for alpha[5]: 15.8706
2025-08-11 20:47:14,415 - DEBUG - Joint score for alpha[6]: 15.8319
2025-08-11 20:47:17,907 - DEBUG - Joint score for alpha[7]: 15.8501
2025-08-11 20:47:21,399 - DEBUG - Joint score for alpha[8]: 17.5660
2025-08-11 20:47:24,892 - DEBUG - Joint score for alpha[9]: 15.8555
2025-08-11 20:47:28,383 - DEBUG - Joint score for alpha[10]: 16.1376
2025-08-11 20:47:31,876 - DEBUG - Joint score for alpha[11]: 16.0528
2025-08-11 20:47:35,369 - DEBUG - Joint score for alpha[12]: 15.9639
2025-08-11 20:47:38,864 - DEBUG - Joint score for alpha[13]: 15.9080
2025-08-11 20:47:42,355 - DEBUG - Joint score for alpha[14]: 15.9456
2025-08-11 20:47:45,848 - DEBUG - Joint score for alpha[15]: 15.8497
2025-08-11 20:47:52,559 - DEBUG - Joint score for alpha[0]: 16.0923
2025-08-11 20:47:56,056 - DEBUG - Joint score for alpha[1]: 16.0169
2025-08-11 20:47:59,549 - DEBUG - Joint score for alpha[2]: 15.8436
2025-08-11 20:48:03,043 - DEBUG - Joint score for alpha[3]: 15.7993
2025-08-11 20:48:06,538 - DEBUG - Joint score for alpha[4]: 15.9219
2025-08-11 20:48:10,030 - DEBUG - Joint score for alpha[5]: 15.6697
2025-08-11 20:48:13,524 - DEBUG - Joint score for alpha[6]: 16.8067
2025-08-11 20:48:17,017 - DEBUG - Joint score for alpha[7]: 15.7468
2025-08-11 20:48:20,509 - DEBUG - Joint score for alpha[8]: 17.5469
2025-08-11 20:48:24,002 - DEBUG - Joint score for alpha[9]: 15.9261
2025-08-11 20:48:27,494 - DEBUG - Joint score for alpha[10]: 15.9236
2025-08-11 20:48:30,988 - DEBUG - Joint score for alpha[11]: 15.8137
2025-08-11 20:48:34,480 - DEBUG - Joint score for alpha[12]: 15.6892
2025-08-11 20:48:37,976 - DEBUG - Joint score for alpha[13]: 16.0136
2025-08-11 20:48:41,468 - DEBUG - Joint score for alpha[14]: 15.9214
2025-08-11 20:48:44,962 - DEBUG - Joint score for alpha[15]: 15.9675
2025-08-11 20:48:51,522 - DEBUG - Joint score for alpha[0]: 15.7746
2025-08-11 20:48:55,017 - DEBUG - Joint score for alpha[1]: 15.8728
2025-08-11 20:48:58,510 - DEBUG - Joint score for alpha[2]: 15.9298
2025-08-11 20:49:02,002 - DEBUG - Joint score for alpha[3]: 15.9657
2025-08-11 20:49:05,496 - DEBUG - Joint score for alpha[4]: 15.9392
2025-08-11 20:49:08,989 - DEBUG - Joint score for alpha[5]: 15.8176
2025-08-11 20:49:12,483 - DEBUG - Joint score for alpha[6]: 16.4560
2025-08-11 20:49:15,975 - DEBUG - Joint score for alpha[7]: 15.9045
2025-08-11 20:49:19,468 - DEBUG - Joint score for alpha[8]: 15.8712
2025-08-11 20:49:22,962 - DEBUG - Joint score for alpha[9]: 15.9722
2025-08-11 20:49:26,454 - DEBUG - Joint score for alpha[10]: 15.8560
2025-08-11 20:49:29,949 - DEBUG - Joint score for alpha[11]: 15.7913
2025-08-11 20:49:33,442 - DEBUG - Joint score for alpha[12]: 15.8441
2025-08-11 20:49:36,938 - DEBUG - Joint score for alpha[13]: 16.1748
2025-08-11 20:49:40,432 - DEBUG - Joint score for alpha[14]: 15.9149
2025-08-11 20:49:43,927 - DEBUG - Joint score for alpha[15]: 16.0021
2025-08-11 20:49:50,489 - DEBUG - Joint score for alpha[0]: 15.8765
2025-08-11 20:49:53,984 - DEBUG - Joint score for alpha[1]: 15.8997
2025-08-11 20:49:57,478 - DEBUG - Joint score for alpha[2]: 15.9136
2025-08-11 20:50:00,972 - DEBUG - Joint score for alpha[3]: 15.9330
2025-08-11 20:50:04,467 - DEBUG - Joint score for alpha[4]: 15.8987
2025-08-11 20:50:07,960 - DEBUG - Joint score for alpha[5]: 15.8288
2025-08-11 20:50:11,454 - DEBUG - Joint score for alpha[6]: 16.0313
2025-08-11 20:50:14,947 - DEBUG - Joint score for alpha[7]: 15.8296
2025-08-11 20:50:18,441 - DEBUG - Joint score for alpha[8]: 15.7798
2025-08-11 20:50:21,936 - DEBUG - Joint score for alpha[9]: 15.9252
2025-08-11 20:50:25,429 - DEBUG - Joint score for alpha[10]: 15.9726
2025-08-11 20:50:28,924 - DEBUG - Joint score for alpha[11]: 15.8071
2025-08-11 20:50:32,418 - DEBUG - Joint score for alpha[12]: 15.8606
2025-08-11 20:50:35,914 - DEBUG - Joint score for alpha[13]: 15.7884
2025-08-11 20:50:39,408 - DEBUG - Joint score for alpha[14]: 15.8938
2025-08-11 20:50:42,902 - DEBUG - Joint score for alpha[15]: 15.8556
2025-08-11 20:50:49,465 - DEBUG - Joint score for alpha[0]: 15.8444
2025-08-11 20:50:52,961 - DEBUG - Joint score for alpha[1]: 15.9415
2025-08-11 20:50:56,454 - DEBUG - Joint score for alpha[2]: 15.7346
2025-08-11 20:50:59,948 - DEBUG - Joint score for alpha[3]: 16.2551
2025-08-11 20:51:03,442 - DEBUG - Joint score for alpha[4]: 15.9635
2025-08-11 20:51:06,934 - DEBUG - Joint score for alpha[5]: 16.1507
2025-08-11 20:51:10,428 - DEBUG - Joint score for alpha[6]: 16.0192
2025-08-11 20:51:13,921 - DEBUG - Joint score for alpha[7]: 15.6137
2025-08-11 20:51:17,413 - DEBUG - Joint score for alpha[8]: 16.0709
2025-08-11 20:51:20,907 - DEBUG - Joint score for alpha[9]: 16.3132
2025-08-11 20:51:24,400 - DEBUG - Joint score for alpha[10]: 15.7525
2025-08-11 20:51:27,895 - DEBUG - Joint score for alpha[11]: 16.3669
2025-08-11 20:51:31,388 - DEBUG - Joint score for alpha[12]: 16.1690
2025-08-11 20:51:34,884 - DEBUG - Joint score for alpha[13]: 16.4237
2025-08-11 20:51:38,377 - DEBUG - Joint score for alpha[14]: 16.8178
2025-08-11 20:51:41,872 - DEBUG - Joint score for alpha[15]: 15.8067
2025-08-11 20:51:41,913 - INFO - Step 105/120: mean ENERGY=15.7340
2025-08-11 20:51:41,918 - DEBUG - Beginning Gibbs iteration s = 105
2025-08-11 20:51:48,499 - DEBUG - Joint score for alpha[0]: 15.6452
2025-08-11 20:51:51,995 - DEBUG - Joint score for alpha[1]: 16.1406
2025-08-11 20:51:55,488 - DEBUG - Joint score for alpha[2]: 17.1421
2025-08-11 20:51:58,982 - DEBUG - Joint score for alpha[3]: 15.8965
2025-08-11 20:52:02,477 - DEBUG - Joint score for alpha[4]: 15.7606
2025-08-11 20:52:05,969 - DEBUG - Joint score for alpha[5]: 15.5811
2025-08-11 20:52:09,463 - DEBUG - Joint score for alpha[6]: 15.8558
2025-08-11 20:52:12,956 - DEBUG - Joint score for alpha[7]: 16.7424
2025-08-11 20:52:16,447 - DEBUG - Joint score for alpha[8]: 16.0892
2025-08-11 20:52:19,940 - DEBUG - Joint score for alpha[9]: 15.7982
2025-08-11 20:52:23,432 - DEBUG - Joint score for alpha[10]: 16.3045
2025-08-11 20:52:26,925 - DEBUG - Joint score for alpha[11]: 23.5120
2025-08-11 20:52:30,418 - DEBUG - Joint score for alpha[12]: 17.7136
2025-08-11 20:52:33,913 - DEBUG - Joint score for alpha[13]: 16.8012
2025-08-11 20:52:37,404 - DEBUG - Joint score for alpha[14]: 16.0787
2025-08-11 20:52:40,897 - DEBUG - Joint score for alpha[15]: 16.5990
2025-08-11 20:52:47,460 - DEBUG - Joint score for alpha[0]: 15.6913
2025-08-11 20:52:50,956 - DEBUG - Joint score for alpha[1]: 16.7263
2025-08-11 20:52:54,449 - DEBUG - Joint score for alpha[2]: 15.9687
2025-08-11 20:52:57,941 - DEBUG - Joint score for alpha[3]: 15.5571
2025-08-11 20:53:01,433 - DEBUG - Joint score for alpha[4]: 15.7013
2025-08-11 20:53:04,924 - DEBUG - Joint score for alpha[5]: 15.7167
2025-08-11 20:53:08,416 - DEBUG - Joint score for alpha[6]: 15.8657
2025-08-11 20:53:11,907 - DEBUG - Joint score for alpha[7]: 15.7519
2025-08-11 20:53:15,398 - DEBUG - Joint score for alpha[8]: 16.2950
2025-08-11 20:53:18,891 - DEBUG - Joint score for alpha[9]: 15.8636
2025-08-11 20:53:22,381 - DEBUG - Joint score for alpha[10]: 16.0773
2025-08-11 20:53:25,874 - DEBUG - Joint score for alpha[11]: 16.3687
2025-08-11 20:53:29,366 - DEBUG - Joint score for alpha[12]: 16.3702
2025-08-11 20:53:32,860 - DEBUG - Joint score for alpha[13]: 15.9044
2025-08-11 20:53:36,350 - DEBUG - Joint score for alpha[14]: 16.8259
2025-08-11 20:53:39,842 - DEBUG - Joint score for alpha[15]: 15.6885
2025-08-11 20:53:46,366 - DEBUG - Joint score for alpha[0]: 15.9915
2025-08-11 20:53:49,861 - DEBUG - Joint score for alpha[1]: 15.6753
2025-08-11 20:53:53,355 - DEBUG - Joint score for alpha[2]: 15.8206
2025-08-11 20:53:56,849 - DEBUG - Joint score for alpha[3]: 16.1511
2025-08-11 20:54:00,344 - DEBUG - Joint score for alpha[4]: 15.6283
2025-08-11 20:54:03,836 - DEBUG - Joint score for alpha[5]: 16.4001
2025-08-11 20:54:07,330 - DEBUG - Joint score for alpha[6]: 15.9560
2025-08-11 20:54:10,823 - DEBUG - Joint score for alpha[7]: 15.8310
2025-08-11 20:54:14,316 - DEBUG - Joint score for alpha[8]: 15.8134
2025-08-11 20:54:17,810 - DEBUG - Joint score for alpha[9]: 16.1422
2025-08-11 20:54:21,303 - DEBUG - Joint score for alpha[10]: 16.2122
2025-08-11 20:54:24,797 - DEBUG - Joint score for alpha[11]: 16.1319
2025-08-11 20:54:28,290 - DEBUG - Joint score for alpha[12]: 16.0087
2025-08-11 20:54:31,786 - DEBUG - Joint score for alpha[13]: 15.7125
2025-08-11 20:54:35,278 - DEBUG - Joint score for alpha[14]: 15.9327
2025-08-11 20:54:38,772 - DEBUG - Joint score for alpha[15]: 16.7737
2025-08-11 20:54:45,298 - DEBUG - Joint score for alpha[0]: 15.9390
2025-08-11 20:54:48,793 - DEBUG - Joint score for alpha[1]: 16.1368
2025-08-11 20:54:52,286 - DEBUG - Joint score for alpha[2]: 16.0753
2025-08-11 20:54:55,779 - DEBUG - Joint score for alpha[3]: 16.3404
2025-08-11 20:54:59,273 - DEBUG - Joint score for alpha[4]: 15.7594
2025-08-11 20:55:02,765 - DEBUG - Joint score for alpha[5]: 15.8036
2025-08-11 20:55:06,259 - DEBUG - Joint score for alpha[6]: 15.7960
2025-08-11 20:55:09,750 - DEBUG - Joint score for alpha[7]: 16.9789
2025-08-11 20:55:13,241 - DEBUG - Joint score for alpha[8]: 15.9391
2025-08-11 20:55:16,732 - DEBUG - Joint score for alpha[9]: 16.0002
2025-08-11 20:55:20,223 - DEBUG - Joint score for alpha[10]: 16.2743
2025-08-11 20:55:23,715 - DEBUG - Joint score for alpha[11]: 16.0042
2025-08-11 20:55:27,207 - DEBUG - Joint score for alpha[12]: 16.6035
2025-08-11 20:55:30,700 - DEBUG - Joint score for alpha[13]: 16.1446
2025-08-11 20:55:34,190 - DEBUG - Joint score for alpha[14]: 16.4015
2025-08-11 20:55:37,681 - DEBUG - Joint score for alpha[15]: 16.0685
2025-08-11 20:55:44,209 - DEBUG - Joint score for alpha[0]: 16.4437
2025-08-11 20:55:47,704 - DEBUG - Joint score for alpha[1]: 15.8926
2025-08-11 20:55:51,196 - DEBUG - Joint score for alpha[2]: 15.7483
2025-08-11 20:55:54,689 - DEBUG - Joint score for alpha[3]: 16.8383
2025-08-11 20:55:58,183 - DEBUG - Joint score for alpha[4]: 15.8053
2025-08-11 20:56:01,674 - DEBUG - Joint score for alpha[5]: 16.3227
2025-08-11 20:56:05,168 - DEBUG - Joint score for alpha[6]: 16.3302
2025-08-11 20:56:08,660 - DEBUG - Joint score for alpha[7]: 16.0927
2025-08-11 20:56:12,153 - DEBUG - Joint score for alpha[8]: 15.7025
2025-08-11 20:56:15,647 - DEBUG - Joint score for alpha[9]: 16.0575
2025-08-11 20:56:19,137 - DEBUG - Joint score for alpha[10]: 16.7376
2025-08-11 20:56:22,631 - DEBUG - Joint score for alpha[11]: 15.7037
2025-08-11 20:56:26,125 - DEBUG - Joint score for alpha[12]: 15.7897
2025-08-11 20:56:29,620 - DEBUG - Joint score for alpha[13]: 15.6753
2025-08-11 20:56:33,112 - DEBUG - Joint score for alpha[14]: 15.5853
2025-08-11 20:56:36,607 - DEBUG - Joint score for alpha[15]: 15.9239
2025-08-11 20:56:36,648 - INFO - Step 106/120: mean ENERGY=15.6223
2025-08-11 20:56:36,654 - DEBUG - Beginning Gibbs iteration s = 106
2025-08-11 20:56:43,217 - DEBUG - Joint score for alpha[0]: 16.5925
2025-08-11 20:56:46,712 - DEBUG - Joint score for alpha[1]: 16.0826
2025-08-11 20:56:50,205 - DEBUG - Joint score for alpha[2]: 16.4334
2025-08-11 20:56:53,698 - DEBUG - Joint score for alpha[3]: 15.8140
2025-08-11 20:56:57,192 - DEBUG - Joint score for alpha[4]: 16.8925
2025-08-11 20:57:00,684 - DEBUG - Joint score for alpha[5]: 15.8807
2025-08-11 20:57:04,177 - DEBUG - Joint score for alpha[6]: 15.5661
2025-08-11 20:57:07,670 - DEBUG - Joint score for alpha[7]: 15.9964
2025-08-11 20:57:11,163 - DEBUG - Joint score for alpha[8]: 17.6600
2025-08-11 20:57:14,658 - DEBUG - Joint score for alpha[9]: 16.7458
2025-08-11 20:57:18,151 - DEBUG - Joint score for alpha[10]: 15.7137
2025-08-11 20:57:21,644 - DEBUG - Joint score for alpha[11]: 15.8027
2025-08-11 20:57:25,134 - DEBUG - Joint score for alpha[12]: 16.2688
2025-08-11 20:57:28,629 - DEBUG - Joint score for alpha[13]: 17.2014
2025-08-11 20:57:32,120 - DEBUG - Joint score for alpha[14]: 15.6712
2025-08-11 20:57:35,611 - DEBUG - Joint score for alpha[15]: 15.8661
2025-08-11 20:57:42,130 - DEBUG - Joint score for alpha[0]: 15.8246
2025-08-11 20:57:45,624 - DEBUG - Joint score for alpha[1]: 16.4250
2025-08-11 20:57:49,119 - DEBUG - Joint score for alpha[2]: 16.3393
2025-08-11 20:57:52,613 - DEBUG - Joint score for alpha[3]: 15.5396
2025-08-11 20:57:56,107 - DEBUG - Joint score for alpha[4]: 15.6919
2025-08-11 20:57:59,600 - DEBUG - Joint score for alpha[5]: 15.6847
2025-08-11 20:58:03,136 - DEBUG - Joint score for alpha[6]: 15.6011
2025-08-11 20:58:06,629 - DEBUG - Joint score for alpha[7]: 15.7077
2025-08-11 20:58:10,120 - DEBUG - Joint score for alpha[8]: 15.8019
2025-08-11 20:58:13,612 - DEBUG - Joint score for alpha[9]: 15.9626
2025-08-11 20:58:17,104 - DEBUG - Joint score for alpha[10]: 15.9251
2025-08-11 20:58:20,597 - DEBUG - Joint score for alpha[11]: 15.5845
2025-08-11 20:58:24,089 - DEBUG - Joint score for alpha[12]: 15.6220
2025-08-11 20:58:27,583 - DEBUG - Joint score for alpha[13]: 15.7485
2025-08-11 20:58:31,075 - DEBUG - Joint score for alpha[14]: 15.9115
2025-08-11 20:58:34,567 - DEBUG - Joint score for alpha[15]: 15.6358
2025-08-11 20:58:41,104 - DEBUG - Joint score for alpha[0]: 15.5941
2025-08-11 20:58:44,600 - DEBUG - Joint score for alpha[1]: 15.5188
2025-08-11 20:58:48,094 - DEBUG - Joint score for alpha[2]: 15.7126
2025-08-11 20:58:51,588 - DEBUG - Joint score for alpha[3]: 15.7150
2025-08-11 20:58:55,083 - DEBUG - Joint score for alpha[4]: 16.3039
2025-08-11 20:58:58,576 - DEBUG - Joint score for alpha[5]: 15.6624
2025-08-11 20:59:02,069 - DEBUG - Joint score for alpha[6]: 15.9143
2025-08-11 20:59:05,559 - DEBUG - Joint score for alpha[7]: 16.0219
2025-08-11 20:59:09,050 - DEBUG - Joint score for alpha[8]: 15.9510
2025-08-11 20:59:13,043 - DEBUG - Joint score for alpha[9]: 15.7855
2025-08-11 20:59:16,536 - DEBUG - Joint score for alpha[10]: 15.6124
2025-08-11 20:59:20,028 - DEBUG - Joint score for alpha[11]: 15.7117
2025-08-11 20:59:23,519 - DEBUG - Joint score for alpha[12]: 16.2267
2025-08-11 20:59:27,011 - DEBUG - Joint score for alpha[13]: 15.6636
2025-08-11 20:59:30,502 - DEBUG - Joint score for alpha[14]: 15.5089
2025-08-11 20:59:33,993 - DEBUG - Joint score for alpha[15]: 15.8637
2025-08-11 20:59:40,515 - DEBUG - Joint score for alpha[0]: 15.6660
2025-08-11 20:59:44,011 - DEBUG - Joint score for alpha[1]: 15.5838
2025-08-11 20:59:47,504 - DEBUG - Joint score for alpha[2]: 15.8820
2025-08-11 20:59:50,997 - DEBUG - Joint score for alpha[3]: 16.0554
2025-08-11 20:59:54,490 - DEBUG - Joint score for alpha[4]: 15.8294
2025-08-11 20:59:57,982 - DEBUG - Joint score for alpha[5]: 15.9923
2025-08-11 21:00:01,476 - DEBUG - Joint score for alpha[6]: 15.6217
2025-08-11 21:00:04,969 - DEBUG - Joint score for alpha[7]: 15.8774
2025-08-11 21:00:08,462 - DEBUG - Joint score for alpha[8]: 15.7080
2025-08-11 21:00:11,956 - DEBUG - Joint score for alpha[9]: 15.7247
2025-08-11 21:00:15,450 - DEBUG - Joint score for alpha[10]: 15.7032
2025-08-11 21:00:18,945 - DEBUG - Joint score for alpha[11]: 15.7956
2025-08-11 21:00:22,439 - DEBUG - Joint score for alpha[12]: 15.6490
2025-08-11 21:00:25,934 - DEBUG - Joint score for alpha[13]: 15.8000
2025-08-11 21:00:29,427 - DEBUG - Joint score for alpha[14]: 16.0100
2025-08-11 21:00:32,921 - DEBUG - Joint score for alpha[15]: 15.8006
2025-08-11 21:00:39,544 - DEBUG - Joint score for alpha[0]: 16.0279
2025-08-11 21:00:43,039 - DEBUG - Joint score for alpha[1]: 15.7777
2025-08-11 21:00:46,532 - DEBUG - Joint score for alpha[2]: 15.6433
2025-08-11 21:00:50,025 - DEBUG - Joint score for alpha[3]: 15.9571
2025-08-11 21:00:53,519 - DEBUG - Joint score for alpha[4]: 16.1755
2025-08-11 21:00:57,011 - DEBUG - Joint score for alpha[5]: 16.2588
2025-08-11 21:01:00,505 - DEBUG - Joint score for alpha[6]: 15.9762
2025-08-11 21:01:03,998 - DEBUG - Joint score for alpha[7]: 15.7858
2025-08-11 21:01:07,491 - DEBUG - Joint score for alpha[8]: 16.6462
2025-08-11 21:01:10,987 - DEBUG - Joint score for alpha[9]: 16.0472
2025-08-11 21:01:14,479 - DEBUG - Joint score for alpha[10]: 15.6940
2025-08-11 21:01:17,973 - DEBUG - Joint score for alpha[11]: 16.0506
2025-08-11 21:01:21,468 - DEBUG - Joint score for alpha[12]: 16.3793
2025-08-11 21:01:24,966 - DEBUG - Joint score for alpha[13]: 15.7136
2025-08-11 21:01:28,461 - DEBUG - Joint score for alpha[14]: 16.6562
2025-08-11 21:01:31,957 - DEBUG - Joint score for alpha[15]: 16.1464
2025-08-11 21:01:31,998 - INFO - Step 107/120: mean ENERGY=15.5683
2025-08-11 21:01:32,006 - DEBUG - Beginning Gibbs iteration s = 107
2025-08-11 21:01:38,545 - DEBUG - Joint score for alpha[0]: 15.7889
2025-08-11 21:01:42,041 - DEBUG - Joint score for alpha[1]: 15.7514
2025-08-11 21:01:45,535 - DEBUG - Joint score for alpha[2]: 15.7142
2025-08-11 21:01:49,030 - DEBUG - Joint score for alpha[3]: 23.2561
2025-08-11 21:01:52,524 - DEBUG - Joint score for alpha[4]: 16.1500
2025-08-11 21:01:56,017 - DEBUG - Joint score for alpha[5]: 15.6223
2025-08-11 21:01:59,511 - DEBUG - Joint score for alpha[6]: 15.6832
2025-08-11 21:02:03,004 - DEBUG - Joint score for alpha[7]: 15.7189
2025-08-11 21:02:06,497 - DEBUG - Joint score for alpha[8]: 16.9755
2025-08-11 21:02:09,993 - DEBUG - Joint score for alpha[9]: 15.9913
2025-08-11 21:02:13,488 - DEBUG - Joint score for alpha[10]: 18.3685
2025-08-11 21:02:16,985 - DEBUG - Joint score for alpha[11]: 17.5114
2025-08-11 21:02:20,481 - DEBUG - Joint score for alpha[12]: 16.5815
2025-08-11 21:02:23,979 - DEBUG - Joint score for alpha[13]: 15.8364
2025-08-11 21:02:27,474 - DEBUG - Joint score for alpha[14]: 15.6714
2025-08-11 21:02:30,968 - DEBUG - Joint score for alpha[15]: 16.5175
2025-08-11 21:02:37,507 - DEBUG - Joint score for alpha[0]: 15.8695
2025-08-11 21:02:41,002 - DEBUG - Joint score for alpha[1]: 15.8736
2025-08-11 21:02:44,496 - DEBUG - Joint score for alpha[2]: 15.6405
2025-08-11 21:02:47,991 - DEBUG - Joint score for alpha[3]: 15.6238
2025-08-11 21:02:51,488 - DEBUG - Joint score for alpha[4]: 15.7257
2025-08-11 21:02:54,982 - DEBUG - Joint score for alpha[5]: 15.8216
2025-08-11 21:02:58,477 - DEBUG - Joint score for alpha[6]: 15.7626
2025-08-11 21:03:01,971 - DEBUG - Joint score for alpha[7]: 15.7363
2025-08-11 21:03:05,466 - DEBUG - Joint score for alpha[8]: 15.7561
2025-08-11 21:03:08,962 - DEBUG - Joint score for alpha[9]: 15.6139
2025-08-11 21:03:12,457 - DEBUG - Joint score for alpha[10]: 15.6282
2025-08-11 21:03:15,954 - DEBUG - Joint score for alpha[11]: 15.7461
2025-08-11 21:03:19,449 - DEBUG - Joint score for alpha[12]: 15.7579
2025-08-11 21:03:22,946 - DEBUG - Joint score for alpha[13]: 15.8697
2025-08-11 21:03:26,441 - DEBUG - Joint score for alpha[14]: 15.8128
2025-08-11 21:03:29,936 - DEBUG - Joint score for alpha[15]: 15.7466
2025-08-11 21:03:36,491 - DEBUG - Joint score for alpha[0]: 15.7773
2025-08-11 21:03:39,986 - DEBUG - Joint score for alpha[1]: 15.7537
2025-08-11 21:03:43,482 - DEBUG - Joint score for alpha[2]: 16.2254
2025-08-11 21:03:46,977 - DEBUG - Joint score for alpha[3]: 15.6591
2025-08-11 21:03:50,472 - DEBUG - Joint score for alpha[4]: 15.6986
2025-08-11 21:03:53,964 - DEBUG - Joint score for alpha[5]: 15.7079
2025-08-11 21:03:57,459 - DEBUG - Joint score for alpha[6]: 15.4863
2025-08-11 21:04:00,953 - DEBUG - Joint score for alpha[7]: 17.1901
2025-08-11 21:04:04,448 - DEBUG - Joint score for alpha[8]: 15.6130
2025-08-11 21:04:07,946 - DEBUG - Joint score for alpha[9]: 15.8191
2025-08-11 21:04:11,440 - DEBUG - Joint score for alpha[10]: 15.8771
2025-08-11 21:04:14,935 - DEBUG - Joint score for alpha[11]: 15.5358
2025-08-11 21:04:18,431 - DEBUG - Joint score for alpha[12]: 15.7488
2025-08-11 21:04:21,929 - DEBUG - Joint score for alpha[13]: 15.4823
2025-08-11 21:04:25,425 - DEBUG - Joint score for alpha[14]: 15.7100
2025-08-11 21:04:28,921 - DEBUG - Joint score for alpha[15]: 15.9678
2025-08-11 21:04:35,483 - DEBUG - Joint score for alpha[0]: 15.8420
2025-08-11 21:04:38,980 - DEBUG - Joint score for alpha[1]: 15.6595
2025-08-11 21:04:42,475 - DEBUG - Joint score for alpha[2]: 15.5626
2025-08-11 21:04:45,970 - DEBUG - Joint score for alpha[3]: 16.2895
2025-08-11 21:04:49,463 - DEBUG - Joint score for alpha[4]: 15.5576
2025-08-11 21:04:52,955 - DEBUG - Joint score for alpha[5]: 15.7371
2025-08-11 21:04:56,450 - DEBUG - Joint score for alpha[6]: 15.6901
2025-08-11 21:04:59,942 - DEBUG - Joint score for alpha[7]: 16.3730
2025-08-11 21:05:03,437 - DEBUG - Joint score for alpha[8]: 15.5654
2025-08-11 21:05:06,933 - DEBUG - Joint score for alpha[9]: 16.1411
2025-08-11 21:05:10,427 - DEBUG - Joint score for alpha[10]: 16.8382
2025-08-11 21:05:13,923 - DEBUG - Joint score for alpha[11]: 15.8975
2025-08-11 21:05:17,418 - DEBUG - Joint score for alpha[12]: 15.9227
2025-08-11 21:05:20,916 - DEBUG - Joint score for alpha[13]: 15.8629
2025-08-11 21:05:24,411 - DEBUG - Joint score for alpha[14]: 16.7521
2025-08-11 21:05:27,906 - DEBUG - Joint score for alpha[15]: 15.7111
2025-08-11 21:05:34,625 - DEBUG - Joint score for alpha[0]: 15.9137
2025-08-11 21:05:38,122 - DEBUG - Joint score for alpha[1]: 15.7263
2025-08-11 21:05:41,616 - DEBUG - Joint score for alpha[2]: 15.8265
2025-08-11 21:05:45,111 - DEBUG - Joint score for alpha[3]: 15.7377
2025-08-11 21:05:48,607 - DEBUG - Joint score for alpha[4]: 15.6507
2025-08-11 21:05:52,100 - DEBUG - Joint score for alpha[5]: 15.9097
2025-08-11 21:05:55,595 - DEBUG - Joint score for alpha[6]: 16.0308
2025-08-11 21:05:59,088 - DEBUG - Joint score for alpha[7]: 15.8851
2025-08-11 21:06:02,583 - DEBUG - Joint score for alpha[8]: 16.3385
2025-08-11 21:06:06,079 - DEBUG - Joint score for alpha[9]: 16.2644
2025-08-11 21:06:09,573 - DEBUG - Joint score for alpha[10]: 15.7811
2025-08-11 21:06:13,070 - DEBUG - Joint score for alpha[11]: 15.9947
2025-08-11 21:06:16,564 - DEBUG - Joint score for alpha[12]: 15.8592
2025-08-11 21:06:20,061 - DEBUG - Joint score for alpha[13]: 15.9971
2025-08-11 21:06:23,555 - DEBUG - Joint score for alpha[14]: 16.7015
2025-08-11 21:06:27,051 - DEBUG - Joint score for alpha[15]: 15.7409
2025-08-11 21:06:27,092 - INFO - Step 108/120: mean ENERGY=15.5854
2025-08-11 21:06:27,098 - DEBUG - Beginning Gibbs iteration s = 108
2025-08-11 21:06:33,637 - DEBUG - Joint score for alpha[0]: 16.4023
2025-08-11 21:06:37,132 - DEBUG - Joint score for alpha[1]: 16.1369
2025-08-11 21:06:40,627 - DEBUG - Joint score for alpha[2]: 17.3088
2025-08-11 21:06:44,121 - DEBUG - Joint score for alpha[3]: 19.0622
2025-08-11 21:06:47,617 - DEBUG - Joint score for alpha[4]: 16.1247
2025-08-11 21:06:51,110 - DEBUG - Joint score for alpha[5]: 16.0852
2025-08-11 21:06:54,604 - DEBUG - Joint score for alpha[6]: 17.2905
2025-08-11 21:06:58,096 - DEBUG - Joint score for alpha[7]: 16.5468
2025-08-11 21:07:01,589 - DEBUG - Joint score for alpha[8]: 15.8916
2025-08-11 21:07:05,083 - DEBUG - Joint score for alpha[9]: 16.4532
2025-08-11 21:07:08,575 - DEBUG - Joint score for alpha[10]: 16.0661
2025-08-11 21:07:12,070 - DEBUG - Joint score for alpha[11]: 16.3298
2025-08-11 21:07:15,564 - DEBUG - Joint score for alpha[12]: 17.1957
2025-08-11 21:07:19,061 - DEBUG - Joint score for alpha[13]: 15.6634
2025-08-11 21:07:22,554 - DEBUG - Joint score for alpha[14]: 15.6875
2025-08-11 21:07:26,048 - DEBUG - Joint score for alpha[15]: 18.4810
2025-08-11 21:07:32,551 - DEBUG - Joint score for alpha[0]: 16.0985
2025-08-11 21:07:36,046 - DEBUG - Joint score for alpha[1]: 16.0093
2025-08-11 21:07:39,538 - DEBUG - Joint score for alpha[2]: 15.6734
2025-08-11 21:07:43,032 - DEBUG - Joint score for alpha[3]: 15.7507
2025-08-11 21:07:46,525 - DEBUG - Joint score for alpha[4]: 16.0900
2025-08-11 21:07:50,016 - DEBUG - Joint score for alpha[5]: 16.4770
2025-08-11 21:07:53,510 - DEBUG - Joint score for alpha[6]: 15.8793
2025-08-11 21:07:57,003 - DEBUG - Joint score for alpha[7]: 15.8250
2025-08-11 21:08:00,495 - DEBUG - Joint score for alpha[8]: 16.8571
2025-08-11 21:08:03,991 - DEBUG - Joint score for alpha[9]: 16.4018
2025-08-11 21:08:07,484 - DEBUG - Joint score for alpha[10]: 15.9511
2025-08-11 21:08:10,980 - DEBUG - Joint score for alpha[11]: 15.5882
2025-08-11 21:08:14,476 - DEBUG - Joint score for alpha[12]: 15.7431
2025-08-11 21:08:17,974 - DEBUG - Joint score for alpha[13]: 16.1099
2025-08-11 21:08:21,468 - DEBUG - Joint score for alpha[14]: 16.8964
2025-08-11 21:08:24,962 - DEBUG - Joint score for alpha[15]: 15.8967
2025-08-11 21:08:31,471 - DEBUG - Joint score for alpha[0]: 15.6916
2025-08-11 21:08:34,967 - DEBUG - Joint score for alpha[1]: 15.9164
2025-08-11 21:08:38,460 - DEBUG - Joint score for alpha[2]: 15.5759
2025-08-11 21:08:41,954 - DEBUG - Joint score for alpha[3]: 15.5905
2025-08-11 21:08:45,448 - DEBUG - Joint score for alpha[4]: 16.0182
2025-08-11 21:08:48,942 - DEBUG - Joint score for alpha[5]: 15.7356
2025-08-11 21:08:52,437 - DEBUG - Joint score for alpha[6]: 15.5705
2025-08-11 21:08:55,932 - DEBUG - Joint score for alpha[7]: 15.8286
2025-08-11 21:08:59,425 - DEBUG - Joint score for alpha[8]: 16.0697
2025-08-11 21:09:02,919 - DEBUG - Joint score for alpha[9]: 15.9006
2025-08-11 21:09:06,411 - DEBUG - Joint score for alpha[10]: 15.6384
2025-08-11 21:09:09,907 - DEBUG - Joint score for alpha[11]: 16.1380
2025-08-11 21:09:13,402 - DEBUG - Joint score for alpha[12]: 15.8808
2025-08-11 21:09:16,898 - DEBUG - Joint score for alpha[13]: 15.8013
2025-08-11 21:09:20,392 - DEBUG - Joint score for alpha[14]: 15.5130
2025-08-11 21:09:23,886 - DEBUG - Joint score for alpha[15]: 15.5234
2025-08-11 21:09:30,427 - DEBUG - Joint score for alpha[0]: 15.7946
2025-08-11 21:09:33,923 - DEBUG - Joint score for alpha[1]: 15.7129
2025-08-11 21:09:37,418 - DEBUG - Joint score for alpha[2]: 15.8614
2025-08-11 21:09:40,911 - DEBUG - Joint score for alpha[3]: 15.6699
2025-08-11 21:09:44,404 - DEBUG - Joint score for alpha[4]: 15.5685
2025-08-11 21:09:47,897 - DEBUG - Joint score for alpha[5]: 15.5486
2025-08-11 21:09:51,392 - DEBUG - Joint score for alpha[6]: 15.8202
2025-08-11 21:09:54,885 - DEBUG - Joint score for alpha[7]: 15.6896
2025-08-11 21:09:58,379 - DEBUG - Joint score for alpha[8]: 15.8963
2025-08-11 21:10:01,873 - DEBUG - Joint score for alpha[9]: 17.0340
2025-08-11 21:10:05,365 - DEBUG - Joint score for alpha[10]: 15.7710
2025-08-11 21:10:08,859 - DEBUG - Joint score for alpha[11]: 15.8728
2025-08-11 21:10:12,355 - DEBUG - Joint score for alpha[12]: 15.8378
2025-08-11 21:10:15,852 - DEBUG - Joint score for alpha[13]: 16.8972
2025-08-11 21:10:19,347 - DEBUG - Joint score for alpha[14]: 16.3593
2025-08-11 21:10:22,843 - DEBUG - Joint score for alpha[15]: 15.5374
2025-08-11 21:10:29,372 - DEBUG - Joint score for alpha[0]: 16.3299
2025-08-11 21:10:32,868 - DEBUG - Joint score for alpha[1]: 15.9184
2025-08-11 21:10:36,363 - DEBUG - Joint score for alpha[2]: 16.1265
2025-08-11 21:10:39,858 - DEBUG - Joint score for alpha[3]: 15.8244
2025-08-11 21:10:43,354 - DEBUG - Joint score for alpha[4]: 16.6939
2025-08-11 21:10:46,848 - DEBUG - Joint score for alpha[5]: 15.7081
2025-08-11 21:10:50,342 - DEBUG - Joint score for alpha[6]: 15.8880
2025-08-11 21:10:53,835 - DEBUG - Joint score for alpha[7]: 15.7073
2025-08-11 21:10:57,328 - DEBUG - Joint score for alpha[8]: 15.8411
2025-08-11 21:11:00,824 - DEBUG - Joint score for alpha[9]: 15.9263
2025-08-11 21:11:04,316 - DEBUG - Joint score for alpha[10]: 15.5895
2025-08-11 21:11:07,811 - DEBUG - Joint score for alpha[11]: 15.7347
2025-08-11 21:11:11,306 - DEBUG - Joint score for alpha[12]: 15.6470
2025-08-11 21:11:14,802 - DEBUG - Joint score for alpha[13]: 15.9834
2025-08-11 21:11:18,296 - DEBUG - Joint score for alpha[14]: 15.6510
2025-08-11 21:11:21,791 - DEBUG - Joint score for alpha[15]: 16.0099
2025-08-11 21:11:21,832 - INFO - Step 109/120: mean ENERGY=15.5783
2025-08-11 21:11:21,837 - DEBUG - Beginning Gibbs iteration s = 109
2025-08-11 21:11:28,382 - DEBUG - Joint score for alpha[0]: 15.9416
2025-08-11 21:11:31,878 - DEBUG - Joint score for alpha[1]: 16.1626
2025-08-11 21:11:35,373 - DEBUG - Joint score for alpha[2]: 15.8494
2025-08-11 21:11:38,868 - DEBUG - Joint score for alpha[3]: 15.7899
2025-08-11 21:11:42,364 - DEBUG - Joint score for alpha[4]: 16.0198
2025-08-11 21:11:45,857 - DEBUG - Joint score for alpha[5]: 15.9742
2025-08-11 21:11:49,353 - DEBUG - Joint score for alpha[6]: 16.5367
2025-08-11 21:11:52,847 - DEBUG - Joint score for alpha[7]: 15.8772
2025-08-11 21:11:56,342 - DEBUG - Joint score for alpha[8]: 19.3660
2025-08-11 21:11:59,838 - DEBUG - Joint score for alpha[9]: 15.7702
2025-08-11 21:12:03,330 - DEBUG - Joint score for alpha[10]: 19.1448
2025-08-11 21:12:06,826 - DEBUG - Joint score for alpha[11]: 16.1214
2025-08-11 21:12:10,320 - DEBUG - Joint score for alpha[12]: 17.6738
2025-08-11 21:12:13,817 - DEBUG - Joint score for alpha[13]: 16.1646
2025-08-11 21:12:17,310 - DEBUG - Joint score for alpha[14]: 15.9466
2025-08-11 21:12:20,804 - DEBUG - Joint score for alpha[15]: 16.8332
2025-08-11 21:12:27,324 - DEBUG - Joint score for alpha[0]: 15.8104
2025-08-11 21:12:30,819 - DEBUG - Joint score for alpha[1]: 15.7263
2025-08-11 21:12:34,314 - DEBUG - Joint score for alpha[2]: 15.6661
2025-08-11 21:12:37,808 - DEBUG - Joint score for alpha[3]: 15.8629
2025-08-11 21:12:41,302 - DEBUG - Joint score for alpha[4]: 15.7662
2025-08-11 21:12:44,796 - DEBUG - Joint score for alpha[5]: 15.9911
2025-08-11 21:12:48,291 - DEBUG - Joint score for alpha[6]: 15.8767
2025-08-11 21:12:51,783 - DEBUG - Joint score for alpha[7]: 16.0270
2025-08-11 21:12:55,277 - DEBUG - Joint score for alpha[8]: 15.9607
2025-08-11 21:12:58,773 - DEBUG - Joint score for alpha[9]: 15.8032
2025-08-11 21:13:02,267 - DEBUG - Joint score for alpha[10]: 15.8129
2025-08-11 21:13:05,763 - DEBUG - Joint score for alpha[11]: 15.8043
2025-08-11 21:13:09,257 - DEBUG - Joint score for alpha[12]: 15.9942
2025-08-11 21:13:12,756 - DEBUG - Joint score for alpha[13]: 15.7280
2025-08-11 21:13:16,250 - DEBUG - Joint score for alpha[14]: 15.9101
2025-08-11 21:13:19,745 - DEBUG - Joint score for alpha[15]: 16.5064
2025-08-11 21:13:26,263 - DEBUG - Joint score for alpha[0]: 15.8187
2025-08-11 21:13:29,760 - DEBUG - Joint score for alpha[1]: 15.7786
2025-08-11 21:13:33,255 - DEBUG - Joint score for alpha[2]: 15.6443
2025-08-11 21:13:36,749 - DEBUG - Joint score for alpha[3]: 16.0257
2025-08-11 21:13:40,245 - DEBUG - Joint score for alpha[4]: 15.9117
2025-08-11 21:13:43,738 - DEBUG - Joint score for alpha[5]: 15.7601
2025-08-11 21:13:47,234 - DEBUG - Joint score for alpha[6]: 16.0282
2025-08-11 21:13:50,727 - DEBUG - Joint score for alpha[7]: 15.7388
2025-08-11 21:13:54,222 - DEBUG - Joint score for alpha[8]: 15.9544
2025-08-11 21:13:57,718 - DEBUG - Joint score for alpha[9]: 15.9595
2025-08-11 21:14:01,211 - DEBUG - Joint score for alpha[10]: 15.6105
2025-08-11 21:14:04,705 - DEBUG - Joint score for alpha[11]: 15.9900
2025-08-11 21:14:08,199 - DEBUG - Joint score for alpha[12]: 15.7696
2025-08-11 21:14:11,696 - DEBUG - Joint score for alpha[13]: 15.8411
2025-08-11 21:14:15,190 - DEBUG - Joint score for alpha[14]: 15.8428
2025-08-11 21:14:18,685 - DEBUG - Joint score for alpha[15]: 16.0103
2025-08-11 21:14:25,233 - DEBUG - Joint score for alpha[0]: 17.8263
2025-08-11 21:14:28,728 - DEBUG - Joint score for alpha[1]: 16.0174
2025-08-11 21:14:32,222 - DEBUG - Joint score for alpha[2]: 15.7814
2025-08-11 21:14:35,716 - DEBUG - Joint score for alpha[3]: 15.7218
2025-08-11 21:14:39,210 - DEBUG - Joint score for alpha[4]: 15.7713
2025-08-11 21:14:42,702 - DEBUG - Joint score for alpha[5]: 18.7903
2025-08-11 21:14:46,197 - DEBUG - Joint score for alpha[6]: 15.8377
2025-08-11 21:14:49,690 - DEBUG - Joint score for alpha[7]: 15.8090
2025-08-11 21:14:53,184 - DEBUG - Joint score for alpha[8]: 15.7523
2025-08-11 21:14:56,679 - DEBUG - Joint score for alpha[9]: 15.8348
2025-08-11 21:15:00,172 - DEBUG - Joint score for alpha[10]: 16.6100
2025-08-11 21:15:03,667 - DEBUG - Joint score for alpha[11]: 15.9841
2025-08-11 21:15:07,162 - DEBUG - Joint score for alpha[12]: 15.9138
2025-08-11 21:15:10,659 - DEBUG - Joint score for alpha[13]: 16.4808
2025-08-11 21:15:14,152 - DEBUG - Joint score for alpha[14]: 15.8245
2025-08-11 21:15:17,646 - DEBUG - Joint score for alpha[15]: 15.8581
2025-08-11 21:15:24,198 - DEBUG - Joint score for alpha[0]: 15.9637
2025-08-11 21:15:27,693 - DEBUG - Joint score for alpha[1]: 16.3127
2025-08-11 21:15:31,187 - DEBUG - Joint score for alpha[2]: 16.1766
2025-08-11 21:15:34,679 - DEBUG - Joint score for alpha[3]: 16.1189
2025-08-11 21:15:38,172 - DEBUG - Joint score for alpha[4]: 15.7481
2025-08-11 21:15:41,663 - DEBUG - Joint score for alpha[5]: 16.0996
2025-08-11 21:15:45,156 - DEBUG - Joint score for alpha[6]: 17.7351
2025-08-11 21:15:48,649 - DEBUG - Joint score for alpha[7]: 16.2413
2025-08-11 21:15:52,143 - DEBUG - Joint score for alpha[8]: 16.0757
2025-08-11 21:15:55,636 - DEBUG - Joint score for alpha[9]: 17.6555
2025-08-11 21:15:59,128 - DEBUG - Joint score for alpha[10]: 15.8366
2025-08-11 21:16:02,624 - DEBUG - Joint score for alpha[11]: 16.2801
2025-08-11 21:16:06,118 - DEBUG - Joint score for alpha[12]: 16.1729
2025-08-11 21:16:09,614 - DEBUG - Joint score for alpha[13]: 16.0920
2025-08-11 21:16:13,105 - DEBUG - Joint score for alpha[14]: 16.0260
2025-08-11 21:16:16,599 - DEBUG - Joint score for alpha[15]: 16.0569
2025-08-11 21:16:16,640 - INFO - Step 110/120: mean ENERGY=15.7033
2025-08-11 21:16:16,646 - DEBUG - Beginning Gibbs iteration s = 110
2025-08-11 21:16:23,317 - DEBUG - Joint score for alpha[0]: 15.8600
2025-08-11 21:16:26,813 - DEBUG - Joint score for alpha[1]: 15.7899
2025-08-11 21:16:30,307 - DEBUG - Joint score for alpha[2]: 15.9827
2025-08-11 21:16:33,801 - DEBUG - Joint score for alpha[3]: 17.4528
2025-08-11 21:16:37,295 - DEBUG - Joint score for alpha[4]: 17.1777
2025-08-11 21:16:40,787 - DEBUG - Joint score for alpha[5]: 18.8005
2025-08-11 21:16:44,280 - DEBUG - Joint score for alpha[6]: 16.1447
2025-08-11 21:16:47,771 - DEBUG - Joint score for alpha[7]: 16.0396
2025-08-11 21:16:51,263 - DEBUG - Joint score for alpha[8]: 15.8445
2025-08-11 21:16:54,758 - DEBUG - Joint score for alpha[9]: 17.9858
2025-08-11 21:16:58,252 - DEBUG - Joint score for alpha[10]: 18.0605
2025-08-11 21:17:01,748 - DEBUG - Joint score for alpha[11]: 15.6854
2025-08-11 21:17:05,244 - DEBUG - Joint score for alpha[12]: 17.3311
2025-08-11 21:17:08,740 - DEBUG - Joint score for alpha[13]: 16.9386
2025-08-11 21:17:12,233 - DEBUG - Joint score for alpha[14]: 15.7077
2025-08-11 21:17:15,727 - DEBUG - Joint score for alpha[15]: 15.7273
2025-08-11 21:17:22,294 - DEBUG - Joint score for alpha[0]: 15.8153
2025-08-11 21:17:25,790 - DEBUG - Joint score for alpha[1]: 15.8863
2025-08-11 21:17:29,284 - DEBUG - Joint score for alpha[2]: 15.8931
2025-08-11 21:17:32,777 - DEBUG - Joint score for alpha[3]: 15.6658
2025-08-11 21:17:36,273 - DEBUG - Joint score for alpha[4]: 15.6888
2025-08-11 21:17:39,767 - DEBUG - Joint score for alpha[5]: 15.8805
2025-08-11 21:17:43,261 - DEBUG - Joint score for alpha[6]: 15.6692
2025-08-11 21:17:46,754 - DEBUG - Joint score for alpha[7]: 15.9263
2025-08-11 21:17:50,248 - DEBUG - Joint score for alpha[8]: 15.8319
2025-08-11 21:17:53,743 - DEBUG - Joint score for alpha[9]: 15.7072
2025-08-11 21:17:57,238 - DEBUG - Joint score for alpha[10]: 15.9208
2025-08-11 21:18:00,736 - DEBUG - Joint score for alpha[11]: 15.7498
2025-08-11 21:18:04,230 - DEBUG - Joint score for alpha[12]: 15.8566
2025-08-11 21:18:07,729 - DEBUG - Joint score for alpha[13]: 15.8950
2025-08-11 21:18:11,223 - DEBUG - Joint score for alpha[14]: 16.0588
2025-08-11 21:18:14,719 - DEBUG - Joint score for alpha[15]: 15.7825
2025-08-11 21:18:21,289 - DEBUG - Joint score for alpha[0]: 15.6838
2025-08-11 21:18:24,785 - DEBUG - Joint score for alpha[1]: 15.6968
2025-08-11 21:18:28,278 - DEBUG - Joint score for alpha[2]: 15.8899
2025-08-11 21:18:31,771 - DEBUG - Joint score for alpha[3]: 15.6880
2025-08-11 21:18:35,266 - DEBUG - Joint score for alpha[4]: 15.8803
2025-08-11 21:18:38,760 - DEBUG - Joint score for alpha[5]: 16.7531
2025-08-11 21:18:42,255 - DEBUG - Joint score for alpha[6]: 15.7436
2025-08-11 21:18:45,748 - DEBUG - Joint score for alpha[7]: 15.8439
2025-08-11 21:18:49,242 - DEBUG - Joint score for alpha[8]: 15.7833
2025-08-11 21:18:52,737 - DEBUG - Joint score for alpha[9]: 15.7089
2025-08-11 21:18:56,231 - DEBUG - Joint score for alpha[10]: 15.7380
2025-08-11 21:18:59,726 - DEBUG - Joint score for alpha[11]: 15.6647
2025-08-11 21:19:03,222 - DEBUG - Joint score for alpha[12]: 15.6015
2025-08-11 21:19:06,719 - DEBUG - Joint score for alpha[13]: 15.6973
2025-08-11 21:19:10,213 - DEBUG - Joint score for alpha[14]: 15.6731
2025-08-11 21:19:13,710 - DEBUG - Joint score for alpha[15]: 16.2808
2025-08-11 21:19:20,267 - DEBUG - Joint score for alpha[0]: 15.8716
2025-08-11 21:19:23,765 - DEBUG - Joint score for alpha[1]: 15.7078
2025-08-11 21:19:27,259 - DEBUG - Joint score for alpha[2]: 15.7248
2025-08-11 21:19:30,755 - DEBUG - Joint score for alpha[3]: 15.5812
2025-08-11 21:19:34,251 - DEBUG - Joint score for alpha[4]: 15.7272
2025-08-11 21:19:37,745 - DEBUG - Joint score for alpha[5]: 15.6760
2025-08-11 21:19:41,239 - DEBUG - Joint score for alpha[6]: 16.1192
2025-08-11 21:19:44,732 - DEBUG - Joint score for alpha[7]: 15.8333
2025-08-11 21:19:48,225 - DEBUG - Joint score for alpha[8]: 15.6569
2025-08-11 21:19:51,719 - DEBUG - Joint score for alpha[9]: 17.1675
2025-08-11 21:19:55,212 - DEBUG - Joint score for alpha[10]: 15.5984
2025-08-11 21:19:58,708 - DEBUG - Joint score for alpha[11]: 16.1578
2025-08-11 21:20:02,201 - DEBUG - Joint score for alpha[12]: 15.7176
2025-08-11 21:20:05,698 - DEBUG - Joint score for alpha[13]: 15.7590
2025-08-11 21:20:09,193 - DEBUG - Joint score for alpha[14]: 15.7539
2025-08-11 21:20:12,689 - DEBUG - Joint score for alpha[15]: 15.7639
2025-08-11 21:20:19,240 - DEBUG - Joint score for alpha[0]: 15.7441
2025-08-11 21:20:22,735 - DEBUG - Joint score for alpha[1]: 16.1694
2025-08-11 21:20:26,228 - DEBUG - Joint score for alpha[2]: 15.6589
2025-08-11 21:20:29,722 - DEBUG - Joint score for alpha[3]: 16.3307
2025-08-11 21:20:33,216 - DEBUG - Joint score for alpha[4]: 16.2681
2025-08-11 21:20:36,710 - DEBUG - Joint score for alpha[5]: 16.0186
2025-08-11 21:20:40,205 - DEBUG - Joint score for alpha[6]: 16.3219
2025-08-11 21:20:43,698 - DEBUG - Joint score for alpha[7]: 15.5564
2025-08-11 21:20:47,193 - DEBUG - Joint score for alpha[8]: 16.2405
2025-08-11 21:20:50,687 - DEBUG - Joint score for alpha[9]: 16.0487
2025-08-11 21:20:54,179 - DEBUG - Joint score for alpha[10]: 16.0683
2025-08-11 21:20:57,676 - DEBUG - Joint score for alpha[11]: 16.0807
2025-08-11 21:21:01,171 - DEBUG - Joint score for alpha[12]: 15.9190
2025-08-11 21:21:04,668 - DEBUG - Joint score for alpha[13]: 15.8406
2025-08-11 21:21:08,161 - DEBUG - Joint score for alpha[14]: 15.6991
2025-08-11 21:21:11,657 - DEBUG - Joint score for alpha[15]: 15.9411
2025-08-11 21:21:11,698 - INFO - Step 111/120: mean ENERGY=15.6181
2025-08-11 21:21:11,706 - DEBUG - Beginning Gibbs iteration s = 111
2025-08-11 21:21:18,289 - DEBUG - Joint score for alpha[0]: 18.1243
2025-08-11 21:21:21,783 - DEBUG - Joint score for alpha[1]: 17.7470
2025-08-11 21:21:25,277 - DEBUG - Joint score for alpha[2]: 15.7773
2025-08-11 21:21:28,771 - DEBUG - Joint score for alpha[3]: 16.0965
2025-08-11 21:21:32,265 - DEBUG - Joint score for alpha[4]: 17.9043
2025-08-11 21:21:35,758 - DEBUG - Joint score for alpha[5]: 16.3004
2025-08-11 21:21:39,252 - DEBUG - Joint score for alpha[6]: 15.7432
2025-08-11 21:21:42,745 - DEBUG - Joint score for alpha[7]: 18.4846
2025-08-11 21:21:46,240 - DEBUG - Joint score for alpha[8]: 15.6753
2025-08-11 21:21:49,733 - DEBUG - Joint score for alpha[9]: 15.9824
2025-08-11 21:21:53,226 - DEBUG - Joint score for alpha[10]: 16.7610
2025-08-11 21:21:56,721 - DEBUG - Joint score for alpha[11]: 16.0511
2025-08-11 21:22:00,214 - DEBUG - Joint score for alpha[12]: 16.0136
2025-08-11 21:22:03,709 - DEBUG - Joint score for alpha[13]: 16.0874
2025-08-11 21:22:07,202 - DEBUG - Joint score for alpha[14]: 16.1372
2025-08-11 21:22:10,695 - DEBUG - Joint score for alpha[15]: 19.5486
2025-08-11 21:22:17,242 - DEBUG - Joint score for alpha[0]: 15.9862
2025-08-11 21:22:20,738 - DEBUG - Joint score for alpha[1]: 16.0102
2025-08-11 21:22:24,475 - DEBUG - Joint score for alpha[2]: 15.6714
2025-08-11 21:22:27,966 - DEBUG - Joint score for alpha[3]: 15.6780
2025-08-11 21:22:31,457 - DEBUG - Joint score for alpha[4]: 15.8985
2025-08-11 21:22:34,949 - DEBUG - Joint score for alpha[5]: 15.9767
2025-08-11 21:22:38,443 - DEBUG - Joint score for alpha[6]: 15.8440
2025-08-11 21:22:41,934 - DEBUG - Joint score for alpha[7]: 15.8438
2025-08-11 21:22:45,425 - DEBUG - Joint score for alpha[8]: 15.9657
2025-08-11 21:22:48,918 - DEBUG - Joint score for alpha[9]: 15.8457
2025-08-11 21:22:52,410 - DEBUG - Joint score for alpha[10]: 15.8382
2025-08-11 21:22:55,903 - DEBUG - Joint score for alpha[11]: 15.8535
2025-08-11 21:22:59,393 - DEBUG - Joint score for alpha[12]: 15.8928
2025-08-11 21:23:02,886 - DEBUG - Joint score for alpha[13]: 15.8181
2025-08-11 21:23:06,378 - DEBUG - Joint score for alpha[14]: 15.8381
2025-08-11 21:23:09,870 - DEBUG - Joint score for alpha[15]: 15.7863
2025-08-11 21:23:16,600 - DEBUG - Joint score for alpha[0]: 15.9835
2025-08-11 21:23:20,095 - DEBUG - Joint score for alpha[1]: 15.7813
2025-08-11 21:23:23,586 - DEBUG - Joint score for alpha[2]: 15.8590
2025-08-11 21:23:27,077 - DEBUG - Joint score for alpha[3]: 16.0370
2025-08-11 21:23:30,569 - DEBUG - Joint score for alpha[4]: 15.7784
2025-08-11 21:23:34,059 - DEBUG - Joint score for alpha[5]: 15.8507
2025-08-11 21:23:37,552 - DEBUG - Joint score for alpha[6]: 15.8132
2025-08-11 21:23:41,041 - DEBUG - Joint score for alpha[7]: 15.7103
2025-08-11 21:23:44,533 - DEBUG - Joint score for alpha[8]: 15.9128
2025-08-11 21:23:48,025 - DEBUG - Joint score for alpha[9]: 15.8803
2025-08-11 21:23:51,518 - DEBUG - Joint score for alpha[10]: 15.7672
2025-08-11 21:23:55,011 - DEBUG - Joint score for alpha[11]: 16.0362
2025-08-11 21:23:58,503 - DEBUG - Joint score for alpha[12]: 15.8966
2025-08-11 21:24:01,998 - DEBUG - Joint score for alpha[13]: 15.9595
2025-08-11 21:24:05,490 - DEBUG - Joint score for alpha[14]: 15.8694
2025-08-11 21:24:08,981 - DEBUG - Joint score for alpha[15]: 15.6625
2025-08-11 21:24:15,539 - DEBUG - Joint score for alpha[0]: 15.8494
2025-08-11 21:24:19,034 - DEBUG - Joint score for alpha[1]: 15.9519
2025-08-11 21:24:22,530 - DEBUG - Joint score for alpha[2]: 15.9170
2025-08-11 21:24:26,022 - DEBUG - Joint score for alpha[3]: 17.0528
2025-08-11 21:24:29,514 - DEBUG - Joint score for alpha[4]: 15.7623
2025-08-11 21:24:33,004 - DEBUG - Joint score for alpha[5]: 18.3483
2025-08-11 21:24:36,498 - DEBUG - Joint score for alpha[6]: 15.8409
2025-08-11 21:24:39,989 - DEBUG - Joint score for alpha[7]: 15.7098
2025-08-11 21:24:43,480 - DEBUG - Joint score for alpha[8]: 15.9220
2025-08-11 21:24:46,973 - DEBUG - Joint score for alpha[9]: 15.9331
2025-08-11 21:24:50,464 - DEBUG - Joint score for alpha[10]: 15.9642
2025-08-11 21:24:53,957 - DEBUG - Joint score for alpha[11]: 15.9798
2025-08-11 21:24:57,450 - DEBUG - Joint score for alpha[12]: 16.0116
2025-08-11 21:25:00,945 - DEBUG - Joint score for alpha[13]: 15.9128
2025-08-11 21:25:04,435 - DEBUG - Joint score for alpha[14]: 15.7930
2025-08-11 21:25:07,928 - DEBUG - Joint score for alpha[15]: 16.1120
2025-08-11 21:25:14,447 - DEBUG - Joint score for alpha[0]: 16.9350
2025-08-11 21:25:17,943 - DEBUG - Joint score for alpha[1]: 16.4048
2025-08-11 21:25:21,437 - DEBUG - Joint score for alpha[2]: 16.9646
2025-08-11 21:25:24,927 - DEBUG - Joint score for alpha[3]: 16.8280
2025-08-11 21:25:28,420 - DEBUG - Joint score for alpha[4]: 16.9779
2025-08-11 21:25:31,910 - DEBUG - Joint score for alpha[5]: 16.3294
2025-08-11 21:25:35,402 - DEBUG - Joint score for alpha[6]: 16.0516
2025-08-11 21:25:38,892 - DEBUG - Joint score for alpha[7]: 16.1665
2025-08-11 21:25:42,383 - DEBUG - Joint score for alpha[8]: 16.6830
2025-08-11 21:25:45,875 - DEBUG - Joint score for alpha[9]: 15.7315
2025-08-11 21:25:49,364 - DEBUG - Joint score for alpha[10]: 20.3824
2025-08-11 21:25:52,856 - DEBUG - Joint score for alpha[11]: 15.7465
2025-08-11 21:25:56,347 - DEBUG - Joint score for alpha[12]: 16.5722
2025-08-11 21:25:59,842 - DEBUG - Joint score for alpha[13]: 15.9132
2025-08-11 21:26:03,334 - DEBUG - Joint score for alpha[14]: 16.1098
2025-08-11 21:26:06,826 - DEBUG - Joint score for alpha[15]: 16.1333
2025-08-11 21:26:06,867 - INFO - Step 112/120: mean ENERGY=15.6901
2025-08-11 21:26:06,874 - DEBUG - Beginning Gibbs iteration s = 112
2025-08-11 21:26:13,431 - DEBUG - Joint score for alpha[0]: 16.3880
2025-08-11 21:26:16,926 - DEBUG - Joint score for alpha[1]: 15.6660
2025-08-11 21:26:20,420 - DEBUG - Joint score for alpha[2]: 15.9790
2025-08-11 21:26:23,913 - DEBUG - Joint score for alpha[3]: 16.0782
2025-08-11 21:26:27,406 - DEBUG - Joint score for alpha[4]: 15.9694
2025-08-11 21:26:30,895 - DEBUG - Joint score for alpha[5]: 17.9441
2025-08-11 21:26:34,387 - DEBUG - Joint score for alpha[6]: 15.6927
2025-08-11 21:26:37,878 - DEBUG - Joint score for alpha[7]: 15.7318
2025-08-11 21:26:41,370 - DEBUG - Joint score for alpha[8]: 16.6010
2025-08-11 21:26:44,862 - DEBUG - Joint score for alpha[9]: 16.8754
2025-08-11 21:26:48,352 - DEBUG - Joint score for alpha[10]: 17.9972
2025-08-11 21:26:51,845 - DEBUG - Joint score for alpha[11]: 15.9955
2025-08-11 21:26:55,338 - DEBUG - Joint score for alpha[12]: 16.3583
2025-08-11 21:26:58,832 - DEBUG - Joint score for alpha[13]: 16.5836
2025-08-11 21:27:02,323 - DEBUG - Joint score for alpha[14]: 15.8597
2025-08-11 21:27:05,816 - DEBUG - Joint score for alpha[15]: 15.7950
2025-08-11 21:27:12,349 - DEBUG - Joint score for alpha[0]: 15.8630
2025-08-11 21:27:15,844 - DEBUG - Joint score for alpha[1]: 16.0078
2025-08-11 21:27:19,336 - DEBUG - Joint score for alpha[2]: 15.7373
2025-08-11 21:27:22,825 - DEBUG - Joint score for alpha[3]: 15.8571
2025-08-11 21:27:26,316 - DEBUG - Joint score for alpha[4]: 16.0105
2025-08-11 21:27:29,807 - DEBUG - Joint score for alpha[5]: 15.9766
2025-08-11 21:27:33,298 - DEBUG - Joint score for alpha[6]: 15.9396
2025-08-11 21:27:36,788 - DEBUG - Joint score for alpha[7]: 16.1929
2025-08-11 21:27:40,279 - DEBUG - Joint score for alpha[8]: 15.8011
2025-08-11 21:27:43,771 - DEBUG - Joint score for alpha[9]: 15.7637
2025-08-11 21:27:47,260 - DEBUG - Joint score for alpha[10]: 16.0446
2025-08-11 21:27:50,753 - DEBUG - Joint score for alpha[11]: 15.8004
2025-08-11 21:27:54,246 - DEBUG - Joint score for alpha[12]: 15.8602
2025-08-11 21:27:57,741 - DEBUG - Joint score for alpha[13]: 17.5235
2025-08-11 21:28:01,234 - DEBUG - Joint score for alpha[14]: 15.8240
2025-08-11 21:28:04,728 - DEBUG - Joint score for alpha[15]: 15.9061
2025-08-11 21:28:11,304 - DEBUG - Joint score for alpha[0]: 15.7258
2025-08-11 21:28:14,797 - DEBUG - Joint score for alpha[1]: 15.5598
2025-08-11 21:28:18,290 - DEBUG - Joint score for alpha[2]: 15.9852
2025-08-11 21:28:21,782 - DEBUG - Joint score for alpha[3]: 16.2656
2025-08-11 21:28:25,274 - DEBUG - Joint score for alpha[4]: 16.3722
2025-08-11 21:28:28,765 - DEBUG - Joint score for alpha[5]: 16.0975
2025-08-11 21:28:32,258 - DEBUG - Joint score for alpha[6]: 16.0960
2025-08-11 21:28:35,749 - DEBUG - Joint score for alpha[7]: 15.7970
2025-08-11 21:28:39,240 - DEBUG - Joint score for alpha[8]: 16.1230
2025-08-11 21:28:42,733 - DEBUG - Joint score for alpha[9]: 16.0433
2025-08-11 21:28:46,224 - DEBUG - Joint score for alpha[10]: 16.0286
2025-08-11 21:28:49,719 - DEBUG - Joint score for alpha[11]: 16.0349
2025-08-11 21:28:53,211 - DEBUG - Joint score for alpha[12]: 15.9297
2025-08-11 21:28:56,706 - DEBUG - Joint score for alpha[13]: 15.8568
2025-08-11 21:29:00,199 - DEBUG - Joint score for alpha[14]: 16.0993
2025-08-11 21:29:03,691 - DEBUG - Joint score for alpha[15]: 16.3700
2025-08-11 21:29:10,221 - DEBUG - Joint score for alpha[0]: 15.8209
2025-08-11 21:29:13,715 - DEBUG - Joint score for alpha[1]: 16.0129
2025-08-11 21:29:17,209 - DEBUG - Joint score for alpha[2]: 15.7869
2025-08-11 21:29:20,701 - DEBUG - Joint score for alpha[3]: 15.8377
2025-08-11 21:29:24,194 - DEBUG - Joint score for alpha[4]: 15.6192
2025-08-11 21:29:27,686 - DEBUG - Joint score for alpha[5]: 15.7691
2025-08-11 21:29:31,178 - DEBUG - Joint score for alpha[6]: 16.2701
2025-08-11 21:29:34,670 - DEBUG - Joint score for alpha[7]: 15.6631
2025-08-11 21:29:38,164 - DEBUG - Joint score for alpha[8]: 16.5318
2025-08-11 21:29:41,657 - DEBUG - Joint score for alpha[9]: 15.6695
2025-08-11 21:29:45,150 - DEBUG - Joint score for alpha[10]: 15.8344
2025-08-11 21:29:48,645 - DEBUG - Joint score for alpha[11]: 16.4395
2025-08-11 21:29:52,140 - DEBUG - Joint score for alpha[12]: 16.0179
2025-08-11 21:29:55,638 - DEBUG - Joint score for alpha[13]: 15.7250
2025-08-11 21:29:59,131 - DEBUG - Joint score for alpha[14]: 17.9478
2025-08-11 21:30:02,626 - DEBUG - Joint score for alpha[15]: 16.1257
2025-08-11 21:30:09,155 - DEBUG - Joint score for alpha[0]: 16.0683
2025-08-11 21:30:12,651 - DEBUG - Joint score for alpha[1]: 15.6758
2025-08-11 21:30:16,144 - DEBUG - Joint score for alpha[2]: 15.7308
2025-08-11 21:30:19,636 - DEBUG - Joint score for alpha[3]: 15.8626
2025-08-11 21:30:23,129 - DEBUG - Joint score for alpha[4]: 15.9422
2025-08-11 21:30:26,619 - DEBUG - Joint score for alpha[5]: 15.8925
2025-08-11 21:30:30,111 - DEBUG - Joint score for alpha[6]: 15.7792
2025-08-11 21:30:33,601 - DEBUG - Joint score for alpha[7]: 15.8409
2025-08-11 21:30:37,094 - DEBUG - Joint score for alpha[8]: 16.2204
2025-08-11 21:30:40,587 - DEBUG - Joint score for alpha[9]: 15.9012
2025-08-11 21:30:44,079 - DEBUG - Joint score for alpha[10]: 15.7328
2025-08-11 21:30:47,571 - DEBUG - Joint score for alpha[11]: 16.5462
2025-08-11 21:30:51,064 - DEBUG - Joint score for alpha[12]: 15.7336
2025-08-11 21:30:54,558 - DEBUG - Joint score for alpha[13]: 16.2929
2025-08-11 21:30:58,048 - DEBUG - Joint score for alpha[14]: 15.8943
2025-08-11 21:31:01,540 - DEBUG - Joint score for alpha[15]: 16.1596
2025-08-11 21:31:01,581 - INFO - Step 113/120: mean ENERGY=15.6516
2025-08-11 21:31:01,586 - DEBUG - Beginning Gibbs iteration s = 113
2025-08-11 21:31:08,134 - DEBUG - Joint score for alpha[0]: 16.2497
2025-08-11 21:31:11,630 - DEBUG - Joint score for alpha[1]: 15.9453
2025-08-11 21:31:15,123 - DEBUG - Joint score for alpha[2]: 15.8216
2025-08-11 21:31:18,615 - DEBUG - Joint score for alpha[3]: 15.8282
2025-08-11 21:31:22,108 - DEBUG - Joint score for alpha[4]: 15.8267
2025-08-11 21:31:25,599 - DEBUG - Joint score for alpha[5]: 15.7884
2025-08-11 21:31:29,091 - DEBUG - Joint score for alpha[6]: 17.0132
2025-08-11 21:31:32,581 - DEBUG - Joint score for alpha[7]: 15.8845
2025-08-11 21:31:36,072 - DEBUG - Joint score for alpha[8]: 15.6385
2025-08-11 21:31:39,566 - DEBUG - Joint score for alpha[9]: 15.9085
2025-08-11 21:31:43,057 - DEBUG - Joint score for alpha[10]: 16.6709
2025-08-11 21:31:46,551 - DEBUG - Joint score for alpha[11]: 15.7847
2025-08-11 21:31:50,042 - DEBUG - Joint score for alpha[12]: 15.9004
2025-08-11 21:31:53,535 - DEBUG - Joint score for alpha[13]: 16.7422
2025-08-11 21:31:57,026 - DEBUG - Joint score for alpha[14]: 15.9848
2025-08-11 21:32:00,519 - DEBUG - Joint score for alpha[15]: 15.7100
2025-08-11 21:32:07,042 - DEBUG - Joint score for alpha[0]: 15.7188
2025-08-11 21:32:10,538 - DEBUG - Joint score for alpha[1]: 15.6425
2025-08-11 21:32:14,033 - DEBUG - Joint score for alpha[2]: 15.8031
2025-08-11 21:32:17,526 - DEBUG - Joint score for alpha[3]: 15.6619
2025-08-11 21:32:21,021 - DEBUG - Joint score for alpha[4]: 15.6058
2025-08-11 21:32:24,513 - DEBUG - Joint score for alpha[5]: 15.9332
2025-08-11 21:32:28,007 - DEBUG - Joint score for alpha[6]: 15.8609
2025-08-11 21:32:31,499 - DEBUG - Joint score for alpha[7]: 15.6670
2025-08-11 21:32:34,991 - DEBUG - Joint score for alpha[8]: 15.8801
2025-08-11 21:32:38,484 - DEBUG - Joint score for alpha[9]: 15.8021
2025-08-11 21:32:41,978 - DEBUG - Joint score for alpha[10]: 15.8851
2025-08-11 21:32:45,474 - DEBUG - Joint score for alpha[11]: 15.4899
2025-08-11 21:32:48,967 - DEBUG - Joint score for alpha[12]: 15.5342
2025-08-11 21:32:52,460 - DEBUG - Joint score for alpha[13]: 15.9390
2025-08-11 21:32:55,952 - DEBUG - Joint score for alpha[14]: 16.0450
2025-08-11 21:32:59,444 - DEBUG - Joint score for alpha[15]: 15.8728
2025-08-11 21:33:06,014 - DEBUG - Joint score for alpha[0]: 15.7514
2025-08-11 21:33:09,509 - DEBUG - Joint score for alpha[1]: 15.8567
2025-08-11 21:33:13,003 - DEBUG - Joint score for alpha[2]: 15.8214
2025-08-11 21:33:16,498 - DEBUG - Joint score for alpha[3]: 15.9223
2025-08-11 21:33:19,993 - DEBUG - Joint score for alpha[4]: 15.6845
2025-08-11 21:33:23,486 - DEBUG - Joint score for alpha[5]: 15.7613
2025-08-11 21:33:26,980 - DEBUG - Joint score for alpha[6]: 15.8079
2025-08-11 21:33:30,472 - DEBUG - Joint score for alpha[7]: 15.7863
2025-08-11 21:33:33,964 - DEBUG - Joint score for alpha[8]: 15.9925
2025-08-11 21:33:37,457 - DEBUG - Joint score for alpha[9]: 15.6889
2025-08-11 21:33:40,949 - DEBUG - Joint score for alpha[10]: 15.5732
2025-08-11 21:33:44,443 - DEBUG - Joint score for alpha[11]: 15.7896
2025-08-11 21:33:47,934 - DEBUG - Joint score for alpha[12]: 15.5191
2025-08-11 21:33:51,429 - DEBUG - Joint score for alpha[13]: 15.6883
2025-08-11 21:33:54,921 - DEBUG - Joint score for alpha[14]: 15.8398
2025-08-11 21:33:58,414 - DEBUG - Joint score for alpha[15]: 16.0674
2025-08-11 21:34:04,967 - DEBUG - Joint score for alpha[0]: 15.7333
2025-08-11 21:34:08,463 - DEBUG - Joint score for alpha[1]: 15.8618
2025-08-11 21:34:11,954 - DEBUG - Joint score for alpha[2]: 15.8079
2025-08-11 21:34:15,446 - DEBUG - Joint score for alpha[3]: 16.0767
2025-08-11 21:34:18,938 - DEBUG - Joint score for alpha[4]: 15.5967
2025-08-11 21:34:22,429 - DEBUG - Joint score for alpha[5]: 15.6830
2025-08-11 21:34:25,921 - DEBUG - Joint score for alpha[6]: 15.6293
2025-08-11 21:34:29,412 - DEBUG - Joint score for alpha[7]: 16.1588
2025-08-11 21:34:32,904 - DEBUG - Joint score for alpha[8]: 15.8291
2025-08-11 21:34:36,399 - DEBUG - Joint score for alpha[9]: 15.9539
2025-08-11 21:34:39,891 - DEBUG - Joint score for alpha[10]: 15.9926
2025-08-11 21:34:43,384 - DEBUG - Joint score for alpha[11]: 15.6587
2025-08-11 21:34:46,876 - DEBUG - Joint score for alpha[12]: 15.8313
2025-08-11 21:34:50,370 - DEBUG - Joint score for alpha[13]: 15.7193
2025-08-11 21:34:53,861 - DEBUG - Joint score for alpha[14]: 16.0583
2025-08-11 21:34:57,353 - DEBUG - Joint score for alpha[15]: 15.6444
2025-08-11 21:35:03,906 - DEBUG - Joint score for alpha[0]: 16.0811
2025-08-11 21:35:07,403 - DEBUG - Joint score for alpha[1]: 15.9045
2025-08-11 21:35:10,898 - DEBUG - Joint score for alpha[2]: 15.7771
2025-08-11 21:35:14,394 - DEBUG - Joint score for alpha[3]: 15.9603
2025-08-11 21:35:17,889 - DEBUG - Joint score for alpha[4]: 15.7475
2025-08-11 21:35:21,383 - DEBUG - Joint score for alpha[5]: 15.7368
2025-08-11 21:35:24,879 - DEBUG - Joint score for alpha[6]: 15.9961
2025-08-11 21:35:28,374 - DEBUG - Joint score for alpha[7]: 16.0494
2025-08-11 21:35:31,868 - DEBUG - Joint score for alpha[8]: 15.7191
2025-08-11 21:35:35,362 - DEBUG - Joint score for alpha[9]: 15.6699
2025-08-11 21:35:38,854 - DEBUG - Joint score for alpha[10]: 15.7628
2025-08-11 21:35:42,346 - DEBUG - Joint score for alpha[11]: 15.6951
2025-08-11 21:35:45,839 - DEBUG - Joint score for alpha[12]: 15.8338
2025-08-11 21:35:49,333 - DEBUG - Joint score for alpha[13]: 15.9963
2025-08-11 21:35:52,823 - DEBUG - Joint score for alpha[14]: 15.8336
2025-08-11 21:35:56,315 - DEBUG - Joint score for alpha[15]: 15.8170
2025-08-11 21:35:56,356 - INFO - Step 114/120: mean ENERGY=15.5828
2025-08-11 21:35:56,362 - DEBUG - Beginning Gibbs iteration s = 114
2025-08-11 21:36:02,982 - DEBUG - Joint score for alpha[0]: 15.9792
2025-08-11 21:36:06,477 - DEBUG - Joint score for alpha[1]: 15.8118
2025-08-11 21:36:09,971 - DEBUG - Joint score for alpha[2]: 16.5284
2025-08-11 21:36:13,463 - DEBUG - Joint score for alpha[3]: 15.8344
2025-08-11 21:36:16,957 - DEBUG - Joint score for alpha[4]: 16.0205
2025-08-11 21:36:20,448 - DEBUG - Joint score for alpha[5]: 15.8062
2025-08-11 21:36:23,940 - DEBUG - Joint score for alpha[6]: 15.8147
2025-08-11 21:36:27,432 - DEBUG - Joint score for alpha[7]: 17.5109
2025-08-11 21:36:30,925 - DEBUG - Joint score for alpha[8]: 15.9065
2025-08-11 21:36:34,419 - DEBUG - Joint score for alpha[9]: 16.3003
2025-08-11 21:36:37,909 - DEBUG - Joint score for alpha[10]: 15.7429
2025-08-11 21:36:41,401 - DEBUG - Joint score for alpha[11]: 15.9167
2025-08-11 21:36:44,893 - DEBUG - Joint score for alpha[12]: 15.9029
2025-08-11 21:36:48,386 - DEBUG - Joint score for alpha[13]: 16.7771
2025-08-11 21:36:51,876 - DEBUG - Joint score for alpha[14]: 15.7390
2025-08-11 21:36:55,367 - DEBUG - Joint score for alpha[15]: 16.1838
2025-08-11 21:37:01,945 - DEBUG - Joint score for alpha[0]: 16.3137
2025-08-11 21:37:05,442 - DEBUG - Joint score for alpha[1]: 15.6703
2025-08-11 21:37:08,937 - DEBUG - Joint score for alpha[2]: 15.8912
2025-08-11 21:37:12,432 - DEBUG - Joint score for alpha[3]: 15.8759
2025-08-11 21:37:15,926 - DEBUG - Joint score for alpha[4]: 15.8095
2025-08-11 21:37:19,418 - DEBUG - Joint score for alpha[5]: 15.7604
2025-08-11 21:37:22,912 - DEBUG - Joint score for alpha[6]: 15.9122
2025-08-11 21:37:26,406 - DEBUG - Joint score for alpha[7]: 15.8170
2025-08-11 21:37:29,898 - DEBUG - Joint score for alpha[8]: 15.7067
2025-08-11 21:37:33,394 - DEBUG - Joint score for alpha[9]: 15.8459
2025-08-11 21:37:36,885 - DEBUG - Joint score for alpha[10]: 15.8931
2025-08-11 21:37:40,378 - DEBUG - Joint score for alpha[11]: 15.7034
2025-08-11 21:37:43,870 - DEBUG - Joint score for alpha[12]: 15.7668
2025-08-11 21:37:47,365 - DEBUG - Joint score for alpha[13]: 16.0288
2025-08-11 21:37:50,858 - DEBUG - Joint score for alpha[14]: 16.0500
2025-08-11 21:37:54,351 - DEBUG - Joint score for alpha[15]: 15.7501
2025-08-11 21:38:00,906 - DEBUG - Joint score for alpha[0]: 15.7867
2025-08-11 21:38:04,402 - DEBUG - Joint score for alpha[1]: 15.8817
2025-08-11 21:38:07,895 - DEBUG - Joint score for alpha[2]: 15.7248
2025-08-11 21:38:11,389 - DEBUG - Joint score for alpha[3]: 15.7654
2025-08-11 21:38:14,884 - DEBUG - Joint score for alpha[4]: 15.9726
2025-08-11 21:38:18,376 - DEBUG - Joint score for alpha[5]: 15.7743
2025-08-11 21:38:21,869 - DEBUG - Joint score for alpha[6]: 16.0901
2025-08-11 21:38:25,361 - DEBUG - Joint score for alpha[7]: 15.9295
2025-08-11 21:38:28,854 - DEBUG - Joint score for alpha[8]: 16.0088
2025-08-11 21:38:32,348 - DEBUG - Joint score for alpha[9]: 15.9690
2025-08-11 21:38:35,840 - DEBUG - Joint score for alpha[10]: 15.9171
2025-08-11 21:38:39,335 - DEBUG - Joint score for alpha[11]: 15.7215
2025-08-11 21:38:42,829 - DEBUG - Joint score for alpha[12]: 16.4445
2025-08-11 21:38:46,325 - DEBUG - Joint score for alpha[13]: 15.6686
2025-08-11 21:38:49,819 - DEBUG - Joint score for alpha[14]: 16.0768
2025-08-11 21:38:53,314 - DEBUG - Joint score for alpha[15]: 15.9714
2025-08-11 21:38:59,864 - DEBUG - Joint score for alpha[0]: 15.7757
2025-08-11 21:39:03,359 - DEBUG - Joint score for alpha[1]: 16.1360
2025-08-11 21:39:06,852 - DEBUG - Joint score for alpha[2]: 16.0183
2025-08-11 21:39:10,345 - DEBUG - Joint score for alpha[3]: 16.1322
2025-08-11 21:39:13,838 - DEBUG - Joint score for alpha[4]: 15.9183
2025-08-11 21:39:17,329 - DEBUG - Joint score for alpha[5]: 15.8099
2025-08-11 21:39:20,823 - DEBUG - Joint score for alpha[6]: 15.9056
2025-08-11 21:39:24,316 - DEBUG - Joint score for alpha[7]: 15.8157
2025-08-11 21:39:27,810 - DEBUG - Joint score for alpha[8]: 16.0305
2025-08-11 21:39:31,305 - DEBUG - Joint score for alpha[9]: 15.9858
2025-08-11 21:39:34,797 - DEBUG - Joint score for alpha[10]: 15.8251
2025-08-11 21:39:38,291 - DEBUG - Joint score for alpha[11]: 16.1464
2025-08-11 21:39:41,784 - DEBUG - Joint score for alpha[12]: 16.0315
2025-08-11 21:39:45,280 - DEBUG - Joint score for alpha[13]: 16.0326
2025-08-11 21:39:48,773 - DEBUG - Joint score for alpha[14]: 15.7311
2025-08-11 21:39:52,266 - DEBUG - Joint score for alpha[15]: 16.8975
2025-08-11 21:39:58,818 - DEBUG - Joint score for alpha[0]: 15.7852
2025-08-11 21:40:02,311 - DEBUG - Joint score for alpha[1]: 15.8576
2025-08-11 21:40:05,803 - DEBUG - Joint score for alpha[2]: 15.8202
2025-08-11 21:40:09,297 - DEBUG - Joint score for alpha[3]: 15.7358
2025-08-11 21:40:12,790 - DEBUG - Joint score for alpha[4]: 15.9385
2025-08-11 21:40:16,281 - DEBUG - Joint score for alpha[5]: 15.9402
2025-08-11 21:40:19,774 - DEBUG - Joint score for alpha[6]: 15.8548
2025-08-11 21:40:23,267 - DEBUG - Joint score for alpha[7]: 16.0494
2025-08-11 21:40:26,759 - DEBUG - Joint score for alpha[8]: 15.7871
2025-08-11 21:40:30,254 - DEBUG - Joint score for alpha[9]: 16.0214
2025-08-11 21:40:33,747 - DEBUG - Joint score for alpha[10]: 15.8846
2025-08-11 21:40:37,242 - DEBUG - Joint score for alpha[11]: 15.6664
2025-08-11 21:40:40,736 - DEBUG - Joint score for alpha[12]: 17.2133
2025-08-11 21:40:44,231 - DEBUG - Joint score for alpha[13]: 16.0253
2025-08-11 21:40:47,723 - DEBUG - Joint score for alpha[14]: 15.8218
2025-08-11 21:40:51,217 - DEBUG - Joint score for alpha[15]: 15.8456
2025-08-11 21:40:51,258 - INFO - Step 115/120: mean ENERGY=15.6951
2025-08-11 21:40:51,263 - DEBUG - Beginning Gibbs iteration s = 115
2025-08-11 21:40:58,020 - DEBUG - Joint score for alpha[0]: 16.0048
2025-08-11 21:41:01,517 - DEBUG - Joint score for alpha[1]: 16.4027
2025-08-11 21:41:05,011 - DEBUG - Joint score for alpha[2]: 15.9484
2025-08-11 21:41:08,507 - DEBUG - Joint score for alpha[3]: 16.4103
2025-08-11 21:41:12,001 - DEBUG - Joint score for alpha[4]: 17.0495
2025-08-11 21:41:15,494 - DEBUG - Joint score for alpha[5]: 15.8476
2025-08-11 21:41:18,989 - DEBUG - Joint score for alpha[6]: 15.6612
2025-08-11 21:41:22,481 - DEBUG - Joint score for alpha[7]: 15.8945
2025-08-11 21:41:25,972 - DEBUG - Joint score for alpha[8]: 15.8057
2025-08-11 21:41:29,463 - DEBUG - Joint score for alpha[9]: 18.3846
2025-08-11 21:41:32,954 - DEBUG - Joint score for alpha[10]: 15.8930
2025-08-11 21:41:36,447 - DEBUG - Joint score for alpha[11]: 15.6657
2025-08-11 21:41:39,940 - DEBUG - Joint score for alpha[12]: 15.9648
2025-08-11 21:41:43,435 - DEBUG - Joint score for alpha[13]: 15.8891
2025-08-11 21:41:46,926 - DEBUG - Joint score for alpha[14]: 15.7346
2025-08-11 21:41:50,420 - DEBUG - Joint score for alpha[15]: 16.0055
2025-08-11 21:41:56,972 - DEBUG - Joint score for alpha[0]: 15.8113
2025-08-11 21:42:00,470 - DEBUG - Joint score for alpha[1]: 15.7187
2025-08-11 21:42:03,964 - DEBUG - Joint score for alpha[2]: 15.7923
2025-08-11 21:42:07,456 - DEBUG - Joint score for alpha[3]: 15.6900
2025-08-11 21:42:10,948 - DEBUG - Joint score for alpha[4]: 15.7278
2025-08-11 21:42:14,439 - DEBUG - Joint score for alpha[5]: 15.9101
2025-08-11 21:42:17,932 - DEBUG - Joint score for alpha[6]: 15.8751
2025-08-11 21:42:21,423 - DEBUG - Joint score for alpha[7]: 15.7635
2025-08-11 21:42:24,914 - DEBUG - Joint score for alpha[8]: 15.7569
2025-08-11 21:42:28,405 - DEBUG - Joint score for alpha[9]: 15.8414
2025-08-11 21:42:31,895 - DEBUG - Joint score for alpha[10]: 15.8625
2025-08-11 21:42:35,389 - DEBUG - Joint score for alpha[11]: 15.8651
2025-08-11 21:42:38,881 - DEBUG - Joint score for alpha[12]: 15.9812
2025-08-11 21:42:42,375 - DEBUG - Joint score for alpha[13]: 15.6649
2025-08-11 21:42:45,866 - DEBUG - Joint score for alpha[14]: 15.7351
2025-08-11 21:42:49,359 - DEBUG - Joint score for alpha[15]: 15.7140
2025-08-11 21:42:55,912 - DEBUG - Joint score for alpha[0]: 15.8728
2025-08-11 21:42:59,408 - DEBUG - Joint score for alpha[1]: 16.0328
2025-08-11 21:43:02,902 - DEBUG - Joint score for alpha[2]: 15.6176
2025-08-11 21:43:06,398 - DEBUG - Joint score for alpha[3]: 15.7183
2025-08-11 21:43:09,893 - DEBUG - Joint score for alpha[4]: 15.6818
2025-08-11 21:43:13,388 - DEBUG - Joint score for alpha[5]: 15.7550
2025-08-11 21:43:16,884 - DEBUG - Joint score for alpha[6]: 15.7674
2025-08-11 21:43:20,376 - DEBUG - Joint score for alpha[7]: 15.5367
2025-08-11 21:43:23,868 - DEBUG - Joint score for alpha[8]: 15.9635
2025-08-11 21:43:27,362 - DEBUG - Joint score for alpha[9]: 15.9289
2025-08-11 21:43:30,854 - DEBUG - Joint score for alpha[10]: 15.8233
2025-08-11 21:43:34,346 - DEBUG - Joint score for alpha[11]: 15.8486
2025-08-11 21:43:37,837 - DEBUG - Joint score for alpha[12]: 15.9455
2025-08-11 21:43:41,329 - DEBUG - Joint score for alpha[13]: 16.5198
2025-08-11 21:43:44,819 - DEBUG - Joint score for alpha[14]: 15.6902
2025-08-11 21:43:48,310 - DEBUG - Joint score for alpha[15]: 15.5512
2025-08-11 21:43:54,863 - DEBUG - Joint score for alpha[0]: 15.6986
2025-08-11 21:43:58,360 - DEBUG - Joint score for alpha[1]: 15.6235
2025-08-11 21:44:01,855 - DEBUG - Joint score for alpha[2]: 15.7672
2025-08-11 21:44:05,348 - DEBUG - Joint score for alpha[3]: 15.8964
2025-08-11 21:44:08,842 - DEBUG - Joint score for alpha[4]: 16.0298
2025-08-11 21:44:12,335 - DEBUG - Joint score for alpha[5]: 15.8662
2025-08-11 21:44:15,829 - DEBUG - Joint score for alpha[6]: 15.6752
2025-08-11 21:44:19,323 - DEBUG - Joint score for alpha[7]: 15.7140
2025-08-11 21:44:22,817 - DEBUG - Joint score for alpha[8]: 15.5981
2025-08-11 21:44:26,312 - DEBUG - Joint score for alpha[9]: 15.6381
2025-08-11 21:44:29,806 - DEBUG - Joint score for alpha[10]: 15.9752
2025-08-11 21:44:33,301 - DEBUG - Joint score for alpha[11]: 16.3027
2025-08-11 21:44:36,795 - DEBUG - Joint score for alpha[12]: 16.0256
2025-08-11 21:44:40,291 - DEBUG - Joint score for alpha[13]: 15.8542
2025-08-11 21:44:43,784 - DEBUG - Joint score for alpha[14]: 15.6621
2025-08-11 21:44:47,279 - DEBUG - Joint score for alpha[15]: 15.8156
2025-08-11 21:44:53,832 - DEBUG - Joint score for alpha[0]: 15.6662
2025-08-11 21:44:57,329 - DEBUG - Joint score for alpha[1]: 15.5858
2025-08-11 21:45:00,824 - DEBUG - Joint score for alpha[2]: 15.9734
2025-08-11 21:45:04,316 - DEBUG - Joint score for alpha[3]: 16.6872
2025-08-11 21:45:07,809 - DEBUG - Joint score for alpha[4]: 16.3538
2025-08-11 21:45:11,300 - DEBUG - Joint score for alpha[5]: 15.6181
2025-08-11 21:45:14,793 - DEBUG - Joint score for alpha[6]: 15.7029
2025-08-11 21:45:18,284 - DEBUG - Joint score for alpha[7]: 16.4407
2025-08-11 21:45:21,775 - DEBUG - Joint score for alpha[8]: 15.9215
2025-08-11 21:45:25,269 - DEBUG - Joint score for alpha[9]: 16.2542
2025-08-11 21:45:28,761 - DEBUG - Joint score for alpha[10]: 15.6832
2025-08-11 21:45:32,255 - DEBUG - Joint score for alpha[11]: 15.9234
2025-08-11 21:45:35,747 - DEBUG - Joint score for alpha[12]: 15.8965
2025-08-11 21:45:39,241 - DEBUG - Joint score for alpha[13]: 16.3475
2025-08-11 21:45:42,733 - DEBUG - Joint score for alpha[14]: 15.8082
2025-08-11 21:45:46,226 - DEBUG - Joint score for alpha[15]: 16.5092
2025-08-11 21:45:46,267 - INFO - Step 116/120: mean ENERGY=15.6093
2025-08-11 21:45:46,275 - DEBUG - Beginning Gibbs iteration s = 116
2025-08-11 21:45:52,874 - DEBUG - Joint score for alpha[0]: 15.8456
2025-08-11 21:45:56,370 - DEBUG - Joint score for alpha[1]: 15.8294
2025-08-11 21:45:59,865 - DEBUG - Joint score for alpha[2]: 16.9053
2025-08-11 21:46:03,359 - DEBUG - Joint score for alpha[3]: 15.7065
2025-08-11 21:46:06,853 - DEBUG - Joint score for alpha[4]: 16.8168
2025-08-11 21:46:10,346 - DEBUG - Joint score for alpha[5]: 16.4646
2025-08-11 21:46:13,839 - DEBUG - Joint score for alpha[6]: 16.0997
2025-08-11 21:46:17,331 - DEBUG - Joint score for alpha[7]: 15.8118
2025-08-11 21:46:20,824 - DEBUG - Joint score for alpha[8]: 16.0701
2025-08-11 21:46:24,320 - DEBUG - Joint score for alpha[9]: 15.9585
2025-08-11 21:46:27,815 - DEBUG - Joint score for alpha[10]: 15.8981
2025-08-11 21:46:31,311 - DEBUG - Joint score for alpha[11]: 16.8263
2025-08-11 21:46:34,805 - DEBUG - Joint score for alpha[12]: 17.6487
2025-08-11 21:46:38,300 - DEBUG - Joint score for alpha[13]: 16.7667
2025-08-11 21:46:41,791 - DEBUG - Joint score for alpha[14]: 15.7813
2025-08-11 21:46:45,283 - DEBUG - Joint score for alpha[15]: 16.3282
2025-08-11 21:46:51,829 - DEBUG - Joint score for alpha[0]: 15.8420
2025-08-11 21:46:55,325 - DEBUG - Joint score for alpha[1]: 15.8947
2025-08-11 21:46:58,820 - DEBUG - Joint score for alpha[2]: 16.1211
2025-08-11 21:47:02,314 - DEBUG - Joint score for alpha[3]: 15.7433
2025-08-11 21:47:05,808 - DEBUG - Joint score for alpha[4]: 15.9166
2025-08-11 21:47:09,301 - DEBUG - Joint score for alpha[5]: 15.7667
2025-08-11 21:47:12,795 - DEBUG - Joint score for alpha[6]: 15.9043
2025-08-11 21:47:16,289 - DEBUG - Joint score for alpha[7]: 15.7310
2025-08-11 21:47:19,783 - DEBUG - Joint score for alpha[8]: 15.9038
2025-08-11 21:47:23,278 - DEBUG - Joint score for alpha[9]: 15.6674
2025-08-11 21:47:26,768 - DEBUG - Joint score for alpha[10]: 15.8241
2025-08-11 21:47:30,261 - DEBUG - Joint score for alpha[11]: 15.9162
2025-08-11 21:47:33,753 - DEBUG - Joint score for alpha[12]: 15.7547
2025-08-11 21:47:37,248 - DEBUG - Joint score for alpha[13]: 16.0441
2025-08-11 21:47:40,738 - DEBUG - Joint score for alpha[14]: 16.6982
2025-08-11 21:47:44,230 - DEBUG - Joint score for alpha[15]: 15.9409
2025-08-11 21:47:50,780 - DEBUG - Joint score for alpha[0]: 15.7346
2025-08-11 21:47:54,276 - DEBUG - Joint score for alpha[1]: 15.7309
2025-08-11 21:47:57,768 - DEBUG - Joint score for alpha[2]: 15.7421
2025-08-11 21:48:01,261 - DEBUG - Joint score for alpha[3]: 16.2218
2025-08-11 21:48:04,755 - DEBUG - Joint score for alpha[4]: 15.9212
2025-08-11 21:48:08,247 - DEBUG - Joint score for alpha[5]: 15.8208
2025-08-11 21:48:11,741 - DEBUG - Joint score for alpha[6]: 16.0359
2025-08-11 21:48:15,234 - DEBUG - Joint score for alpha[7]: 15.8845
2025-08-11 21:48:18,727 - DEBUG - Joint score for alpha[8]: 15.8553
2025-08-11 21:48:22,222 - DEBUG - Joint score for alpha[9]: 15.6035
2025-08-11 21:48:25,714 - DEBUG - Joint score for alpha[10]: 15.5733
2025-08-11 21:48:29,209 - DEBUG - Joint score for alpha[11]: 15.7929
2025-08-11 21:48:32,702 - DEBUG - Joint score for alpha[12]: 15.6535
2025-08-11 21:48:36,197 - DEBUG - Joint score for alpha[13]: 15.7836
2025-08-11 21:48:39,688 - DEBUG - Joint score for alpha[14]: 15.7068
2025-08-11 21:48:43,183 - DEBUG - Joint score for alpha[15]: 15.7269
2025-08-11 21:48:49,731 - DEBUG - Joint score for alpha[0]: 15.6439
2025-08-11 21:48:53,228 - DEBUG - Joint score for alpha[1]: 15.8334
2025-08-11 21:48:56,723 - DEBUG - Joint score for alpha[2]: 15.8605
2025-08-11 21:49:00,218 - DEBUG - Joint score for alpha[3]: 15.9755
2025-08-11 21:49:03,712 - DEBUG - Joint score for alpha[4]: 15.5973
2025-08-11 21:49:07,203 - DEBUG - Joint score for alpha[5]: 15.7675
2025-08-11 21:49:10,697 - DEBUG - Joint score for alpha[6]: 15.8938
2025-08-11 21:49:14,190 - DEBUG - Joint score for alpha[7]: 15.8815
2025-08-11 21:49:17,683 - DEBUG - Joint score for alpha[8]: 17.2612
2025-08-11 21:49:21,176 - DEBUG - Joint score for alpha[9]: 16.5932
2025-08-11 21:49:24,669 - DEBUG - Joint score for alpha[10]: 15.7013
2025-08-11 21:49:28,164 - DEBUG - Joint score for alpha[11]: 18.6350
2025-08-11 21:49:31,658 - DEBUG - Joint score for alpha[12]: 15.7546
2025-08-11 21:49:35,154 - DEBUG - Joint score for alpha[13]: 15.8541
2025-08-11 21:49:38,648 - DEBUG - Joint score for alpha[14]: 16.3403
2025-08-11 21:49:42,144 - DEBUG - Joint score for alpha[15]: 15.8690
2025-08-11 21:49:48,698 - DEBUG - Joint score for alpha[0]: 16.3219
2025-08-11 21:49:52,194 - DEBUG - Joint score for alpha[1]: 15.7221
2025-08-11 21:49:55,687 - DEBUG - Joint score for alpha[2]: 15.8205
2025-08-11 21:49:59,180 - DEBUG - Joint score for alpha[3]: 15.7560
2025-08-11 21:50:02,674 - DEBUG - Joint score for alpha[4]: 16.0291
2025-08-11 21:50:06,167 - DEBUG - Joint score for alpha[5]: 15.9628
2025-08-11 21:50:09,660 - DEBUG - Joint score for alpha[6]: 15.6789
2025-08-11 21:50:13,152 - DEBUG - Joint score for alpha[7]: 15.8767
2025-08-11 21:50:16,644 - DEBUG - Joint score for alpha[8]: 18.8909
2025-08-11 21:50:20,139 - DEBUG - Joint score for alpha[9]: 15.9749
2025-08-11 21:50:23,631 - DEBUG - Joint score for alpha[10]: 15.8441
2025-08-11 21:50:27,126 - DEBUG - Joint score for alpha[11]: 15.7444
2025-08-11 21:50:30,619 - DEBUG - Joint score for alpha[12]: 15.8378
2025-08-11 21:50:34,113 - DEBUG - Joint score for alpha[13]: 15.8382
2025-08-11 21:50:37,605 - DEBUG - Joint score for alpha[14]: 15.7710
2025-08-11 21:50:41,099 - DEBUG - Joint score for alpha[15]: 16.0993
2025-08-11 21:50:41,140 - INFO - Step 117/120: mean ENERGY=15.6447
2025-08-11 21:50:41,145 - DEBUG - Beginning Gibbs iteration s = 117
2025-08-11 21:50:47,724 - DEBUG - Joint score for alpha[0]: 15.9646
2025-08-11 21:50:51,217 - DEBUG - Joint score for alpha[1]: 15.9412
2025-08-11 21:50:54,711 - DEBUG - Joint score for alpha[2]: 16.3711
2025-08-11 21:50:58,205 - DEBUG - Joint score for alpha[3]: 15.6811
2025-08-11 21:51:01,698 - DEBUG - Joint score for alpha[4]: 17.1438
2025-08-11 21:51:05,189 - DEBUG - Joint score for alpha[5]: 15.8572
2025-08-11 21:51:08,680 - DEBUG - Joint score for alpha[6]: 16.9572
2025-08-11 21:51:12,170 - DEBUG - Joint score for alpha[7]: 16.9433
2025-08-11 21:51:15,661 - DEBUG - Joint score for alpha[8]: 16.0048
2025-08-11 21:51:19,154 - DEBUG - Joint score for alpha[9]: 15.9930
2025-08-11 21:51:22,646 - DEBUG - Joint score for alpha[10]: 19.4164
2025-08-11 21:51:26,140 - DEBUG - Joint score for alpha[11]: 16.1897
2025-08-11 21:51:29,632 - DEBUG - Joint score for alpha[12]: 16.2289
2025-08-11 21:51:33,126 - DEBUG - Joint score for alpha[13]: 16.0903
2025-08-11 21:51:36,618 - DEBUG - Joint score for alpha[14]: 16.3155
2025-08-11 21:51:40,111 - DEBUG - Joint score for alpha[15]: 16.1504
2025-08-11 21:51:46,663 - DEBUG - Joint score for alpha[0]: 15.9365
2025-08-11 21:51:50,160 - DEBUG - Joint score for alpha[1]: 16.0664
2025-08-11 21:51:53,655 - DEBUG - Joint score for alpha[2]: 15.9014
2025-08-11 21:51:57,149 - DEBUG - Joint score for alpha[3]: 15.8290
2025-08-11 21:52:00,644 - DEBUG - Joint score for alpha[4]: 15.9278
2025-08-11 21:52:04,138 - DEBUG - Joint score for alpha[5]: 15.8425
2025-08-11 21:52:07,633 - DEBUG - Joint score for alpha[6]: 16.3338
2025-08-11 21:52:11,126 - DEBUG - Joint score for alpha[7]: 16.0605
2025-08-11 21:52:14,619 - DEBUG - Joint score for alpha[8]: 16.0002
2025-08-11 21:52:18,115 - DEBUG - Joint score for alpha[9]: 16.0371
2025-08-11 21:52:21,606 - DEBUG - Joint score for alpha[10]: 16.0157
2025-08-11 21:52:25,100 - DEBUG - Joint score for alpha[11]: 16.0858
2025-08-11 21:52:28,594 - DEBUG - Joint score for alpha[12]: 16.0442
2025-08-11 21:52:32,089 - DEBUG - Joint score for alpha[13]: 15.8600
2025-08-11 21:52:35,580 - DEBUG - Joint score for alpha[14]: 15.7673
2025-08-11 21:52:39,074 - DEBUG - Joint score for alpha[15]: 16.2239
2025-08-11 21:52:45,593 - DEBUG - Joint score for alpha[0]: 15.9761
2025-08-11 21:52:49,090 - DEBUG - Joint score for alpha[1]: 16.0049
2025-08-11 21:52:52,584 - DEBUG - Joint score for alpha[2]: 15.7407
2025-08-11 21:52:56,076 - DEBUG - Joint score for alpha[3]: 16.4441
2025-08-11 21:52:59,571 - DEBUG - Joint score for alpha[4]: 15.7715
2025-08-11 21:53:03,063 - DEBUG - Joint score for alpha[5]: 15.8496
2025-08-11 21:53:06,556 - DEBUG - Joint score for alpha[6]: 15.9592
2025-08-11 21:53:10,048 - DEBUG - Joint score for alpha[7]: 16.1087
2025-08-11 21:53:13,540 - DEBUG - Joint score for alpha[8]: 15.9895
2025-08-11 21:53:17,033 - DEBUG - Joint score for alpha[9]: 15.9614
2025-08-11 21:53:20,524 - DEBUG - Joint score for alpha[10]: 16.2222
2025-08-11 21:53:24,018 - DEBUG - Joint score for alpha[11]: 15.8095
2025-08-11 21:53:27,510 - DEBUG - Joint score for alpha[12]: 15.7423
2025-08-11 21:53:31,004 - DEBUG - Joint score for alpha[13]: 15.8892
2025-08-11 21:53:34,494 - DEBUG - Joint score for alpha[14]: 15.8163
2025-08-11 21:53:37,987 - DEBUG - Joint score for alpha[15]: 15.8544
2025-08-11 21:53:44,556 - DEBUG - Joint score for alpha[0]: 15.8201
2025-08-11 21:53:48,053 - DEBUG - Joint score for alpha[1]: 15.9615
2025-08-11 21:53:51,548 - DEBUG - Joint score for alpha[2]: 15.8323
2025-08-11 21:53:55,043 - DEBUG - Joint score for alpha[3]: 15.9470
2025-08-11 21:53:58,538 - DEBUG - Joint score for alpha[4]: 16.0867
2025-08-11 21:54:02,032 - DEBUG - Joint score for alpha[5]: 15.8571
2025-08-11 21:54:05,527 - DEBUG - Joint score for alpha[6]: 15.7085
2025-08-11 21:54:09,021 - DEBUG - Joint score for alpha[7]: 15.8248
2025-08-11 21:54:12,515 - DEBUG - Joint score for alpha[8]: 15.8961
2025-08-11 21:54:16,011 - DEBUG - Joint score for alpha[9]: 16.0138
2025-08-11 21:54:19,505 - DEBUG - Joint score for alpha[10]: 15.9367
2025-08-11 21:54:23,001 - DEBUG - Joint score for alpha[11]: 16.6725
2025-08-11 21:54:26,496 - DEBUG - Joint score for alpha[12]: 16.0292
2025-08-11 21:54:29,993 - DEBUG - Joint score for alpha[13]: 15.9256
2025-08-11 21:54:33,485 - DEBUG - Joint score for alpha[14]: 16.5936
2025-08-11 21:54:36,979 - DEBUG - Joint score for alpha[15]: 16.8083
2025-08-11 21:54:43,535 - DEBUG - Joint score for alpha[0]: 15.7424
2025-08-11 21:54:47,032 - DEBUG - Joint score for alpha[1]: 16.0160
2025-08-11 21:54:50,525 - DEBUG - Joint score for alpha[2]: 15.9922
2025-08-11 21:54:54,017 - DEBUG - Joint score for alpha[3]: 15.9674
2025-08-11 21:54:57,511 - DEBUG - Joint score for alpha[4]: 15.8472
2025-08-11 21:55:01,004 - DEBUG - Joint score for alpha[5]: 15.9536
2025-08-11 21:55:04,498 - DEBUG - Joint score for alpha[6]: 16.1102
2025-08-11 21:55:07,991 - DEBUG - Joint score for alpha[7]: 15.7752
2025-08-11 21:55:11,485 - DEBUG - Joint score for alpha[8]: 16.0063
2025-08-11 21:55:14,979 - DEBUG - Joint score for alpha[9]: 15.8267
2025-08-11 21:55:18,471 - DEBUG - Joint score for alpha[10]: 15.7141
2025-08-11 21:55:21,967 - DEBUG - Joint score for alpha[11]: 16.1437
2025-08-11 21:55:25,461 - DEBUG - Joint score for alpha[12]: 15.8887
2025-08-11 21:55:28,956 - DEBUG - Joint score for alpha[13]: 16.0225
2025-08-11 21:55:32,449 - DEBUG - Joint score for alpha[14]: 16.3441
2025-08-11 21:55:35,944 - DEBUG - Joint score for alpha[15]: 15.7706
2025-08-11 21:55:35,985 - INFO - Step 118/120: mean ENERGY=15.7224
2025-08-11 21:55:35,992 - DEBUG - Beginning Gibbs iteration s = 118
2025-08-11 21:55:42,569 - DEBUG - Joint score for alpha[0]: 19.7139
2025-08-11 21:55:46,066 - DEBUG - Joint score for alpha[1]: 16.4979
2025-08-11 21:55:49,561 - DEBUG - Joint score for alpha[2]: 15.8609
2025-08-11 21:55:53,055 - DEBUG - Joint score for alpha[3]: 15.7547
2025-08-11 21:55:56,548 - DEBUG - Joint score for alpha[4]: 16.2555
2025-08-11 21:56:00,037 - DEBUG - Joint score for alpha[5]: 16.8207
2025-08-11 21:56:03,530 - DEBUG - Joint score for alpha[6]: 18.4710
2025-08-11 21:56:07,022 - DEBUG - Joint score for alpha[7]: 15.7509
2025-08-11 21:56:10,516 - DEBUG - Joint score for alpha[8]: 15.7436
2025-08-11 21:56:14,010 - DEBUG - Joint score for alpha[9]: 15.9171
2025-08-11 21:56:17,503 - DEBUG - Joint score for alpha[10]: 15.8778
2025-08-11 21:56:21,000 - DEBUG - Joint score for alpha[11]: 15.8090
2025-08-11 21:56:24,495 - DEBUG - Joint score for alpha[12]: 15.8563
2025-08-11 21:56:27,992 - DEBUG - Joint score for alpha[13]: 15.7054
2025-08-11 21:56:31,487 - DEBUG - Joint score for alpha[14]: 15.7974
2025-08-11 21:56:34,983 - DEBUG - Joint score for alpha[15]: 16.2685
2025-08-11 21:56:41,553 - DEBUG - Joint score for alpha[0]: 15.6897
2025-08-11 21:56:45,050 - DEBUG - Joint score for alpha[1]: 15.8483
2025-08-11 21:56:48,546 - DEBUG - Joint score for alpha[2]: 15.8103
2025-08-11 21:56:52,040 - DEBUG - Joint score for alpha[3]: 16.1543
2025-08-11 21:56:55,535 - DEBUG - Joint score for alpha[4]: 15.6591
2025-08-11 21:56:59,028 - DEBUG - Joint score for alpha[5]: 15.6376
2025-08-11 21:57:02,522 - DEBUG - Joint score for alpha[6]: 15.7302
2025-08-11 21:57:06,016 - DEBUG - Joint score for alpha[7]: 15.6966
2025-08-11 21:57:09,509 - DEBUG - Joint score for alpha[8]: 15.8596
2025-08-11 21:57:13,003 - DEBUG - Joint score for alpha[9]: 15.6571
2025-08-11 21:57:16,495 - DEBUG - Joint score for alpha[10]: 15.9730
2025-08-11 21:57:19,990 - DEBUG - Joint score for alpha[11]: 15.9633
2025-08-11 21:57:23,484 - DEBUG - Joint score for alpha[12]: 15.8433
2025-08-11 21:57:26,980 - DEBUG - Joint score for alpha[13]: 15.8708
2025-08-11 21:57:30,472 - DEBUG - Joint score for alpha[14]: 16.6901
2025-08-11 21:57:33,966 - DEBUG - Joint score for alpha[15]: 15.7530
2025-08-11 21:57:40,516 - DEBUG - Joint score for alpha[0]: 15.6444
2025-08-11 21:57:44,012 - DEBUG - Joint score for alpha[1]: 15.8041
2025-08-11 21:57:47,507 - DEBUG - Joint score for alpha[2]: 15.8202
2025-08-11 21:57:51,002 - DEBUG - Joint score for alpha[3]: 16.3928
2025-08-11 21:57:54,495 - DEBUG - Joint score for alpha[4]: 15.8459
2025-08-11 21:57:57,986 - DEBUG - Joint score for alpha[5]: 15.5299
2025-08-11 21:58:01,479 - DEBUG - Joint score for alpha[6]: 15.8616
2025-08-11 21:58:04,969 - DEBUG - Joint score for alpha[7]: 15.7656
2025-08-11 21:58:08,461 - DEBUG - Joint score for alpha[8]: 15.6566
2025-08-11 21:58:11,956 - DEBUG - Joint score for alpha[9]: 15.5959
2025-08-11 21:58:15,449 - DEBUG - Joint score for alpha[10]: 15.6041
2025-08-11 21:58:18,943 - DEBUG - Joint score for alpha[11]: 15.6646
2025-08-11 21:58:22,436 - DEBUG - Joint score for alpha[12]: 15.5998
2025-08-11 21:58:25,932 - DEBUG - Joint score for alpha[13]: 15.7159
2025-08-11 21:58:29,424 - DEBUG - Joint score for alpha[14]: 15.7843
2025-08-11 21:58:32,917 - DEBUG - Joint score for alpha[15]: 15.6487
2025-08-11 21:58:39,649 - DEBUG - Joint score for alpha[0]: 15.8348
2025-08-11 21:58:43,144 - DEBUG - Joint score for alpha[1]: 16.0382
2025-08-11 21:58:46,639 - DEBUG - Joint score for alpha[2]: 16.4216
2025-08-11 21:58:50,133 - DEBUG - Joint score for alpha[3]: 15.8085
2025-08-11 21:58:53,627 - DEBUG - Joint score for alpha[4]: 15.9639
2025-08-11 21:58:57,121 - DEBUG - Joint score for alpha[5]: 15.9110
2025-08-11 21:59:00,613 - DEBUG - Joint score for alpha[6]: 15.9201
2025-08-11 21:59:04,104 - DEBUG - Joint score for alpha[7]: 15.8474
2025-08-11 21:59:07,594 - DEBUG - Joint score for alpha[8]: 15.6484
2025-08-11 21:59:11,086 - DEBUG - Joint score for alpha[9]: 16.6221
2025-08-11 21:59:14,578 - DEBUG - Joint score for alpha[10]: 15.7257
2025-08-11 21:59:18,071 - DEBUG - Joint score for alpha[11]: 15.8107
2025-08-11 21:59:21,564 - DEBUG - Joint score for alpha[12]: 15.8094
2025-08-11 21:59:25,059 - DEBUG - Joint score for alpha[13]: 18.0125
2025-08-11 21:59:28,550 - DEBUG - Joint score for alpha[14]: 15.9851
2025-08-11 21:59:32,042 - DEBUG - Joint score for alpha[15]: 15.7890
2025-08-11 21:59:38,562 - DEBUG - Joint score for alpha[0]: 15.8457
2025-08-11 21:59:42,059 - DEBUG - Joint score for alpha[1]: 15.7851
2025-08-11 21:59:45,554 - DEBUG - Joint score for alpha[2]: 15.9787
2025-08-11 21:59:49,049 - DEBUG - Joint score for alpha[3]: 15.8064
2025-08-11 21:59:52,545 - DEBUG - Joint score for alpha[4]: 15.9759
2025-08-11 21:59:56,039 - DEBUG - Joint score for alpha[5]: 15.7871
2025-08-11 21:59:59,533 - DEBUG - Joint score for alpha[6]: 15.7835
2025-08-11 22:00:03,024 - DEBUG - Joint score for alpha[7]: 15.6866
2025-08-11 22:00:06,516 - DEBUG - Joint score for alpha[8]: 16.0773
2025-08-11 22:00:10,009 - DEBUG - Joint score for alpha[9]: 16.1132
2025-08-11 22:00:13,500 - DEBUG - Joint score for alpha[10]: 16.0186
2025-08-11 22:00:16,993 - DEBUG - Joint score for alpha[11]: 15.9833
2025-08-11 22:00:20,485 - DEBUG - Joint score for alpha[12]: 16.4364
2025-08-11 22:00:23,980 - DEBUG - Joint score for alpha[13]: 15.9606
2025-08-11 22:00:27,472 - DEBUG - Joint score for alpha[14]: 15.7503
2025-08-11 22:00:30,965 - DEBUG - Joint score for alpha[15]: 15.8215
2025-08-11 22:00:31,006 - INFO - Step 119/120: mean ENERGY=15.6416
2025-08-11 22:00:31,011 - DEBUG - Beginning Gibbs iteration s = 119
2025-08-11 22:00:37,591 - DEBUG - Joint score for alpha[0]: 18.3137
2025-08-11 22:00:41,087 - DEBUG - Joint score for alpha[1]: 15.7093
2025-08-11 22:00:44,580 - DEBUG - Joint score for alpha[2]: 15.6489
2025-08-11 22:00:48,072 - DEBUG - Joint score for alpha[3]: 15.6475
2025-08-11 22:00:51,565 - DEBUG - Joint score for alpha[4]: 16.1178
2025-08-11 22:00:55,057 - DEBUG - Joint score for alpha[5]: 15.5569
2025-08-11 22:00:58,549 - DEBUG - Joint score for alpha[6]: 16.5551
2025-08-11 22:01:02,040 - DEBUG - Joint score for alpha[7]: 15.7406
2025-08-11 22:01:05,533 - DEBUG - Joint score for alpha[8]: 17.3095
2025-08-11 22:01:09,026 - DEBUG - Joint score for alpha[9]: 15.7262
2025-08-11 22:01:12,516 - DEBUG - Joint score for alpha[10]: 15.9685
2025-08-11 22:01:16,008 - DEBUG - Joint score for alpha[11]: 16.4430
2025-08-11 22:01:19,500 - DEBUG - Joint score for alpha[12]: 15.7478
2025-08-11 22:01:22,994 - DEBUG - Joint score for alpha[13]: 16.0837
2025-08-11 22:01:26,486 - DEBUG - Joint score for alpha[14]: 15.9296
2025-08-11 22:01:29,979 - DEBUG - Joint score for alpha[15]: 15.7120
2025-08-11 22:01:36,534 - DEBUG - Joint score for alpha[0]: 15.7901
2025-08-11 22:01:40,031 - DEBUG - Joint score for alpha[1]: 15.7815
2025-08-11 22:01:43,526 - DEBUG - Joint score for alpha[2]: 17.5363
2025-08-11 22:01:47,018 - DEBUG - Joint score for alpha[3]: 16.0275
2025-08-11 22:01:50,511 - DEBUG - Joint score for alpha[4]: 16.0631
2025-08-11 22:01:54,002 - DEBUG - Joint score for alpha[5]: 15.7939
2025-08-11 22:01:57,495 - DEBUG - Joint score for alpha[6]: 15.6723
2025-08-11 22:02:00,988 - DEBUG - Joint score for alpha[7]: 15.9456
2025-08-11 22:02:04,480 - DEBUG - Joint score for alpha[8]: 15.6765
2025-08-11 22:02:07,974 - DEBUG - Joint score for alpha[9]: 15.6186
2025-08-11 22:02:11,465 - DEBUG - Joint score for alpha[10]: 15.9122
2025-08-11 22:02:14,959 - DEBUG - Joint score for alpha[11]: 15.8285
2025-08-11 22:02:18,452 - DEBUG - Joint score for alpha[12]: 15.6765
2025-08-11 22:02:21,948 - DEBUG - Joint score for alpha[13]: 15.6006
2025-08-11 22:02:25,440 - DEBUG - Joint score for alpha[14]: 15.7791
2025-08-11 22:02:28,933 - DEBUG - Joint score for alpha[15]: 16.0594
2025-08-11 22:02:35,452 - DEBUG - Joint score for alpha[0]: 15.5980
2025-08-11 22:02:38,949 - DEBUG - Joint score for alpha[1]: 15.8860
2025-08-11 22:02:42,443 - DEBUG - Joint score for alpha[2]: 15.7486
2025-08-11 22:02:45,936 - DEBUG - Joint score for alpha[3]: 15.5048
2025-08-11 22:02:49,431 - DEBUG - Joint score for alpha[4]: 16.1220
2025-08-11 22:02:52,923 - DEBUG - Joint score for alpha[5]: 15.6250
2025-08-11 22:02:56,417 - DEBUG - Joint score for alpha[6]: 15.8448
2025-08-11 22:02:59,910 - DEBUG - Joint score for alpha[7]: 15.6340
2025-08-11 22:03:03,403 - DEBUG - Joint score for alpha[8]: 15.7759
2025-08-11 22:03:06,899 - DEBUG - Joint score for alpha[9]: 15.6732
2025-08-11 22:03:10,394 - DEBUG - Joint score for alpha[10]: 15.7120
2025-08-11 22:03:13,890 - DEBUG - Joint score for alpha[11]: 15.4876
2025-08-11 22:03:17,382 - DEBUG - Joint score for alpha[12]: 15.5382
2025-08-11 22:03:20,878 - DEBUG - Joint score for alpha[13]: 15.5546
2025-08-11 22:03:24,372 - DEBUG - Joint score for alpha[14]: 15.7293
2025-08-11 22:03:27,867 - DEBUG - Joint score for alpha[15]: 15.7014
2025-08-11 22:03:34,448 - DEBUG - Joint score for alpha[0]: 16.0073
2025-08-11 22:03:37,944 - DEBUG - Joint score for alpha[1]: 15.7783
2025-08-11 22:03:41,439 - DEBUG - Joint score for alpha[2]: 15.8349
2025-08-11 22:03:44,931 - DEBUG - Joint score for alpha[3]: 17.3682
2025-08-11 22:03:48,424 - DEBUG - Joint score for alpha[4]: 15.6942
2025-08-11 22:03:51,914 - DEBUG - Joint score for alpha[5]: 15.9442
2025-08-11 22:03:55,406 - DEBUG - Joint score for alpha[6]: 15.6941
2025-08-11 22:03:58,898 - DEBUG - Joint score for alpha[7]: 15.6851
2025-08-11 22:04:02,392 - DEBUG - Joint score for alpha[8]: 15.7618
2025-08-11 22:04:05,886 - DEBUG - Joint score for alpha[9]: 15.7432
2025-08-11 22:04:09,377 - DEBUG - Joint score for alpha[10]: 15.7283
2025-08-11 22:04:12,871 - DEBUG - Joint score for alpha[11]: 15.7165
2025-08-11 22:04:16,362 - DEBUG - Joint score for alpha[12]: 15.5869
2025-08-11 22:04:19,855 - DEBUG - Joint score for alpha[13]: 15.7948
2025-08-11 22:04:23,347 - DEBUG - Joint score for alpha[14]: 15.8982
2025-08-11 22:04:26,841 - DEBUG - Joint score for alpha[15]: 15.7552
2025-08-11 22:04:33,400 - DEBUG - Joint score for alpha[0]: 15.6398
2025-08-11 22:04:36,896 - DEBUG - Joint score for alpha[1]: 15.6482
2025-08-11 22:04:40,391 - DEBUG - Joint score for alpha[2]: 15.7189
2025-08-11 22:04:43,885 - DEBUG - Joint score for alpha[3]: 15.7282
2025-08-11 22:04:47,380 - DEBUG - Joint score for alpha[4]: 15.7456
2025-08-11 22:04:50,873 - DEBUG - Joint score for alpha[5]: 15.9163
2025-08-11 22:04:54,366 - DEBUG - Joint score for alpha[6]: 16.1071
2025-08-11 22:04:57,858 - DEBUG - Joint score for alpha[7]: 16.2383
2025-08-11 22:05:01,350 - DEBUG - Joint score for alpha[8]: 15.8215
2025-08-11 22:05:04,843 - DEBUG - Joint score for alpha[9]: 15.7603
2025-08-11 22:05:08,335 - DEBUG - Joint score for alpha[10]: 15.9830
2025-08-11 22:05:11,830 - DEBUG - Joint score for alpha[11]: 16.7328
2025-08-11 22:05:15,322 - DEBUG - Joint score for alpha[12]: 15.8181
2025-08-11 22:05:18,817 - DEBUG - Joint score for alpha[13]: 16.0357
2025-08-11 22:05:22,308 - DEBUG - Joint score for alpha[14]: 15.9140
2025-08-11 22:05:25,802 - DEBUG - Joint score for alpha[15]: 15.7170
2025-08-11 22:05:25,843 - INFO - Step 120/120: mean ENERGY=15.5744
2025-08-11 22:05:25,850 - INFO - ABC-Gibbs sampling completed
2025-08-11 22:05:25,851 - INFO - Saving posterior results
2025-08-11 22:05:25,907 - INFO - ABC-Gibbs procedure completed successfully
2025-08-11 22:05:25,907 - INFO - Results saved to: results/2nd_run_conditional_gibbs_abc_2025-08-11T11:11:57Z
2025-08-11 22:05:25,990 - INFO - Memory cleanup completed
