2025-08-16 08:50:11,818 - INFO - --- Computing Configuration ---
2025-08-16 08:50:11,819 - INFO - Platform: Linux 4.18.0-477.27.1.el8_8.x86_64
2025-08-16 08:50:11,819 - INFO - Python version: 3.12.11
2025-08-16 08:50:11,819 - INFO - CUDA available: True
2025-08-16 08:50:11,860 - INFO - CUDA device count: 1
2025-08-16 08:50:11,865 - INFO - CUDA device name: NVIDIA L40S
2025-08-16 08:50:11,865 - INFO - CUDA device capability: (8, 9)
2025-08-16 08:50:11,865 - INFO - CUDA memory allocated: 0.00 GB
2025-08-16 08:50:11,865 - INFO - CUDA memory reserved: 0.00 GB
2025-08-16 08:50:11,865 - INFO - torch version: 2.7.1+cu126
2025-08-16 08:50:11,865 - INFO - Number of CPUs: 64
2025-08-16 08:50:11,865 - INFO - Physical CPU cores: 64
2025-08-16 08:50:11,865 - INFO - TORCH_NUM_THREADS: 1
2025-08-16 08:50:11,865 - INFO - N_WORKERS: 16
2025-08-16 08:50:11,865 - INFO - PARALLEL_BACKEND: thread
2025-08-16 08:50:11,866 - INFO - --------------------------------
2025-08-16 08:50:11,866 - INFO - Starting ABC-RFP procedure with device: cuda
2025-08-16 08:50:11,866 - INFO - Configuration: crps scoring, 120 steps, 50 ensemble size
2025-08-16 08:50:12,387 - INFO - Using temporal resampling: 100 samples per Gibbs step
2025-08-16 08:50:12,387 - INFO - Loading precomputed standardised ERA5 tensor
2025-08-16 08:50:12,557 - INFO - Beginning ABC-Gibbs inference with RFP perturbations
2025-08-16 08:50:30,096 - INFO - Using CRPS as discrepancy measure
2025-08-16 08:50:30,096 - INFO - Inference mode: conditional_gibbs
2025-08-16 08:50:31,167 - INFO - Created temporal metadata for 350640 time steps
2025-08-16 08:50:31,168 - INFO - Time range: 1979-01-01 00:00:00 to 2018-12-31 23:00:00
2025-08-16 08:50:31,168 - INFO - Seasonal RFP enabled with constraints:
2025-08-16 08:50:31,168 - INFO -   Day window: ±15 days
2025-08-16 08:50:31,168 - INFO -   Hour tolerance: ±0 hours
2025-08-16 08:50:31,168 - INFO -   Exclude same year: True
2025-08-16 08:50:31,168 - INFO -   Fallback to random: True
2025-08-16 08:50:31,168 - INFO - Temporal resampling enabled: 100 samples per step
2025-08-16 08:50:42,039 - DEBUG - Beginning Gibbs iteration s = 0
2025-08-16 08:50:52,806 - DEBUG - Calibrating batch size for input shape: torch.Size([100, 12, 32, 64])
2025-08-16 08:50:52,807 - INFO - Memory calibration (Free: 29.5GB/47.7GB)
2025-08-16 08:50:54,739 - WARNING - OOM retry 1/5, batch size: 28
2025-08-16 08:50:58,180 - DEBUG - Joint score for alpha[0]: 0.1743
2025-08-16 08:51:01,665 - DEBUG - Joint score for alpha[1]: 0.1462
2025-08-16 08:51:05,142 - DEBUG - Joint score for alpha[2]: 0.1497
2025-08-16 08:51:08,622 - DEBUG - Joint score for alpha[3]: 0.1440
2025-08-16 08:51:12,117 - DEBUG - Joint score for alpha[4]: 0.1754
2025-08-16 08:51:15,614 - DEBUG - Joint score for alpha[5]: 0.1546
2025-08-16 08:51:19,110 - DEBUG - Joint score for alpha[6]: 0.1728
2025-08-16 08:51:22,608 - DEBUG - Joint score for alpha[7]: 0.1534
2025-08-16 08:51:26,106 - DEBUG - Joint score for alpha[8]: 0.1527
2025-08-16 08:51:29,605 - DEBUG - Joint score for alpha[9]: 0.1434
2025-08-16 08:51:33,102 - DEBUG - Joint score for alpha[10]: 0.1480
2025-08-16 08:51:36,601 - DEBUG - Joint score for alpha[11]: 0.1439
2025-08-16 08:51:40,100 - DEBUG - Joint score for alpha[12]: 0.1488
2025-08-16 08:51:43,598 - DEBUG - Joint score for alpha[13]: 0.1502
2025-08-16 08:51:47,099 - DEBUG - Joint score for alpha[14]: 0.1547
2025-08-16 08:51:50,598 - DEBUG - Joint score for alpha[15]: 0.1726
2025-08-16 08:51:57,274 - DEBUG - Joint score for alpha[0]: 0.1319
2025-08-16 08:52:00,785 - DEBUG - Joint score for alpha[1]: 0.1333
2025-08-16 08:52:04,292 - DEBUG - Joint score for alpha[2]: 0.1294
2025-08-16 08:52:07,799 - DEBUG - Joint score for alpha[3]: 0.1392
2025-08-16 08:52:11,307 - DEBUG - Joint score for alpha[4]: 0.1302
2025-08-16 08:52:14,817 - DEBUG - Joint score for alpha[5]: 0.1434
2025-08-16 08:52:18,323 - DEBUG - Joint score for alpha[6]: 0.1285
2025-08-16 08:52:21,830 - DEBUG - Joint score for alpha[7]: 0.1302
2025-08-16 08:52:25,336 - DEBUG - Joint score for alpha[8]: 0.1306
2025-08-16 08:52:28,843 - DEBUG - Joint score for alpha[9]: 0.1428
2025-08-16 08:52:32,348 - DEBUG - Joint score for alpha[10]: 0.1335
2025-08-16 08:52:35,855 - DEBUG - Joint score for alpha[11]: 0.1310
2025-08-16 08:52:39,363 - DEBUG - Joint score for alpha[12]: 0.1285
2025-08-16 08:52:42,871 - DEBUG - Joint score for alpha[13]: 0.1285
2025-08-16 08:52:46,378 - DEBUG - Joint score for alpha[14]: 0.1381
2025-08-16 08:52:49,886 - DEBUG - Joint score for alpha[15]: 0.1309
2025-08-16 08:52:56,696 - DEBUG - Joint score for alpha[0]: 0.1185
2025-08-16 08:53:00,207 - DEBUG - Joint score for alpha[1]: 0.1173
2025-08-16 08:53:03,714 - DEBUG - Joint score for alpha[2]: 0.1188
2025-08-16 08:53:07,222 - DEBUG - Joint score for alpha[3]: 0.1212
2025-08-16 08:53:10,731 - DEBUG - Joint score for alpha[4]: 0.1179
2025-08-16 08:53:14,240 - DEBUG - Joint score for alpha[5]: 0.1180
2025-08-16 08:53:17,749 - DEBUG - Joint score for alpha[6]: 0.1192
2025-08-16 08:53:21,257 - DEBUG - Joint score for alpha[7]: 0.1177
2025-08-16 08:53:24,767 - DEBUG - Joint score for alpha[8]: 0.1196
2025-08-16 08:53:28,276 - DEBUG - Joint score for alpha[9]: 0.1177
2025-08-16 08:53:31,785 - DEBUG - Joint score for alpha[10]: 0.1171
2025-08-16 08:53:35,295 - DEBUG - Joint score for alpha[11]: 0.1228
2025-08-16 08:53:38,805 - DEBUG - Joint score for alpha[12]: 0.1178
2025-08-16 08:53:42,316 - DEBUG - Joint score for alpha[13]: 0.1183
2025-08-16 08:53:45,825 - DEBUG - Joint score for alpha[14]: 0.1181
2025-08-16 08:53:49,335 - DEBUG - Joint score for alpha[15]: 0.1188
2025-08-16 08:53:56,157 - DEBUG - Joint score for alpha[0]: 0.1062
2025-08-16 08:53:59,670 - DEBUG - Joint score for alpha[1]: 0.1070
2025-08-16 08:54:03,179 - DEBUG - Joint score for alpha[2]: 0.1075
2025-08-16 08:54:06,688 - DEBUG - Joint score for alpha[3]: 0.1073
2025-08-16 08:54:10,198 - DEBUG - Joint score for alpha[4]: 0.1063
2025-08-16 08:54:13,709 - DEBUG - Joint score for alpha[5]: 0.1058
2025-08-16 08:54:17,219 - DEBUG - Joint score for alpha[6]: 0.1066
2025-08-16 08:54:20,729 - DEBUG - Joint score for alpha[7]: 0.1077
2025-08-16 08:54:24,240 - DEBUG - Joint score for alpha[8]: 0.1110
2025-08-16 08:54:27,751 - DEBUG - Joint score for alpha[9]: 0.1086
2025-08-16 08:54:31,260 - DEBUG - Joint score for alpha[10]: 0.1060
2025-08-16 08:54:34,771 - DEBUG - Joint score for alpha[11]: 0.1066
2025-08-16 08:54:38,282 - DEBUG - Joint score for alpha[12]: 0.1101
2025-08-16 08:54:41,793 - DEBUG - Joint score for alpha[13]: 0.1075
2025-08-16 08:54:45,303 - DEBUG - Joint score for alpha[14]: 0.1091
2025-08-16 08:54:48,815 - DEBUG - Joint score for alpha[15]: 0.1063
2025-08-16 08:54:55,626 - DEBUG - Joint score for alpha[0]: 0.1102
2025-08-16 08:54:59,140 - DEBUG - Joint score for alpha[1]: 0.1066
2025-08-16 08:55:02,650 - DEBUG - Joint score for alpha[2]: 0.1050
2025-08-16 08:55:06,161 - DEBUG - Joint score for alpha[3]: 0.1042
2025-08-16 08:55:09,673 - DEBUG - Joint score for alpha[4]: 0.1065
2025-08-16 08:55:13,185 - DEBUG - Joint score for alpha[5]: 0.1033
2025-08-16 08:55:16,696 - DEBUG - Joint score for alpha[6]: 0.1034
2025-08-16 08:55:20,207 - DEBUG - Joint score for alpha[7]: 0.1043
2025-08-16 08:55:23,719 - DEBUG - Joint score for alpha[8]: 0.1034
2025-08-16 08:55:27,231 - DEBUG - Joint score for alpha[9]: 0.1055
2025-08-16 08:55:30,742 - DEBUG - Joint score for alpha[10]: 0.1052
2025-08-16 08:55:34,253 - DEBUG - Joint score for alpha[11]: 0.1053
2025-08-16 08:55:37,766 - DEBUG - Joint score for alpha[12]: 0.1060
2025-08-16 08:55:41,280 - DEBUG - Joint score for alpha[13]: 0.1061
2025-08-16 08:55:44,792 - DEBUG - Joint score for alpha[14]: 0.1084
2025-08-16 08:55:48,305 - DEBUG - Joint score for alpha[15]: 0.1113
2025-08-16 08:55:48,349 - INFO - Step 1/120: mean CRPS=0.1196
2025-08-16 08:55:48,461 - DEBUG - Beginning Gibbs iteration s = 1
2025-08-16 08:56:01,664 - DEBUG - Joint score for alpha[0]: 0.1184
2025-08-16 08:56:05,178 - DEBUG - Joint score for alpha[1]: 0.1038
2025-08-16 08:56:08,688 - DEBUG - Joint score for alpha[2]: 0.1193
2025-08-16 08:56:12,199 - DEBUG - Joint score for alpha[3]: 0.1164
2025-08-16 08:56:15,710 - DEBUG - Joint score for alpha[4]: 0.1032
2025-08-16 08:56:19,220 - DEBUG - Joint score for alpha[5]: 0.1036
2025-08-16 08:56:22,730 - DEBUG - Joint score for alpha[6]: 0.1193
2025-08-16 08:56:26,240 - DEBUG - Joint score for alpha[7]: 0.1035
2025-08-16 08:56:29,752 - DEBUG - Joint score for alpha[8]: 0.1071
2025-08-16 08:56:33,263 - DEBUG - Joint score for alpha[9]: 0.1153
2025-08-16 08:56:36,773 - DEBUG - Joint score for alpha[10]: 0.1276
2025-08-16 08:56:40,283 - DEBUG - Joint score for alpha[11]: 0.1037
2025-08-16 08:56:43,795 - DEBUG - Joint score for alpha[12]: 0.1094
2025-08-16 08:56:47,306 - DEBUG - Joint score for alpha[13]: 0.1030
2025-08-16 08:56:50,818 - DEBUG - Joint score for alpha[14]: 0.1257
2025-08-16 08:56:54,330 - DEBUG - Joint score for alpha[15]: 0.1421
2025-08-16 08:57:01,026 - DEBUG - Joint score for alpha[0]: 0.1044
2025-08-16 08:57:04,539 - DEBUG - Joint score for alpha[1]: 0.1049
2025-08-16 08:57:08,051 - DEBUG - Joint score for alpha[2]: 0.1032
2025-08-16 08:57:11,562 - DEBUG - Joint score for alpha[3]: 0.1031
2025-08-16 08:57:15,075 - DEBUG - Joint score for alpha[4]: 0.1051
2025-08-16 08:57:18,587 - DEBUG - Joint score for alpha[5]: 0.1214
2025-08-16 08:57:22,099 - DEBUG - Joint score for alpha[6]: 0.1041
2025-08-16 08:57:25,610 - DEBUG - Joint score for alpha[7]: 0.1038
2025-08-16 08:57:29,122 - DEBUG - Joint score for alpha[8]: 0.1036
2025-08-16 08:57:32,632 - DEBUG - Joint score for alpha[9]: 0.1051
2025-08-16 08:57:36,142 - DEBUG - Joint score for alpha[10]: 0.1029
2025-08-16 08:57:39,650 - DEBUG - Joint score for alpha[11]: 0.1094
2025-08-16 08:57:43,158 - DEBUG - Joint score for alpha[12]: 0.1103
2025-08-16 08:57:46,667 - DEBUG - Joint score for alpha[13]: 0.1033
2025-08-16 08:57:50,177 - DEBUG - Joint score for alpha[14]: 0.1058
2025-08-16 08:57:53,686 - DEBUG - Joint score for alpha[15]: 0.1035
2025-08-16 08:58:00,431 - DEBUG - Joint score for alpha[0]: 0.1031
2025-08-16 08:58:03,940 - DEBUG - Joint score for alpha[1]: 0.1030
2025-08-16 08:58:07,446 - DEBUG - Joint score for alpha[2]: 0.1218
2025-08-16 08:58:10,952 - DEBUG - Joint score for alpha[3]: 0.1073
2025-08-16 08:58:14,459 - DEBUG - Joint score for alpha[4]: 0.1029
2025-08-16 08:58:17,965 - DEBUG - Joint score for alpha[5]: 0.1029
2025-08-16 08:58:21,472 - DEBUG - Joint score for alpha[6]: 0.1046
2025-08-16 08:58:24,979 - DEBUG - Joint score for alpha[7]: 0.1032
2025-08-16 08:58:28,487 - DEBUG - Joint score for alpha[8]: 0.1028
2025-08-16 08:58:31,995 - DEBUG - Joint score for alpha[9]: 0.1026
2025-08-16 08:58:35,502 - DEBUG - Joint score for alpha[10]: 0.1046
2025-08-16 08:58:39,009 - DEBUG - Joint score for alpha[11]: 0.1033
2025-08-16 08:58:42,517 - DEBUG - Joint score for alpha[12]: 0.1136
2025-08-16 08:58:46,023 - DEBUG - Joint score for alpha[13]: 0.1032
2025-08-16 08:58:49,531 - DEBUG - Joint score for alpha[14]: 0.1034
2025-08-16 08:58:53,039 - DEBUG - Joint score for alpha[15]: 0.1040
2025-08-16 08:58:59,825 - DEBUG - Joint score for alpha[0]: 0.1028
2025-08-16 08:59:03,333 - DEBUG - Joint score for alpha[1]: 0.1024
2025-08-16 08:59:06,840 - DEBUG - Joint score for alpha[2]: 0.1058
2025-08-16 08:59:10,346 - DEBUG - Joint score for alpha[3]: 0.1027
2025-08-16 08:59:13,853 - DEBUG - Joint score for alpha[4]: 0.1022
2025-08-16 08:59:17,358 - DEBUG - Joint score for alpha[5]: 0.1024
2025-08-16 08:59:20,864 - DEBUG - Joint score for alpha[6]: 0.1019
2025-08-16 08:59:24,370 - DEBUG - Joint score for alpha[7]: 0.1017
2025-08-16 08:59:27,876 - DEBUG - Joint score for alpha[8]: 0.1019
2025-08-16 08:59:31,383 - DEBUG - Joint score for alpha[9]: 0.1024
2025-08-16 08:59:34,891 - DEBUG - Joint score for alpha[10]: 0.1018
2025-08-16 08:59:38,397 - DEBUG - Joint score for alpha[11]: 0.1022
2025-08-16 08:59:41,903 - DEBUG - Joint score for alpha[12]: 0.1029
2025-08-16 08:59:45,410 - DEBUG - Joint score for alpha[13]: 0.1036
2025-08-16 08:59:48,918 - DEBUG - Joint score for alpha[14]: 0.1035
2025-08-16 08:59:52,425 - DEBUG - Joint score for alpha[15]: 0.1029
2025-08-16 08:59:59,182 - DEBUG - Joint score for alpha[0]: 0.1027
2025-08-16 09:00:02,692 - DEBUG - Joint score for alpha[1]: 0.1059
2025-08-16 09:00:06,199 - DEBUG - Joint score for alpha[2]: 0.1022
2025-08-16 09:00:09,705 - DEBUG - Joint score for alpha[3]: 0.1058
2025-08-16 09:00:13,211 - DEBUG - Joint score for alpha[4]: 0.1019
2025-08-16 09:00:16,717 - DEBUG - Joint score for alpha[5]: 0.1015
2025-08-16 09:00:20,224 - DEBUG - Joint score for alpha[6]: 0.1027
2025-08-16 09:00:23,730 - DEBUG - Joint score for alpha[7]: 0.1038
2025-08-16 09:00:27,238 - DEBUG - Joint score for alpha[8]: 0.1048
2025-08-16 09:00:30,746 - DEBUG - Joint score for alpha[9]: 0.1024
2025-08-16 09:00:34,254 - DEBUG - Joint score for alpha[10]: 0.1097
2025-08-16 09:00:37,762 - DEBUG - Joint score for alpha[11]: 0.1025
2025-08-16 09:00:41,269 - DEBUG - Joint score for alpha[12]: 0.1034
2025-08-16 09:00:44,776 - DEBUG - Joint score for alpha[13]: 0.1022
2025-08-16 09:00:48,284 - DEBUG - Joint score for alpha[14]: 0.1019
2025-08-16 09:00:51,790 - DEBUG - Joint score for alpha[15]: 0.1028
2025-08-16 09:00:51,833 - INFO - Step 2/120: mean CRPS=0.1023
2025-08-16 09:00:51,836 - DEBUG - Beginning Gibbs iteration s = 2
2025-08-16 09:01:04,250 - DEBUG - Joint score for alpha[0]: 0.1067
2025-08-16 09:01:07,761 - DEBUG - Joint score for alpha[1]: 0.1272
2025-08-16 09:01:11,267 - DEBUG - Joint score for alpha[2]: 0.1562
2025-08-16 09:01:14,773 - DEBUG - Joint score for alpha[3]: 0.1269
2025-08-16 09:01:18,281 - DEBUG - Joint score for alpha[4]: 0.1032
2025-08-16 09:01:21,786 - DEBUG - Joint score for alpha[5]: 0.1086
2025-08-16 09:01:25,293 - DEBUG - Joint score for alpha[6]: 0.1050
2025-08-16 09:01:28,797 - DEBUG - Joint score for alpha[7]: 0.1194
2025-08-16 09:01:32,304 - DEBUG - Joint score for alpha[8]: 0.1439
2025-08-16 09:01:35,811 - DEBUG - Joint score for alpha[9]: 0.1073
2025-08-16 09:01:39,315 - DEBUG - Joint score for alpha[10]: 0.1049
2025-08-16 09:01:42,820 - DEBUG - Joint score for alpha[11]: 0.1028
2025-08-16 09:01:46,327 - DEBUG - Joint score for alpha[12]: 0.1069
2025-08-16 09:01:49,834 - DEBUG - Joint score for alpha[13]: 0.1026
2025-08-16 09:01:53,340 - DEBUG - Joint score for alpha[14]: 0.1284
2025-08-16 09:01:56,848 - DEBUG - Joint score for alpha[15]: 0.1256
2025-08-16 09:02:03,553 - DEBUG - Joint score for alpha[0]: 0.1045
2025-08-16 09:02:07,061 - DEBUG - Joint score for alpha[1]: 0.1037
2025-08-16 09:02:10,566 - DEBUG - Joint score for alpha[2]: 0.1029
2025-08-16 09:02:14,072 - DEBUG - Joint score for alpha[3]: 0.1022
2025-08-16 09:02:17,579 - DEBUG - Joint score for alpha[4]: 0.1028
2025-08-16 09:02:21,086 - DEBUG - Joint score for alpha[5]: 0.1037
2025-08-16 09:02:24,594 - DEBUG - Joint score for alpha[6]: 0.1173
2025-08-16 09:02:28,101 - DEBUG - Joint score for alpha[7]: 0.1050
2025-08-16 09:02:31,609 - DEBUG - Joint score for alpha[8]: 0.1025
2025-08-16 09:02:35,118 - DEBUG - Joint score for alpha[9]: 0.1022
2025-08-16 09:02:38,626 - DEBUG - Joint score for alpha[10]: 0.1019
2025-08-16 09:02:42,133 - DEBUG - Joint score for alpha[11]: 0.1100
2025-08-16 09:02:45,642 - DEBUG - Joint score for alpha[12]: 0.1070
2025-08-16 09:02:49,151 - DEBUG - Joint score for alpha[13]: 0.1031
2025-08-16 09:02:52,659 - DEBUG - Joint score for alpha[14]: 0.1082
2025-08-16 09:02:56,169 - DEBUG - Joint score for alpha[15]: 0.1023
2025-08-16 09:03:02,884 - DEBUG - Joint score for alpha[0]: 0.1030
2025-08-16 09:03:06,397 - DEBUG - Joint score for alpha[1]: 0.1034
2025-08-16 09:03:09,908 - DEBUG - Joint score for alpha[2]: 0.1034
2025-08-16 09:03:13,419 - DEBUG - Joint score for alpha[3]: 0.1066
2025-08-16 09:03:16,931 - DEBUG - Joint score for alpha[4]: 0.1033
2025-08-16 09:03:20,441 - DEBUG - Joint score for alpha[5]: 0.1025
2025-08-16 09:03:23,952 - DEBUG - Joint score for alpha[6]: 0.1031
2025-08-16 09:03:27,459 - DEBUG - Joint score for alpha[7]: 0.1027
2025-08-16 09:03:30,966 - DEBUG - Joint score for alpha[8]: 0.1030
2025-08-16 09:03:34,475 - DEBUG - Joint score for alpha[9]: 0.1030
2025-08-16 09:03:37,984 - DEBUG - Joint score for alpha[10]: 0.1046
2025-08-16 09:03:41,489 - DEBUG - Joint score for alpha[11]: 0.1048
2025-08-16 09:03:44,994 - DEBUG - Joint score for alpha[12]: 0.1026
2025-08-16 09:03:48,499 - DEBUG - Joint score for alpha[13]: 0.1025
2025-08-16 09:03:52,003 - DEBUG - Joint score for alpha[14]: 0.1023
2025-08-16 09:03:55,508 - DEBUG - Joint score for alpha[15]: 0.1034
2025-08-16 09:04:02,287 - DEBUG - Joint score for alpha[0]: 0.1042
2025-08-16 09:04:05,797 - DEBUG - Joint score for alpha[1]: 0.1027
2025-08-16 09:04:09,307 - DEBUG - Joint score for alpha[2]: 0.1035
2025-08-16 09:04:12,815 - DEBUG - Joint score for alpha[3]: 0.1032
2025-08-16 09:04:16,321 - DEBUG - Joint score for alpha[4]: 0.1029
2025-08-16 09:04:19,827 - DEBUG - Joint score for alpha[5]: 0.1034
2025-08-16 09:04:23,334 - DEBUG - Joint score for alpha[6]: 0.1028
2025-08-16 09:04:26,840 - DEBUG - Joint score for alpha[7]: 0.1044
2025-08-16 09:04:30,347 - DEBUG - Joint score for alpha[8]: 0.1028
2025-08-16 09:04:33,854 - DEBUG - Joint score for alpha[9]: 0.1023
2025-08-16 09:04:37,362 - DEBUG - Joint score for alpha[10]: 0.1025
2025-08-16 09:04:40,869 - DEBUG - Joint score for alpha[11]: 0.1034
2025-08-16 09:04:44,375 - DEBUG - Joint score for alpha[12]: 0.1088
2025-08-16 09:04:47,882 - DEBUG - Joint score for alpha[13]: 0.1032
2025-08-16 09:04:51,389 - DEBUG - Joint score for alpha[14]: 0.1029
2025-08-16 09:04:54,895 - DEBUG - Joint score for alpha[15]: 0.1027
2025-08-16 09:05:01,802 - DEBUG - Joint score for alpha[0]: 0.1025
2025-08-16 09:05:05,311 - DEBUG - Joint score for alpha[1]: 0.1026
2025-08-16 09:05:08,818 - DEBUG - Joint score for alpha[2]: 0.1021
2025-08-16 09:05:12,326 - DEBUG - Joint score for alpha[3]: 0.1032
2025-08-16 09:05:15,834 - DEBUG - Joint score for alpha[4]: 0.1022
2025-08-16 09:05:19,341 - DEBUG - Joint score for alpha[5]: 0.1033
2025-08-16 09:05:22,849 - DEBUG - Joint score for alpha[6]: 0.1076
2025-08-16 09:05:26,355 - DEBUG - Joint score for alpha[7]: 0.1037
2025-08-16 09:05:29,863 - DEBUG - Joint score for alpha[8]: 0.1025
2025-08-16 09:05:33,370 - DEBUG - Joint score for alpha[9]: 0.1024
2025-08-16 09:05:36,879 - DEBUG - Joint score for alpha[10]: 0.1050
2025-08-16 09:05:40,386 - DEBUG - Joint score for alpha[11]: 0.1029
2025-08-16 09:05:43,893 - DEBUG - Joint score for alpha[12]: 0.1027
2025-08-16 09:05:47,400 - DEBUG - Joint score for alpha[13]: 0.1102
2025-08-16 09:05:50,908 - DEBUG - Joint score for alpha[14]: 0.1023
2025-08-16 09:05:54,416 - DEBUG - Joint score for alpha[15]: 0.1032
2025-08-16 09:05:54,458 - INFO - Step 3/120: mean CRPS=0.1023
2025-08-16 09:05:54,463 - DEBUG - Beginning Gibbs iteration s = 3
2025-08-16 09:06:08,238 - DEBUG - Joint score for alpha[0]: 0.1021
2025-08-16 09:06:11,749 - DEBUG - Joint score for alpha[1]: 0.1043
2025-08-16 09:06:15,256 - DEBUG - Joint score for alpha[2]: 0.1061
2025-08-16 09:06:18,762 - DEBUG - Joint score for alpha[3]: 0.1148
2025-08-16 09:06:22,268 - DEBUG - Joint score for alpha[4]: 0.1149
2025-08-16 09:06:25,772 - DEBUG - Joint score for alpha[5]: 0.1078
2025-08-16 09:06:29,278 - DEBUG - Joint score for alpha[6]: 0.1035
2025-08-16 09:06:32,782 - DEBUG - Joint score for alpha[7]: 0.1187
2025-08-16 09:06:36,287 - DEBUG - Joint score for alpha[8]: 0.1083
2025-08-16 09:06:39,793 - DEBUG - Joint score for alpha[9]: 0.1029
2025-08-16 09:06:43,301 - DEBUG - Joint score for alpha[10]: 0.1023
2025-08-16 09:06:46,807 - DEBUG - Joint score for alpha[11]: 0.1036
2025-08-16 09:06:50,311 - DEBUG - Joint score for alpha[12]: 0.1050
2025-08-16 09:06:53,818 - DEBUG - Joint score for alpha[13]: 0.1203
2025-08-16 09:06:57,325 - DEBUG - Joint score for alpha[14]: 0.1061
2025-08-16 09:07:00,832 - DEBUG - Joint score for alpha[15]: 0.1087
2025-08-16 09:07:07,539 - DEBUG - Joint score for alpha[0]: 0.1023
2025-08-16 09:07:11,050 - DEBUG - Joint score for alpha[1]: 0.1022
2025-08-16 09:07:14,556 - DEBUG - Joint score for alpha[2]: 0.1026
2025-08-16 09:07:18,063 - DEBUG - Joint score for alpha[3]: 0.1031
2025-08-16 09:07:21,570 - DEBUG - Joint score for alpha[4]: 0.1025
2025-08-16 09:07:25,075 - DEBUG - Joint score for alpha[5]: 0.1026
2025-08-16 09:07:28,582 - DEBUG - Joint score for alpha[6]: 0.1049
2025-08-16 09:07:32,088 - DEBUG - Joint score for alpha[7]: 0.1018
2025-08-16 09:07:35,595 - DEBUG - Joint score for alpha[8]: 0.1056
2025-08-16 09:07:39,102 - DEBUG - Joint score for alpha[9]: 0.1085
2025-08-16 09:07:42,610 - DEBUG - Joint score for alpha[10]: 0.1024
2025-08-16 09:07:46,117 - DEBUG - Joint score for alpha[11]: 0.1070
2025-08-16 09:07:49,624 - DEBUG - Joint score for alpha[12]: 0.1057
2025-08-16 09:07:53,133 - DEBUG - Joint score for alpha[13]: 0.1031
2025-08-16 09:07:56,641 - DEBUG - Joint score for alpha[14]: 0.1033
2025-08-16 09:08:00,149 - DEBUG - Joint score for alpha[15]: 0.1031
2025-08-16 09:08:06,843 - DEBUG - Joint score for alpha[0]: 0.1023
2025-08-16 09:08:10,356 - DEBUG - Joint score for alpha[1]: 0.1025
2025-08-16 09:08:13,868 - DEBUG - Joint score for alpha[2]: 0.1025
2025-08-16 09:08:17,380 - DEBUG - Joint score for alpha[3]: 0.1029
2025-08-16 09:08:20,892 - DEBUG - Joint score for alpha[4]: 0.1051
2025-08-16 09:08:24,402 - DEBUG - Joint score for alpha[5]: 0.1053
2025-08-16 09:08:27,912 - DEBUG - Joint score for alpha[6]: 0.1022
2025-08-16 09:08:31,421 - DEBUG - Joint score for alpha[7]: 0.1038
2025-08-16 09:08:34,931 - DEBUG - Joint score for alpha[8]: 0.1027
2025-08-16 09:08:38,440 - DEBUG - Joint score for alpha[9]: 0.1096
2025-08-16 09:08:41,950 - DEBUG - Joint score for alpha[10]: 0.1027
2025-08-16 09:08:45,460 - DEBUG - Joint score for alpha[11]: 0.1026
2025-08-16 09:08:48,968 - DEBUG - Joint score for alpha[12]: 0.1023
2025-08-16 09:08:52,478 - DEBUG - Joint score for alpha[13]: 0.1020
2025-08-16 09:08:55,988 - DEBUG - Joint score for alpha[14]: 0.1027
2025-08-16 09:08:59,498 - DEBUG - Joint score for alpha[15]: 0.1037
2025-08-16 09:09:06,233 - DEBUG - Joint score for alpha[0]: 0.1035
2025-08-16 09:09:09,744 - DEBUG - Joint score for alpha[1]: 0.1033
2025-08-16 09:09:13,253 - DEBUG - Joint score for alpha[2]: 0.1024
2025-08-16 09:09:16,763 - DEBUG - Joint score for alpha[3]: 0.1025
2025-08-16 09:09:20,274 - DEBUG - Joint score for alpha[4]: 0.1025
2025-08-16 09:09:23,782 - DEBUG - Joint score for alpha[5]: 0.1024
2025-08-16 09:09:27,291 - DEBUG - Joint score for alpha[6]: 0.1020
2025-08-16 09:09:30,800 - DEBUG - Joint score for alpha[7]: 0.1039
2025-08-16 09:09:34,309 - DEBUG - Joint score for alpha[8]: 0.1041
2025-08-16 09:09:37,819 - DEBUG - Joint score for alpha[9]: 0.1037
2025-08-16 09:09:41,331 - DEBUG - Joint score for alpha[10]: 0.1019
2025-08-16 09:09:44,840 - DEBUG - Joint score for alpha[11]: 0.1040
2025-08-16 09:09:48,348 - DEBUG - Joint score for alpha[12]: 0.1023
2025-08-16 09:09:51,854 - DEBUG - Joint score for alpha[13]: 0.1026
2025-08-16 09:09:55,362 - DEBUG - Joint score for alpha[14]: 0.1031
2025-08-16 09:09:58,868 - DEBUG - Joint score for alpha[15]: 0.1031
2025-08-16 09:10:05,563 - DEBUG - Joint score for alpha[0]: 0.1038
2025-08-16 09:10:09,075 - DEBUG - Joint score for alpha[1]: 0.1059
2025-08-16 09:10:12,581 - DEBUG - Joint score for alpha[2]: 0.1031
2025-08-16 09:10:16,088 - DEBUG - Joint score for alpha[3]: 0.1070
2025-08-16 09:10:19,595 - DEBUG - Joint score for alpha[4]: 0.1060
2025-08-16 09:10:23,101 - DEBUG - Joint score for alpha[5]: 0.1073
2025-08-16 09:10:26,609 - DEBUG - Joint score for alpha[6]: 0.1065
2025-08-16 09:10:30,115 - DEBUG - Joint score for alpha[7]: 0.1038
2025-08-16 09:10:33,622 - DEBUG - Joint score for alpha[8]: 0.1023
2025-08-16 09:10:37,129 - DEBUG - Joint score for alpha[9]: 0.1053
2025-08-16 09:10:40,635 - DEBUG - Joint score for alpha[10]: 0.1069
2025-08-16 09:10:44,141 - DEBUG - Joint score for alpha[11]: 0.1074
2025-08-16 09:10:47,647 - DEBUG - Joint score for alpha[12]: 0.1027
2025-08-16 09:10:51,153 - DEBUG - Joint score for alpha[13]: 0.1064
2025-08-16 09:10:54,660 - DEBUG - Joint score for alpha[14]: 0.1030
2025-08-16 09:10:58,167 - DEBUG - Joint score for alpha[15]: 0.1065
2025-08-16 09:10:58,211 - INFO - Step 4/120: mean CRPS=0.1020
2025-08-16 09:10:58,215 - DEBUG - Beginning Gibbs iteration s = 4
2025-08-16 09:11:10,340 - DEBUG - Joint score for alpha[0]: 0.1025
2025-08-16 09:11:13,851 - DEBUG - Joint score for alpha[1]: 0.1117
2025-08-16 09:11:17,360 - DEBUG - Joint score for alpha[2]: 0.1224
2025-08-16 09:11:20,868 - DEBUG - Joint score for alpha[3]: 0.1033
2025-08-16 09:11:24,378 - DEBUG - Joint score for alpha[4]: 0.1035
2025-08-16 09:11:27,886 - DEBUG - Joint score for alpha[5]: 0.1174
2025-08-16 09:11:31,393 - DEBUG - Joint score for alpha[6]: 0.1068
2025-08-16 09:11:34,897 - DEBUG - Joint score for alpha[7]: 0.1033
2025-08-16 09:11:38,403 - DEBUG - Joint score for alpha[8]: 0.1022
2025-08-16 09:11:41,910 - DEBUG - Joint score for alpha[9]: 0.1060
2025-08-16 09:11:45,418 - DEBUG - Joint score for alpha[10]: 0.1311
2025-08-16 09:11:48,926 - DEBUG - Joint score for alpha[11]: 0.1027
2025-08-16 09:11:52,433 - DEBUG - Joint score for alpha[12]: 0.1093
2025-08-16 09:11:55,941 - DEBUG - Joint score for alpha[13]: 0.1022
2025-08-16 09:11:59,448 - DEBUG - Joint score for alpha[14]: 0.1025
2025-08-16 09:12:02,955 - DEBUG - Joint score for alpha[15]: 0.1097
2025-08-16 09:12:09,668 - DEBUG - Joint score for alpha[0]: 0.1034
2025-08-16 09:12:13,180 - DEBUG - Joint score for alpha[1]: 0.1029
2025-08-16 09:12:16,689 - DEBUG - Joint score for alpha[2]: 0.1050
2025-08-16 09:12:20,196 - DEBUG - Joint score for alpha[3]: 0.1076
2025-08-16 09:12:23,704 - DEBUG - Joint score for alpha[4]: 0.1024
2025-08-16 09:12:27,209 - DEBUG - Joint score for alpha[5]: 0.1022
2025-08-16 09:12:30,716 - DEBUG - Joint score for alpha[6]: 0.1087
2025-08-16 09:12:34,222 - DEBUG - Joint score for alpha[7]: 0.1045
2025-08-16 09:12:37,728 - DEBUG - Joint score for alpha[8]: 0.1025
2025-08-16 09:12:41,238 - DEBUG - Joint score for alpha[9]: 0.1019
2025-08-16 09:12:44,746 - DEBUG - Joint score for alpha[10]: 0.1030
2025-08-16 09:12:48,254 - DEBUG - Joint score for alpha[11]: 0.1049
2025-08-16 09:12:51,762 - DEBUG - Joint score for alpha[12]: 0.1026
2025-08-16 09:12:55,271 - DEBUG - Joint score for alpha[13]: 0.1036
2025-08-16 09:12:58,780 - DEBUG - Joint score for alpha[14]: 0.1023
2025-08-16 09:13:02,289 - DEBUG - Joint score for alpha[15]: 0.1058
2025-08-16 09:13:09,005 - DEBUG - Joint score for alpha[0]: 0.1025
2025-08-16 09:13:12,518 - DEBUG - Joint score for alpha[1]: 0.1042
2025-08-16 09:13:16,028 - DEBUG - Joint score for alpha[2]: 0.1048
2025-08-16 09:13:19,539 - DEBUG - Joint score for alpha[3]: 0.1025
2025-08-16 09:13:23,050 - DEBUG - Joint score for alpha[4]: 0.1026
2025-08-16 09:13:26,560 - DEBUG - Joint score for alpha[5]: 0.1029
2025-08-16 09:13:30,071 - DEBUG - Joint score for alpha[6]: 0.1035
2025-08-16 09:13:33,581 - DEBUG - Joint score for alpha[7]: 0.1038
2025-08-16 09:13:37,092 - DEBUG - Joint score for alpha[8]: 0.1036
2025-08-16 09:13:40,605 - DEBUG - Joint score for alpha[9]: 0.1021
2025-08-16 09:13:44,116 - DEBUG - Joint score for alpha[10]: 0.1026
2025-08-16 09:13:47,626 - DEBUG - Joint score for alpha[11]: 0.1027
2025-08-16 09:13:51,137 - DEBUG - Joint score for alpha[12]: 0.1032
2025-08-16 09:13:54,647 - DEBUG - Joint score for alpha[13]: 0.1023
2025-08-16 09:13:58,158 - DEBUG - Joint score for alpha[14]: 0.1030
2025-08-16 09:14:01,669 - DEBUG - Joint score for alpha[15]: 0.1039
2025-08-16 09:14:08,412 - DEBUG - Joint score for alpha[0]: 0.1021
2025-08-16 09:14:11,925 - DEBUG - Joint score for alpha[1]: 0.1025
2025-08-16 09:14:15,436 - DEBUG - Joint score for alpha[2]: 0.1034
2025-08-16 09:14:18,947 - DEBUG - Joint score for alpha[3]: 0.1065
2025-08-16 09:14:22,457 - DEBUG - Joint score for alpha[4]: 0.1029
2025-08-16 09:14:25,965 - DEBUG - Joint score for alpha[5]: 0.1042
2025-08-16 09:14:29,473 - DEBUG - Joint score for alpha[6]: 0.1022
2025-08-16 09:14:32,980 - DEBUG - Joint score for alpha[7]: 0.1025
2025-08-16 09:14:36,489 - DEBUG - Joint score for alpha[8]: 0.1031
2025-08-16 09:14:39,998 - DEBUG - Joint score for alpha[9]: 0.1040
2025-08-16 09:14:43,506 - DEBUG - Joint score for alpha[10]: 0.1024
2025-08-16 09:14:47,013 - DEBUG - Joint score for alpha[11]: 0.1026
2025-08-16 09:14:50,521 - DEBUG - Joint score for alpha[12]: 0.1029
2025-08-16 09:14:54,030 - DEBUG - Joint score for alpha[13]: 0.1038
2025-08-16 09:14:57,538 - DEBUG - Joint score for alpha[14]: 0.1023
2025-08-16 09:15:01,049 - DEBUG - Joint score for alpha[15]: 0.1042
2025-08-16 09:15:07,799 - DEBUG - Joint score for alpha[0]: 0.1059
2025-08-16 09:15:11,310 - DEBUG - Joint score for alpha[1]: 0.1021
2025-08-16 09:15:14,823 - DEBUG - Joint score for alpha[2]: 0.1051
2025-08-16 09:15:18,331 - DEBUG - Joint score for alpha[3]: 0.1021
2025-08-16 09:15:21,840 - DEBUG - Joint score for alpha[4]: 0.1063
2025-08-16 09:15:25,348 - DEBUG - Joint score for alpha[5]: 0.1026
2025-08-16 09:15:28,859 - DEBUG - Joint score for alpha[6]: 0.1020
2025-08-16 09:15:32,367 - DEBUG - Joint score for alpha[7]: 0.1032
2025-08-16 09:15:35,876 - DEBUG - Joint score for alpha[8]: 0.1024
2025-08-16 09:15:39,383 - DEBUG - Joint score for alpha[9]: 0.1019
2025-08-16 09:15:42,893 - DEBUG - Joint score for alpha[10]: 0.1070
2025-08-16 09:15:46,401 - DEBUG - Joint score for alpha[11]: 0.1059
2025-08-16 09:15:49,910 - DEBUG - Joint score for alpha[12]: 0.1019
2025-08-16 09:15:53,419 - DEBUG - Joint score for alpha[13]: 0.1051
2025-08-16 09:15:56,928 - DEBUG - Joint score for alpha[14]: 0.1040
2025-08-16 09:16:00,438 - DEBUG - Joint score for alpha[15]: 0.1021
2025-08-16 09:16:00,481 - INFO - Step 5/120: mean CRPS=0.1020
2025-08-16 09:16:00,486 - DEBUG - Beginning Gibbs iteration s = 5
2025-08-16 09:16:05,336 - DEBUG - Proposal variance adapted: 0.085
2025-08-16 09:16:12,023 - DEBUG - Joint score for alpha[0]: 0.1071
2025-08-16 09:16:15,532 - DEBUG - Joint score for alpha[1]: 0.1247
2025-08-16 09:16:19,040 - DEBUG - Joint score for alpha[2]: 0.1082
2025-08-16 09:16:22,547 - DEBUG - Joint score for alpha[3]: 0.1138
2025-08-16 09:16:26,056 - DEBUG - Joint score for alpha[4]: 0.1039
2025-08-16 09:16:29,562 - DEBUG - Joint score for alpha[5]: 0.1205
2025-08-16 09:16:33,071 - DEBUG - Joint score for alpha[6]: 0.1113
2025-08-16 09:16:36,578 - DEBUG - Joint score for alpha[7]: 0.1129
2025-08-16 09:16:40,086 - DEBUG - Joint score for alpha[8]: 0.1028
2025-08-16 09:16:43,596 - DEBUG - Joint score for alpha[9]: 0.1106
2025-08-16 09:16:47,104 - DEBUG - Joint score for alpha[10]: 0.1229
2025-08-16 09:16:50,612 - DEBUG - Joint score for alpha[11]: 0.1039
2025-08-16 09:16:54,117 - DEBUG - Joint score for alpha[12]: 0.1062
2025-08-16 09:16:57,624 - DEBUG - Joint score for alpha[13]: 0.1100
2025-08-16 09:17:01,130 - DEBUG - Joint score for alpha[14]: 0.1081
2025-08-16 09:17:04,637 - DEBUG - Joint score for alpha[15]: 0.1034
2025-08-16 09:17:11,362 - DEBUG - Joint score for alpha[0]: 0.1046
2025-08-16 09:17:14,875 - DEBUG - Joint score for alpha[1]: 0.1036
2025-08-16 09:17:18,386 - DEBUG - Joint score for alpha[2]: 0.1064
2025-08-16 09:17:21,898 - DEBUG - Joint score for alpha[3]: 0.1107
2025-08-16 09:17:25,411 - DEBUG - Joint score for alpha[4]: 0.1046
2025-08-16 09:17:28,920 - DEBUG - Joint score for alpha[5]: 0.1063
2025-08-16 09:17:32,429 - DEBUG - Joint score for alpha[6]: 0.1053
2025-08-16 09:17:35,937 - DEBUG - Joint score for alpha[7]: 0.1238
2025-08-16 09:17:39,447 - DEBUG - Joint score for alpha[8]: 0.1043
2025-08-16 09:17:42,958 - DEBUG - Joint score for alpha[9]: 0.1049
2025-08-16 09:17:46,470 - DEBUG - Joint score for alpha[10]: 0.1120
2025-08-16 09:17:49,981 - DEBUG - Joint score for alpha[11]: 0.1085
2025-08-16 09:17:53,491 - DEBUG - Joint score for alpha[12]: 0.1128
2025-08-16 09:17:57,002 - DEBUG - Joint score for alpha[13]: 0.1034
2025-08-16 09:18:00,513 - DEBUG - Joint score for alpha[14]: 0.1055
2025-08-16 09:18:04,022 - DEBUG - Joint score for alpha[15]: 0.1063
2025-08-16 09:18:10,746 - DEBUG - Joint score for alpha[0]: 0.1083
2025-08-16 09:18:14,262 - DEBUG - Joint score for alpha[1]: 0.1035
2025-08-16 09:18:17,772 - DEBUG - Joint score for alpha[2]: 0.1063
2025-08-16 09:18:21,282 - DEBUG - Joint score for alpha[3]: 0.1043
2025-08-16 09:18:24,793 - DEBUG - Joint score for alpha[4]: 0.1047
2025-08-16 09:18:28,301 - DEBUG - Joint score for alpha[5]: 0.1071
2025-08-16 09:18:31,811 - DEBUG - Joint score for alpha[6]: 0.1213
2025-08-16 09:18:35,321 - DEBUG - Joint score for alpha[7]: 0.1076
2025-08-16 09:18:38,832 - DEBUG - Joint score for alpha[8]: 0.1037
2025-08-16 09:18:42,341 - DEBUG - Joint score for alpha[9]: 0.1054
2025-08-16 09:18:45,853 - DEBUG - Joint score for alpha[10]: 0.1037
2025-08-16 09:18:49,366 - DEBUG - Joint score for alpha[11]: 0.1108
2025-08-16 09:18:52,876 - DEBUG - Joint score for alpha[12]: 0.1038
2025-08-16 09:18:56,388 - DEBUG - Joint score for alpha[13]: 0.1039
2025-08-16 09:18:59,897 - DEBUG - Joint score for alpha[14]: 0.1065
2025-08-16 09:19:03,406 - DEBUG - Joint score for alpha[15]: 0.1042
2025-08-16 09:19:10,153 - DEBUG - Joint score for alpha[0]: 0.1046
2025-08-16 09:19:13,663 - DEBUG - Joint score for alpha[1]: 0.1034
2025-08-16 09:19:17,171 - DEBUG - Joint score for alpha[2]: 0.1081
2025-08-16 09:19:20,678 - DEBUG - Joint score for alpha[3]: 0.1032
2025-08-16 09:19:24,187 - DEBUG - Joint score for alpha[4]: 0.1095
2025-08-16 09:19:27,694 - DEBUG - Joint score for alpha[5]: 0.1035
2025-08-16 09:19:31,203 - DEBUG - Joint score for alpha[6]: 0.1040
2025-08-16 09:19:34,711 - DEBUG - Joint score for alpha[7]: 0.1049
2025-08-16 09:19:38,219 - DEBUG - Joint score for alpha[8]: 0.1057
2025-08-16 09:19:41,728 - DEBUG - Joint score for alpha[9]: 0.1038
2025-08-16 09:19:45,238 - DEBUG - Joint score for alpha[10]: 0.1036
2025-08-16 09:19:48,744 - DEBUG - Joint score for alpha[11]: 0.1039
2025-08-16 09:19:52,252 - DEBUG - Joint score for alpha[12]: 0.1039
2025-08-16 09:19:55,761 - DEBUG - Joint score for alpha[13]: 0.1053
2025-08-16 09:19:59,270 - DEBUG - Joint score for alpha[14]: 0.1049
2025-08-16 09:20:02,778 - DEBUG - Joint score for alpha[15]: 0.1038
2025-08-16 09:20:09,609 - DEBUG - Joint score for alpha[0]: 0.1036
2025-08-16 09:20:13,120 - DEBUG - Joint score for alpha[1]: 0.1037
2025-08-16 09:20:16,630 - DEBUG - Joint score for alpha[2]: 0.1038
2025-08-16 09:20:20,138 - DEBUG - Joint score for alpha[3]: 0.1044
2025-08-16 09:20:23,646 - DEBUG - Joint score for alpha[4]: 0.1051
2025-08-16 09:20:27,153 - DEBUG - Joint score for alpha[5]: 0.1073
2025-08-16 09:20:30,661 - DEBUG - Joint score for alpha[6]: 0.1038
2025-08-16 09:20:34,167 - DEBUG - Joint score for alpha[7]: 0.1043
2025-08-16 09:20:37,675 - DEBUG - Joint score for alpha[8]: 0.1057
2025-08-16 09:20:41,182 - DEBUG - Joint score for alpha[9]: 0.1046
2025-08-16 09:20:44,691 - DEBUG - Joint score for alpha[10]: 0.1037
2025-08-16 09:20:48,199 - DEBUG - Joint score for alpha[11]: 0.1038
2025-08-16 09:20:51,705 - DEBUG - Joint score for alpha[12]: 0.1048
2025-08-16 09:20:55,214 - DEBUG - Joint score for alpha[13]: 0.1045
2025-08-16 09:20:58,722 - DEBUG - Joint score for alpha[14]: 0.1032
2025-08-16 09:21:02,229 - DEBUG - Joint score for alpha[15]: 0.1034
2025-08-16 09:21:02,271 - INFO - Step 6/120: mean CRPS=0.1032
2025-08-16 09:21:02,276 - DEBUG - Beginning Gibbs iteration s = 6
2025-08-16 09:21:13,299 - DEBUG - Joint score for alpha[0]: 0.1220
2025-08-16 09:21:16,810 - DEBUG - Joint score for alpha[1]: 0.1180
2025-08-16 09:21:20,318 - DEBUG - Joint score for alpha[2]: 0.1043
2025-08-16 09:21:23,826 - DEBUG - Joint score for alpha[3]: 0.1057
2025-08-16 09:21:27,335 - DEBUG - Joint score for alpha[4]: 0.1062
2025-08-16 09:21:30,841 - DEBUG - Joint score for alpha[5]: 0.1074
2025-08-16 09:21:34,350 - DEBUG - Joint score for alpha[6]: 0.1045
2025-08-16 09:21:37,857 - DEBUG - Joint score for alpha[7]: 0.1062
2025-08-16 09:21:41,365 - DEBUG - Joint score for alpha[8]: 0.1058
2025-08-16 09:21:44,876 - DEBUG - Joint score for alpha[9]: 0.1492
2025-08-16 09:21:48,384 - DEBUG - Joint score for alpha[10]: 0.1196
2025-08-16 09:21:51,895 - DEBUG - Joint score for alpha[11]: 0.1028
2025-08-16 09:21:55,404 - DEBUG - Joint score for alpha[12]: 0.1232
2025-08-16 09:21:58,917 - DEBUG - Joint score for alpha[13]: 0.1087
2025-08-16 09:22:02,427 - DEBUG - Joint score for alpha[14]: 0.1169
2025-08-16 09:22:05,937 - DEBUG - Joint score for alpha[15]: 0.1097
2025-08-16 09:22:12,675 - DEBUG - Joint score for alpha[0]: 0.1065
2025-08-16 09:22:16,187 - DEBUG - Joint score for alpha[1]: 0.1027
2025-08-16 09:22:19,697 - DEBUG - Joint score for alpha[2]: 0.1025
2025-08-16 09:22:23,208 - DEBUG - Joint score for alpha[3]: 0.1114
2025-08-16 09:22:26,719 - DEBUG - Joint score for alpha[4]: 0.1099
2025-08-16 09:22:30,228 - DEBUG - Joint score for alpha[5]: 0.1095
2025-08-16 09:22:33,738 - DEBUG - Joint score for alpha[6]: 0.1035
2025-08-16 09:22:37,248 - DEBUG - Joint score for alpha[7]: 0.1102
2025-08-16 09:22:40,759 - DEBUG - Joint score for alpha[8]: 0.1028
2025-08-16 09:22:44,270 - DEBUG - Joint score for alpha[9]: 0.1031
2025-08-16 09:22:47,782 - DEBUG - Joint score for alpha[10]: 0.1032
2025-08-16 09:22:51,293 - DEBUG - Joint score for alpha[11]: 0.1189
2025-08-16 09:22:54,802 - DEBUG - Joint score for alpha[12]: 0.1059
2025-08-16 09:22:58,315 - DEBUG - Joint score for alpha[13]: 0.1027
2025-08-16 09:23:01,827 - DEBUG - Joint score for alpha[14]: 0.1081
2025-08-16 09:23:05,339 - DEBUG - Joint score for alpha[15]: 0.1176
2025-08-16 09:23:12,053 - DEBUG - Joint score for alpha[0]: 0.1025
2025-08-16 09:23:15,567 - DEBUG - Joint score for alpha[1]: 0.1052
2025-08-16 09:23:19,078 - DEBUG - Joint score for alpha[2]: 0.1028
2025-08-16 09:23:22,589 - DEBUG - Joint score for alpha[3]: 0.1050
2025-08-16 09:23:26,100 - DEBUG - Joint score for alpha[4]: 0.1022
2025-08-16 09:23:29,610 - DEBUG - Joint score for alpha[5]: 0.1026
2025-08-16 09:23:33,119 - DEBUG - Joint score for alpha[6]: 0.1102
2025-08-16 09:23:36,627 - DEBUG - Joint score for alpha[7]: 0.1039
2025-08-16 09:23:40,135 - DEBUG - Joint score for alpha[8]: 0.1038
2025-08-16 09:23:43,646 - DEBUG - Joint score for alpha[9]: 0.1045
2025-08-16 09:23:47,154 - DEBUG - Joint score for alpha[10]: 0.1024
2025-08-16 09:23:50,662 - DEBUG - Joint score for alpha[11]: 0.1028
2025-08-16 09:23:54,170 - DEBUG - Joint score for alpha[12]: 0.1020
2025-08-16 09:23:57,679 - DEBUG - Joint score for alpha[13]: 0.1036
2025-08-16 09:24:01,189 - DEBUG - Joint score for alpha[14]: 0.1030
2025-08-16 09:24:04,701 - DEBUG - Joint score for alpha[15]: 0.1022
2025-08-16 09:24:11,503 - DEBUG - Joint score for alpha[0]: 0.1032
2025-08-16 09:24:15,015 - DEBUG - Joint score for alpha[1]: 0.1021
2025-08-16 09:24:18,525 - DEBUG - Joint score for alpha[2]: 0.1021
2025-08-16 09:24:22,035 - DEBUG - Joint score for alpha[3]: 0.1022
2025-08-16 09:24:25,545 - DEBUG - Joint score for alpha[4]: 0.1038
2025-08-16 09:24:29,053 - DEBUG - Joint score for alpha[5]: 0.1029
2025-08-16 09:24:32,562 - DEBUG - Joint score for alpha[6]: 0.1020
2025-08-16 09:24:36,071 - DEBUG - Joint score for alpha[7]: 0.1036
2025-08-16 09:24:39,580 - DEBUG - Joint score for alpha[8]: 0.1024
2025-08-16 09:24:43,091 - DEBUG - Joint score for alpha[9]: 0.1021
2025-08-16 09:24:46,599 - DEBUG - Joint score for alpha[10]: 0.1024
2025-08-16 09:24:50,108 - DEBUG - Joint score for alpha[11]: 0.1037
2025-08-16 09:24:53,618 - DEBUG - Joint score for alpha[12]: 0.1024
2025-08-16 09:24:57,128 - DEBUG - Joint score for alpha[13]: 0.1035
2025-08-16 09:25:00,637 - DEBUG - Joint score for alpha[14]: 0.1024
2025-08-16 09:25:04,148 - DEBUG - Joint score for alpha[15]: 0.1027
2025-08-16 09:25:10,949 - DEBUG - Joint score for alpha[0]: 0.1023
2025-08-16 09:25:14,461 - DEBUG - Joint score for alpha[1]: 0.1022
2025-08-16 09:25:17,971 - DEBUG - Joint score for alpha[2]: 0.1025
2025-08-16 09:25:21,480 - DEBUG - Joint score for alpha[3]: 0.1032
2025-08-16 09:25:24,991 - DEBUG - Joint score for alpha[4]: 0.1066
2025-08-16 09:25:28,499 - DEBUG - Joint score for alpha[5]: 0.1054
2025-08-16 09:25:32,009 - DEBUG - Joint score for alpha[6]: 0.1071
2025-08-16 09:25:35,518 - DEBUG - Joint score for alpha[7]: 0.1054
2025-08-16 09:25:39,028 - DEBUG - Joint score for alpha[8]: 0.1049
2025-08-16 09:25:42,540 - DEBUG - Joint score for alpha[9]: 0.1029
2025-08-16 09:25:46,052 - DEBUG - Joint score for alpha[10]: 0.1024
2025-08-16 09:25:49,563 - DEBUG - Joint score for alpha[11]: 0.1043
2025-08-16 09:25:53,073 - DEBUG - Joint score for alpha[12]: 0.1039
2025-08-16 09:25:56,583 - DEBUG - Joint score for alpha[13]: 0.1022
2025-08-16 09:26:00,092 - DEBUG - Joint score for alpha[14]: 0.1022
2025-08-16 09:26:03,599 - DEBUG - Joint score for alpha[15]: 0.1036
2025-08-16 09:26:03,642 - INFO - Step 7/120: mean CRPS=0.1023
2025-08-16 09:26:03,647 - DEBUG - Beginning Gibbs iteration s = 7
2025-08-16 09:26:15,473 - DEBUG - Joint score for alpha[0]: 0.1222
2025-08-16 09:26:18,983 - DEBUG - Joint score for alpha[1]: 0.1040
2025-08-16 09:26:22,492 - DEBUG - Joint score for alpha[2]: 0.1476
2025-08-16 09:26:26,000 - DEBUG - Joint score for alpha[3]: 0.1143
2025-08-16 09:26:29,509 - DEBUG - Joint score for alpha[4]: 0.1013
2025-08-16 09:26:33,016 - DEBUG - Joint score for alpha[5]: 0.1231
2025-08-16 09:26:36,526 - DEBUG - Joint score for alpha[6]: 0.1053
2025-08-16 09:26:40,035 - DEBUG - Joint score for alpha[7]: 0.1447
2025-08-16 09:26:43,544 - DEBUG - Joint score for alpha[8]: 0.1082
2025-08-16 09:26:47,055 - DEBUG - Joint score for alpha[9]: 0.1054
2025-08-16 09:26:50,563 - DEBUG - Joint score for alpha[10]: 0.1111
2025-08-16 09:26:54,073 - DEBUG - Joint score for alpha[11]: 0.1016
2025-08-16 09:26:57,583 - DEBUG - Joint score for alpha[12]: 0.1069
2025-08-16 09:27:01,095 - DEBUG - Joint score for alpha[13]: 0.1014
2025-08-16 09:27:04,605 - DEBUG - Joint score for alpha[14]: 0.1391
2025-08-16 09:27:08,116 - DEBUG - Joint score for alpha[15]: 0.1041
2025-08-16 09:27:14,858 - DEBUG - Joint score for alpha[0]: 0.1017
2025-08-16 09:27:18,371 - DEBUG - Joint score for alpha[1]: 0.1106
2025-08-16 09:27:21,881 - DEBUG - Joint score for alpha[2]: 0.1040
2025-08-16 09:27:25,390 - DEBUG - Joint score for alpha[3]: 0.1064
2025-08-16 09:27:28,899 - DEBUG - Joint score for alpha[4]: 0.1048
2025-08-16 09:27:32,406 - DEBUG - Joint score for alpha[5]: 0.1019
2025-08-16 09:27:35,914 - DEBUG - Joint score for alpha[6]: 0.1029
2025-08-16 09:27:39,421 - DEBUG - Joint score for alpha[7]: 0.1020
2025-08-16 09:27:42,929 - DEBUG - Joint score for alpha[8]: 0.1029
2025-08-16 09:27:46,439 - DEBUG - Joint score for alpha[9]: 0.1014
2025-08-16 09:27:49,945 - DEBUG - Joint score for alpha[10]: 0.1015
2025-08-16 09:27:53,452 - DEBUG - Joint score for alpha[11]: 0.1018
2025-08-16 09:27:56,959 - DEBUG - Joint score for alpha[12]: 0.1024
2025-08-16 09:28:00,466 - DEBUG - Joint score for alpha[13]: 0.1014
2025-08-16 09:28:03,973 - DEBUG - Joint score for alpha[14]: 0.1069
2025-08-16 09:28:07,483 - DEBUG - Joint score for alpha[15]: 0.1029
2025-08-16 09:28:14,199 - DEBUG - Joint score for alpha[0]: 0.1014
2025-08-16 09:28:17,713 - DEBUG - Joint score for alpha[1]: 0.1062
2025-08-16 09:28:21,222 - DEBUG - Joint score for alpha[2]: 0.1023
2025-08-16 09:28:24,731 - DEBUG - Joint score for alpha[3]: 0.1019
2025-08-16 09:28:28,239 - DEBUG - Joint score for alpha[4]: 0.1077
2025-08-16 09:28:31,746 - DEBUG - Joint score for alpha[5]: 0.1016
2025-08-16 09:28:35,252 - DEBUG - Joint score for alpha[6]: 0.1062
2025-08-16 09:28:38,759 - DEBUG - Joint score for alpha[7]: 0.1020
2025-08-16 09:28:42,266 - DEBUG - Joint score for alpha[8]: 0.1035
2025-08-16 09:28:45,772 - DEBUG - Joint score for alpha[9]: 0.1016
2025-08-16 09:28:49,279 - DEBUG - Joint score for alpha[10]: 0.1015
2025-08-16 09:28:52,785 - DEBUG - Joint score for alpha[11]: 0.1015
2025-08-16 09:28:56,292 - DEBUG - Joint score for alpha[12]: 0.1014
2025-08-16 09:28:59,801 - DEBUG - Joint score for alpha[13]: 0.1015
2025-08-16 09:29:03,310 - DEBUG - Joint score for alpha[14]: 0.1019
2025-08-16 09:29:06,819 - DEBUG - Joint score for alpha[15]: 0.1018
2025-08-16 09:29:13,548 - DEBUG - Joint score for alpha[0]: 0.1029
2025-08-16 09:29:17,062 - DEBUG - Joint score for alpha[1]: 0.1015
2025-08-16 09:29:20,574 - DEBUG - Joint score for alpha[2]: 0.1027
2025-08-16 09:29:24,085 - DEBUG - Joint score for alpha[3]: 0.1021
2025-08-16 09:29:27,597 - DEBUG - Joint score for alpha[4]: 0.1032
2025-08-16 09:29:31,107 - DEBUG - Joint score for alpha[5]: 0.1024
2025-08-16 09:29:34,618 - DEBUG - Joint score for alpha[6]: 0.1023
2025-08-16 09:29:38,130 - DEBUG - Joint score for alpha[7]: 0.1015
2025-08-16 09:29:41,642 - DEBUG - Joint score for alpha[8]: 0.1036
2025-08-16 09:29:45,155 - DEBUG - Joint score for alpha[9]: 0.1020
2025-08-16 09:29:48,666 - DEBUG - Joint score for alpha[10]: 0.1042
2025-08-16 09:29:52,178 - DEBUG - Joint score for alpha[11]: 0.1019
2025-08-16 09:29:55,690 - DEBUG - Joint score for alpha[12]: 0.1017
2025-08-16 09:29:59,203 - DEBUG - Joint score for alpha[13]: 0.1028
2025-08-16 09:30:02,715 - DEBUG - Joint score for alpha[14]: 0.1016
2025-08-16 09:30:06,228 - DEBUG - Joint score for alpha[15]: 0.1299
2025-08-16 09:30:12,937 - DEBUG - Joint score for alpha[0]: 0.1026
2025-08-16 09:30:16,451 - DEBUG - Joint score for alpha[1]: 0.1082
2025-08-16 09:30:19,963 - DEBUG - Joint score for alpha[2]: 0.1021
2025-08-16 09:30:23,476 - DEBUG - Joint score for alpha[3]: 0.1020
2025-08-16 09:30:26,989 - DEBUG - Joint score for alpha[4]: 0.1059
2025-08-16 09:30:30,499 - DEBUG - Joint score for alpha[5]: 0.1017
2025-08-16 09:30:34,012 - DEBUG - Joint score for alpha[6]: 0.1029
2025-08-16 09:30:37,523 - DEBUG - Joint score for alpha[7]: 0.1030
2025-08-16 09:30:41,033 - DEBUG - Joint score for alpha[8]: 0.1022
2025-08-16 09:30:44,544 - DEBUG - Joint score for alpha[9]: 0.1031
2025-08-16 09:30:48,054 - DEBUG - Joint score for alpha[10]: 0.1016
2025-08-16 09:30:51,564 - DEBUG - Joint score for alpha[11]: 0.1053
2025-08-16 09:30:55,073 - DEBUG - Joint score for alpha[12]: 0.1018
2025-08-16 09:30:58,581 - DEBUG - Joint score for alpha[13]: 0.1017
2025-08-16 09:31:02,090 - DEBUG - Joint score for alpha[14]: 0.1085
2025-08-16 09:31:05,602 - DEBUG - Joint score for alpha[15]: 0.1032
2025-08-16 09:31:05,645 - INFO - Step 8/120: mean CRPS=0.1014
2025-08-16 09:31:05,648 - DEBUG - Beginning Gibbs iteration s = 8
2025-08-16 09:31:16,477 - DEBUG - Joint score for alpha[0]: 0.1143
2025-08-16 09:31:19,987 - DEBUG - Joint score for alpha[1]: 0.1141
2025-08-16 09:31:23,495 - DEBUG - Joint score for alpha[2]: 0.1083
2025-08-16 09:31:27,004 - DEBUG - Joint score for alpha[3]: 0.1095
2025-08-16 09:31:30,513 - DEBUG - Joint score for alpha[4]: 0.1032
2025-08-16 09:31:34,020 - DEBUG - Joint score for alpha[5]: 0.1051
2025-08-16 09:31:37,530 - DEBUG - Joint score for alpha[6]: 0.1288
2025-08-16 09:31:41,038 - DEBUG - Joint score for alpha[7]: 0.1040
2025-08-16 09:31:44,546 - DEBUG - Joint score for alpha[8]: 0.1114
2025-08-16 09:31:48,055 - DEBUG - Joint score for alpha[9]: 0.1095
2025-08-16 09:31:51,566 - DEBUG - Joint score for alpha[10]: 0.1019
2025-08-16 09:31:55,075 - DEBUG - Joint score for alpha[11]: 0.1028
2025-08-16 09:31:58,583 - DEBUG - Joint score for alpha[12]: 0.1024
2025-08-16 09:32:02,092 - DEBUG - Joint score for alpha[13]: 0.1083
2025-08-16 09:32:05,602 - DEBUG - Joint score for alpha[14]: 0.1031
2025-08-16 09:32:09,111 - DEBUG - Joint score for alpha[15]: 0.1027
2025-08-16 09:32:15,931 - DEBUG - Joint score for alpha[0]: 0.1147
2025-08-16 09:32:19,442 - DEBUG - Joint score for alpha[1]: 0.1019
2025-08-16 09:32:22,953 - DEBUG - Joint score for alpha[2]: 0.1185
2025-08-16 09:32:26,462 - DEBUG - Joint score for alpha[3]: 0.1051
2025-08-16 09:32:29,973 - DEBUG - Joint score for alpha[4]: 0.1025
2025-08-16 09:32:33,482 - DEBUG - Joint score for alpha[5]: 0.1304
2025-08-16 09:32:36,992 - DEBUG - Joint score for alpha[6]: 0.1022
2025-08-16 09:32:40,501 - DEBUG - Joint score for alpha[7]: 0.1024
2025-08-16 09:32:44,011 - DEBUG - Joint score for alpha[8]: 0.1345
2025-08-16 09:32:47,521 - DEBUG - Joint score for alpha[9]: 0.1036
2025-08-16 09:32:51,033 - DEBUG - Joint score for alpha[10]: 0.1020
2025-08-16 09:32:54,542 - DEBUG - Joint score for alpha[11]: 0.1028
2025-08-16 09:32:58,052 - DEBUG - Joint score for alpha[12]: 0.1026
2025-08-16 09:33:01,563 - DEBUG - Joint score for alpha[13]: 0.1044
2025-08-16 09:33:05,072 - DEBUG - Joint score for alpha[14]: 0.1101
2025-08-16 09:33:08,579 - DEBUG - Joint score for alpha[15]: 0.1048
2025-08-16 09:33:15,475 - DEBUG - Joint score for alpha[0]: 0.1016
2025-08-16 09:33:18,988 - DEBUG - Joint score for alpha[1]: 0.1041
2025-08-16 09:33:22,498 - DEBUG - Joint score for alpha[2]: 0.1017
2025-08-16 09:33:26,008 - DEBUG - Joint score for alpha[3]: 0.1020
2025-08-16 09:33:29,519 - DEBUG - Joint score for alpha[4]: 0.1017
2025-08-16 09:33:33,029 - DEBUG - Joint score for alpha[5]: 0.1068
2025-08-16 09:33:36,538 - DEBUG - Joint score for alpha[6]: 0.1018
2025-08-16 09:33:40,048 - DEBUG - Joint score for alpha[7]: 0.1035
2025-08-16 09:33:43,559 - DEBUG - Joint score for alpha[8]: 0.1023
2025-08-16 09:33:47,068 - DEBUG - Joint score for alpha[9]: 0.1023
2025-08-16 09:33:50,577 - DEBUG - Joint score for alpha[10]: 0.1021
2025-08-16 09:33:54,086 - DEBUG - Joint score for alpha[11]: 0.1026
2025-08-16 09:33:57,596 - DEBUG - Joint score for alpha[12]: 0.1086
2025-08-16 09:34:01,104 - DEBUG - Joint score for alpha[13]: 0.1023
2025-08-16 09:34:04,613 - DEBUG - Joint score for alpha[14]: 0.1016
2025-08-16 09:34:08,123 - DEBUG - Joint score for alpha[15]: 0.1025
2025-08-16 09:34:15,002 - DEBUG - Joint score for alpha[0]: 0.1025
2025-08-16 09:34:18,514 - DEBUG - Joint score for alpha[1]: 0.1025
2025-08-16 09:34:22,025 - DEBUG - Joint score for alpha[2]: 0.1031
2025-08-16 09:34:25,534 - DEBUG - Joint score for alpha[3]: 0.1029
2025-08-16 09:34:29,045 - DEBUG - Joint score for alpha[4]: 0.1044
2025-08-16 09:34:32,554 - DEBUG - Joint score for alpha[5]: 0.1018
2025-08-16 09:34:36,064 - DEBUG - Joint score for alpha[6]: 0.1023
2025-08-16 09:34:39,573 - DEBUG - Joint score for alpha[7]: 0.1047
2025-08-16 09:34:43,083 - DEBUG - Joint score for alpha[8]: 0.1020
2025-08-16 09:34:46,595 - DEBUG - Joint score for alpha[9]: 0.1019
2025-08-16 09:34:50,105 - DEBUG - Joint score for alpha[10]: 0.1033
2025-08-16 09:34:53,614 - DEBUG - Joint score for alpha[11]: 0.1022
2025-08-16 09:34:57,122 - DEBUG - Joint score for alpha[12]: 0.1029
2025-08-16 09:35:00,630 - DEBUG - Joint score for alpha[13]: 0.1030
2025-08-16 09:35:04,138 - DEBUG - Joint score for alpha[14]: 0.1031
2025-08-16 09:35:07,644 - DEBUG - Joint score for alpha[15]: 0.1023
2025-08-16 09:35:14,380 - DEBUG - Joint score for alpha[0]: 0.1040
2025-08-16 09:35:17,892 - DEBUG - Joint score for alpha[1]: 0.1023
2025-08-16 09:35:21,401 - DEBUG - Joint score for alpha[2]: 0.1019
2025-08-16 09:35:24,911 - DEBUG - Joint score for alpha[3]: 0.1053
2025-08-16 09:35:28,422 - DEBUG - Joint score for alpha[4]: 0.1076
2025-08-16 09:35:31,932 - DEBUG - Joint score for alpha[5]: 0.1028
2025-08-16 09:35:35,442 - DEBUG - Joint score for alpha[6]: 0.1042
2025-08-16 09:35:38,951 - DEBUG - Joint score for alpha[7]: 0.1029
2025-08-16 09:35:42,461 - DEBUG - Joint score for alpha[8]: 0.1053
2025-08-16 09:35:45,971 - DEBUG - Joint score for alpha[9]: 0.1021
2025-08-16 09:35:49,480 - DEBUG - Joint score for alpha[10]: 0.1019
2025-08-16 09:35:52,989 - DEBUG - Joint score for alpha[11]: 0.1044
2025-08-16 09:35:56,497 - DEBUG - Joint score for alpha[12]: 0.1035
2025-08-16 09:36:00,006 - DEBUG - Joint score for alpha[13]: 0.1063
2025-08-16 09:36:03,515 - DEBUG - Joint score for alpha[14]: 0.1020
2025-08-16 09:36:07,024 - DEBUG - Joint score for alpha[15]: 0.1080
2025-08-16 09:36:07,067 - INFO - Step 9/120: mean CRPS=0.1018
2025-08-16 09:36:07,069 - DEBUG - Beginning Gibbs iteration s = 9
2025-08-16 09:36:19,032 - DEBUG - Joint score for alpha[0]: 0.1030
2025-08-16 09:36:22,544 - DEBUG - Joint score for alpha[1]: 0.1187
2025-08-16 09:36:26,055 - DEBUG - Joint score for alpha[2]: 0.1186
2025-08-16 09:36:29,565 - DEBUG - Joint score for alpha[3]: 0.1044
2025-08-16 09:36:33,076 - DEBUG - Joint score for alpha[4]: 0.1041
2025-08-16 09:36:36,585 - DEBUG - Joint score for alpha[5]: 0.1061
2025-08-16 09:36:40,095 - DEBUG - Joint score for alpha[6]: 0.1036
2025-08-16 09:36:43,605 - DEBUG - Joint score for alpha[7]: 0.1028
2025-08-16 09:36:47,116 - DEBUG - Joint score for alpha[8]: 0.1074
2025-08-16 09:36:50,629 - DEBUG - Joint score for alpha[9]: 0.1088
2025-08-16 09:36:54,139 - DEBUG - Joint score for alpha[10]: 0.1194
2025-08-16 09:36:57,650 - DEBUG - Joint score for alpha[11]: 0.1103
2025-08-16 09:37:01,162 - DEBUG - Joint score for alpha[12]: 0.1336
2025-08-16 09:37:04,673 - DEBUG - Joint score for alpha[13]: 0.1049
2025-08-16 09:37:08,185 - DEBUG - Joint score for alpha[14]: 0.1140
2025-08-16 09:37:11,699 - DEBUG - Joint score for alpha[15]: 0.1437
2025-08-16 09:37:18,431 - DEBUG - Joint score for alpha[0]: 0.1027
2025-08-16 09:37:21,943 - DEBUG - Joint score for alpha[1]: 0.1026
2025-08-16 09:37:25,451 - DEBUG - Joint score for alpha[2]: 0.1055
2025-08-16 09:37:28,960 - DEBUG - Joint score for alpha[3]: 0.1108
2025-08-16 09:37:32,470 - DEBUG - Joint score for alpha[4]: 0.1025
2025-08-16 09:37:35,978 - DEBUG - Joint score for alpha[5]: 0.1104
2025-08-16 09:37:39,487 - DEBUG - Joint score for alpha[6]: 0.1027
2025-08-16 09:37:42,995 - DEBUG - Joint score for alpha[7]: 0.1026
2025-08-16 09:37:46,505 - DEBUG - Joint score for alpha[8]: 0.1031
2025-08-16 09:37:50,017 - DEBUG - Joint score for alpha[9]: 0.1023
2025-08-16 09:37:53,526 - DEBUG - Joint score for alpha[10]: 0.1033
2025-08-16 09:37:57,036 - DEBUG - Joint score for alpha[11]: 0.1026
2025-08-16 09:38:00,546 - DEBUG - Joint score for alpha[12]: 0.1058
2025-08-16 09:38:04,058 - DEBUG - Joint score for alpha[13]: 0.1074
2025-08-16 09:38:07,568 - DEBUG - Joint score for alpha[14]: 0.1031
2025-08-16 09:38:11,079 - DEBUG - Joint score for alpha[15]: 0.1033
2025-08-16 09:38:17,970 - DEBUG - Joint score for alpha[0]: 0.1033
2025-08-16 09:38:21,482 - DEBUG - Joint score for alpha[1]: 0.1046
2025-08-16 09:38:24,993 - DEBUG - Joint score for alpha[2]: 0.1030
2025-08-16 09:38:28,504 - DEBUG - Joint score for alpha[3]: 0.1034
2025-08-16 09:38:32,015 - DEBUG - Joint score for alpha[4]: 0.1040
2025-08-16 09:38:35,525 - DEBUG - Joint score for alpha[5]: 0.1024
2025-08-16 09:38:39,036 - DEBUG - Joint score for alpha[6]: 0.1026
2025-08-16 09:38:42,546 - DEBUG - Joint score for alpha[7]: 0.1025
2025-08-16 09:38:46,058 - DEBUG - Joint score for alpha[8]: 0.1045
2025-08-16 09:38:49,566 - DEBUG - Joint score for alpha[9]: 0.1054
2025-08-16 09:38:53,077 - DEBUG - Joint score for alpha[10]: 0.1026
2025-08-16 09:38:56,585 - DEBUG - Joint score for alpha[11]: 0.1027
2025-08-16 09:39:00,092 - DEBUG - Joint score for alpha[12]: 0.1024
2025-08-16 09:39:03,601 - DEBUG - Joint score for alpha[13]: 0.1030
2025-08-16 09:39:07,109 - DEBUG - Joint score for alpha[14]: 0.1047
2025-08-16 09:39:10,617 - DEBUG - Joint score for alpha[15]: 0.1025
2025-08-16 09:39:17,411 - DEBUG - Joint score for alpha[0]: 0.1030
2025-08-16 09:39:20,924 - DEBUG - Joint score for alpha[1]: 0.1030
2025-08-16 09:39:24,434 - DEBUG - Joint score for alpha[2]: 0.1029
2025-08-16 09:39:27,944 - DEBUG - Joint score for alpha[3]: 0.1027
2025-08-16 09:39:31,453 - DEBUG - Joint score for alpha[4]: 0.1028
2025-08-16 09:39:34,960 - DEBUG - Joint score for alpha[5]: 0.1042
2025-08-16 09:39:38,469 - DEBUG - Joint score for alpha[6]: 0.1033
2025-08-16 09:39:41,976 - DEBUG - Joint score for alpha[7]: 0.1031
2025-08-16 09:39:45,485 - DEBUG - Joint score for alpha[8]: 0.1039
2025-08-16 09:39:48,993 - DEBUG - Joint score for alpha[9]: 0.1033
2025-08-16 09:39:52,500 - DEBUG - Joint score for alpha[10]: 0.1031
2025-08-16 09:39:56,007 - DEBUG - Joint score for alpha[11]: 0.1042
2025-08-16 09:39:59,514 - DEBUG - Joint score for alpha[12]: 0.1035
2025-08-16 09:40:03,021 - DEBUG - Joint score for alpha[13]: 0.1039
2025-08-16 09:40:06,529 - DEBUG - Joint score for alpha[14]: 0.1029
2025-08-16 09:40:10,037 - DEBUG - Joint score for alpha[15]: 0.1045
2025-08-16 09:40:16,928 - DEBUG - Joint score for alpha[0]: 0.1041
2025-08-16 09:40:20,442 - DEBUG - Joint score for alpha[1]: 0.1034
2025-08-16 09:40:23,953 - DEBUG - Joint score for alpha[2]: 0.1031
2025-08-16 09:40:27,463 - DEBUG - Joint score for alpha[3]: 0.1068
2025-08-16 09:40:30,976 - DEBUG - Joint score for alpha[4]: 0.1025
2025-08-16 09:40:34,486 - DEBUG - Joint score for alpha[5]: 0.1026
2025-08-16 09:40:37,996 - DEBUG - Joint score for alpha[6]: 0.1065
2025-08-16 09:40:41,506 - DEBUG - Joint score for alpha[7]: 0.1032
2025-08-16 09:40:45,017 - DEBUG - Joint score for alpha[8]: 0.1031
2025-08-16 09:40:48,529 - DEBUG - Joint score for alpha[9]: 0.1058
2025-08-16 09:40:52,039 - DEBUG - Joint score for alpha[10]: 0.1029
2025-08-16 09:40:55,548 - DEBUG - Joint score for alpha[11]: 0.1074
2025-08-16 09:40:59,058 - DEBUG - Joint score for alpha[12]: 0.1044
2025-08-16 09:41:02,569 - DEBUG - Joint score for alpha[13]: 0.1041
2025-08-16 09:41:06,080 - DEBUG - Joint score for alpha[14]: 0.1049
2025-08-16 09:41:09,591 - DEBUG - Joint score for alpha[15]: 0.1064
2025-08-16 09:41:09,634 - INFO - Step 10/120: mean CRPS=0.1025
2025-08-16 09:41:09,637 - DEBUG - Beginning Gibbs iteration s = 10
2025-08-16 09:41:12,822 - DEBUG - Proposal variance adapted: 0.072
2025-08-16 09:41:19,496 - DEBUG - Joint score for alpha[0]: 0.1040
2025-08-16 09:41:23,009 - DEBUG - Joint score for alpha[1]: 0.1020
2025-08-16 09:41:26,519 - DEBUG - Joint score for alpha[2]: 0.1115
2025-08-16 09:41:30,030 - DEBUG - Joint score for alpha[3]: 0.1076
2025-08-16 09:41:33,540 - DEBUG - Joint score for alpha[4]: 0.1081
2025-08-16 09:41:37,049 - DEBUG - Joint score for alpha[5]: 0.1039
2025-08-16 09:41:40,559 - DEBUG - Joint score for alpha[6]: 0.1173
2025-08-16 09:41:44,070 - DEBUG - Joint score for alpha[7]: 0.1099
2025-08-16 09:41:47,583 - DEBUG - Joint score for alpha[8]: 0.1126
2025-08-16 09:41:51,095 - DEBUG - Joint score for alpha[9]: 0.1121
2025-08-16 09:41:54,609 - DEBUG - Joint score for alpha[10]: 0.1034
2025-08-16 09:41:58,121 - DEBUG - Joint score for alpha[11]: 0.1027
2025-08-16 09:42:01,633 - DEBUG - Joint score for alpha[12]: 0.1205
2025-08-16 09:42:05,146 - DEBUG - Joint score for alpha[13]: 0.1118
2025-08-16 09:42:08,659 - DEBUG - Joint score for alpha[14]: 0.1159
2025-08-16 09:42:12,171 - DEBUG - Joint score for alpha[15]: 0.1016
2025-08-16 09:42:18,891 - DEBUG - Joint score for alpha[0]: 0.1025
2025-08-16 09:42:22,405 - DEBUG - Joint score for alpha[1]: 0.1016
2025-08-16 09:42:25,917 - DEBUG - Joint score for alpha[2]: 0.1136
2025-08-16 09:42:29,430 - DEBUG - Joint score for alpha[3]: 0.1041
2025-08-16 09:42:32,943 - DEBUG - Joint score for alpha[4]: 0.1015
2025-08-16 09:42:36,454 - DEBUG - Joint score for alpha[5]: 0.1040
2025-08-16 09:42:39,967 - DEBUG - Joint score for alpha[6]: 0.1020
2025-08-16 09:42:43,480 - DEBUG - Joint score for alpha[7]: 0.1021
2025-08-16 09:42:46,993 - DEBUG - Joint score for alpha[8]: 0.1024
2025-08-16 09:42:50,506 - DEBUG - Joint score for alpha[9]: 0.1030
2025-08-16 09:42:54,017 - DEBUG - Joint score for alpha[10]: 0.1016
2025-08-16 09:42:57,527 - DEBUG - Joint score for alpha[11]: 0.1054
2025-08-16 09:43:01,037 - DEBUG - Joint score for alpha[12]: 0.1027
2025-08-16 09:43:04,547 - DEBUG - Joint score for alpha[13]: 0.1081
2025-08-16 09:43:08,059 - DEBUG - Joint score for alpha[14]: 0.1020
2025-08-16 09:43:11,585 - DEBUG - Joint score for alpha[15]: 0.1017
2025-08-16 09:43:18,345 - DEBUG - Joint score for alpha[0]: 0.1027
2025-08-16 09:43:21,858 - DEBUG - Joint score for alpha[1]: 0.1015
2025-08-16 09:43:25,368 - DEBUG - Joint score for alpha[2]: 0.1031
2025-08-16 09:43:28,878 - DEBUG - Joint score for alpha[3]: 0.1021
2025-08-16 09:43:32,389 - DEBUG - Joint score for alpha[4]: 0.1054
2025-08-16 09:43:35,898 - DEBUG - Joint score for alpha[5]: 0.1024
2025-08-16 09:43:39,409 - DEBUG - Joint score for alpha[6]: 0.1018
2025-08-16 09:43:42,920 - DEBUG - Joint score for alpha[7]: 0.1025
2025-08-16 09:43:46,431 - DEBUG - Joint score for alpha[8]: 0.1034
2025-08-16 09:43:49,942 - DEBUG - Joint score for alpha[9]: 0.1016
2025-08-16 09:43:53,453 - DEBUG - Joint score for alpha[10]: 0.1019
2025-08-16 09:43:56,963 - DEBUG - Joint score for alpha[11]: 0.1016
2025-08-16 09:44:00,471 - DEBUG - Joint score for alpha[12]: 0.1026
2025-08-16 09:44:03,982 - DEBUG - Joint score for alpha[13]: 0.1029
2025-08-16 09:44:07,492 - DEBUG - Joint score for alpha[14]: 0.1054
2025-08-16 09:44:11,002 - DEBUG - Joint score for alpha[15]: 0.1040
2025-08-16 09:44:17,902 - DEBUG - Joint score for alpha[0]: 0.1022
2025-08-16 09:44:21,415 - DEBUG - Joint score for alpha[1]: 0.1029
2025-08-16 09:44:24,926 - DEBUG - Joint score for alpha[2]: 0.1057
2025-08-16 09:44:28,436 - DEBUG - Joint score for alpha[3]: 0.1018
2025-08-16 09:44:31,946 - DEBUG - Joint score for alpha[4]: 0.1026
2025-08-16 09:44:35,458 - DEBUG - Joint score for alpha[5]: 0.1022
2025-08-16 09:44:38,970 - DEBUG - Joint score for alpha[6]: 0.1023
2025-08-16 09:44:42,480 - DEBUG - Joint score for alpha[7]: 0.1030
2025-08-16 09:44:45,992 - DEBUG - Joint score for alpha[8]: 0.1019
2025-08-16 09:44:49,502 - DEBUG - Joint score for alpha[9]: 0.1024
2025-08-16 09:44:53,014 - DEBUG - Joint score for alpha[10]: 0.1033
2025-08-16 09:44:56,526 - DEBUG - Joint score for alpha[11]: 0.1042
2025-08-16 09:45:00,036 - DEBUG - Joint score for alpha[12]: 0.1014
2025-08-16 09:45:03,547 - DEBUG - Joint score for alpha[13]: 0.1020
2025-08-16 09:45:07,058 - DEBUG - Joint score for alpha[14]: 0.1026
2025-08-16 09:45:10,568 - DEBUG - Joint score for alpha[15]: 0.1018
2025-08-16 09:45:17,466 - DEBUG - Joint score for alpha[0]: 0.1018
2025-08-16 09:45:20,978 - DEBUG - Joint score for alpha[1]: 0.1021
2025-08-16 09:45:24,489 - DEBUG - Joint score for alpha[2]: 0.1033
2025-08-16 09:45:27,999 - DEBUG - Joint score for alpha[3]: 0.1018
2025-08-16 09:45:31,510 - DEBUG - Joint score for alpha[4]: 0.1082
2025-08-16 09:45:35,019 - DEBUG - Joint score for alpha[5]: 0.1069
2025-08-16 09:45:38,529 - DEBUG - Joint score for alpha[6]: 0.1026
2025-08-16 09:45:42,039 - DEBUG - Joint score for alpha[7]: 0.1019
2025-08-16 09:45:45,549 - DEBUG - Joint score for alpha[8]: 0.1038
2025-08-16 09:45:49,061 - DEBUG - Joint score for alpha[9]: 0.1041
2025-08-16 09:45:52,572 - DEBUG - Joint score for alpha[10]: 0.1035
2025-08-16 09:45:56,082 - DEBUG - Joint score for alpha[11]: 0.1054
2025-08-16 09:45:59,592 - DEBUG - Joint score for alpha[12]: 0.1088
2025-08-16 09:46:03,103 - DEBUG - Joint score for alpha[13]: 0.1032
2025-08-16 09:46:06,614 - DEBUG - Joint score for alpha[14]: 0.1029
2025-08-16 09:46:10,126 - DEBUG - Joint score for alpha[15]: 0.1042
2025-08-16 09:46:10,169 - INFO - Step 11/120: mean CRPS=0.1016
2025-08-16 09:46:10,175 - DEBUG - Beginning Gibbs iteration s = 11
2025-08-16 09:46:19,966 - DEBUG - Joint score for alpha[0]: 0.1051
2025-08-16 09:46:23,477 - DEBUG - Joint score for alpha[1]: 0.1048
2025-08-16 09:46:26,986 - DEBUG - Joint score for alpha[2]: 0.1036
2025-08-16 09:46:30,495 - DEBUG - Joint score for alpha[3]: 0.1052
2025-08-16 09:46:34,005 - DEBUG - Joint score for alpha[4]: 0.1395
2025-08-16 09:46:37,513 - DEBUG - Joint score for alpha[5]: 0.1187
2025-08-16 09:46:41,021 - DEBUG - Joint score for alpha[6]: 0.1023
2025-08-16 09:46:44,529 - DEBUG - Joint score for alpha[7]: 0.1352
2025-08-16 09:46:48,037 - DEBUG - Joint score for alpha[8]: 0.1100
2025-08-16 09:46:51,548 - DEBUG - Joint score for alpha[9]: 0.1026
2025-08-16 09:46:55,059 - DEBUG - Joint score for alpha[10]: 0.1088
2025-08-16 09:46:58,568 - DEBUG - Joint score for alpha[11]: 0.1076
2025-08-16 09:47:02,077 - DEBUG - Joint score for alpha[12]: 0.1203
2025-08-16 09:47:05,588 - DEBUG - Joint score for alpha[13]: 0.1146
2025-08-16 09:47:09,095 - DEBUG - Joint score for alpha[14]: 0.1370
2025-08-16 09:47:12,604 - DEBUG - Joint score for alpha[15]: 0.1181
2025-08-16 09:47:19,340 - DEBUG - Joint score for alpha[0]: 0.1060
2025-08-16 09:47:22,852 - DEBUG - Joint score for alpha[1]: 0.1025
2025-08-16 09:47:26,362 - DEBUG - Joint score for alpha[2]: 0.1021
2025-08-16 09:47:29,873 - DEBUG - Joint score for alpha[3]: 0.1028
2025-08-16 09:47:33,384 - DEBUG - Joint score for alpha[4]: 0.1059
2025-08-16 09:47:36,893 - DEBUG - Joint score for alpha[5]: 0.1022
2025-08-16 09:47:40,403 - DEBUG - Joint score for alpha[6]: 0.1024
2025-08-16 09:47:43,913 - DEBUG - Joint score for alpha[7]: 0.1026
2025-08-16 09:47:47,424 - DEBUG - Joint score for alpha[8]: 0.1186
2025-08-16 09:47:50,936 - DEBUG - Joint score for alpha[9]: 0.1028
2025-08-16 09:47:54,447 - DEBUG - Joint score for alpha[10]: 0.1149
2025-08-16 09:47:57,957 - DEBUG - Joint score for alpha[11]: 0.1119
2025-08-16 09:48:01,467 - DEBUG - Joint score for alpha[12]: 0.1023
2025-08-16 09:48:04,977 - DEBUG - Joint score for alpha[13]: 0.1026
2025-08-16 09:48:08,488 - DEBUG - Joint score for alpha[14]: 0.1026
2025-08-16 09:48:12,001 - DEBUG - Joint score for alpha[15]: 0.1032
2025-08-16 09:48:18,736 - DEBUG - Joint score for alpha[0]: 0.1023
2025-08-16 09:48:22,248 - DEBUG - Joint score for alpha[1]: 0.1026
2025-08-16 09:48:25,760 - DEBUG - Joint score for alpha[2]: 0.1116
2025-08-16 09:48:29,269 - DEBUG - Joint score for alpha[3]: 0.1029
2025-08-16 09:48:32,779 - DEBUG - Joint score for alpha[4]: 0.1030
2025-08-16 09:48:36,286 - DEBUG - Joint score for alpha[5]: 0.1024
2025-08-16 09:48:39,796 - DEBUG - Joint score for alpha[6]: 0.1023
2025-08-16 09:48:43,303 - DEBUG - Joint score for alpha[7]: 0.1045
2025-08-16 09:48:46,813 - DEBUG - Joint score for alpha[8]: 0.1028
2025-08-16 09:48:50,322 - DEBUG - Joint score for alpha[9]: 0.1022
2025-08-16 09:48:53,832 - DEBUG - Joint score for alpha[10]: 0.1036
2025-08-16 09:48:57,341 - DEBUG - Joint score for alpha[11]: 0.1030
2025-08-16 09:49:00,849 - DEBUG - Joint score for alpha[12]: 0.1033
2025-08-16 09:49:04,357 - DEBUG - Joint score for alpha[13]: 0.1028
2025-08-16 09:49:07,865 - DEBUG - Joint score for alpha[14]: 0.1043
2025-08-16 09:49:11,374 - DEBUG - Joint score for alpha[15]: 0.1096
2025-08-16 09:49:18,238 - DEBUG - Joint score for alpha[0]: 0.1022
2025-08-16 09:49:21,746 - DEBUG - Joint score for alpha[1]: 0.1051
2025-08-16 09:49:25,253 - DEBUG - Joint score for alpha[2]: 0.1018
2025-08-16 09:49:28,760 - DEBUG - Joint score for alpha[3]: 0.1023
2025-08-16 09:49:32,267 - DEBUG - Joint score for alpha[4]: 0.1025
2025-08-16 09:49:35,772 - DEBUG - Joint score for alpha[5]: 0.1022
2025-08-16 09:49:39,277 - DEBUG - Joint score for alpha[6]: 0.1039
2025-08-16 09:49:42,782 - DEBUG - Joint score for alpha[7]: 0.1027
2025-08-16 09:49:46,287 - DEBUG - Joint score for alpha[8]: 0.1037
2025-08-16 09:49:49,793 - DEBUG - Joint score for alpha[9]: 0.1122
2025-08-16 09:49:53,300 - DEBUG - Joint score for alpha[10]: 0.1035
2025-08-16 09:49:56,805 - DEBUG - Joint score for alpha[11]: 0.1022
2025-08-16 09:50:00,310 - DEBUG - Joint score for alpha[12]: 0.1029
2025-08-16 09:50:03,817 - DEBUG - Joint score for alpha[13]: 0.1019
2025-08-16 09:50:07,323 - DEBUG - Joint score for alpha[14]: 0.1026
2025-08-16 09:50:10,829 - DEBUG - Joint score for alpha[15]: 0.1024
2025-08-16 09:50:17,709 - DEBUG - Joint score for alpha[0]: 0.1042
2025-08-16 09:50:21,220 - DEBUG - Joint score for alpha[1]: 0.1044
2025-08-16 09:50:24,727 - DEBUG - Joint score for alpha[2]: 0.1026
2025-08-16 09:50:28,232 - DEBUG - Joint score for alpha[3]: 0.1026
2025-08-16 09:50:31,740 - DEBUG - Joint score for alpha[4]: 0.1051
2025-08-16 09:50:35,245 - DEBUG - Joint score for alpha[5]: 0.1025
2025-08-16 09:50:38,752 - DEBUG - Joint score for alpha[6]: 0.1049
2025-08-16 09:50:42,257 - DEBUG - Joint score for alpha[7]: 0.1027
2025-08-16 09:50:45,764 - DEBUG - Joint score for alpha[8]: 0.1046
2025-08-16 09:50:49,270 - DEBUG - Joint score for alpha[9]: 0.1024
2025-08-16 09:50:52,779 - DEBUG - Joint score for alpha[10]: 0.1042
2025-08-16 09:50:56,285 - DEBUG - Joint score for alpha[11]: 0.1023
2025-08-16 09:50:59,791 - DEBUG - Joint score for alpha[12]: 0.1086
2025-08-16 09:51:03,300 - DEBUG - Joint score for alpha[13]: 0.1026
2025-08-16 09:51:06,809 - DEBUG - Joint score for alpha[14]: 0.1026
2025-08-16 09:51:10,317 - DEBUG - Joint score for alpha[15]: 0.1035
2025-08-16 09:51:10,360 - INFO - Step 12/120: mean CRPS=0.1021
2025-08-16 09:51:10,363 - DEBUG - Beginning Gibbs iteration s = 12
2025-08-16 09:51:20,844 - DEBUG - Joint score for alpha[0]: 0.1166
2025-08-16 09:51:24,355 - DEBUG - Joint score for alpha[1]: 0.1077
2025-08-16 09:51:27,864 - DEBUG - Joint score for alpha[2]: 0.1065
2025-08-16 09:51:31,373 - DEBUG - Joint score for alpha[3]: 0.1188
2025-08-16 09:51:34,881 - DEBUG - Joint score for alpha[4]: 0.1119
2025-08-16 09:51:38,386 - DEBUG - Joint score for alpha[5]: 0.1254
2025-08-16 09:51:41,892 - DEBUG - Joint score for alpha[6]: 0.1124
2025-08-16 09:51:45,397 - DEBUG - Joint score for alpha[7]: 0.1027
2025-08-16 09:51:48,904 - DEBUG - Joint score for alpha[8]: 0.1104
2025-08-16 09:51:52,410 - DEBUG - Joint score for alpha[9]: 0.1172
2025-08-16 09:51:55,920 - DEBUG - Joint score for alpha[10]: 0.1074
2025-08-16 09:51:59,426 - DEBUG - Joint score for alpha[11]: 0.1050
2025-08-16 09:52:02,932 - DEBUG - Joint score for alpha[12]: 0.1063
2025-08-16 09:52:06,440 - DEBUG - Joint score for alpha[13]: 0.1089
2025-08-16 09:52:09,948 - DEBUG - Joint score for alpha[14]: 0.1043
2025-08-16 09:52:13,454 - DEBUG - Joint score for alpha[15]: 0.1067
2025-08-16 09:52:20,197 - DEBUG - Joint score for alpha[0]: 0.1106
2025-08-16 09:52:23,710 - DEBUG - Joint score for alpha[1]: 0.1028
2025-08-16 09:52:27,219 - DEBUG - Joint score for alpha[2]: 0.1071
2025-08-16 09:52:30,728 - DEBUG - Joint score for alpha[3]: 0.1105
2025-08-16 09:52:34,238 - DEBUG - Joint score for alpha[4]: 0.1090
2025-08-16 09:52:37,746 - DEBUG - Joint score for alpha[5]: 0.1037
2025-08-16 09:52:41,257 - DEBUG - Joint score for alpha[6]: 0.1031
2025-08-16 09:52:44,765 - DEBUG - Joint score for alpha[7]: 0.1031
2025-08-16 09:52:48,275 - DEBUG - Joint score for alpha[8]: 0.1028
2025-08-16 09:52:51,786 - DEBUG - Joint score for alpha[9]: 0.1032
2025-08-16 09:52:55,295 - DEBUG - Joint score for alpha[10]: 0.1049
2025-08-16 09:52:58,804 - DEBUG - Joint score for alpha[11]: 0.1025
2025-08-16 09:53:02,313 - DEBUG - Joint score for alpha[12]: 0.1026
2025-08-16 09:53:05,824 - DEBUG - Joint score for alpha[13]: 0.1025
2025-08-16 09:53:09,334 - DEBUG - Joint score for alpha[14]: 0.1042
2025-08-16 09:53:12,847 - DEBUG - Joint score for alpha[15]: 0.1031
2025-08-16 09:53:19,567 - DEBUG - Joint score for alpha[0]: 0.1033
2025-08-16 09:53:23,079 - DEBUG - Joint score for alpha[1]: 0.1034
2025-08-16 09:53:26,586 - DEBUG - Joint score for alpha[2]: 0.1029
2025-08-16 09:53:30,093 - DEBUG - Joint score for alpha[3]: 0.1029
2025-08-16 09:53:33,600 - DEBUG - Joint score for alpha[4]: 0.1046
2025-08-16 09:53:37,106 - DEBUG - Joint score for alpha[5]: 0.1029
2025-08-16 09:53:40,613 - DEBUG - Joint score for alpha[6]: 0.1132
2025-08-16 09:53:44,119 - DEBUG - Joint score for alpha[7]: 0.1033
2025-08-16 09:53:47,625 - DEBUG - Joint score for alpha[8]: 0.1028
2025-08-16 09:53:51,131 - DEBUG - Joint score for alpha[9]: 0.1030
2025-08-16 09:53:54,638 - DEBUG - Joint score for alpha[10]: 0.1085
2025-08-16 09:53:58,144 - DEBUG - Joint score for alpha[11]: 0.1039
2025-08-16 09:54:01,649 - DEBUG - Joint score for alpha[12]: 0.1045
2025-08-16 09:54:05,155 - DEBUG - Joint score for alpha[13]: 0.1054
2025-08-16 09:54:08,662 - DEBUG - Joint score for alpha[14]: 0.1039
2025-08-16 09:54:12,170 - DEBUG - Joint score for alpha[15]: 0.1027
2025-08-16 09:54:18,929 - DEBUG - Joint score for alpha[0]: 0.1031
2025-08-16 09:54:22,441 - DEBUG - Joint score for alpha[1]: 0.1056
2025-08-16 09:54:25,950 - DEBUG - Joint score for alpha[2]: 0.1033
2025-08-16 09:54:29,459 - DEBUG - Joint score for alpha[3]: 0.1040
2025-08-16 09:54:32,968 - DEBUG - Joint score for alpha[4]: 0.1030
2025-08-16 09:54:36,475 - DEBUG - Joint score for alpha[5]: 0.1031
2025-08-16 09:54:39,985 - DEBUG - Joint score for alpha[6]: 0.1026
2025-08-16 09:54:43,493 - DEBUG - Joint score for alpha[7]: 0.1041
2025-08-16 09:54:47,001 - DEBUG - Joint score for alpha[8]: 0.1052
2025-08-16 09:54:50,508 - DEBUG - Joint score for alpha[9]: 0.1037
2025-08-16 09:54:54,015 - DEBUG - Joint score for alpha[10]: 0.1026
2025-08-16 09:54:57,520 - DEBUG - Joint score for alpha[11]: 0.1028
2025-08-16 09:55:01,024 - DEBUG - Joint score for alpha[12]: 0.1024
2025-08-16 09:55:04,531 - DEBUG - Joint score for alpha[13]: 0.1045
2025-08-16 09:55:08,037 - DEBUG - Joint score for alpha[14]: 0.1024
2025-08-16 09:55:11,541 - DEBUG - Joint score for alpha[15]: 0.1032
2025-08-16 09:55:18,267 - DEBUG - Joint score for alpha[0]: 0.1029
2025-08-16 09:55:21,778 - DEBUG - Joint score for alpha[1]: 0.1077
2025-08-16 09:55:25,287 - DEBUG - Joint score for alpha[2]: 0.1030
2025-08-16 09:55:28,792 - DEBUG - Joint score for alpha[3]: 0.1026
2025-08-16 09:55:32,299 - DEBUG - Joint score for alpha[4]: 0.1031
2025-08-16 09:55:35,804 - DEBUG - Joint score for alpha[5]: 0.1029
2025-08-16 09:55:39,311 - DEBUG - Joint score for alpha[6]: 0.1025
2025-08-16 09:55:42,816 - DEBUG - Joint score for alpha[7]: 0.1022
2025-08-16 09:55:46,323 - DEBUG - Joint score for alpha[8]: 0.1026
2025-08-16 09:55:49,830 - DEBUG - Joint score for alpha[9]: 0.1074
2025-08-16 09:55:53,339 - DEBUG - Joint score for alpha[10]: 0.1026
2025-08-16 09:55:56,846 - DEBUG - Joint score for alpha[11]: 0.1037
2025-08-16 09:56:00,352 - DEBUG - Joint score for alpha[12]: 0.1028
2025-08-16 09:56:03,860 - DEBUG - Joint score for alpha[13]: 0.1023
2025-08-16 09:56:07,368 - DEBUG - Joint score for alpha[14]: 0.1027
2025-08-16 09:56:10,875 - DEBUG - Joint score for alpha[15]: 0.1067
2025-08-16 09:56:10,918 - INFO - Step 13/120: mean CRPS=0.1025
2025-08-16 09:56:10,921 - DEBUG - Beginning Gibbs iteration s = 13
2025-08-16 09:56:20,849 - DEBUG - Joint score for alpha[0]: 0.1102
2025-08-16 09:56:24,361 - DEBUG - Joint score for alpha[1]: 0.1196
2025-08-16 09:56:27,870 - DEBUG - Joint score for alpha[2]: 0.1161
2025-08-16 09:56:31,379 - DEBUG - Joint score for alpha[3]: 0.1090
2025-08-16 09:56:34,889 - DEBUG - Joint score for alpha[4]: 0.1183
2025-08-16 09:56:38,397 - DEBUG - Joint score for alpha[5]: 0.1036
2025-08-16 09:56:41,906 - DEBUG - Joint score for alpha[6]: 0.1024
2025-08-16 09:56:45,414 - DEBUG - Joint score for alpha[7]: 0.1044
2025-08-16 09:56:48,922 - DEBUG - Joint score for alpha[8]: 0.1224
2025-08-16 09:56:52,430 - DEBUG - Joint score for alpha[9]: 0.1103
2025-08-16 09:56:55,940 - DEBUG - Joint score for alpha[10]: 0.1085
2025-08-16 09:56:59,448 - DEBUG - Joint score for alpha[11]: 0.1256
2025-08-16 09:57:02,956 - DEBUG - Joint score for alpha[12]: 0.1089
2025-08-16 09:57:06,466 - DEBUG - Joint score for alpha[13]: 0.1090
2025-08-16 09:57:09,976 - DEBUG - Joint score for alpha[14]: 0.1119
2025-08-16 09:57:13,484 - DEBUG - Joint score for alpha[15]: 0.1024
2025-08-16 09:57:20,237 - DEBUG - Joint score for alpha[0]: 0.1033
2025-08-16 09:57:23,751 - DEBUG - Joint score for alpha[1]: 0.1082
2025-08-16 09:57:27,262 - DEBUG - Joint score for alpha[2]: 0.1058
2025-08-16 09:57:30,773 - DEBUG - Joint score for alpha[3]: 0.1057
2025-08-16 09:57:34,285 - DEBUG - Joint score for alpha[4]: 0.1207
2025-08-16 09:57:37,795 - DEBUG - Joint score for alpha[5]: 0.1100
2025-08-16 09:57:41,307 - DEBUG - Joint score for alpha[6]: 0.1049
2025-08-16 09:57:44,817 - DEBUG - Joint score for alpha[7]: 0.1152
2025-08-16 09:57:48,327 - DEBUG - Joint score for alpha[8]: 0.1131
2025-08-16 09:57:51,836 - DEBUG - Joint score for alpha[9]: 0.1042
2025-08-16 09:57:55,348 - DEBUG - Joint score for alpha[10]: 0.1100
2025-08-16 09:57:58,856 - DEBUG - Joint score for alpha[11]: 0.1027
2025-08-16 09:58:02,363 - DEBUG - Joint score for alpha[12]: 0.1041
2025-08-16 09:58:05,872 - DEBUG - Joint score for alpha[13]: 0.1027
2025-08-16 09:58:09,381 - DEBUG - Joint score for alpha[14]: 0.1030
2025-08-16 09:58:12,889 - DEBUG - Joint score for alpha[15]: 0.1025
2025-08-16 09:58:19,745 - DEBUG - Joint score for alpha[0]: 0.1037
2025-08-16 09:58:23,256 - DEBUG - Joint score for alpha[1]: 0.1036
2025-08-16 09:58:26,765 - DEBUG - Joint score for alpha[2]: 0.1049
2025-08-16 09:58:30,274 - DEBUG - Joint score for alpha[3]: 0.1028
2025-08-16 09:58:33,783 - DEBUG - Joint score for alpha[4]: 0.1055
2025-08-16 09:58:37,291 - DEBUG - Joint score for alpha[5]: 0.1034
2025-08-16 09:58:40,801 - DEBUG - Joint score for alpha[6]: 0.1048
2025-08-16 09:58:44,309 - DEBUG - Joint score for alpha[7]: 0.1081
2025-08-16 09:58:47,818 - DEBUG - Joint score for alpha[8]: 0.1031
2025-08-16 09:58:51,326 - DEBUG - Joint score for alpha[9]: 0.1033
2025-08-16 09:58:54,838 - DEBUG - Joint score for alpha[10]: 0.1027
2025-08-16 09:58:58,347 - DEBUG - Joint score for alpha[11]: 0.1039
2025-08-16 09:59:01,855 - DEBUG - Joint score for alpha[12]: 0.1040
2025-08-16 09:59:05,365 - DEBUG - Joint score for alpha[13]: 0.1032
2025-08-16 09:59:08,876 - DEBUG - Joint score for alpha[14]: 0.1062
2025-08-16 09:59:12,384 - DEBUG - Joint score for alpha[15]: 0.1033
2025-08-16 09:59:19,113 - DEBUG - Joint score for alpha[0]: 0.1033
2025-08-16 09:59:22,624 - DEBUG - Joint score for alpha[1]: 0.1027
2025-08-16 09:59:26,135 - DEBUG - Joint score for alpha[2]: 0.1077
2025-08-16 09:59:29,644 - DEBUG - Joint score for alpha[3]: 0.1046
2025-08-16 09:59:33,152 - DEBUG - Joint score for alpha[4]: 0.1033
2025-08-16 09:59:36,657 - DEBUG - Joint score for alpha[5]: 0.1037
2025-08-16 09:59:40,165 - DEBUG - Joint score for alpha[6]: 0.1045
2025-08-16 09:59:43,674 - DEBUG - Joint score for alpha[7]: 0.1042
2025-08-16 09:59:47,183 - DEBUG - Joint score for alpha[8]: 0.1034
2025-08-16 09:59:50,694 - DEBUG - Joint score for alpha[9]: 0.1068
2025-08-16 09:59:54,205 - DEBUG - Joint score for alpha[10]: 0.1053
2025-08-16 09:59:57,714 - DEBUG - Joint score for alpha[11]: 0.1025
2025-08-16 10:00:01,224 - DEBUG - Joint score for alpha[12]: 0.1023
2025-08-16 10:00:04,732 - DEBUG - Joint score for alpha[13]: 0.1031
2025-08-16 10:00:08,243 - DEBUG - Joint score for alpha[14]: 0.1029
2025-08-16 10:00:11,751 - DEBUG - Joint score for alpha[15]: 0.1030
2025-08-16 10:00:18,483 - DEBUG - Joint score for alpha[0]: 0.1040
2025-08-16 10:00:21,997 - DEBUG - Joint score for alpha[1]: 0.1030
2025-08-16 10:00:25,508 - DEBUG - Joint score for alpha[2]: 0.1036
2025-08-16 10:00:29,019 - DEBUG - Joint score for alpha[3]: 0.1040
2025-08-16 10:00:32,530 - DEBUG - Joint score for alpha[4]: 0.1032
2025-08-16 10:00:36,040 - DEBUG - Joint score for alpha[5]: 0.1033
2025-08-16 10:00:39,551 - DEBUG - Joint score for alpha[6]: 0.1065
2025-08-16 10:00:43,062 - DEBUG - Joint score for alpha[7]: 0.1037
2025-08-16 10:00:46,572 - DEBUG - Joint score for alpha[8]: 0.1032
2025-08-16 10:00:50,080 - DEBUG - Joint score for alpha[9]: 0.1044
2025-08-16 10:00:53,590 - DEBUG - Joint score for alpha[10]: 0.1129
2025-08-16 10:00:57,099 - DEBUG - Joint score for alpha[11]: 0.1032
2025-08-16 10:01:00,606 - DEBUG - Joint score for alpha[12]: 0.1032
2025-08-16 10:01:04,115 - DEBUG - Joint score for alpha[13]: 0.1059
2025-08-16 10:01:07,625 - DEBUG - Joint score for alpha[14]: 0.1025
2025-08-16 10:01:11,134 - DEBUG - Joint score for alpha[15]: 0.1055
2025-08-16 10:01:11,177 - INFO - Step 14/120: mean CRPS=0.1025
2025-08-16 10:01:11,184 - DEBUG - Beginning Gibbs iteration s = 14
2025-08-16 10:01:19,912 - DEBUG - Joint score for alpha[0]: 0.1022
2025-08-16 10:01:23,422 - DEBUG - Joint score for alpha[1]: 0.1020
2025-08-16 10:01:26,931 - DEBUG - Joint score for alpha[2]: 0.1054
2025-08-16 10:01:30,439 - DEBUG - Joint score for alpha[3]: 0.1087
2025-08-16 10:01:33,948 - DEBUG - Joint score for alpha[4]: 0.1020
2025-08-16 10:01:37,455 - DEBUG - Joint score for alpha[5]: 0.1115
2025-08-16 10:01:40,965 - DEBUG - Joint score for alpha[6]: 0.1024
2025-08-16 10:01:44,472 - DEBUG - Joint score for alpha[7]: 0.1062
2025-08-16 10:01:47,978 - DEBUG - Joint score for alpha[8]: 0.1048
2025-08-16 10:01:51,487 - DEBUG - Joint score for alpha[9]: 0.1081
2025-08-16 10:01:54,994 - DEBUG - Joint score for alpha[10]: 0.1056
2025-08-16 10:01:58,501 - DEBUG - Joint score for alpha[11]: 0.1177
2025-08-16 10:02:02,008 - DEBUG - Joint score for alpha[12]: 0.1104
2025-08-16 10:02:05,515 - DEBUG - Joint score for alpha[13]: 0.1020
2025-08-16 10:02:09,022 - DEBUG - Joint score for alpha[14]: 0.1023
2025-08-16 10:02:12,531 - DEBUG - Joint score for alpha[15]: 0.1021
2025-08-16 10:02:19,428 - DEBUG - Joint score for alpha[0]: 0.1023
2025-08-16 10:02:22,940 - DEBUG - Joint score for alpha[1]: 0.1037
2025-08-16 10:02:26,449 - DEBUG - Joint score for alpha[2]: 0.1083
2025-08-16 10:02:29,959 - DEBUG - Joint score for alpha[3]: 0.1039
2025-08-16 10:02:33,469 - DEBUG - Joint score for alpha[4]: 0.1022
2025-08-16 10:02:36,976 - DEBUG - Joint score for alpha[5]: 0.1057
2025-08-16 10:02:40,483 - DEBUG - Joint score for alpha[6]: 0.1073
2025-08-16 10:02:43,989 - DEBUG - Joint score for alpha[7]: 0.1031
2025-08-16 10:02:47,497 - DEBUG - Joint score for alpha[8]: 0.1053
2025-08-16 10:02:51,005 - DEBUG - Joint score for alpha[9]: 0.1046
2025-08-16 10:02:54,512 - DEBUG - Joint score for alpha[10]: 0.1021
2025-08-16 10:02:58,019 - DEBUG - Joint score for alpha[11]: 0.1027
2025-08-16 10:03:01,526 - DEBUG - Joint score for alpha[12]: 0.1062
2025-08-16 10:03:05,033 - DEBUG - Joint score for alpha[13]: 0.1031
2025-08-16 10:03:08,542 - DEBUG - Joint score for alpha[14]: 0.1065
2025-08-16 10:03:12,050 - DEBUG - Joint score for alpha[15]: 0.1032
2025-08-16 10:03:18,932 - DEBUG - Joint score for alpha[0]: 0.1036
2025-08-16 10:03:22,444 - DEBUG - Joint score for alpha[1]: 0.1025
2025-08-16 10:03:25,954 - DEBUG - Joint score for alpha[2]: 0.1027
2025-08-16 10:03:29,463 - DEBUG - Joint score for alpha[3]: 0.1025
2025-08-16 10:03:32,974 - DEBUG - Joint score for alpha[4]: 0.1022
2025-08-16 10:03:36,482 - DEBUG - Joint score for alpha[5]: 0.1043
2025-08-16 10:03:39,992 - DEBUG - Joint score for alpha[6]: 0.1048
2025-08-16 10:03:43,501 - DEBUG - Joint score for alpha[7]: 0.1038
2025-08-16 10:03:47,007 - DEBUG - Joint score for alpha[8]: 0.1029
2025-08-16 10:03:50,513 - DEBUG - Joint score for alpha[9]: 0.1023
2025-08-16 10:03:54,021 - DEBUG - Joint score for alpha[10]: 0.1024
2025-08-16 10:03:57,528 - DEBUG - Joint score for alpha[11]: 0.1029
2025-08-16 10:04:01,034 - DEBUG - Joint score for alpha[12]: 0.1025
2025-08-16 10:04:04,542 - DEBUG - Joint score for alpha[13]: 0.1025
2025-08-16 10:04:08,050 - DEBUG - Joint score for alpha[14]: 0.1022
2025-08-16 10:04:11,558 - DEBUG - Joint score for alpha[15]: 0.1030
2025-08-16 10:04:18,309 - DEBUG - Joint score for alpha[0]: 0.1157
2025-08-16 10:04:21,823 - DEBUG - Joint score for alpha[1]: 0.1032
2025-08-16 10:04:25,335 - DEBUG - Joint score for alpha[2]: 0.1027
2025-08-16 10:04:28,847 - DEBUG - Joint score for alpha[3]: 0.1019
2025-08-16 10:04:32,360 - DEBUG - Joint score for alpha[4]: 0.1040
2025-08-16 10:04:35,870 - DEBUG - Joint score for alpha[5]: 0.1035
2025-08-16 10:04:39,383 - DEBUG - Joint score for alpha[6]: 0.1064
2025-08-16 10:04:42,893 - DEBUG - Joint score for alpha[7]: 0.1051
2025-08-16 10:04:46,405 - DEBUG - Joint score for alpha[8]: 0.1032
2025-08-16 10:04:49,917 - DEBUG - Joint score for alpha[9]: 0.1026
2025-08-16 10:04:53,431 - DEBUG - Joint score for alpha[10]: 0.1029
2025-08-16 10:04:56,941 - DEBUG - Joint score for alpha[11]: 0.1025
2025-08-16 10:05:00,450 - DEBUG - Joint score for alpha[12]: 0.1034
2025-08-16 10:05:03,959 - DEBUG - Joint score for alpha[13]: 0.1036
2025-08-16 10:05:07,470 - DEBUG - Joint score for alpha[14]: 0.1030
2025-08-16 10:05:10,979 - DEBUG - Joint score for alpha[15]: 0.1025
2025-08-16 10:05:17,710 - DEBUG - Joint score for alpha[0]: 0.1032
2025-08-16 10:05:21,225 - DEBUG - Joint score for alpha[1]: 0.1058
2025-08-16 10:05:24,737 - DEBUG - Joint score for alpha[2]: 0.1032
2025-08-16 10:05:28,248 - DEBUG - Joint score for alpha[3]: 0.1021
2025-08-16 10:05:31,758 - DEBUG - Joint score for alpha[4]: 0.1136
2025-08-16 10:05:35,268 - DEBUG - Joint score for alpha[5]: 0.1026
2025-08-16 10:05:38,778 - DEBUG - Joint score for alpha[6]: 0.1045
2025-08-16 10:05:42,285 - DEBUG - Joint score for alpha[7]: 0.1044
2025-08-16 10:05:45,792 - DEBUG - Joint score for alpha[8]: 0.1021
2025-08-16 10:05:49,301 - DEBUG - Joint score for alpha[9]: 0.1023
2025-08-16 10:05:52,809 - DEBUG - Joint score for alpha[10]: 0.1049
2025-08-16 10:05:56,317 - DEBUG - Joint score for alpha[11]: 0.1026
2025-08-16 10:05:59,824 - DEBUG - Joint score for alpha[12]: 0.1028
2025-08-16 10:06:03,331 - DEBUG - Joint score for alpha[13]: 0.1025
2025-08-16 10:06:06,839 - DEBUG - Joint score for alpha[14]: 0.1030
2025-08-16 10:06:10,346 - DEBUG - Joint score for alpha[15]: 0.1027
2025-08-16 10:06:10,389 - INFO - Step 15/120: mean CRPS=0.1020
2025-08-16 10:06:10,393 - DEBUG - Beginning Gibbs iteration s = 15
2025-08-16 10:06:12,729 - DEBUG - Proposal variance adapted: 0.061
2025-08-16 10:06:19,492 - DEBUG - Joint score for alpha[0]: 0.1216
2025-08-16 10:06:23,004 - DEBUG - Joint score for alpha[1]: 0.1099
2025-08-16 10:06:26,513 - DEBUG - Joint score for alpha[2]: 0.1243
2025-08-16 10:06:30,022 - DEBUG - Joint score for alpha[3]: 0.1089
2025-08-16 10:06:33,531 - DEBUG - Joint score for alpha[4]: 0.1224
2025-08-16 10:06:37,037 - DEBUG - Joint score for alpha[5]: 0.1092
2025-08-16 10:06:40,545 - DEBUG - Joint score for alpha[6]: 0.1049
2025-08-16 10:06:44,051 - DEBUG - Joint score for alpha[7]: 0.1139
2025-08-16 10:06:47,561 - DEBUG - Joint score for alpha[8]: 0.1316
2025-08-16 10:06:51,068 - DEBUG - Joint score for alpha[9]: 0.1043
2025-08-16 10:06:54,578 - DEBUG - Joint score for alpha[10]: 0.1169
2025-08-16 10:06:58,085 - DEBUG - Joint score for alpha[11]: 0.1044
2025-08-16 10:07:01,592 - DEBUG - Joint score for alpha[12]: 0.1114
2025-08-16 10:07:05,101 - DEBUG - Joint score for alpha[13]: 0.1037
2025-08-16 10:07:08,609 - DEBUG - Joint score for alpha[14]: 0.1079
2025-08-16 10:07:12,118 - DEBUG - Joint score for alpha[15]: 0.1104
2025-08-16 10:07:19,016 - DEBUG - Joint score for alpha[0]: 0.1062
2025-08-16 10:07:22,527 - DEBUG - Joint score for alpha[1]: 0.1055
2025-08-16 10:07:26,035 - DEBUG - Joint score for alpha[2]: 0.1043
2025-08-16 10:07:29,543 - DEBUG - Joint score for alpha[3]: 0.1071
2025-08-16 10:07:33,052 - DEBUG - Joint score for alpha[4]: 0.1042
2025-08-16 10:07:36,560 - DEBUG - Joint score for alpha[5]: 0.1038
2025-08-16 10:07:40,068 - DEBUG - Joint score for alpha[6]: 0.1038
2025-08-16 10:07:43,574 - DEBUG - Joint score for alpha[7]: 0.1045
2025-08-16 10:07:47,082 - DEBUG - Joint score for alpha[8]: 0.1067
2025-08-16 10:07:50,592 - DEBUG - Joint score for alpha[9]: 0.1234
2025-08-16 10:07:54,099 - DEBUG - Joint score for alpha[10]: 0.1074
2025-08-16 10:07:57,606 - DEBUG - Joint score for alpha[11]: 0.1041
2025-08-16 10:08:01,113 - DEBUG - Joint score for alpha[12]: 0.1046
2025-08-16 10:08:04,621 - DEBUG - Joint score for alpha[13]: 0.1047
2025-08-16 10:08:08,129 - DEBUG - Joint score for alpha[14]: 0.1049
2025-08-16 10:08:11,636 - DEBUG - Joint score for alpha[15]: 0.1078
2025-08-16 10:08:18,544 - DEBUG - Joint score for alpha[0]: 0.1044
2025-08-16 10:08:22,056 - DEBUG - Joint score for alpha[1]: 0.1044
2025-08-16 10:08:25,566 - DEBUG - Joint score for alpha[2]: 0.1064
2025-08-16 10:08:29,076 - DEBUG - Joint score for alpha[3]: 0.1101
2025-08-16 10:08:32,587 - DEBUG - Joint score for alpha[4]: 0.1097
2025-08-16 10:08:36,095 - DEBUG - Joint score for alpha[5]: 0.1056
2025-08-16 10:08:39,604 - DEBUG - Joint score for alpha[6]: 0.1073
2025-08-16 10:08:43,113 - DEBUG - Joint score for alpha[7]: 0.1044
2025-08-16 10:08:46,624 - DEBUG - Joint score for alpha[8]: 0.1041
2025-08-16 10:08:50,133 - DEBUG - Joint score for alpha[9]: 0.1091
2025-08-16 10:08:53,644 - DEBUG - Joint score for alpha[10]: 0.1046
2025-08-16 10:08:57,154 - DEBUG - Joint score for alpha[11]: 0.1040
2025-08-16 10:09:00,663 - DEBUG - Joint score for alpha[12]: 0.1038
2025-08-16 10:09:04,174 - DEBUG - Joint score for alpha[13]: 0.1062
2025-08-16 10:09:07,683 - DEBUG - Joint score for alpha[14]: 0.1043
2025-08-16 10:09:11,189 - DEBUG - Joint score for alpha[15]: 0.1061
2025-08-16 10:09:17,932 - DEBUG - Joint score for alpha[0]: 0.1042
2025-08-16 10:09:21,446 - DEBUG - Joint score for alpha[1]: 0.1047
2025-08-16 10:09:24,959 - DEBUG - Joint score for alpha[2]: 0.1054
2025-08-16 10:09:28,472 - DEBUG - Joint score for alpha[3]: 0.1035
2025-08-16 10:09:31,984 - DEBUG - Joint score for alpha[4]: 0.1094
2025-08-16 10:09:35,495 - DEBUG - Joint score for alpha[5]: 0.1044
2025-08-16 10:09:39,007 - DEBUG - Joint score for alpha[6]: 0.1044
2025-08-16 10:09:42,518 - DEBUG - Joint score for alpha[7]: 0.1042
2025-08-16 10:09:46,030 - DEBUG - Joint score for alpha[8]: 0.1040
2025-08-16 10:09:49,540 - DEBUG - Joint score for alpha[9]: 0.1040
2025-08-16 10:09:53,050 - DEBUG - Joint score for alpha[10]: 0.1052
2025-08-16 10:09:56,559 - DEBUG - Joint score for alpha[11]: 0.1046
2025-08-16 10:10:00,067 - DEBUG - Joint score for alpha[12]: 0.1043
2025-08-16 10:10:03,578 - DEBUG - Joint score for alpha[13]: 0.1047
2025-08-16 10:10:07,088 - DEBUG - Joint score for alpha[14]: 0.1049
2025-08-16 10:10:10,598 - DEBUG - Joint score for alpha[15]: 0.1051
2025-08-16 10:10:17,337 - DEBUG - Joint score for alpha[0]: 0.1046
2025-08-16 10:10:20,852 - DEBUG - Joint score for alpha[1]: 0.1059
2025-08-16 10:10:24,365 - DEBUG - Joint score for alpha[2]: 0.1072
2025-08-16 10:10:27,876 - DEBUG - Joint score for alpha[3]: 0.1076
2025-08-16 10:10:31,387 - DEBUG - Joint score for alpha[4]: 0.1049
2025-08-16 10:10:34,896 - DEBUG - Joint score for alpha[5]: 0.1039
2025-08-16 10:10:38,406 - DEBUG - Joint score for alpha[6]: 0.1084
2025-08-16 10:10:41,915 - DEBUG - Joint score for alpha[7]: 0.1067
2025-08-16 10:10:45,423 - DEBUG - Joint score for alpha[8]: 0.1085
2025-08-16 10:10:48,932 - DEBUG - Joint score for alpha[9]: 0.1072
2025-08-16 10:10:52,439 - DEBUG - Joint score for alpha[10]: 0.1046
2025-08-16 10:10:55,947 - DEBUG - Joint score for alpha[11]: 0.1049
2025-08-16 10:10:59,454 - DEBUG - Joint score for alpha[12]: 0.1048
2025-08-16 10:11:02,963 - DEBUG - Joint score for alpha[13]: 0.1041
2025-08-16 10:11:06,470 - DEBUG - Joint score for alpha[14]: 0.1043
2025-08-16 10:11:09,979 - DEBUG - Joint score for alpha[15]: 0.1061
2025-08-16 10:11:10,021 - INFO - Step 16/120: mean CRPS=0.1037
2025-08-16 10:11:10,025 - DEBUG - Beginning Gibbs iteration s = 16
2025-08-16 10:11:19,151 - DEBUG - Joint score for alpha[0]: 0.1092
2025-08-16 10:11:22,663 - DEBUG - Joint score for alpha[1]: 0.1307
2025-08-16 10:11:26,172 - DEBUG - Joint score for alpha[2]: 0.1052
2025-08-16 10:11:29,683 - DEBUG - Joint score for alpha[3]: 0.1091
2025-08-16 10:11:33,194 - DEBUG - Joint score for alpha[4]: 0.1088
2025-08-16 10:11:36,703 - DEBUG - Joint score for alpha[5]: 0.1069
2025-08-16 10:11:40,213 - DEBUG - Joint score for alpha[6]: 0.1053
2025-08-16 10:11:43,722 - DEBUG - Joint score for alpha[7]: 0.1170
2025-08-16 10:11:47,233 - DEBUG - Joint score for alpha[8]: 0.1298
2025-08-16 10:11:50,745 - DEBUG - Joint score for alpha[9]: 0.1103
2025-08-16 10:11:54,254 - DEBUG - Joint score for alpha[10]: 0.1251
2025-08-16 10:11:57,763 - DEBUG - Joint score for alpha[11]: 0.1024
2025-08-16 10:12:01,274 - DEBUG - Joint score for alpha[12]: 0.1026
2025-08-16 10:12:04,784 - DEBUG - Joint score for alpha[13]: 0.1089
2025-08-16 10:12:08,293 - DEBUG - Joint score for alpha[14]: 0.1036
2025-08-16 10:12:11,806 - DEBUG - Joint score for alpha[15]: 0.1038
2025-08-16 10:12:18,605 - DEBUG - Joint score for alpha[0]: 0.1030
2025-08-16 10:12:22,117 - DEBUG - Joint score for alpha[1]: 0.1053
2025-08-16 10:12:25,628 - DEBUG - Joint score for alpha[2]: 0.1037
2025-08-16 10:12:29,140 - DEBUG - Joint score for alpha[3]: 0.1030
2025-08-16 10:12:32,652 - DEBUG - Joint score for alpha[4]: 0.1097
2025-08-16 10:12:36,162 - DEBUG - Joint score for alpha[5]: 0.1033
2025-08-16 10:12:39,673 - DEBUG - Joint score for alpha[6]: 0.1070
2025-08-16 10:12:43,183 - DEBUG - Joint score for alpha[7]: 0.1078
2025-08-16 10:12:46,694 - DEBUG - Joint score for alpha[8]: 0.1180
2025-08-16 10:12:50,206 - DEBUG - Joint score for alpha[9]: 0.1025
2025-08-16 10:12:53,717 - DEBUG - Joint score for alpha[10]: 0.1133
2025-08-16 10:12:57,227 - DEBUG - Joint score for alpha[11]: 0.1032
2025-08-16 10:13:00,737 - DEBUG - Joint score for alpha[12]: 0.1064
2025-08-16 10:13:04,247 - DEBUG - Joint score for alpha[13]: 0.1055
2025-08-16 10:13:07,757 - DEBUG - Joint score for alpha[14]: 0.1037
2025-08-16 10:13:11,266 - DEBUG - Joint score for alpha[15]: 0.1026
2025-08-16 10:13:18,176 - DEBUG - Joint score for alpha[0]: 0.1089
2025-08-16 10:13:21,688 - DEBUG - Joint score for alpha[1]: 0.1034
2025-08-16 10:13:25,196 - DEBUG - Joint score for alpha[2]: 0.1029
2025-08-16 10:13:28,705 - DEBUG - Joint score for alpha[3]: 0.1038
2025-08-16 10:13:32,215 - DEBUG - Joint score for alpha[4]: 0.1033
2025-08-16 10:13:35,723 - DEBUG - Joint score for alpha[5]: 0.1024
2025-08-16 10:13:39,232 - DEBUG - Joint score for alpha[6]: 0.1057
2025-08-16 10:13:42,740 - DEBUG - Joint score for alpha[7]: 0.1048
2025-08-16 10:13:46,249 - DEBUG - Joint score for alpha[8]: 0.1033
2025-08-16 10:13:49,761 - DEBUG - Joint score for alpha[9]: 0.1032
2025-08-16 10:13:53,270 - DEBUG - Joint score for alpha[10]: 0.1036
2025-08-16 10:13:56,778 - DEBUG - Joint score for alpha[11]: 0.1036
2025-08-16 10:14:00,286 - DEBUG - Joint score for alpha[12]: 0.1027
2025-08-16 10:14:03,797 - DEBUG - Joint score for alpha[13]: 0.1028
2025-08-16 10:14:07,307 - DEBUG - Joint score for alpha[14]: 0.1028
2025-08-16 10:14:10,817 - DEBUG - Joint score for alpha[15]: 0.1038
2025-08-16 10:14:17,548 - DEBUG - Joint score for alpha[0]: 0.1021
2025-08-16 10:14:21,061 - DEBUG - Joint score for alpha[1]: 0.1031
2025-08-16 10:14:24,570 - DEBUG - Joint score for alpha[2]: 0.1026
2025-08-16 10:14:28,083 - DEBUG - Joint score for alpha[3]: 0.1041
2025-08-16 10:14:31,595 - DEBUG - Joint score for alpha[4]: 0.1043
2025-08-16 10:14:35,104 - DEBUG - Joint score for alpha[5]: 0.1028
2025-08-16 10:14:38,615 - DEBUG - Joint score for alpha[6]: 0.1023
2025-08-16 10:14:42,126 - DEBUG - Joint score for alpha[7]: 0.1022
2025-08-16 10:14:45,637 - DEBUG - Joint score for alpha[8]: 0.1027
2025-08-16 10:14:49,149 - DEBUG - Joint score for alpha[9]: 0.1029
2025-08-16 10:14:52,662 - DEBUG - Joint score for alpha[10]: 0.1073
2025-08-16 10:14:56,174 - DEBUG - Joint score for alpha[11]: 0.1044
2025-08-16 10:14:59,684 - DEBUG - Joint score for alpha[12]: 0.1035
2025-08-16 10:15:03,196 - DEBUG - Joint score for alpha[13]: 0.1023
2025-08-16 10:15:06,710 - DEBUG - Joint score for alpha[14]: 0.1211
2025-08-16 10:15:10,221 - DEBUG - Joint score for alpha[15]: 0.1021
2025-08-16 10:15:16,953 - DEBUG - Joint score for alpha[0]: 0.1048
2025-08-16 10:15:20,467 - DEBUG - Joint score for alpha[1]: 0.1067
2025-08-16 10:15:23,979 - DEBUG - Joint score for alpha[2]: 0.1021
2025-08-16 10:15:27,492 - DEBUG - Joint score for alpha[3]: 0.1022
2025-08-16 10:15:31,005 - DEBUG - Joint score for alpha[4]: 0.1038
2025-08-16 10:15:34,514 - DEBUG - Joint score for alpha[5]: 0.1027
2025-08-16 10:15:38,023 - DEBUG - Joint score for alpha[6]: 0.1027
2025-08-16 10:15:41,532 - DEBUG - Joint score for alpha[7]: 0.1033
2025-08-16 10:15:45,042 - DEBUG - Joint score for alpha[8]: 0.1037
2025-08-16 10:15:48,553 - DEBUG - Joint score for alpha[9]: 0.1033
2025-08-16 10:15:52,062 - DEBUG - Joint score for alpha[10]: 0.1029
2025-08-16 10:15:55,572 - DEBUG - Joint score for alpha[11]: 0.1023
2025-08-16 10:15:59,082 - DEBUG - Joint score for alpha[12]: 0.1067
2025-08-16 10:16:02,592 - DEBUG - Joint score for alpha[13]: 0.1030
2025-08-16 10:16:06,102 - DEBUG - Joint score for alpha[14]: 0.1029
2025-08-16 10:16:09,615 - DEBUG - Joint score for alpha[15]: 0.1031
2025-08-16 10:16:09,658 - INFO - Step 17/120: mean CRPS=0.1023
2025-08-16 10:16:09,663 - DEBUG - Beginning Gibbs iteration s = 17
2025-08-16 10:16:18,640 - DEBUG - Joint score for alpha[0]: 0.1073
2025-08-16 10:16:22,149 - DEBUG - Joint score for alpha[1]: 0.1162
2025-08-16 10:16:25,657 - DEBUG - Joint score for alpha[2]: 0.1073
2025-08-16 10:16:29,165 - DEBUG - Joint score for alpha[3]: 0.1111
2025-08-16 10:16:32,675 - DEBUG - Joint score for alpha[4]: 0.1020
2025-08-16 10:16:36,183 - DEBUG - Joint score for alpha[5]: 0.1024
2025-08-16 10:16:39,693 - DEBUG - Joint score for alpha[6]: 0.1034
2025-08-16 10:16:43,202 - DEBUG - Joint score for alpha[7]: 0.1028
2025-08-16 10:16:46,711 - DEBUG - Joint score for alpha[8]: 0.1070
2025-08-16 10:16:50,222 - DEBUG - Joint score for alpha[9]: 0.1031
2025-08-16 10:16:53,732 - DEBUG - Joint score for alpha[10]: 0.1027
2025-08-16 10:16:57,242 - DEBUG - Joint score for alpha[11]: 0.1061
2025-08-16 10:17:00,751 - DEBUG - Joint score for alpha[12]: 0.1084
2025-08-16 10:17:04,261 - DEBUG - Joint score for alpha[13]: 0.1058
2025-08-16 10:17:07,771 - DEBUG - Joint score for alpha[14]: 0.1083
2025-08-16 10:17:11,280 - DEBUG - Joint score for alpha[15]: 0.1125
2025-08-16 10:17:18,158 - DEBUG - Joint score for alpha[0]: 0.1029
2025-08-16 10:17:21,670 - DEBUG - Joint score for alpha[1]: 0.1024
2025-08-16 10:17:25,180 - DEBUG - Joint score for alpha[2]: 0.1058
2025-08-16 10:17:28,690 - DEBUG - Joint score for alpha[3]: 0.1070
2025-08-16 10:17:32,200 - DEBUG - Joint score for alpha[4]: 0.1042
2025-08-16 10:17:35,709 - DEBUG - Joint score for alpha[5]: 0.1024
2025-08-16 10:17:39,219 - DEBUG - Joint score for alpha[6]: 0.1028
2025-08-16 10:17:42,727 - DEBUG - Joint score for alpha[7]: 0.1023
2025-08-16 10:17:46,238 - DEBUG - Joint score for alpha[8]: 0.1026
2025-08-16 10:17:49,748 - DEBUG - Joint score for alpha[9]: 0.1022
2025-08-16 10:17:53,260 - DEBUG - Joint score for alpha[10]: 0.1030
2025-08-16 10:17:56,771 - DEBUG - Joint score for alpha[11]: 0.1051
2025-08-16 10:18:00,281 - DEBUG - Joint score for alpha[12]: 0.1047
2025-08-16 10:18:03,791 - DEBUG - Joint score for alpha[13]: 0.1026
2025-08-16 10:18:07,303 - DEBUG - Joint score for alpha[14]: 0.1034
2025-08-16 10:18:10,813 - DEBUG - Joint score for alpha[15]: 0.1065
2025-08-16 10:18:17,637 - DEBUG - Joint score for alpha[0]: 0.1021
2025-08-16 10:18:21,149 - DEBUG - Joint score for alpha[1]: 0.1043
2025-08-16 10:18:24,659 - DEBUG - Joint score for alpha[2]: 0.1039
2025-08-16 10:18:28,169 - DEBUG - Joint score for alpha[3]: 0.1029
2025-08-16 10:18:31,681 - DEBUG - Joint score for alpha[4]: 0.1040
2025-08-16 10:18:35,189 - DEBUG - Joint score for alpha[5]: 0.1025
2025-08-16 10:18:38,700 - DEBUG - Joint score for alpha[6]: 0.1030
2025-08-16 10:18:42,209 - DEBUG - Joint score for alpha[7]: 0.1029
2025-08-16 10:18:45,719 - DEBUG - Joint score for alpha[8]: 0.1025
2025-08-16 10:18:49,231 - DEBUG - Joint score for alpha[9]: 0.1022
2025-08-16 10:18:52,741 - DEBUG - Joint score for alpha[10]: 0.1099
2025-08-16 10:18:56,250 - DEBUG - Joint score for alpha[11]: 0.1044
2025-08-16 10:18:59,760 - DEBUG - Joint score for alpha[12]: 0.1025
2025-08-16 10:19:03,271 - DEBUG - Joint score for alpha[13]: 0.1035
2025-08-16 10:19:06,782 - DEBUG - Joint score for alpha[14]: 0.1078
2025-08-16 10:19:10,293 - DEBUG - Joint score for alpha[15]: 0.1019
2025-08-16 10:19:17,196 - DEBUG - Joint score for alpha[0]: 0.1034
2025-08-16 10:19:20,708 - DEBUG - Joint score for alpha[1]: 0.1068
2025-08-16 10:19:24,218 - DEBUG - Joint score for alpha[2]: 0.1046
2025-08-16 10:19:27,728 - DEBUG - Joint score for alpha[3]: 0.1026
2025-08-16 10:19:31,237 - DEBUG - Joint score for alpha[4]: 0.1061
2025-08-16 10:19:34,747 - DEBUG - Joint score for alpha[5]: 0.1039
2025-08-16 10:19:38,258 - DEBUG - Joint score for alpha[6]: 0.1032
2025-08-16 10:19:41,766 - DEBUG - Joint score for alpha[7]: 0.1024
2025-08-16 10:19:45,275 - DEBUG - Joint score for alpha[8]: 0.1018
2025-08-16 10:19:48,784 - DEBUG - Joint score for alpha[9]: 0.1030
2025-08-16 10:19:52,291 - DEBUG - Joint score for alpha[10]: 0.1021
2025-08-16 10:19:55,799 - DEBUG - Joint score for alpha[11]: 0.1024
2025-08-16 10:19:59,307 - DEBUG - Joint score for alpha[12]: 0.1024
2025-08-16 10:20:02,815 - DEBUG - Joint score for alpha[13]: 0.1021
2025-08-16 10:20:06,323 - DEBUG - Joint score for alpha[14]: 0.1037
2025-08-16 10:20:09,833 - DEBUG - Joint score for alpha[15]: 0.1027
2025-08-16 10:20:16,573 - DEBUG - Joint score for alpha[0]: 0.1063
2025-08-16 10:20:20,085 - DEBUG - Joint score for alpha[1]: 0.1018
2025-08-16 10:20:23,596 - DEBUG - Joint score for alpha[2]: 0.1026
2025-08-16 10:20:27,107 - DEBUG - Joint score for alpha[3]: 0.1045
2025-08-16 10:20:30,619 - DEBUG - Joint score for alpha[4]: 0.1025
2025-08-16 10:20:34,130 - DEBUG - Joint score for alpha[5]: 0.1068
2025-08-16 10:20:37,640 - DEBUG - Joint score for alpha[6]: 0.1053
2025-08-16 10:20:41,148 - DEBUG - Joint score for alpha[7]: 0.1050
2025-08-16 10:20:44,659 - DEBUG - Joint score for alpha[8]: 0.1021
2025-08-16 10:20:48,170 - DEBUG - Joint score for alpha[9]: 0.1034
2025-08-16 10:20:51,681 - DEBUG - Joint score for alpha[10]: 0.1133
2025-08-16 10:20:55,191 - DEBUG - Joint score for alpha[11]: 0.1057
2025-08-16 10:20:58,701 - DEBUG - Joint score for alpha[12]: 0.1033
2025-08-16 10:21:02,213 - DEBUG - Joint score for alpha[13]: 0.1033
2025-08-16 10:21:05,725 - DEBUG - Joint score for alpha[14]: 0.1049
2025-08-16 10:21:09,237 - DEBUG - Joint score for alpha[15]: 0.1038
2025-08-16 10:21:09,279 - INFO - Step 18/120: mean CRPS=0.1020
2025-08-16 10:21:09,281 - DEBUG - Beginning Gibbs iteration s = 18
2025-08-16 10:21:17,720 - DEBUG - Joint score for alpha[0]: 0.1097
2025-08-16 10:21:21,233 - DEBUG - Joint score for alpha[1]: 0.1140
2025-08-16 10:21:24,745 - DEBUG - Joint score for alpha[2]: 0.1379
2025-08-16 10:21:28,256 - DEBUG - Joint score for alpha[3]: 0.1092
2025-08-16 10:21:31,769 - DEBUG - Joint score for alpha[4]: 0.1107
2025-08-16 10:21:35,280 - DEBUG - Joint score for alpha[5]: 0.1039
2025-08-16 10:21:38,793 - DEBUG - Joint score for alpha[6]: 0.1195
2025-08-16 10:21:42,305 - DEBUG - Joint score for alpha[7]: 0.1025
2025-08-16 10:21:45,818 - DEBUG - Joint score for alpha[8]: 0.1110
2025-08-16 10:21:49,332 - DEBUG - Joint score for alpha[9]: 0.1051
2025-08-16 10:21:52,841 - DEBUG - Joint score for alpha[10]: 0.1170
2025-08-16 10:21:56,351 - DEBUG - Joint score for alpha[11]: 0.1075
2025-08-16 10:21:59,860 - DEBUG - Joint score for alpha[12]: 0.1097
2025-08-16 10:22:03,371 - DEBUG - Joint score for alpha[13]: 0.1138
2025-08-16 10:22:06,882 - DEBUG - Joint score for alpha[14]: 0.1047
2025-08-16 10:22:10,395 - DEBUG - Joint score for alpha[15]: 0.1100
2025-08-16 10:22:17,182 - DEBUG - Joint score for alpha[0]: 0.1027
2025-08-16 10:22:20,696 - DEBUG - Joint score for alpha[1]: 0.1036
2025-08-16 10:22:24,206 - DEBUG - Joint score for alpha[2]: 0.1029
2025-08-16 10:22:27,717 - DEBUG - Joint score for alpha[3]: 0.1084
2025-08-16 10:22:31,228 - DEBUG - Joint score for alpha[4]: 0.1029
2025-08-16 10:22:34,738 - DEBUG - Joint score for alpha[5]: 0.1089
2025-08-16 10:22:38,248 - DEBUG - Joint score for alpha[6]: 0.1056
2025-08-16 10:22:41,758 - DEBUG - Joint score for alpha[7]: 0.1063
2025-08-16 10:22:45,269 - DEBUG - Joint score for alpha[8]: 0.1052
2025-08-16 10:22:48,778 - DEBUG - Joint score for alpha[9]: 0.1092
2025-08-16 10:22:52,289 - DEBUG - Joint score for alpha[10]: 0.1023
2025-08-16 10:22:55,799 - DEBUG - Joint score for alpha[11]: 0.1034
2025-08-16 10:22:59,308 - DEBUG - Joint score for alpha[12]: 0.1025
2025-08-16 10:23:02,819 - DEBUG - Joint score for alpha[13]: 0.1056
2025-08-16 10:23:06,327 - DEBUG - Joint score for alpha[14]: 0.1025
2025-08-16 10:23:09,836 - DEBUG - Joint score for alpha[15]: 0.1030
2025-08-16 10:23:16,747 - DEBUG - Joint score for alpha[0]: 0.1025
2025-08-16 10:23:20,260 - DEBUG - Joint score for alpha[1]: 0.1156
2025-08-16 10:23:23,771 - DEBUG - Joint score for alpha[2]: 0.1033
2025-08-16 10:23:27,282 - DEBUG - Joint score for alpha[3]: 0.1028
2025-08-16 10:23:30,793 - DEBUG - Joint score for alpha[4]: 0.1028
2025-08-16 10:23:34,302 - DEBUG - Joint score for alpha[5]: 0.1028
2025-08-16 10:23:37,812 - DEBUG - Joint score for alpha[6]: 0.1030
2025-08-16 10:23:41,321 - DEBUG - Joint score for alpha[7]: 0.1035
2025-08-16 10:23:44,831 - DEBUG - Joint score for alpha[8]: 0.1067
2025-08-16 10:23:48,341 - DEBUG - Joint score for alpha[9]: 0.1033
2025-08-16 10:23:51,853 - DEBUG - Joint score for alpha[10]: 0.1060
2025-08-16 10:23:55,364 - DEBUG - Joint score for alpha[11]: 0.1026
2025-08-16 10:23:58,872 - DEBUG - Joint score for alpha[12]: 0.1024
2025-08-16 10:24:02,382 - DEBUG - Joint score for alpha[13]: 0.1029
2025-08-16 10:24:05,894 - DEBUG - Joint score for alpha[14]: 0.1026
2025-08-16 10:24:09,403 - DEBUG - Joint score for alpha[15]: 0.1054
2025-08-16 10:24:16,283 - DEBUG - Joint score for alpha[0]: 0.1032
2025-08-16 10:24:19,795 - DEBUG - Joint score for alpha[1]: 0.1030
2025-08-16 10:24:23,305 - DEBUG - Joint score for alpha[2]: 0.1034
2025-08-16 10:24:26,815 - DEBUG - Joint score for alpha[3]: 0.1118
2025-08-16 10:24:30,326 - DEBUG - Joint score for alpha[4]: 0.1032
2025-08-16 10:24:33,835 - DEBUG - Joint score for alpha[5]: 0.1035
2025-08-16 10:24:37,345 - DEBUG - Joint score for alpha[6]: 0.1040
2025-08-16 10:24:40,855 - DEBUG - Joint score for alpha[7]: 0.1067
2025-08-16 10:24:44,365 - DEBUG - Joint score for alpha[8]: 0.1033
2025-08-16 10:24:47,875 - DEBUG - Joint score for alpha[9]: 0.1036
2025-08-16 10:24:51,382 - DEBUG - Joint score for alpha[10]: 0.1033
2025-08-16 10:24:54,891 - DEBUG - Joint score for alpha[11]: 0.1036
2025-08-16 10:24:58,400 - DEBUG - Joint score for alpha[12]: 0.1031
2025-08-16 10:25:01,909 - DEBUG - Joint score for alpha[13]: 0.1032
2025-08-16 10:25:05,418 - DEBUG - Joint score for alpha[14]: 0.1030
2025-08-16 10:25:08,926 - DEBUG - Joint score for alpha[15]: 0.1027
2025-08-16 10:25:15,662 - DEBUG - Joint score for alpha[0]: 0.1072
2025-08-16 10:25:19,174 - DEBUG - Joint score for alpha[1]: 0.1061
2025-08-16 10:25:22,685 - DEBUG - Joint score for alpha[2]: 0.1026
2025-08-16 10:25:26,195 - DEBUG - Joint score for alpha[3]: 0.1024
2025-08-16 10:25:29,708 - DEBUG - Joint score for alpha[4]: 0.1031
2025-08-16 10:25:33,218 - DEBUG - Joint score for alpha[5]: 0.1046
2025-08-16 10:25:36,731 - DEBUG - Joint score for alpha[6]: 0.1066
2025-08-16 10:25:40,243 - DEBUG - Joint score for alpha[7]: 0.1027
2025-08-16 10:25:43,756 - DEBUG - Joint score for alpha[8]: 0.1042
2025-08-16 10:25:47,271 - DEBUG - Joint score for alpha[9]: 0.1081
2025-08-16 10:25:50,785 - DEBUG - Joint score for alpha[10]: 0.1038
2025-08-16 10:25:54,297 - DEBUG - Joint score for alpha[11]: 0.1047
2025-08-16 10:25:57,811 - DEBUG - Joint score for alpha[12]: 0.1049
2025-08-16 10:26:01,324 - DEBUG - Joint score for alpha[13]: 0.1025
2025-08-16 10:26:04,837 - DEBUG - Joint score for alpha[14]: 0.1046
2025-08-16 10:26:08,348 - DEBUG - Joint score for alpha[15]: 0.1030
2025-08-16 10:26:08,391 - INFO - Step 19/120: mean CRPS=0.1025
2025-08-16 10:26:08,395 - DEBUG - Beginning Gibbs iteration s = 19
2025-08-16 10:26:17,938 - DEBUG - Joint score for alpha[0]: 0.1020
2025-08-16 10:26:21,453 - DEBUG - Joint score for alpha[1]: 0.1310
2025-08-16 10:26:24,966 - DEBUG - Joint score for alpha[2]: 0.1260
2025-08-16 10:26:28,477 - DEBUG - Joint score for alpha[3]: 0.1042
2025-08-16 10:26:31,987 - DEBUG - Joint score for alpha[4]: 0.1026
2025-08-16 10:26:35,499 - DEBUG - Joint score for alpha[5]: 0.1216
2025-08-16 10:26:39,011 - DEBUG - Joint score for alpha[6]: 0.1082
2025-08-16 10:26:42,523 - DEBUG - Joint score for alpha[7]: 0.1237
2025-08-16 10:26:46,036 - DEBUG - Joint score for alpha[8]: 0.1031
2025-08-16 10:26:49,549 - DEBUG - Joint score for alpha[9]: 0.1018
2025-08-16 10:26:53,060 - DEBUG - Joint score for alpha[10]: 0.1035
2025-08-16 10:26:56,571 - DEBUG - Joint score for alpha[11]: 0.1212
2025-08-16 10:27:00,083 - DEBUG - Joint score for alpha[12]: 0.1062
2025-08-16 10:27:03,595 - DEBUG - Joint score for alpha[13]: 0.1449
2025-08-16 10:27:07,109 - DEBUG - Joint score for alpha[14]: 0.1131
2025-08-16 10:27:10,620 - DEBUG - Joint score for alpha[15]: 0.1083
2025-08-16 10:27:17,413 - DEBUG - Joint score for alpha[0]: 0.1113
2025-08-16 10:27:20,928 - DEBUG - Joint score for alpha[1]: 0.1088
2025-08-16 10:27:24,439 - DEBUG - Joint score for alpha[2]: 0.1029
2025-08-16 10:27:27,951 - DEBUG - Joint score for alpha[3]: 0.1074
2025-08-16 10:27:31,462 - DEBUG - Joint score for alpha[4]: 0.1062
2025-08-16 10:27:34,971 - DEBUG - Joint score for alpha[5]: 0.1020
2025-08-16 10:27:38,479 - DEBUG - Joint score for alpha[6]: 0.1016
2025-08-16 10:27:41,989 - DEBUG - Joint score for alpha[7]: 0.1099
2025-08-16 10:27:45,498 - DEBUG - Joint score for alpha[8]: 0.1032
2025-08-16 10:27:49,006 - DEBUG - Joint score for alpha[9]: 0.1092
2025-08-16 10:27:52,517 - DEBUG - Joint score for alpha[10]: 0.1021
2025-08-16 10:27:56,027 - DEBUG - Joint score for alpha[11]: 0.1048
2025-08-16 10:27:59,535 - DEBUG - Joint score for alpha[12]: 0.1081
2025-08-16 10:28:03,045 - DEBUG - Joint score for alpha[13]: 0.1010
2025-08-16 10:28:06,554 - DEBUG - Joint score for alpha[14]: 0.1046
2025-08-16 10:28:10,064 - DEBUG - Joint score for alpha[15]: 0.1130
2025-08-16 10:28:16,973 - DEBUG - Joint score for alpha[0]: 0.1025
2025-08-16 10:28:20,488 - DEBUG - Joint score for alpha[1]: 0.1032
2025-08-16 10:28:23,999 - DEBUG - Joint score for alpha[2]: 0.1016
2025-08-16 10:28:27,511 - DEBUG - Joint score for alpha[3]: 0.1013
2025-08-16 10:28:31,022 - DEBUG - Joint score for alpha[4]: 0.1016
2025-08-16 10:28:34,533 - DEBUG - Joint score for alpha[5]: 0.1016
2025-08-16 10:28:38,044 - DEBUG - Joint score for alpha[6]: 0.1015
2025-08-16 10:28:41,556 - DEBUG - Joint score for alpha[7]: 0.1020
2025-08-16 10:28:45,069 - DEBUG - Joint score for alpha[8]: 0.1011
2025-08-16 10:28:48,580 - DEBUG - Joint score for alpha[9]: 0.1015
2025-08-16 10:28:52,092 - DEBUG - Joint score for alpha[10]: 0.1019
2025-08-16 10:28:55,604 - DEBUG - Joint score for alpha[11]: 0.1017
2025-08-16 10:28:59,114 - DEBUG - Joint score for alpha[12]: 0.1016
2025-08-16 10:29:02,624 - DEBUG - Joint score for alpha[13]: 0.1035
2025-08-16 10:29:06,134 - DEBUG - Joint score for alpha[14]: 0.1071
2025-08-16 10:29:09,647 - DEBUG - Joint score for alpha[15]: 0.1020
2025-08-16 10:29:16,437 - DEBUG - Joint score for alpha[0]: 0.1014
2025-08-16 10:29:19,945 - DEBUG - Joint score for alpha[1]: 0.1031
2025-08-16 10:29:23,452 - DEBUG - Joint score for alpha[2]: 0.1014
2025-08-16 10:29:26,958 - DEBUG - Joint score for alpha[3]: 0.1022
2025-08-16 10:29:30,464 - DEBUG - Joint score for alpha[4]: 0.1032
2025-08-16 10:29:33,971 - DEBUG - Joint score for alpha[5]: 0.1023
2025-08-16 10:29:37,478 - DEBUG - Joint score for alpha[6]: 0.1023
2025-08-16 10:29:40,985 - DEBUG - Joint score for alpha[7]: 0.1042
2025-08-16 10:29:44,491 - DEBUG - Joint score for alpha[8]: 0.1021
2025-08-16 10:29:47,998 - DEBUG - Joint score for alpha[9]: 0.1029
2025-08-16 10:29:51,506 - DEBUG - Joint score for alpha[10]: 0.1021
2025-08-16 10:29:55,013 - DEBUG - Joint score for alpha[11]: 0.1016
2025-08-16 10:29:58,520 - DEBUG - Joint score for alpha[12]: 0.1013
2025-08-16 10:30:02,027 - DEBUG - Joint score for alpha[13]: 0.1019
2025-08-16 10:30:05,534 - DEBUG - Joint score for alpha[14]: 0.1035
2025-08-16 10:30:09,040 - DEBUG - Joint score for alpha[15]: 0.1018
2025-08-16 10:30:15,774 - DEBUG - Joint score for alpha[0]: 0.1016
2025-08-16 10:30:19,283 - DEBUG - Joint score for alpha[1]: 0.1018
2025-08-16 10:30:22,790 - DEBUG - Joint score for alpha[2]: 0.1072
2025-08-16 10:30:27,658 - DEBUG - Joint score for alpha[3]: 0.1025
2025-08-16 10:30:31,164 - DEBUG - Joint score for alpha[4]: 0.1021
2025-08-16 10:30:34,671 - DEBUG - Joint score for alpha[5]: 0.1016
2025-08-16 10:30:38,179 - DEBUG - Joint score for alpha[6]: 0.1051
2025-08-16 10:30:42,002 - DEBUG - Joint score for alpha[7]: 0.1034
2025-08-16 10:30:45,511 - DEBUG - Joint score for alpha[8]: 0.1050
2025-08-16 10:30:49,021 - DEBUG - Joint score for alpha[9]: 0.1018
2025-08-16 10:30:52,530 - DEBUG - Joint score for alpha[10]: 0.1023
2025-08-16 10:30:56,039 - DEBUG - Joint score for alpha[11]: 0.1043
2025-08-16 10:30:59,548 - DEBUG - Joint score for alpha[12]: 0.1017
2025-08-16 10:31:03,057 - DEBUG - Joint score for alpha[13]: 0.1053
2025-08-16 10:31:06,566 - DEBUG - Joint score for alpha[14]: 0.1024
2025-08-16 10:31:10,073 - DEBUG - Joint score for alpha[15]: 0.1019
2025-08-16 10:31:10,116 - INFO - Step 20/120: mean CRPS=0.1014
2025-08-16 10:31:10,120 - DEBUG - Beginning Gibbs iteration s = 20
2025-08-16 10:31:11,075 - DEBUG - Proposal variance adapted: 0.052
2025-08-16 10:31:17,761 - DEBUG - Joint score for alpha[0]: 0.1037
2025-08-16 10:31:21,273 - DEBUG - Joint score for alpha[1]: 0.1063
2025-08-16 10:31:24,784 - DEBUG - Joint score for alpha[2]: 0.1066
2025-08-16 10:31:28,293 - DEBUG - Joint score for alpha[3]: 0.1102
2025-08-16 10:31:31,805 - DEBUG - Joint score for alpha[4]: 0.1146
2025-08-16 10:31:35,313 - DEBUG - Joint score for alpha[5]: 0.1068
2025-08-16 10:31:38,821 - DEBUG - Joint score for alpha[6]: 0.1025
2025-08-16 10:31:42,327 - DEBUG - Joint score for alpha[7]: 0.1244
2025-08-16 10:31:45,835 - DEBUG - Joint score for alpha[8]: 0.1045
2025-08-16 10:31:49,344 - DEBUG - Joint score for alpha[9]: 0.1138
2025-08-16 10:31:52,852 - DEBUG - Joint score for alpha[10]: 0.1190
2025-08-16 10:31:56,360 - DEBUG - Joint score for alpha[11]: 0.1176
2025-08-16 10:31:59,866 - DEBUG - Joint score for alpha[12]: 0.1071
2025-08-16 10:32:03,371 - DEBUG - Joint score for alpha[13]: 0.1028
2025-08-16 10:32:06,876 - DEBUG - Joint score for alpha[14]: 0.1058
2025-08-16 10:32:10,384 - DEBUG - Joint score for alpha[15]: 0.1053
2025-08-16 10:32:17,117 - DEBUG - Joint score for alpha[0]: 0.1057
2025-08-16 10:32:20,625 - DEBUG - Joint score for alpha[1]: 0.1023
2025-08-16 10:32:24,132 - DEBUG - Joint score for alpha[2]: 0.1049
2025-08-16 10:32:27,638 - DEBUG - Joint score for alpha[3]: 0.1026
2025-08-16 10:32:31,146 - DEBUG - Joint score for alpha[4]: 0.1036
2025-08-16 10:32:34,651 - DEBUG - Joint score for alpha[5]: 0.1023
2025-08-16 10:32:38,157 - DEBUG - Joint score for alpha[6]: 0.1020
2025-08-16 10:32:41,663 - DEBUG - Joint score for alpha[7]: 0.1118
2025-08-16 10:32:45,169 - DEBUG - Joint score for alpha[8]: 0.1022
2025-08-16 10:32:48,676 - DEBUG - Joint score for alpha[9]: 0.1153
2025-08-16 10:32:52,185 - DEBUG - Joint score for alpha[10]: 0.1026
2025-08-16 10:32:55,691 - DEBUG - Joint score for alpha[11]: 0.1121
2025-08-16 10:32:59,197 - DEBUG - Joint score for alpha[12]: 0.1046
2025-08-16 10:33:02,704 - DEBUG - Joint score for alpha[13]: 0.1045
2025-08-16 10:33:06,211 - DEBUG - Joint score for alpha[14]: 0.1017
2025-08-16 10:33:09,718 - DEBUG - Joint score for alpha[15]: 0.1050
2025-08-16 10:33:16,544 - DEBUG - Joint score for alpha[0]: 0.1024
2025-08-16 10:33:20,053 - DEBUG - Joint score for alpha[1]: 0.1018
2025-08-16 10:33:23,561 - DEBUG - Joint score for alpha[2]: 0.1015
2025-08-16 10:33:27,069 - DEBUG - Joint score for alpha[3]: 0.1019
2025-08-16 10:33:30,577 - DEBUG - Joint score for alpha[4]: 0.1024
2025-08-16 10:33:34,084 - DEBUG - Joint score for alpha[5]: 0.1037
2025-08-16 10:33:37,591 - DEBUG - Joint score for alpha[6]: 0.1033
2025-08-16 10:33:41,097 - DEBUG - Joint score for alpha[7]: 0.1022
2025-08-16 10:33:44,606 - DEBUG - Joint score for alpha[8]: 0.1021
2025-08-16 10:33:48,113 - DEBUG - Joint score for alpha[9]: 0.1019
2025-08-16 10:33:51,621 - DEBUG - Joint score for alpha[10]: 0.1072
2025-08-16 10:33:55,127 - DEBUG - Joint score for alpha[11]: 0.1033
2025-08-16 10:33:58,632 - DEBUG - Joint score for alpha[12]: 0.1018
2025-08-16 10:34:02,139 - DEBUG - Joint score for alpha[13]: 0.1029
2025-08-16 10:34:05,646 - DEBUG - Joint score for alpha[14]: 0.1020
2025-08-16 10:34:09,153 - DEBUG - Joint score for alpha[15]: 0.1019
2025-08-16 10:34:16,070 - DEBUG - Joint score for alpha[0]: 0.1032
2025-08-16 10:34:19,578 - DEBUG - Joint score for alpha[1]: 0.1036
2025-08-16 10:34:23,085 - DEBUG - Joint score for alpha[2]: 0.1018
2025-08-16 10:34:26,592 - DEBUG - Joint score for alpha[3]: 0.1042
2025-08-16 10:34:30,100 - DEBUG - Joint score for alpha[4]: 0.1018
2025-08-16 10:34:33,607 - DEBUG - Joint score for alpha[5]: 0.1028
2025-08-16 10:34:37,114 - DEBUG - Joint score for alpha[6]: 0.1015
2025-08-16 10:34:40,620 - DEBUG - Joint score for alpha[7]: 0.1025
2025-08-16 10:34:44,127 - DEBUG - Joint score for alpha[8]: 0.1071
2025-08-16 10:34:47,636 - DEBUG - Joint score for alpha[9]: 0.1038
2025-08-16 10:34:51,142 - DEBUG - Joint score for alpha[10]: 0.1040
2025-08-16 10:34:54,647 - DEBUG - Joint score for alpha[11]: 0.1021
2025-08-16 10:34:58,153 - DEBUG - Joint score for alpha[12]: 0.1041
2025-08-16 10:35:01,661 - DEBUG - Joint score for alpha[13]: 0.1025
2025-08-16 10:35:05,167 - DEBUG - Joint score for alpha[14]: 0.1054
2025-08-16 10:35:08,677 - DEBUG - Joint score for alpha[15]: 0.1020
2025-08-16 10:35:15,412 - DEBUG - Joint score for alpha[0]: 0.1024
2025-08-16 10:35:18,921 - DEBUG - Joint score for alpha[1]: 0.1023
2025-08-16 10:35:22,429 - DEBUG - Joint score for alpha[2]: 0.1030
2025-08-16 10:35:25,937 - DEBUG - Joint score for alpha[3]: 0.1038
2025-08-16 10:35:29,445 - DEBUG - Joint score for alpha[4]: 0.1043
2025-08-16 10:35:32,951 - DEBUG - Joint score for alpha[5]: 0.1022
2025-08-16 10:35:36,458 - DEBUG - Joint score for alpha[6]: 0.1024
2025-08-16 10:35:39,967 - DEBUG - Joint score for alpha[7]: 0.1020
2025-08-16 10:35:43,476 - DEBUG - Joint score for alpha[8]: 0.1016
2025-08-16 10:35:46,987 - DEBUG - Joint score for alpha[9]: 0.1035
2025-08-16 10:35:50,498 - DEBUG - Joint score for alpha[10]: 0.1033
2025-08-16 10:35:54,009 - DEBUG - Joint score for alpha[11]: 0.1025
2025-08-16 10:35:57,520 - DEBUG - Joint score for alpha[12]: 0.1053
2025-08-16 10:36:01,030 - DEBUG - Joint score for alpha[13]: 0.1019
2025-08-16 10:36:04,541 - DEBUG - Joint score for alpha[14]: 0.1065
2025-08-16 10:36:08,050 - DEBUG - Joint score for alpha[15]: 0.1021
2025-08-16 10:36:08,093 - INFO - Step 21/120: mean CRPS=0.1018
2025-08-16 10:36:08,102 - DEBUG - Beginning Gibbs iteration s = 21
2025-08-16 10:36:17,152 - DEBUG - Joint score for alpha[0]: 0.1657
2025-08-16 10:36:20,668 - DEBUG - Joint score for alpha[1]: 0.1013
2025-08-16 10:36:24,178 - DEBUG - Joint score for alpha[2]: 0.1129
2025-08-16 10:36:27,687 - DEBUG - Joint score for alpha[3]: 0.1059
2025-08-16 10:36:31,195 - DEBUG - Joint score for alpha[4]: 0.1051
2025-08-16 10:36:34,705 - DEBUG - Joint score for alpha[5]: 0.1044
2025-08-16 10:36:38,214 - DEBUG - Joint score for alpha[6]: 0.1158
2025-08-16 10:36:41,724 - DEBUG - Joint score for alpha[7]: 0.1361
2025-08-16 10:36:45,235 - DEBUG - Joint score for alpha[8]: 0.1037
2025-08-16 10:36:48,744 - DEBUG - Joint score for alpha[9]: 0.1012
2025-08-16 10:36:52,255 - DEBUG - Joint score for alpha[10]: 0.1011
2025-08-16 10:36:55,767 - DEBUG - Joint score for alpha[11]: 0.1133
2025-08-16 10:36:59,281 - DEBUG - Joint score for alpha[12]: 0.1091
2025-08-16 10:37:02,789 - DEBUG - Joint score for alpha[13]: 0.1133
2025-08-16 10:37:06,301 - DEBUG - Joint score for alpha[14]: 0.1163
2025-08-16 10:37:09,811 - DEBUG - Joint score for alpha[15]: 0.1232
2025-08-16 10:37:16,547 - DEBUG - Joint score for alpha[0]: 0.1077
2025-08-16 10:37:20,062 - DEBUG - Joint score for alpha[1]: 0.1015
2025-08-16 10:37:23,573 - DEBUG - Joint score for alpha[2]: 0.1202
2025-08-16 10:37:27,082 - DEBUG - Joint score for alpha[3]: 0.1014
2025-08-16 10:37:30,590 - DEBUG - Joint score for alpha[4]: 0.1019
2025-08-16 10:37:34,098 - DEBUG - Joint score for alpha[5]: 0.1049
2025-08-16 10:37:37,605 - DEBUG - Joint score for alpha[6]: 0.1015
2025-08-16 10:37:41,113 - DEBUG - Joint score for alpha[7]: 0.1139
2025-08-16 10:37:44,622 - DEBUG - Joint score for alpha[8]: 0.1026
2025-08-16 10:37:48,130 - DEBUG - Joint score for alpha[9]: 0.1014
2025-08-16 10:37:51,638 - DEBUG - Joint score for alpha[10]: 0.1023
2025-08-16 10:37:55,146 - DEBUG - Joint score for alpha[11]: 0.1023
2025-08-16 10:37:58,654 - DEBUG - Joint score for alpha[12]: 0.1058
2025-08-16 10:38:02,162 - DEBUG - Joint score for alpha[13]: 0.1013
2025-08-16 10:38:05,670 - DEBUG - Joint score for alpha[14]: 0.1017
2025-08-16 10:38:09,176 - DEBUG - Joint score for alpha[15]: 0.1020
2025-08-16 10:38:16,079 - DEBUG - Joint score for alpha[0]: 0.1039
2025-08-16 10:38:19,592 - DEBUG - Joint score for alpha[1]: 0.1050
2025-08-16 10:38:23,099 - DEBUG - Joint score for alpha[2]: 0.1054
2025-08-16 10:38:26,607 - DEBUG - Joint score for alpha[3]: 0.1035
2025-08-16 10:38:30,115 - DEBUG - Joint score for alpha[4]: 0.1010
2025-08-16 10:38:33,624 - DEBUG - Joint score for alpha[5]: 0.1023
2025-08-16 10:38:37,132 - DEBUG - Joint score for alpha[6]: 0.1015
2025-08-16 10:38:40,641 - DEBUG - Joint score for alpha[7]: 0.1022
2025-08-16 10:38:44,149 - DEBUG - Joint score for alpha[8]: 0.1014
2025-08-16 10:38:47,658 - DEBUG - Joint score for alpha[9]: 0.1013
2025-08-16 10:38:51,166 - DEBUG - Joint score for alpha[10]: 0.1096
2025-08-16 10:38:54,675 - DEBUG - Joint score for alpha[11]: 0.1182
2025-08-16 10:38:58,183 - DEBUG - Joint score for alpha[12]: 0.1051
2025-08-16 10:39:01,692 - DEBUG - Joint score for alpha[13]: 0.1023
2025-08-16 10:39:05,201 - DEBUG - Joint score for alpha[14]: 0.1230
2025-08-16 10:39:08,710 - DEBUG - Joint score for alpha[15]: 0.1016
2025-08-16 10:39:15,620 - DEBUG - Joint score for alpha[0]: 0.1011
2025-08-16 10:39:19,132 - DEBUG - Joint score for alpha[1]: 0.1023
2025-08-16 10:39:22,640 - DEBUG - Joint score for alpha[2]: 0.1019
2025-08-16 10:39:26,147 - DEBUG - Joint score for alpha[3]: 0.1020
2025-08-16 10:39:29,654 - DEBUG - Joint score for alpha[4]: 0.1024
2025-08-16 10:39:33,164 - DEBUG - Joint score for alpha[5]: 0.1017
2025-08-16 10:39:36,671 - DEBUG - Joint score for alpha[6]: 0.1023
2025-08-16 10:39:40,180 - DEBUG - Joint score for alpha[7]: 0.1058
2025-08-16 10:39:43,689 - DEBUG - Joint score for alpha[8]: 0.1034
2025-08-16 10:39:47,198 - DEBUG - Joint score for alpha[9]: 0.1052
2025-08-16 10:39:50,707 - DEBUG - Joint score for alpha[10]: 0.1036
2025-08-16 10:39:54,216 - DEBUG - Joint score for alpha[11]: 0.1031
2025-08-16 10:39:57,727 - DEBUG - Joint score for alpha[12]: 0.1012
2025-08-16 10:40:01,236 - DEBUG - Joint score for alpha[13]: 0.1033
2025-08-16 10:40:04,749 - DEBUG - Joint score for alpha[14]: 0.1017
2025-08-16 10:40:08,260 - DEBUG - Joint score for alpha[15]: 0.1017
2025-08-16 10:40:14,989 - DEBUG - Joint score for alpha[0]: 0.1022
2025-08-16 10:40:18,502 - DEBUG - Joint score for alpha[1]: 0.1033
2025-08-16 10:40:22,012 - DEBUG - Joint score for alpha[2]: 0.1017
2025-08-16 10:40:25,521 - DEBUG - Joint score for alpha[3]: 0.1058
2025-08-16 10:40:29,029 - DEBUG - Joint score for alpha[4]: 0.1052
2025-08-16 10:40:32,539 - DEBUG - Joint score for alpha[5]: 0.1020
2025-08-16 10:40:36,047 - DEBUG - Joint score for alpha[6]: 0.1016
2025-08-16 10:40:39,556 - DEBUG - Joint score for alpha[7]: 0.1014
2025-08-16 10:40:43,066 - DEBUG - Joint score for alpha[8]: 0.1025
2025-08-16 10:40:46,574 - DEBUG - Joint score for alpha[9]: 0.1062
2025-08-16 10:40:50,084 - DEBUG - Joint score for alpha[10]: 0.1020
2025-08-16 10:40:53,594 - DEBUG - Joint score for alpha[11]: 0.1021
2025-08-16 10:40:57,107 - DEBUG - Joint score for alpha[12]: 0.1061
2025-08-16 10:41:00,618 - DEBUG - Joint score for alpha[13]: 0.1045
2025-08-16 10:41:04,132 - DEBUG - Joint score for alpha[14]: 0.1082
2025-08-16 10:41:07,645 - DEBUG - Joint score for alpha[15]: 0.1028
2025-08-16 10:41:07,688 - INFO - Step 22/120: mean CRPS=0.1012
2025-08-16 10:41:07,692 - DEBUG - Beginning Gibbs iteration s = 22
2025-08-16 10:41:16,384 - DEBUG - Joint score for alpha[0]: 0.1349
2025-08-16 10:41:19,901 - DEBUG - Joint score for alpha[1]: 0.1243
2025-08-16 10:41:23,414 - DEBUG - Joint score for alpha[2]: 0.1203
2025-08-16 10:41:26,927 - DEBUG - Joint score for alpha[3]: 0.1018
2025-08-16 10:41:30,436 - DEBUG - Joint score for alpha[4]: 0.1024
2025-08-16 10:41:33,946 - DEBUG - Joint score for alpha[5]: 0.1026
2025-08-16 10:41:37,455 - DEBUG - Joint score for alpha[6]: 0.1113
2025-08-16 10:41:40,965 - DEBUG - Joint score for alpha[7]: 0.1176
2025-08-16 10:41:44,476 - DEBUG - Joint score for alpha[8]: 0.1017
2025-08-16 10:41:47,986 - DEBUG - Joint score for alpha[9]: 0.1168
2025-08-16 10:41:51,496 - DEBUG - Joint score for alpha[10]: 0.1023
2025-08-16 10:41:55,007 - DEBUG - Joint score for alpha[11]: 0.1105
2025-08-16 10:41:58,519 - DEBUG - Joint score for alpha[12]: 0.1051
2025-08-16 10:42:02,029 - DEBUG - Joint score for alpha[13]: 0.1202
2025-08-16 10:42:05,541 - DEBUG - Joint score for alpha[14]: 0.1055
2025-08-16 10:42:09,052 - DEBUG - Joint score for alpha[15]: 0.1174
2025-08-16 10:42:15,787 - DEBUG - Joint score for alpha[0]: 0.1083
2025-08-16 10:42:19,301 - DEBUG - Joint score for alpha[1]: 0.1122
2025-08-16 10:42:22,812 - DEBUG - Joint score for alpha[2]: 0.1175
2025-08-16 10:42:26,322 - DEBUG - Joint score for alpha[3]: 0.1019
2025-08-16 10:42:29,832 - DEBUG - Joint score for alpha[4]: 0.1020
2025-08-16 10:42:33,342 - DEBUG - Joint score for alpha[5]: 0.1023
2025-08-16 10:42:36,849 - DEBUG - Joint score for alpha[6]: 0.1093
2025-08-16 10:42:40,357 - DEBUG - Joint score for alpha[7]: 0.1062
2025-08-16 10:42:43,864 - DEBUG - Joint score for alpha[8]: 0.1088
2025-08-16 10:42:47,371 - DEBUG - Joint score for alpha[9]: 0.1072
2025-08-16 10:42:50,878 - DEBUG - Joint score for alpha[10]: 0.1053
2025-08-16 10:42:54,386 - DEBUG - Joint score for alpha[11]: 0.1018
2025-08-16 10:42:57,893 - DEBUG - Joint score for alpha[12]: 0.1169
2025-08-16 10:43:01,400 - DEBUG - Joint score for alpha[13]: 0.1034
2025-08-16 10:43:04,909 - DEBUG - Joint score for alpha[14]: 0.1023
2025-08-16 10:43:08,417 - DEBUG - Joint score for alpha[15]: 0.1026
2025-08-16 10:43:15,322 - DEBUG - Joint score for alpha[0]: 0.1034
2025-08-16 10:43:18,836 - DEBUG - Joint score for alpha[1]: 0.1024
2025-08-16 10:43:22,347 - DEBUG - Joint score for alpha[2]: 0.1026
2025-08-16 10:43:25,856 - DEBUG - Joint score for alpha[3]: 0.1024
2025-08-16 10:43:29,365 - DEBUG - Joint score for alpha[4]: 0.1027
2025-08-16 10:43:32,877 - DEBUG - Joint score for alpha[5]: 0.1018
2025-08-16 10:43:36,386 - DEBUG - Joint score for alpha[6]: 0.1027
2025-08-16 10:43:39,896 - DEBUG - Joint score for alpha[7]: 0.1032
2025-08-16 10:43:43,407 - DEBUG - Joint score for alpha[8]: 0.1047
2025-08-16 10:43:46,917 - DEBUG - Joint score for alpha[9]: 0.1022
2025-08-16 10:43:50,428 - DEBUG - Joint score for alpha[10]: 0.1037
2025-08-16 10:43:53,937 - DEBUG - Joint score for alpha[11]: 0.1040
2025-08-16 10:43:57,446 - DEBUG - Joint score for alpha[12]: 0.1026
2025-08-16 10:44:00,953 - DEBUG - Joint score for alpha[13]: 0.1016
2025-08-16 10:44:04,462 - DEBUG - Joint score for alpha[14]: 0.1017
2025-08-16 10:44:07,970 - DEBUG - Joint score for alpha[15]: 0.1020
2025-08-16 10:44:14,826 - DEBUG - Joint score for alpha[0]: 0.1026
2025-08-16 10:44:18,339 - DEBUG - Joint score for alpha[1]: 0.1021
2025-08-16 10:44:21,850 - DEBUG - Joint score for alpha[2]: 0.1029
2025-08-16 10:44:25,359 - DEBUG - Joint score for alpha[3]: 0.1019
2025-08-16 10:44:28,868 - DEBUG - Joint score for alpha[4]: 0.1020
2025-08-16 10:44:32,377 - DEBUG - Joint score for alpha[5]: 0.1028
2025-08-16 10:44:35,884 - DEBUG - Joint score for alpha[6]: 0.1037
2025-08-16 10:44:39,392 - DEBUG - Joint score for alpha[7]: 0.1020
2025-08-16 10:44:42,899 - DEBUG - Joint score for alpha[8]: 0.1017
2025-08-16 10:44:46,405 - DEBUG - Joint score for alpha[9]: 0.1071
2025-08-16 10:44:49,912 - DEBUG - Joint score for alpha[10]: 0.1023
2025-08-16 10:44:53,419 - DEBUG - Joint score for alpha[11]: 0.1032
2025-08-16 10:44:56,927 - DEBUG - Joint score for alpha[12]: 0.1030
2025-08-16 10:45:00,436 - DEBUG - Joint score for alpha[13]: 0.1020
2025-08-16 10:45:03,946 - DEBUG - Joint score for alpha[14]: 0.1039
2025-08-16 10:45:07,453 - DEBUG - Joint score for alpha[15]: 0.1023
2025-08-16 10:45:14,199 - DEBUG - Joint score for alpha[0]: 0.1024
2025-08-16 10:45:17,710 - DEBUG - Joint score for alpha[1]: 0.1028
2025-08-16 10:45:21,218 - DEBUG - Joint score for alpha[2]: 0.1029
2025-08-16 10:45:24,724 - DEBUG - Joint score for alpha[3]: 0.1033
2025-08-16 10:45:28,230 - DEBUG - Joint score for alpha[4]: 0.1022
2025-08-16 10:45:31,738 - DEBUG - Joint score for alpha[5]: 0.1022
2025-08-16 10:45:35,244 - DEBUG - Joint score for alpha[6]: 0.1058
2025-08-16 10:45:38,750 - DEBUG - Joint score for alpha[7]: 0.1032
2025-08-16 10:45:42,257 - DEBUG - Joint score for alpha[8]: 0.1033
2025-08-16 10:45:45,763 - DEBUG - Joint score for alpha[9]: 0.1061
2025-08-16 10:45:49,270 - DEBUG - Joint score for alpha[10]: 0.1031
2025-08-16 10:45:52,777 - DEBUG - Joint score for alpha[11]: 0.1048
2025-08-16 10:45:56,285 - DEBUG - Joint score for alpha[12]: 0.1030
2025-08-16 10:45:59,793 - DEBUG - Joint score for alpha[13]: 0.1049
2025-08-16 10:46:03,302 - DEBUG - Joint score for alpha[14]: 0.1049
2025-08-16 10:46:06,811 - DEBUG - Joint score for alpha[15]: 0.1019
2025-08-16 10:46:06,854 - INFO - Step 23/120: mean CRPS=0.1017
2025-08-16 10:46:06,859 - DEBUG - Beginning Gibbs iteration s = 23
2025-08-16 10:46:15,059 - DEBUG - Joint score for alpha[0]: 0.1025
2025-08-16 10:46:18,573 - DEBUG - Joint score for alpha[1]: 0.1090
2025-08-16 10:46:22,084 - DEBUG - Joint score for alpha[2]: 0.1271
2025-08-16 10:46:25,596 - DEBUG - Joint score for alpha[3]: 0.1124
2025-08-16 10:46:29,110 - DEBUG - Joint score for alpha[4]: 0.1083
2025-08-16 10:46:32,624 - DEBUG - Joint score for alpha[5]: 0.1264
2025-08-16 10:46:36,136 - DEBUG - Joint score for alpha[6]: 0.1104
2025-08-16 10:46:39,648 - DEBUG - Joint score for alpha[7]: 0.1050
2025-08-16 10:46:43,162 - DEBUG - Joint score for alpha[8]: 0.1065
2025-08-16 10:46:46,675 - DEBUG - Joint score for alpha[9]: 0.1056
2025-08-16 10:46:50,188 - DEBUG - Joint score for alpha[10]: 0.1017
2025-08-16 10:46:53,700 - DEBUG - Joint score for alpha[11]: 0.1073
2025-08-16 10:46:57,211 - DEBUG - Joint score for alpha[12]: 0.1111
2025-08-16 10:47:00,723 - DEBUG - Joint score for alpha[13]: 0.1021
2025-08-16 10:47:04,233 - DEBUG - Joint score for alpha[14]: 0.1050
2025-08-16 10:47:07,746 - DEBUG - Joint score for alpha[15]: 0.1150
2025-08-16 10:47:14,490 - DEBUG - Joint score for alpha[0]: 0.1082
2025-08-16 10:47:18,005 - DEBUG - Joint score for alpha[1]: 0.1054
2025-08-16 10:47:21,517 - DEBUG - Joint score for alpha[2]: 0.1049
2025-08-16 10:47:25,029 - DEBUG - Joint score for alpha[3]: 0.1040
2025-08-16 10:47:28,539 - DEBUG - Joint score for alpha[4]: 0.1031
2025-08-16 10:47:32,052 - DEBUG - Joint score for alpha[5]: 0.1017
2025-08-16 10:47:35,563 - DEBUG - Joint score for alpha[6]: 0.1023
2025-08-16 10:47:39,076 - DEBUG - Joint score for alpha[7]: 0.1024
2025-08-16 10:47:42,588 - DEBUG - Joint score for alpha[8]: 0.1019
2025-08-16 10:47:46,098 - DEBUG - Joint score for alpha[9]: 0.1041
2025-08-16 10:47:49,607 - DEBUG - Joint score for alpha[10]: 0.1167
2025-08-16 10:47:53,117 - DEBUG - Joint score for alpha[11]: 0.1123
2025-08-16 10:47:56,627 - DEBUG - Joint score for alpha[12]: 0.1035
2025-08-16 10:48:00,137 - DEBUG - Joint score for alpha[13]: 0.1017
2025-08-16 10:48:03,649 - DEBUG - Joint score for alpha[14]: 0.1066
2025-08-16 10:48:07,158 - DEBUG - Joint score for alpha[15]: 0.1049
2025-08-16 10:48:13,922 - DEBUG - Joint score for alpha[0]: 0.1034
2025-08-16 10:48:17,436 - DEBUG - Joint score for alpha[1]: 0.1033
2025-08-16 10:48:20,946 - DEBUG - Joint score for alpha[2]: 0.1019
2025-08-16 10:48:24,455 - DEBUG - Joint score for alpha[3]: 0.1070
2025-08-16 10:48:27,960 - DEBUG - Joint score for alpha[4]: 0.1022
2025-08-16 10:48:31,468 - DEBUG - Joint score for alpha[5]: 0.1019
2025-08-16 10:48:34,975 - DEBUG - Joint score for alpha[6]: 0.1021
2025-08-16 10:48:38,482 - DEBUG - Joint score for alpha[7]: 0.1022
2025-08-16 10:48:41,991 - DEBUG - Joint score for alpha[8]: 0.1017
2025-08-16 10:48:45,497 - DEBUG - Joint score for alpha[9]: 0.1023
2025-08-16 10:48:49,003 - DEBUG - Joint score for alpha[10]: 0.1027
2025-08-16 10:48:52,510 - DEBUG - Joint score for alpha[11]: 0.1033
2025-08-16 10:48:56,015 - DEBUG - Joint score for alpha[12]: 0.1023
2025-08-16 10:48:59,522 - DEBUG - Joint score for alpha[13]: 0.1020
2025-08-16 10:49:03,030 - DEBUG - Joint score for alpha[14]: 0.1028
2025-08-16 10:49:06,538 - DEBUG - Joint score for alpha[15]: 0.1021
2025-08-16 10:49:13,445 - DEBUG - Joint score for alpha[0]: 0.1025
2025-08-16 10:49:16,957 - DEBUG - Joint score for alpha[1]: 0.1023
2025-08-16 10:49:20,464 - DEBUG - Joint score for alpha[2]: 0.1030
2025-08-16 10:49:23,973 - DEBUG - Joint score for alpha[3]: 0.1081
2025-08-16 10:49:27,481 - DEBUG - Joint score for alpha[4]: 0.1039
2025-08-16 10:49:30,990 - DEBUG - Joint score for alpha[5]: 0.1034
2025-08-16 10:49:34,499 - DEBUG - Joint score for alpha[6]: 0.1021
2025-08-16 10:49:38,009 - DEBUG - Joint score for alpha[7]: 0.1015
2025-08-16 10:49:41,518 - DEBUG - Joint score for alpha[8]: 0.1028
2025-08-16 10:49:45,027 - DEBUG - Joint score for alpha[9]: 0.1020
2025-08-16 10:49:48,537 - DEBUG - Joint score for alpha[10]: 0.1023
2025-08-16 10:49:52,048 - DEBUG - Joint score for alpha[11]: 0.1022
2025-08-16 10:49:55,557 - DEBUG - Joint score for alpha[12]: 0.1053
2025-08-16 10:49:59,067 - DEBUG - Joint score for alpha[13]: 0.1032
2025-08-16 10:50:02,576 - DEBUG - Joint score for alpha[14]: 0.1014
2025-08-16 10:50:06,085 - DEBUG - Joint score for alpha[15]: 0.1042
2025-08-16 10:50:12,993 - DEBUG - Joint score for alpha[0]: 0.1060
2025-08-16 10:50:16,508 - DEBUG - Joint score for alpha[1]: 0.1035
2025-08-16 10:50:20,018 - DEBUG - Joint score for alpha[2]: 0.1030
2025-08-16 10:50:23,527 - DEBUG - Joint score for alpha[3]: 0.1047
2025-08-16 10:50:27,033 - DEBUG - Joint score for alpha[4]: 0.1023
2025-08-16 10:50:30,540 - DEBUG - Joint score for alpha[5]: 0.1022
2025-08-16 10:50:34,049 - DEBUG - Joint score for alpha[6]: 0.1034
2025-08-16 10:50:37,557 - DEBUG - Joint score for alpha[7]: 0.1067
2025-08-16 10:50:41,066 - DEBUG - Joint score for alpha[8]: 0.1083
2025-08-16 10:50:44,574 - DEBUG - Joint score for alpha[9]: 0.1084
2025-08-16 10:50:48,082 - DEBUG - Joint score for alpha[10]: 0.1047
2025-08-16 10:50:51,590 - DEBUG - Joint score for alpha[11]: 0.1035
2025-08-16 10:50:55,100 - DEBUG - Joint score for alpha[12]: 0.1042
2025-08-16 10:50:58,609 - DEBUG - Joint score for alpha[13]: 0.1023
2025-08-16 10:51:02,117 - DEBUG - Joint score for alpha[14]: 0.1027
2025-08-16 10:51:05,627 - DEBUG - Joint score for alpha[15]: 0.1047
2025-08-16 10:51:05,670 - INFO - Step 24/120: mean CRPS=0.1017
2025-08-16 10:51:05,675 - DEBUG - Beginning Gibbs iteration s = 24
2025-08-16 10:51:13,985 - DEBUG - Joint score for alpha[0]: 0.1323
2025-08-16 10:51:17,499 - DEBUG - Joint score for alpha[1]: 0.1042
2025-08-16 10:51:21,010 - DEBUG - Joint score for alpha[2]: 0.1031
2025-08-16 10:51:24,517 - DEBUG - Joint score for alpha[3]: 0.1028
2025-08-16 10:51:28,024 - DEBUG - Joint score for alpha[4]: 0.1054
2025-08-16 10:51:31,533 - DEBUG - Joint score for alpha[5]: 0.1036
2025-08-16 10:51:35,041 - DEBUG - Joint score for alpha[6]: 0.1120
2025-08-16 10:51:38,548 - DEBUG - Joint score for alpha[7]: 0.1036
2025-08-16 10:51:42,057 - DEBUG - Joint score for alpha[8]: 0.1050
2025-08-16 10:51:45,565 - DEBUG - Joint score for alpha[9]: 0.1102
2025-08-16 10:51:49,073 - DEBUG - Joint score for alpha[10]: 0.1126
2025-08-16 10:51:52,581 - DEBUG - Joint score for alpha[11]: 0.1334
2025-08-16 10:51:56,090 - DEBUG - Joint score for alpha[12]: 0.1025
2025-08-16 10:51:59,598 - DEBUG - Joint score for alpha[13]: 0.1147
2025-08-16 10:52:03,106 - DEBUG - Joint score for alpha[14]: 0.1122
2025-08-16 10:52:06,616 - DEBUG - Joint score for alpha[15]: 0.1029
2025-08-16 10:52:13,354 - DEBUG - Joint score for alpha[0]: 0.1020
2025-08-16 10:52:16,866 - DEBUG - Joint score for alpha[1]: 0.1026
2025-08-16 10:52:20,377 - DEBUG - Joint score for alpha[2]: 0.1025
2025-08-16 10:52:23,887 - DEBUG - Joint score for alpha[3]: 0.1026
2025-08-16 10:52:27,397 - DEBUG - Joint score for alpha[4]: 0.1048
2025-08-16 10:52:30,909 - DEBUG - Joint score for alpha[5]: 0.1081
2025-08-16 10:52:34,419 - DEBUG - Joint score for alpha[6]: 0.1028
2025-08-16 10:52:37,930 - DEBUG - Joint score for alpha[7]: 0.1026
2025-08-16 10:52:41,440 - DEBUG - Joint score for alpha[8]: 0.1046
2025-08-16 10:52:44,950 - DEBUG - Joint score for alpha[9]: 0.1054
2025-08-16 10:52:48,461 - DEBUG - Joint score for alpha[10]: 0.1060
2025-08-16 10:52:51,971 - DEBUG - Joint score for alpha[11]: 0.1021
2025-08-16 10:52:55,483 - DEBUG - Joint score for alpha[12]: 0.1023
2025-08-16 10:52:58,994 - DEBUG - Joint score for alpha[13]: 0.1031
2025-08-16 10:53:02,507 - DEBUG - Joint score for alpha[14]: 0.1075
2025-08-16 10:53:06,019 - DEBUG - Joint score for alpha[15]: 0.1061
2025-08-16 10:53:12,769 - DEBUG - Joint score for alpha[0]: 0.1033
2025-08-16 10:53:16,284 - DEBUG - Joint score for alpha[1]: 0.1042
2025-08-16 10:53:19,795 - DEBUG - Joint score for alpha[2]: 0.1033
2025-08-16 10:53:23,305 - DEBUG - Joint score for alpha[3]: 0.1028
2025-08-16 10:53:26,816 - DEBUG - Joint score for alpha[4]: 0.1027
2025-08-16 10:53:30,327 - DEBUG - Joint score for alpha[5]: 0.1026
2025-08-16 10:53:33,838 - DEBUG - Joint score for alpha[6]: 0.1026
2025-08-16 10:53:37,349 - DEBUG - Joint score for alpha[7]: 0.1031
2025-08-16 10:53:40,858 - DEBUG - Joint score for alpha[8]: 0.1030
2025-08-16 10:53:44,366 - DEBUG - Joint score for alpha[9]: 0.1032
2025-08-16 10:53:47,876 - DEBUG - Joint score for alpha[10]: 0.1028
2025-08-16 10:53:51,385 - DEBUG - Joint score for alpha[11]: 0.1026
2025-08-16 10:53:54,896 - DEBUG - Joint score for alpha[12]: 0.1025
2025-08-16 10:53:58,406 - DEBUG - Joint score for alpha[13]: 0.1036
2025-08-16 10:54:01,918 - DEBUG - Joint score for alpha[14]: 0.1107
2025-08-16 10:54:05,429 - DEBUG - Joint score for alpha[15]: 0.1033
2025-08-16 10:54:12,290 - DEBUG - Joint score for alpha[0]: 0.1023
2025-08-16 10:54:15,802 - DEBUG - Joint score for alpha[1]: 0.1051
2025-08-16 10:54:19,312 - DEBUG - Joint score for alpha[2]: 0.1036
2025-08-16 10:54:22,820 - DEBUG - Joint score for alpha[3]: 0.1019
2025-08-16 10:54:26,327 - DEBUG - Joint score for alpha[4]: 0.1037
2025-08-16 10:54:29,836 - DEBUG - Joint score for alpha[5]: 0.1060
2025-08-16 10:54:33,344 - DEBUG - Joint score for alpha[6]: 0.1071
2025-08-16 10:54:36,853 - DEBUG - Joint score for alpha[7]: 0.1023
2025-08-16 10:54:40,361 - DEBUG - Joint score for alpha[8]: 0.1041
2025-08-16 10:54:43,869 - DEBUG - Joint score for alpha[9]: 0.1040
2025-08-16 10:54:47,378 - DEBUG - Joint score for alpha[10]: 0.1030
2025-08-16 10:54:50,886 - DEBUG - Joint score for alpha[11]: 0.1064
2025-08-16 10:54:54,396 - DEBUG - Joint score for alpha[12]: 0.1027
2025-08-16 10:54:57,907 - DEBUG - Joint score for alpha[13]: 0.1034
2025-08-16 10:55:01,416 - DEBUG - Joint score for alpha[14]: 0.1028
2025-08-16 10:55:04,925 - DEBUG - Joint score for alpha[15]: 0.1028
2025-08-16 10:55:11,859 - DEBUG - Joint score for alpha[0]: 0.1025
2025-08-16 10:55:15,373 - DEBUG - Joint score for alpha[1]: 0.1052
2025-08-16 10:55:18,884 - DEBUG - Joint score for alpha[2]: 0.1025
2025-08-16 10:55:22,391 - DEBUG - Joint score for alpha[3]: 0.1052
2025-08-16 10:55:25,898 - DEBUG - Joint score for alpha[4]: 0.1055
2025-08-16 10:55:29,408 - DEBUG - Joint score for alpha[5]: 0.1035
2025-08-16 10:55:32,916 - DEBUG - Joint score for alpha[6]: 0.1017
2025-08-16 10:55:36,425 - DEBUG - Joint score for alpha[7]: 0.1036
2025-08-16 10:55:39,934 - DEBUG - Joint score for alpha[8]: 0.1019
2025-08-16 10:55:43,442 - DEBUG - Joint score for alpha[9]: 0.1018
2025-08-16 10:55:46,951 - DEBUG - Joint score for alpha[10]: 0.1044
2025-08-16 10:55:50,462 - DEBUG - Joint score for alpha[11]: 0.1022
2025-08-16 10:55:53,972 - DEBUG - Joint score for alpha[12]: 0.1025
2025-08-16 10:55:57,481 - DEBUG - Joint score for alpha[13]: 0.1047
2025-08-16 10:56:00,993 - DEBUG - Joint score for alpha[14]: 0.1026
2025-08-16 10:56:04,504 - DEBUG - Joint score for alpha[15]: 0.1050
2025-08-16 10:56:04,547 - INFO - Step 25/120: mean CRPS=0.1021
2025-08-16 10:56:04,551 - DEBUG - Beginning Gibbs iteration s = 25
2025-08-16 10:56:05,680 - DEBUG - Proposal variance adapted: 0.044
2025-08-16 10:56:12,384 - DEBUG - Joint score for alpha[0]: 0.1036
2025-08-16 10:56:15,901 - DEBUG - Joint score for alpha[1]: 0.1061
2025-08-16 10:56:19,415 - DEBUG - Joint score for alpha[2]: 0.1104
2025-08-16 10:56:22,928 - DEBUG - Joint score for alpha[3]: 0.1428
2025-08-16 10:56:26,439 - DEBUG - Joint score for alpha[4]: 0.1027
2025-08-16 10:56:29,953 - DEBUG - Joint score for alpha[5]: 0.1098
2025-08-16 10:56:33,466 - DEBUG - Joint score for alpha[6]: 0.1021
2025-08-16 10:56:36,978 - DEBUG - Joint score for alpha[7]: 0.1089
2025-08-16 10:56:40,490 - DEBUG - Joint score for alpha[8]: 0.1289
2025-08-16 10:56:44,003 - DEBUG - Joint score for alpha[9]: 0.1021
2025-08-16 10:56:47,515 - DEBUG - Joint score for alpha[10]: 0.1269
2025-08-16 10:56:51,028 - DEBUG - Joint score for alpha[11]: 0.1073
2025-08-16 10:56:54,540 - DEBUG - Joint score for alpha[12]: 0.1201
2025-08-16 10:56:58,049 - DEBUG - Joint score for alpha[13]: 0.1036
2025-08-16 10:57:01,561 - DEBUG - Joint score for alpha[14]: 0.1126
2025-08-16 10:57:05,073 - DEBUG - Joint score for alpha[15]: 0.1083
2025-08-16 10:57:11,811 - DEBUG - Joint score for alpha[0]: 0.1036
2025-08-16 10:57:15,328 - DEBUG - Joint score for alpha[1]: 0.1055
2025-08-16 10:57:18,841 - DEBUG - Joint score for alpha[2]: 0.1027
2025-08-16 10:57:22,354 - DEBUG - Joint score for alpha[3]: 0.1022
2025-08-16 10:57:25,865 - DEBUG - Joint score for alpha[4]: 0.1030
2025-08-16 10:57:29,378 - DEBUG - Joint score for alpha[5]: 0.1023
2025-08-16 10:57:32,887 - DEBUG - Joint score for alpha[6]: 0.1032
2025-08-16 10:57:36,395 - DEBUG - Joint score for alpha[7]: 0.1022
2025-08-16 10:57:39,903 - DEBUG - Joint score for alpha[8]: 0.1030
2025-08-16 10:57:43,410 - DEBUG - Joint score for alpha[9]: 0.1055
2025-08-16 10:57:46,918 - DEBUG - Joint score for alpha[10]: 0.1035
2025-08-16 10:57:50,426 - DEBUG - Joint score for alpha[11]: 0.1046
2025-08-16 10:57:53,936 - DEBUG - Joint score for alpha[12]: 0.1037
2025-08-16 10:57:57,444 - DEBUG - Joint score for alpha[13]: 0.1068
2025-08-16 10:58:00,954 - DEBUG - Joint score for alpha[14]: 0.1023
2025-08-16 10:58:04,464 - DEBUG - Joint score for alpha[15]: 0.1162
2025-08-16 10:58:11,380 - DEBUG - Joint score for alpha[0]: 0.1028
2025-08-16 10:58:14,894 - DEBUG - Joint score for alpha[1]: 0.1031
2025-08-16 10:58:18,405 - DEBUG - Joint score for alpha[2]: 0.1044
2025-08-16 10:58:21,913 - DEBUG - Joint score for alpha[3]: 0.1029
2025-08-16 10:58:25,420 - DEBUG - Joint score for alpha[4]: 0.1036
2025-08-16 10:58:28,929 - DEBUG - Joint score for alpha[5]: 0.1032
2025-08-16 10:58:32,437 - DEBUG - Joint score for alpha[6]: 0.1024
2025-08-16 10:58:35,946 - DEBUG - Joint score for alpha[7]: 0.1047
2025-08-16 10:58:39,453 - DEBUG - Joint score for alpha[8]: 0.1036
2025-08-16 10:58:42,961 - DEBUG - Joint score for alpha[9]: 0.1059
2025-08-16 10:58:46,470 - DEBUG - Joint score for alpha[10]: 0.1047
2025-08-16 10:58:49,978 - DEBUG - Joint score for alpha[11]: 0.1033
2025-08-16 10:58:53,485 - DEBUG - Joint score for alpha[12]: 0.1026
2025-08-16 10:58:56,993 - DEBUG - Joint score for alpha[13]: 0.1044
2025-08-16 10:59:00,500 - DEBUG - Joint score for alpha[14]: 0.1022
2025-08-16 10:59:04,008 - DEBUG - Joint score for alpha[15]: 0.1028
2025-08-16 10:59:10,898 - DEBUG - Joint score for alpha[0]: 0.1030
2025-08-16 10:59:14,413 - DEBUG - Joint score for alpha[1]: 0.1029
2025-08-16 10:59:17,924 - DEBUG - Joint score for alpha[2]: 0.1033
2025-08-16 10:59:21,434 - DEBUG - Joint score for alpha[3]: 0.1033
2025-08-16 10:59:24,941 - DEBUG - Joint score for alpha[4]: 0.1039
2025-08-16 10:59:28,449 - DEBUG - Joint score for alpha[5]: 0.1036
2025-08-16 10:59:31,957 - DEBUG - Joint score for alpha[6]: 0.1034
2025-08-16 10:59:35,466 - DEBUG - Joint score for alpha[7]: 0.1031
2025-08-16 10:59:38,974 - DEBUG - Joint score for alpha[8]: 0.1047
2025-08-16 10:59:42,481 - DEBUG - Joint score for alpha[9]: 0.1037
2025-08-16 10:59:45,988 - DEBUG - Joint score for alpha[10]: 0.1032
2025-08-16 10:59:49,495 - DEBUG - Joint score for alpha[11]: 0.1033
2025-08-16 10:59:53,004 - DEBUG - Joint score for alpha[12]: 0.1052
2025-08-16 10:59:56,512 - DEBUG - Joint score for alpha[13]: 0.1042
2025-08-16 11:00:00,021 - DEBUG - Joint score for alpha[14]: 0.1037
2025-08-16 11:00:03,530 - DEBUG - Joint score for alpha[15]: 0.1029
2025-08-16 11:00:10,467 - DEBUG - Joint score for alpha[0]: 0.1032
2025-08-16 11:00:13,980 - DEBUG - Joint score for alpha[1]: 0.1064
2025-08-16 11:00:17,489 - DEBUG - Joint score for alpha[2]: 0.1074
2025-08-16 11:00:20,997 - DEBUG - Joint score for alpha[3]: 0.1071
2025-08-16 11:00:24,504 - DEBUG - Joint score for alpha[4]: 0.1032
2025-08-16 11:00:28,013 - DEBUG - Joint score for alpha[5]: 0.1030
2025-08-16 11:00:31,521 - DEBUG - Joint score for alpha[6]: 0.1035
2025-08-16 11:00:35,029 - DEBUG - Joint score for alpha[7]: 0.1041
2025-08-16 11:00:38,536 - DEBUG - Joint score for alpha[8]: 0.1035
2025-08-16 11:00:42,043 - DEBUG - Joint score for alpha[9]: 0.1055
2025-08-16 11:00:45,551 - DEBUG - Joint score for alpha[10]: 0.1081
2025-08-16 11:00:49,059 - DEBUG - Joint score for alpha[11]: 0.1052
2025-08-16 11:00:52,568 - DEBUG - Joint score for alpha[12]: 0.1038
2025-08-16 11:00:56,075 - DEBUG - Joint score for alpha[13]: 0.1049
2025-08-16 11:00:59,585 - DEBUG - Joint score for alpha[14]: 0.1100
2025-08-16 11:01:03,093 - DEBUG - Joint score for alpha[15]: 0.1077
2025-08-16 11:01:03,136 - INFO - Step 26/120: mean CRPS=0.1025
2025-08-16 11:01:03,138 - DEBUG - Beginning Gibbs iteration s = 26
2025-08-16 11:01:11,104 - DEBUG - Joint score for alpha[0]: 0.1073
2025-08-16 11:01:14,618 - DEBUG - Joint score for alpha[1]: 0.1031
2025-08-16 11:01:18,128 - DEBUG - Joint score for alpha[2]: 0.1049
2025-08-16 11:01:21,638 - DEBUG - Joint score for alpha[3]: 0.1086
2025-08-16 11:01:25,149 - DEBUG - Joint score for alpha[4]: 0.1192
2025-08-16 11:01:28,661 - DEBUG - Joint score for alpha[5]: 0.1298
2025-08-16 11:01:32,172 - DEBUG - Joint score for alpha[6]: 0.1046
2025-08-16 11:01:35,683 - DEBUG - Joint score for alpha[7]: 0.1229
2025-08-16 11:01:39,197 - DEBUG - Joint score for alpha[8]: 0.1180
2025-08-16 11:01:42,709 - DEBUG - Joint score for alpha[9]: 0.1107
2025-08-16 11:01:46,217 - DEBUG - Joint score for alpha[10]: 0.1274
2025-08-16 11:01:49,726 - DEBUG - Joint score for alpha[11]: 0.1196
2025-08-16 11:01:53,235 - DEBUG - Joint score for alpha[12]: 0.1073
2025-08-16 11:01:56,747 - DEBUG - Joint score for alpha[13]: 0.1097
2025-08-16 11:02:00,258 - DEBUG - Joint score for alpha[14]: 0.1037
2025-08-16 11:02:03,769 - DEBUG - Joint score for alpha[15]: 0.1033
2025-08-16 11:02:10,509 - DEBUG - Joint score for alpha[0]: 0.1033
2025-08-16 11:02:14,026 - DEBUG - Joint score for alpha[1]: 0.1037
2025-08-16 11:02:17,539 - DEBUG - Joint score for alpha[2]: 0.1034
2025-08-16 11:02:21,053 - DEBUG - Joint score for alpha[3]: 0.1034
2025-08-16 11:02:24,566 - DEBUG - Joint score for alpha[4]: 0.1036
2025-08-16 11:02:28,080 - DEBUG - Joint score for alpha[5]: 0.1141
2025-08-16 11:02:31,594 - DEBUG - Joint score for alpha[6]: 0.1050
2025-08-16 11:02:35,106 - DEBUG - Joint score for alpha[7]: 0.1080
2025-08-16 11:02:38,619 - DEBUG - Joint score for alpha[8]: 0.1046
2025-08-16 11:02:42,132 - DEBUG - Joint score for alpha[9]: 0.1069
2025-08-16 11:02:45,645 - DEBUG - Joint score for alpha[10]: 0.1204
2025-08-16 11:02:49,160 - DEBUG - Joint score for alpha[11]: 0.1037
2025-08-16 11:02:52,673 - DEBUG - Joint score for alpha[12]: 0.1073
2025-08-16 11:02:56,186 - DEBUG - Joint score for alpha[13]: 0.1045
2025-08-16 11:02:59,699 - DEBUG - Joint score for alpha[14]: 0.1040
2025-08-16 11:03:03,213 - DEBUG - Joint score for alpha[15]: 0.1072
2025-08-16 11:03:09,953 - DEBUG - Joint score for alpha[0]: 0.1030
2025-08-16 11:03:13,470 - DEBUG - Joint score for alpha[1]: 0.1030
2025-08-16 11:03:16,981 - DEBUG - Joint score for alpha[2]: 0.1029
2025-08-16 11:03:20,494 - DEBUG - Joint score for alpha[3]: 0.1073
2025-08-16 11:03:24,006 - DEBUG - Joint score for alpha[4]: 0.1032
2025-08-16 11:03:27,519 - DEBUG - Joint score for alpha[5]: 0.1066
2025-08-16 11:03:31,033 - DEBUG - Joint score for alpha[6]: 0.1041
2025-08-16 11:03:34,546 - DEBUG - Joint score for alpha[7]: 0.1075
2025-08-16 11:03:38,058 - DEBUG - Joint score for alpha[8]: 0.1029
2025-08-16 11:03:41,568 - DEBUG - Joint score for alpha[9]: 0.1033
2025-08-16 11:03:45,080 - DEBUG - Joint score for alpha[10]: 0.1038
2025-08-16 11:03:48,590 - DEBUG - Joint score for alpha[11]: 0.1039
2025-08-16 11:03:52,102 - DEBUG - Joint score for alpha[12]: 0.1035
2025-08-16 11:03:55,614 - DEBUG - Joint score for alpha[13]: 0.1031
2025-08-16 11:03:59,125 - DEBUG - Joint score for alpha[14]: 0.1045
2025-08-16 11:04:02,636 - DEBUG - Joint score for alpha[15]: 0.1038
2025-08-16 11:04:09,405 - DEBUG - Joint score for alpha[0]: 0.1034
2025-08-16 11:04:12,919 - DEBUG - Joint score for alpha[1]: 0.1033
2025-08-16 11:04:16,429 - DEBUG - Joint score for alpha[2]: 0.1049
2025-08-16 11:04:19,939 - DEBUG - Joint score for alpha[3]: 0.1028
2025-08-16 11:04:23,449 - DEBUG - Joint score for alpha[4]: 0.1038
2025-08-16 11:04:26,959 - DEBUG - Joint score for alpha[5]: 0.1032
2025-08-16 11:04:30,471 - DEBUG - Joint score for alpha[6]: 0.1046
2025-08-16 11:04:33,982 - DEBUG - Joint score for alpha[7]: 0.1030
2025-08-16 11:04:37,493 - DEBUG - Joint score for alpha[8]: 0.1037
2025-08-16 11:04:41,003 - DEBUG - Joint score for alpha[9]: 0.1038
2025-08-16 11:04:44,514 - DEBUG - Joint score for alpha[10]: 0.1034
2025-08-16 11:04:48,025 - DEBUG - Joint score for alpha[11]: 0.1036
2025-08-16 11:04:51,535 - DEBUG - Joint score for alpha[12]: 0.1035
2025-08-16 11:04:55,047 - DEBUG - Joint score for alpha[13]: 0.1056
2025-08-16 11:04:58,559 - DEBUG - Joint score for alpha[14]: 0.1038
2025-08-16 11:05:02,071 - DEBUG - Joint score for alpha[15]: 0.1028
2025-08-16 11:05:08,906 - DEBUG - Joint score for alpha[0]: 0.1030
2025-08-16 11:05:12,421 - DEBUG - Joint score for alpha[1]: 0.1026
2025-08-16 11:05:15,934 - DEBUG - Joint score for alpha[2]: 0.1043
2025-08-16 11:05:19,444 - DEBUG - Joint score for alpha[3]: 0.1041
2025-08-16 11:05:22,954 - DEBUG - Joint score for alpha[4]: 0.1035
2025-08-16 11:05:26,465 - DEBUG - Joint score for alpha[5]: 0.1032
2025-08-16 11:05:29,976 - DEBUG - Joint score for alpha[6]: 0.1061
2025-08-16 11:05:33,487 - DEBUG - Joint score for alpha[7]: 0.1029
2025-08-16 11:05:36,999 - DEBUG - Joint score for alpha[8]: 0.1035
2025-08-16 11:05:40,510 - DEBUG - Joint score for alpha[9]: 0.1028
2025-08-16 11:05:44,021 - DEBUG - Joint score for alpha[10]: 0.1032
2025-08-16 11:05:47,532 - DEBUG - Joint score for alpha[11]: 0.1025
2025-08-16 11:05:51,042 - DEBUG - Joint score for alpha[12]: 0.1052
2025-08-16 11:05:54,553 - DEBUG - Joint score for alpha[13]: 0.1058
2025-08-16 11:05:58,065 - DEBUG - Joint score for alpha[14]: 0.1046
2025-08-16 11:06:01,576 - DEBUG - Joint score for alpha[15]: 0.1031
2025-08-16 11:06:01,620 - INFO - Step 27/120: mean CRPS=0.1029
2025-08-16 11:06:01,626 - DEBUG - Beginning Gibbs iteration s = 27
2025-08-16 11:06:09,677 - DEBUG - Joint score for alpha[0]: 0.1020
2025-08-16 11:06:13,189 - DEBUG - Joint score for alpha[1]: 0.1035
2025-08-16 11:06:16,700 - DEBUG - Joint score for alpha[2]: 0.1132
2025-08-16 11:06:20,208 - DEBUG - Joint score for alpha[3]: 0.1329
2025-08-16 11:06:23,718 - DEBUG - Joint score for alpha[4]: 0.1218
2025-08-16 11:06:27,229 - DEBUG - Joint score for alpha[5]: 0.1038
2025-08-16 11:06:30,735 - DEBUG - Joint score for alpha[6]: 0.1217
2025-08-16 11:06:34,242 - DEBUG - Joint score for alpha[7]: 0.1102
2025-08-16 11:06:37,751 - DEBUG - Joint score for alpha[8]: 0.1304
2025-08-16 11:06:41,258 - DEBUG - Joint score for alpha[9]: 0.1178
2025-08-16 11:06:44,767 - DEBUG - Joint score for alpha[10]: 0.1022
2025-08-16 11:06:48,275 - DEBUG - Joint score for alpha[11]: 0.1107
2025-08-16 11:06:51,784 - DEBUG - Joint score for alpha[12]: 0.1295
2025-08-16 11:06:55,292 - DEBUG - Joint score for alpha[13]: 0.1142
2025-08-16 11:06:58,800 - DEBUG - Joint score for alpha[14]: 0.1077
2025-08-16 11:07:02,307 - DEBUG - Joint score for alpha[15]: 0.1023
2025-08-16 11:07:09,223 - DEBUG - Joint score for alpha[0]: 0.1020
2025-08-16 11:07:12,736 - DEBUG - Joint score for alpha[1]: 0.1149
2025-08-16 11:07:16,246 - DEBUG - Joint score for alpha[2]: 0.1060
2025-08-16 11:07:19,755 - DEBUG - Joint score for alpha[3]: 0.1037
2025-08-16 11:07:23,264 - DEBUG - Joint score for alpha[4]: 0.1078
2025-08-16 11:07:26,775 - DEBUG - Joint score for alpha[5]: 0.1058
2025-08-16 11:07:30,284 - DEBUG - Joint score for alpha[6]: 0.1014
2025-08-16 11:07:33,794 - DEBUG - Joint score for alpha[7]: 0.1097
2025-08-16 11:07:37,305 - DEBUG - Joint score for alpha[8]: 0.1034
2025-08-16 11:07:40,815 - DEBUG - Joint score for alpha[9]: 0.1036
2025-08-16 11:07:44,325 - DEBUG - Joint score for alpha[10]: 0.1055
2025-08-16 11:07:47,833 - DEBUG - Joint score for alpha[11]: 0.1056
2025-08-16 11:07:51,342 - DEBUG - Joint score for alpha[12]: 0.1020
2025-08-16 11:07:54,849 - DEBUG - Joint score for alpha[13]: 0.1037
2025-08-16 11:07:58,356 - DEBUG - Joint score for alpha[14]: 0.1131
2025-08-16 11:08:01,864 - DEBUG - Joint score for alpha[15]: 0.1021
2025-08-16 11:08:08,601 - DEBUG - Joint score for alpha[0]: 0.1017
2025-08-16 11:08:12,114 - DEBUG - Joint score for alpha[1]: 0.1049
2025-08-16 11:08:15,625 - DEBUG - Joint score for alpha[2]: 0.1019
2025-08-16 11:08:19,136 - DEBUG - Joint score for alpha[3]: 0.1018
2025-08-16 11:08:22,646 - DEBUG - Joint score for alpha[4]: 0.1018
2025-08-16 11:08:26,155 - DEBUG - Joint score for alpha[5]: 0.1035
2025-08-16 11:08:29,663 - DEBUG - Joint score for alpha[6]: 0.1106
2025-08-16 11:08:33,172 - DEBUG - Joint score for alpha[7]: 0.1050
2025-08-16 11:08:36,680 - DEBUG - Joint score for alpha[8]: 0.1016
2025-08-16 11:08:40,189 - DEBUG - Joint score for alpha[9]: 0.1023
2025-08-16 11:08:43,699 - DEBUG - Joint score for alpha[10]: 0.1014
2025-08-16 11:08:47,208 - DEBUG - Joint score for alpha[11]: 0.1024
2025-08-16 11:08:50,720 - DEBUG - Joint score for alpha[12]: 0.1039
2025-08-16 11:08:54,230 - DEBUG - Joint score for alpha[13]: 0.1023
2025-08-16 11:08:57,742 - DEBUG - Joint score for alpha[14]: 0.1070
2025-08-16 11:09:01,252 - DEBUG - Joint score for alpha[15]: 0.1017
2025-08-16 11:09:07,989 - DEBUG - Joint score for alpha[0]: 0.1039
2025-08-16 11:09:11,505 - DEBUG - Joint score for alpha[1]: 0.1025
2025-08-16 11:09:15,017 - DEBUG - Joint score for alpha[2]: 0.1035
2025-08-16 11:09:18,529 - DEBUG - Joint score for alpha[3]: 0.1036
2025-08-16 11:09:22,039 - DEBUG - Joint score for alpha[4]: 0.1024
2025-08-16 11:09:25,552 - DEBUG - Joint score for alpha[5]: 0.1023
2025-08-16 11:09:29,064 - DEBUG - Joint score for alpha[6]: 0.1046
2025-08-16 11:09:32,576 - DEBUG - Joint score for alpha[7]: 0.1025
2025-08-16 11:09:36,088 - DEBUG - Joint score for alpha[8]: 0.1034
2025-08-16 11:09:39,599 - DEBUG - Joint score for alpha[9]: 0.1021
2025-08-16 11:09:43,112 - DEBUG - Joint score for alpha[10]: 0.1023
2025-08-16 11:09:46,624 - DEBUG - Joint score for alpha[11]: 0.1018
2025-08-16 11:09:50,138 - DEBUG - Joint score for alpha[12]: 0.1018
2025-08-16 11:09:53,651 - DEBUG - Joint score for alpha[13]: 0.1030
2025-08-16 11:09:57,166 - DEBUG - Joint score for alpha[14]: 0.1027
2025-08-16 11:10:00,678 - DEBUG - Joint score for alpha[15]: 0.1017
2025-08-16 11:10:07,399 - DEBUG - Joint score for alpha[0]: 0.1016
2025-08-16 11:10:10,914 - DEBUG - Joint score for alpha[1]: 0.1047
2025-08-16 11:10:14,426 - DEBUG - Joint score for alpha[2]: 0.1055
2025-08-16 11:10:17,936 - DEBUG - Joint score for alpha[3]: 0.1024
2025-08-16 11:10:21,447 - DEBUG - Joint score for alpha[4]: 0.1016
2025-08-16 11:10:24,958 - DEBUG - Joint score for alpha[5]: 0.1032
2025-08-16 11:10:28,467 - DEBUG - Joint score for alpha[6]: 0.1033
2025-08-16 11:10:31,977 - DEBUG - Joint score for alpha[7]: 0.1046
2025-08-16 11:10:35,486 - DEBUG - Joint score for alpha[8]: 0.1020
2025-08-16 11:10:38,995 - DEBUG - Joint score for alpha[9]: 0.1026
2025-08-16 11:10:42,504 - DEBUG - Joint score for alpha[10]: 0.1080
2025-08-16 11:10:46,013 - DEBUG - Joint score for alpha[11]: 0.1059
2025-08-16 11:10:49,526 - DEBUG - Joint score for alpha[12]: 0.1042
2025-08-16 11:10:53,034 - DEBUG - Joint score for alpha[13]: 0.1027
2025-08-16 11:10:56,544 - DEBUG - Joint score for alpha[14]: 0.1036
2025-08-16 11:11:00,053 - DEBUG - Joint score for alpha[15]: 0.1039
2025-08-16 11:11:00,096 - INFO - Step 28/120: mean CRPS=0.1016
2025-08-16 11:11:00,100 - DEBUG - Beginning Gibbs iteration s = 28
2025-08-16 11:11:09,034 - DEBUG - Joint score for alpha[0]: 0.1044
2025-08-16 11:11:12,547 - DEBUG - Joint score for alpha[1]: 0.1072
2025-08-16 11:11:16,057 - DEBUG - Joint score for alpha[2]: 0.1370
2025-08-16 11:11:19,567 - DEBUG - Joint score for alpha[3]: 0.1027
2025-08-16 11:11:23,078 - DEBUG - Joint score for alpha[4]: 0.1150
2025-08-16 11:11:26,587 - DEBUG - Joint score for alpha[5]: 0.1024
2025-08-16 11:11:30,098 - DEBUG - Joint score for alpha[6]: 0.1210
2025-08-16 11:11:33,609 - DEBUG - Joint score for alpha[7]: 0.1371
2025-08-16 11:11:37,121 - DEBUG - Joint score for alpha[8]: 0.1031
2025-08-16 11:11:40,632 - DEBUG - Joint score for alpha[9]: 0.1050
2025-08-16 11:11:44,140 - DEBUG - Joint score for alpha[10]: 0.1063
2025-08-16 11:11:47,648 - DEBUG - Joint score for alpha[11]: 0.1022
2025-08-16 11:11:51,157 - DEBUG - Joint score for alpha[12]: 0.1069
2025-08-16 11:11:54,667 - DEBUG - Joint score for alpha[13]: 0.1022
2025-08-16 11:11:58,176 - DEBUG - Joint score for alpha[14]: 0.1034
2025-08-16 11:12:01,685 - DEBUG - Joint score for alpha[15]: 0.1183
2025-08-16 11:12:08,505 - DEBUG - Joint score for alpha[0]: 0.1031
2025-08-16 11:12:12,020 - DEBUG - Joint score for alpha[1]: 0.1032
2025-08-16 11:12:15,530 - DEBUG - Joint score for alpha[2]: 0.1034
2025-08-16 11:12:19,038 - DEBUG - Joint score for alpha[3]: 0.1025
2025-08-16 11:12:22,547 - DEBUG - Joint score for alpha[4]: 0.1026
2025-08-16 11:12:26,056 - DEBUG - Joint score for alpha[5]: 0.1022
2025-08-16 11:12:29,565 - DEBUG - Joint score for alpha[6]: 0.1026
2025-08-16 11:12:33,073 - DEBUG - Joint score for alpha[7]: 0.1019
2025-08-16 11:12:36,582 - DEBUG - Joint score for alpha[8]: 0.1020
2025-08-16 11:12:40,092 - DEBUG - Joint score for alpha[9]: 0.1022
2025-08-16 11:12:43,601 - DEBUG - Joint score for alpha[10]: 0.1024
2025-08-16 11:12:47,111 - DEBUG - Joint score for alpha[11]: 0.1027
2025-08-16 11:12:50,623 - DEBUG - Joint score for alpha[12]: 0.1027
2025-08-16 11:12:54,132 - DEBUG - Joint score for alpha[13]: 0.1056
2025-08-16 11:12:57,642 - DEBUG - Joint score for alpha[14]: 0.1026
2025-08-16 11:13:01,154 - DEBUG - Joint score for alpha[15]: 0.1028
2025-08-16 11:13:08,006 - DEBUG - Joint score for alpha[0]: 0.1023
2025-08-16 11:13:11,520 - DEBUG - Joint score for alpha[1]: 0.1047
2025-08-16 11:13:15,031 - DEBUG - Joint score for alpha[2]: 0.1023
2025-08-16 11:13:18,541 - DEBUG - Joint score for alpha[3]: 0.1028
2025-08-16 11:13:22,051 - DEBUG - Joint score for alpha[4]: 0.1023
2025-08-16 11:13:25,561 - DEBUG - Joint score for alpha[5]: 0.1036
2025-08-16 11:13:29,072 - DEBUG - Joint score for alpha[6]: 0.1025
2025-08-16 11:13:32,581 - DEBUG - Joint score for alpha[7]: 0.1034
2025-08-16 11:13:36,090 - DEBUG - Joint score for alpha[8]: 0.1024
2025-08-16 11:13:39,599 - DEBUG - Joint score for alpha[9]: 0.1026
2025-08-16 11:13:43,109 - DEBUG - Joint score for alpha[10]: 0.1023
2025-08-16 11:13:46,617 - DEBUG - Joint score for alpha[11]: 0.1059
2025-08-16 11:13:50,124 - DEBUG - Joint score for alpha[12]: 0.1021
2025-08-16 11:13:53,635 - DEBUG - Joint score for alpha[13]: 0.1020
2025-08-16 11:13:57,144 - DEBUG - Joint score for alpha[14]: 0.1029
2025-08-16 11:14:00,653 - DEBUG - Joint score for alpha[15]: 0.1024
2025-08-16 11:14:07,405 - DEBUG - Joint score for alpha[0]: 0.1050
2025-08-16 11:14:10,918 - DEBUG - Joint score for alpha[1]: 0.1018
2025-08-16 11:14:14,430 - DEBUG - Joint score for alpha[2]: 0.1079
2025-08-16 11:14:17,941 - DEBUG - Joint score for alpha[3]: 0.1038
2025-08-16 11:14:21,452 - DEBUG - Joint score for alpha[4]: 0.1049
2025-08-16 11:14:24,963 - DEBUG - Joint score for alpha[5]: 0.1030
2025-08-16 11:14:28,474 - DEBUG - Joint score for alpha[6]: 0.1020
2025-08-16 11:14:31,985 - DEBUG - Joint score for alpha[7]: 0.1026
2025-08-16 11:14:35,499 - DEBUG - Joint score for alpha[8]: 0.1031
2025-08-16 11:14:39,010 - DEBUG - Joint score for alpha[9]: 0.1031
2025-08-16 11:14:42,525 - DEBUG - Joint score for alpha[10]: 0.1031
2025-08-16 11:14:46,037 - DEBUG - Joint score for alpha[11]: 0.1049
2025-08-16 11:14:49,547 - DEBUG - Joint score for alpha[12]: 0.1042
2025-08-16 11:14:53,060 - DEBUG - Joint score for alpha[13]: 0.1043
2025-08-16 11:14:56,571 - DEBUG - Joint score for alpha[14]: 0.1017
2025-08-16 11:15:00,082 - DEBUG - Joint score for alpha[15]: 0.1030
2025-08-16 11:15:06,821 - DEBUG - Joint score for alpha[0]: 0.1017
2025-08-16 11:15:10,339 - DEBUG - Joint score for alpha[1]: 0.1020
2025-08-16 11:15:13,853 - DEBUG - Joint score for alpha[2]: 0.1020
2025-08-16 11:15:17,365 - DEBUG - Joint score for alpha[3]: 0.1017
2025-08-16 11:15:20,877 - DEBUG - Joint score for alpha[4]: 0.1019
2025-08-16 11:15:24,390 - DEBUG - Joint score for alpha[5]: 0.1038
2025-08-16 11:15:27,904 - DEBUG - Joint score for alpha[6]: 0.1022
2025-08-16 11:15:31,418 - DEBUG - Joint score for alpha[7]: 0.1053
2025-08-16 11:15:34,932 - DEBUG - Joint score for alpha[8]: 0.1041
2025-08-16 11:15:38,446 - DEBUG - Joint score for alpha[9]: 0.1017
2025-08-16 11:15:41,960 - DEBUG - Joint score for alpha[10]: 0.1028
2025-08-16 11:15:45,474 - DEBUG - Joint score for alpha[11]: 0.1026
2025-08-16 11:15:48,988 - DEBUG - Joint score for alpha[12]: 0.1024
2025-08-16 11:15:52,504 - DEBUG - Joint score for alpha[13]: 0.1036
2025-08-16 11:15:56,019 - DEBUG - Joint score for alpha[14]: 0.1021
2025-08-16 11:15:59,530 - DEBUG - Joint score for alpha[15]: 0.1021
2025-08-16 11:15:59,574 - INFO - Step 29/120: mean CRPS=0.1019
2025-08-16 11:15:59,578 - DEBUG - Beginning Gibbs iteration s = 29
2025-08-16 11:16:08,322 - DEBUG - Joint score for alpha[0]: 0.1064
2025-08-16 11:16:11,836 - DEBUG - Joint score for alpha[1]: 0.1074
2025-08-16 11:16:15,346 - DEBUG - Joint score for alpha[2]: 0.1161
2025-08-16 11:16:18,857 - DEBUG - Joint score for alpha[3]: 0.1089
2025-08-16 11:16:22,368 - DEBUG - Joint score for alpha[4]: 0.1140
2025-08-16 11:16:25,880 - DEBUG - Joint score for alpha[5]: 0.1430
2025-08-16 11:16:29,391 - DEBUG - Joint score for alpha[6]: 0.1154
2025-08-16 11:16:32,904 - DEBUG - Joint score for alpha[7]: 0.1307
2025-08-16 11:16:36,415 - DEBUG - Joint score for alpha[8]: 0.1258
2025-08-16 11:16:39,928 - DEBUG - Joint score for alpha[9]: 0.1078
2025-08-16 11:16:43,437 - DEBUG - Joint score for alpha[10]: 0.1098
2025-08-16 11:16:46,947 - DEBUG - Joint score for alpha[11]: 0.1100
2025-08-16 11:16:50,459 - DEBUG - Joint score for alpha[12]: 0.1080
2025-08-16 11:16:53,969 - DEBUG - Joint score for alpha[13]: 0.1364
2025-08-16 11:16:57,479 - DEBUG - Joint score for alpha[14]: 0.1052
2025-08-16 11:17:00,989 - DEBUG - Joint score for alpha[15]: 0.1177
2025-08-16 11:17:07,809 - DEBUG - Joint score for alpha[0]: 0.1113
2025-08-16 11:17:11,323 - DEBUG - Joint score for alpha[1]: 0.1048
2025-08-16 11:17:14,834 - DEBUG - Joint score for alpha[2]: 0.1054
2025-08-16 11:17:18,346 - DEBUG - Joint score for alpha[3]: 0.1159
2025-08-16 11:17:21,858 - DEBUG - Joint score for alpha[4]: 0.1063
2025-08-16 11:17:25,372 - DEBUG - Joint score for alpha[5]: 0.1055
2025-08-16 11:17:28,885 - DEBUG - Joint score for alpha[6]: 0.1079
2025-08-16 11:17:32,395 - DEBUG - Joint score for alpha[7]: 0.1078
2025-08-16 11:17:35,905 - DEBUG - Joint score for alpha[8]: 0.1052
2025-08-16 11:17:39,415 - DEBUG - Joint score for alpha[9]: 0.1099
2025-08-16 11:17:42,924 - DEBUG - Joint score for alpha[10]: 0.1301
2025-08-16 11:17:46,434 - DEBUG - Joint score for alpha[11]: 0.1053
2025-08-16 11:17:49,945 - DEBUG - Joint score for alpha[12]: 0.1053
2025-08-16 11:17:53,456 - DEBUG - Joint score for alpha[13]: 0.1088
2025-08-16 11:17:56,966 - DEBUG - Joint score for alpha[14]: 0.1149
2025-08-16 11:18:00,477 - DEBUG - Joint score for alpha[15]: 0.1065
2025-08-16 11:18:07,259 - DEBUG - Joint score for alpha[0]: 0.1054
2025-08-16 11:18:10,774 - DEBUG - Joint score for alpha[1]: 0.1047
2025-08-16 11:18:14,285 - DEBUG - Joint score for alpha[2]: 0.1068
2025-08-16 11:18:17,795 - DEBUG - Joint score for alpha[3]: 0.1049
2025-08-16 11:18:21,306 - DEBUG - Joint score for alpha[4]: 0.1050
2025-08-16 11:18:24,817 - DEBUG - Joint score for alpha[5]: 0.1052
2025-08-16 11:18:28,329 - DEBUG - Joint score for alpha[6]: 0.1054
2025-08-16 11:18:31,841 - DEBUG - Joint score for alpha[7]: 0.1111
2025-08-16 11:18:35,352 - DEBUG - Joint score for alpha[8]: 0.1084
2025-08-16 11:18:38,864 - DEBUG - Joint score for alpha[9]: 0.1126
2025-08-16 11:18:42,373 - DEBUG - Joint score for alpha[10]: 0.1046
2025-08-16 11:18:45,885 - DEBUG - Joint score for alpha[11]: 0.1047
2025-08-16 11:18:49,398 - DEBUG - Joint score for alpha[12]: 0.1066
2025-08-16 11:18:52,911 - DEBUG - Joint score for alpha[13]: 0.1060
2025-08-16 11:18:56,423 - DEBUG - Joint score for alpha[14]: 0.1046
2025-08-16 11:18:59,936 - DEBUG - Joint score for alpha[15]: 0.1059
2025-08-16 11:19:06,815 - DEBUG - Joint score for alpha[0]: 0.1052
2025-08-16 11:19:10,330 - DEBUG - Joint score for alpha[1]: 0.1045
2025-08-16 11:19:13,840 - DEBUG - Joint score for alpha[2]: 0.1055
2025-08-16 11:19:17,351 - DEBUG - Joint score for alpha[3]: 0.1048
2025-08-16 11:19:20,861 - DEBUG - Joint score for alpha[4]: 0.1041
2025-08-16 11:19:24,372 - DEBUG - Joint score for alpha[5]: 0.1054
2025-08-16 11:19:27,882 - DEBUG - Joint score for alpha[6]: 0.1051
2025-08-16 11:19:31,392 - DEBUG - Joint score for alpha[7]: 0.1074
2025-08-16 11:19:34,903 - DEBUG - Joint score for alpha[8]: 0.1056
2025-08-16 11:19:38,414 - DEBUG - Joint score for alpha[9]: 0.1043
2025-08-16 11:19:41,923 - DEBUG - Joint score for alpha[10]: 0.1049
2025-08-16 11:19:45,433 - DEBUG - Joint score for alpha[11]: 0.1045
2025-08-16 11:19:48,945 - DEBUG - Joint score for alpha[12]: 0.1053
2025-08-16 11:19:52,457 - DEBUG - Joint score for alpha[13]: 0.1219
2025-08-16 11:19:55,969 - DEBUG - Joint score for alpha[14]: 0.1045
2025-08-16 11:19:59,482 - DEBUG - Joint score for alpha[15]: 0.1047
2025-08-16 11:20:06,214 - DEBUG - Joint score for alpha[0]: 0.1048
2025-08-16 11:20:09,729 - DEBUG - Joint score for alpha[1]: 0.1050
2025-08-16 11:20:13,239 - DEBUG - Joint score for alpha[2]: 0.1047
2025-08-16 11:20:16,750 - DEBUG - Joint score for alpha[3]: 0.1050
2025-08-16 11:20:20,260 - DEBUG - Joint score for alpha[4]: 0.1046
2025-08-16 11:20:23,771 - DEBUG - Joint score for alpha[5]: 0.1062
2025-08-16 11:20:27,281 - DEBUG - Joint score for alpha[6]: 0.1067
2025-08-16 11:20:30,791 - DEBUG - Joint score for alpha[7]: 0.1045
2025-08-16 11:20:34,301 - DEBUG - Joint score for alpha[8]: 0.1059
2025-08-16 11:20:37,813 - DEBUG - Joint score for alpha[9]: 0.1065
2025-08-16 11:20:41,323 - DEBUG - Joint score for alpha[10]: 0.1051
2025-08-16 11:20:44,833 - DEBUG - Joint score for alpha[11]: 0.1051
2025-08-16 11:20:48,346 - DEBUG - Joint score for alpha[12]: 0.1057
2025-08-16 11:20:51,860 - DEBUG - Joint score for alpha[13]: 0.1053
2025-08-16 11:20:55,373 - DEBUG - Joint score for alpha[14]: 0.1043
2025-08-16 11:20:58,888 - DEBUG - Joint score for alpha[15]: 0.1051
2025-08-16 11:20:58,932 - INFO - Step 30/120: mean CRPS=0.1046
2025-08-16 11:20:58,935 - DEBUG - Beginning Gibbs iteration s = 30
2025-08-16 11:21:00,288 - DEBUG - Proposal variance adapted: 0.038
2025-08-16 11:21:06,984 - DEBUG - Joint score for alpha[0]: 0.1107
2025-08-16 11:21:10,503 - DEBUG - Joint score for alpha[1]: 0.1392
2025-08-16 11:21:14,017 - DEBUG - Joint score for alpha[2]: 0.1141
2025-08-16 11:21:17,528 - DEBUG - Joint score for alpha[3]: 0.1033
2025-08-16 11:21:21,041 - DEBUG - Joint score for alpha[4]: 0.1023
2025-08-16 11:21:24,556 - DEBUG - Joint score for alpha[5]: 0.1033
2025-08-16 11:21:28,068 - DEBUG - Joint score for alpha[6]: 0.1024
2025-08-16 11:21:31,581 - DEBUG - Joint score for alpha[7]: 0.1455
2025-08-16 11:21:35,094 - DEBUG - Joint score for alpha[8]: 0.1058
2025-08-16 11:21:38,607 - DEBUG - Joint score for alpha[9]: 0.1195
2025-08-16 11:21:42,118 - DEBUG - Joint score for alpha[10]: 0.1080
2025-08-16 11:21:45,631 - DEBUG - Joint score for alpha[11]: 0.1180
2025-08-16 11:21:49,144 - DEBUG - Joint score for alpha[12]: 0.1060
2025-08-16 11:21:52,658 - DEBUG - Joint score for alpha[13]: 0.1028
2025-08-16 11:21:56,172 - DEBUG - Joint score for alpha[14]: 0.1023
2025-08-16 11:21:59,686 - DEBUG - Joint score for alpha[15]: 0.1095
2025-08-16 11:22:06,410 - DEBUG - Joint score for alpha[0]: 0.1029
2025-08-16 11:22:09,929 - DEBUG - Joint score for alpha[1]: 0.1079
2025-08-16 11:22:13,445 - DEBUG - Joint score for alpha[2]: 0.1078
2025-08-16 11:22:16,961 - DEBUG - Joint score for alpha[3]: 0.1057
2025-08-16 11:22:20,477 - DEBUG - Joint score for alpha[4]: 0.1031
2025-08-16 11:22:23,994 - DEBUG - Joint score for alpha[5]: 0.1090
2025-08-16 11:22:27,509 - DEBUG - Joint score for alpha[6]: 0.1022
2025-08-16 11:22:31,022 - DEBUG - Joint score for alpha[7]: 0.1022
2025-08-16 11:22:34,534 - DEBUG - Joint score for alpha[8]: 0.1023
2025-08-16 11:22:38,044 - DEBUG - Joint score for alpha[9]: 0.1028
2025-08-16 11:22:41,553 - DEBUG - Joint score for alpha[10]: 0.1023
2025-08-16 11:22:45,064 - DEBUG - Joint score for alpha[11]: 0.1099
2025-08-16 11:22:48,575 - DEBUG - Joint score for alpha[12]: 0.1024
2025-08-16 11:22:52,086 - DEBUG - Joint score for alpha[13]: 0.1030
2025-08-16 11:22:55,597 - DEBUG - Joint score for alpha[14]: 0.1028
2025-08-16 11:22:59,110 - DEBUG - Joint score for alpha[15]: 0.1093
2025-08-16 11:23:05,959 - DEBUG - Joint score for alpha[0]: 0.1026
2025-08-16 11:23:09,476 - DEBUG - Joint score for alpha[1]: 0.1024
2025-08-16 11:23:12,989 - DEBUG - Joint score for alpha[2]: 0.1025
2025-08-16 11:23:16,502 - DEBUG - Joint score for alpha[3]: 0.1032
2025-08-16 11:23:20,015 - DEBUG - Joint score for alpha[4]: 0.1031
2025-08-16 11:23:23,527 - DEBUG - Joint score for alpha[5]: 0.1023
2025-08-16 11:23:27,037 - DEBUG - Joint score for alpha[6]: 0.1038
2025-08-16 11:23:30,548 - DEBUG - Joint score for alpha[7]: 0.1042
2025-08-16 11:23:34,059 - DEBUG - Joint score for alpha[8]: 0.1023
2025-08-16 11:23:37,571 - DEBUG - Joint score for alpha[9]: 0.1035
2025-08-16 11:23:41,081 - DEBUG - Joint score for alpha[10]: 0.1029
2025-08-16 11:23:44,592 - DEBUG - Joint score for alpha[11]: 0.1043
2025-08-16 11:23:48,105 - DEBUG - Joint score for alpha[12]: 0.1053
2025-08-16 11:23:51,619 - DEBUG - Joint score for alpha[13]: 0.1041
2025-08-16 11:23:55,131 - DEBUG - Joint score for alpha[14]: 0.1019
2025-08-16 11:23:58,643 - DEBUG - Joint score for alpha[15]: 0.1018
2025-08-16 11:24:05,400 - DEBUG - Joint score for alpha[0]: 0.1028
2025-08-16 11:24:08,916 - DEBUG - Joint score for alpha[1]: 0.1015
2025-08-16 11:24:12,429 - DEBUG - Joint score for alpha[2]: 0.1028
2025-08-16 11:24:15,941 - DEBUG - Joint score for alpha[3]: 0.1263
2025-08-16 11:24:19,454 - DEBUG - Joint score for alpha[4]: 0.1062
2025-08-16 11:24:22,967 - DEBUG - Joint score for alpha[5]: 0.1040
2025-08-16 11:24:26,480 - DEBUG - Joint score for alpha[6]: 0.1031
2025-08-16 11:24:29,992 - DEBUG - Joint score for alpha[7]: 0.1022
2025-08-16 11:24:33,506 - DEBUG - Joint score for alpha[8]: 0.1019
2025-08-16 11:24:37,020 - DEBUG - Joint score for alpha[9]: 0.1020
2025-08-16 11:24:40,533 - DEBUG - Joint score for alpha[10]: 0.1070
2025-08-16 11:24:44,047 - DEBUG - Joint score for alpha[11]: 0.1022
2025-08-16 11:24:47,562 - DEBUG - Joint score for alpha[12]: 0.1027
2025-08-16 11:24:51,076 - DEBUG - Joint score for alpha[13]: 0.1018
2025-08-16 11:24:54,588 - DEBUG - Joint score for alpha[14]: 0.1030
2025-08-16 11:24:58,098 - DEBUG - Joint score for alpha[15]: 0.1028
2025-08-16 11:25:04,819 - DEBUG - Joint score for alpha[0]: 0.1071
2025-08-16 11:25:08,336 - DEBUG - Joint score for alpha[1]: 0.1022
2025-08-16 11:25:11,848 - DEBUG - Joint score for alpha[2]: 0.1049
2025-08-16 11:25:15,362 - DEBUG - Joint score for alpha[3]: 0.1027
2025-08-16 11:25:18,874 - DEBUG - Joint score for alpha[4]: 0.1016
2025-08-16 11:25:22,389 - DEBUG - Joint score for alpha[5]: 0.1032
2025-08-16 11:25:25,903 - DEBUG - Joint score for alpha[6]: 0.1052
2025-08-16 11:25:29,414 - DEBUG - Joint score for alpha[7]: 0.1037
2025-08-16 11:25:32,925 - DEBUG - Joint score for alpha[8]: 0.1043
2025-08-16 11:25:36,437 - DEBUG - Joint score for alpha[9]: 0.1022
2025-08-16 11:25:39,947 - DEBUG - Joint score for alpha[10]: 0.1019
2025-08-16 11:25:43,459 - DEBUG - Joint score for alpha[11]: 0.1079
2025-08-16 11:25:46,971 - DEBUG - Joint score for alpha[12]: 0.1025
2025-08-16 11:25:50,483 - DEBUG - Joint score for alpha[13]: 0.1043
2025-08-16 11:25:53,994 - DEBUG - Joint score for alpha[14]: 0.1030
2025-08-16 11:25:57,505 - DEBUG - Joint score for alpha[15]: 0.1046
2025-08-16 11:25:57,550 - INFO - Step 31/120: mean CRPS=0.1019
2025-08-16 11:25:57,553 - DEBUG - Beginning Gibbs iteration s = 31
2025-08-16 11:26:05,837 - DEBUG - Joint score for alpha[0]: 0.1185
2025-08-16 11:26:09,354 - DEBUG - Joint score for alpha[1]: 0.1057
2025-08-16 11:26:12,867 - DEBUG - Joint score for alpha[2]: 0.1168
2025-08-16 11:26:16,382 - DEBUG - Joint score for alpha[3]: 0.1089
2025-08-16 11:26:19,898 - DEBUG - Joint score for alpha[4]: 0.1018
2025-08-16 11:26:23,412 - DEBUG - Joint score for alpha[5]: 0.1294
2025-08-16 11:26:26,924 - DEBUG - Joint score for alpha[6]: 0.1369
2025-08-16 11:26:30,436 - DEBUG - Joint score for alpha[7]: 0.1231
2025-08-16 11:26:33,949 - DEBUG - Joint score for alpha[8]: 0.1123
2025-08-16 11:26:37,463 - DEBUG - Joint score for alpha[9]: 0.1126
2025-08-16 11:26:40,975 - DEBUG - Joint score for alpha[10]: 0.1178
2025-08-16 11:26:44,488 - DEBUG - Joint score for alpha[11]: 0.1172
2025-08-16 11:26:48,003 - DEBUG - Joint score for alpha[12]: 0.1015
2025-08-16 11:26:51,516 - DEBUG - Joint score for alpha[13]: 0.1156
2025-08-16 11:26:55,028 - DEBUG - Joint score for alpha[14]: 0.1068
2025-08-16 11:26:58,542 - DEBUG - Joint score for alpha[15]: 0.1095
2025-08-16 11:27:05,284 - DEBUG - Joint score for alpha[0]: 0.1226
2025-08-16 11:27:08,802 - DEBUG - Joint score for alpha[1]: 0.1019
2025-08-16 11:27:12,315 - DEBUG - Joint score for alpha[2]: 0.1101
2025-08-16 11:27:15,831 - DEBUG - Joint score for alpha[3]: 0.1027
2025-08-16 11:27:19,346 - DEBUG - Joint score for alpha[4]: 0.1036
2025-08-16 11:27:22,862 - DEBUG - Joint score for alpha[5]: 0.1017
2025-08-16 11:27:26,378 - DEBUG - Joint score for alpha[6]: 0.1019
2025-08-16 11:27:29,893 - DEBUG - Joint score for alpha[7]: 0.1026
2025-08-16 11:27:33,409 - DEBUG - Joint score for alpha[8]: 0.1024
2025-08-16 11:27:36,924 - DEBUG - Joint score for alpha[9]: 0.1032
2025-08-16 11:27:40,438 - DEBUG - Joint score for alpha[10]: 0.1020
2025-08-16 11:27:43,954 - DEBUG - Joint score for alpha[11]: 0.1029
2025-08-16 11:27:47,471 - DEBUG - Joint score for alpha[12]: 0.1107
2025-08-16 11:27:50,988 - DEBUG - Joint score for alpha[13]: 0.1011
2025-08-16 11:27:54,505 - DEBUG - Joint score for alpha[14]: 0.1032
2025-08-16 11:27:58,020 - DEBUG - Joint score for alpha[15]: 0.1032
2025-08-16 11:28:04,756 - DEBUG - Joint score for alpha[0]: 0.1019
2025-08-16 11:28:08,272 - DEBUG - Joint score for alpha[1]: 0.1017
2025-08-16 11:28:11,784 - DEBUG - Joint score for alpha[2]: 0.1036
2025-08-16 11:28:15,297 - DEBUG - Joint score for alpha[3]: 0.1016
2025-08-16 11:28:18,810 - DEBUG - Joint score for alpha[4]: 0.1025
2025-08-16 11:28:22,321 - DEBUG - Joint score for alpha[5]: 0.1030
2025-08-16 11:28:25,833 - DEBUG - Joint score for alpha[6]: 0.1018
2025-08-16 11:28:29,347 - DEBUG - Joint score for alpha[7]: 0.1020
2025-08-16 11:28:32,862 - DEBUG - Joint score for alpha[8]: 0.1020
2025-08-16 11:28:36,375 - DEBUG - Joint score for alpha[9]: 0.1063
2025-08-16 11:28:39,891 - DEBUG - Joint score for alpha[10]: 0.1028
2025-08-16 11:28:43,406 - DEBUG - Joint score for alpha[11]: 0.1016
2025-08-16 11:28:46,918 - DEBUG - Joint score for alpha[12]: 0.1022
2025-08-16 11:28:50,431 - DEBUG - Joint score for alpha[13]: 0.1016
2025-08-16 11:28:53,943 - DEBUG - Joint score for alpha[14]: 0.1022
2025-08-16 11:28:57,455 - DEBUG - Joint score for alpha[15]: 0.1021
2025-08-16 11:29:04,284 - DEBUG - Joint score for alpha[0]: 0.1021
2025-08-16 11:29:07,801 - DEBUG - Joint score for alpha[1]: 0.1027
2025-08-16 11:29:11,316 - DEBUG - Joint score for alpha[2]: 0.1020
2025-08-16 11:29:14,830 - DEBUG - Joint score for alpha[3]: 0.1028
2025-08-16 11:29:18,344 - DEBUG - Joint score for alpha[4]: 0.1023
2025-08-16 11:29:21,859 - DEBUG - Joint score for alpha[5]: 0.1035
2025-08-16 11:29:25,373 - DEBUG - Joint score for alpha[6]: 0.1022
2025-08-16 11:29:28,887 - DEBUG - Joint score for alpha[7]: 0.1019
2025-08-16 11:29:32,400 - DEBUG - Joint score for alpha[8]: 0.1022
2025-08-16 11:29:35,912 - DEBUG - Joint score for alpha[9]: 0.1055
2025-08-16 11:29:39,423 - DEBUG - Joint score for alpha[10]: 0.1041
2025-08-16 11:29:42,935 - DEBUG - Joint score for alpha[11]: 0.1034
2025-08-16 11:29:46,447 - DEBUG - Joint score for alpha[12]: 0.1023
2025-08-16 11:29:49,960 - DEBUG - Joint score for alpha[13]: 0.1028
2025-08-16 11:29:53,473 - DEBUG - Joint score for alpha[14]: 0.1025
2025-08-16 11:29:56,987 - DEBUG - Joint score for alpha[15]: 0.1029
2025-08-16 11:30:03,812 - DEBUG - Joint score for alpha[0]: 0.1022
2025-08-16 11:30:07,330 - DEBUG - Joint score for alpha[1]: 0.1044
2025-08-16 11:30:10,843 - DEBUG - Joint score for alpha[2]: 0.1045
2025-08-16 11:30:14,357 - DEBUG - Joint score for alpha[3]: 0.1048
2025-08-16 11:30:17,869 - DEBUG - Joint score for alpha[4]: 0.1024
2025-08-16 11:30:21,381 - DEBUG - Joint score for alpha[5]: 0.1024
2025-08-16 11:30:24,893 - DEBUG - Joint score for alpha[6]: 0.1035
2025-08-16 11:30:28,404 - DEBUG - Joint score for alpha[7]: 0.1047
2025-08-16 11:30:31,916 - DEBUG - Joint score for alpha[8]: 0.1027
2025-08-16 11:30:35,429 - DEBUG - Joint score for alpha[9]: 0.1029
2025-08-16 11:30:38,940 - DEBUG - Joint score for alpha[10]: 0.1023
2025-08-16 11:30:42,453 - DEBUG - Joint score for alpha[11]: 0.1034
2025-08-16 11:30:45,966 - DEBUG - Joint score for alpha[12]: 0.1082
2025-08-16 11:30:49,480 - DEBUG - Joint score for alpha[13]: 0.1024
2025-08-16 11:30:52,992 - DEBUG - Joint score for alpha[14]: 0.1057
2025-08-16 11:30:56,505 - DEBUG - Joint score for alpha[15]: 0.1026
2025-08-16 11:30:56,549 - INFO - Step 32/120: mean CRPS=0.1016
2025-08-16 11:30:56,553 - DEBUG - Beginning Gibbs iteration s = 32
2025-08-16 11:31:06,514 - DEBUG - Joint score for alpha[0]: 0.1111
2025-08-16 11:31:10,030 - DEBUG - Joint score for alpha[1]: 0.1022
2025-08-16 11:31:13,545 - DEBUG - Joint score for alpha[2]: 0.1060
2025-08-16 11:31:17,060 - DEBUG - Joint score for alpha[3]: 0.1322
2025-08-16 11:31:20,576 - DEBUG - Joint score for alpha[4]: 0.1028
2025-08-16 11:31:24,091 - DEBUG - Joint score for alpha[5]: 0.1059
2025-08-16 11:31:27,605 - DEBUG - Joint score for alpha[6]: 0.1087
2025-08-16 11:31:31,118 - DEBUG - Joint score for alpha[7]: 0.1340
2025-08-16 11:31:34,632 - DEBUG - Joint score for alpha[8]: 0.1095
2025-08-16 11:31:38,146 - DEBUG - Joint score for alpha[9]: 0.1069
2025-08-16 11:31:41,658 - DEBUG - Joint score for alpha[10]: 0.1024
2025-08-16 11:31:45,171 - DEBUG - Joint score for alpha[11]: 0.1247
2025-08-16 11:31:48,684 - DEBUG - Joint score for alpha[12]: 0.1037
2025-08-16 11:31:52,197 - DEBUG - Joint score for alpha[13]: 0.1036
2025-08-16 11:31:55,712 - DEBUG - Joint score for alpha[14]: 0.1125
2025-08-16 11:31:59,227 - DEBUG - Joint score for alpha[15]: 0.1034
2025-08-16 11:32:05,977 - DEBUG - Joint score for alpha[0]: 0.1024
2025-08-16 11:32:09,496 - DEBUG - Joint score for alpha[1]: 0.1066
2025-08-16 11:32:13,010 - DEBUG - Joint score for alpha[2]: 0.1022
2025-08-16 11:32:16,525 - DEBUG - Joint score for alpha[3]: 0.1022
2025-08-16 11:32:20,039 - DEBUG - Joint score for alpha[4]: 0.1036
2025-08-16 11:32:23,552 - DEBUG - Joint score for alpha[5]: 0.1028
2025-08-16 11:32:27,064 - DEBUG - Joint score for alpha[6]: 0.1030
2025-08-16 11:32:30,576 - DEBUG - Joint score for alpha[7]: 0.1025
2025-08-16 11:32:34,089 - DEBUG - Joint score for alpha[8]: 0.1023
2025-08-16 11:32:37,601 - DEBUG - Joint score for alpha[9]: 0.1118
2025-08-16 11:32:41,111 - DEBUG - Joint score for alpha[10]: 0.1024
2025-08-16 11:32:44,625 - DEBUG - Joint score for alpha[11]: 0.1060
2025-08-16 11:32:48,137 - DEBUG - Joint score for alpha[12]: 0.1030
2025-08-16 11:32:51,651 - DEBUG - Joint score for alpha[13]: 0.1026
2025-08-16 11:32:55,163 - DEBUG - Joint score for alpha[14]: 0.1023
2025-08-16 11:32:58,675 - DEBUG - Joint score for alpha[15]: 0.1084
2025-08-16 11:33:05,564 - DEBUG - Joint score for alpha[0]: 0.1026
2025-08-16 11:33:09,080 - DEBUG - Joint score for alpha[1]: 0.1030
2025-08-16 11:33:12,590 - DEBUG - Joint score for alpha[2]: 0.1069
2025-08-16 11:33:16,102 - DEBUG - Joint score for alpha[3]: 0.1024
2025-08-16 11:33:19,614 - DEBUG - Joint score for alpha[4]: 0.1030
2025-08-16 11:33:23,125 - DEBUG - Joint score for alpha[5]: 0.1023
2025-08-16 11:33:26,636 - DEBUG - Joint score for alpha[6]: 0.1024
2025-08-16 11:33:30,146 - DEBUG - Joint score for alpha[7]: 0.1028
2025-08-16 11:33:33,657 - DEBUG - Joint score for alpha[8]: 0.1032
2025-08-16 11:33:37,168 - DEBUG - Joint score for alpha[9]: 0.1025
2025-08-16 11:33:40,678 - DEBUG - Joint score for alpha[10]: 0.1026
2025-08-16 11:33:44,189 - DEBUG - Joint score for alpha[11]: 0.1023
2025-08-16 11:33:47,701 - DEBUG - Joint score for alpha[12]: 0.1016
2025-08-16 11:33:51,213 - DEBUG - Joint score for alpha[13]: 0.1024
2025-08-16 11:33:54,726 - DEBUG - Joint score for alpha[14]: 0.1021
2025-08-16 11:33:58,239 - DEBUG - Joint score for alpha[15]: 0.1078
2025-08-16 11:34:05,122 - DEBUG - Joint score for alpha[0]: 0.1052
2025-08-16 11:34:08,637 - DEBUG - Joint score for alpha[1]: 0.1041
2025-08-16 11:34:12,149 - DEBUG - Joint score for alpha[2]: 0.1024
2025-08-16 11:34:15,661 - DEBUG - Joint score for alpha[3]: 0.1023
2025-08-16 11:34:19,173 - DEBUG - Joint score for alpha[4]: 0.1042
2025-08-16 11:34:22,685 - DEBUG - Joint score for alpha[5]: 0.1044
2025-08-16 11:34:26,198 - DEBUG - Joint score for alpha[6]: 0.1025
2025-08-16 11:34:29,710 - DEBUG - Joint score for alpha[7]: 0.1022
2025-08-16 11:34:33,223 - DEBUG - Joint score for alpha[8]: 0.1034
2025-08-16 11:34:36,737 - DEBUG - Joint score for alpha[9]: 0.1021
2025-08-16 11:34:40,249 - DEBUG - Joint score for alpha[10]: 0.1053
2025-08-16 11:34:43,762 - DEBUG - Joint score for alpha[11]: 0.1026
2025-08-16 11:34:47,276 - DEBUG - Joint score for alpha[12]: 0.1019
2025-08-16 11:34:50,787 - DEBUG - Joint score for alpha[13]: 0.1024
2025-08-16 11:34:54,298 - DEBUG - Joint score for alpha[14]: 0.1070
2025-08-16 11:34:57,810 - DEBUG - Joint score for alpha[15]: 0.1028
2025-08-16 11:35:04,542 - DEBUG - Joint score for alpha[0]: 0.1035
2025-08-16 11:35:08,060 - DEBUG - Joint score for alpha[1]: 0.1029
2025-08-16 11:35:11,574 - DEBUG - Joint score for alpha[2]: 0.1050
2025-08-16 11:35:15,088 - DEBUG - Joint score for alpha[3]: 0.1046
2025-08-16 11:35:18,602 - DEBUG - Joint score for alpha[4]: 0.1018
2025-08-16 11:35:22,118 - DEBUG - Joint score for alpha[5]: 0.1024
2025-08-16 11:35:25,631 - DEBUG - Joint score for alpha[6]: 0.1056
2025-08-16 11:35:29,144 - DEBUG - Joint score for alpha[7]: 0.1041
2025-08-16 11:35:32,658 - DEBUG - Joint score for alpha[8]: 0.1049
2025-08-16 11:35:36,172 - DEBUG - Joint score for alpha[9]: 0.1042
2025-08-16 11:35:39,686 - DEBUG - Joint score for alpha[10]: 0.1047
2025-08-16 11:35:43,199 - DEBUG - Joint score for alpha[11]: 0.1033
2025-08-16 11:35:46,714 - DEBUG - Joint score for alpha[12]: 0.1022
2025-08-16 11:35:50,229 - DEBUG - Joint score for alpha[13]: 0.1040
2025-08-16 11:35:53,745 - DEBUG - Joint score for alpha[14]: 0.1020
2025-08-16 11:35:57,262 - DEBUG - Joint score for alpha[15]: 0.1018
2025-08-16 11:35:57,306 - INFO - Step 33/120: mean CRPS=0.1019
2025-08-16 11:35:57,310 - DEBUG - Beginning Gibbs iteration s = 33
2025-08-16 11:36:07,236 - DEBUG - Joint score for alpha[0]: 0.1031
2025-08-16 11:36:10,755 - DEBUG - Joint score for alpha[1]: 0.1039
2025-08-16 11:36:14,270 - DEBUG - Joint score for alpha[2]: 0.1209
2025-08-16 11:36:17,786 - DEBUG - Joint score for alpha[3]: 0.1024
2025-08-16 11:36:21,302 - DEBUG - Joint score for alpha[4]: 0.1160
2025-08-16 11:36:24,820 - DEBUG - Joint score for alpha[5]: 0.1148
2025-08-16 11:36:28,336 - DEBUG - Joint score for alpha[6]: 0.1034
2025-08-16 11:36:31,851 - DEBUG - Joint score for alpha[7]: 0.1035
2025-08-16 11:36:35,368 - DEBUG - Joint score for alpha[8]: 0.1094
2025-08-16 11:36:38,884 - DEBUG - Joint score for alpha[9]: 0.1018
2025-08-16 11:36:42,400 - DEBUG - Joint score for alpha[10]: 0.1038
2025-08-16 11:36:45,917 - DEBUG - Joint score for alpha[11]: 0.1056
2025-08-16 11:36:49,435 - DEBUG - Joint score for alpha[12]: 0.1083
2025-08-16 11:36:52,951 - DEBUG - Joint score for alpha[13]: 0.1149
2025-08-16 11:36:56,467 - DEBUG - Joint score for alpha[14]: 0.1082
2025-08-16 11:36:59,982 - DEBUG - Joint score for alpha[15]: 0.1197
2025-08-16 11:37:06,717 - DEBUG - Joint score for alpha[0]: 0.1063
2025-08-16 11:37:10,229 - DEBUG - Joint score for alpha[1]: 0.1031
2025-08-16 11:37:13,738 - DEBUG - Joint score for alpha[2]: 0.1021
2025-08-16 11:37:17,248 - DEBUG - Joint score for alpha[3]: 0.1022
2025-08-16 11:37:20,757 - DEBUG - Joint score for alpha[4]: 0.1086
2025-08-16 11:37:24,267 - DEBUG - Joint score for alpha[5]: 0.1029
2025-08-16 11:37:27,776 - DEBUG - Joint score for alpha[6]: 0.1061
2025-08-16 11:37:31,285 - DEBUG - Joint score for alpha[7]: 0.1106
2025-08-16 11:37:34,795 - DEBUG - Joint score for alpha[8]: 0.1030
2025-08-16 11:37:38,305 - DEBUG - Joint score for alpha[9]: 0.1075
2025-08-16 11:37:41,814 - DEBUG - Joint score for alpha[10]: 0.1069
2025-08-16 11:37:45,324 - DEBUG - Joint score for alpha[11]: 0.1040
2025-08-16 11:37:48,837 - DEBUG - Joint score for alpha[12]: 0.1046
2025-08-16 11:37:52,350 - DEBUG - Joint score for alpha[13]: 0.1061
2025-08-16 11:37:55,862 - DEBUG - Joint score for alpha[14]: 0.1026
2025-08-16 11:37:59,373 - DEBUG - Joint score for alpha[15]: 0.1044
2025-08-16 11:38:06,131 - DEBUG - Joint score for alpha[0]: 0.1081
2025-08-16 11:38:09,646 - DEBUG - Joint score for alpha[1]: 0.1035
2025-08-16 11:38:13,156 - DEBUG - Joint score for alpha[2]: 0.1031
2025-08-16 11:38:16,668 - DEBUG - Joint score for alpha[3]: 0.1025
2025-08-16 11:38:20,179 - DEBUG - Joint score for alpha[4]: 0.1027
2025-08-16 11:38:23,691 - DEBUG - Joint score for alpha[5]: 0.1044
2025-08-16 11:38:27,200 - DEBUG - Joint score for alpha[6]: 0.1062
2025-08-16 11:38:30,710 - DEBUG - Joint score for alpha[7]: 0.1030
2025-08-16 11:38:34,221 - DEBUG - Joint score for alpha[8]: 0.1037
2025-08-16 11:38:37,732 - DEBUG - Joint score for alpha[9]: 0.1027
2025-08-16 11:38:41,241 - DEBUG - Joint score for alpha[10]: 0.1027
2025-08-16 11:38:44,753 - DEBUG - Joint score for alpha[11]: 0.1045
2025-08-16 11:38:48,264 - DEBUG - Joint score for alpha[12]: 0.1024
2025-08-16 11:38:51,775 - DEBUG - Joint score for alpha[13]: 0.1020
2025-08-16 11:38:55,284 - DEBUG - Joint score for alpha[14]: 0.1022
2025-08-16 11:38:58,795 - DEBUG - Joint score for alpha[15]: 0.1023
2025-08-16 11:39:05,514 - DEBUG - Joint score for alpha[0]: 0.1042
2025-08-16 11:39:09,028 - DEBUG - Joint score for alpha[1]: 0.1039
2025-08-16 11:39:12,538 - DEBUG - Joint score for alpha[2]: 0.1053
2025-08-16 11:39:16,048 - DEBUG - Joint score for alpha[3]: 0.1032
2025-08-16 11:39:19,557 - DEBUG - Joint score for alpha[4]: 0.1026
2025-08-16 11:39:23,069 - DEBUG - Joint score for alpha[5]: 0.1056
2025-08-16 11:39:26,578 - DEBUG - Joint score for alpha[6]: 0.1026
2025-08-16 11:39:30,090 - DEBUG - Joint score for alpha[7]: 0.1028
2025-08-16 11:39:33,604 - DEBUG - Joint score for alpha[8]: 0.1021
2025-08-16 11:39:37,118 - DEBUG - Joint score for alpha[9]: 0.1026
2025-08-16 11:39:40,631 - DEBUG - Joint score for alpha[10]: 0.1022
2025-08-16 11:39:44,146 - DEBUG - Joint score for alpha[11]: 0.1032
2025-08-16 11:39:47,661 - DEBUG - Joint score for alpha[12]: 0.1031
2025-08-16 11:39:51,176 - DEBUG - Joint score for alpha[13]: 0.1028
2025-08-16 11:39:54,691 - DEBUG - Joint score for alpha[14]: 0.1034
2025-08-16 11:39:58,206 - DEBUG - Joint score for alpha[15]: 0.1035
2025-08-16 11:40:04,929 - DEBUG - Joint score for alpha[0]: 0.1031
2025-08-16 11:40:08,447 - DEBUG - Joint score for alpha[1]: 0.1033
2025-08-16 11:40:11,960 - DEBUG - Joint score for alpha[2]: 0.1029
2025-08-16 11:40:15,474 - DEBUG - Joint score for alpha[3]: 0.1032
2025-08-16 11:40:18,987 - DEBUG - Joint score for alpha[4]: 0.1019
2025-08-16 11:40:22,502 - DEBUG - Joint score for alpha[5]: 0.1021
2025-08-16 11:40:26,015 - DEBUG - Joint score for alpha[6]: 0.1072
2025-08-16 11:40:29,529 - DEBUG - Joint score for alpha[7]: 0.1045
2025-08-16 11:40:33,043 - DEBUG - Joint score for alpha[8]: 0.1033
2025-08-16 11:40:36,557 - DEBUG - Joint score for alpha[9]: 0.1064
2025-08-16 11:40:40,068 - DEBUG - Joint score for alpha[10]: 0.1029
2025-08-16 11:40:43,580 - DEBUG - Joint score for alpha[11]: 0.1030
2025-08-16 11:40:47,092 - DEBUG - Joint score for alpha[12]: 0.1024
2025-08-16 11:40:50,605 - DEBUG - Joint score for alpha[13]: 0.1034
2025-08-16 11:40:54,116 - DEBUG - Joint score for alpha[14]: 0.1024
2025-08-16 11:40:57,628 - DEBUG - Joint score for alpha[15]: 0.1068
2025-08-16 11:40:57,673 - INFO - Step 34/120: mean CRPS=0.1020
2025-08-16 11:40:57,677 - DEBUG - Beginning Gibbs iteration s = 34
2025-08-16 11:41:07,431 - DEBUG - Joint score for alpha[0]: 0.1138
2025-08-16 11:41:10,945 - DEBUG - Joint score for alpha[1]: 0.1052
2025-08-16 11:41:14,454 - DEBUG - Joint score for alpha[2]: 0.1284
2025-08-16 11:41:17,964 - DEBUG - Joint score for alpha[3]: 0.1038
2025-08-16 11:41:21,474 - DEBUG - Joint score for alpha[4]: 0.1026
2025-08-16 11:41:24,985 - DEBUG - Joint score for alpha[5]: 0.1039
2025-08-16 11:41:28,495 - DEBUG - Joint score for alpha[6]: 0.1324
2025-08-16 11:41:32,006 - DEBUG - Joint score for alpha[7]: 0.1028
2025-08-16 11:41:35,517 - DEBUG - Joint score for alpha[8]: 0.1149
2025-08-16 11:41:39,029 - DEBUG - Joint score for alpha[9]: 0.1094
2025-08-16 11:41:42,537 - DEBUG - Joint score for alpha[10]: 0.1047
2025-08-16 11:41:46,047 - DEBUG - Joint score for alpha[11]: 0.1088
2025-08-16 11:41:49,559 - DEBUG - Joint score for alpha[12]: 0.1027
2025-08-16 11:41:53,070 - DEBUG - Joint score for alpha[13]: 0.1354
2025-08-16 11:41:56,581 - DEBUG - Joint score for alpha[14]: 0.1109
2025-08-16 11:42:00,093 - DEBUG - Joint score for alpha[15]: 0.1026
2025-08-16 11:42:06,903 - DEBUG - Joint score for alpha[0]: 0.1047
2025-08-16 11:42:10,417 - DEBUG - Joint score for alpha[1]: 0.1030
2025-08-16 11:42:13,927 - DEBUG - Joint score for alpha[2]: 0.1090
2025-08-16 11:42:17,438 - DEBUG - Joint score for alpha[3]: 0.1132
2025-08-16 11:42:20,948 - DEBUG - Joint score for alpha[4]: 0.1031
2025-08-16 11:42:24,459 - DEBUG - Joint score for alpha[5]: 0.1055
2025-08-16 11:42:27,970 - DEBUG - Joint score for alpha[6]: 0.1047
2025-08-16 11:42:31,481 - DEBUG - Joint score for alpha[7]: 0.1053
2025-08-16 11:42:34,991 - DEBUG - Joint score for alpha[8]: 0.1026
2025-08-16 11:42:38,503 - DEBUG - Joint score for alpha[9]: 0.1024
2025-08-16 11:42:42,013 - DEBUG - Joint score for alpha[10]: 0.1043
2025-08-16 11:42:45,524 - DEBUG - Joint score for alpha[11]: 0.1038
2025-08-16 11:42:49,036 - DEBUG - Joint score for alpha[12]: 0.1035
2025-08-16 11:42:52,548 - DEBUG - Joint score for alpha[13]: 0.1043
2025-08-16 11:42:56,060 - DEBUG - Joint score for alpha[14]: 0.1030
2025-08-16 11:42:59,572 - DEBUG - Joint score for alpha[15]: 0.1045
2025-08-16 11:43:06,391 - DEBUG - Joint score for alpha[0]: 0.1027
2025-08-16 11:43:09,905 - DEBUG - Joint score for alpha[1]: 0.1028
2025-08-16 11:43:13,417 - DEBUG - Joint score for alpha[2]: 0.1034
2025-08-16 11:43:16,928 - DEBUG - Joint score for alpha[3]: 0.1030
2025-08-16 11:43:20,438 - DEBUG - Joint score for alpha[4]: 0.1038
2025-08-16 11:43:23,950 - DEBUG - Joint score for alpha[5]: 0.1090
2025-08-16 11:43:27,461 - DEBUG - Joint score for alpha[6]: 0.1029
2025-08-16 11:43:30,971 - DEBUG - Joint score for alpha[7]: 0.1112
2025-08-16 11:43:34,483 - DEBUG - Joint score for alpha[8]: 0.1027
2025-08-16 11:43:37,995 - DEBUG - Joint score for alpha[9]: 0.1025
2025-08-16 11:43:41,505 - DEBUG - Joint score for alpha[10]: 0.1030
2025-08-16 11:43:45,018 - DEBUG - Joint score for alpha[11]: 0.1048
2025-08-16 11:43:48,533 - DEBUG - Joint score for alpha[12]: 0.1036
2025-08-16 11:43:52,048 - DEBUG - Joint score for alpha[13]: 0.1034
2025-08-16 11:43:55,561 - DEBUG - Joint score for alpha[14]: 0.1027
2025-08-16 11:43:59,076 - DEBUG - Joint score for alpha[15]: 0.1062
2025-08-16 11:44:05,803 - DEBUG - Joint score for alpha[0]: 0.1051
2025-08-16 11:44:09,320 - DEBUG - Joint score for alpha[1]: 0.1029
2025-08-16 11:44:12,833 - DEBUG - Joint score for alpha[2]: 0.1042
2025-08-16 11:44:16,346 - DEBUG - Joint score for alpha[3]: 0.1035
2025-08-16 11:44:19,858 - DEBUG - Joint score for alpha[4]: 0.1029
2025-08-16 11:44:23,371 - DEBUG - Joint score for alpha[5]: 0.1032
2025-08-16 11:44:26,884 - DEBUG - Joint score for alpha[6]: 0.1024
2025-08-16 11:44:30,396 - DEBUG - Joint score for alpha[7]: 0.1022
2025-08-16 11:44:33,909 - DEBUG - Joint score for alpha[8]: 0.1048
2025-08-16 11:44:37,423 - DEBUG - Joint score for alpha[9]: 0.1033
2025-08-16 11:44:40,937 - DEBUG - Joint score for alpha[10]: 0.1028
2025-08-16 11:44:44,451 - DEBUG - Joint score for alpha[11]: 0.1025
2025-08-16 11:44:47,966 - DEBUG - Joint score for alpha[12]: 0.1029
2025-08-16 11:44:51,481 - DEBUG - Joint score for alpha[13]: 0.1026
2025-08-16 11:44:54,994 - DEBUG - Joint score for alpha[14]: 0.1038
2025-08-16 11:44:58,505 - DEBUG - Joint score for alpha[15]: 0.1048
2025-08-16 11:45:05,236 - DEBUG - Joint score for alpha[0]: 0.1028
2025-08-16 11:45:08,750 - DEBUG - Joint score for alpha[1]: 0.1042
2025-08-16 11:45:12,261 - DEBUG - Joint score for alpha[2]: 0.1030
2025-08-16 11:45:15,773 - DEBUG - Joint score for alpha[3]: 0.1030
2025-08-16 11:45:19,283 - DEBUG - Joint score for alpha[4]: 0.1057
2025-08-16 11:45:22,795 - DEBUG - Joint score for alpha[5]: 0.1044
2025-08-16 11:45:26,306 - DEBUG - Joint score for alpha[6]: 0.1029
2025-08-16 11:45:29,817 - DEBUG - Joint score for alpha[7]: 0.1048
2025-08-16 11:45:33,328 - DEBUG - Joint score for alpha[8]: 0.1040
2025-08-16 11:45:36,840 - DEBUG - Joint score for alpha[9]: 0.1026
2025-08-16 11:45:40,350 - DEBUG - Joint score for alpha[10]: 0.1031
2025-08-16 11:45:43,863 - DEBUG - Joint score for alpha[11]: 0.1044
2025-08-16 11:45:47,374 - DEBUG - Joint score for alpha[12]: 0.1056
2025-08-16 11:45:50,885 - DEBUG - Joint score for alpha[13]: 0.1025
2025-08-16 11:45:54,397 - DEBUG - Joint score for alpha[14]: 0.1030
2025-08-16 11:45:57,908 - DEBUG - Joint score for alpha[15]: 0.1051
2025-08-16 11:45:57,953 - INFO - Step 35/120: mean CRPS=0.1024
2025-08-16 11:45:57,957 - DEBUG - Beginning Gibbs iteration s = 35
2025-08-16 11:46:00,171 - DEBUG - Proposal variance adapted: 0.032
2025-08-16 11:46:06,970 - DEBUG - Joint score for alpha[0]: 0.1125
2025-08-16 11:46:10,483 - DEBUG - Joint score for alpha[1]: 0.1149
2025-08-16 11:46:13,992 - DEBUG - Joint score for alpha[2]: 0.1021
2025-08-16 11:46:17,502 - DEBUG - Joint score for alpha[3]: 0.1060
2025-08-16 11:46:21,012 - DEBUG - Joint score for alpha[4]: 0.1018
2025-08-16 11:46:24,523 - DEBUG - Joint score for alpha[5]: 0.1061
2025-08-16 11:46:28,033 - DEBUG - Joint score for alpha[6]: 0.1025
2025-08-16 11:46:31,542 - DEBUG - Joint score for alpha[7]: 0.1113
2025-08-16 11:46:35,051 - DEBUG - Joint score for alpha[8]: 0.1269
2025-08-16 11:46:38,561 - DEBUG - Joint score for alpha[9]: 0.1182
2025-08-16 11:46:42,069 - DEBUG - Joint score for alpha[10]: 0.1064
2025-08-16 11:46:45,579 - DEBUG - Joint score for alpha[11]: 0.1104
2025-08-16 11:46:49,089 - DEBUG - Joint score for alpha[12]: 0.1026
2025-08-16 11:46:52,601 - DEBUG - Joint score for alpha[13]: 0.1040
2025-08-16 11:46:56,109 - DEBUG - Joint score for alpha[14]: 0.1066
2025-08-16 11:46:59,620 - DEBUG - Joint score for alpha[15]: 0.1199
2025-08-16 11:47:06,344 - DEBUG - Joint score for alpha[0]: 0.1019
2025-08-16 11:47:09,857 - DEBUG - Joint score for alpha[1]: 0.1055
2025-08-16 11:47:13,367 - DEBUG - Joint score for alpha[2]: 0.1018
2025-08-16 11:47:16,877 - DEBUG - Joint score for alpha[3]: 0.1078
2025-08-16 11:47:20,387 - DEBUG - Joint score for alpha[4]: 0.1024
2025-08-16 11:47:23,897 - DEBUG - Joint score for alpha[5]: 0.1112
2025-08-16 11:47:27,407 - DEBUG - Joint score for alpha[6]: 0.1026
2025-08-16 11:47:30,917 - DEBUG - Joint score for alpha[7]: 0.1018
2025-08-16 11:47:34,429 - DEBUG - Joint score for alpha[8]: 0.1030
2025-08-16 11:47:37,943 - DEBUG - Joint score for alpha[9]: 0.1122
2025-08-16 11:47:41,454 - DEBUG - Joint score for alpha[10]: 0.1022
2025-08-16 11:47:44,967 - DEBUG - Joint score for alpha[11]: 0.1027
2025-08-16 11:47:48,480 - DEBUG - Joint score for alpha[12]: 0.1027
2025-08-16 11:47:51,992 - DEBUG - Joint score for alpha[13]: 0.1042
2025-08-16 11:47:55,504 - DEBUG - Joint score for alpha[14]: 0.1075
2025-08-16 11:47:59,017 - DEBUG - Joint score for alpha[15]: 0.1085
2025-08-16 11:48:05,754 - DEBUG - Joint score for alpha[0]: 0.1040
2025-08-16 11:48:09,269 - DEBUG - Joint score for alpha[1]: 0.1022
2025-08-16 11:48:12,781 - DEBUG - Joint score for alpha[2]: 0.1021
2025-08-16 11:48:16,292 - DEBUG - Joint score for alpha[3]: 0.1040
2025-08-16 11:48:19,803 - DEBUG - Joint score for alpha[4]: 0.1035
2025-08-16 11:48:23,315 - DEBUG - Joint score for alpha[5]: 0.1023
2025-08-16 11:48:26,826 - DEBUG - Joint score for alpha[6]: 0.1019
2025-08-16 11:48:30,335 - DEBUG - Joint score for alpha[7]: 0.1027
2025-08-16 11:48:33,847 - DEBUG - Joint score for alpha[8]: 0.1017
2025-08-16 11:48:37,359 - DEBUG - Joint score for alpha[9]: 0.1019
2025-08-16 11:48:40,870 - DEBUG - Joint score for alpha[10]: 0.1025
2025-08-16 11:48:44,379 - DEBUG - Joint score for alpha[11]: 0.1154
2025-08-16 11:48:47,890 - DEBUG - Joint score for alpha[12]: 0.1079
2025-08-16 11:48:51,400 - DEBUG - Joint score for alpha[13]: 0.1072
2025-08-16 11:48:54,910 - DEBUG - Joint score for alpha[14]: 0.1017
2025-08-16 11:48:58,421 - DEBUG - Joint score for alpha[15]: 0.1022
2025-08-16 11:49:05,192 - DEBUG - Joint score for alpha[0]: 0.1044
2025-08-16 11:49:08,707 - DEBUG - Joint score for alpha[1]: 0.1033
2025-08-16 11:49:12,219 - DEBUG - Joint score for alpha[2]: 0.1032
2025-08-16 11:49:15,731 - DEBUG - Joint score for alpha[3]: 0.1041
2025-08-16 11:49:19,243 - DEBUG - Joint score for alpha[4]: 0.1020
2025-08-16 11:49:22,756 - DEBUG - Joint score for alpha[5]: 0.1024
2025-08-16 11:49:26,268 - DEBUG - Joint score for alpha[6]: 0.1024
2025-08-16 11:49:29,780 - DEBUG - Joint score for alpha[7]: 0.1022
2025-08-16 11:49:33,293 - DEBUG - Joint score for alpha[8]: 0.1039
2025-08-16 11:49:36,803 - DEBUG - Joint score for alpha[9]: 0.1016
2025-08-16 11:49:40,313 - DEBUG - Joint score for alpha[10]: 0.1020
2025-08-16 11:49:43,824 - DEBUG - Joint score for alpha[11]: 0.1018
2025-08-16 11:49:47,336 - DEBUG - Joint score for alpha[12]: 0.1021
2025-08-16 11:49:50,848 - DEBUG - Joint score for alpha[13]: 0.1020
2025-08-16 11:49:54,359 - DEBUG - Joint score for alpha[14]: 0.1021
2025-08-16 11:49:57,871 - DEBUG - Joint score for alpha[15]: 0.1041
2025-08-16 11:50:04,786 - DEBUG - Joint score for alpha[0]: 0.1051
2025-08-16 11:50:08,302 - DEBUG - Joint score for alpha[1]: 0.1031
2025-08-16 11:50:11,814 - DEBUG - Joint score for alpha[2]: 0.1022
2025-08-16 11:50:15,324 - DEBUG - Joint score for alpha[3]: 0.1018
2025-08-16 11:50:18,835 - DEBUG - Joint score for alpha[4]: 0.1020
2025-08-16 11:50:22,346 - DEBUG - Joint score for alpha[5]: 0.1016
2025-08-16 11:50:25,856 - DEBUG - Joint score for alpha[6]: 0.1047
2025-08-16 11:50:29,366 - DEBUG - Joint score for alpha[7]: 0.1049
2025-08-16 11:50:32,878 - DEBUG - Joint score for alpha[8]: 0.1042
2025-08-16 11:50:36,390 - DEBUG - Joint score for alpha[9]: 0.1025
2025-08-16 11:50:39,901 - DEBUG - Joint score for alpha[10]: 0.1025
2025-08-16 11:50:43,412 - DEBUG - Joint score for alpha[11]: 0.1042
2025-08-16 11:50:46,925 - DEBUG - Joint score for alpha[12]: 0.1021
2025-08-16 11:50:50,437 - DEBUG - Joint score for alpha[13]: 0.1016
2025-08-16 11:50:53,948 - DEBUG - Joint score for alpha[14]: 0.1037
2025-08-16 11:50:57,461 - DEBUG - Joint score for alpha[15]: 0.1041
2025-08-16 11:50:57,505 - INFO - Step 36/120: mean CRPS=0.1017
2025-08-16 11:50:57,509 - DEBUG - Beginning Gibbs iteration s = 36
2025-08-16 11:51:05,921 - DEBUG - Joint score for alpha[0]: 0.1047
2025-08-16 11:51:09,438 - DEBUG - Joint score for alpha[1]: 0.1155
2025-08-16 11:51:12,949 - DEBUG - Joint score for alpha[2]: 0.1063
2025-08-16 11:51:16,460 - DEBUG - Joint score for alpha[3]: 0.1254
2025-08-16 11:51:19,971 - DEBUG - Joint score for alpha[4]: 0.1179
2025-08-16 11:51:23,483 - DEBUG - Joint score for alpha[5]: 0.1167
2025-08-16 11:51:26,993 - DEBUG - Joint score for alpha[6]: 0.1261
2025-08-16 11:51:30,504 - DEBUG - Joint score for alpha[7]: 0.1120
2025-08-16 11:51:34,015 - DEBUG - Joint score for alpha[8]: 0.1085
2025-08-16 11:51:37,527 - DEBUG - Joint score for alpha[9]: 0.1097
2025-08-16 11:51:41,038 - DEBUG - Joint score for alpha[10]: 0.1145
2025-08-16 11:51:44,550 - DEBUG - Joint score for alpha[11]: 0.1131
2025-08-16 11:51:48,064 - DEBUG - Joint score for alpha[12]: 0.1243
2025-08-16 11:51:51,579 - DEBUG - Joint score for alpha[13]: 0.1021
2025-08-16 11:51:55,092 - DEBUG - Joint score for alpha[14]: 0.1194
2025-08-16 11:51:58,605 - DEBUG - Joint score for alpha[15]: 0.1019
2025-08-16 11:52:05,363 - DEBUG - Joint score for alpha[0]: 0.1075
2025-08-16 11:52:08,881 - DEBUG - Joint score for alpha[1]: 0.1028
2025-08-16 11:52:12,394 - DEBUG - Joint score for alpha[2]: 0.1043
2025-08-16 11:52:15,908 - DEBUG - Joint score for alpha[3]: 0.1027
2025-08-16 11:52:19,421 - DEBUG - Joint score for alpha[4]: 0.1029
2025-08-16 11:52:22,936 - DEBUG - Joint score for alpha[5]: 0.1026
2025-08-16 11:52:26,449 - DEBUG - Joint score for alpha[6]: 0.1059
2025-08-16 11:52:29,963 - DEBUG - Joint score for alpha[7]: 0.1122
2025-08-16 11:52:33,476 - DEBUG - Joint score for alpha[8]: 0.1174
2025-08-16 11:52:36,990 - DEBUG - Joint score for alpha[9]: 0.1042
2025-08-16 11:52:40,502 - DEBUG - Joint score for alpha[10]: 0.1058
2025-08-16 11:52:44,015 - DEBUG - Joint score for alpha[11]: 0.1087
2025-08-16 11:52:47,529 - DEBUG - Joint score for alpha[12]: 0.1033
2025-08-16 11:52:51,044 - DEBUG - Joint score for alpha[13]: 0.1089
2025-08-16 11:52:54,554 - DEBUG - Joint score for alpha[14]: 0.1027
2025-08-16 11:52:58,066 - DEBUG - Joint score for alpha[15]: 0.1030
2025-08-16 11:53:04,826 - DEBUG - Joint score for alpha[0]: 0.1033
2025-08-16 11:53:08,343 - DEBUG - Joint score for alpha[1]: 0.1031
2025-08-16 11:53:11,857 - DEBUG - Joint score for alpha[2]: 0.1055
2025-08-16 11:53:15,372 - DEBUG - Joint score for alpha[3]: 0.1041
2025-08-16 11:53:18,885 - DEBUG - Joint score for alpha[4]: 0.1031
2025-08-16 11:53:22,400 - DEBUG - Joint score for alpha[5]: 0.1059
2025-08-16 11:53:25,914 - DEBUG - Joint score for alpha[6]: 0.1041
2025-08-16 11:53:29,425 - DEBUG - Joint score for alpha[7]: 0.1050
2025-08-16 11:53:32,937 - DEBUG - Joint score for alpha[8]: 0.1036
2025-08-16 11:53:36,449 - DEBUG - Joint score for alpha[9]: 0.1082
2025-08-16 11:53:39,960 - DEBUG - Joint score for alpha[10]: 0.1059
2025-08-16 11:53:43,472 - DEBUG - Joint score for alpha[11]: 0.1031
2025-08-16 11:53:46,986 - DEBUG - Joint score for alpha[12]: 0.1035
2025-08-16 11:53:50,499 - DEBUG - Joint score for alpha[13]: 0.1038
2025-08-16 11:53:54,012 - DEBUG - Joint score for alpha[14]: 0.1026
2025-08-16 11:53:57,525 - DEBUG - Joint score for alpha[15]: 0.1023
2025-08-16 11:54:04,407 - DEBUG - Joint score for alpha[0]: 0.1038
2025-08-16 11:54:07,924 - DEBUG - Joint score for alpha[1]: 0.1033
2025-08-16 11:54:11,436 - DEBUG - Joint score for alpha[2]: 0.1030
2025-08-16 11:54:14,949 - DEBUG - Joint score for alpha[3]: 0.1032
2025-08-16 11:54:18,462 - DEBUG - Joint score for alpha[4]: 0.1051
2025-08-16 11:54:21,975 - DEBUG - Joint score for alpha[5]: 0.1034
2025-08-16 11:54:25,487 - DEBUG - Joint score for alpha[6]: 0.1027
2025-08-16 11:54:28,999 - DEBUG - Joint score for alpha[7]: 0.1032
2025-08-16 11:54:32,512 - DEBUG - Joint score for alpha[8]: 0.1034
2025-08-16 11:54:36,026 - DEBUG - Joint score for alpha[9]: 0.1044
2025-08-16 11:54:39,539 - DEBUG - Joint score for alpha[10]: 0.1023
2025-08-16 11:54:43,053 - DEBUG - Joint score for alpha[11]: 0.1026
2025-08-16 11:54:46,567 - DEBUG - Joint score for alpha[12]: 0.1041
2025-08-16 11:54:50,081 - DEBUG - Joint score for alpha[13]: 0.1024
2025-08-16 11:54:53,595 - DEBUG - Joint score for alpha[14]: 0.1025
2025-08-16 11:54:57,108 - DEBUG - Joint score for alpha[15]: 0.1038
2025-08-16 11:55:03,907 - DEBUG - Joint score for alpha[0]: 0.1037
2025-08-16 11:55:07,424 - DEBUG - Joint score for alpha[1]: 0.1040
2025-08-16 11:55:10,936 - DEBUG - Joint score for alpha[2]: 0.1027
2025-08-16 11:55:14,449 - DEBUG - Joint score for alpha[3]: 0.1038
2025-08-16 11:55:17,960 - DEBUG - Joint score for alpha[4]: 0.1028
2025-08-16 11:55:21,472 - DEBUG - Joint score for alpha[5]: 0.1037
2025-08-16 11:55:24,984 - DEBUG - Joint score for alpha[6]: 0.1029
2025-08-16 11:55:28,496 - DEBUG - Joint score for alpha[7]: 0.1038
2025-08-16 11:55:32,008 - DEBUG - Joint score for alpha[8]: 0.1147
2025-08-16 11:55:35,521 - DEBUG - Joint score for alpha[9]: 0.1029
2025-08-16 11:55:39,033 - DEBUG - Joint score for alpha[10]: 0.1031
2025-08-16 11:55:42,546 - DEBUG - Joint score for alpha[11]: 0.1152
2025-08-16 11:55:46,062 - DEBUG - Joint score for alpha[12]: 0.1025
2025-08-16 11:55:49,576 - DEBUG - Joint score for alpha[13]: 0.1034
2025-08-16 11:55:53,089 - DEBUG - Joint score for alpha[14]: 0.1039
2025-08-16 11:55:56,603 - DEBUG - Joint score for alpha[15]: 0.1064
2025-08-16 11:55:56,648 - INFO - Step 37/120: mean CRPS=0.1023
2025-08-16 11:55:56,652 - DEBUG - Beginning Gibbs iteration s = 37
2025-08-16 11:56:04,977 - DEBUG - Joint score for alpha[0]: 0.1091
2025-08-16 11:56:08,495 - DEBUG - Joint score for alpha[1]: 0.1046
2025-08-16 11:56:12,009 - DEBUG - Joint score for alpha[2]: 0.1528
2025-08-16 11:56:15,523 - DEBUG - Joint score for alpha[3]: 0.1040
2025-08-16 11:56:19,035 - DEBUG - Joint score for alpha[4]: 0.1198
2025-08-16 11:56:22,549 - DEBUG - Joint score for alpha[5]: 0.1119
2025-08-16 11:56:26,064 - DEBUG - Joint score for alpha[6]: 0.1026
2025-08-16 11:56:29,578 - DEBUG - Joint score for alpha[7]: 0.1089
2025-08-16 11:56:33,091 - DEBUG - Joint score for alpha[8]: 0.1033
2025-08-16 11:56:36,605 - DEBUG - Joint score for alpha[9]: 0.1071
2025-08-16 11:56:40,117 - DEBUG - Joint score for alpha[10]: 0.1131
2025-08-16 11:56:43,630 - DEBUG - Joint score for alpha[11]: 0.1059
2025-08-16 11:56:47,143 - DEBUG - Joint score for alpha[12]: 0.1048
2025-08-16 11:56:50,657 - DEBUG - Joint score for alpha[13]: 0.1394
2025-08-16 11:56:54,172 - DEBUG - Joint score for alpha[14]: 0.1152
2025-08-16 11:56:57,688 - DEBUG - Joint score for alpha[15]: 0.1152
2025-08-16 11:57:04,426 - DEBUG - Joint score for alpha[0]: 0.1027
2025-08-16 11:57:07,944 - DEBUG - Joint score for alpha[1]: 0.1109
2025-08-16 11:57:11,458 - DEBUG - Joint score for alpha[2]: 0.1059
2025-08-16 11:57:14,974 - DEBUG - Joint score for alpha[3]: 0.1028
2025-08-16 11:57:18,489 - DEBUG - Joint score for alpha[4]: 0.1022
2025-08-16 11:57:22,005 - DEBUG - Joint score for alpha[5]: 0.1029
2025-08-16 11:57:25,520 - DEBUG - Joint score for alpha[6]: 0.1026
2025-08-16 11:57:29,034 - DEBUG - Joint score for alpha[7]: 0.1028
2025-08-16 11:57:32,548 - DEBUG - Joint score for alpha[8]: 0.1118
2025-08-16 11:57:36,061 - DEBUG - Joint score for alpha[9]: 0.1035
2025-08-16 11:57:39,573 - DEBUG - Joint score for alpha[10]: 0.1028
2025-08-16 11:57:43,085 - DEBUG - Joint score for alpha[11]: 0.1098
2025-08-16 11:57:46,598 - DEBUG - Joint score for alpha[12]: 0.1029
2025-08-16 11:57:50,109 - DEBUG - Joint score for alpha[13]: 0.1073
2025-08-16 11:57:53,620 - DEBUG - Joint score for alpha[14]: 0.1100
2025-08-16 11:57:57,132 - DEBUG - Joint score for alpha[15]: 0.1096
2025-08-16 11:58:04,057 - DEBUG - Joint score for alpha[0]: 0.1050
2025-08-16 11:58:07,572 - DEBUG - Joint score for alpha[1]: 0.1076
2025-08-16 11:58:11,083 - DEBUG - Joint score for alpha[2]: 0.1032
2025-08-16 11:58:14,596 - DEBUG - Joint score for alpha[3]: 0.1021
2025-08-16 11:58:18,108 - DEBUG - Joint score for alpha[4]: 0.1035
2025-08-16 11:58:21,623 - DEBUG - Joint score for alpha[5]: 0.1029
2025-08-16 11:58:25,135 - DEBUG - Joint score for alpha[6]: 0.1065
2025-08-16 11:58:28,649 - DEBUG - Joint score for alpha[7]: 0.1031
2025-08-16 11:58:32,163 - DEBUG - Joint score for alpha[8]: 0.1045
2025-08-16 11:58:35,677 - DEBUG - Joint score for alpha[9]: 0.1122
2025-08-16 11:58:39,189 - DEBUG - Joint score for alpha[10]: 0.1030
2025-08-16 11:58:42,702 - DEBUG - Joint score for alpha[11]: 0.1029
2025-08-16 11:58:46,217 - DEBUG - Joint score for alpha[12]: 0.1023
2025-08-16 11:58:49,732 - DEBUG - Joint score for alpha[13]: 0.1036
2025-08-16 11:58:53,245 - DEBUG - Joint score for alpha[14]: 0.1024
2025-08-16 11:58:56,761 - DEBUG - Joint score for alpha[15]: 0.1028
2025-08-16 11:59:03,668 - DEBUG - Joint score for alpha[0]: 0.1026
2025-08-16 11:59:07,185 - DEBUG - Joint score for alpha[1]: 0.1024
2025-08-16 11:59:10,697 - DEBUG - Joint score for alpha[2]: 0.1050
2025-08-16 11:59:14,210 - DEBUG - Joint score for alpha[3]: 0.1024
2025-08-16 11:59:17,723 - DEBUG - Joint score for alpha[4]: 0.1044
2025-08-16 11:59:21,236 - DEBUG - Joint score for alpha[5]: 0.1030
2025-08-16 11:59:24,750 - DEBUG - Joint score for alpha[6]: 0.1026
2025-08-16 11:59:28,263 - DEBUG - Joint score for alpha[7]: 0.1031
2025-08-16 11:59:31,776 - DEBUG - Joint score for alpha[8]: 0.1029
2025-08-16 11:59:35,290 - DEBUG - Joint score for alpha[9]: 0.1072
2025-08-16 11:59:38,802 - DEBUG - Joint score for alpha[10]: 0.1047
2025-08-16 11:59:42,315 - DEBUG - Joint score for alpha[11]: 0.1031
2025-08-16 11:59:45,830 - DEBUG - Joint score for alpha[12]: 0.1034
2025-08-16 11:59:49,345 - DEBUG - Joint score for alpha[13]: 0.1030
2025-08-16 11:59:52,858 - DEBUG - Joint score for alpha[14]: 0.1240
2025-08-16 11:59:56,372 - DEBUG - Joint score for alpha[15]: 0.1033
2025-08-16 12:00:03,290 - DEBUG - Joint score for alpha[0]: 0.1030
2025-08-16 12:00:06,807 - DEBUG - Joint score for alpha[1]: 0.1036
2025-08-16 12:00:10,320 - DEBUG - Joint score for alpha[2]: 0.1028
2025-08-16 12:00:13,834 - DEBUG - Joint score for alpha[3]: 0.1072
2025-08-16 12:00:17,347 - DEBUG - Joint score for alpha[4]: 0.1063
2025-08-16 12:00:20,859 - DEBUG - Joint score for alpha[5]: 0.1049
2025-08-16 12:00:24,373 - DEBUG - Joint score for alpha[6]: 0.1031
2025-08-16 12:00:27,885 - DEBUG - Joint score for alpha[7]: 0.1031
2025-08-16 12:00:31,399 - DEBUG - Joint score for alpha[8]: 0.1035
2025-08-16 12:00:34,914 - DEBUG - Joint score for alpha[9]: 0.1029
2025-08-16 12:00:38,429 - DEBUG - Joint score for alpha[10]: 0.1020
2025-08-16 12:00:41,943 - DEBUG - Joint score for alpha[11]: 0.1026
2025-08-16 12:00:45,457 - DEBUG - Joint score for alpha[12]: 0.1025
2025-08-16 12:00:48,970 - DEBUG - Joint score for alpha[13]: 0.1028
2025-08-16 12:00:52,484 - DEBUG - Joint score for alpha[14]: 0.1048
2025-08-16 12:00:55,996 - DEBUG - Joint score for alpha[15]: 0.1026
2025-08-16 12:00:56,041 - INFO - Step 38/120: mean CRPS=0.1023
2025-08-16 12:00:56,044 - DEBUG - Beginning Gibbs iteration s = 38
2025-08-16 12:01:04,719 - DEBUG - Joint score for alpha[0]: 0.1035
2025-08-16 12:01:08,231 - DEBUG - Joint score for alpha[1]: 0.1082
2025-08-16 12:01:11,739 - DEBUG - Joint score for alpha[2]: 0.1017
2025-08-16 12:01:15,249 - DEBUG - Joint score for alpha[3]: 0.1118
2025-08-16 12:01:18,758 - DEBUG - Joint score for alpha[4]: 0.1083
2025-08-16 12:01:22,269 - DEBUG - Joint score for alpha[5]: 0.1215
2025-08-16 12:01:25,778 - DEBUG - Joint score for alpha[6]: 0.1028
2025-08-16 12:01:29,288 - DEBUG - Joint score for alpha[7]: 0.1036
2025-08-16 12:01:32,798 - DEBUG - Joint score for alpha[8]: 0.1058
2025-08-16 12:01:36,308 - DEBUG - Joint score for alpha[9]: 0.1014
2025-08-16 12:01:39,815 - DEBUG - Joint score for alpha[10]: 0.1020
2025-08-16 12:01:43,324 - DEBUG - Joint score for alpha[11]: 0.1054
2025-08-16 12:01:46,834 - DEBUG - Joint score for alpha[12]: 0.1089
2025-08-16 12:01:50,343 - DEBUG - Joint score for alpha[13]: 0.1014
2025-08-16 12:01:53,851 - DEBUG - Joint score for alpha[14]: 0.1032
2025-08-16 12:01:57,361 - DEBUG - Joint score for alpha[15]: 0.1112
2025-08-16 12:02:04,117 - DEBUG - Joint score for alpha[0]: 0.1038
2025-08-16 12:02:07,630 - DEBUG - Joint score for alpha[1]: 0.1027
2025-08-16 12:02:11,139 - DEBUG - Joint score for alpha[2]: 0.1022
2025-08-16 12:02:14,649 - DEBUG - Joint score for alpha[3]: 0.1061
2025-08-16 12:02:18,160 - DEBUG - Joint score for alpha[4]: 0.1032
2025-08-16 12:02:21,671 - DEBUG - Joint score for alpha[5]: 0.1090
2025-08-16 12:02:25,182 - DEBUG - Joint score for alpha[6]: 0.1039
2025-08-16 12:02:28,693 - DEBUG - Joint score for alpha[7]: 0.1023
2025-08-16 12:02:32,205 - DEBUG - Joint score for alpha[8]: 0.1063
2025-08-16 12:02:35,718 - DEBUG - Joint score for alpha[9]: 0.1027
2025-08-16 12:02:39,228 - DEBUG - Joint score for alpha[10]: 0.1019
2025-08-16 12:02:42,739 - DEBUG - Joint score for alpha[11]: 0.1020
2025-08-16 12:02:46,253 - DEBUG - Joint score for alpha[12]: 0.1043
2025-08-16 12:02:49,765 - DEBUG - Joint score for alpha[13]: 0.1019
2025-08-16 12:02:53,277 - DEBUG - Joint score for alpha[14]: 0.1163
2025-08-16 12:02:56,790 - DEBUG - Joint score for alpha[15]: 0.1033
2025-08-16 12:03:03,529 - DEBUG - Joint score for alpha[0]: 0.1037
2025-08-16 12:03:07,043 - DEBUG - Joint score for alpha[1]: 0.1019
2025-08-16 12:03:10,554 - DEBUG - Joint score for alpha[2]: 0.1019
2025-08-16 12:03:14,066 - DEBUG - Joint score for alpha[3]: 0.1030
2025-08-16 12:03:17,579 - DEBUG - Joint score for alpha[4]: 0.1025
2025-08-16 12:03:21,091 - DEBUG - Joint score for alpha[5]: 0.1037
2025-08-16 12:03:24,601 - DEBUG - Joint score for alpha[6]: 0.1029
2025-08-16 12:03:28,111 - DEBUG - Joint score for alpha[7]: 0.1022
2025-08-16 12:03:31,621 - DEBUG - Joint score for alpha[8]: 0.1043
2025-08-16 12:03:35,132 - DEBUG - Joint score for alpha[9]: 0.1020
2025-08-16 12:03:38,641 - DEBUG - Joint score for alpha[10]: 0.1026
2025-08-16 12:03:42,151 - DEBUG - Joint score for alpha[11]: 0.1022
2025-08-16 12:03:45,663 - DEBUG - Joint score for alpha[12]: 0.1028
2025-08-16 12:03:49,175 - DEBUG - Joint score for alpha[13]: 0.1021
2025-08-16 12:03:52,686 - DEBUG - Joint score for alpha[14]: 0.1064
2025-08-16 12:03:56,198 - DEBUG - Joint score for alpha[15]: 0.1022
2025-08-16 12:04:03,083 - DEBUG - Joint score for alpha[0]: 0.1020
2025-08-16 12:04:06,598 - DEBUG - Joint score for alpha[1]: 0.1038
2025-08-16 12:04:10,107 - DEBUG - Joint score for alpha[2]: 0.1025
2025-08-16 12:04:13,617 - DEBUG - Joint score for alpha[3]: 0.1030
2025-08-16 12:04:17,126 - DEBUG - Joint score for alpha[4]: 0.1016
2025-08-16 12:04:20,636 - DEBUG - Joint score for alpha[5]: 0.1024
2025-08-16 12:04:24,145 - DEBUG - Joint score for alpha[6]: 0.1041
2025-08-16 12:04:27,655 - DEBUG - Joint score for alpha[7]: 0.1023
2025-08-16 12:04:31,165 - DEBUG - Joint score for alpha[8]: 0.1035
2025-08-16 12:04:34,676 - DEBUG - Joint score for alpha[9]: 0.1019
2025-08-16 12:04:38,185 - DEBUG - Joint score for alpha[10]: 0.1023
2025-08-16 12:04:41,696 - DEBUG - Joint score for alpha[11]: 0.1032
2025-08-16 12:04:45,207 - DEBUG - Joint score for alpha[12]: 0.1035
2025-08-16 12:04:48,718 - DEBUG - Joint score for alpha[13]: 0.1021
2025-08-16 12:04:52,229 - DEBUG - Joint score for alpha[14]: 0.1026
2025-08-16 12:04:55,740 - DEBUG - Joint score for alpha[15]: 0.1036
2025-08-16 12:05:02,723 - DEBUG - Joint score for alpha[0]: 0.1023
2025-08-16 12:05:06,237 - DEBUG - Joint score for alpha[1]: 0.1040
2025-08-16 12:05:09,746 - DEBUG - Joint score for alpha[2]: 0.1024
2025-08-16 12:05:13,255 - DEBUG - Joint score for alpha[3]: 0.1030
2025-08-16 12:05:16,764 - DEBUG - Joint score for alpha[4]: 0.1020
2025-08-16 12:05:20,275 - DEBUG - Joint score for alpha[5]: 0.1015
2025-08-16 12:05:23,785 - DEBUG - Joint score for alpha[6]: 0.1028
2025-08-16 12:05:27,295 - DEBUG - Joint score for alpha[7]: 0.1027
2025-08-16 12:05:30,806 - DEBUG - Joint score for alpha[8]: 0.1051
2025-08-16 12:05:34,318 - DEBUG - Joint score for alpha[9]: 0.1051
2025-08-16 12:05:37,829 - DEBUG - Joint score for alpha[10]: 0.1084
2025-08-16 12:05:41,339 - DEBUG - Joint score for alpha[11]: 0.1065
2025-08-16 12:05:44,850 - DEBUG - Joint score for alpha[12]: 0.1033
2025-08-16 12:05:48,361 - DEBUG - Joint score for alpha[13]: 0.1018
2025-08-16 12:05:51,872 - DEBUG - Joint score for alpha[14]: 0.1013
2025-08-16 12:05:55,383 - DEBUG - Joint score for alpha[15]: 0.1054
2025-08-16 12:05:55,427 - INFO - Step 39/120: mean CRPS=0.1016
2025-08-16 12:05:55,430 - DEBUG - Beginning Gibbs iteration s = 39
2025-08-16 12:06:04,253 - DEBUG - Joint score for alpha[0]: 0.1090
2025-08-16 12:06:07,768 - DEBUG - Joint score for alpha[1]: 0.1240
2025-08-16 12:06:11,277 - DEBUG - Joint score for alpha[2]: 0.1093
2025-08-16 12:06:14,787 - DEBUG - Joint score for alpha[3]: 0.1121
2025-08-16 12:06:18,295 - DEBUG - Joint score for alpha[4]: 0.1125
2025-08-16 12:06:21,805 - DEBUG - Joint score for alpha[5]: 0.1197
2025-08-16 12:06:25,314 - DEBUG - Joint score for alpha[6]: 0.1120
2025-08-16 12:06:28,824 - DEBUG - Joint score for alpha[7]: 0.1044
2025-08-16 12:06:32,334 - DEBUG - Joint score for alpha[8]: 0.1324
2025-08-16 12:06:35,844 - DEBUG - Joint score for alpha[9]: 0.1273
2025-08-16 12:06:39,353 - DEBUG - Joint score for alpha[10]: 0.1070
2025-08-16 12:06:42,863 - DEBUG - Joint score for alpha[11]: 0.1131
2025-08-16 12:06:46,374 - DEBUG - Joint score for alpha[12]: 0.1078
2025-08-16 12:06:49,885 - DEBUG - Joint score for alpha[13]: 0.1024
2025-08-16 12:06:53,395 - DEBUG - Joint score for alpha[14]: 0.1036
2025-08-16 12:06:56,905 - DEBUG - Joint score for alpha[15]: 0.1028
2025-08-16 12:07:03,650 - DEBUG - Joint score for alpha[0]: 0.1026
2025-08-16 12:07:07,164 - DEBUG - Joint score for alpha[1]: 0.1036
2025-08-16 12:07:10,674 - DEBUG - Joint score for alpha[2]: 0.1045
2025-08-16 12:07:14,185 - DEBUG - Joint score for alpha[3]: 0.1076
2025-08-16 12:07:17,695 - DEBUG - Joint score for alpha[4]: 0.1045
2025-08-16 12:07:21,206 - DEBUG - Joint score for alpha[5]: 0.1036
2025-08-16 12:07:24,717 - DEBUG - Joint score for alpha[6]: 0.1188
2025-08-16 12:07:28,227 - DEBUG - Joint score for alpha[7]: 0.1031
2025-08-16 12:07:31,736 - DEBUG - Joint score for alpha[8]: 0.1050
2025-08-16 12:07:35,246 - DEBUG - Joint score for alpha[9]: 0.1065
2025-08-16 12:07:38,755 - DEBUG - Joint score for alpha[10]: 0.1108
2025-08-16 12:07:42,267 - DEBUG - Joint score for alpha[11]: 0.1167
2025-08-16 12:07:45,779 - DEBUG - Joint score for alpha[12]: 0.1024
2025-08-16 12:07:49,291 - DEBUG - Joint score for alpha[13]: 0.1072
2025-08-16 12:07:52,801 - DEBUG - Joint score for alpha[14]: 0.1033
2025-08-16 12:07:56,312 - DEBUG - Joint score for alpha[15]: 0.1037
2025-08-16 12:08:03,047 - DEBUG - Joint score for alpha[0]: 0.1027
2025-08-16 12:08:06,562 - DEBUG - Joint score for alpha[1]: 0.1030
2025-08-16 12:08:10,074 - DEBUG - Joint score for alpha[2]: 0.1093
2025-08-16 12:08:13,587 - DEBUG - Joint score for alpha[3]: 0.1027
2025-08-16 12:08:17,100 - DEBUG - Joint score for alpha[4]: 0.1102
2025-08-16 12:08:20,613 - DEBUG - Joint score for alpha[5]: 0.1029
2025-08-16 12:08:24,127 - DEBUG - Joint score for alpha[6]: 0.1033
2025-08-16 12:08:27,639 - DEBUG - Joint score for alpha[7]: 0.1026
2025-08-16 12:08:31,153 - DEBUG - Joint score for alpha[8]: 0.1030
2025-08-16 12:08:34,667 - DEBUG - Joint score for alpha[9]: 0.1040
2025-08-16 12:08:38,179 - DEBUG - Joint score for alpha[10]: 0.1029
2025-08-16 12:08:41,692 - DEBUG - Joint score for alpha[11]: 0.1026
2025-08-16 12:08:45,206 - DEBUG - Joint score for alpha[12]: 0.1025
2025-08-16 12:08:48,719 - DEBUG - Joint score for alpha[13]: 0.1041
2025-08-16 12:08:52,232 - DEBUG - Joint score for alpha[14]: 0.1028
2025-08-16 12:08:55,746 - DEBUG - Joint score for alpha[15]: 0.1054
2025-08-16 12:09:02,503 - DEBUG - Joint score for alpha[0]: 0.1036
2025-08-16 12:09:06,019 - DEBUG - Joint score for alpha[1]: 0.1035
2025-08-16 12:09:09,530 - DEBUG - Joint score for alpha[2]: 0.1025
2025-08-16 12:09:13,043 - DEBUG - Joint score for alpha[3]: 0.1022
2025-08-16 12:09:16,553 - DEBUG - Joint score for alpha[4]: 0.1032
2025-08-16 12:09:20,065 - DEBUG - Joint score for alpha[5]: 0.1033
2025-08-16 12:09:23,576 - DEBUG - Joint score for alpha[6]: 0.1035
2025-08-16 12:09:27,086 - DEBUG - Joint score for alpha[7]: 0.1033
2025-08-16 12:09:30,596 - DEBUG - Joint score for alpha[8]: 0.1036
2025-08-16 12:09:34,107 - DEBUG - Joint score for alpha[9]: 0.1038
2025-08-16 12:09:37,618 - DEBUG - Joint score for alpha[10]: 0.1026
2025-08-16 12:09:41,129 - DEBUG - Joint score for alpha[11]: 0.1024
2025-08-16 12:09:44,643 - DEBUG - Joint score for alpha[12]: 0.1030
2025-08-16 12:09:48,155 - DEBUG - Joint score for alpha[13]: 0.1030
2025-08-16 12:09:51,667 - DEBUG - Joint score for alpha[14]: 0.1039
2025-08-16 12:09:55,178 - DEBUG - Joint score for alpha[15]: 0.1025
2025-08-16 12:10:02,094 - DEBUG - Joint score for alpha[0]: 0.1033
2025-08-16 12:10:05,608 - DEBUG - Joint score for alpha[1]: 0.1024
2025-08-16 12:10:09,118 - DEBUG - Joint score for alpha[2]: 0.1058
2025-08-16 12:10:12,629 - DEBUG - Joint score for alpha[3]: 0.1041
2025-08-16 12:10:16,140 - DEBUG - Joint score for alpha[4]: 0.1038
2025-08-16 12:10:19,652 - DEBUG - Joint score for alpha[5]: 0.1070
2025-08-16 12:10:23,162 - DEBUG - Joint score for alpha[6]: 0.1045
2025-08-16 12:10:26,673 - DEBUG - Joint score for alpha[7]: 0.1156
2025-08-16 12:10:30,185 - DEBUG - Joint score for alpha[8]: 0.1060
2025-08-16 12:10:33,697 - DEBUG - Joint score for alpha[9]: 0.1071
2025-08-16 12:10:37,207 - DEBUG - Joint score for alpha[10]: 0.1026
2025-08-16 12:10:40,719 - DEBUG - Joint score for alpha[11]: 0.1031
2025-08-16 12:10:44,230 - DEBUG - Joint score for alpha[12]: 0.1052
2025-08-16 12:10:47,743 - DEBUG - Joint score for alpha[13]: 0.1052
2025-08-16 12:10:51,254 - DEBUG - Joint score for alpha[14]: 0.1033
2025-08-16 12:10:54,767 - DEBUG - Joint score for alpha[15]: 0.1040
2025-08-16 12:10:54,811 - INFO - Step 40/120: mean CRPS=0.1024
2025-08-16 12:10:54,817 - DEBUG - Beginning Gibbs iteration s = 40
2025-08-16 12:10:56,785 - DEBUG - Proposal variance adapted: 0.027
2025-08-16 12:11:03,678 - DEBUG - Joint score for alpha[0]: 0.1070
2025-08-16 12:11:07,193 - DEBUG - Joint score for alpha[1]: 0.1082
2025-08-16 12:11:10,704 - DEBUG - Joint score for alpha[2]: 0.1031
2025-08-16 12:11:14,217 - DEBUG - Joint score for alpha[3]: 0.1044
2025-08-16 12:11:17,726 - DEBUG - Joint score for alpha[4]: 0.1070
2025-08-16 12:11:21,235 - DEBUG - Joint score for alpha[5]: 0.1030
2025-08-16 12:11:24,744 - DEBUG - Joint score for alpha[6]: 0.1023
2025-08-16 12:11:28,253 - DEBUG - Joint score for alpha[7]: 0.1033
2025-08-16 12:11:31,762 - DEBUG - Joint score for alpha[8]: 0.1139
2025-08-16 12:11:35,271 - DEBUG - Joint score for alpha[9]: 0.1091
2025-08-16 12:11:38,779 - DEBUG - Joint score for alpha[10]: 0.1023
2025-08-16 12:11:42,288 - DEBUG - Joint score for alpha[11]: 0.1119
2025-08-16 12:11:45,796 - DEBUG - Joint score for alpha[12]: 0.1064
2025-08-16 12:11:49,305 - DEBUG - Joint score for alpha[13]: 0.1016
2025-08-16 12:11:52,813 - DEBUG - Joint score for alpha[14]: 0.1033
2025-08-16 12:11:56,322 - DEBUG - Joint score for alpha[15]: 0.1040
2025-08-16 12:12:03,056 - DEBUG - Joint score for alpha[0]: 0.1047
2025-08-16 12:12:06,572 - DEBUG - Joint score for alpha[1]: 0.1021
2025-08-16 12:12:10,081 - DEBUG - Joint score for alpha[2]: 0.1065
2025-08-16 12:12:13,591 - DEBUG - Joint score for alpha[3]: 0.1013
2025-08-16 12:12:17,100 - DEBUG - Joint score for alpha[4]: 0.1022
2025-08-16 12:12:20,610 - DEBUG - Joint score for alpha[5]: 0.1040
2025-08-16 12:12:24,119 - DEBUG - Joint score for alpha[6]: 0.1026
2025-08-16 12:12:27,630 - DEBUG - Joint score for alpha[7]: 0.1025
2025-08-16 12:12:31,142 - DEBUG - Joint score for alpha[8]: 0.1013
2025-08-16 12:12:34,655 - DEBUG - Joint score for alpha[9]: 0.1088
2025-08-16 12:12:38,167 - DEBUG - Joint score for alpha[10]: 0.1051
2025-08-16 12:12:41,681 - DEBUG - Joint score for alpha[11]: 0.1028
2025-08-16 12:12:45,196 - DEBUG - Joint score for alpha[12]: 0.1269
2025-08-16 12:12:48,710 - DEBUG - Joint score for alpha[13]: 0.1063
2025-08-16 12:12:52,222 - DEBUG - Joint score for alpha[14]: 0.1019
2025-08-16 12:12:55,736 - DEBUG - Joint score for alpha[15]: 0.1169
2025-08-16 12:13:02,470 - DEBUG - Joint score for alpha[0]: 0.1024
2025-08-16 12:13:05,986 - DEBUG - Joint score for alpha[1]: 0.1020
2025-08-16 12:13:09,497 - DEBUG - Joint score for alpha[2]: 0.1023
2025-08-16 12:13:13,009 - DEBUG - Joint score for alpha[3]: 0.1016
2025-08-16 12:13:16,521 - DEBUG - Joint score for alpha[4]: 0.1021
2025-08-16 12:13:20,034 - DEBUG - Joint score for alpha[5]: 0.1024
2025-08-16 12:13:23,546 - DEBUG - Joint score for alpha[6]: 0.1019
2025-08-16 12:13:27,058 - DEBUG - Joint score for alpha[7]: 0.1034
2025-08-16 12:13:30,571 - DEBUG - Joint score for alpha[8]: 0.1028
2025-08-16 12:13:34,085 - DEBUG - Joint score for alpha[9]: 0.1023
2025-08-16 12:13:37,598 - DEBUG - Joint score for alpha[10]: 0.1018
2025-08-16 12:13:41,111 - DEBUG - Joint score for alpha[11]: 0.1022
2025-08-16 12:13:44,626 - DEBUG - Joint score for alpha[12]: 0.1021
2025-08-16 12:13:48,141 - DEBUG - Joint score for alpha[13]: 0.1022
2025-08-16 12:13:51,654 - DEBUG - Joint score for alpha[14]: 0.1033
2025-08-16 12:13:55,167 - DEBUG - Joint score for alpha[15]: 0.1025
2025-08-16 12:14:01,892 - DEBUG - Joint score for alpha[0]: 0.1030
2025-08-16 12:14:05,406 - DEBUG - Joint score for alpha[1]: 0.1047
2025-08-16 12:14:08,917 - DEBUG - Joint score for alpha[2]: 0.1029
2025-08-16 12:14:12,428 - DEBUG - Joint score for alpha[3]: 0.1063
2025-08-16 12:14:15,939 - DEBUG - Joint score for alpha[4]: 0.1043
2025-08-16 12:14:19,449 - DEBUG - Joint score for alpha[5]: 0.1036
2025-08-16 12:14:22,958 - DEBUG - Joint score for alpha[6]: 0.1060
2025-08-16 12:14:26,469 - DEBUG - Joint score for alpha[7]: 0.1024
2025-08-16 12:14:29,979 - DEBUG - Joint score for alpha[8]: 0.1025
2025-08-16 12:14:33,491 - DEBUG - Joint score for alpha[9]: 0.1021
2025-08-16 12:14:37,000 - DEBUG - Joint score for alpha[10]: 0.1055
2025-08-16 12:14:40,511 - DEBUG - Joint score for alpha[11]: 0.1018
2025-08-16 12:14:44,024 - DEBUG - Joint score for alpha[12]: 0.1033
2025-08-16 12:14:47,535 - DEBUG - Joint score for alpha[13]: 0.1026
2025-08-16 12:14:51,046 - DEBUG - Joint score for alpha[14]: 0.1018
2025-08-16 12:14:54,558 - DEBUG - Joint score for alpha[15]: 0.1020
2025-08-16 12:15:01,452 - DEBUG - Joint score for alpha[0]: 0.1088
2025-08-16 12:15:04,965 - DEBUG - Joint score for alpha[1]: 0.1026
2025-08-16 12:15:08,476 - DEBUG - Joint score for alpha[2]: 0.1025
2025-08-16 12:15:11,987 - DEBUG - Joint score for alpha[3]: 0.1058
2025-08-16 12:15:15,498 - DEBUG - Joint score for alpha[4]: 0.1038
2025-08-16 12:15:19,010 - DEBUG - Joint score for alpha[5]: 0.1035
2025-08-16 12:15:22,521 - DEBUG - Joint score for alpha[6]: 0.1032
2025-08-16 12:15:26,031 - DEBUG - Joint score for alpha[7]: 0.1069
2025-08-16 12:15:29,542 - DEBUG - Joint score for alpha[8]: 0.1056
2025-08-16 12:15:33,055 - DEBUG - Joint score for alpha[9]: 0.1049
2025-08-16 12:15:36,565 - DEBUG - Joint score for alpha[10]: 0.1037
2025-08-16 12:15:40,076 - DEBUG - Joint score for alpha[11]: 0.1025
2025-08-16 12:15:43,589 - DEBUG - Joint score for alpha[12]: 0.1023
2025-08-16 12:15:47,102 - DEBUG - Joint score for alpha[13]: 0.1080
2025-08-16 12:15:50,613 - DEBUG - Joint score for alpha[14]: 0.1026
2025-08-16 12:15:54,126 - DEBUG - Joint score for alpha[15]: 0.1035
2025-08-16 12:15:54,170 - INFO - Step 41/120: mean CRPS=0.1017
2025-08-16 12:15:54,176 - DEBUG - Beginning Gibbs iteration s = 41
2025-08-16 12:16:02,825 - DEBUG - Joint score for alpha[0]: 0.1033
2025-08-16 12:16:06,337 - DEBUG - Joint score for alpha[1]: 0.1166
2025-08-16 12:16:09,847 - DEBUG - Joint score for alpha[2]: 0.1085
2025-08-16 12:16:13,357 - DEBUG - Joint score for alpha[3]: 0.1095
2025-08-16 12:16:16,868 - DEBUG - Joint score for alpha[4]: 0.1077
2025-08-16 12:16:20,379 - DEBUG - Joint score for alpha[5]: 0.1076
2025-08-16 12:16:23,888 - DEBUG - Joint score for alpha[6]: 0.1054
2025-08-16 12:16:27,399 - DEBUG - Joint score for alpha[7]: 0.1043
2025-08-16 12:16:30,908 - DEBUG - Joint score for alpha[8]: 0.1136
2025-08-16 12:16:34,418 - DEBUG - Joint score for alpha[9]: 0.1028
2025-08-16 12:16:37,929 - DEBUG - Joint score for alpha[10]: 0.1034
2025-08-16 12:16:41,440 - DEBUG - Joint score for alpha[11]: 0.1099
2025-08-16 12:16:44,951 - DEBUG - Joint score for alpha[12]: 0.1080
2025-08-16 12:16:48,462 - DEBUG - Joint score for alpha[13]: 0.1027
2025-08-16 12:16:51,972 - DEBUG - Joint score for alpha[14]: 0.1052
2025-08-16 12:16:55,482 - DEBUG - Joint score for alpha[15]: 0.1026
2025-08-16 12:17:02,308 - DEBUG - Joint score for alpha[0]: 0.1021
2025-08-16 12:17:05,824 - DEBUG - Joint score for alpha[1]: 0.1134
2025-08-16 12:17:09,334 - DEBUG - Joint score for alpha[2]: 0.1027
2025-08-16 12:17:12,844 - DEBUG - Joint score for alpha[3]: 0.1044
2025-08-16 12:17:16,354 - DEBUG - Joint score for alpha[4]: 0.1026
2025-08-16 12:17:19,864 - DEBUG - Joint score for alpha[5]: 0.1025
2025-08-16 12:17:23,373 - DEBUG - Joint score for alpha[6]: 0.1041
2025-08-16 12:17:26,882 - DEBUG - Joint score for alpha[7]: 0.1068
2025-08-16 12:17:30,392 - DEBUG - Joint score for alpha[8]: 0.1029
2025-08-16 12:17:33,901 - DEBUG - Joint score for alpha[9]: 0.1050
2025-08-16 12:17:37,409 - DEBUG - Joint score for alpha[10]: 0.1022
2025-08-16 12:17:40,919 - DEBUG - Joint score for alpha[11]: 0.1046
2025-08-16 12:17:44,429 - DEBUG - Joint score for alpha[12]: 0.1033
2025-08-16 12:17:47,940 - DEBUG - Joint score for alpha[13]: 0.1027
2025-08-16 12:17:51,449 - DEBUG - Joint score for alpha[14]: 0.1042
2025-08-16 12:17:54,960 - DEBUG - Joint score for alpha[15]: 0.1060
2025-08-16 12:18:01,708 - DEBUG - Joint score for alpha[0]: 0.1030
2025-08-16 12:18:05,226 - DEBUG - Joint score for alpha[1]: 0.1045
2025-08-16 12:18:08,740 - DEBUG - Joint score for alpha[2]: 0.1042
2025-08-16 12:18:12,255 - DEBUG - Joint score for alpha[3]: 0.1032
2025-08-16 12:18:15,768 - DEBUG - Joint score for alpha[4]: 0.1034
2025-08-16 12:18:19,284 - DEBUG - Joint score for alpha[5]: 0.1042
2025-08-16 12:18:22,798 - DEBUG - Joint score for alpha[6]: 0.1033
2025-08-16 12:18:26,311 - DEBUG - Joint score for alpha[7]: 0.1033
2025-08-16 12:18:29,825 - DEBUG - Joint score for alpha[8]: 0.1050
2025-08-16 12:18:33,340 - DEBUG - Joint score for alpha[9]: 0.1023
2025-08-16 12:18:36,852 - DEBUG - Joint score for alpha[10]: 0.1058
2025-08-16 12:18:40,368 - DEBUG - Joint score for alpha[11]: 0.1027
2025-08-16 12:18:43,883 - DEBUG - Joint score for alpha[12]: 0.1033
2025-08-16 12:18:47,398 - DEBUG - Joint score for alpha[13]: 0.1024
2025-08-16 12:18:50,912 - DEBUG - Joint score for alpha[14]: 0.1052
2025-08-16 12:18:54,428 - DEBUG - Joint score for alpha[15]: 0.1042
2025-08-16 12:19:01,173 - DEBUG - Joint score for alpha[0]: 0.1027
2025-08-16 12:19:04,690 - DEBUG - Joint score for alpha[1]: 0.1027
2025-08-16 12:19:08,204 - DEBUG - Joint score for alpha[2]: 0.1030
2025-08-16 12:19:11,719 - DEBUG - Joint score for alpha[3]: 0.1068
2025-08-16 12:19:15,234 - DEBUG - Joint score for alpha[4]: 0.1023
2025-08-16 12:19:18,748 - DEBUG - Joint score for alpha[5]: 0.1027
2025-08-16 12:19:22,260 - DEBUG - Joint score for alpha[6]: 0.1039
2025-08-16 12:19:25,771 - DEBUG - Joint score for alpha[7]: 0.1072
2025-08-16 12:19:29,283 - DEBUG - Joint score for alpha[8]: 0.1042
2025-08-16 12:19:32,795 - DEBUG - Joint score for alpha[9]: 0.1028
2025-08-16 12:19:36,307 - DEBUG - Joint score for alpha[10]: 0.1022
2025-08-16 12:19:39,820 - DEBUG - Joint score for alpha[11]: 0.1048
2025-08-16 12:19:43,334 - DEBUG - Joint score for alpha[12]: 0.1028
2025-08-16 12:19:46,847 - DEBUG - Joint score for alpha[13]: 0.1026
2025-08-16 12:19:50,356 - DEBUG - Joint score for alpha[14]: 0.1026
2025-08-16 12:19:53,867 - DEBUG - Joint score for alpha[15]: 0.1037
2025-08-16 12:20:00,721 - DEBUG - Joint score for alpha[0]: 0.1031
2025-08-16 12:20:04,236 - DEBUG - Joint score for alpha[1]: 0.1019
2025-08-16 12:20:07,746 - DEBUG - Joint score for alpha[2]: 0.1038
2025-08-16 12:20:11,258 - DEBUG - Joint score for alpha[3]: 0.1072
2025-08-16 12:20:14,769 - DEBUG - Joint score for alpha[4]: 0.1019
2025-08-16 12:20:18,282 - DEBUG - Joint score for alpha[5]: 0.1068
2025-08-16 12:20:21,794 - DEBUG - Joint score for alpha[6]: 0.1071
2025-08-16 12:20:25,306 - DEBUG - Joint score for alpha[7]: 0.1032
2025-08-16 12:20:28,819 - DEBUG - Joint score for alpha[8]: 0.1050
2025-08-16 12:20:32,331 - DEBUG - Joint score for alpha[9]: 0.1026
2025-08-16 12:20:35,839 - DEBUG - Joint score for alpha[10]: 0.1046
2025-08-16 12:20:39,348 - DEBUG - Joint score for alpha[11]: 0.1070
2025-08-16 12:20:42,858 - DEBUG - Joint score for alpha[12]: 0.1035
2025-08-16 12:20:46,368 - DEBUG - Joint score for alpha[13]: 0.1029
2025-08-16 12:20:49,877 - DEBUG - Joint score for alpha[14]: 0.1053
2025-08-16 12:20:53,387 - DEBUG - Joint score for alpha[15]: 0.1032
2025-08-16 12:20:53,431 - INFO - Step 42/120: mean CRPS=0.1022
2025-08-16 12:20:53,437 - DEBUG - Beginning Gibbs iteration s = 42
2025-08-16 12:21:02,818 - DEBUG - Joint score for alpha[0]: 0.1032
2025-08-16 12:21:06,332 - DEBUG - Joint score for alpha[1]: 0.1204
2025-08-16 12:21:09,843 - DEBUG - Joint score for alpha[2]: 0.1154
2025-08-16 12:21:13,355 - DEBUG - Joint score for alpha[3]: 0.1098
2025-08-16 12:21:16,868 - DEBUG - Joint score for alpha[4]: 0.1141
2025-08-16 12:21:20,380 - DEBUG - Joint score for alpha[5]: 0.1033
2025-08-16 12:21:23,891 - DEBUG - Joint score for alpha[6]: 0.1081
2025-08-16 12:21:27,403 - DEBUG - Joint score for alpha[7]: 0.1097
2025-08-16 12:21:30,916 - DEBUG - Joint score for alpha[8]: 0.1026
2025-08-16 12:21:34,429 - DEBUG - Joint score for alpha[9]: 0.1156
2025-08-16 12:21:37,940 - DEBUG - Joint score for alpha[10]: 0.1066
2025-08-16 12:21:41,451 - DEBUG - Joint score for alpha[11]: 0.1075
2025-08-16 12:21:44,962 - DEBUG - Joint score for alpha[12]: 0.1026
2025-08-16 12:21:48,472 - DEBUG - Joint score for alpha[13]: 0.1132
2025-08-16 12:21:51,981 - DEBUG - Joint score for alpha[14]: 0.1051
2025-08-16 12:21:55,492 - DEBUG - Joint score for alpha[15]: 0.1232
2025-08-16 12:22:02,234 - DEBUG - Joint score for alpha[0]: 0.1027
2025-08-16 12:22:05,750 - DEBUG - Joint score for alpha[1]: 0.1061
2025-08-16 12:22:09,261 - DEBUG - Joint score for alpha[2]: 0.1026
2025-08-16 12:22:12,772 - DEBUG - Joint score for alpha[3]: 0.1132
2025-08-16 12:22:16,282 - DEBUG - Joint score for alpha[4]: 0.1043
2025-08-16 12:22:19,795 - DEBUG - Joint score for alpha[5]: 0.1041
2025-08-16 12:22:23,307 - DEBUG - Joint score for alpha[6]: 0.1039
2025-08-16 12:22:26,819 - DEBUG - Joint score for alpha[7]: 0.1025
2025-08-16 12:22:30,331 - DEBUG - Joint score for alpha[8]: 0.1055
2025-08-16 12:22:33,843 - DEBUG - Joint score for alpha[9]: 0.1044
2025-08-16 12:22:37,354 - DEBUG - Joint score for alpha[10]: 0.1067
2025-08-16 12:22:40,866 - DEBUG - Joint score for alpha[11]: 0.1053
2025-08-16 12:22:44,378 - DEBUG - Joint score for alpha[12]: 0.1028
2025-08-16 12:22:47,892 - DEBUG - Joint score for alpha[13]: 0.1064
2025-08-16 12:22:51,403 - DEBUG - Joint score for alpha[14]: 0.1056
2025-08-16 12:22:54,916 - DEBUG - Joint score for alpha[15]: 0.1108
2025-08-16 12:23:01,673 - DEBUG - Joint score for alpha[0]: 0.1021
2025-08-16 12:23:05,192 - DEBUG - Joint score for alpha[1]: 0.1028
2025-08-16 12:23:08,707 - DEBUG - Joint score for alpha[2]: 0.1023
2025-08-16 12:23:12,220 - DEBUG - Joint score for alpha[3]: 0.1030
2025-08-16 12:23:15,733 - DEBUG - Joint score for alpha[4]: 0.1049
2025-08-16 12:23:19,246 - DEBUG - Joint score for alpha[5]: 0.1029
2025-08-16 12:23:22,758 - DEBUG - Joint score for alpha[6]: 0.1034
2025-08-16 12:23:26,271 - DEBUG - Joint score for alpha[7]: 0.1027
2025-08-16 12:23:29,782 - DEBUG - Joint score for alpha[8]: 0.1016
2025-08-16 12:23:33,296 - DEBUG - Joint score for alpha[9]: 0.1019
2025-08-16 12:23:36,808 - DEBUG - Joint score for alpha[10]: 0.1023
2025-08-16 12:23:40,319 - DEBUG - Joint score for alpha[11]: 0.1031
2025-08-16 12:23:43,831 - DEBUG - Joint score for alpha[12]: 0.1032
2025-08-16 12:23:47,341 - DEBUG - Joint score for alpha[13]: 0.1026
2025-08-16 12:23:50,850 - DEBUG - Joint score for alpha[14]: 0.1049
2025-08-16 12:23:54,361 - DEBUG - Joint score for alpha[15]: 0.1020
2025-08-16 12:24:01,130 - DEBUG - Joint score for alpha[0]: 0.1034
2025-08-16 12:24:04,646 - DEBUG - Joint score for alpha[1]: 0.1045
2025-08-16 12:24:08,156 - DEBUG - Joint score for alpha[2]: 0.1038
2025-08-16 12:24:11,666 - DEBUG - Joint score for alpha[3]: 0.1049
2025-08-16 12:24:15,175 - DEBUG - Joint score for alpha[4]: 0.1025
2025-08-16 12:24:18,685 - DEBUG - Joint score for alpha[5]: 0.1022
2025-08-16 12:24:22,193 - DEBUG - Joint score for alpha[6]: 0.1026
2025-08-16 12:24:25,702 - DEBUG - Joint score for alpha[7]: 0.1024
2025-08-16 12:24:29,211 - DEBUG - Joint score for alpha[8]: 0.1075
2025-08-16 12:24:32,721 - DEBUG - Joint score for alpha[9]: 0.1023
2025-08-16 12:24:36,230 - DEBUG - Joint score for alpha[10]: 0.1026
2025-08-16 12:24:39,740 - DEBUG - Joint score for alpha[11]: 0.1028
2025-08-16 12:24:43,251 - DEBUG - Joint score for alpha[12]: 0.1017
2025-08-16 12:24:46,762 - DEBUG - Joint score for alpha[13]: 0.1047
2025-08-16 12:24:50,273 - DEBUG - Joint score for alpha[14]: 0.1038
2025-08-16 12:24:53,784 - DEBUG - Joint score for alpha[15]: 0.1030
2025-08-16 12:25:00,657 - DEBUG - Joint score for alpha[0]: 0.1031
2025-08-16 12:25:04,174 - DEBUG - Joint score for alpha[1]: 0.1065
2025-08-16 12:25:07,685 - DEBUG - Joint score for alpha[2]: 0.1023
2025-08-16 12:25:11,198 - DEBUG - Joint score for alpha[3]: 0.1033
2025-08-16 12:25:14,710 - DEBUG - Joint score for alpha[4]: 0.1093
2025-08-16 12:25:18,223 - DEBUG - Joint score for alpha[5]: 0.1018
2025-08-16 12:25:21,734 - DEBUG - Joint score for alpha[6]: 0.1033
2025-08-16 12:25:25,248 - DEBUG - Joint score for alpha[7]: 0.1028
2025-08-16 12:25:28,760 - DEBUG - Joint score for alpha[8]: 0.1058
2025-08-16 12:25:32,273 - DEBUG - Joint score for alpha[9]: 0.1020
2025-08-16 12:25:35,786 - DEBUG - Joint score for alpha[10]: 0.1023
2025-08-16 12:25:39,297 - DEBUG - Joint score for alpha[11]: 0.1029
2025-08-16 12:25:42,809 - DEBUG - Joint score for alpha[12]: 0.1023
2025-08-16 12:25:46,320 - DEBUG - Joint score for alpha[13]: 0.1024
2025-08-16 12:25:49,830 - DEBUG - Joint score for alpha[14]: 0.1028
2025-08-16 12:25:53,340 - DEBUG - Joint score for alpha[15]: 0.1074
2025-08-16 12:25:53,384 - INFO - Step 43/120: mean CRPS=0.1021
2025-08-16 12:25:53,388 - DEBUG - Beginning Gibbs iteration s = 43
2025-08-16 12:26:02,374 - DEBUG - Joint score for alpha[0]: 0.1260
2025-08-16 12:26:05,890 - DEBUG - Joint score for alpha[1]: 0.1076
2025-08-16 12:26:09,400 - DEBUG - Joint score for alpha[2]: 0.1326
2025-08-16 12:26:12,913 - DEBUG - Joint score for alpha[3]: 0.1059
2025-08-16 12:26:16,427 - DEBUG - Joint score for alpha[4]: 0.1098
2025-08-16 12:26:19,941 - DEBUG - Joint score for alpha[5]: 0.1182
2025-08-16 12:26:23,455 - DEBUG - Joint score for alpha[6]: 0.1071
2025-08-16 12:26:26,969 - DEBUG - Joint score for alpha[7]: 0.1039
2025-08-16 12:26:30,484 - DEBUG - Joint score for alpha[8]: 0.1156
2025-08-16 12:26:34,000 - DEBUG - Joint score for alpha[9]: 0.1097
2025-08-16 12:26:37,513 - DEBUG - Joint score for alpha[10]: 0.1321
2025-08-16 12:26:41,027 - DEBUG - Joint score for alpha[11]: 0.1045
2025-08-16 12:26:44,543 - DEBUG - Joint score for alpha[12]: 0.1186
2025-08-16 12:26:48,059 - DEBUG - Joint score for alpha[13]: 0.1222
2025-08-16 12:26:51,573 - DEBUG - Joint score for alpha[14]: 0.1116
2025-08-16 12:26:55,089 - DEBUG - Joint score for alpha[15]: 0.1112
2025-08-16 12:27:01,824 - DEBUG - Joint score for alpha[0]: 0.1060
2025-08-16 12:27:05,341 - DEBUG - Joint score for alpha[1]: 0.1097
2025-08-16 12:27:08,855 - DEBUG - Joint score for alpha[2]: 0.1044
2025-08-16 12:27:12,371 - DEBUG - Joint score for alpha[3]: 0.1108
2025-08-16 12:27:15,886 - DEBUG - Joint score for alpha[4]: 0.1054
2025-08-16 12:27:19,402 - DEBUG - Joint score for alpha[5]: 0.1046
2025-08-16 12:27:22,917 - DEBUG - Joint score for alpha[6]: 0.1048
2025-08-16 12:27:26,431 - DEBUG - Joint score for alpha[7]: 0.1053
2025-08-16 12:27:29,944 - DEBUG - Joint score for alpha[8]: 0.1130
2025-08-16 12:27:33,457 - DEBUG - Joint score for alpha[9]: 0.1050
2025-08-16 12:27:36,966 - DEBUG - Joint score for alpha[10]: 0.1048
2025-08-16 12:27:40,475 - DEBUG - Joint score for alpha[11]: 0.1126
2025-08-16 12:27:43,985 - DEBUG - Joint score for alpha[12]: 0.1164
2025-08-16 12:27:47,496 - DEBUG - Joint score for alpha[13]: 0.1109
2025-08-16 12:27:51,005 - DEBUG - Joint score for alpha[14]: 0.1045
2025-08-16 12:27:54,516 - DEBUG - Joint score for alpha[15]: 0.1055
2025-08-16 12:28:01,285 - DEBUG - Joint score for alpha[0]: 0.1050
2025-08-16 12:28:04,802 - DEBUG - Joint score for alpha[1]: 0.1052
2025-08-16 12:28:08,314 - DEBUG - Joint score for alpha[2]: 0.1049
2025-08-16 12:28:11,827 - DEBUG - Joint score for alpha[3]: 0.1055
2025-08-16 12:28:15,338 - DEBUG - Joint score for alpha[4]: 0.1071
2025-08-16 12:28:18,852 - DEBUG - Joint score for alpha[5]: 0.1045
2025-08-16 12:28:22,364 - DEBUG - Joint score for alpha[6]: 0.1074
2025-08-16 12:28:25,876 - DEBUG - Joint score for alpha[7]: 0.1210
2025-08-16 12:28:29,389 - DEBUG - Joint score for alpha[8]: 0.1043
2025-08-16 12:28:32,902 - DEBUG - Joint score for alpha[9]: 0.1045
2025-08-16 12:28:36,412 - DEBUG - Joint score for alpha[10]: 0.1120
2025-08-16 12:28:39,924 - DEBUG - Joint score for alpha[11]: 0.1039
2025-08-16 12:28:43,435 - DEBUG - Joint score for alpha[12]: 0.1084
2025-08-16 12:28:46,945 - DEBUG - Joint score for alpha[13]: 0.1041
2025-08-16 12:28:50,455 - DEBUG - Joint score for alpha[14]: 0.1045
2025-08-16 12:28:53,965 - DEBUG - Joint score for alpha[15]: 0.1036
2025-08-16 12:29:00,874 - DEBUG - Joint score for alpha[0]: 0.1044
2025-08-16 12:29:04,390 - DEBUG - Joint score for alpha[1]: 0.1039
2025-08-16 12:29:07,902 - DEBUG - Joint score for alpha[2]: 0.1035
2025-08-16 12:29:11,413 - DEBUG - Joint score for alpha[3]: 0.1043
2025-08-16 12:29:14,926 - DEBUG - Joint score for alpha[4]: 0.1042
2025-08-16 12:29:18,439 - DEBUG - Joint score for alpha[5]: 0.1067
2025-08-16 12:29:21,953 - DEBUG - Joint score for alpha[6]: 0.1042
2025-08-16 12:29:25,464 - DEBUG - Joint score for alpha[7]: 0.1047
2025-08-16 12:29:28,974 - DEBUG - Joint score for alpha[8]: 0.1044
2025-08-16 12:29:32,484 - DEBUG - Joint score for alpha[9]: 0.1043
2025-08-16 12:29:35,993 - DEBUG - Joint score for alpha[10]: 0.1053
2025-08-16 12:29:39,502 - DEBUG - Joint score for alpha[11]: 0.1071
2025-08-16 12:29:43,012 - DEBUG - Joint score for alpha[12]: 0.1041
2025-08-16 12:29:46,523 - DEBUG - Joint score for alpha[13]: 0.1052
2025-08-16 12:29:50,033 - DEBUG - Joint score for alpha[14]: 0.1084
2025-08-16 12:29:53,544 - DEBUG - Joint score for alpha[15]: 0.1047
2025-08-16 12:30:00,356 - DEBUG - Joint score for alpha[0]: 0.1068
2025-08-16 12:30:03,873 - DEBUG - Joint score for alpha[1]: 0.1042
2025-08-16 12:30:07,383 - DEBUG - Joint score for alpha[2]: 0.1050
2025-08-16 12:30:10,892 - DEBUG - Joint score for alpha[3]: 0.1056
2025-08-16 12:30:14,402 - DEBUG - Joint score for alpha[4]: 0.1053
2025-08-16 12:30:17,913 - DEBUG - Joint score for alpha[5]: 0.1050
2025-08-16 12:30:21,422 - DEBUG - Joint score for alpha[6]: 0.1048
2025-08-16 12:30:24,931 - DEBUG - Joint score for alpha[7]: 0.1065
2025-08-16 12:30:28,441 - DEBUG - Joint score for alpha[8]: 0.1048
2025-08-16 12:30:31,951 - DEBUG - Joint score for alpha[9]: 0.1058
2025-08-16 12:30:35,461 - DEBUG - Joint score for alpha[10]: 0.1054
2025-08-16 12:30:38,972 - DEBUG - Joint score for alpha[11]: 0.1060
2025-08-16 12:30:42,485 - DEBUG - Joint score for alpha[12]: 0.1063
2025-08-16 12:30:45,998 - DEBUG - Joint score for alpha[13]: 0.1043
2025-08-16 12:30:49,511 - DEBUG - Joint score for alpha[14]: 0.1042
2025-08-16 12:30:53,024 - DEBUG - Joint score for alpha[15]: 0.1063
2025-08-16 12:30:53,068 - INFO - Step 44/120: mean CRPS=0.1039
2025-08-16 12:30:53,073 - DEBUG - Beginning Gibbs iteration s = 44
2025-08-16 12:31:02,859 - DEBUG - Joint score for alpha[0]: 0.1082
2025-08-16 12:31:06,378 - DEBUG - Joint score for alpha[1]: 0.1150
2025-08-16 12:31:09,891 - DEBUG - Joint score for alpha[2]: 0.1130
2025-08-16 12:31:13,405 - DEBUG - Joint score for alpha[3]: 0.1036
2025-08-16 12:31:16,918 - DEBUG - Joint score for alpha[4]: 0.1018
2025-08-16 12:31:20,431 - DEBUG - Joint score for alpha[5]: 0.1098
2025-08-16 12:31:23,944 - DEBUG - Joint score for alpha[6]: 0.1027
2025-08-16 12:31:27,457 - DEBUG - Joint score for alpha[7]: 0.1078
2025-08-16 12:31:30,969 - DEBUG - Joint score for alpha[8]: 0.1056
2025-08-16 12:31:34,482 - DEBUG - Joint score for alpha[9]: 0.1032
2025-08-16 12:31:37,994 - DEBUG - Joint score for alpha[10]: 0.1214
2025-08-16 12:31:41,506 - DEBUG - Joint score for alpha[11]: 0.1124
2025-08-16 12:31:45,020 - DEBUG - Joint score for alpha[12]: 0.1042
2025-08-16 12:31:48,533 - DEBUG - Joint score for alpha[13]: 0.1129
2025-08-16 12:31:52,046 - DEBUG - Joint score for alpha[14]: 0.1046
2025-08-16 12:31:55,559 - DEBUG - Joint score for alpha[15]: 0.1031
2025-08-16 12:32:02,299 - DEBUG - Joint score for alpha[0]: 0.1024
2025-08-16 12:32:05,817 - DEBUG - Joint score for alpha[1]: 0.1042
2025-08-16 12:32:09,332 - DEBUG - Joint score for alpha[2]: 0.1127
2025-08-16 12:32:12,848 - DEBUG - Joint score for alpha[3]: 0.1024
2025-08-16 12:32:16,362 - DEBUG - Joint score for alpha[4]: 0.1065
2025-08-16 12:32:19,875 - DEBUG - Joint score for alpha[5]: 0.1037
2025-08-16 12:32:23,385 - DEBUG - Joint score for alpha[6]: 0.1034
2025-08-16 12:32:26,894 - DEBUG - Joint score for alpha[7]: 0.1021
2025-08-16 12:32:30,403 - DEBUG - Joint score for alpha[8]: 0.1021
2025-08-16 12:32:33,912 - DEBUG - Joint score for alpha[9]: 0.1024
2025-08-16 12:32:37,420 - DEBUG - Joint score for alpha[10]: 0.1039
2025-08-16 12:32:40,929 - DEBUG - Joint score for alpha[11]: 0.1029
2025-08-16 12:32:44,438 - DEBUG - Joint score for alpha[12]: 0.1079
2025-08-16 12:32:47,948 - DEBUG - Joint score for alpha[13]: 0.1024
2025-08-16 12:32:51,457 - DEBUG - Joint score for alpha[14]: 0.1033
2025-08-16 12:32:54,967 - DEBUG - Joint score for alpha[15]: 0.1021
2025-08-16 12:33:01,862 - DEBUG - Joint score for alpha[0]: 0.1022
2025-08-16 12:33:05,378 - DEBUG - Joint score for alpha[1]: 0.1026
2025-08-16 12:33:08,889 - DEBUG - Joint score for alpha[2]: 0.1022
2025-08-16 12:33:12,402 - DEBUG - Joint score for alpha[3]: 0.1032
2025-08-16 12:33:15,915 - DEBUG - Joint score for alpha[4]: 0.1025
2025-08-16 12:33:19,428 - DEBUG - Joint score for alpha[5]: 0.1062
2025-08-16 12:33:22,940 - DEBUG - Joint score for alpha[6]: 0.1025
2025-08-16 12:33:26,452 - DEBUG - Joint score for alpha[7]: 0.1081
2025-08-16 12:33:29,964 - DEBUG - Joint score for alpha[8]: 0.1031
2025-08-16 12:33:33,477 - DEBUG - Joint score for alpha[9]: 0.1048
2025-08-16 12:33:36,988 - DEBUG - Joint score for alpha[10]: 0.1026
2025-08-16 12:33:40,501 - DEBUG - Joint score for alpha[11]: 0.1106
2025-08-16 12:33:44,015 - DEBUG - Joint score for alpha[12]: 0.1022
2025-08-16 12:33:47,527 - DEBUG - Joint score for alpha[13]: 0.1038
2025-08-16 12:33:51,037 - DEBUG - Joint score for alpha[14]: 0.1033
2025-08-16 12:33:54,548 - DEBUG - Joint score for alpha[15]: 0.1025
2025-08-16 12:34:01,284 - DEBUG - Joint score for alpha[0]: 0.1029
2025-08-16 12:34:04,799 - DEBUG - Joint score for alpha[1]: 0.1018
2025-08-16 12:34:08,312 - DEBUG - Joint score for alpha[2]: 0.1037
2025-08-16 12:34:11,825 - DEBUG - Joint score for alpha[3]: 0.1051
2025-08-16 12:34:15,337 - DEBUG - Joint score for alpha[4]: 0.1063
2025-08-16 12:34:18,851 - DEBUG - Joint score for alpha[5]: 0.1032
2025-08-16 12:34:22,364 - DEBUG - Joint score for alpha[6]: 0.1021
2025-08-16 12:34:25,875 - DEBUG - Joint score for alpha[7]: 0.1030
2025-08-16 12:34:29,386 - DEBUG - Joint score for alpha[8]: 0.1034
2025-08-16 12:34:32,897 - DEBUG - Joint score for alpha[9]: 0.1020
2025-08-16 12:34:36,407 - DEBUG - Joint score for alpha[10]: 0.1032
2025-08-16 12:34:39,918 - DEBUG - Joint score for alpha[11]: 0.1019
2025-08-16 12:34:43,429 - DEBUG - Joint score for alpha[12]: 0.1033
2025-08-16 12:34:46,941 - DEBUG - Joint score for alpha[13]: 0.1022
2025-08-16 12:34:50,452 - DEBUG - Joint score for alpha[14]: 0.1034
2025-08-16 12:34:53,964 - DEBUG - Joint score for alpha[15]: 0.1042
2025-08-16 12:35:00,713 - DEBUG - Joint score for alpha[0]: 0.1021
2025-08-16 12:35:04,231 - DEBUG - Joint score for alpha[1]: 0.1082
2025-08-16 12:35:07,746 - DEBUG - Joint score for alpha[2]: 0.1029
2025-08-16 12:35:11,262 - DEBUG - Joint score for alpha[3]: 0.1031
2025-08-16 12:35:14,778 - DEBUG - Joint score for alpha[4]: 0.1022
2025-08-16 12:35:18,294 - DEBUG - Joint score for alpha[5]: 0.1029
2025-08-16 12:35:21,810 - DEBUG - Joint score for alpha[6]: 0.1028
2025-08-16 12:35:25,325 - DEBUG - Joint score for alpha[7]: 0.1071
2025-08-16 12:35:28,840 - DEBUG - Joint score for alpha[8]: 0.1080
2025-08-16 12:35:32,356 - DEBUG - Joint score for alpha[9]: 0.1024
2025-08-16 12:35:35,870 - DEBUG - Joint score for alpha[10]: 0.1023
2025-08-16 12:35:39,386 - DEBUG - Joint score for alpha[11]: 0.1068
2025-08-16 12:35:42,901 - DEBUG - Joint score for alpha[12]: 0.1045
2025-08-16 12:35:46,413 - DEBUG - Joint score for alpha[13]: 0.1042
2025-08-16 12:35:49,925 - DEBUG - Joint score for alpha[14]: 0.1019
2025-08-16 12:35:53,437 - DEBUG - Joint score for alpha[15]: 0.1054
2025-08-16 12:35:53,481 - INFO - Step 45/120: mean CRPS=0.1020
2025-08-16 12:35:53,485 - DEBUG - Beginning Gibbs iteration s = 45
2025-08-16 12:35:56,705 - DEBUG - Proposal variance adapted: 0.023
2025-08-16 12:36:03,402 - DEBUG - Joint score for alpha[0]: 0.1043
2025-08-16 12:36:06,918 - DEBUG - Joint score for alpha[1]: 0.1031
2025-08-16 12:36:10,429 - DEBUG - Joint score for alpha[2]: 0.1036
2025-08-16 12:36:13,943 - DEBUG - Joint score for alpha[3]: 0.1298
2025-08-16 12:36:17,457 - DEBUG - Joint score for alpha[4]: 0.1033
2025-08-16 12:36:20,970 - DEBUG - Joint score for alpha[5]: 0.1077
2025-08-16 12:36:24,485 - DEBUG - Joint score for alpha[6]: 0.1082
2025-08-16 12:36:27,997 - DEBUG - Joint score for alpha[7]: 0.1055
2025-08-16 12:36:31,509 - DEBUG - Joint score for alpha[8]: 0.1026
2025-08-16 12:36:35,021 - DEBUG - Joint score for alpha[9]: 0.1235
2025-08-16 12:36:38,532 - DEBUG - Joint score for alpha[10]: 0.1072
2025-08-16 12:36:42,044 - DEBUG - Joint score for alpha[11]: 0.1310
2025-08-16 12:36:45,558 - DEBUG - Joint score for alpha[12]: 0.1026
2025-08-16 12:36:49,071 - DEBUG - Joint score for alpha[13]: 0.1075
2025-08-16 12:36:52,584 - DEBUG - Joint score for alpha[14]: 0.1066
2025-08-16 12:36:56,096 - DEBUG - Joint score for alpha[15]: 0.1271
2025-08-16 12:37:02,887 - DEBUG - Joint score for alpha[0]: 0.1040
2025-08-16 12:37:06,404 - DEBUG - Joint score for alpha[1]: 0.1046
2025-08-16 12:37:09,917 - DEBUG - Joint score for alpha[2]: 0.1100
2025-08-16 12:37:13,430 - DEBUG - Joint score for alpha[3]: 0.1041
2025-08-16 12:37:16,942 - DEBUG - Joint score for alpha[4]: 0.1138
2025-08-16 12:37:20,452 - DEBUG - Joint score for alpha[5]: 0.1036
2025-08-16 12:37:23,962 - DEBUG - Joint score for alpha[6]: 0.1045
2025-08-16 12:37:27,469 - DEBUG - Joint score for alpha[7]: 0.1042
2025-08-16 12:37:30,979 - DEBUG - Joint score for alpha[8]: 0.1037
2025-08-16 12:37:34,488 - DEBUG - Joint score for alpha[9]: 0.1046
2025-08-16 12:37:37,997 - DEBUG - Joint score for alpha[10]: 0.1155
2025-08-16 12:37:41,507 - DEBUG - Joint score for alpha[11]: 0.1042
2025-08-16 12:37:45,018 - DEBUG - Joint score for alpha[12]: 0.1087
2025-08-16 12:37:48,529 - DEBUG - Joint score for alpha[13]: 0.1086
2025-08-16 12:37:52,039 - DEBUG - Joint score for alpha[14]: 0.1039
2025-08-16 12:37:55,550 - DEBUG - Joint score for alpha[15]: 0.1067
2025-08-16 12:38:02,438 - DEBUG - Joint score for alpha[0]: 0.1048
2025-08-16 12:38:05,956 - DEBUG - Joint score for alpha[1]: 0.1058
2025-08-16 12:38:09,469 - DEBUG - Joint score for alpha[2]: 0.1055
2025-08-16 12:38:12,984 - DEBUG - Joint score for alpha[3]: 0.1049
2025-08-16 12:38:16,496 - DEBUG - Joint score for alpha[4]: 0.1034
2025-08-16 12:38:20,009 - DEBUG - Joint score for alpha[5]: 0.1049
2025-08-16 12:38:23,523 - DEBUG - Joint score for alpha[6]: 0.1033
2025-08-16 12:38:27,036 - DEBUG - Joint score for alpha[7]: 0.1032
2025-08-16 12:38:30,548 - DEBUG - Joint score for alpha[8]: 0.1031
2025-08-16 12:38:34,061 - DEBUG - Joint score for alpha[9]: 0.1058
2025-08-16 12:38:37,572 - DEBUG - Joint score for alpha[10]: 0.1050
2025-08-16 12:38:41,084 - DEBUG - Joint score for alpha[11]: 0.1042
2025-08-16 12:38:44,597 - DEBUG - Joint score for alpha[12]: 0.1085
2025-08-16 12:38:48,110 - DEBUG - Joint score for alpha[13]: 0.1037
2025-08-16 12:38:51,622 - DEBUG - Joint score for alpha[14]: 0.1034
2025-08-16 12:38:55,136 - DEBUG - Joint score for alpha[15]: 0.1034
2025-08-16 12:39:01,876 - DEBUG - Joint score for alpha[0]: 0.1041
2025-08-16 12:39:05,391 - DEBUG - Joint score for alpha[1]: 0.1044
2025-08-16 12:39:08,903 - DEBUG - Joint score for alpha[2]: 0.1080
2025-08-16 12:39:12,415 - DEBUG - Joint score for alpha[3]: 0.1054
2025-08-16 12:39:15,928 - DEBUG - Joint score for alpha[4]: 0.1043
2025-08-16 12:39:19,440 - DEBUG - Joint score for alpha[5]: 0.1034
2025-08-16 12:39:22,952 - DEBUG - Joint score for alpha[6]: 0.1033
2025-08-16 12:39:26,464 - DEBUG - Joint score for alpha[7]: 0.1038
2025-08-16 12:39:29,976 - DEBUG - Joint score for alpha[8]: 0.1034
2025-08-16 12:39:33,491 - DEBUG - Joint score for alpha[9]: 0.1029
2025-08-16 12:39:37,005 - DEBUG - Joint score for alpha[10]: 0.1031
2025-08-16 12:39:40,520 - DEBUG - Joint score for alpha[11]: 0.1045
2025-08-16 12:39:44,035 - DEBUG - Joint score for alpha[12]: 0.1057
2025-08-16 12:39:47,551 - DEBUG - Joint score for alpha[13]: 0.1036
2025-08-16 12:39:51,065 - DEBUG - Joint score for alpha[14]: 0.1032
2025-08-16 12:39:54,579 - DEBUG - Joint score for alpha[15]: 0.1045
2025-08-16 12:40:01,339 - DEBUG - Joint score for alpha[0]: 0.1066
2025-08-16 12:40:04,855 - DEBUG - Joint score for alpha[1]: 0.1027
2025-08-16 12:40:08,368 - DEBUG - Joint score for alpha[2]: 0.1041
2025-08-16 12:40:11,881 - DEBUG - Joint score for alpha[3]: 0.1052
2025-08-16 12:40:15,392 - DEBUG - Joint score for alpha[4]: 0.1029
2025-08-16 12:40:18,905 - DEBUG - Joint score for alpha[5]: 0.1053
2025-08-16 12:40:22,418 - DEBUG - Joint score for alpha[6]: 0.1036
2025-08-16 12:40:25,930 - DEBUG - Joint score for alpha[7]: 0.1031
2025-08-16 12:40:29,443 - DEBUG - Joint score for alpha[8]: 0.1028
2025-08-16 12:40:32,957 - DEBUG - Joint score for alpha[9]: 0.1054
2025-08-16 12:40:36,470 - DEBUG - Joint score for alpha[10]: 0.1045
2025-08-16 12:40:39,983 - DEBUG - Joint score for alpha[11]: 0.1039
2025-08-16 12:40:43,497 - DEBUG - Joint score for alpha[12]: 0.1035
2025-08-16 12:40:47,013 - DEBUG - Joint score for alpha[13]: 0.1031
2025-08-16 12:40:50,525 - DEBUG - Joint score for alpha[14]: 0.1036
2025-08-16 12:40:54,038 - DEBUG - Joint score for alpha[15]: 0.1032
2025-08-16 12:40:54,082 - INFO - Step 46/120: mean CRPS=0.1030
2025-08-16 12:40:54,086 - DEBUG - Beginning Gibbs iteration s = 46
2025-08-16 12:41:03,832 - DEBUG - Joint score for alpha[0]: 0.1182
2025-08-16 12:41:07,346 - DEBUG - Joint score for alpha[1]: 0.1014
2025-08-16 12:41:10,855 - DEBUG - Joint score for alpha[2]: 0.1040
2025-08-16 12:41:14,366 - DEBUG - Joint score for alpha[3]: 0.1201
2025-08-16 12:41:17,877 - DEBUG - Joint score for alpha[4]: 0.1171
2025-08-16 12:41:21,388 - DEBUG - Joint score for alpha[5]: 0.1020
2025-08-16 12:41:24,899 - DEBUG - Joint score for alpha[6]: 0.1019
2025-08-16 12:41:28,410 - DEBUG - Joint score for alpha[7]: 0.1115
2025-08-16 12:41:31,920 - DEBUG - Joint score for alpha[8]: 0.1035
2025-08-16 12:41:35,432 - DEBUG - Joint score for alpha[9]: 0.1145
2025-08-16 12:41:38,943 - DEBUG - Joint score for alpha[10]: 0.1027
2025-08-16 12:41:42,452 - DEBUG - Joint score for alpha[11]: 0.1045
2025-08-16 12:41:45,964 - DEBUG - Joint score for alpha[12]: 0.1021
2025-08-16 12:41:49,476 - DEBUG - Joint score for alpha[13]: 0.1033
2025-08-16 12:41:52,988 - DEBUG - Joint score for alpha[14]: 0.1156
2025-08-16 12:41:56,501 - DEBUG - Joint score for alpha[15]: 0.1050
2025-08-16 12:42:03,437 - DEBUG - Joint score for alpha[0]: 0.1024
2025-08-16 12:42:06,952 - DEBUG - Joint score for alpha[1]: 0.1046
2025-08-16 12:42:10,464 - DEBUG - Joint score for alpha[2]: 0.1046
2025-08-16 12:42:13,976 - DEBUG - Joint score for alpha[3]: 0.1019
2025-08-16 12:42:17,488 - DEBUG - Joint score for alpha[4]: 0.1024
2025-08-16 12:42:21,001 - DEBUG - Joint score for alpha[5]: 0.1071
2025-08-16 12:42:24,513 - DEBUG - Joint score for alpha[6]: 0.1020
2025-08-16 12:42:28,024 - DEBUG - Joint score for alpha[7]: 0.1106
2025-08-16 12:42:31,535 - DEBUG - Joint score for alpha[8]: 0.1027
2025-08-16 12:42:35,047 - DEBUG - Joint score for alpha[9]: 0.1030
2025-08-16 12:42:38,557 - DEBUG - Joint score for alpha[10]: 0.1029
2025-08-16 12:42:42,070 - DEBUG - Joint score for alpha[11]: 0.1137
2025-08-16 12:42:45,584 - DEBUG - Joint score for alpha[12]: 0.1018
2025-08-16 12:42:49,098 - DEBUG - Joint score for alpha[13]: 0.1018
2025-08-16 12:42:52,610 - DEBUG - Joint score for alpha[14]: 0.1054
2025-08-16 12:42:56,123 - DEBUG - Joint score for alpha[15]: 0.1020
2025-08-16 12:43:02,851 - DEBUG - Joint score for alpha[0]: 0.1030
2025-08-16 12:43:06,367 - DEBUG - Joint score for alpha[1]: 0.1032
2025-08-16 12:43:09,878 - DEBUG - Joint score for alpha[2]: 0.1024
2025-08-16 12:43:13,390 - DEBUG - Joint score for alpha[3]: 0.1024
2025-08-16 12:43:16,902 - DEBUG - Joint score for alpha[4]: 0.1021
2025-08-16 12:43:20,414 - DEBUG - Joint score for alpha[5]: 0.1021
2025-08-16 12:43:23,926 - DEBUG - Joint score for alpha[6]: 0.1063
2025-08-16 12:43:27,439 - DEBUG - Joint score for alpha[7]: 0.1039
2025-08-16 12:43:30,953 - DEBUG - Joint score for alpha[8]: 0.1018
2025-08-16 12:43:34,467 - DEBUG - Joint score for alpha[9]: 0.1025
2025-08-16 12:43:37,980 - DEBUG - Joint score for alpha[10]: 0.1019
2025-08-16 12:43:41,493 - DEBUG - Joint score for alpha[11]: 0.1022
2025-08-16 12:43:45,008 - DEBUG - Joint score for alpha[12]: 0.1081
2025-08-16 12:43:48,522 - DEBUG - Joint score for alpha[13]: 0.1019
2025-08-16 12:43:52,036 - DEBUG - Joint score for alpha[14]: 0.1058
2025-08-16 12:43:55,551 - DEBUG - Joint score for alpha[15]: 0.1019
2025-08-16 12:44:02,287 - DEBUG - Joint score for alpha[0]: 0.1019
2025-08-16 12:44:05,804 - DEBUG - Joint score for alpha[1]: 0.1037
2025-08-16 12:44:09,318 - DEBUG - Joint score for alpha[2]: 0.1035
2025-08-16 12:44:12,833 - DEBUG - Joint score for alpha[3]: 0.1023
2025-08-16 12:44:16,347 - DEBUG - Joint score for alpha[4]: 0.1023
2025-08-16 12:44:19,861 - DEBUG - Joint score for alpha[5]: 0.1023
2025-08-16 12:44:23,376 - DEBUG - Joint score for alpha[6]: 0.1022
2025-08-16 12:44:26,890 - DEBUG - Joint score for alpha[7]: 0.1039
2025-08-16 12:44:30,403 - DEBUG - Joint score for alpha[8]: 0.1020
2025-08-16 12:44:33,918 - DEBUG - Joint score for alpha[9]: 0.1068
2025-08-16 12:44:37,430 - DEBUG - Joint score for alpha[10]: 0.1019
2025-08-16 12:44:40,944 - DEBUG - Joint score for alpha[11]: 0.1034
2025-08-16 12:44:44,459 - DEBUG - Joint score for alpha[12]: 0.1019
2025-08-16 12:44:47,971 - DEBUG - Joint score for alpha[13]: 0.1036
2025-08-16 12:44:51,481 - DEBUG - Joint score for alpha[14]: 0.1025
2025-08-16 12:44:54,993 - DEBUG - Joint score for alpha[15]: 0.1023
2025-08-16 12:45:01,727 - DEBUG - Joint score for alpha[0]: 0.1030
2025-08-16 12:45:05,241 - DEBUG - Joint score for alpha[1]: 0.1228
2025-08-16 12:45:08,752 - DEBUG - Joint score for alpha[2]: 0.1030
2025-08-16 12:45:12,263 - DEBUG - Joint score for alpha[3]: 0.1039
2025-08-16 12:45:15,774 - DEBUG - Joint score for alpha[4]: 0.1062
2025-08-16 12:45:19,284 - DEBUG - Joint score for alpha[5]: 0.1039
2025-08-16 12:45:22,796 - DEBUG - Joint score for alpha[6]: 0.1074
2025-08-16 12:45:26,308 - DEBUG - Joint score for alpha[7]: 0.1055
2025-08-16 12:45:29,819 - DEBUG - Joint score for alpha[8]: 0.1025
2025-08-16 12:45:33,331 - DEBUG - Joint score for alpha[9]: 0.1018
2025-08-16 12:45:36,844 - DEBUG - Joint score for alpha[10]: 0.1044
2025-08-16 12:45:40,357 - DEBUG - Joint score for alpha[11]: 0.1016
2025-08-16 12:45:43,869 - DEBUG - Joint score for alpha[12]: 0.1030
2025-08-16 12:45:47,383 - DEBUG - Joint score for alpha[13]: 0.1050
2025-08-16 12:45:50,897 - DEBUG - Joint score for alpha[14]: 0.1064
2025-08-16 12:45:54,410 - DEBUG - Joint score for alpha[15]: 0.1048
2025-08-16 12:45:54,455 - INFO - Step 47/120: mean CRPS=0.1017
2025-08-16 12:45:54,459 - DEBUG - Beginning Gibbs iteration s = 47
2025-08-16 12:46:03,803 - DEBUG - Joint score for alpha[0]: 0.1292
2025-08-16 12:46:07,318 - DEBUG - Joint score for alpha[1]: 0.1068
2025-08-16 12:46:10,830 - DEBUG - Joint score for alpha[2]: 0.1040
2025-08-16 12:46:14,343 - DEBUG - Joint score for alpha[3]: 0.1034
2025-08-16 12:46:17,856 - DEBUG - Joint score for alpha[4]: 0.1252
2025-08-16 12:46:21,369 - DEBUG - Joint score for alpha[5]: 0.1067
2025-08-16 12:46:24,881 - DEBUG - Joint score for alpha[6]: 0.1483
2025-08-16 12:46:28,395 - DEBUG - Joint score for alpha[7]: 0.1113
2025-08-16 12:46:31,907 - DEBUG - Joint score for alpha[8]: 0.1196
2025-08-16 12:46:35,422 - DEBUG - Joint score for alpha[9]: 0.1042
2025-08-16 12:46:38,933 - DEBUG - Joint score for alpha[10]: 0.1038
2025-08-16 12:46:42,446 - DEBUG - Joint score for alpha[11]: 0.1103
2025-08-16 12:46:45,962 - DEBUG - Joint score for alpha[12]: 0.1066
2025-08-16 12:46:49,476 - DEBUG - Joint score for alpha[13]: 0.1148
2025-08-16 12:46:52,990 - DEBUG - Joint score for alpha[14]: 0.1075
2025-08-16 12:46:56,504 - DEBUG - Joint score for alpha[15]: 0.1304
2025-08-16 12:47:03,443 - DEBUG - Joint score for alpha[0]: 0.1054
2025-08-16 12:47:06,960 - DEBUG - Joint score for alpha[1]: 0.1073
2025-08-16 12:47:10,472 - DEBUG - Joint score for alpha[2]: 0.1028
2025-08-16 12:47:13,985 - DEBUG - Joint score for alpha[3]: 0.1033
2025-08-16 12:47:17,498 - DEBUG - Joint score for alpha[4]: 0.1075
2025-08-16 12:47:21,011 - DEBUG - Joint score for alpha[5]: 0.1045
2025-08-16 12:47:24,524 - DEBUG - Joint score for alpha[6]: 0.1026
2025-08-16 12:47:28,036 - DEBUG - Joint score for alpha[7]: 0.1031
2025-08-16 12:47:31,548 - DEBUG - Joint score for alpha[8]: 0.1087
2025-08-16 12:47:35,061 - DEBUG - Joint score for alpha[9]: 0.1027
2025-08-16 12:47:38,573 - DEBUG - Joint score for alpha[10]: 0.1029
2025-08-16 12:47:42,087 - DEBUG - Joint score for alpha[11]: 0.1025
2025-08-16 12:47:45,601 - DEBUG - Joint score for alpha[12]: 0.1142
2025-08-16 12:47:49,116 - DEBUG - Joint score for alpha[13]: 0.1029
2025-08-16 12:47:52,631 - DEBUG - Joint score for alpha[14]: 0.1100
2025-08-16 12:47:56,146 - DEBUG - Joint score for alpha[15]: 0.1110
2025-08-16 12:48:02,871 - DEBUG - Joint score for alpha[0]: 0.1033
2025-08-16 12:48:06,388 - DEBUG - Joint score for alpha[1]: 0.1029
2025-08-16 12:48:09,900 - DEBUG - Joint score for alpha[2]: 0.1023
2025-08-16 12:48:13,414 - DEBUG - Joint score for alpha[3]: 0.1032
2025-08-16 12:48:16,928 - DEBUG - Joint score for alpha[4]: 0.1056
2025-08-16 12:48:20,443 - DEBUG - Joint score for alpha[5]: 0.1032
2025-08-16 12:48:23,957 - DEBUG - Joint score for alpha[6]: 0.1028
2025-08-16 12:48:27,469 - DEBUG - Joint score for alpha[7]: 0.1029
2025-08-16 12:48:30,983 - DEBUG - Joint score for alpha[8]: 0.1057
2025-08-16 12:48:34,498 - DEBUG - Joint score for alpha[9]: 0.1038
2025-08-16 12:48:38,010 - DEBUG - Joint score for alpha[10]: 0.1038
2025-08-16 12:48:41,523 - DEBUG - Joint score for alpha[11]: 0.1041
2025-08-16 12:48:45,038 - DEBUG - Joint score for alpha[12]: 0.1034
2025-08-16 12:48:48,553 - DEBUG - Joint score for alpha[13]: 0.1033
2025-08-16 12:48:52,066 - DEBUG - Joint score for alpha[14]: 0.1034
2025-08-16 12:48:55,580 - DEBUG - Joint score for alpha[15]: 0.1037
2025-08-16 12:49:02,312 - DEBUG - Joint score for alpha[0]: 0.1027
2025-08-16 12:49:05,828 - DEBUG - Joint score for alpha[1]: 0.1050
2025-08-16 12:49:09,339 - DEBUG - Joint score for alpha[2]: 0.1025
2025-08-16 12:49:12,854 - DEBUG - Joint score for alpha[3]: 0.1032
2025-08-16 12:49:16,369 - DEBUG - Joint score for alpha[4]: 0.1031
2025-08-16 12:49:19,884 - DEBUG - Joint score for alpha[5]: 0.1033
2025-08-16 12:49:23,398 - DEBUG - Joint score for alpha[6]: 0.1026
2025-08-16 12:49:26,913 - DEBUG - Joint score for alpha[7]: 0.1038
2025-08-16 12:49:30,427 - DEBUG - Joint score for alpha[8]: 0.1045
2025-08-16 12:49:33,942 - DEBUG - Joint score for alpha[9]: 0.1033
2025-08-16 12:49:37,455 - DEBUG - Joint score for alpha[10]: 0.1039
2025-08-16 12:49:40,969 - DEBUG - Joint score for alpha[11]: 0.1045
2025-08-16 12:49:44,484 - DEBUG - Joint score for alpha[12]: 0.1055
2025-08-16 12:49:47,999 - DEBUG - Joint score for alpha[13]: 0.1031
2025-08-16 12:49:51,513 - DEBUG - Joint score for alpha[14]: 0.1026
2025-08-16 12:49:55,028 - DEBUG - Joint score for alpha[15]: 0.1025
2025-08-16 12:50:01,784 - DEBUG - Joint score for alpha[0]: 0.1030
2025-08-16 12:50:05,303 - DEBUG - Joint score for alpha[1]: 0.1058
2025-08-16 12:50:08,817 - DEBUG - Joint score for alpha[2]: 0.1025
2025-08-16 12:50:12,333 - DEBUG - Joint score for alpha[3]: 0.1042
2025-08-16 12:50:15,849 - DEBUG - Joint score for alpha[4]: 0.1021
2025-08-16 12:50:19,366 - DEBUG - Joint score for alpha[5]: 0.1074
2025-08-16 12:50:22,880 - DEBUG - Joint score for alpha[6]: 0.1036
2025-08-16 12:50:26,394 - DEBUG - Joint score for alpha[7]: 0.1040
2025-08-16 12:50:29,907 - DEBUG - Joint score for alpha[8]: 0.1061
2025-08-16 12:50:33,420 - DEBUG - Joint score for alpha[9]: 0.1039
2025-08-16 12:50:36,932 - DEBUG - Joint score for alpha[10]: 0.1044
2025-08-16 12:50:40,446 - DEBUG - Joint score for alpha[11]: 0.1076
2025-08-16 12:50:43,960 - DEBUG - Joint score for alpha[12]: 0.1024
2025-08-16 12:50:47,474 - DEBUG - Joint score for alpha[13]: 0.1025
2025-08-16 12:50:50,986 - DEBUG - Joint score for alpha[14]: 0.1028
2025-08-16 12:50:54,500 - DEBUG - Joint score for alpha[15]: 0.1036
2025-08-16 12:50:54,544 - INFO - Step 48/120: mean CRPS=0.1026
2025-08-16 12:50:54,547 - DEBUG - Beginning Gibbs iteration s = 48
2025-08-16 12:51:04,488 - DEBUG - Joint score for alpha[0]: 0.1138
2025-08-16 12:51:08,006 - DEBUG - Joint score for alpha[1]: 0.1057
2025-08-16 12:51:11,519 - DEBUG - Joint score for alpha[2]: 0.1024
2025-08-16 12:51:15,034 - DEBUG - Joint score for alpha[3]: 0.1038
2025-08-16 12:51:18,548 - DEBUG - Joint score for alpha[4]: 0.1125
2025-08-16 12:51:22,062 - DEBUG - Joint score for alpha[5]: 0.1019
2025-08-16 12:51:25,577 - DEBUG - Joint score for alpha[6]: 0.1028
2025-08-16 12:51:29,090 - DEBUG - Joint score for alpha[7]: 0.1028
2025-08-16 12:51:32,606 - DEBUG - Joint score for alpha[8]: 0.1081
2025-08-16 12:51:36,121 - DEBUG - Joint score for alpha[9]: 0.1303
2025-08-16 12:51:39,637 - DEBUG - Joint score for alpha[10]: 0.1209
2025-08-16 12:51:43,154 - DEBUG - Joint score for alpha[11]: 0.1024
2025-08-16 12:51:46,669 - DEBUG - Joint score for alpha[12]: 0.1089
2025-08-16 12:51:50,186 - DEBUG - Joint score for alpha[13]: 0.1065
2025-08-16 12:51:53,702 - DEBUG - Joint score for alpha[14]: 0.1025
2025-08-16 12:51:57,217 - DEBUG - Joint score for alpha[15]: 0.1101
2025-08-16 12:52:04,042 - DEBUG - Joint score for alpha[0]: 0.1017
2025-08-16 12:52:07,559 - DEBUG - Joint score for alpha[1]: 0.1020
2025-08-16 12:52:11,074 - DEBUG - Joint score for alpha[2]: 0.1024
2025-08-16 12:52:14,589 - DEBUG - Joint score for alpha[3]: 0.1033
2025-08-16 12:52:18,103 - DEBUG - Joint score for alpha[4]: 0.1016
2025-08-16 12:52:21,619 - DEBUG - Joint score for alpha[5]: 0.1019
2025-08-16 12:52:25,134 - DEBUG - Joint score for alpha[6]: 0.1016
2025-08-16 12:52:28,650 - DEBUG - Joint score for alpha[7]: 0.1116
2025-08-16 12:52:32,166 - DEBUG - Joint score for alpha[8]: 0.1119
2025-08-16 12:52:35,680 - DEBUG - Joint score for alpha[9]: 0.1039
2025-08-16 12:52:39,196 - DEBUG - Joint score for alpha[10]: 0.1018
2025-08-16 12:52:42,712 - DEBUG - Joint score for alpha[11]: 0.1056
2025-08-16 12:52:46,226 - DEBUG - Joint score for alpha[12]: 0.1030
2025-08-16 12:52:49,738 - DEBUG - Joint score for alpha[13]: 0.1037
2025-08-16 12:52:53,251 - DEBUG - Joint score for alpha[14]: 0.1039
2025-08-16 12:52:56,765 - DEBUG - Joint score for alpha[15]: 0.1020
2025-08-16 12:53:03,515 - DEBUG - Joint score for alpha[0]: 0.1039
2025-08-16 12:53:07,033 - DEBUG - Joint score for alpha[1]: 0.1024
2025-08-16 12:53:10,548 - DEBUG - Joint score for alpha[2]: 0.1045
2025-08-16 12:53:14,063 - DEBUG - Joint score for alpha[3]: 0.1045
2025-08-16 12:53:17,576 - DEBUG - Joint score for alpha[4]: 0.1021
2025-08-16 12:53:21,092 - DEBUG - Joint score for alpha[5]: 0.1022
2025-08-16 12:53:24,606 - DEBUG - Joint score for alpha[6]: 0.1020
2025-08-16 12:53:28,122 - DEBUG - Joint score for alpha[7]: 0.1028
2025-08-16 12:53:31,637 - DEBUG - Joint score for alpha[8]: 0.1044
2025-08-16 12:53:35,152 - DEBUG - Joint score for alpha[9]: 0.1027
2025-08-16 12:53:38,668 - DEBUG - Joint score for alpha[10]: 0.1031
2025-08-16 12:53:42,184 - DEBUG - Joint score for alpha[11]: 0.1019
2025-08-16 12:53:45,700 - DEBUG - Joint score for alpha[12]: 0.1042
2025-08-16 12:53:49,214 - DEBUG - Joint score for alpha[13]: 0.1023
2025-08-16 12:53:52,729 - DEBUG - Joint score for alpha[14]: 0.1023
2025-08-16 12:53:56,245 - DEBUG - Joint score for alpha[15]: 0.1025
2025-08-16 12:54:02,975 - DEBUG - Joint score for alpha[0]: 0.1024
2025-08-16 12:54:06,493 - DEBUG - Joint score for alpha[1]: 0.1029
2025-08-16 12:54:10,009 - DEBUG - Joint score for alpha[2]: 0.1021
2025-08-16 12:54:13,523 - DEBUG - Joint score for alpha[3]: 0.1032
2025-08-16 12:54:17,038 - DEBUG - Joint score for alpha[4]: 0.1042
2025-08-16 12:54:20,557 - DEBUG - Joint score for alpha[5]: 0.1017
2025-08-16 12:54:24,075 - DEBUG - Joint score for alpha[6]: 0.1025
2025-08-16 12:54:27,591 - DEBUG - Joint score for alpha[7]: 0.1027
2025-08-16 12:54:31,106 - DEBUG - Joint score for alpha[8]: 0.1031
2025-08-16 12:54:34,622 - DEBUG - Joint score for alpha[9]: 0.1018
2025-08-16 12:54:38,137 - DEBUG - Joint score for alpha[10]: 0.1027
2025-08-16 12:54:41,652 - DEBUG - Joint score for alpha[11]: 0.1033
2025-08-16 12:54:45,168 - DEBUG - Joint score for alpha[12]: 0.1033
2025-08-16 12:54:48,682 - DEBUG - Joint score for alpha[13]: 0.1025
2025-08-16 12:54:52,197 - DEBUG - Joint score for alpha[14]: 0.1037
2025-08-16 12:54:55,712 - DEBUG - Joint score for alpha[15]: 0.1020
2025-08-16 12:55:02,448 - DEBUG - Joint score for alpha[0]: 0.1023
2025-08-16 12:55:05,967 - DEBUG - Joint score for alpha[1]: 0.1027
2025-08-16 12:55:09,486 - DEBUG - Joint score for alpha[2]: 0.1029
2025-08-16 12:55:13,005 - DEBUG - Joint score for alpha[3]: 0.1067
2025-08-16 12:55:16,522 - DEBUG - Joint score for alpha[4]: 0.1064
2025-08-16 12:55:20,042 - DEBUG - Joint score for alpha[5]: 0.1020
2025-08-16 12:55:23,560 - DEBUG - Joint score for alpha[6]: 0.1047
2025-08-16 12:55:27,079 - DEBUG - Joint score for alpha[7]: 0.1045
2025-08-16 12:55:30,598 - DEBUG - Joint score for alpha[8]: 0.1055
2025-08-16 12:55:34,117 - DEBUG - Joint score for alpha[9]: 0.1046
2025-08-16 12:55:37,635 - DEBUG - Joint score for alpha[10]: 0.1032
2025-08-16 12:55:41,152 - DEBUG - Joint score for alpha[11]: 0.1040
2025-08-16 12:55:44,671 - DEBUG - Joint score for alpha[12]: 0.1036
2025-08-16 12:55:48,188 - DEBUG - Joint score for alpha[13]: 0.1072
2025-08-16 12:55:51,706 - DEBUG - Joint score for alpha[14]: 0.1023
2025-08-16 12:55:55,225 - DEBUG - Joint score for alpha[15]: 0.1021
2025-08-16 12:55:55,270 - INFO - Step 49/120: mean CRPS=0.1018
2025-08-16 12:55:55,274 - DEBUG - Beginning Gibbs iteration s = 49
2025-08-16 12:56:04,784 - DEBUG - Joint score for alpha[0]: 0.1094
2025-08-16 12:56:08,299 - DEBUG - Joint score for alpha[1]: 0.1028
2025-08-16 12:56:11,815 - DEBUG - Joint score for alpha[2]: 0.1171
2025-08-16 12:56:15,329 - DEBUG - Joint score for alpha[3]: 0.1022
2025-08-16 12:56:18,843 - DEBUG - Joint score for alpha[4]: 0.1078
2025-08-16 12:56:22,359 - DEBUG - Joint score for alpha[5]: 0.1021
2025-08-16 12:56:25,875 - DEBUG - Joint score for alpha[6]: 0.1038
2025-08-16 12:56:29,391 - DEBUG - Joint score for alpha[7]: 0.1073
2025-08-16 12:56:32,906 - DEBUG - Joint score for alpha[8]: 0.1050
2025-08-16 12:56:36,420 - DEBUG - Joint score for alpha[9]: 0.1213
2025-08-16 12:56:39,936 - DEBUG - Joint score for alpha[10]: 0.1293
2025-08-16 12:56:43,451 - DEBUG - Joint score for alpha[11]: 0.1093
2025-08-16 12:56:46,967 - DEBUG - Joint score for alpha[12]: 0.1026
2025-08-16 12:56:50,481 - DEBUG - Joint score for alpha[13]: 0.1112
2025-08-16 12:56:53,996 - DEBUG - Joint score for alpha[14]: 0.1025
2025-08-16 12:56:57,511 - DEBUG - Joint score for alpha[15]: 0.1281
2025-08-16 12:57:04,334 - DEBUG - Joint score for alpha[0]: 0.1022
2025-08-16 12:57:07,850 - DEBUG - Joint score for alpha[1]: 0.1034
2025-08-16 12:57:11,365 - DEBUG - Joint score for alpha[2]: 0.1024
2025-08-16 12:57:14,879 - DEBUG - Joint score for alpha[3]: 0.1021
2025-08-16 12:57:18,393 - DEBUG - Joint score for alpha[4]: 0.1039
2025-08-16 12:57:21,909 - DEBUG - Joint score for alpha[5]: 0.1030
2025-08-16 12:57:25,424 - DEBUG - Joint score for alpha[6]: 0.1113
2025-08-16 12:57:28,941 - DEBUG - Joint score for alpha[7]: 0.1045
2025-08-16 12:57:32,456 - DEBUG - Joint score for alpha[8]: 0.1019
2025-08-16 12:57:35,971 - DEBUG - Joint score for alpha[9]: 0.1096
2025-08-16 12:57:39,488 - DEBUG - Joint score for alpha[10]: 0.1023
2025-08-16 12:57:43,002 - DEBUG - Joint score for alpha[11]: 0.1029
2025-08-16 12:57:46,518 - DEBUG - Joint score for alpha[12]: 0.1023
2025-08-16 12:57:50,033 - DEBUG - Joint score for alpha[13]: 0.1109
2025-08-16 12:57:53,548 - DEBUG - Joint score for alpha[14]: 0.1029
2025-08-16 12:57:57,064 - DEBUG - Joint score for alpha[15]: 0.1050
2025-08-16 12:58:03,925 - DEBUG - Joint score for alpha[0]: 0.1030
2025-08-16 12:58:07,442 - DEBUG - Joint score for alpha[1]: 0.1025
2025-08-16 12:58:10,957 - DEBUG - Joint score for alpha[2]: 0.1078
2025-08-16 12:58:14,473 - DEBUG - Joint score for alpha[3]: 0.1045
2025-08-16 12:58:17,987 - DEBUG - Joint score for alpha[4]: 0.1023
2025-08-16 12:58:21,503 - DEBUG - Joint score for alpha[5]: 0.1038
2025-08-16 12:58:25,019 - DEBUG - Joint score for alpha[6]: 0.1034
2025-08-16 12:58:28,534 - DEBUG - Joint score for alpha[7]: 0.1022
2025-08-16 12:58:32,050 - DEBUG - Joint score for alpha[8]: 0.1031
2025-08-16 12:58:35,565 - DEBUG - Joint score for alpha[9]: 0.1058
2025-08-16 12:58:39,081 - DEBUG - Joint score for alpha[10]: 0.1019
2025-08-16 12:58:42,596 - DEBUG - Joint score for alpha[11]: 0.1015
2025-08-16 12:58:46,113 - DEBUG - Joint score for alpha[12]: 0.1046
2025-08-16 12:58:49,629 - DEBUG - Joint score for alpha[13]: 0.1026
2025-08-16 12:58:53,146 - DEBUG - Joint score for alpha[14]: 0.1029
2025-08-16 12:58:56,659 - DEBUG - Joint score for alpha[15]: 0.1033
2025-08-16 12:59:03,552 - DEBUG - Joint score for alpha[0]: 0.1027
2025-08-16 12:59:07,068 - DEBUG - Joint score for alpha[1]: 0.1020
2025-08-16 12:59:10,583 - DEBUG - Joint score for alpha[2]: 0.1039
2025-08-16 12:59:14,099 - DEBUG - Joint score for alpha[3]: 0.1015
2025-08-16 12:59:17,613 - DEBUG - Joint score for alpha[4]: 0.1026
2025-08-16 12:59:21,129 - DEBUG - Joint score for alpha[5]: 0.1020
2025-08-16 12:59:24,645 - DEBUG - Joint score for alpha[6]: 0.1019
2025-08-16 12:59:28,161 - DEBUG - Joint score for alpha[7]: 0.1023
2025-08-16 12:59:31,677 - DEBUG - Joint score for alpha[8]: 0.1068
2025-08-16 12:59:35,193 - DEBUG - Joint score for alpha[9]: 0.1020
2025-08-16 12:59:38,709 - DEBUG - Joint score for alpha[10]: 0.1021
2025-08-16 12:59:42,225 - DEBUG - Joint score for alpha[11]: 0.1032
2025-08-16 12:59:45,740 - DEBUG - Joint score for alpha[12]: 0.1018
2025-08-16 12:59:49,255 - DEBUG - Joint score for alpha[13]: 0.1028
2025-08-16 12:59:52,769 - DEBUG - Joint score for alpha[14]: 0.1026
2025-08-16 12:59:56,283 - DEBUG - Joint score for alpha[15]: 0.1016
2025-08-16 13:00:03,043 - DEBUG - Joint score for alpha[0]: 0.1045
2025-08-16 13:00:06,560 - DEBUG - Joint score for alpha[1]: 0.1060
2025-08-16 13:00:10,074 - DEBUG - Joint score for alpha[2]: 0.1021
2025-08-16 13:00:13,588 - DEBUG - Joint score for alpha[3]: 0.1024
2025-08-16 13:00:17,102 - DEBUG - Joint score for alpha[4]: 0.1019
2025-08-16 13:00:20,617 - DEBUG - Joint score for alpha[5]: 0.1025
2025-08-16 13:00:24,132 - DEBUG - Joint score for alpha[6]: 0.1046
2025-08-16 13:00:27,648 - DEBUG - Joint score for alpha[7]: 0.1054
2025-08-16 13:00:31,163 - DEBUG - Joint score for alpha[8]: 0.1052
2025-08-16 13:00:34,679 - DEBUG - Joint score for alpha[9]: 0.1027
2025-08-16 13:00:38,195 - DEBUG - Joint score for alpha[10]: 0.1038
2025-08-16 13:00:41,710 - DEBUG - Joint score for alpha[11]: 0.1034
2025-08-16 13:00:45,226 - DEBUG - Joint score for alpha[12]: 0.1036
2025-08-16 13:00:48,742 - DEBUG - Joint score for alpha[13]: 0.1031
2025-08-16 13:00:52,257 - DEBUG - Joint score for alpha[14]: 0.1019
2025-08-16 13:00:55,774 - DEBUG - Joint score for alpha[15]: 0.1028
2025-08-16 13:00:55,819 - INFO - Step 50/120: mean CRPS=0.1018
2025-08-16 13:00:55,823 - DEBUG - Beginning Gibbs iteration s = 50
2025-08-16 13:00:58,738 - DEBUG - Proposal variance adapted: 0.020
2025-08-16 13:01:05,423 - DEBUG - Joint score for alpha[0]: 0.1186
2025-08-16 13:01:08,936 - DEBUG - Joint score for alpha[1]: 0.1061
2025-08-16 13:01:12,444 - DEBUG - Joint score for alpha[2]: 0.1061
2025-08-16 13:01:15,957 - DEBUG - Joint score for alpha[3]: 0.1076
2025-08-16 13:01:19,468 - DEBUG - Joint score for alpha[4]: 0.1086
2025-08-16 13:01:22,982 - DEBUG - Joint score for alpha[5]: 0.1082
2025-08-16 13:01:26,494 - DEBUG - Joint score for alpha[6]: 0.1176
2025-08-16 13:01:30,007 - DEBUG - Joint score for alpha[7]: 0.1320
2025-08-16 13:01:33,521 - DEBUG - Joint score for alpha[8]: 0.1029
2025-08-16 13:01:37,033 - DEBUG - Joint score for alpha[9]: 0.1023
2025-08-16 13:01:40,544 - DEBUG - Joint score for alpha[10]: 0.1133
2025-08-16 13:01:44,057 - DEBUG - Joint score for alpha[11]: 0.1085
2025-08-16 13:01:47,570 - DEBUG - Joint score for alpha[12]: 0.1184
2025-08-16 13:01:51,083 - DEBUG - Joint score for alpha[13]: 0.1022
2025-08-16 13:01:54,594 - DEBUG - Joint score for alpha[14]: 0.1137
2025-08-16 13:01:58,107 - DEBUG - Joint score for alpha[15]: 0.1093
2025-08-16 13:02:04,841 - DEBUG - Joint score for alpha[0]: 0.1104
2025-08-16 13:02:08,355 - DEBUG - Joint score for alpha[1]: 0.1043
2025-08-16 13:02:11,866 - DEBUG - Joint score for alpha[2]: 0.1016
2025-08-16 13:02:15,379 - DEBUG - Joint score for alpha[3]: 0.1018
2025-08-16 13:02:18,889 - DEBUG - Joint score for alpha[4]: 0.1020
2025-08-16 13:02:22,401 - DEBUG - Joint score for alpha[5]: 0.1086
2025-08-16 13:02:25,913 - DEBUG - Joint score for alpha[6]: 0.1021
2025-08-16 13:02:29,422 - DEBUG - Joint score for alpha[7]: 0.1046
2025-08-16 13:02:32,933 - DEBUG - Joint score for alpha[8]: 0.1034
2025-08-16 13:02:36,445 - DEBUG - Joint score for alpha[9]: 0.1039
2025-08-16 13:02:39,957 - DEBUG - Joint score for alpha[10]: 0.1022
2025-08-16 13:02:43,469 - DEBUG - Joint score for alpha[11]: 0.1033
2025-08-16 13:02:46,980 - DEBUG - Joint score for alpha[12]: 0.1109
2025-08-16 13:02:50,492 - DEBUG - Joint score for alpha[13]: 0.1033
2025-08-16 13:02:54,005 - DEBUG - Joint score for alpha[14]: 0.1019
2025-08-16 13:02:57,518 - DEBUG - Joint score for alpha[15]: 0.1056
2025-08-16 13:03:04,252 - DEBUG - Joint score for alpha[0]: 0.1024
2025-08-16 13:03:07,764 - DEBUG - Joint score for alpha[1]: 0.1027
2025-08-16 13:03:11,272 - DEBUG - Joint score for alpha[2]: 0.1022
2025-08-16 13:03:14,781 - DEBUG - Joint score for alpha[3]: 0.1046
2025-08-16 13:03:18,290 - DEBUG - Joint score for alpha[4]: 0.1030
2025-08-16 13:03:21,799 - DEBUG - Joint score for alpha[5]: 0.1028
2025-08-16 13:03:25,308 - DEBUG - Joint score for alpha[6]: 0.1040
2025-08-16 13:03:28,816 - DEBUG - Joint score for alpha[7]: 0.1013
2025-08-16 13:03:32,326 - DEBUG - Joint score for alpha[8]: 0.1045
2025-08-16 13:03:35,837 - DEBUG - Joint score for alpha[9]: 0.1046
2025-08-16 13:03:39,345 - DEBUG - Joint score for alpha[10]: 0.1018
2025-08-16 13:03:42,856 - DEBUG - Joint score for alpha[11]: 0.1109
2025-08-16 13:03:46,366 - DEBUG - Joint score for alpha[12]: 0.1024
2025-08-16 13:03:49,878 - DEBUG - Joint score for alpha[13]: 0.1022
2025-08-16 13:03:53,388 - DEBUG - Joint score for alpha[14]: 0.1020
2025-08-16 13:03:56,897 - DEBUG - Joint score for alpha[15]: 0.1018
2025-08-16 13:04:03,730 - DEBUG - Joint score for alpha[0]: 0.1036
2025-08-16 13:04:07,243 - DEBUG - Joint score for alpha[1]: 0.1035
2025-08-16 13:04:10,750 - DEBUG - Joint score for alpha[2]: 0.1123
2025-08-16 13:04:14,259 - DEBUG - Joint score for alpha[3]: 0.1026
2025-08-16 13:04:17,767 - DEBUG - Joint score for alpha[4]: 0.1034
2025-08-16 13:04:21,276 - DEBUG - Joint score for alpha[5]: 0.1023
2025-08-16 13:04:24,785 - DEBUG - Joint score for alpha[6]: 0.1039
2025-08-16 13:04:28,292 - DEBUG - Joint score for alpha[7]: 0.1027
2025-08-16 13:04:31,801 - DEBUG - Joint score for alpha[8]: 0.1030
2025-08-16 13:04:35,310 - DEBUG - Joint score for alpha[9]: 0.1024
2025-08-16 13:04:38,819 - DEBUG - Joint score for alpha[10]: 0.1015
2025-08-16 13:04:42,329 - DEBUG - Joint score for alpha[11]: 0.1064
2025-08-16 13:04:45,840 - DEBUG - Joint score for alpha[12]: 0.1023
2025-08-16 13:04:49,351 - DEBUG - Joint score for alpha[13]: 0.1050
2025-08-16 13:04:52,861 - DEBUG - Joint score for alpha[14]: 0.1023
2025-08-16 13:04:56,372 - DEBUG - Joint score for alpha[15]: 0.1031
2025-08-16 13:05:03,222 - DEBUG - Joint score for alpha[0]: 0.1016
2025-08-16 13:05:06,737 - DEBUG - Joint score for alpha[1]: 0.1030
2025-08-16 13:05:10,247 - DEBUG - Joint score for alpha[2]: 0.1060
2025-08-16 13:05:13,757 - DEBUG - Joint score for alpha[3]: 0.1024
2025-08-16 13:05:17,267 - DEBUG - Joint score for alpha[4]: 0.1051
2025-08-16 13:05:20,778 - DEBUG - Joint score for alpha[5]: 0.1026
2025-08-16 13:05:24,294 - DEBUG - Joint score for alpha[6]: 0.1029
2025-08-16 13:05:27,804 - DEBUG - Joint score for alpha[7]: 0.1025
2025-08-16 13:05:31,313 - DEBUG - Joint score for alpha[8]: 0.1023
2025-08-16 13:05:34,822 - DEBUG - Joint score for alpha[9]: 0.1023
2025-08-16 13:05:38,332 - DEBUG - Joint score for alpha[10]: 0.1032
2025-08-16 13:05:41,842 - DEBUG - Joint score for alpha[11]: 0.1013
2025-08-16 13:05:45,352 - DEBUG - Joint score for alpha[12]: 0.1017
2025-08-16 13:05:48,863 - DEBUG - Joint score for alpha[13]: 0.1023
2025-08-16 13:05:52,374 - DEBUG - Joint score for alpha[14]: 0.1053
2025-08-16 13:05:55,886 - DEBUG - Joint score for alpha[15]: 0.1040
2025-08-16 13:05:55,930 - INFO - Step 51/120: mean CRPS=0.1016
2025-08-16 13:05:55,934 - DEBUG - Beginning Gibbs iteration s = 51
2025-08-16 13:06:05,214 - DEBUG - Joint score for alpha[0]: 0.1030
2025-08-16 13:06:08,727 - DEBUG - Joint score for alpha[1]: 0.1039
2025-08-16 13:06:12,235 - DEBUG - Joint score for alpha[2]: 0.1284
2025-08-16 13:06:15,744 - DEBUG - Joint score for alpha[3]: 0.1103
2025-08-16 13:06:19,253 - DEBUG - Joint score for alpha[4]: 0.1091
2025-08-16 13:06:22,763 - DEBUG - Joint score for alpha[5]: 0.1061
2025-08-16 13:06:26,272 - DEBUG - Joint score for alpha[6]: 0.1104
2025-08-16 13:06:29,782 - DEBUG - Joint score for alpha[7]: 0.1269
2025-08-16 13:06:33,292 - DEBUG - Joint score for alpha[8]: 0.1228
2025-08-16 13:06:36,801 - DEBUG - Joint score for alpha[9]: 0.1019
2025-08-16 13:06:40,309 - DEBUG - Joint score for alpha[10]: 0.1031
2025-08-16 13:06:43,820 - DEBUG - Joint score for alpha[11]: 0.1155
2025-08-16 13:06:47,331 - DEBUG - Joint score for alpha[12]: 0.1184
2025-08-16 13:06:50,842 - DEBUG - Joint score for alpha[13]: 0.1045
2025-08-16 13:06:54,352 - DEBUG - Joint score for alpha[14]: 0.1067
2025-08-16 13:06:57,865 - DEBUG - Joint score for alpha[15]: 0.1032
2025-08-16 13:07:04,603 - DEBUG - Joint score for alpha[0]: 0.1103
2025-08-16 13:07:08,119 - DEBUG - Joint score for alpha[1]: 0.1105
2025-08-16 13:07:11,632 - DEBUG - Joint score for alpha[2]: 0.1024
2025-08-16 13:07:15,145 - DEBUG - Joint score for alpha[3]: 0.1026
2025-08-16 13:07:18,658 - DEBUG - Joint score for alpha[4]: 0.1038
2025-08-16 13:07:22,171 - DEBUG - Joint score for alpha[5]: 0.1031
2025-08-16 13:07:25,684 - DEBUG - Joint score for alpha[6]: 0.1024
2025-08-16 13:07:29,196 - DEBUG - Joint score for alpha[7]: 0.1028
2025-08-16 13:07:32,709 - DEBUG - Joint score for alpha[8]: 0.1069
2025-08-16 13:07:36,223 - DEBUG - Joint score for alpha[9]: 0.1039
2025-08-16 13:07:39,736 - DEBUG - Joint score for alpha[10]: 0.1045
2025-08-16 13:07:43,250 - DEBUG - Joint score for alpha[11]: 0.1030
2025-08-16 13:07:46,765 - DEBUG - Joint score for alpha[12]: 0.1054
2025-08-16 13:07:50,280 - DEBUG - Joint score for alpha[13]: 0.1021
2025-08-16 13:07:53,795 - DEBUG - Joint score for alpha[14]: 0.1026
2025-08-16 13:07:57,310 - DEBUG - Joint score for alpha[15]: 0.1052
2025-08-16 13:08:04,058 - DEBUG - Joint score for alpha[0]: 0.1032
2025-08-16 13:08:07,575 - DEBUG - Joint score for alpha[1]: 0.1023
2025-08-16 13:08:11,088 - DEBUG - Joint score for alpha[2]: 0.1029
2025-08-16 13:08:14,602 - DEBUG - Joint score for alpha[3]: 0.1076
2025-08-16 13:08:18,117 - DEBUG - Joint score for alpha[4]: 0.1023
2025-08-16 13:08:21,632 - DEBUG - Joint score for alpha[5]: 0.1024
2025-08-16 13:08:25,145 - DEBUG - Joint score for alpha[6]: 0.1021
2025-08-16 13:08:28,659 - DEBUG - Joint score for alpha[7]: 0.1033
2025-08-16 13:08:32,173 - DEBUG - Joint score for alpha[8]: 0.1019
2025-08-16 13:08:35,687 - DEBUG - Joint score for alpha[9]: 0.1025
2025-08-16 13:08:39,200 - DEBUG - Joint score for alpha[10]: 0.1029
2025-08-16 13:08:42,712 - DEBUG - Joint score for alpha[11]: 0.1023
2025-08-16 13:08:46,224 - DEBUG - Joint score for alpha[12]: 0.1022
2025-08-16 13:08:49,737 - DEBUG - Joint score for alpha[13]: 0.1024
2025-08-16 13:08:53,248 - DEBUG - Joint score for alpha[14]: 0.1036
2025-08-16 13:08:56,761 - DEBUG - Joint score for alpha[15]: 0.1038
2025-08-16 13:09:03,553 - DEBUG - Joint score for alpha[0]: 0.1035
2025-08-16 13:09:07,066 - DEBUG - Joint score for alpha[1]: 0.1056
2025-08-16 13:09:10,576 - DEBUG - Joint score for alpha[2]: 0.1021
2025-08-16 13:09:14,086 - DEBUG - Joint score for alpha[3]: 0.1032
2025-08-16 13:09:17,595 - DEBUG - Joint score for alpha[4]: 0.1021
2025-08-16 13:09:21,105 - DEBUG - Joint score for alpha[5]: 0.1045
2025-08-16 13:09:24,615 - DEBUG - Joint score for alpha[6]: 0.1019
2025-08-16 13:09:28,124 - DEBUG - Joint score for alpha[7]: 0.1039
2025-08-16 13:09:31,634 - DEBUG - Joint score for alpha[8]: 0.1018
2025-08-16 13:09:35,145 - DEBUG - Joint score for alpha[9]: 0.1026
2025-08-16 13:09:38,653 - DEBUG - Joint score for alpha[10]: 0.1019
2025-08-16 13:09:42,936 - DEBUG - Joint score for alpha[11]: 0.1034
2025-08-16 13:09:46,448 - DEBUG - Joint score for alpha[12]: 0.1036
2025-08-16 13:09:49,960 - DEBUG - Joint score for alpha[13]: 0.1018
2025-08-16 13:09:53,471 - DEBUG - Joint score for alpha[14]: 0.1028
2025-08-16 13:09:58,003 - DEBUG - Joint score for alpha[15]: 0.1032
2025-08-16 13:10:04,827 - DEBUG - Joint score for alpha[0]: 0.1026
2025-08-16 13:10:08,341 - DEBUG - Joint score for alpha[1]: 0.1028
2025-08-16 13:10:11,851 - DEBUG - Joint score for alpha[2]: 0.1045
2025-08-16 13:10:15,362 - DEBUG - Joint score for alpha[3]: 0.1022
2025-08-16 13:10:18,872 - DEBUG - Joint score for alpha[4]: 0.1024
2025-08-16 13:10:22,383 - DEBUG - Joint score for alpha[5]: 0.1047
2025-08-16 13:10:25,894 - DEBUG - Joint score for alpha[6]: 0.1034
2025-08-16 13:10:29,404 - DEBUG - Joint score for alpha[7]: 0.1025
2025-08-16 13:10:32,914 - DEBUG - Joint score for alpha[8]: 0.1029
2025-08-16 13:10:36,423 - DEBUG - Joint score for alpha[9]: 0.1032
2025-08-16 13:10:39,932 - DEBUG - Joint score for alpha[10]: 0.1027
2025-08-16 13:10:43,441 - DEBUG - Joint score for alpha[11]: 0.1056
2025-08-16 13:10:46,952 - DEBUG - Joint score for alpha[12]: 0.1052
2025-08-16 13:10:50,462 - DEBUG - Joint score for alpha[13]: 0.1044
2025-08-16 13:10:53,973 - DEBUG - Joint score for alpha[14]: 0.1030
2025-08-16 13:10:57,483 - DEBUG - Joint score for alpha[15]: 0.1044
2025-08-16 13:10:57,528 - INFO - Step 52/120: mean CRPS=0.1020
2025-08-16 13:10:57,532 - DEBUG - Beginning Gibbs iteration s = 52
2025-08-16 13:11:07,047 - DEBUG - Joint score for alpha[0]: 0.1027
2025-08-16 13:11:10,563 - DEBUG - Joint score for alpha[1]: 0.1057
2025-08-16 13:11:14,076 - DEBUG - Joint score for alpha[2]: 0.1175
2025-08-16 13:11:17,590 - DEBUG - Joint score for alpha[3]: 0.1079
2025-08-16 13:11:21,099 - DEBUG - Joint score for alpha[4]: 0.1094
2025-08-16 13:11:24,611 - DEBUG - Joint score for alpha[5]: 0.1082
2025-08-16 13:11:28,123 - DEBUG - Joint score for alpha[6]: 0.1277
2025-08-16 13:11:31,635 - DEBUG - Joint score for alpha[7]: 0.1187
2025-08-16 13:11:35,148 - DEBUG - Joint score for alpha[8]: 0.1038
2025-08-16 13:11:38,660 - DEBUG - Joint score for alpha[9]: 0.1069
2025-08-16 13:11:42,172 - DEBUG - Joint score for alpha[10]: 0.1169
2025-08-16 13:11:45,685 - DEBUG - Joint score for alpha[11]: 0.1017
2025-08-16 13:11:49,197 - DEBUG - Joint score for alpha[12]: 0.1117
2025-08-16 13:11:52,709 - DEBUG - Joint score for alpha[13]: 0.1025
2025-08-16 13:11:56,222 - DEBUG - Joint score for alpha[14]: 0.1222
2025-08-16 13:11:59,736 - DEBUG - Joint score for alpha[15]: 0.1091
2025-08-16 13:12:06,581 - DEBUG - Joint score for alpha[0]: 0.1050
2025-08-16 13:12:10,096 - DEBUG - Joint score for alpha[1]: 0.1078
2025-08-16 13:12:13,609 - DEBUG - Joint score for alpha[2]: 0.1024
2025-08-16 13:12:17,121 - DEBUG - Joint score for alpha[3]: 0.1066
2025-08-16 13:12:20,634 - DEBUG - Joint score for alpha[4]: 0.1085
2025-08-16 13:12:24,148 - DEBUG - Joint score for alpha[5]: 0.1038
2025-08-16 13:12:27,662 - DEBUG - Joint score for alpha[6]: 0.1018
2025-08-16 13:12:31,177 - DEBUG - Joint score for alpha[7]: 0.1032
2025-08-16 13:12:34,691 - DEBUG - Joint score for alpha[8]: 0.1115
2025-08-16 13:12:38,205 - DEBUG - Joint score for alpha[9]: 0.1035
2025-08-16 13:12:41,720 - DEBUG - Joint score for alpha[10]: 0.1046
2025-08-16 13:12:45,234 - DEBUG - Joint score for alpha[11]: 0.1120
2025-08-16 13:12:48,747 - DEBUG - Joint score for alpha[12]: 0.1020
2025-08-16 13:12:52,260 - DEBUG - Joint score for alpha[13]: 0.1022
2025-08-16 13:12:55,773 - DEBUG - Joint score for alpha[14]: 0.1025
2025-08-16 13:12:59,287 - DEBUG - Joint score for alpha[15]: 0.1024
2025-08-16 13:13:06,030 - DEBUG - Joint score for alpha[0]: 0.1020
2025-08-16 13:13:09,546 - DEBUG - Joint score for alpha[1]: 0.1047
2025-08-16 13:13:13,061 - DEBUG - Joint score for alpha[2]: 0.1022
2025-08-16 13:13:16,575 - DEBUG - Joint score for alpha[3]: 0.1021
2025-08-16 13:13:20,089 - DEBUG - Joint score for alpha[4]: 0.1059
2025-08-16 13:13:23,602 - DEBUG - Joint score for alpha[5]: 0.1028
2025-08-16 13:13:27,114 - DEBUG - Joint score for alpha[6]: 0.1036
2025-08-16 13:13:30,626 - DEBUG - Joint score for alpha[7]: 0.1022
2025-08-16 13:13:34,138 - DEBUG - Joint score for alpha[8]: 0.1018
2025-08-16 13:13:37,651 - DEBUG - Joint score for alpha[9]: 0.1024
2025-08-16 13:13:41,167 - DEBUG - Joint score for alpha[10]: 0.1050
2025-08-16 13:13:44,681 - DEBUG - Joint score for alpha[11]: 0.1028
2025-08-16 13:13:48,196 - DEBUG - Joint score for alpha[12]: 0.1021
2025-08-16 13:13:51,710 - DEBUG - Joint score for alpha[13]: 0.1040
2025-08-16 13:13:55,224 - DEBUG - Joint score for alpha[14]: 0.1030
2025-08-16 13:13:58,738 - DEBUG - Joint score for alpha[15]: 0.1021
2025-08-16 13:14:05,471 - DEBUG - Joint score for alpha[0]: 0.1035
2025-08-16 13:14:08,992 - DEBUG - Joint score for alpha[1]: 0.1024
2025-08-16 13:14:12,507 - DEBUG - Joint score for alpha[2]: 0.1025
2025-08-16 13:14:16,025 - DEBUG - Joint score for alpha[3]: 0.1016
2025-08-16 13:14:19,542 - DEBUG - Joint score for alpha[4]: 0.1047
2025-08-16 13:14:23,055 - DEBUG - Joint score for alpha[5]: 0.1041
2025-08-16 13:14:26,569 - DEBUG - Joint score for alpha[6]: 0.1028
2025-08-16 13:14:30,081 - DEBUG - Joint score for alpha[7]: 0.1029
2025-08-16 13:14:33,595 - DEBUG - Joint score for alpha[8]: 0.1037
2025-08-16 13:14:37,108 - DEBUG - Joint score for alpha[9]: 0.1040
2025-08-16 13:14:40,621 - DEBUG - Joint score for alpha[10]: 0.1161
2025-08-16 13:14:44,136 - DEBUG - Joint score for alpha[11]: 0.1050
2025-08-16 13:14:47,650 - DEBUG - Joint score for alpha[12]: 0.1015
2025-08-16 13:14:51,164 - DEBUG - Joint score for alpha[13]: 0.1037
2025-08-16 13:14:54,678 - DEBUG - Joint score for alpha[14]: 0.1017
2025-08-16 13:14:58,192 - DEBUG - Joint score for alpha[15]: 0.1040
2025-08-16 13:15:04,933 - DEBUG - Joint score for alpha[0]: 0.1021
2025-08-16 13:15:08,452 - DEBUG - Joint score for alpha[1]: 0.1016
2025-08-16 13:15:11,970 - DEBUG - Joint score for alpha[2]: 0.1047
2025-08-16 13:15:15,486 - DEBUG - Joint score for alpha[3]: 0.1051
2025-08-16 13:15:19,001 - DEBUG - Joint score for alpha[4]: 0.1020
2025-08-16 13:15:22,519 - DEBUG - Joint score for alpha[5]: 0.1018
2025-08-16 13:15:26,033 - DEBUG - Joint score for alpha[6]: 0.1024
2025-08-16 13:15:29,547 - DEBUG - Joint score for alpha[7]: 0.1029
2025-08-16 13:15:33,060 - DEBUG - Joint score for alpha[8]: 0.1016
2025-08-16 13:15:36,573 - DEBUG - Joint score for alpha[9]: 0.1050
2025-08-16 13:15:40,087 - DEBUG - Joint score for alpha[10]: 0.1024
2025-08-16 13:15:43,600 - DEBUG - Joint score for alpha[11]: 0.1043
2025-08-16 13:15:47,114 - DEBUG - Joint score for alpha[12]: 0.1039
2025-08-16 13:15:50,625 - DEBUG - Joint score for alpha[13]: 0.1014
2025-08-16 13:15:54,136 - DEBUG - Joint score for alpha[14]: 0.1019
2025-08-16 13:15:57,648 - DEBUG - Joint score for alpha[15]: 0.1015
2025-08-16 13:15:57,693 - INFO - Step 53/120: mean CRPS=0.1016
2025-08-16 13:15:57,699 - DEBUG - Beginning Gibbs iteration s = 53
2025-08-16 13:16:06,329 - DEBUG - Joint score for alpha[0]: 0.1165
2025-08-16 13:16:09,844 - DEBUG - Joint score for alpha[1]: 0.1106
2025-08-16 13:16:13,359 - DEBUG - Joint score for alpha[2]: 0.1164
2025-08-16 13:16:16,873 - DEBUG - Joint score for alpha[3]: 0.1043
2025-08-16 13:16:20,387 - DEBUG - Joint score for alpha[4]: 0.1171
2025-08-16 13:16:23,902 - DEBUG - Joint score for alpha[5]: 0.1074
2025-08-16 13:16:27,414 - DEBUG - Joint score for alpha[6]: 0.1244
2025-08-16 13:16:30,926 - DEBUG - Joint score for alpha[7]: 0.1275
2025-08-16 13:16:34,438 - DEBUG - Joint score for alpha[8]: 0.1049
2025-08-16 13:16:37,949 - DEBUG - Joint score for alpha[9]: 0.1056
2025-08-16 13:16:41,461 - DEBUG - Joint score for alpha[10]: 0.1042
2025-08-16 13:16:44,972 - DEBUG - Joint score for alpha[11]: 0.1026
2025-08-16 13:16:48,483 - DEBUG - Joint score for alpha[12]: 0.1050
2025-08-16 13:16:51,994 - DEBUG - Joint score for alpha[13]: 0.1129
2025-08-16 13:16:55,505 - DEBUG - Joint score for alpha[14]: 0.1181
2025-08-16 13:16:59,017 - DEBUG - Joint score for alpha[15]: 0.1018
2025-08-16 13:17:05,959 - DEBUG - Joint score for alpha[0]: 0.1025
2025-08-16 13:17:09,477 - DEBUG - Joint score for alpha[1]: 0.1025
2025-08-16 13:17:12,992 - DEBUG - Joint score for alpha[2]: 0.1020
2025-08-16 13:17:16,507 - DEBUG - Joint score for alpha[3]: 0.1032
2025-08-16 13:17:20,021 - DEBUG - Joint score for alpha[4]: 0.1018
2025-08-16 13:17:23,534 - DEBUG - Joint score for alpha[5]: 0.1032
2025-08-16 13:17:27,047 - DEBUG - Joint score for alpha[6]: 0.1026
2025-08-16 13:17:30,560 - DEBUG - Joint score for alpha[7]: 0.1121
2025-08-16 13:17:34,073 - DEBUG - Joint score for alpha[8]: 0.1106
2025-08-16 13:17:37,585 - DEBUG - Joint score for alpha[9]: 0.1103
2025-08-16 13:17:41,096 - DEBUG - Joint score for alpha[10]: 0.1116
2025-08-16 13:17:44,607 - DEBUG - Joint score for alpha[11]: 0.1019
2025-08-16 13:17:48,120 - DEBUG - Joint score for alpha[12]: 0.1023
2025-08-16 13:17:51,633 - DEBUG - Joint score for alpha[13]: 0.1059
2025-08-16 13:17:55,145 - DEBUG - Joint score for alpha[14]: 0.1036
2025-08-16 13:17:58,658 - DEBUG - Joint score for alpha[15]: 0.1061
2025-08-16 13:18:05,614 - DEBUG - Joint score for alpha[0]: 0.1020
2025-08-16 13:18:09,126 - DEBUG - Joint score for alpha[1]: 0.1026
2025-08-16 13:18:12,639 - DEBUG - Joint score for alpha[2]: 0.1067
2025-08-16 13:18:16,151 - DEBUG - Joint score for alpha[3]: 0.1020
2025-08-16 13:18:19,662 - DEBUG - Joint score for alpha[4]: 0.1017
2025-08-16 13:18:23,175 - DEBUG - Joint score for alpha[5]: 0.1019
2025-08-16 13:18:26,688 - DEBUG - Joint score for alpha[6]: 0.1022
2025-08-16 13:18:30,201 - DEBUG - Joint score for alpha[7]: 0.1022
2025-08-16 13:18:33,713 - DEBUG - Joint score for alpha[8]: 0.1048
2025-08-16 13:18:37,224 - DEBUG - Joint score for alpha[9]: 0.1017
2025-08-16 13:18:40,738 - DEBUG - Joint score for alpha[10]: 0.1042
2025-08-16 13:18:44,249 - DEBUG - Joint score for alpha[11]: 0.1020
2025-08-16 13:18:47,761 - DEBUG - Joint score for alpha[12]: 0.1064
2025-08-16 13:18:51,272 - DEBUG - Joint score for alpha[13]: 0.1043
2025-08-16 13:18:54,784 - DEBUG - Joint score for alpha[14]: 0.1023
2025-08-16 13:18:58,298 - DEBUG - Joint score for alpha[15]: 0.1017
2025-08-16 13:19:05,141 - DEBUG - Joint score for alpha[0]: 0.1025
2025-08-16 13:19:08,654 - DEBUG - Joint score for alpha[1]: 0.1020
2025-08-16 13:19:12,167 - DEBUG - Joint score for alpha[2]: 0.1020
2025-08-16 13:19:15,679 - DEBUG - Joint score for alpha[3]: 0.1026
2025-08-16 13:19:19,191 - DEBUG - Joint score for alpha[4]: 0.1042
2025-08-16 13:19:22,705 - DEBUG - Joint score for alpha[5]: 0.1020
2025-08-16 13:19:26,217 - DEBUG - Joint score for alpha[6]: 0.1021
2025-08-16 13:19:29,730 - DEBUG - Joint score for alpha[7]: 0.1030
2025-08-16 13:19:33,243 - DEBUG - Joint score for alpha[8]: 0.1017
2025-08-16 13:19:36,756 - DEBUG - Joint score for alpha[9]: 0.1031
2025-08-16 13:19:40,269 - DEBUG - Joint score for alpha[10]: 0.1025
2025-08-16 13:19:43,782 - DEBUG - Joint score for alpha[11]: 0.1033
2025-08-16 13:19:47,295 - DEBUG - Joint score for alpha[12]: 0.1031
2025-08-16 13:19:50,808 - DEBUG - Joint score for alpha[13]: 0.1024
2025-08-16 13:19:54,322 - DEBUG - Joint score for alpha[14]: 0.1018
2025-08-16 13:19:57,836 - DEBUG - Joint score for alpha[15]: 0.1017
2025-08-16 13:20:04,587 - DEBUG - Joint score for alpha[0]: 0.1029
2025-08-16 13:20:08,102 - DEBUG - Joint score for alpha[1]: 0.1027
2025-08-16 13:20:11,615 - DEBUG - Joint score for alpha[2]: 0.1028
2025-08-16 13:20:15,130 - DEBUG - Joint score for alpha[3]: 0.1020
2025-08-16 13:20:18,644 - DEBUG - Joint score for alpha[4]: 0.1047
2025-08-16 13:20:22,160 - DEBUG - Joint score for alpha[5]: 0.1017
2025-08-16 13:20:25,675 - DEBUG - Joint score for alpha[6]: 0.1029
2025-08-16 13:20:29,191 - DEBUG - Joint score for alpha[7]: 0.1022
2025-08-16 13:20:32,704 - DEBUG - Joint score for alpha[8]: 0.1067
2025-08-16 13:20:36,219 - DEBUG - Joint score for alpha[9]: 0.1022
2025-08-16 13:20:39,734 - DEBUG - Joint score for alpha[10]: 0.1025
2025-08-16 13:20:43,248 - DEBUG - Joint score for alpha[11]: 0.1022
2025-08-16 13:20:46,762 - DEBUG - Joint score for alpha[12]: 0.1047
2025-08-16 13:20:50,276 - DEBUG - Joint score for alpha[13]: 0.1027
2025-08-16 13:20:53,790 - DEBUG - Joint score for alpha[14]: 0.1030
2025-08-16 13:20:57,304 - DEBUG - Joint score for alpha[15]: 0.1018
2025-08-16 13:20:57,350 - INFO - Step 54/120: mean CRPS=0.1017
2025-08-16 13:20:57,352 - DEBUG - Beginning Gibbs iteration s = 54
2025-08-16 13:21:06,390 - DEBUG - Joint score for alpha[0]: 0.1073
2025-08-16 13:21:09,910 - DEBUG - Joint score for alpha[1]: 0.1018
2025-08-16 13:21:13,426 - DEBUG - Joint score for alpha[2]: 0.1125
2025-08-16 13:21:16,942 - DEBUG - Joint score for alpha[3]: 0.1102
2025-08-16 13:21:20,458 - DEBUG - Joint score for alpha[4]: 0.1049
2025-08-16 13:21:23,974 - DEBUG - Joint score for alpha[5]: 0.1087
2025-08-16 13:21:27,489 - DEBUG - Joint score for alpha[6]: 0.1027
2025-08-16 13:21:31,005 - DEBUG - Joint score for alpha[7]: 0.1021
2025-08-16 13:21:34,518 - DEBUG - Joint score for alpha[8]: 0.1097
2025-08-16 13:21:38,032 - DEBUG - Joint score for alpha[9]: 0.1142
2025-08-16 13:21:41,547 - DEBUG - Joint score for alpha[10]: 0.1067
2025-08-16 13:21:45,059 - DEBUG - Joint score for alpha[11]: 0.1242
2025-08-16 13:21:48,570 - DEBUG - Joint score for alpha[12]: 0.1033
2025-08-16 13:21:52,084 - DEBUG - Joint score for alpha[13]: 0.1058
2025-08-16 13:21:55,597 - DEBUG - Joint score for alpha[14]: 0.1135
2025-08-16 13:21:59,110 - DEBUG - Joint score for alpha[15]: 0.1030
2025-08-16 13:22:06,013 - DEBUG - Joint score for alpha[0]: 0.1015
2025-08-16 13:22:09,532 - DEBUG - Joint score for alpha[1]: 0.1026
2025-08-16 13:22:13,045 - DEBUG - Joint score for alpha[2]: 0.1100
2025-08-16 13:22:16,560 - DEBUG - Joint score for alpha[3]: 0.1109
2025-08-16 13:22:20,073 - DEBUG - Joint score for alpha[4]: 0.1024
2025-08-16 13:22:23,586 - DEBUG - Joint score for alpha[5]: 0.1017
2025-08-16 13:22:27,101 - DEBUG - Joint score for alpha[6]: 0.1024
2025-08-16 13:22:30,614 - DEBUG - Joint score for alpha[7]: 0.1046
2025-08-16 13:22:34,127 - DEBUG - Joint score for alpha[8]: 0.1032
2025-08-16 13:22:37,638 - DEBUG - Joint score for alpha[9]: 0.1032
2025-08-16 13:22:41,150 - DEBUG - Joint score for alpha[10]: 0.1154
2025-08-16 13:22:44,662 - DEBUG - Joint score for alpha[11]: 0.1026
2025-08-16 13:22:48,175 - DEBUG - Joint score for alpha[12]: 0.1032
2025-08-16 13:22:51,689 - DEBUG - Joint score for alpha[13]: 0.1105
2025-08-16 13:22:55,201 - DEBUG - Joint score for alpha[14]: 0.1028
2025-08-16 13:22:58,713 - DEBUG - Joint score for alpha[15]: 0.1106
2025-08-16 13:23:05,636 - DEBUG - Joint score for alpha[0]: 0.1105
2025-08-16 13:23:09,153 - DEBUG - Joint score for alpha[1]: 0.1024
2025-08-16 13:23:12,668 - DEBUG - Joint score for alpha[2]: 0.1122
2025-08-16 13:23:16,183 - DEBUG - Joint score for alpha[3]: 0.1022
2025-08-16 13:23:19,696 - DEBUG - Joint score for alpha[4]: 0.1063
2025-08-16 13:23:23,213 - DEBUG - Joint score for alpha[5]: 0.1027
2025-08-16 13:23:26,727 - DEBUG - Joint score for alpha[6]: 0.1061
2025-08-16 13:23:30,240 - DEBUG - Joint score for alpha[7]: 0.1021
2025-08-16 13:23:33,753 - DEBUG - Joint score for alpha[8]: 0.1030
2025-08-16 13:23:37,265 - DEBUG - Joint score for alpha[9]: 0.1061
2025-08-16 13:23:40,778 - DEBUG - Joint score for alpha[10]: 0.1016
2025-08-16 13:23:44,291 - DEBUG - Joint score for alpha[11]: 0.1020
2025-08-16 13:23:47,805 - DEBUG - Joint score for alpha[12]: 0.1041
2025-08-16 13:23:51,318 - DEBUG - Joint score for alpha[13]: 0.1041
2025-08-16 13:23:54,829 - DEBUG - Joint score for alpha[14]: 0.1025
2025-08-16 13:23:58,341 - DEBUG - Joint score for alpha[15]: 0.1026
2025-08-16 13:24:05,198 - DEBUG - Joint score for alpha[0]: 0.1047
2025-08-16 13:24:08,714 - DEBUG - Joint score for alpha[1]: 0.1022
2025-08-16 13:24:12,229 - DEBUG - Joint score for alpha[2]: 0.1024
2025-08-16 13:24:15,743 - DEBUG - Joint score for alpha[3]: 0.1021
2025-08-16 13:24:19,257 - DEBUG - Joint score for alpha[4]: 0.1021
2025-08-16 13:24:22,773 - DEBUG - Joint score for alpha[5]: 0.1065
2025-08-16 13:24:26,287 - DEBUG - Joint score for alpha[6]: 0.1017
2025-08-16 13:24:29,799 - DEBUG - Joint score for alpha[7]: 0.1035
2025-08-16 13:24:33,312 - DEBUG - Joint score for alpha[8]: 0.1020
2025-08-16 13:24:36,823 - DEBUG - Joint score for alpha[9]: 0.1039
2025-08-16 13:24:40,335 - DEBUG - Joint score for alpha[10]: 0.1027
2025-08-16 13:24:43,847 - DEBUG - Joint score for alpha[11]: 0.1028
2025-08-16 13:24:47,358 - DEBUG - Joint score for alpha[12]: 0.1020
2025-08-16 13:24:50,870 - DEBUG - Joint score for alpha[13]: 0.1019
2025-08-16 13:24:54,381 - DEBUG - Joint score for alpha[14]: 0.1029
2025-08-16 13:24:57,894 - DEBUG - Joint score for alpha[15]: 0.1028
2025-08-16 13:25:04,626 - DEBUG - Joint score for alpha[0]: 0.1013
2025-08-16 13:25:08,142 - DEBUG - Joint score for alpha[1]: 0.1032
2025-08-16 13:25:11,658 - DEBUG - Joint score for alpha[2]: 0.1016
2025-08-16 13:25:15,174 - DEBUG - Joint score for alpha[3]: 0.1033
2025-08-16 13:25:18,688 - DEBUG - Joint score for alpha[4]: 0.1023
2025-08-16 13:25:22,203 - DEBUG - Joint score for alpha[5]: 0.1018
2025-08-16 13:25:25,718 - DEBUG - Joint score for alpha[6]: 0.1021
2025-08-16 13:25:29,233 - DEBUG - Joint score for alpha[7]: 0.1064
2025-08-16 13:25:32,750 - DEBUG - Joint score for alpha[8]: 0.1070
2025-08-16 13:25:36,266 - DEBUG - Joint score for alpha[9]: 0.1019
2025-08-16 13:25:39,783 - DEBUG - Joint score for alpha[10]: 0.1046
2025-08-16 13:25:43,301 - DEBUG - Joint score for alpha[11]: 0.1026
2025-08-16 13:25:46,818 - DEBUG - Joint score for alpha[12]: 0.1028
2025-08-16 13:25:50,334 - DEBUG - Joint score for alpha[13]: 0.1062
2025-08-16 13:25:53,852 - DEBUG - Joint score for alpha[14]: 0.1021
2025-08-16 13:25:57,369 - DEBUG - Joint score for alpha[15]: 0.1018
2025-08-16 13:25:57,414 - INFO - Step 55/120: mean CRPS=0.1016
2025-08-16 13:25:57,418 - DEBUG - Beginning Gibbs iteration s = 55
2025-08-16 13:26:01,264 - DEBUG - Proposal variance adapted: 0.017
2025-08-16 13:26:07,973 - DEBUG - Joint score for alpha[0]: 0.1043
2025-08-16 13:26:11,490 - DEBUG - Joint score for alpha[1]: 0.1133
2025-08-16 13:26:15,008 - DEBUG - Joint score for alpha[2]: 0.1083
2025-08-16 13:26:18,522 - DEBUG - Joint score for alpha[3]: 0.1187
2025-08-16 13:26:22,036 - DEBUG - Joint score for alpha[4]: 0.1121
2025-08-16 13:26:25,552 - DEBUG - Joint score for alpha[5]: 0.1052
2025-08-16 13:26:29,068 - DEBUG - Joint score for alpha[6]: 0.1123
2025-08-16 13:26:32,585 - DEBUG - Joint score for alpha[7]: 0.1124
2025-08-16 13:26:36,102 - DEBUG - Joint score for alpha[8]: 0.1031
2025-08-16 13:26:39,616 - DEBUG - Joint score for alpha[9]: 0.1139
2025-08-16 13:26:43,131 - DEBUG - Joint score for alpha[10]: 0.1187
2025-08-16 13:26:46,644 - DEBUG - Joint score for alpha[11]: 0.1047
2025-08-16 13:26:50,156 - DEBUG - Joint score for alpha[12]: 0.1034
2025-08-16 13:26:53,668 - DEBUG - Joint score for alpha[13]: 0.1041
2025-08-16 13:26:57,181 - DEBUG - Joint score for alpha[14]: 0.1176
2025-08-16 13:27:00,694 - DEBUG - Joint score for alpha[15]: 0.1018
2025-08-16 13:27:07,554 - DEBUG - Joint score for alpha[0]: 0.1306
2025-08-16 13:27:11,071 - DEBUG - Joint score for alpha[1]: 0.1050
2025-08-16 13:27:14,586 - DEBUG - Joint score for alpha[2]: 0.1068
2025-08-16 13:27:18,101 - DEBUG - Joint score for alpha[3]: 0.1063
2025-08-16 13:27:21,614 - DEBUG - Joint score for alpha[4]: 0.1024
2025-08-16 13:27:25,130 - DEBUG - Joint score for alpha[5]: 0.1024
2025-08-16 13:27:28,645 - DEBUG - Joint score for alpha[6]: 0.1165
2025-08-16 13:27:32,159 - DEBUG - Joint score for alpha[7]: 0.1136
2025-08-16 13:27:35,673 - DEBUG - Joint score for alpha[8]: 0.1106
2025-08-16 13:27:39,185 - DEBUG - Joint score for alpha[9]: 0.1037
2025-08-16 13:27:42,699 - DEBUG - Joint score for alpha[10]: 0.1068
2025-08-16 13:27:46,211 - DEBUG - Joint score for alpha[11]: 0.1020
2025-08-16 13:27:49,725 - DEBUG - Joint score for alpha[12]: 0.1158
2025-08-16 13:27:53,237 - DEBUG - Joint score for alpha[13]: 0.1017
2025-08-16 13:27:56,749 - DEBUG - Joint score for alpha[14]: 0.1017
2025-08-16 13:28:00,262 - DEBUG - Joint score for alpha[15]: 0.1023
2025-08-16 13:28:07,175 - DEBUG - Joint score for alpha[0]: 0.1021
2025-08-16 13:28:10,692 - DEBUG - Joint score for alpha[1]: 0.1060
2025-08-16 13:28:14,204 - DEBUG - Joint score for alpha[2]: 0.1023
2025-08-16 13:28:17,720 - DEBUG - Joint score for alpha[3]: 0.1020
2025-08-16 13:28:21,234 - DEBUG - Joint score for alpha[4]: 0.1029
2025-08-16 13:28:24,749 - DEBUG - Joint score for alpha[5]: 0.1024
2025-08-16 13:28:28,264 - DEBUG - Joint score for alpha[6]: 0.1078
2025-08-16 13:28:31,778 - DEBUG - Joint score for alpha[7]: 0.1044
2025-08-16 13:28:35,292 - DEBUG - Joint score for alpha[8]: 0.1021
2025-08-16 13:28:38,804 - DEBUG - Joint score for alpha[9]: 0.1114
2025-08-16 13:28:42,316 - DEBUG - Joint score for alpha[10]: 0.1016
2025-08-16 13:28:45,829 - DEBUG - Joint score for alpha[11]: 0.1082
2025-08-16 13:28:49,342 - DEBUG - Joint score for alpha[12]: 0.1037
2025-08-16 13:28:52,855 - DEBUG - Joint score for alpha[13]: 0.1022
2025-08-16 13:28:56,366 - DEBUG - Joint score for alpha[14]: 0.1081
2025-08-16 13:28:59,878 - DEBUG - Joint score for alpha[15]: 0.1023
2025-08-16 13:29:06,800 - DEBUG - Joint score for alpha[0]: 0.1023
2025-08-16 13:29:10,317 - DEBUG - Joint score for alpha[1]: 0.1031
2025-08-16 13:29:13,831 - DEBUG - Joint score for alpha[2]: 0.1025
2025-08-16 13:29:17,344 - DEBUG - Joint score for alpha[3]: 0.1034
2025-08-16 13:29:20,859 - DEBUG - Joint score for alpha[4]: 0.1022
2025-08-16 13:29:24,374 - DEBUG - Joint score for alpha[5]: 0.1017
2025-08-16 13:29:27,889 - DEBUG - Joint score for alpha[6]: 0.1028
2025-08-16 13:29:31,403 - DEBUG - Joint score for alpha[7]: 0.1044
2025-08-16 13:29:34,917 - DEBUG - Joint score for alpha[8]: 0.1016
2025-08-16 13:29:38,431 - DEBUG - Joint score for alpha[9]: 0.1021
2025-08-16 13:29:41,945 - DEBUG - Joint score for alpha[10]: 0.1024
2025-08-16 13:29:45,459 - DEBUG - Joint score for alpha[11]: 0.1026
2025-08-16 13:29:48,973 - DEBUG - Joint score for alpha[12]: 0.1037
2025-08-16 13:29:52,486 - DEBUG - Joint score for alpha[13]: 0.1028
2025-08-16 13:29:55,998 - DEBUG - Joint score for alpha[14]: 0.1032
2025-08-16 13:29:59,512 - DEBUG - Joint score for alpha[15]: 0.1018
2025-08-16 13:30:06,082 - DEBUG - Joint score for alpha[0]: 0.1073
2025-08-16 13:30:09,597 - DEBUG - Joint score for alpha[1]: 0.1017
2025-08-16 13:30:13,110 - DEBUG - Joint score for alpha[2]: 0.1024
2025-08-16 13:30:16,624 - DEBUG - Joint score for alpha[3]: 0.1023
2025-08-16 13:30:20,137 - DEBUG - Joint score for alpha[4]: 0.1028
2025-08-16 13:30:25,009 - DEBUG - Joint score for alpha[5]: 0.1027
2025-08-16 13:30:28,523 - DEBUG - Joint score for alpha[6]: 0.1030
2025-08-16 13:30:32,035 - DEBUG - Joint score for alpha[7]: 0.1037
2025-08-16 13:30:35,549 - DEBUG - Joint score for alpha[8]: 0.1041
2025-08-16 13:30:39,064 - DEBUG - Joint score for alpha[9]: 0.1038
2025-08-16 13:30:42,579 - DEBUG - Joint score for alpha[10]: 0.1062
2025-08-16 13:30:46,095 - DEBUG - Joint score for alpha[11]: 0.1039
2025-08-16 13:30:49,610 - DEBUG - Joint score for alpha[12]: 0.1025
2025-08-16 13:30:53,125 - DEBUG - Joint score for alpha[13]: 0.1039
2025-08-16 13:30:56,640 - DEBUG - Joint score for alpha[14]: 0.1045
2025-08-16 13:31:00,156 - DEBUG - Joint score for alpha[15]: 0.1032
2025-08-16 13:31:00,201 - INFO - Step 56/120: mean CRPS=0.1017
2025-08-16 13:31:00,205 - DEBUG - Beginning Gibbs iteration s = 56
2025-08-16 13:31:09,910 - DEBUG - Joint score for alpha[0]: 0.2132
2025-08-16 13:31:13,425 - DEBUG - Joint score for alpha[1]: 0.1022
2025-08-16 13:31:16,936 - DEBUG - Joint score for alpha[2]: 0.1022
2025-08-16 13:31:20,449 - DEBUG - Joint score for alpha[3]: 0.1209
2025-08-16 13:31:23,961 - DEBUG - Joint score for alpha[4]: 0.1024
2025-08-16 13:31:27,474 - DEBUG - Joint score for alpha[5]: 0.1027
2025-08-16 13:31:30,986 - DEBUG - Joint score for alpha[6]: 0.1074
2025-08-16 13:31:34,498 - DEBUG - Joint score for alpha[7]: 0.1083
2025-08-16 13:31:38,012 - DEBUG - Joint score for alpha[8]: 0.1166
2025-08-16 13:31:41,526 - DEBUG - Joint score for alpha[9]: 0.1196
2025-08-16 13:31:45,038 - DEBUG - Joint score for alpha[10]: 0.1133
2025-08-16 13:31:48,551 - DEBUG - Joint score for alpha[11]: 0.1064
2025-08-16 13:31:52,063 - DEBUG - Joint score for alpha[12]: 0.1106
2025-08-16 13:31:55,576 - DEBUG - Joint score for alpha[13]: 0.1023
2025-08-16 13:31:59,086 - DEBUG - Joint score for alpha[14]: 0.1158
2025-08-16 13:32:02,599 - DEBUG - Joint score for alpha[15]: 0.1020
2025-08-16 13:32:09,204 - DEBUG - Joint score for alpha[0]: 0.1082
2025-08-16 13:32:12,718 - DEBUG - Joint score for alpha[1]: 0.1043
2025-08-16 13:32:16,228 - DEBUG - Joint score for alpha[2]: 0.1127
2025-08-16 13:32:19,739 - DEBUG - Joint score for alpha[3]: 0.1042
2025-08-16 13:32:23,250 - DEBUG - Joint score for alpha[4]: 0.1128
2025-08-16 13:32:26,762 - DEBUG - Joint score for alpha[5]: 0.1065
2025-08-16 13:32:31,504 - DEBUG - Joint score for alpha[6]: 0.1022
2025-08-16 13:32:35,015 - DEBUG - Joint score for alpha[7]: 0.1029
2025-08-16 13:32:38,526 - DEBUG - Joint score for alpha[8]: 0.1023
2025-08-16 13:32:42,037 - DEBUG - Joint score for alpha[9]: 0.1020
2025-08-16 13:32:45,548 - DEBUG - Joint score for alpha[10]: 0.1026
2025-08-16 13:32:49,057 - DEBUG - Joint score for alpha[11]: 0.1022
2025-08-16 13:32:52,567 - DEBUG - Joint score for alpha[12]: 0.1027
2025-08-16 13:32:56,079 - DEBUG - Joint score for alpha[13]: 0.1056
2025-08-16 13:32:59,589 - DEBUG - Joint score for alpha[14]: 0.1020
2025-08-16 13:33:03,100 - DEBUG - Joint score for alpha[15]: 0.1084
2025-08-16 13:33:09,907 - DEBUG - Joint score for alpha[0]: 0.1054
2025-08-16 13:33:13,420 - DEBUG - Joint score for alpha[1]: 0.1024
2025-08-16 13:33:16,930 - DEBUG - Joint score for alpha[2]: 0.1065
2025-08-16 13:33:20,440 - DEBUG - Joint score for alpha[3]: 0.1088
2025-08-16 13:33:23,950 - DEBUG - Joint score for alpha[4]: 0.1015
2025-08-16 13:33:27,463 - DEBUG - Joint score for alpha[5]: 0.1026
2025-08-16 13:33:30,974 - DEBUG - Joint score for alpha[6]: 0.1028
2025-08-16 13:33:34,486 - DEBUG - Joint score for alpha[7]: 0.1028
2025-08-16 13:33:37,997 - DEBUG - Joint score for alpha[8]: 0.1039
2025-08-16 13:33:41,507 - DEBUG - Joint score for alpha[9]: 0.1026
2025-08-16 13:33:45,018 - DEBUG - Joint score for alpha[10]: 0.1042
2025-08-16 13:33:48,529 - DEBUG - Joint score for alpha[11]: 0.1021
2025-08-16 13:33:52,041 - DEBUG - Joint score for alpha[12]: 0.1028
2025-08-16 13:33:55,554 - DEBUG - Joint score for alpha[13]: 0.1028
2025-08-16 13:33:59,065 - DEBUG - Joint score for alpha[14]: 0.1026
2025-08-16 13:34:02,577 - DEBUG - Joint score for alpha[15]: 0.1019
2025-08-16 13:34:09,419 - DEBUG - Joint score for alpha[0]: 0.1037
2025-08-16 13:34:12,934 - DEBUG - Joint score for alpha[1]: 0.1025
2025-08-16 13:34:16,445 - DEBUG - Joint score for alpha[2]: 0.1039
2025-08-16 13:34:19,956 - DEBUG - Joint score for alpha[3]: 0.1023
2025-08-16 13:34:23,467 - DEBUG - Joint score for alpha[4]: 0.1027
2025-08-16 13:34:26,984 - DEBUG - Joint score for alpha[5]: 0.1028
2025-08-16 13:34:30,494 - DEBUG - Joint score for alpha[6]: 0.1143
2025-08-16 13:34:34,005 - DEBUG - Joint score for alpha[7]: 0.1028
2025-08-16 13:34:37,516 - DEBUG - Joint score for alpha[8]: 0.1029
2025-08-16 13:34:41,029 - DEBUG - Joint score for alpha[9]: 0.1025
2025-08-16 13:34:44,540 - DEBUG - Joint score for alpha[10]: 0.1031
2025-08-16 13:34:48,052 - DEBUG - Joint score for alpha[11]: 0.1032
2025-08-16 13:34:51,564 - DEBUG - Joint score for alpha[12]: 0.1028
2025-08-16 13:34:55,077 - DEBUG - Joint score for alpha[13]: 0.1019
2025-08-16 13:34:58,589 - DEBUG - Joint score for alpha[14]: 0.1041
2025-08-16 13:35:02,100 - DEBUG - Joint score for alpha[15]: 0.1023
2025-08-16 13:35:08,679 - DEBUG - Joint score for alpha[0]: 0.1018
2025-08-16 13:35:12,193 - DEBUG - Joint score for alpha[1]: 0.1025
2025-08-16 13:35:15,703 - DEBUG - Joint score for alpha[2]: 0.1063
2025-08-16 13:35:19,215 - DEBUG - Joint score for alpha[3]: 0.1045
2025-08-16 13:35:22,725 - DEBUG - Joint score for alpha[4]: 0.1019
2025-08-16 13:35:26,238 - DEBUG - Joint score for alpha[5]: 0.1037
2025-08-16 13:35:29,748 - DEBUG - Joint score for alpha[6]: 0.1048
2025-08-16 13:35:33,259 - DEBUG - Joint score for alpha[7]: 0.1028
2025-08-16 13:35:36,769 - DEBUG - Joint score for alpha[8]: 0.1021
2025-08-16 13:35:40,281 - DEBUG - Joint score for alpha[9]: 0.1048
2025-08-16 13:35:43,791 - DEBUG - Joint score for alpha[10]: 0.1062
2025-08-16 13:35:47,302 - DEBUG - Joint score for alpha[11]: 0.1053
2025-08-16 13:35:50,814 - DEBUG - Joint score for alpha[12]: 0.1034
2025-08-16 13:35:54,327 - DEBUG - Joint score for alpha[13]: 0.1029
2025-08-16 13:35:57,839 - DEBUG - Joint score for alpha[14]: 0.1022
2025-08-16 13:36:01,353 - DEBUG - Joint score for alpha[15]: 0.1025
2025-08-16 13:36:01,398 - INFO - Step 57/120: mean CRPS=0.1018
2025-08-16 13:36:01,402 - DEBUG - Beginning Gibbs iteration s = 57
2025-08-16 13:36:10,735 - DEBUG - Joint score for alpha[0]: 0.1276
2025-08-16 13:36:14,249 - DEBUG - Joint score for alpha[1]: 0.1020
2025-08-16 13:36:17,761 - DEBUG - Joint score for alpha[2]: 0.1074
2025-08-16 13:36:21,272 - DEBUG - Joint score for alpha[3]: 0.1180
2025-08-16 13:36:24,783 - DEBUG - Joint score for alpha[4]: 0.1063
2025-08-16 13:36:28,294 - DEBUG - Joint score for alpha[5]: 0.1144
2025-08-16 13:36:31,805 - DEBUG - Joint score for alpha[6]: 0.1220
2025-08-16 13:36:35,317 - DEBUG - Joint score for alpha[7]: 0.1125
2025-08-16 13:36:38,828 - DEBUG - Joint score for alpha[8]: 0.1102
2025-08-16 13:36:42,340 - DEBUG - Joint score for alpha[9]: 0.1059
2025-08-16 13:36:45,852 - DEBUG - Joint score for alpha[10]: 0.1182
2025-08-16 13:36:49,364 - DEBUG - Joint score for alpha[11]: 0.1094
2025-08-16 13:36:52,876 - DEBUG - Joint score for alpha[12]: 0.1023
2025-08-16 13:36:56,387 - DEBUG - Joint score for alpha[13]: 0.1074
2025-08-16 13:36:59,901 - DEBUG - Joint score for alpha[14]: 0.1062
2025-08-16 13:37:03,412 - DEBUG - Joint score for alpha[15]: 0.1081
2025-08-16 13:37:10,002 - DEBUG - Joint score for alpha[0]: 0.1030
2025-08-16 13:37:13,515 - DEBUG - Joint score for alpha[1]: 0.1028
2025-08-16 13:37:17,025 - DEBUG - Joint score for alpha[2]: 0.1024
2025-08-16 13:37:20,536 - DEBUG - Joint score for alpha[3]: 0.1030
2025-08-16 13:37:24,047 - DEBUG - Joint score for alpha[4]: 0.1026
2025-08-16 13:37:27,558 - DEBUG - Joint score for alpha[5]: 0.1142
2025-08-16 13:37:31,070 - DEBUG - Joint score for alpha[6]: 0.1060
2025-08-16 13:37:34,581 - DEBUG - Joint score for alpha[7]: 0.1061
2025-08-16 13:37:38,094 - DEBUG - Joint score for alpha[8]: 0.1172
2025-08-16 13:37:41,606 - DEBUG - Joint score for alpha[9]: 0.1032
2025-08-16 13:37:45,118 - DEBUG - Joint score for alpha[10]: 0.1023
2025-08-16 13:37:48,631 - DEBUG - Joint score for alpha[11]: 0.1027
2025-08-16 13:37:52,144 - DEBUG - Joint score for alpha[12]: 0.1066
2025-08-16 13:37:55,658 - DEBUG - Joint score for alpha[13]: 0.1026
2025-08-16 13:37:59,172 - DEBUG - Joint score for alpha[14]: 0.1049
2025-08-16 13:38:02,685 - DEBUG - Joint score for alpha[15]: 0.1022
2025-08-16 13:38:09,488 - DEBUG - Joint score for alpha[0]: 0.1062
2025-08-16 13:38:13,002 - DEBUG - Joint score for alpha[1]: 0.1027
2025-08-16 13:38:16,514 - DEBUG - Joint score for alpha[2]: 0.1029
2025-08-16 13:38:20,027 - DEBUG - Joint score for alpha[3]: 0.1138
2025-08-16 13:38:23,540 - DEBUG - Joint score for alpha[4]: 0.1022
2025-08-16 13:38:27,054 - DEBUG - Joint score for alpha[5]: 0.1024
2025-08-16 13:38:30,567 - DEBUG - Joint score for alpha[6]: 0.1026
2025-08-16 13:38:34,078 - DEBUG - Joint score for alpha[7]: 0.1102
2025-08-16 13:38:37,588 - DEBUG - Joint score for alpha[8]: 0.1023
2025-08-16 13:38:41,100 - DEBUG - Joint score for alpha[9]: 0.1020
2025-08-16 13:38:44,610 - DEBUG - Joint score for alpha[10]: 0.1020
2025-08-16 13:38:48,120 - DEBUG - Joint score for alpha[11]: 0.1053
2025-08-16 13:38:51,632 - DEBUG - Joint score for alpha[12]: 0.1042
2025-08-16 13:38:55,143 - DEBUG - Joint score for alpha[13]: 0.1024
2025-08-16 13:38:58,653 - DEBUG - Joint score for alpha[14]: 0.1028
2025-08-16 13:39:02,165 - DEBUG - Joint score for alpha[15]: 0.1173
2025-08-16 13:39:08,971 - DEBUG - Joint score for alpha[0]: 0.1030
2025-08-16 13:39:12,487 - DEBUG - Joint score for alpha[1]: 0.1031
2025-08-16 13:39:15,999 - DEBUG - Joint score for alpha[2]: 0.1024
2025-08-16 13:39:19,512 - DEBUG - Joint score for alpha[3]: 0.1040
2025-08-16 13:39:23,023 - DEBUG - Joint score for alpha[4]: 0.1021
2025-08-16 13:39:26,534 - DEBUG - Joint score for alpha[5]: 0.1024
2025-08-16 13:39:30,044 - DEBUG - Joint score for alpha[6]: 0.1026
2025-08-16 13:39:33,553 - DEBUG - Joint score for alpha[7]: 0.1040
2025-08-16 13:39:37,063 - DEBUG - Joint score for alpha[8]: 0.1060
2025-08-16 13:39:40,574 - DEBUG - Joint score for alpha[9]: 0.1040
2025-08-16 13:39:44,083 - DEBUG - Joint score for alpha[10]: 0.1027
2025-08-16 13:39:47,593 - DEBUG - Joint score for alpha[11]: 0.1031
2025-08-16 13:39:51,104 - DEBUG - Joint score for alpha[12]: 0.1039
2025-08-16 13:39:54,614 - DEBUG - Joint score for alpha[13]: 0.1034
2025-08-16 13:39:58,124 - DEBUG - Joint score for alpha[14]: 0.1027
2025-08-16 13:40:01,634 - DEBUG - Joint score for alpha[15]: 0.1117
2025-08-16 13:40:08,224 - DEBUG - Joint score for alpha[0]: 0.1032
2025-08-16 13:40:11,739 - DEBUG - Joint score for alpha[1]: 0.1028
2025-08-16 13:40:15,250 - DEBUG - Joint score for alpha[2]: 0.1074
2025-08-16 13:40:18,761 - DEBUG - Joint score for alpha[3]: 0.1021
2025-08-16 13:40:22,273 - DEBUG - Joint score for alpha[4]: 0.1046
2025-08-16 13:40:25,785 - DEBUG - Joint score for alpha[5]: 0.1024
2025-08-16 13:40:29,295 - DEBUG - Joint score for alpha[6]: 0.1067
2025-08-16 13:40:32,806 - DEBUG - Joint score for alpha[7]: 0.1026
2025-08-16 13:40:36,319 - DEBUG - Joint score for alpha[8]: 0.1036
2025-08-16 13:40:39,832 - DEBUG - Joint score for alpha[9]: 0.1032
2025-08-16 13:40:43,345 - DEBUG - Joint score for alpha[10]: 0.1039
2025-08-16 13:40:46,857 - DEBUG - Joint score for alpha[11]: 0.1022
2025-08-16 13:40:50,371 - DEBUG - Joint score for alpha[12]: 0.1043
2025-08-16 13:40:53,884 - DEBUG - Joint score for alpha[13]: 0.1025
2025-08-16 13:40:57,397 - DEBUG - Joint score for alpha[14]: 0.1021
2025-08-16 13:41:00,911 - DEBUG - Joint score for alpha[15]: 0.1025
2025-08-16 13:41:00,955 - INFO - Step 58/120: mean CRPS=0.1021
2025-08-16 13:41:00,958 - DEBUG - Beginning Gibbs iteration s = 58
2025-08-16 13:41:10,512 - DEBUG - Joint score for alpha[0]: 0.1110
2025-08-16 13:41:14,027 - DEBUG - Joint score for alpha[1]: 0.1024
2025-08-16 13:41:17,538 - DEBUG - Joint score for alpha[2]: 0.1289
2025-08-16 13:41:21,050 - DEBUG - Joint score for alpha[3]: 0.1031
2025-08-16 13:41:24,562 - DEBUG - Joint score for alpha[4]: 0.1113
2025-08-16 13:41:28,074 - DEBUG - Joint score for alpha[5]: 0.1043
2025-08-16 13:41:31,585 - DEBUG - Joint score for alpha[6]: 0.1029
2025-08-16 13:41:35,097 - DEBUG - Joint score for alpha[7]: 0.1074
2025-08-16 13:41:38,609 - DEBUG - Joint score for alpha[8]: 0.1145
2025-08-16 13:41:42,119 - DEBUG - Joint score for alpha[9]: 0.1030
2025-08-16 13:41:45,629 - DEBUG - Joint score for alpha[10]: 0.1257
2025-08-16 13:41:49,138 - DEBUG - Joint score for alpha[11]: 0.1248
2025-08-16 13:41:52,648 - DEBUG - Joint score for alpha[12]: 0.1105
2025-08-16 13:41:56,158 - DEBUG - Joint score for alpha[13]: 0.1179
2025-08-16 13:41:59,668 - DEBUG - Joint score for alpha[14]: 0.1025
2025-08-16 13:42:03,180 - DEBUG - Joint score for alpha[15]: 0.1111
2025-08-16 13:42:09,968 - DEBUG - Joint score for alpha[0]: 0.1023
2025-08-16 13:42:13,482 - DEBUG - Joint score for alpha[1]: 0.1079
2025-08-16 13:42:16,991 - DEBUG - Joint score for alpha[2]: 0.1024
2025-08-16 13:42:20,501 - DEBUG - Joint score for alpha[3]: 0.1072
2025-08-16 13:42:24,011 - DEBUG - Joint score for alpha[4]: 0.1108
2025-08-16 13:42:27,522 - DEBUG - Joint score for alpha[5]: 0.1024
2025-08-16 13:42:31,033 - DEBUG - Joint score for alpha[6]: 0.1057
2025-08-16 13:42:34,544 - DEBUG - Joint score for alpha[7]: 0.1076
2025-08-16 13:42:38,055 - DEBUG - Joint score for alpha[8]: 0.1027
2025-08-16 13:42:41,567 - DEBUG - Joint score for alpha[9]: 0.1029
2025-08-16 13:42:45,078 - DEBUG - Joint score for alpha[10]: 0.1045
2025-08-16 13:42:48,591 - DEBUG - Joint score for alpha[11]: 0.1153
2025-08-16 13:42:52,104 - DEBUG - Joint score for alpha[12]: 0.1063
2025-08-16 13:42:55,617 - DEBUG - Joint score for alpha[13]: 0.1026
2025-08-16 13:42:59,128 - DEBUG - Joint score for alpha[14]: 0.1041
2025-08-16 13:43:02,639 - DEBUG - Joint score for alpha[15]: 0.1035
2025-08-16 13:43:09,342 - DEBUG - Joint score for alpha[0]: 0.1023
2025-08-16 13:43:12,856 - DEBUG - Joint score for alpha[1]: 0.1027
2025-08-16 13:43:16,365 - DEBUG - Joint score for alpha[2]: 0.1031
2025-08-16 13:43:19,877 - DEBUG - Joint score for alpha[3]: 0.1020
2025-08-16 13:43:23,387 - DEBUG - Joint score for alpha[4]: 0.1033
2025-08-16 13:43:26,899 - DEBUG - Joint score for alpha[5]: 0.1019
2025-08-16 13:43:30,411 - DEBUG - Joint score for alpha[6]: 0.1026
2025-08-16 13:43:33,923 - DEBUG - Joint score for alpha[7]: 0.1024
2025-08-16 13:43:37,435 - DEBUG - Joint score for alpha[8]: 0.1044
2025-08-16 13:43:40,948 - DEBUG - Joint score for alpha[9]: 0.1027
2025-08-16 13:43:44,460 - DEBUG - Joint score for alpha[10]: 0.1116
2025-08-16 13:43:47,974 - DEBUG - Joint score for alpha[11]: 0.1030
2025-08-16 13:43:51,486 - DEBUG - Joint score for alpha[12]: 0.1035
2025-08-16 13:43:55,000 - DEBUG - Joint score for alpha[13]: 0.1029
2025-08-16 13:43:58,512 - DEBUG - Joint score for alpha[14]: 0.1028
2025-08-16 13:44:02,025 - DEBUG - Joint score for alpha[15]: 0.1097
2025-08-16 13:44:08,715 - DEBUG - Joint score for alpha[0]: 0.1101
2025-08-16 13:44:12,227 - DEBUG - Joint score for alpha[1]: 0.1022
2025-08-16 13:44:15,734 - DEBUG - Joint score for alpha[2]: 0.1025
2025-08-16 13:44:19,243 - DEBUG - Joint score for alpha[3]: 0.1021
2025-08-16 13:44:22,752 - DEBUG - Joint score for alpha[4]: 0.1038
2025-08-16 13:44:26,263 - DEBUG - Joint score for alpha[5]: 0.1033
2025-08-16 13:44:29,772 - DEBUG - Joint score for alpha[6]: 0.1026
2025-08-16 13:44:33,282 - DEBUG - Joint score for alpha[7]: 0.1026
2025-08-16 13:44:36,792 - DEBUG - Joint score for alpha[8]: 0.1020
2025-08-16 13:44:40,302 - DEBUG - Joint score for alpha[9]: 0.1022
2025-08-16 13:44:43,813 - DEBUG - Joint score for alpha[10]: 0.1040
2025-08-16 13:44:47,325 - DEBUG - Joint score for alpha[11]: 0.1024
2025-08-16 13:44:50,838 - DEBUG - Joint score for alpha[12]: 0.1042
2025-08-16 13:44:54,350 - DEBUG - Joint score for alpha[13]: 0.1022
2025-08-16 13:44:57,862 - DEBUG - Joint score for alpha[14]: 0.1024
2025-08-16 13:45:01,376 - DEBUG - Joint score for alpha[15]: 0.1028
2025-08-16 13:45:07,976 - DEBUG - Joint score for alpha[0]: 0.1029
2025-08-16 13:45:11,490 - DEBUG - Joint score for alpha[1]: 0.1022
2025-08-16 13:45:15,000 - DEBUG - Joint score for alpha[2]: 0.1023
2025-08-16 13:45:18,510 - DEBUG - Joint score for alpha[3]: 0.1024
2025-08-16 13:45:22,020 - DEBUG - Joint score for alpha[4]: 0.1047
2025-08-16 13:45:25,530 - DEBUG - Joint score for alpha[5]: 0.1034
2025-08-16 13:45:29,040 - DEBUG - Joint score for alpha[6]: 0.1029
2025-08-16 13:45:32,550 - DEBUG - Joint score for alpha[7]: 0.1034
2025-08-16 13:45:36,061 - DEBUG - Joint score for alpha[8]: 0.1074
2025-08-16 13:45:39,570 - DEBUG - Joint score for alpha[9]: 0.1080
2025-08-16 13:45:43,081 - DEBUG - Joint score for alpha[10]: 0.1038
2025-08-16 13:45:46,591 - DEBUG - Joint score for alpha[11]: 0.1043
2025-08-16 13:45:50,101 - DEBUG - Joint score for alpha[12]: 0.1034
2025-08-16 13:45:53,610 - DEBUG - Joint score for alpha[13]: 0.1044
2025-08-16 13:45:57,118 - DEBUG - Joint score for alpha[14]: 0.1049
2025-08-16 13:46:00,628 - DEBUG - Joint score for alpha[15]: 0.1022
2025-08-16 13:46:00,672 - INFO - Step 59/120: mean CRPS=0.1022
2025-08-16 13:46:00,677 - DEBUG - Beginning Gibbs iteration s = 59
2025-08-16 13:46:09,602 - DEBUG - Joint score for alpha[0]: 0.1331
2025-08-16 13:46:13,113 - DEBUG - Joint score for alpha[1]: 0.1218
2025-08-16 13:46:16,620 - DEBUG - Joint score for alpha[2]: 0.1125
2025-08-16 13:46:20,128 - DEBUG - Joint score for alpha[3]: 0.1062
2025-08-16 13:46:23,635 - DEBUG - Joint score for alpha[4]: 0.1107
2025-08-16 13:46:27,144 - DEBUG - Joint score for alpha[5]: 0.1080
2025-08-16 13:46:30,652 - DEBUG - Joint score for alpha[6]: 0.1051
2025-08-16 13:46:34,159 - DEBUG - Joint score for alpha[7]: 0.1034
2025-08-16 13:46:37,667 - DEBUG - Joint score for alpha[8]: 0.1335
2025-08-16 13:46:41,176 - DEBUG - Joint score for alpha[9]: 0.1167
2025-08-16 13:46:44,683 - DEBUG - Joint score for alpha[10]: 0.1026
2025-08-16 13:46:48,191 - DEBUG - Joint score for alpha[11]: 0.1132
2025-08-16 13:46:51,701 - DEBUG - Joint score for alpha[12]: 0.1033
2025-08-16 13:46:55,210 - DEBUG - Joint score for alpha[13]: 0.1417
2025-08-16 13:46:58,718 - DEBUG - Joint score for alpha[14]: 0.1033
2025-08-16 13:47:02,228 - DEBUG - Joint score for alpha[15]: 0.1055
2025-08-16 13:47:09,070 - DEBUG - Joint score for alpha[0]: 0.1060
2025-08-16 13:47:12,585 - DEBUG - Joint score for alpha[1]: 0.1097
2025-08-16 13:47:16,096 - DEBUG - Joint score for alpha[2]: 0.1049
2025-08-16 13:47:19,608 - DEBUG - Joint score for alpha[3]: 0.1038
2025-08-16 13:47:23,117 - DEBUG - Joint score for alpha[4]: 0.1089
2025-08-16 13:47:26,625 - DEBUG - Joint score for alpha[5]: 0.1033
2025-08-16 13:47:30,133 - DEBUG - Joint score for alpha[6]: 0.1027
2025-08-16 13:47:33,642 - DEBUG - Joint score for alpha[7]: 0.1035
2025-08-16 13:47:37,151 - DEBUG - Joint score for alpha[8]: 0.1037
2025-08-16 13:47:40,660 - DEBUG - Joint score for alpha[9]: 0.1052
2025-08-16 13:47:44,168 - DEBUG - Joint score for alpha[10]: 0.1023
2025-08-16 13:47:47,677 - DEBUG - Joint score for alpha[11]: 0.1025
2025-08-16 13:47:51,187 - DEBUG - Joint score for alpha[12]: 0.1431
2025-08-16 13:47:54,696 - DEBUG - Joint score for alpha[13]: 0.1118
2025-08-16 13:47:58,206 - DEBUG - Joint score for alpha[14]: 0.1025
2025-08-16 13:48:01,717 - DEBUG - Joint score for alpha[15]: 0.1055
2025-08-16 13:48:08,307 - DEBUG - Joint score for alpha[0]: 0.1026
2025-08-16 13:48:11,822 - DEBUG - Joint score for alpha[1]: 0.1031
2025-08-16 13:48:15,332 - DEBUG - Joint score for alpha[2]: 0.1025
2025-08-16 13:48:18,840 - DEBUG - Joint score for alpha[3]: 0.1036
2025-08-16 13:48:22,349 - DEBUG - Joint score for alpha[4]: 0.1028
2025-08-16 13:48:25,858 - DEBUG - Joint score for alpha[5]: 0.1029
2025-08-16 13:48:29,367 - DEBUG - Joint score for alpha[6]: 0.1036
2025-08-16 13:48:32,877 - DEBUG - Joint score for alpha[7]: 0.1029
2025-08-16 13:48:36,386 - DEBUG - Joint score for alpha[8]: 0.1034
2025-08-16 13:48:39,897 - DEBUG - Joint score for alpha[9]: 0.1040
2025-08-16 13:48:43,407 - DEBUG - Joint score for alpha[10]: 0.1023
2025-08-16 13:48:46,919 - DEBUG - Joint score for alpha[11]: 0.1024
2025-08-16 13:48:50,431 - DEBUG - Joint score for alpha[12]: 0.1036
2025-08-16 13:48:53,943 - DEBUG - Joint score for alpha[13]: 0.1031
2025-08-16 13:48:57,455 - DEBUG - Joint score for alpha[14]: 0.1037
2025-08-16 13:49:00,966 - DEBUG - Joint score for alpha[15]: 0.1041
2025-08-16 13:49:07,550 - DEBUG - Joint score for alpha[0]: 0.1029
2025-08-16 13:49:11,067 - DEBUG - Joint score for alpha[1]: 0.1040
2025-08-16 13:49:14,576 - DEBUG - Joint score for alpha[2]: 0.1095
2025-08-16 13:49:18,086 - DEBUG - Joint score for alpha[3]: 0.1020
2025-08-16 13:49:21,597 - DEBUG - Joint score for alpha[4]: 0.1040
2025-08-16 13:49:25,108 - DEBUG - Joint score for alpha[5]: 0.1028
2025-08-16 13:49:28,619 - DEBUG - Joint score for alpha[6]: 0.1033
2025-08-16 13:49:32,129 - DEBUG - Joint score for alpha[7]: 0.1038
2025-08-16 13:49:35,641 - DEBUG - Joint score for alpha[8]: 0.1022
2025-08-16 13:49:39,151 - DEBUG - Joint score for alpha[9]: 0.1028
2025-08-16 13:49:42,663 - DEBUG - Joint score for alpha[10]: 0.1025
2025-08-16 13:49:46,172 - DEBUG - Joint score for alpha[11]: 0.1031
2025-08-16 13:49:49,679 - DEBUG - Joint score for alpha[12]: 0.1028
2025-08-16 13:49:53,188 - DEBUG - Joint score for alpha[13]: 0.1027
2025-08-16 13:49:56,696 - DEBUG - Joint score for alpha[14]: 0.1029
2025-08-16 13:50:00,204 - DEBUG - Joint score for alpha[15]: 0.1039
2025-08-16 13:50:06,785 - DEBUG - Joint score for alpha[0]: 0.1071
2025-08-16 13:50:10,300 - DEBUG - Joint score for alpha[1]: 0.1028
2025-08-16 13:50:13,811 - DEBUG - Joint score for alpha[2]: 0.1032
2025-08-16 13:50:17,320 - DEBUG - Joint score for alpha[3]: 0.1023
2025-08-16 13:50:20,830 - DEBUG - Joint score for alpha[4]: 0.1070
2025-08-16 13:50:24,339 - DEBUG - Joint score for alpha[5]: 0.1054
2025-08-16 13:50:27,847 - DEBUG - Joint score for alpha[6]: 0.1024
2025-08-16 13:50:31,356 - DEBUG - Joint score for alpha[7]: 0.1065
2025-08-16 13:50:34,865 - DEBUG - Joint score for alpha[8]: 0.1035
2025-08-16 13:50:38,373 - DEBUG - Joint score for alpha[9]: 0.1048
2025-08-16 13:50:41,881 - DEBUG - Joint score for alpha[10]: 0.1035
2025-08-16 13:50:45,389 - DEBUG - Joint score for alpha[11]: 0.1054
2025-08-16 13:50:48,899 - DEBUG - Joint score for alpha[12]: 0.1018
2025-08-16 13:50:52,408 - DEBUG - Joint score for alpha[13]: 0.1028
2025-08-16 13:50:55,917 - DEBUG - Joint score for alpha[14]: 0.1026
2025-08-16 13:50:59,427 - DEBUG - Joint score for alpha[15]: 0.1022
2025-08-16 13:50:59,471 - INFO - Step 60/120: mean CRPS=0.1022
2025-08-16 13:50:59,475 - DEBUG - Beginning Gibbs iteration s = 60
2025-08-16 13:51:02,002 - DEBUG - Proposal variance adapted: 0.014
2025-08-16 13:51:08,743 - DEBUG - Joint score for alpha[0]: 0.1069
2025-08-16 13:51:12,257 - DEBUG - Joint score for alpha[1]: 0.1016
2025-08-16 13:51:15,767 - DEBUG - Joint score for alpha[2]: 0.1422
2025-08-16 13:51:19,278 - DEBUG - Joint score for alpha[3]: 0.1027
2025-08-16 13:51:22,788 - DEBUG - Joint score for alpha[4]: 0.1076
2025-08-16 13:51:26,298 - DEBUG - Joint score for alpha[5]: 0.1020
2025-08-16 13:51:29,807 - DEBUG - Joint score for alpha[6]: 0.1038
2025-08-16 13:51:33,316 - DEBUG - Joint score for alpha[7]: 0.1442
2025-08-16 13:51:36,826 - DEBUG - Joint score for alpha[8]: 0.1027
2025-08-16 13:51:40,336 - DEBUG - Joint score for alpha[9]: 0.1038
2025-08-16 13:51:43,846 - DEBUG - Joint score for alpha[10]: 0.1020
2025-08-16 13:51:47,356 - DEBUG - Joint score for alpha[11]: 0.1205
2025-08-16 13:51:50,867 - DEBUG - Joint score for alpha[12]: 0.1066
2025-08-16 13:51:54,376 - DEBUG - Joint score for alpha[13]: 0.1089
2025-08-16 13:51:57,883 - DEBUG - Joint score for alpha[14]: 0.1182
2025-08-16 13:52:01,392 - DEBUG - Joint score for alpha[15]: 0.1031
2025-08-16 13:52:08,236 - DEBUG - Joint score for alpha[0]: 0.1021
2025-08-16 13:52:11,749 - DEBUG - Joint score for alpha[1]: 0.1074
2025-08-16 13:52:15,259 - DEBUG - Joint score for alpha[2]: 0.1023
2025-08-16 13:52:18,769 - DEBUG - Joint score for alpha[3]: 0.1144
2025-08-16 13:52:22,279 - DEBUG - Joint score for alpha[4]: 0.1076
2025-08-16 13:52:25,790 - DEBUG - Joint score for alpha[5]: 0.1037
2025-08-16 13:52:29,302 - DEBUG - Joint score for alpha[6]: 0.1018
2025-08-16 13:52:32,812 - DEBUG - Joint score for alpha[7]: 0.1052
2025-08-16 13:52:36,319 - DEBUG - Joint score for alpha[8]: 0.1056
2025-08-16 13:52:39,827 - DEBUG - Joint score for alpha[9]: 0.1020
2025-08-16 13:52:43,335 - DEBUG - Joint score for alpha[10]: 0.1033
2025-08-16 13:52:46,844 - DEBUG - Joint score for alpha[11]: 0.1013
2025-08-16 13:52:50,353 - DEBUG - Joint score for alpha[12]: 0.1022
2025-08-16 13:52:53,861 - DEBUG - Joint score for alpha[13]: 0.1023
2025-08-16 13:52:57,368 - DEBUG - Joint score for alpha[14]: 0.1133
2025-08-16 13:53:00,877 - DEBUG - Joint score for alpha[15]: 0.1040
2025-08-16 13:53:07,511 - DEBUG - Joint score for alpha[0]: 0.1019
2025-08-16 13:53:11,023 - DEBUG - Joint score for alpha[1]: 0.1019
2025-08-16 13:53:14,531 - DEBUG - Joint score for alpha[2]: 0.1013
2025-08-16 13:53:18,040 - DEBUG - Joint score for alpha[3]: 0.1022
2025-08-16 13:53:21,549 - DEBUG - Joint score for alpha[4]: 0.1014
2025-08-16 13:53:25,059 - DEBUG - Joint score for alpha[5]: 0.1035
2025-08-16 13:53:28,569 - DEBUG - Joint score for alpha[6]: 0.1021
2025-08-16 13:53:32,078 - DEBUG - Joint score for alpha[7]: 0.1016
2025-08-16 13:53:35,589 - DEBUG - Joint score for alpha[8]: 0.1019
2025-08-16 13:53:39,099 - DEBUG - Joint score for alpha[9]: 0.1019
2025-08-16 13:53:42,609 - DEBUG - Joint score for alpha[10]: 0.1025
2025-08-16 13:53:46,122 - DEBUG - Joint score for alpha[11]: 0.1082
2025-08-16 13:53:49,635 - DEBUG - Joint score for alpha[12]: 0.1028
2025-08-16 13:53:53,148 - DEBUG - Joint score for alpha[13]: 0.1024
2025-08-16 13:53:56,661 - DEBUG - Joint score for alpha[14]: 0.1019
2025-08-16 13:54:00,174 - DEBUG - Joint score for alpha[15]: 0.1025
2025-08-16 13:54:06,767 - DEBUG - Joint score for alpha[0]: 0.1020
2025-08-16 13:54:10,283 - DEBUG - Joint score for alpha[1]: 0.1113
2025-08-16 13:54:13,794 - DEBUG - Joint score for alpha[2]: 0.1089
2025-08-16 13:54:17,306 - DEBUG - Joint score for alpha[3]: 0.1017
2025-08-16 13:54:20,818 - DEBUG - Joint score for alpha[4]: 0.1019
2025-08-16 13:54:24,331 - DEBUG - Joint score for alpha[5]: 0.1025
2025-08-16 13:54:27,844 - DEBUG - Joint score for alpha[6]: 0.1024
2025-08-16 13:54:31,355 - DEBUG - Joint score for alpha[7]: 0.1015
2025-08-16 13:54:34,868 - DEBUG - Joint score for alpha[8]: 0.1022
2025-08-16 13:54:38,380 - DEBUG - Joint score for alpha[9]: 0.1022
2025-08-16 13:54:41,892 - DEBUG - Joint score for alpha[10]: 0.1015
2025-08-16 13:54:45,404 - DEBUG - Joint score for alpha[11]: 0.1029
2025-08-16 13:54:48,918 - DEBUG - Joint score for alpha[12]: 0.1020
2025-08-16 13:54:52,428 - DEBUG - Joint score for alpha[13]: 0.1020
2025-08-16 13:54:55,939 - DEBUG - Joint score for alpha[14]: 0.1025
2025-08-16 13:54:59,449 - DEBUG - Joint score for alpha[15]: 0.1017
2025-08-16 13:55:06,025 - DEBUG - Joint score for alpha[0]: 0.1021
2025-08-16 13:55:09,539 - DEBUG - Joint score for alpha[1]: 0.1036
2025-08-16 13:55:13,048 - DEBUG - Joint score for alpha[2]: 0.1053
2025-08-16 13:55:16,558 - DEBUG - Joint score for alpha[3]: 0.1030
2025-08-16 13:55:20,068 - DEBUG - Joint score for alpha[4]: 0.1023
2025-08-16 13:55:23,578 - DEBUG - Joint score for alpha[5]: 0.1040
2025-08-16 13:55:27,088 - DEBUG - Joint score for alpha[6]: 0.1033
2025-08-16 13:55:30,597 - DEBUG - Joint score for alpha[7]: 0.1019
2025-08-16 13:55:34,107 - DEBUG - Joint score for alpha[8]: 0.1029
2025-08-16 13:55:37,618 - DEBUG - Joint score for alpha[9]: 0.1032
2025-08-16 13:55:41,127 - DEBUG - Joint score for alpha[10]: 0.1018
2025-08-16 13:55:44,637 - DEBUG - Joint score for alpha[11]: 0.1023
2025-08-16 13:55:48,148 - DEBUG - Joint score for alpha[12]: 0.1017
2025-08-16 13:55:51,659 - DEBUG - Joint score for alpha[13]: 0.1035
2025-08-16 13:55:55,170 - DEBUG - Joint score for alpha[14]: 0.1024
2025-08-16 13:55:58,681 - DEBUG - Joint score for alpha[15]: 0.1019
2025-08-16 13:55:58,726 - INFO - Step 61/120: mean CRPS=0.1015
2025-08-16 13:55:58,730 - DEBUG - Beginning Gibbs iteration s = 61
2025-08-16 13:56:07,584 - DEBUG - Joint score for alpha[0]: 0.1031
2025-08-16 13:56:11,097 - DEBUG - Joint score for alpha[1]: 0.1022
2025-08-16 13:56:14,607 - DEBUG - Joint score for alpha[2]: 0.1031
2025-08-16 13:56:18,117 - DEBUG - Joint score for alpha[3]: 0.1133
2025-08-16 13:56:21,626 - DEBUG - Joint score for alpha[4]: 0.1035
2025-08-16 13:56:25,137 - DEBUG - Joint score for alpha[5]: 0.1057
2025-08-16 13:56:28,647 - DEBUG - Joint score for alpha[6]: 0.1019
2025-08-16 13:56:32,157 - DEBUG - Joint score for alpha[7]: 0.1257
2025-08-16 13:56:35,668 - DEBUG - Joint score for alpha[8]: 0.1089
2025-08-16 13:56:39,177 - DEBUG - Joint score for alpha[9]: 0.1043
2025-08-16 13:56:42,686 - DEBUG - Joint score for alpha[10]: 0.1045
2025-08-16 13:56:46,196 - DEBUG - Joint score for alpha[11]: 0.1326
2025-08-16 13:56:49,707 - DEBUG - Joint score for alpha[12]: 0.1051
2025-08-16 13:56:53,218 - DEBUG - Joint score for alpha[13]: 0.1074
2025-08-16 13:56:56,728 - DEBUG - Joint score for alpha[14]: 0.1080
2025-08-16 13:57:00,241 - DEBUG - Joint score for alpha[15]: 0.1035
2025-08-16 13:57:07,069 - DEBUG - Joint score for alpha[0]: 0.1025
2025-08-16 13:57:10,583 - DEBUG - Joint score for alpha[1]: 0.1029
2025-08-16 13:57:14,093 - DEBUG - Joint score for alpha[2]: 0.1077
2025-08-16 13:57:17,604 - DEBUG - Joint score for alpha[3]: 0.1196
2025-08-16 13:57:21,115 - DEBUG - Joint score for alpha[4]: 0.1089
2025-08-16 13:57:24,625 - DEBUG - Joint score for alpha[5]: 0.1032
2025-08-16 13:57:28,136 - DEBUG - Joint score for alpha[6]: 0.1035
2025-08-16 13:57:31,645 - DEBUG - Joint score for alpha[7]: 0.1023
2025-08-16 13:57:35,156 - DEBUG - Joint score for alpha[8]: 0.1060
2025-08-16 13:57:38,666 - DEBUG - Joint score for alpha[9]: 0.1087
2025-08-16 13:57:42,174 - DEBUG - Joint score for alpha[10]: 0.1054
2025-08-16 13:57:45,684 - DEBUG - Joint score for alpha[11]: 0.1037
2025-08-16 13:57:49,197 - DEBUG - Joint score for alpha[12]: 0.1021
2025-08-16 13:57:52,708 - DEBUG - Joint score for alpha[13]: 0.1072
2025-08-16 13:57:56,219 - DEBUG - Joint score for alpha[14]: 0.1038
2025-08-16 13:57:59,732 - DEBUG - Joint score for alpha[15]: 0.1018
2025-08-16 13:58:06,296 - DEBUG - Joint score for alpha[0]: 0.1052
2025-08-16 13:58:09,811 - DEBUG - Joint score for alpha[1]: 0.1027
2025-08-16 13:58:13,322 - DEBUG - Joint score for alpha[2]: 0.1027
2025-08-16 13:58:16,833 - DEBUG - Joint score for alpha[3]: 0.1026
2025-08-16 13:58:20,345 - DEBUG - Joint score for alpha[4]: 0.1031
2025-08-16 13:58:23,857 - DEBUG - Joint score for alpha[5]: 0.1025
2025-08-16 13:58:27,369 - DEBUG - Joint score for alpha[6]: 0.1025
2025-08-16 13:58:30,880 - DEBUG - Joint score for alpha[7]: 0.1024
2025-08-16 13:58:34,391 - DEBUG - Joint score for alpha[8]: 0.1022
2025-08-16 13:58:37,902 - DEBUG - Joint score for alpha[9]: 0.1024
2025-08-16 13:58:41,416 - DEBUG - Joint score for alpha[10]: 0.1024
2025-08-16 13:58:44,928 - DEBUG - Joint score for alpha[11]: 0.1024
2025-08-16 13:58:48,442 - DEBUG - Joint score for alpha[12]: 0.1023
2025-08-16 13:58:51,956 - DEBUG - Joint score for alpha[13]: 0.1044
2025-08-16 13:58:55,470 - DEBUG - Joint score for alpha[14]: 0.1027
2025-08-16 13:58:58,984 - DEBUG - Joint score for alpha[15]: 0.1034
2025-08-16 13:59:05,575 - DEBUG - Joint score for alpha[0]: 0.1032
2025-08-16 13:59:09,094 - DEBUG - Joint score for alpha[1]: 0.1035
2025-08-16 13:59:12,609 - DEBUG - Joint score for alpha[2]: 0.1025
2025-08-16 13:59:16,123 - DEBUG - Joint score for alpha[3]: 0.1020
2025-08-16 13:59:19,635 - DEBUG - Joint score for alpha[4]: 0.1028
2025-08-16 13:59:23,148 - DEBUG - Joint score for alpha[5]: 0.1027
2025-08-16 13:59:26,660 - DEBUG - Joint score for alpha[6]: 0.1033
2025-08-16 13:59:30,172 - DEBUG - Joint score for alpha[7]: 0.1033
2025-08-16 13:59:33,684 - DEBUG - Joint score for alpha[8]: 0.1027
2025-08-16 13:59:37,197 - DEBUG - Joint score for alpha[9]: 0.1027
2025-08-16 13:59:40,708 - DEBUG - Joint score for alpha[10]: 0.1033
2025-08-16 13:59:44,220 - DEBUG - Joint score for alpha[11]: 0.1025
2025-08-16 13:59:47,732 - DEBUG - Joint score for alpha[12]: 0.1021
2025-08-16 13:59:51,242 - DEBUG - Joint score for alpha[13]: 0.1026
2025-08-16 13:59:54,751 - DEBUG - Joint score for alpha[14]: 0.1036
2025-08-16 13:59:58,262 - DEBUG - Joint score for alpha[15]: 0.1030
2025-08-16 14:00:04,848 - DEBUG - Joint score for alpha[0]: 0.1073
2025-08-16 14:00:08,364 - DEBUG - Joint score for alpha[1]: 0.1027
2025-08-16 14:00:11,876 - DEBUG - Joint score for alpha[2]: 0.1037
2025-08-16 14:00:15,388 - DEBUG - Joint score for alpha[3]: 0.1026
2025-08-16 14:00:18,900 - DEBUG - Joint score for alpha[4]: 0.1032
2025-08-16 14:00:22,413 - DEBUG - Joint score for alpha[5]: 0.1023
2025-08-16 14:00:25,924 - DEBUG - Joint score for alpha[6]: 0.1053
2025-08-16 14:00:29,435 - DEBUG - Joint score for alpha[7]: 0.1027
2025-08-16 14:00:32,947 - DEBUG - Joint score for alpha[8]: 0.1039
2025-08-16 14:00:36,458 - DEBUG - Joint score for alpha[9]: 0.1042
2025-08-16 14:00:39,969 - DEBUG - Joint score for alpha[10]: 0.1051
2025-08-16 14:00:43,482 - DEBUG - Joint score for alpha[11]: 0.1026
2025-08-16 14:00:46,996 - DEBUG - Joint score for alpha[12]: 0.1029
2025-08-16 14:00:50,509 - DEBUG - Joint score for alpha[13]: 0.1040
2025-08-16 14:00:54,018 - DEBUG - Joint score for alpha[14]: 0.1043
2025-08-16 14:00:57,529 - DEBUG - Joint score for alpha[15]: 0.1025
2025-08-16 14:00:57,573 - INFO - Step 62/120: mean CRPS=0.1020
2025-08-16 14:00:57,577 - DEBUG - Beginning Gibbs iteration s = 62
2025-08-16 14:01:06,395 - DEBUG - Joint score for alpha[0]: 0.1066
2025-08-16 14:01:09,911 - DEBUG - Joint score for alpha[1]: 0.1042
2025-08-16 14:01:13,422 - DEBUG - Joint score for alpha[2]: 0.1020
2025-08-16 14:01:16,934 - DEBUG - Joint score for alpha[3]: 0.1091
2025-08-16 14:01:20,447 - DEBUG - Joint score for alpha[4]: 0.1060
2025-08-16 14:01:23,960 - DEBUG - Joint score for alpha[5]: 0.1329
2025-08-16 14:01:27,472 - DEBUG - Joint score for alpha[6]: 0.1135
2025-08-16 14:01:30,985 - DEBUG - Joint score for alpha[7]: 0.1152
2025-08-16 14:01:34,498 - DEBUG - Joint score for alpha[8]: 0.1047
2025-08-16 14:01:38,011 - DEBUG - Joint score for alpha[9]: 0.1295
2025-08-16 14:01:41,523 - DEBUG - Joint score for alpha[10]: 0.1224
2025-08-16 14:01:45,035 - DEBUG - Joint score for alpha[11]: 0.1101
2025-08-16 14:01:48,549 - DEBUG - Joint score for alpha[12]: 0.1128
2025-08-16 14:01:52,062 - DEBUG - Joint score for alpha[13]: 0.1356
2025-08-16 14:01:55,574 - DEBUG - Joint score for alpha[14]: 0.1255
2025-08-16 14:01:59,087 - DEBUG - Joint score for alpha[15]: 0.1082
2025-08-16 14:02:05,903 - DEBUG - Joint score for alpha[0]: 0.1178
2025-08-16 14:02:09,418 - DEBUG - Joint score for alpha[1]: 0.1045
2025-08-16 14:02:12,929 - DEBUG - Joint score for alpha[2]: 0.1025
2025-08-16 14:02:16,440 - DEBUG - Joint score for alpha[3]: 0.1022
2025-08-16 14:02:19,951 - DEBUG - Joint score for alpha[4]: 0.1031
2025-08-16 14:02:23,463 - DEBUG - Joint score for alpha[5]: 0.1024
2025-08-16 14:02:26,975 - DEBUG - Joint score for alpha[6]: 0.1033
2025-08-16 14:02:30,487 - DEBUG - Joint score for alpha[7]: 0.1020
2025-08-16 14:02:34,000 - DEBUG - Joint score for alpha[8]: 0.1030
2025-08-16 14:02:37,512 - DEBUG - Joint score for alpha[9]: 0.1078
2025-08-16 14:02:41,023 - DEBUG - Joint score for alpha[10]: 0.1024
2025-08-16 14:02:44,534 - DEBUG - Joint score for alpha[11]: 0.1153
2025-08-16 14:02:48,046 - DEBUG - Joint score for alpha[12]: 0.1025
2025-08-16 14:02:51,558 - DEBUG - Joint score for alpha[13]: 0.1062
2025-08-16 14:02:55,070 - DEBUG - Joint score for alpha[14]: 0.1069
2025-08-16 14:02:58,583 - DEBUG - Joint score for alpha[15]: 0.1025
2025-08-16 14:03:05,179 - DEBUG - Joint score for alpha[0]: 0.1027
2025-08-16 14:03:08,694 - DEBUG - Joint score for alpha[1]: 0.1096
2025-08-16 14:03:12,205 - DEBUG - Joint score for alpha[2]: 0.1036
2025-08-16 14:03:15,719 - DEBUG - Joint score for alpha[3]: 0.1020
2025-08-16 14:03:19,232 - DEBUG - Joint score for alpha[4]: 0.1025
2025-08-16 14:03:22,746 - DEBUG - Joint score for alpha[5]: 0.1025
2025-08-16 14:03:26,259 - DEBUG - Joint score for alpha[6]: 0.1023
2025-08-16 14:03:29,772 - DEBUG - Joint score for alpha[7]: 0.1027
2025-08-16 14:03:33,286 - DEBUG - Joint score for alpha[8]: 0.1020
2025-08-16 14:03:36,800 - DEBUG - Joint score for alpha[9]: 0.1025
2025-08-16 14:03:40,311 - DEBUG - Joint score for alpha[10]: 0.1024
2025-08-16 14:03:43,824 - DEBUG - Joint score for alpha[11]: 0.1031
2025-08-16 14:03:47,338 - DEBUG - Joint score for alpha[12]: 0.1027
2025-08-16 14:03:50,851 - DEBUG - Joint score for alpha[13]: 0.1035
2025-08-16 14:03:54,364 - DEBUG - Joint score for alpha[14]: 0.1038
2025-08-16 14:03:57,878 - DEBUG - Joint score for alpha[15]: 0.1128
2025-08-16 14:04:04,486 - DEBUG - Joint score for alpha[0]: 0.1020
2025-08-16 14:04:08,001 - DEBUG - Joint score for alpha[1]: 0.1024
2025-08-16 14:04:11,514 - DEBUG - Joint score for alpha[2]: 0.1028
2025-08-16 14:04:15,026 - DEBUG - Joint score for alpha[3]: 0.1038
2025-08-16 14:04:18,538 - DEBUG - Joint score for alpha[4]: 0.1026
2025-08-16 14:04:22,051 - DEBUG - Joint score for alpha[5]: 0.1026
2025-08-16 14:04:25,564 - DEBUG - Joint score for alpha[6]: 0.1022
2025-08-16 14:04:29,078 - DEBUG - Joint score for alpha[7]: 0.1022
2025-08-16 14:04:32,591 - DEBUG - Joint score for alpha[8]: 0.1023
2025-08-16 14:04:36,103 - DEBUG - Joint score for alpha[9]: 0.1022
2025-08-16 14:04:39,612 - DEBUG - Joint score for alpha[10]: 0.1020
2025-08-16 14:04:43,123 - DEBUG - Joint score for alpha[11]: 0.1042
2025-08-16 14:04:46,635 - DEBUG - Joint score for alpha[12]: 0.1033
2025-08-16 14:04:50,147 - DEBUG - Joint score for alpha[13]: 0.1034
2025-08-16 14:04:53,659 - DEBUG - Joint score for alpha[14]: 0.1039
2025-08-16 14:04:57,171 - DEBUG - Joint score for alpha[15]: 0.1036
2025-08-16 14:05:04,031 - DEBUG - Joint score for alpha[0]: 0.1030
2025-08-16 14:05:07,546 - DEBUG - Joint score for alpha[1]: 0.1059
2025-08-16 14:05:11,056 - DEBUG - Joint score for alpha[2]: 0.1058
2025-08-16 14:05:14,567 - DEBUG - Joint score for alpha[3]: 0.1042
2025-08-16 14:05:18,078 - DEBUG - Joint score for alpha[4]: 0.1061
2025-08-16 14:05:21,589 - DEBUG - Joint score for alpha[5]: 0.1031
2025-08-16 14:05:25,100 - DEBUG - Joint score for alpha[6]: 0.1029
2025-08-16 14:05:28,611 - DEBUG - Joint score for alpha[7]: 0.1030
2025-08-16 14:05:32,122 - DEBUG - Joint score for alpha[8]: 0.1023
2025-08-16 14:05:35,634 - DEBUG - Joint score for alpha[9]: 0.1038
2025-08-16 14:05:39,145 - DEBUG - Joint score for alpha[10]: 0.1021
2025-08-16 14:05:42,655 - DEBUG - Joint score for alpha[11]: 0.1023
2025-08-16 14:05:46,168 - DEBUG - Joint score for alpha[12]: 0.1028
2025-08-16 14:05:49,680 - DEBUG - Joint score for alpha[13]: 0.1017
2025-08-16 14:05:53,192 - DEBUG - Joint score for alpha[14]: 0.1027
2025-08-16 14:05:56,704 - DEBUG - Joint score for alpha[15]: 0.1021
2025-08-16 14:05:56,749 - INFO - Step 63/120: mean CRPS=0.1019
2025-08-16 14:05:56,752 - DEBUG - Beginning Gibbs iteration s = 63
2025-08-16 14:06:06,393 - DEBUG - Joint score for alpha[0]: 0.1166
2025-08-16 14:06:09,907 - DEBUG - Joint score for alpha[1]: 0.1080
2025-08-16 14:06:13,418 - DEBUG - Joint score for alpha[2]: 0.1073
2025-08-16 14:06:16,929 - DEBUG - Joint score for alpha[3]: 0.1059
2025-08-16 14:06:20,440 - DEBUG - Joint score for alpha[4]: 0.1046
2025-08-16 14:06:23,952 - DEBUG - Joint score for alpha[5]: 0.1156
2025-08-16 14:06:27,463 - DEBUG - Joint score for alpha[6]: 0.1448
2025-08-16 14:06:30,975 - DEBUG - Joint score for alpha[7]: 0.1071
2025-08-16 14:06:34,487 - DEBUG - Joint score for alpha[8]: 0.1060
2025-08-16 14:06:37,999 - DEBUG - Joint score for alpha[9]: 0.1156
2025-08-16 14:06:41,510 - DEBUG - Joint score for alpha[10]: 0.1281
2025-08-16 14:06:45,021 - DEBUG - Joint score for alpha[11]: 0.1149
2025-08-16 14:06:48,532 - DEBUG - Joint score for alpha[12]: 0.1036
2025-08-16 14:06:52,043 - DEBUG - Joint score for alpha[13]: 0.1046
2025-08-16 14:06:55,554 - DEBUG - Joint score for alpha[14]: 0.1082
2025-08-16 14:06:59,065 - DEBUG - Joint score for alpha[15]: 0.1045
2025-08-16 14:07:05,631 - DEBUG - Joint score for alpha[0]: 0.1031
2025-08-16 14:07:09,146 - DEBUG - Joint score for alpha[1]: 0.1032
2025-08-16 14:07:12,656 - DEBUG - Joint score for alpha[2]: 0.1031
2025-08-16 14:07:16,167 - DEBUG - Joint score for alpha[3]: 0.1030
2025-08-16 14:07:19,677 - DEBUG - Joint score for alpha[4]: 0.1049
2025-08-16 14:07:23,188 - DEBUG - Joint score for alpha[5]: 0.1034
2025-08-16 14:07:26,700 - DEBUG - Joint score for alpha[6]: 0.1061
2025-08-16 14:07:30,211 - DEBUG - Joint score for alpha[7]: 0.1049
2025-08-16 14:07:33,722 - DEBUG - Joint score for alpha[8]: 0.1062
2025-08-16 14:07:37,234 - DEBUG - Joint score for alpha[9]: 0.1033
2025-08-16 14:07:40,745 - DEBUG - Joint score for alpha[10]: 0.1039
2025-08-16 14:07:44,257 - DEBUG - Joint score for alpha[11]: 0.1033
2025-08-16 14:07:47,773 - DEBUG - Joint score for alpha[12]: 0.1027
2025-08-16 14:07:51,287 - DEBUG - Joint score for alpha[13]: 0.1136
2025-08-16 14:07:54,800 - DEBUG - Joint score for alpha[14]: 0.1034
2025-08-16 14:07:58,315 - DEBUG - Joint score for alpha[15]: 0.1057
2025-08-16 14:08:04,890 - DEBUG - Joint score for alpha[0]: 0.1071
2025-08-16 14:08:08,408 - DEBUG - Joint score for alpha[1]: 0.1034
2025-08-16 14:08:11,922 - DEBUG - Joint score for alpha[2]: 0.1038
2025-08-16 14:08:15,437 - DEBUG - Joint score for alpha[3]: 0.1039
2025-08-16 14:08:18,950 - DEBUG - Joint score for alpha[4]: 0.1038
2025-08-16 14:08:22,465 - DEBUG - Joint score for alpha[5]: 0.1050
2025-08-16 14:08:25,978 - DEBUG - Joint score for alpha[6]: 0.1026
2025-08-16 14:08:29,492 - DEBUG - Joint score for alpha[7]: 0.1030
2025-08-16 14:08:33,005 - DEBUG - Joint score for alpha[8]: 0.1034
2025-08-16 14:08:36,520 - DEBUG - Joint score for alpha[9]: 0.1038
2025-08-16 14:08:40,034 - DEBUG - Joint score for alpha[10]: 0.1027
2025-08-16 14:08:43,548 - DEBUG - Joint score for alpha[11]: 0.1066
2025-08-16 14:08:47,063 - DEBUG - Joint score for alpha[12]: 0.1042
2025-08-16 14:08:50,579 - DEBUG - Joint score for alpha[13]: 0.1034
2025-08-16 14:08:54,093 - DEBUG - Joint score for alpha[14]: 0.1043
2025-08-16 14:08:57,608 - DEBUG - Joint score for alpha[15]: 0.1055
2025-08-16 14:09:04,189 - DEBUG - Joint score for alpha[0]: 0.1037
2025-08-16 14:09:07,704 - DEBUG - Joint score for alpha[1]: 0.1027
2025-08-16 14:09:11,215 - DEBUG - Joint score for alpha[2]: 0.1039
2025-08-16 14:09:14,727 - DEBUG - Joint score for alpha[3]: 0.1027
2025-08-16 14:09:18,239 - DEBUG - Joint score for alpha[4]: 0.1030
2025-08-16 14:09:21,752 - DEBUG - Joint score for alpha[5]: 0.1034
2025-08-16 14:09:25,265 - DEBUG - Joint score for alpha[6]: 0.1029
2025-08-16 14:09:28,777 - DEBUG - Joint score for alpha[7]: 0.1025
2025-08-16 14:09:32,290 - DEBUG - Joint score for alpha[8]: 0.1038
2025-08-16 14:09:35,804 - DEBUG - Joint score for alpha[9]: 0.1028
2025-08-16 14:09:39,315 - DEBUG - Joint score for alpha[10]: 0.1027
2025-08-16 14:09:42,828 - DEBUG - Joint score for alpha[11]: 0.1027
2025-08-16 14:09:46,342 - DEBUG - Joint score for alpha[12]: 0.1031
2025-08-16 14:09:49,856 - DEBUG - Joint score for alpha[13]: 0.1036
2025-08-16 14:09:53,368 - DEBUG - Joint score for alpha[14]: 0.1036
2025-08-16 14:09:56,881 - DEBUG - Joint score for alpha[15]: 0.1028
2025-08-16 14:10:03,687 - DEBUG - Joint score for alpha[0]: 0.1029
2025-08-16 14:10:07,202 - DEBUG - Joint score for alpha[1]: 0.1030
2025-08-16 14:10:10,712 - DEBUG - Joint score for alpha[2]: 0.1050
2025-08-16 14:10:14,225 - DEBUG - Joint score for alpha[3]: 0.1057
2025-08-16 14:10:17,735 - DEBUG - Joint score for alpha[4]: 0.1060
2025-08-16 14:10:21,247 - DEBUG - Joint score for alpha[5]: 0.1025
2025-08-16 14:10:24,759 - DEBUG - Joint score for alpha[6]: 0.1039
2025-08-16 14:10:28,270 - DEBUG - Joint score for alpha[7]: 0.1042
2025-08-16 14:10:31,782 - DEBUG - Joint score for alpha[8]: 0.1035
2025-08-16 14:10:35,294 - DEBUG - Joint score for alpha[9]: 0.1060
2025-08-16 14:10:38,804 - DEBUG - Joint score for alpha[10]: 0.1044
2025-08-16 14:10:42,316 - DEBUG - Joint score for alpha[11]: 0.1082
2025-08-16 14:10:45,828 - DEBUG - Joint score for alpha[12]: 0.1033
2025-08-16 14:10:49,341 - DEBUG - Joint score for alpha[13]: 0.1058
2025-08-16 14:10:52,852 - DEBUG - Joint score for alpha[14]: 0.1035
2025-08-16 14:10:56,365 - DEBUG - Joint score for alpha[15]: 0.1075
2025-08-16 14:10:56,410 - INFO - Step 64/120: mean CRPS=0.1028
2025-08-16 14:10:56,414 - DEBUG - Beginning Gibbs iteration s = 64
2025-08-16 14:11:05,957 - DEBUG - Joint score for alpha[0]: 0.1022
2025-08-16 14:11:09,470 - DEBUG - Joint score for alpha[1]: 0.1146
2025-08-16 14:11:12,981 - DEBUG - Joint score for alpha[2]: 0.1029
2025-08-16 14:11:16,492 - DEBUG - Joint score for alpha[3]: 0.1071
2025-08-16 14:11:20,003 - DEBUG - Joint score for alpha[4]: 0.1034
2025-08-16 14:11:23,515 - DEBUG - Joint score for alpha[5]: 0.1045
2025-08-16 14:11:27,026 - DEBUG - Joint score for alpha[6]: 0.1147
2025-08-16 14:11:30,536 - DEBUG - Joint score for alpha[7]: 0.1059
2025-08-16 14:11:34,047 - DEBUG - Joint score for alpha[8]: 0.1057
2025-08-16 14:11:37,559 - DEBUG - Joint score for alpha[9]: 0.1368
2025-08-16 14:11:41,068 - DEBUG - Joint score for alpha[10]: 0.1112
2025-08-16 14:11:44,579 - DEBUG - Joint score for alpha[11]: 0.1073
2025-08-16 14:11:48,090 - DEBUG - Joint score for alpha[12]: 0.1031
2025-08-16 14:11:51,601 - DEBUG - Joint score for alpha[13]: 0.1054
2025-08-16 14:11:55,112 - DEBUG - Joint score for alpha[14]: 0.1307
2025-08-16 14:11:58,624 - DEBUG - Joint score for alpha[15]: 0.1049
2025-08-16 14:12:05,196 - DEBUG - Joint score for alpha[0]: 0.1039
2025-08-16 14:12:08,707 - DEBUG - Joint score for alpha[1]: 0.1033
2025-08-16 14:12:12,215 - DEBUG - Joint score for alpha[2]: 0.1031
2025-08-16 14:12:15,722 - DEBUG - Joint score for alpha[3]: 0.1058
2025-08-16 14:12:19,229 - DEBUG - Joint score for alpha[4]: 0.1041
2025-08-16 14:12:22,736 - DEBUG - Joint score for alpha[5]: 0.1039
2025-08-16 14:12:26,244 - DEBUG - Joint score for alpha[6]: 0.1036
2025-08-16 14:12:29,751 - DEBUG - Joint score for alpha[7]: 0.1084
2025-08-16 14:12:33,260 - DEBUG - Joint score for alpha[8]: 0.1030
2025-08-16 14:12:36,768 - DEBUG - Joint score for alpha[9]: 0.1077
2025-08-16 14:12:40,275 - DEBUG - Joint score for alpha[10]: 0.1030
2025-08-16 14:12:43,784 - DEBUG - Joint score for alpha[11]: 0.1023
2025-08-16 14:12:47,294 - DEBUG - Joint score for alpha[12]: 0.1027
2025-08-16 14:12:50,805 - DEBUG - Joint score for alpha[13]: 0.1033
2025-08-16 14:12:54,315 - DEBUG - Joint score for alpha[14]: 0.1023
2025-08-16 14:12:57,827 - DEBUG - Joint score for alpha[15]: 0.1174
2025-08-16 14:13:04,421 - DEBUG - Joint score for alpha[0]: 0.1059
2025-08-16 14:13:07,934 - DEBUG - Joint score for alpha[1]: 0.1038
2025-08-16 14:13:11,445 - DEBUG - Joint score for alpha[2]: 0.1036
2025-08-16 14:13:14,956 - DEBUG - Joint score for alpha[3]: 0.1027
2025-08-16 14:13:18,467 - DEBUG - Joint score for alpha[4]: 0.1023
2025-08-16 14:13:21,978 - DEBUG - Joint score for alpha[5]: 0.1030
2025-08-16 14:13:25,488 - DEBUG - Joint score for alpha[6]: 0.1024
2025-08-16 14:13:28,998 - DEBUG - Joint score for alpha[7]: 0.1027
2025-08-16 14:13:32,509 - DEBUG - Joint score for alpha[8]: 0.1051
2025-08-16 14:13:36,020 - DEBUG - Joint score for alpha[9]: 0.1026
2025-08-16 14:13:39,529 - DEBUG - Joint score for alpha[10]: 0.1033
2025-08-16 14:13:43,041 - DEBUG - Joint score for alpha[11]: 0.1037
2025-08-16 14:13:46,553 - DEBUG - Joint score for alpha[12]: 0.1052
2025-08-16 14:13:50,065 - DEBUG - Joint score for alpha[13]: 0.1033
2025-08-16 14:13:53,577 - DEBUG - Joint score for alpha[14]: 0.1028
2025-08-16 14:13:57,089 - DEBUG - Joint score for alpha[15]: 0.1029
2025-08-16 14:14:03,675 - DEBUG - Joint score for alpha[0]: 0.1035
2025-08-16 14:14:07,188 - DEBUG - Joint score for alpha[1]: 0.1027
2025-08-16 14:14:10,696 - DEBUG - Joint score for alpha[2]: 0.1032
2025-08-16 14:14:14,205 - DEBUG - Joint score for alpha[3]: 0.1033
2025-08-16 14:14:17,712 - DEBUG - Joint score for alpha[4]: 0.1026
2025-08-16 14:14:21,220 - DEBUG - Joint score for alpha[5]: 0.1042
2025-08-16 14:14:24,729 - DEBUG - Joint score for alpha[6]: 0.1044
2025-08-16 14:14:28,237 - DEBUG - Joint score for alpha[7]: 0.1034
2025-08-16 14:14:31,746 - DEBUG - Joint score for alpha[8]: 0.1096
2025-08-16 14:14:35,255 - DEBUG - Joint score for alpha[9]: 0.1033
2025-08-16 14:14:38,765 - DEBUG - Joint score for alpha[10]: 0.1039
2025-08-16 14:14:42,275 - DEBUG - Joint score for alpha[11]: 0.1025
2025-08-16 14:14:45,783 - DEBUG - Joint score for alpha[12]: 0.1059
2025-08-16 14:14:49,293 - DEBUG - Joint score for alpha[13]: 0.1032
2025-08-16 14:14:52,803 - DEBUG - Joint score for alpha[14]: 0.1039
2025-08-16 14:14:56,312 - DEBUG - Joint score for alpha[15]: 0.1022
2025-08-16 14:15:03,123 - DEBUG - Joint score for alpha[0]: 0.1033
2025-08-16 14:15:06,635 - DEBUG - Joint score for alpha[1]: 0.1027
2025-08-16 14:15:10,143 - DEBUG - Joint score for alpha[2]: 0.1046
2025-08-16 14:15:13,650 - DEBUG - Joint score for alpha[3]: 0.1025
2025-08-16 14:15:17,158 - DEBUG - Joint score for alpha[4]: 0.1027
2025-08-16 14:15:20,668 - DEBUG - Joint score for alpha[5]: 0.1036
2025-08-16 14:15:24,176 - DEBUG - Joint score for alpha[6]: 0.1067
2025-08-16 14:15:27,685 - DEBUG - Joint score for alpha[7]: 0.1043
2025-08-16 14:15:31,195 - DEBUG - Joint score for alpha[8]: 0.1066
2025-08-16 14:15:34,705 - DEBUG - Joint score for alpha[9]: 0.1041
2025-08-16 14:15:38,213 - DEBUG - Joint score for alpha[10]: 0.1036
2025-08-16 14:15:41,722 - DEBUG - Joint score for alpha[11]: 0.1053
2025-08-16 14:15:45,232 - DEBUG - Joint score for alpha[12]: 0.1082
2025-08-16 14:15:48,740 - DEBUG - Joint score for alpha[13]: 0.1030
2025-08-16 14:15:52,248 - DEBUG - Joint score for alpha[14]: 0.1052
2025-08-16 14:15:55,757 - DEBUG - Joint score for alpha[15]: 0.1058
2025-08-16 14:15:55,801 - INFO - Step 65/120: mean CRPS=0.1023
2025-08-16 14:15:55,805 - DEBUG - Beginning Gibbs iteration s = 65
2025-08-16 14:15:57,953 - INFO - Adaptation stopped at step 65, fixed at 0.014
2025-08-16 14:16:04,656 - DEBUG - Joint score for alpha[0]: 0.1107
2025-08-16 14:16:08,167 - DEBUG - Joint score for alpha[1]: 0.1028
2025-08-16 14:16:11,673 - DEBUG - Joint score for alpha[2]: 0.1164
2025-08-16 14:16:15,181 - DEBUG - Joint score for alpha[3]: 0.1052
2025-08-16 14:16:18,689 - DEBUG - Joint score for alpha[4]: 0.1297
2025-08-16 14:16:22,314 - DEBUG - Joint score for alpha[5]: 0.1059
2025-08-16 14:16:25,822 - DEBUG - Joint score for alpha[6]: 0.1035
2025-08-16 14:16:29,329 - DEBUG - Joint score for alpha[7]: 0.1030
2025-08-16 14:16:32,838 - DEBUG - Joint score for alpha[8]: 0.1106
2025-08-16 14:16:36,347 - DEBUG - Joint score for alpha[9]: 0.1255
2025-08-16 14:16:39,854 - DEBUG - Joint score for alpha[10]: 0.1182
2025-08-16 14:16:43,363 - DEBUG - Joint score for alpha[11]: 0.1225
2025-08-16 14:16:46,872 - DEBUG - Joint score for alpha[12]: 0.1042
2025-08-16 14:16:50,381 - DEBUG - Joint score for alpha[13]: 0.1087
2025-08-16 14:16:53,889 - DEBUG - Joint score for alpha[14]: 0.1028
2025-08-16 14:16:57,398 - DEBUG - Joint score for alpha[15]: 0.1079
2025-08-16 14:17:03,984 - DEBUG - Joint score for alpha[0]: 0.1032
2025-08-16 14:17:07,496 - DEBUG - Joint score for alpha[1]: 0.1108
2025-08-16 14:17:11,003 - DEBUG - Joint score for alpha[2]: 0.1033
2025-08-16 14:17:14,511 - DEBUG - Joint score for alpha[3]: 0.1098
2025-08-16 14:17:18,018 - DEBUG - Joint score for alpha[4]: 0.1023
2025-08-16 14:17:21,526 - DEBUG - Joint score for alpha[5]: 0.1029
2025-08-16 14:17:25,033 - DEBUG - Joint score for alpha[6]: 0.1028
2025-08-16 14:17:28,539 - DEBUG - Joint score for alpha[7]: 0.1135
2025-08-16 14:17:32,046 - DEBUG - Joint score for alpha[8]: 0.1027
2025-08-16 14:17:35,554 - DEBUG - Joint score for alpha[9]: 0.1091
2025-08-16 14:17:39,062 - DEBUG - Joint score for alpha[10]: 0.1081
2025-08-16 14:17:42,570 - DEBUG - Joint score for alpha[11]: 0.1031
2025-08-16 14:17:46,079 - DEBUG - Joint score for alpha[12]: 0.1148
2025-08-16 14:17:49,589 - DEBUG - Joint score for alpha[13]: 0.1032
2025-08-16 14:17:53,100 - DEBUG - Joint score for alpha[14]: 0.1057
2025-08-16 14:17:56,610 - DEBUG - Joint score for alpha[15]: 0.1025
2025-08-16 14:18:03,227 - DEBUG - Joint score for alpha[0]: 0.1028
2025-08-16 14:18:06,742 - DEBUG - Joint score for alpha[1]: 0.1132
2025-08-16 14:18:10,251 - DEBUG - Joint score for alpha[2]: 0.1024
2025-08-16 14:18:13,761 - DEBUG - Joint score for alpha[3]: 0.1022
2025-08-16 14:18:17,270 - DEBUG - Joint score for alpha[4]: 0.1041
2025-08-16 14:18:20,780 - DEBUG - Joint score for alpha[5]: 0.1027
2025-08-16 14:18:24,290 - DEBUG - Joint score for alpha[6]: 0.1040
2025-08-16 14:18:27,799 - DEBUG - Joint score for alpha[7]: 0.1032
2025-08-16 14:18:31,310 - DEBUG - Joint score for alpha[8]: 0.1016
2025-08-16 14:18:34,822 - DEBUG - Joint score for alpha[9]: 0.1050
2025-08-16 14:18:38,331 - DEBUG - Joint score for alpha[10]: 0.1027
2025-08-16 14:18:41,843 - DEBUG - Joint score for alpha[11]: 0.1043
2025-08-16 14:18:45,355 - DEBUG - Joint score for alpha[12]: 0.1034
2025-08-16 14:18:48,867 - DEBUG - Joint score for alpha[13]: 0.1024
2025-08-16 14:18:52,379 - DEBUG - Joint score for alpha[14]: 0.1034
2025-08-16 14:18:55,891 - DEBUG - Joint score for alpha[15]: 0.1035
2025-08-16 14:19:02,498 - DEBUG - Joint score for alpha[0]: 0.1020
2025-08-16 14:19:06,015 - DEBUG - Joint score for alpha[1]: 0.1053
2025-08-16 14:19:09,525 - DEBUG - Joint score for alpha[2]: 0.1040
2025-08-16 14:19:13,037 - DEBUG - Joint score for alpha[3]: 0.1023
2025-08-16 14:19:16,549 - DEBUG - Joint score for alpha[4]: 0.1060
2025-08-16 14:19:20,062 - DEBUG - Joint score for alpha[5]: 0.1019
2025-08-16 14:19:23,574 - DEBUG - Joint score for alpha[6]: 0.1040
2025-08-16 14:19:27,082 - DEBUG - Joint score for alpha[7]: 0.1037
2025-08-16 14:19:30,591 - DEBUG - Joint score for alpha[8]: 0.1015
2025-08-16 14:19:34,100 - DEBUG - Joint score for alpha[9]: 0.1019
2025-08-16 14:19:37,610 - DEBUG - Joint score for alpha[10]: 0.1032
2025-08-16 14:19:41,120 - DEBUG - Joint score for alpha[11]: 0.1016
2025-08-16 14:19:44,630 - DEBUG - Joint score for alpha[12]: 0.1018
2025-08-16 14:19:48,140 - DEBUG - Joint score for alpha[13]: 0.1031
2025-08-16 14:19:51,649 - DEBUG - Joint score for alpha[14]: 0.1020
2025-08-16 14:19:55,159 - DEBUG - Joint score for alpha[15]: 0.1017
2025-08-16 14:20:01,957 - DEBUG - Joint score for alpha[0]: 0.1044
2025-08-16 14:20:05,469 - DEBUG - Joint score for alpha[1]: 0.1013
2025-08-16 14:20:08,978 - DEBUG - Joint score for alpha[2]: 0.1021
2025-08-16 14:20:12,487 - DEBUG - Joint score for alpha[3]: 0.1035
2025-08-16 14:20:15,997 - DEBUG - Joint score for alpha[4]: 0.1062
2025-08-16 14:20:19,506 - DEBUG - Joint score for alpha[5]: 0.1048
2025-08-16 14:20:23,016 - DEBUG - Joint score for alpha[6]: 0.1028
2025-08-16 14:20:26,525 - DEBUG - Joint score for alpha[7]: 0.1063
2025-08-16 14:20:30,034 - DEBUG - Joint score for alpha[8]: 0.1024
2025-08-16 14:20:33,543 - DEBUG - Joint score for alpha[9]: 0.1045
2025-08-16 14:20:37,052 - DEBUG - Joint score for alpha[10]: 0.1023
2025-08-16 14:20:40,560 - DEBUG - Joint score for alpha[11]: 0.1018
2025-08-16 14:20:44,071 - DEBUG - Joint score for alpha[12]: 0.1033
2025-08-16 14:20:47,582 - DEBUG - Joint score for alpha[13]: 0.1038
2025-08-16 14:20:51,091 - DEBUG - Joint score for alpha[14]: 0.1024
2025-08-16 14:20:54,601 - DEBUG - Joint score for alpha[15]: 0.1051
2025-08-16 14:20:54,645 - INFO - Step 66/120: mean CRPS=0.1019
2025-08-16 14:20:54,650 - DEBUG - Beginning Gibbs iteration s = 66
2025-08-16 14:21:03,608 - DEBUG - Joint score for alpha[0]: 0.1013
2025-08-16 14:21:07,122 - DEBUG - Joint score for alpha[1]: 0.1102
2025-08-16 14:21:10,632 - DEBUG - Joint score for alpha[2]: 0.1130
2025-08-16 14:21:14,143 - DEBUG - Joint score for alpha[3]: 0.1041
2025-08-16 14:21:17,655 - DEBUG - Joint score for alpha[4]: 0.1016
2025-08-16 14:21:21,167 - DEBUG - Joint score for alpha[5]: 0.1342
2025-08-16 14:21:24,678 - DEBUG - Joint score for alpha[6]: 0.1071
2025-08-16 14:21:28,186 - DEBUG - Joint score for alpha[7]: 0.1253
2025-08-16 14:21:31,694 - DEBUG - Joint score for alpha[8]: 0.1011
2025-08-16 14:21:35,202 - DEBUG - Joint score for alpha[9]: 0.1039
2025-08-16 14:21:38,711 - DEBUG - Joint score for alpha[10]: 0.1033
2025-08-16 14:21:42,219 - DEBUG - Joint score for alpha[11]: 0.1102
2025-08-16 14:21:45,729 - DEBUG - Joint score for alpha[12]: 0.1545
2025-08-16 14:21:49,238 - DEBUG - Joint score for alpha[13]: 0.1100
2025-08-16 14:21:52,747 - DEBUG - Joint score for alpha[14]: 0.1194
2025-08-16 14:21:56,256 - DEBUG - Joint score for alpha[15]: 0.1085
2025-08-16 14:22:02,842 - DEBUG - Joint score for alpha[0]: 0.1057
2025-08-16 14:22:06,357 - DEBUG - Joint score for alpha[1]: 0.1253
2025-08-16 14:22:09,868 - DEBUG - Joint score for alpha[2]: 0.1017
2025-08-16 14:22:13,379 - DEBUG - Joint score for alpha[3]: 0.1177
2025-08-16 14:22:16,890 - DEBUG - Joint score for alpha[4]: 0.1070
2025-08-16 14:22:20,401 - DEBUG - Joint score for alpha[5]: 0.1038
2025-08-16 14:22:23,911 - DEBUG - Joint score for alpha[6]: 0.1025
2025-08-16 14:22:27,420 - DEBUG - Joint score for alpha[7]: 0.1043
2025-08-16 14:22:30,931 - DEBUG - Joint score for alpha[8]: 0.1018
2025-08-16 14:22:34,441 - DEBUG - Joint score for alpha[9]: 0.1019
2025-08-16 14:22:37,950 - DEBUG - Joint score for alpha[10]: 0.1021
2025-08-16 14:22:41,461 - DEBUG - Joint score for alpha[11]: 0.1025
2025-08-16 14:22:44,973 - DEBUG - Joint score for alpha[12]: 0.1012
2025-08-16 14:22:48,485 - DEBUG - Joint score for alpha[13]: 0.1048
2025-08-16 14:22:51,996 - DEBUG - Joint score for alpha[14]: 0.1100
2025-08-16 14:22:55,508 - DEBUG - Joint score for alpha[15]: 0.1023
2025-08-16 14:23:02,084 - DEBUG - Joint score for alpha[0]: 0.1018
2025-08-16 14:23:05,598 - DEBUG - Joint score for alpha[1]: 0.1016
2025-08-16 14:23:09,108 - DEBUG - Joint score for alpha[2]: 0.1029
2025-08-16 14:23:12,620 - DEBUG - Joint score for alpha[3]: 0.1013
2025-08-16 14:23:16,133 - DEBUG - Joint score for alpha[4]: 0.1019
2025-08-16 14:23:19,646 - DEBUG - Joint score for alpha[5]: 0.1016
2025-08-16 14:23:23,158 - DEBUG - Joint score for alpha[6]: 0.1015
2025-08-16 14:23:26,670 - DEBUG - Joint score for alpha[7]: 0.1029
2025-08-16 14:23:30,183 - DEBUG - Joint score for alpha[8]: 0.1100
2025-08-16 14:23:33,696 - DEBUG - Joint score for alpha[9]: 0.1035
2025-08-16 14:23:37,208 - DEBUG - Joint score for alpha[10]: 0.1023
2025-08-16 14:23:40,720 - DEBUG - Joint score for alpha[11]: 0.1027
2025-08-16 14:23:44,234 - DEBUG - Joint score for alpha[12]: 0.1020
2025-08-16 14:23:47,747 - DEBUG - Joint score for alpha[13]: 0.1016
2025-08-16 14:23:51,260 - DEBUG - Joint score for alpha[14]: 0.1016
2025-08-16 14:23:54,772 - DEBUG - Joint score for alpha[15]: 0.1030
2025-08-16 14:24:01,366 - DEBUG - Joint score for alpha[0]: 0.1041
2025-08-16 14:24:04,882 - DEBUG - Joint score for alpha[1]: 0.1018
2025-08-16 14:24:08,393 - DEBUG - Joint score for alpha[2]: 0.1040
2025-08-16 14:24:11,906 - DEBUG - Joint score for alpha[3]: 0.1037
2025-08-16 14:24:15,418 - DEBUG - Joint score for alpha[4]: 0.1022
2025-08-16 14:24:18,932 - DEBUG - Joint score for alpha[5]: 0.1031
2025-08-16 14:24:22,445 - DEBUG - Joint score for alpha[6]: 0.1028
2025-08-16 14:24:25,957 - DEBUG - Joint score for alpha[7]: 0.1019
2025-08-16 14:24:29,471 - DEBUG - Joint score for alpha[8]: 0.1020
2025-08-16 14:24:32,985 - DEBUG - Joint score for alpha[9]: 0.1016
2025-08-16 14:24:36,496 - DEBUG - Joint score for alpha[10]: 0.1028
2025-08-16 14:24:40,008 - DEBUG - Joint score for alpha[11]: 0.1025
2025-08-16 14:24:43,520 - DEBUG - Joint score for alpha[12]: 0.1027
2025-08-16 14:24:47,032 - DEBUG - Joint score for alpha[13]: 0.1018
2025-08-16 14:24:50,622 - DEBUG - Joint score for alpha[14]: 0.1021
2025-08-16 14:24:54,134 - DEBUG - Joint score for alpha[15]: 0.1031
2025-08-16 14:25:00,884 - DEBUG - Joint score for alpha[0]: 0.1071
2025-08-16 14:25:04,399 - DEBUG - Joint score for alpha[1]: 0.1044
2025-08-16 14:25:07,909 - DEBUG - Joint score for alpha[2]: 0.1021
2025-08-16 14:25:11,420 - DEBUG - Joint score for alpha[3]: 0.1015
2025-08-16 14:25:14,932 - DEBUG - Joint score for alpha[4]: 0.1021
2025-08-16 14:25:18,445 - DEBUG - Joint score for alpha[5]: 0.1022
2025-08-16 14:25:21,954 - DEBUG - Joint score for alpha[6]: 0.1027
2025-08-16 14:25:25,463 - DEBUG - Joint score for alpha[7]: 0.1016
2025-08-16 14:25:28,971 - DEBUG - Joint score for alpha[8]: 0.1017
2025-08-16 14:25:32,481 - DEBUG - Joint score for alpha[9]: 0.1013
2025-08-16 14:25:35,990 - DEBUG - Joint score for alpha[10]: 0.1043
2025-08-16 14:25:39,498 - DEBUG - Joint score for alpha[11]: 0.1012
2025-08-16 14:25:43,008 - DEBUG - Joint score for alpha[12]: 0.1019
2025-08-16 14:25:46,518 - DEBUG - Joint score for alpha[13]: 0.1034
2025-08-16 14:25:50,026 - DEBUG - Joint score for alpha[14]: 0.1017
2025-08-16 14:25:53,535 - DEBUG - Joint score for alpha[15]: 0.1023
2025-08-16 14:25:53,579 - INFO - Step 67/120: mean CRPS=0.1013
2025-08-16 14:25:53,584 - DEBUG - Beginning Gibbs iteration s = 67
2025-08-16 14:26:02,130 - DEBUG - Joint score for alpha[0]: 0.1151
2025-08-16 14:26:05,644 - DEBUG - Joint score for alpha[1]: 0.1013
2025-08-16 14:26:09,154 - DEBUG - Joint score for alpha[2]: 0.1059
2025-08-16 14:26:12,666 - DEBUG - Joint score for alpha[3]: 0.1018
2025-08-16 14:26:16,177 - DEBUG - Joint score for alpha[4]: 0.1199
2025-08-16 14:26:19,689 - DEBUG - Joint score for alpha[5]: 0.1234
2025-08-16 14:26:23,200 - DEBUG - Joint score for alpha[6]: 0.1039
2025-08-16 14:26:26,711 - DEBUG - Joint score for alpha[7]: 0.1014
2025-08-16 14:26:30,223 - DEBUG - Joint score for alpha[8]: 0.1165
2025-08-16 14:26:33,735 - DEBUG - Joint score for alpha[9]: 0.1074
2025-08-16 14:26:37,244 - DEBUG - Joint score for alpha[10]: 0.1171
2025-08-16 14:26:40,756 - DEBUG - Joint score for alpha[11]: 0.1051
2025-08-16 14:26:44,268 - DEBUG - Joint score for alpha[12]: 0.1192
2025-08-16 14:26:47,780 - DEBUG - Joint score for alpha[13]: 0.1077
2025-08-16 14:26:51,292 - DEBUG - Joint score for alpha[14]: 0.1065
2025-08-16 14:26:54,804 - DEBUG - Joint score for alpha[15]: 0.1038
2025-08-16 14:27:01,609 - DEBUG - Joint score for alpha[0]: 0.1104
2025-08-16 14:27:05,123 - DEBUG - Joint score for alpha[1]: 0.1037
2025-08-16 14:27:08,632 - DEBUG - Joint score for alpha[2]: 0.1039
2025-08-16 14:27:12,143 - DEBUG - Joint score for alpha[3]: 0.1020
2025-08-16 14:27:15,653 - DEBUG - Joint score for alpha[4]: 0.1021
2025-08-16 14:27:19,163 - DEBUG - Joint score for alpha[5]: 0.1016
2025-08-16 14:27:22,674 - DEBUG - Joint score for alpha[6]: 0.1091
2025-08-16 14:27:26,185 - DEBUG - Joint score for alpha[7]: 0.1093
2025-08-16 14:27:29,695 - DEBUG - Joint score for alpha[8]: 0.1066
2025-08-16 14:27:33,207 - DEBUG - Joint score for alpha[9]: 0.1025
2025-08-16 14:27:36,714 - DEBUG - Joint score for alpha[10]: 0.1084
2025-08-16 14:27:40,222 - DEBUG - Joint score for alpha[11]: 0.1017
2025-08-16 14:27:43,731 - DEBUG - Joint score for alpha[12]: 0.1032
2025-08-16 14:27:47,242 - DEBUG - Joint score for alpha[13]: 0.1018
2025-08-16 14:27:50,753 - DEBUG - Joint score for alpha[14]: 0.1052
2025-08-16 14:27:54,264 - DEBUG - Joint score for alpha[15]: 0.1024
2025-08-16 14:28:00,863 - DEBUG - Joint score for alpha[0]: 0.1015
2025-08-16 14:28:04,379 - DEBUG - Joint score for alpha[1]: 0.1017
2025-08-16 14:28:07,892 - DEBUG - Joint score for alpha[2]: 0.1031
2025-08-16 14:28:11,405 - DEBUG - Joint score for alpha[3]: 0.1017
2025-08-16 14:28:14,918 - DEBUG - Joint score for alpha[4]: 0.1063
2025-08-16 14:28:18,432 - DEBUG - Joint score for alpha[5]: 0.1015
2025-08-16 14:28:21,945 - DEBUG - Joint score for alpha[6]: 0.1144
2025-08-16 14:28:25,458 - DEBUG - Joint score for alpha[7]: 0.1037
2025-08-16 14:28:28,971 - DEBUG - Joint score for alpha[8]: 0.1030
2025-08-16 14:28:32,485 - DEBUG - Joint score for alpha[9]: 0.1021
2025-08-16 14:28:35,997 - DEBUG - Joint score for alpha[10]: 0.1014
2025-08-16 14:28:39,510 - DEBUG - Joint score for alpha[11]: 0.1035
2025-08-16 14:28:43,024 - DEBUG - Joint score for alpha[12]: 0.1022
2025-08-16 14:28:46,539 - DEBUG - Joint score for alpha[13]: 0.1024
2025-08-16 14:28:50,051 - DEBUG - Joint score for alpha[14]: 0.1020
2025-08-16 14:28:53,561 - DEBUG - Joint score for alpha[15]: 0.1021
2025-08-16 14:29:00,159 - DEBUG - Joint score for alpha[0]: 0.1061
2025-08-16 14:29:03,677 - DEBUG - Joint score for alpha[1]: 0.1029
2025-08-16 14:29:07,189 - DEBUG - Joint score for alpha[2]: 0.1021
2025-08-16 14:29:10,700 - DEBUG - Joint score for alpha[3]: 0.1029
2025-08-16 14:29:14,210 - DEBUG - Joint score for alpha[4]: 0.1024
2025-08-16 14:29:17,722 - DEBUG - Joint score for alpha[5]: 0.1020
2025-08-16 14:29:21,233 - DEBUG - Joint score for alpha[6]: 0.1032
2025-08-16 14:29:24,743 - DEBUG - Joint score for alpha[7]: 0.1019
2025-08-16 14:29:28,255 - DEBUG - Joint score for alpha[8]: 0.1018
2025-08-16 14:29:31,766 - DEBUG - Joint score for alpha[9]: 0.1022
2025-08-16 14:29:35,276 - DEBUG - Joint score for alpha[10]: 0.1052
2025-08-16 14:29:38,788 - DEBUG - Joint score for alpha[11]: 0.1038
2025-08-16 14:29:42,300 - DEBUG - Joint score for alpha[12]: 0.1027
2025-08-16 14:29:45,811 - DEBUG - Joint score for alpha[13]: 0.1020
2025-08-16 14:29:49,323 - DEBUG - Joint score for alpha[14]: 0.1026
2025-08-16 14:29:52,834 - DEBUG - Joint score for alpha[15]: 0.1049
2025-08-16 14:29:59,617 - DEBUG - Joint score for alpha[0]: 0.1019
2025-08-16 14:30:03,130 - DEBUG - Joint score for alpha[1]: 0.1018
2025-08-16 14:30:06,640 - DEBUG - Joint score for alpha[2]: 0.1030
2025-08-16 14:30:10,150 - DEBUG - Joint score for alpha[3]: 0.1019
2025-08-16 14:30:13,660 - DEBUG - Joint score for alpha[4]: 0.1019
2025-08-16 14:30:17,171 - DEBUG - Joint score for alpha[5]: 0.1050
2025-08-16 14:30:20,681 - DEBUG - Joint score for alpha[6]: 0.1028
2025-08-16 14:30:24,192 - DEBUG - Joint score for alpha[7]: 0.1023
2025-08-16 14:30:27,702 - DEBUG - Joint score for alpha[8]: 0.1027
2025-08-16 14:30:31,214 - DEBUG - Joint score for alpha[9]: 0.1028
2025-08-16 14:30:34,724 - DEBUG - Joint score for alpha[10]: 0.1036
2025-08-16 14:30:38,236 - DEBUG - Joint score for alpha[11]: 0.1024
2025-08-16 14:30:41,748 - DEBUG - Joint score for alpha[12]: 0.1029
2025-08-16 14:30:45,261 - DEBUG - Joint score for alpha[13]: 0.1018
2025-08-16 14:30:48,772 - DEBUG - Joint score for alpha[14]: 0.1023
2025-08-16 14:30:52,284 - DEBUG - Joint score for alpha[15]: 0.1040
2025-08-16 14:30:52,329 - INFO - Step 68/120: mean CRPS=0.1016
2025-08-16 14:30:52,333 - DEBUG - Beginning Gibbs iteration s = 68
2025-08-16 14:31:05,061 - DEBUG - Joint score for alpha[0]: 0.1164
2025-08-16 14:31:08,574 - DEBUG - Joint score for alpha[1]: 0.1075
2025-08-16 14:31:12,084 - DEBUG - Joint score for alpha[2]: 0.1031
2025-08-16 14:31:15,594 - DEBUG - Joint score for alpha[3]: 0.1209
2025-08-16 14:31:19,104 - DEBUG - Joint score for alpha[4]: 0.1026
2025-08-16 14:31:22,615 - DEBUG - Joint score for alpha[5]: 0.1056
2025-08-16 14:31:26,126 - DEBUG - Joint score for alpha[6]: 0.1049
2025-08-16 14:31:29,637 - DEBUG - Joint score for alpha[7]: 0.1046
2025-08-16 14:31:33,147 - DEBUG - Joint score for alpha[8]: 0.1110
2025-08-16 14:31:36,658 - DEBUG - Joint score for alpha[9]: 0.1134
2025-08-16 14:31:40,168 - DEBUG - Joint score for alpha[10]: 0.1349
2025-08-16 14:31:43,679 - DEBUG - Joint score for alpha[11]: 0.1025
2025-08-16 14:31:47,191 - DEBUG - Joint score for alpha[12]: 0.1050
2025-08-16 14:31:50,703 - DEBUG - Joint score for alpha[13]: 0.1275
2025-08-16 14:31:54,213 - DEBUG - Joint score for alpha[14]: 0.1291
2025-08-16 14:31:57,724 - DEBUG - Joint score for alpha[15]: 0.1064
2025-08-16 14:32:04,321 - DEBUG - Joint score for alpha[0]: 0.1033
2025-08-16 14:32:07,834 - DEBUG - Joint score for alpha[1]: 0.1074
2025-08-16 14:32:11,344 - DEBUG - Joint score for alpha[2]: 0.1060
2025-08-16 14:32:14,855 - DEBUG - Joint score for alpha[3]: 0.1024
2025-08-16 14:32:18,366 - DEBUG - Joint score for alpha[4]: 0.1028
2025-08-16 14:32:21,877 - DEBUG - Joint score for alpha[5]: 0.1049
2025-08-16 14:32:25,387 - DEBUG - Joint score for alpha[6]: 0.1084
2025-08-16 14:32:28,897 - DEBUG - Joint score for alpha[7]: 0.1029
2025-08-16 14:32:32,408 - DEBUG - Joint score for alpha[8]: 0.1028
2025-08-16 14:32:35,919 - DEBUG - Joint score for alpha[9]: 0.1066
2025-08-16 14:32:39,428 - DEBUG - Joint score for alpha[10]: 0.1028
2025-08-16 14:32:42,939 - DEBUG - Joint score for alpha[11]: 0.1064
2025-08-16 14:32:46,452 - DEBUG - Joint score for alpha[12]: 0.1041
2025-08-16 14:32:49,964 - DEBUG - Joint score for alpha[13]: 0.1033
2025-08-16 14:32:53,477 - DEBUG - Joint score for alpha[14]: 0.1059
2025-08-16 14:32:56,991 - DEBUG - Joint score for alpha[15]: 0.1033
2025-08-16 14:33:03,602 - DEBUG - Joint score for alpha[0]: 0.1027
2025-08-16 14:33:07,118 - DEBUG - Joint score for alpha[1]: 0.1027
2025-08-16 14:33:10,630 - DEBUG - Joint score for alpha[2]: 0.1022
2025-08-16 14:33:14,143 - DEBUG - Joint score for alpha[3]: 0.1028
2025-08-16 14:33:17,656 - DEBUG - Joint score for alpha[4]: 0.1048
2025-08-16 14:33:21,170 - DEBUG - Joint score for alpha[5]: 0.1039
2025-08-16 14:33:24,684 - DEBUG - Joint score for alpha[6]: 0.1044
2025-08-16 14:33:28,197 - DEBUG - Joint score for alpha[7]: 0.1030
2025-08-16 14:33:31,711 - DEBUG - Joint score for alpha[8]: 0.1026
2025-08-16 14:33:35,224 - DEBUG - Joint score for alpha[9]: 0.1036
2025-08-16 14:33:38,736 - DEBUG - Joint score for alpha[10]: 0.1028
2025-08-16 14:33:42,250 - DEBUG - Joint score for alpha[11]: 0.1050
2025-08-16 14:33:45,765 - DEBUG - Joint score for alpha[12]: 0.1035
2025-08-16 14:33:49,280 - DEBUG - Joint score for alpha[13]: 0.1040
2025-08-16 14:33:52,794 - DEBUG - Joint score for alpha[14]: 0.1038
2025-08-16 14:33:56,309 - DEBUG - Joint score for alpha[15]: 0.1040
2025-08-16 14:34:02,921 - DEBUG - Joint score for alpha[0]: 0.1030
2025-08-16 14:34:06,438 - DEBUG - Joint score for alpha[1]: 0.1030
2025-08-16 14:34:09,952 - DEBUG - Joint score for alpha[2]: 0.1029
2025-08-16 14:34:13,464 - DEBUG - Joint score for alpha[3]: 0.1032
2025-08-16 14:34:16,974 - DEBUG - Joint score for alpha[4]: 0.1027
2025-08-16 14:34:20,487 - DEBUG - Joint score for alpha[5]: 0.1024
2025-08-16 14:34:23,999 - DEBUG - Joint score for alpha[6]: 0.1025
2025-08-16 14:34:27,510 - DEBUG - Joint score for alpha[7]: 0.1047
2025-08-16 14:34:31,023 - DEBUG - Joint score for alpha[8]: 0.1030
2025-08-16 14:34:34,536 - DEBUG - Joint score for alpha[9]: 0.1019
2025-08-16 14:34:38,047 - DEBUG - Joint score for alpha[10]: 0.1027
2025-08-16 14:34:41,560 - DEBUG - Joint score for alpha[11]: 0.1032
2025-08-16 14:34:45,073 - DEBUG - Joint score for alpha[12]: 0.1031
2025-08-16 14:34:48,586 - DEBUG - Joint score for alpha[13]: 0.1057
2025-08-16 14:34:52,097 - DEBUG - Joint score for alpha[14]: 0.1025
2025-08-16 14:34:55,611 - DEBUG - Joint score for alpha[15]: 0.1028
2025-08-16 14:35:02,409 - DEBUG - Joint score for alpha[0]: 0.1057
2025-08-16 14:35:05,924 - DEBUG - Joint score for alpha[1]: 0.1056
2025-08-16 14:35:09,435 - DEBUG - Joint score for alpha[2]: 0.1030
2025-08-16 14:35:12,947 - DEBUG - Joint score for alpha[3]: 0.1020
2025-08-16 14:35:16,458 - DEBUG - Joint score for alpha[4]: 0.1050
2025-08-16 14:35:19,970 - DEBUG - Joint score for alpha[5]: 0.1044
2025-08-16 14:35:23,482 - DEBUG - Joint score for alpha[6]: 0.1059
2025-08-16 14:35:26,993 - DEBUG - Joint score for alpha[7]: 0.1054
2025-08-16 14:35:30,505 - DEBUG - Joint score for alpha[8]: 0.1027
2025-08-16 14:35:34,017 - DEBUG - Joint score for alpha[9]: 0.1027
2025-08-16 14:35:37,529 - DEBUG - Joint score for alpha[10]: 0.1038
2025-08-16 14:35:41,040 - DEBUG - Joint score for alpha[11]: 0.1033
2025-08-16 14:35:45,309 - DEBUG - Joint score for alpha[12]: 0.1045
2025-08-16 14:35:48,820 - DEBUG - Joint score for alpha[13]: 0.1065
2025-08-16 14:35:52,332 - DEBUG - Joint score for alpha[14]: 0.1027
2025-08-16 14:35:55,844 - DEBUG - Joint score for alpha[15]: 0.1029
2025-08-16 14:35:55,888 - INFO - Step 69/120: mean CRPS=0.1022
2025-08-16 14:35:55,894 - DEBUG - Beginning Gibbs iteration s = 69
2025-08-16 14:36:04,954 - DEBUG - Joint score for alpha[0]: 0.1284
2025-08-16 14:36:08,468 - DEBUG - Joint score for alpha[1]: 0.1208
2025-08-16 14:36:11,979 - DEBUG - Joint score for alpha[2]: 0.1089
2025-08-16 14:36:15,489 - DEBUG - Joint score for alpha[3]: 0.1058
2025-08-16 14:36:18,999 - DEBUG - Joint score for alpha[4]: 0.1129
2025-08-16 14:36:22,511 - DEBUG - Joint score for alpha[5]: 0.1088
2025-08-16 14:36:26,022 - DEBUG - Joint score for alpha[6]: 0.1081
2025-08-16 14:36:29,533 - DEBUG - Joint score for alpha[7]: 0.1024
2025-08-16 14:36:33,045 - DEBUG - Joint score for alpha[8]: 0.1099
2025-08-16 14:36:36,557 - DEBUG - Joint score for alpha[9]: 0.1030
2025-08-16 14:36:40,066 - DEBUG - Joint score for alpha[10]: 0.1046
2025-08-16 14:36:43,579 - DEBUG - Joint score for alpha[11]: 0.1126
2025-08-16 14:36:47,091 - DEBUG - Joint score for alpha[12]: 0.1116
2025-08-16 14:36:50,603 - DEBUG - Joint score for alpha[13]: 0.1190
2025-08-16 14:36:54,114 - DEBUG - Joint score for alpha[14]: 0.1237
2025-08-16 14:36:57,626 - DEBUG - Joint score for alpha[15]: 0.1103
2025-08-16 14:37:04,218 - DEBUG - Joint score for alpha[0]: 0.1029
2025-08-16 14:37:07,732 - DEBUG - Joint score for alpha[1]: 0.1050
2025-08-16 14:37:11,244 - DEBUG - Joint score for alpha[2]: 0.1026
2025-08-16 14:37:14,754 - DEBUG - Joint score for alpha[3]: 0.1029
2025-08-16 14:37:18,264 - DEBUG - Joint score for alpha[4]: 0.1027
2025-08-16 14:37:21,776 - DEBUG - Joint score for alpha[5]: 0.1117
2025-08-16 14:37:25,287 - DEBUG - Joint score for alpha[6]: 0.1025
2025-08-16 14:37:28,798 - DEBUG - Joint score for alpha[7]: 0.1052
2025-08-16 14:37:32,309 - DEBUG - Joint score for alpha[8]: 0.1036
2025-08-16 14:37:35,821 - DEBUG - Joint score for alpha[9]: 0.1032
2025-08-16 14:37:39,332 - DEBUG - Joint score for alpha[10]: 0.1075
2025-08-16 14:37:42,844 - DEBUG - Joint score for alpha[11]: 0.1021
2025-08-16 14:37:46,356 - DEBUG - Joint score for alpha[12]: 0.1081
2025-08-16 14:37:49,869 - DEBUG - Joint score for alpha[13]: 0.1029
2025-08-16 14:37:53,383 - DEBUG - Joint score for alpha[14]: 0.1028
2025-08-16 14:37:56,897 - DEBUG - Joint score for alpha[15]: 0.1108
2025-08-16 14:38:03,499 - DEBUG - Joint score for alpha[0]: 0.1027
2025-08-16 14:38:07,017 - DEBUG - Joint score for alpha[1]: 0.1039
2025-08-16 14:38:10,530 - DEBUG - Joint score for alpha[2]: 0.1021
2025-08-16 14:38:14,044 - DEBUG - Joint score for alpha[3]: 0.1030
2025-08-16 14:38:17,556 - DEBUG - Joint score for alpha[4]: 0.1031
2025-08-16 14:38:21,070 - DEBUG - Joint score for alpha[5]: 0.1025
2025-08-16 14:38:24,583 - DEBUG - Joint score for alpha[6]: 0.1032
2025-08-16 14:38:28,096 - DEBUG - Joint score for alpha[7]: 0.1021
2025-08-16 14:38:31,610 - DEBUG - Joint score for alpha[8]: 0.1036
2025-08-16 14:38:35,123 - DEBUG - Joint score for alpha[9]: 0.1029
2025-08-16 14:38:38,636 - DEBUG - Joint score for alpha[10]: 0.1041
2025-08-16 14:38:42,151 - DEBUG - Joint score for alpha[11]: 0.1149
2025-08-16 14:38:45,666 - DEBUG - Joint score for alpha[12]: 0.1034
2025-08-16 14:38:49,181 - DEBUG - Joint score for alpha[13]: 0.1028
2025-08-16 14:38:52,696 - DEBUG - Joint score for alpha[14]: 0.1028
2025-08-16 14:38:56,211 - DEBUG - Joint score for alpha[15]: 0.1030
2025-08-16 14:39:02,828 - DEBUG - Joint score for alpha[0]: 0.1027
2025-08-16 14:39:06,346 - DEBUG - Joint score for alpha[1]: 0.1038
2025-08-16 14:39:09,859 - DEBUG - Joint score for alpha[2]: 0.1048
2025-08-16 14:39:13,371 - DEBUG - Joint score for alpha[3]: 0.1039
2025-08-16 14:39:16,883 - DEBUG - Joint score for alpha[4]: 0.1031
2025-08-16 14:39:20,395 - DEBUG - Joint score for alpha[5]: 0.1036
2025-08-16 14:39:23,907 - DEBUG - Joint score for alpha[6]: 0.1024
2025-08-16 14:39:27,418 - DEBUG - Joint score for alpha[7]: 0.1036
2025-08-16 14:39:30,930 - DEBUG - Joint score for alpha[8]: 0.1027
2025-08-16 14:39:34,443 - DEBUG - Joint score for alpha[9]: 0.1055
2025-08-16 14:39:37,954 - DEBUG - Joint score for alpha[10]: 0.1043
2025-08-16 14:39:41,466 - DEBUG - Joint score for alpha[11]: 0.1024
2025-08-16 14:39:44,981 - DEBUG - Joint score for alpha[12]: 0.1025
2025-08-16 14:39:48,494 - DEBUG - Joint score for alpha[13]: 0.1028
2025-08-16 14:39:52,006 - DEBUG - Joint score for alpha[14]: 0.1023
2025-08-16 14:39:55,519 - DEBUG - Joint score for alpha[15]: 0.1040
2025-08-16 14:40:02,276 - DEBUG - Joint score for alpha[0]: 0.1039
2025-08-16 14:40:05,792 - DEBUG - Joint score for alpha[1]: 0.1066
2025-08-16 14:40:09,302 - DEBUG - Joint score for alpha[2]: 0.1044
2025-08-16 14:40:12,814 - DEBUG - Joint score for alpha[3]: 0.1085
2025-08-16 14:40:16,325 - DEBUG - Joint score for alpha[4]: 0.1053
2025-08-16 14:40:19,837 - DEBUG - Joint score for alpha[5]: 0.1033
2025-08-16 14:40:23,348 - DEBUG - Joint score for alpha[6]: 0.1071
2025-08-16 14:40:26,859 - DEBUG - Joint score for alpha[7]: 0.1030
2025-08-16 14:40:30,370 - DEBUG - Joint score for alpha[8]: 0.1062
2025-08-16 14:40:33,882 - DEBUG - Joint score for alpha[9]: 0.1027
2025-08-16 14:40:37,393 - DEBUG - Joint score for alpha[10]: 0.1048
2025-08-16 14:40:40,905 - DEBUG - Joint score for alpha[11]: 0.1031
2025-08-16 14:40:44,418 - DEBUG - Joint score for alpha[12]: 0.1047
2025-08-16 14:40:47,930 - DEBUG - Joint score for alpha[13]: 0.1031
2025-08-16 14:40:51,442 - DEBUG - Joint score for alpha[14]: 0.1054
2025-08-16 14:40:54,954 - DEBUG - Joint score for alpha[15]: 0.1032
2025-08-16 14:40:54,999 - INFO - Step 70/120: mean CRPS=0.1023
2025-08-16 14:40:55,006 - DEBUG - Beginning Gibbs iteration s = 70
2025-08-16 14:41:06,530 - DEBUG - Joint score for alpha[0]: 0.1030
2025-08-16 14:41:10,043 - DEBUG - Joint score for alpha[1]: 0.1027
2025-08-16 14:41:13,552 - DEBUG - Joint score for alpha[2]: 0.1100
2025-08-16 14:41:17,062 - DEBUG - Joint score for alpha[3]: 0.1029
2025-08-16 14:41:20,572 - DEBUG - Joint score for alpha[4]: 0.1034
2025-08-16 14:41:24,082 - DEBUG - Joint score for alpha[5]: 0.1026
2025-08-16 14:41:27,593 - DEBUG - Joint score for alpha[6]: 0.1035
2025-08-16 14:41:31,103 - DEBUG - Joint score for alpha[7]: 0.1044
2025-08-16 14:41:34,614 - DEBUG - Joint score for alpha[8]: 0.1166
2025-08-16 14:41:38,125 - DEBUG - Joint score for alpha[9]: 0.1025
2025-08-16 14:41:41,636 - DEBUG - Joint score for alpha[10]: 0.1077
2025-08-16 14:41:45,147 - DEBUG - Joint score for alpha[11]: 0.1073
2025-08-16 14:41:48,659 - DEBUG - Joint score for alpha[12]: 0.1040
2025-08-16 14:41:52,171 - DEBUG - Joint score for alpha[13]: 0.1277
2025-08-16 14:41:55,682 - DEBUG - Joint score for alpha[14]: 0.1169
2025-08-16 14:41:59,193 - DEBUG - Joint score for alpha[15]: 0.1282
2025-08-16 14:42:05,784 - DEBUG - Joint score for alpha[0]: 0.1039
2025-08-16 14:42:09,297 - DEBUG - Joint score for alpha[1]: 0.1033
2025-08-16 14:42:12,808 - DEBUG - Joint score for alpha[2]: 0.1170
2025-08-16 14:42:16,319 - DEBUG - Joint score for alpha[3]: 0.1102
2025-08-16 14:42:19,830 - DEBUG - Joint score for alpha[4]: 0.1029
2025-08-16 14:42:23,341 - DEBUG - Joint score for alpha[5]: 0.1034
2025-08-16 14:42:26,852 - DEBUG - Joint score for alpha[6]: 0.1079
2025-08-16 14:42:30,361 - DEBUG - Joint score for alpha[7]: 0.1031
2025-08-16 14:42:33,871 - DEBUG - Joint score for alpha[8]: 0.1075
2025-08-16 14:42:37,382 - DEBUG - Joint score for alpha[9]: 0.1068
2025-08-16 14:42:40,892 - DEBUG - Joint score for alpha[10]: 0.1069
2025-08-16 14:42:44,406 - DEBUG - Joint score for alpha[11]: 0.1030
2025-08-16 14:42:47,919 - DEBUG - Joint score for alpha[12]: 0.1032
2025-08-16 14:42:51,434 - DEBUG - Joint score for alpha[13]: 0.1027
2025-08-16 14:42:54,948 - DEBUG - Joint score for alpha[14]: 0.1025
2025-08-16 14:42:58,462 - DEBUG - Joint score for alpha[15]: 0.1030
2025-08-16 14:43:05,078 - DEBUG - Joint score for alpha[0]: 0.1032
2025-08-16 14:43:08,594 - DEBUG - Joint score for alpha[1]: 0.1030
2025-08-16 14:43:12,106 - DEBUG - Joint score for alpha[2]: 0.1029
2025-08-16 14:43:15,620 - DEBUG - Joint score for alpha[3]: 0.1080
2025-08-16 14:43:19,133 - DEBUG - Joint score for alpha[4]: 0.1037
2025-08-16 14:43:22,646 - DEBUG - Joint score for alpha[5]: 0.1041
2025-08-16 14:43:26,159 - DEBUG - Joint score for alpha[6]: 0.1108
2025-08-16 14:43:29,672 - DEBUG - Joint score for alpha[7]: 0.1037
2025-08-16 14:43:33,185 - DEBUG - Joint score for alpha[8]: 0.1029
2025-08-16 14:43:36,699 - DEBUG - Joint score for alpha[9]: 0.1031
2025-08-16 14:43:40,210 - DEBUG - Joint score for alpha[10]: 0.1049
2025-08-16 14:43:43,724 - DEBUG - Joint score for alpha[11]: 0.1027
2025-08-16 14:43:47,238 - DEBUG - Joint score for alpha[12]: 0.1042
2025-08-16 14:43:50,752 - DEBUG - Joint score for alpha[13]: 0.1034
2025-08-16 14:43:54,265 - DEBUG - Joint score for alpha[14]: 0.1038
2025-08-16 14:43:57,779 - DEBUG - Joint score for alpha[15]: 0.1080
2025-08-16 14:44:04,382 - DEBUG - Joint score for alpha[0]: 0.1069
2025-08-16 14:44:07,899 - DEBUG - Joint score for alpha[1]: 0.1048
2025-08-16 14:44:11,411 - DEBUG - Joint score for alpha[2]: 0.1030
2025-08-16 14:44:14,925 - DEBUG - Joint score for alpha[3]: 0.1037
2025-08-16 14:44:18,438 - DEBUG - Joint score for alpha[4]: 0.1114
2025-08-16 14:44:21,951 - DEBUG - Joint score for alpha[5]: 0.1031
2025-08-16 14:44:25,462 - DEBUG - Joint score for alpha[6]: 0.1029
2025-08-16 14:44:28,972 - DEBUG - Joint score for alpha[7]: 0.1036
2025-08-16 14:44:32,483 - DEBUG - Joint score for alpha[8]: 0.1035
2025-08-16 14:44:35,994 - DEBUG - Joint score for alpha[9]: 0.1034
2025-08-16 14:44:39,504 - DEBUG - Joint score for alpha[10]: 0.1047
2025-08-16 14:44:43,015 - DEBUG - Joint score for alpha[11]: 0.1051
2025-08-16 14:44:46,527 - DEBUG - Joint score for alpha[12]: 0.1033
2025-08-16 14:44:50,039 - DEBUG - Joint score for alpha[13]: 0.1033
2025-08-16 14:44:53,551 - DEBUG - Joint score for alpha[14]: 0.1039
2025-08-16 14:44:57,064 - DEBUG - Joint score for alpha[15]: 0.1024
2025-08-16 14:45:03,651 - DEBUG - Joint score for alpha[0]: 0.1026
2025-08-16 14:45:07,165 - DEBUG - Joint score for alpha[1]: 0.1029
2025-08-16 14:45:10,675 - DEBUG - Joint score for alpha[2]: 0.1026
2025-08-16 14:45:14,186 - DEBUG - Joint score for alpha[3]: 0.1029
2025-08-16 14:45:17,695 - DEBUG - Joint score for alpha[4]: 0.1036
2025-08-16 14:45:21,207 - DEBUG - Joint score for alpha[5]: 0.1032
2025-08-16 14:45:24,718 - DEBUG - Joint score for alpha[6]: 0.1025
2025-08-16 14:45:28,228 - DEBUG - Joint score for alpha[7]: 0.1061
2025-08-16 14:45:31,739 - DEBUG - Joint score for alpha[8]: 0.1035
2025-08-16 14:45:35,249 - DEBUG - Joint score for alpha[9]: 0.1054
2025-08-16 14:45:38,760 - DEBUG - Joint score for alpha[10]: 0.1027
2025-08-16 14:45:42,272 - DEBUG - Joint score for alpha[11]: 0.1036
2025-08-16 14:45:45,785 - DEBUG - Joint score for alpha[12]: 0.1037
2025-08-16 14:45:49,297 - DEBUG - Joint score for alpha[13]: 0.1047
2025-08-16 14:45:52,809 - DEBUG - Joint score for alpha[14]: 0.1046
2025-08-16 14:45:56,321 - DEBUG - Joint score for alpha[15]: 0.1028
2025-08-16 14:45:56,365 - INFO - Step 71/120: mean CRPS=0.1025
2025-08-16 14:45:56,372 - DEBUG - Beginning Gibbs iteration s = 71
2025-08-16 14:46:05,334 - DEBUG - Joint score for alpha[0]: 0.1024
2025-08-16 14:46:08,848 - DEBUG - Joint score for alpha[1]: 0.1027
2025-08-16 14:46:12,357 - DEBUG - Joint score for alpha[2]: 0.1224
2025-08-16 14:46:15,868 - DEBUG - Joint score for alpha[3]: 0.1152
2025-08-16 14:46:19,378 - DEBUG - Joint score for alpha[4]: 0.1029
2025-08-16 14:46:22,889 - DEBUG - Joint score for alpha[5]: 0.1196
2025-08-16 14:46:26,400 - DEBUG - Joint score for alpha[6]: 0.1069
2025-08-16 14:46:29,910 - DEBUG - Joint score for alpha[7]: 0.1040
2025-08-16 14:46:33,421 - DEBUG - Joint score for alpha[8]: 0.1155
2025-08-16 14:46:36,933 - DEBUG - Joint score for alpha[9]: 0.1093
2025-08-16 14:46:40,446 - DEBUG - Joint score for alpha[10]: 0.1334
2025-08-16 14:46:43,958 - DEBUG - Joint score for alpha[11]: 0.1032
2025-08-16 14:46:47,469 - DEBUG - Joint score for alpha[12]: 0.1091
2025-08-16 14:46:50,981 - DEBUG - Joint score for alpha[13]: 0.1186
2025-08-16 14:46:54,493 - DEBUG - Joint score for alpha[14]: 0.1284
2025-08-16 14:46:58,004 - DEBUG - Joint score for alpha[15]: 0.1024
2025-08-16 14:47:04,809 - DEBUG - Joint score for alpha[0]: 0.1041
2025-08-16 14:47:08,324 - DEBUG - Joint score for alpha[1]: 0.1104
2025-08-16 14:47:11,835 - DEBUG - Joint score for alpha[2]: 0.1036
2025-08-16 14:47:15,346 - DEBUG - Joint score for alpha[3]: 0.1036
2025-08-16 14:47:18,857 - DEBUG - Joint score for alpha[4]: 0.1025
2025-08-16 14:47:22,368 - DEBUG - Joint score for alpha[5]: 0.1034
2025-08-16 14:47:25,882 - DEBUG - Joint score for alpha[6]: 0.1094
2025-08-16 14:47:29,392 - DEBUG - Joint score for alpha[7]: 0.1094
2025-08-16 14:47:32,904 - DEBUG - Joint score for alpha[8]: 0.1047
2025-08-16 14:47:36,415 - DEBUG - Joint score for alpha[9]: 0.1026
2025-08-16 14:47:39,926 - DEBUG - Joint score for alpha[10]: 0.1030
2025-08-16 14:47:43,438 - DEBUG - Joint score for alpha[11]: 0.1026
2025-08-16 14:47:46,951 - DEBUG - Joint score for alpha[12]: 0.1038
2025-08-16 14:47:50,464 - DEBUG - Joint score for alpha[13]: 0.1047
2025-08-16 14:47:53,976 - DEBUG - Joint score for alpha[14]: 0.1029
2025-08-16 14:47:57,488 - DEBUG - Joint score for alpha[15]: 0.1034
2025-08-16 14:48:04,126 - DEBUG - Joint score for alpha[0]: 0.1022
2025-08-16 14:48:07,641 - DEBUG - Joint score for alpha[1]: 0.1048
2025-08-16 14:48:11,150 - DEBUG - Joint score for alpha[2]: 0.1063
2025-08-16 14:48:14,662 - DEBUG - Joint score for alpha[3]: 0.1024
2025-08-16 14:48:18,172 - DEBUG - Joint score for alpha[4]: 0.1060
2025-08-16 14:48:21,684 - DEBUG - Joint score for alpha[5]: 0.1026
2025-08-16 14:48:25,196 - DEBUG - Joint score for alpha[6]: 0.1027
2025-08-16 14:48:28,707 - DEBUG - Joint score for alpha[7]: 0.1024
2025-08-16 14:48:32,219 - DEBUG - Joint score for alpha[8]: 0.1039
2025-08-16 14:48:35,730 - DEBUG - Joint score for alpha[9]: 0.1025
2025-08-16 14:48:39,240 - DEBUG - Joint score for alpha[10]: 0.1024
2025-08-16 14:48:42,753 - DEBUG - Joint score for alpha[11]: 0.1026
2025-08-16 14:48:46,265 - DEBUG - Joint score for alpha[12]: 0.1023
2025-08-16 14:48:49,779 - DEBUG - Joint score for alpha[13]: 0.1025
2025-08-16 14:48:53,291 - DEBUG - Joint score for alpha[14]: 0.1053
2025-08-16 14:48:56,804 - DEBUG - Joint score for alpha[15]: 0.1024
2025-08-16 14:49:03,417 - DEBUG - Joint score for alpha[0]: 0.1028
2025-08-16 14:49:06,934 - DEBUG - Joint score for alpha[1]: 0.1028
2025-08-16 14:49:10,447 - DEBUG - Joint score for alpha[2]: 0.1020
2025-08-16 14:49:13,962 - DEBUG - Joint score for alpha[3]: 0.1057
2025-08-16 14:49:17,475 - DEBUG - Joint score for alpha[4]: 0.1030
2025-08-16 14:49:20,988 - DEBUG - Joint score for alpha[5]: 0.1025
2025-08-16 14:49:24,500 - DEBUG - Joint score for alpha[6]: 0.1032
2025-08-16 14:49:28,014 - DEBUG - Joint score for alpha[7]: 0.1064
2025-08-16 14:49:31,526 - DEBUG - Joint score for alpha[8]: 0.1025
2025-08-16 14:49:35,040 - DEBUG - Joint score for alpha[9]: 0.1024
2025-08-16 14:49:38,552 - DEBUG - Joint score for alpha[10]: 0.1021
2025-08-16 14:49:42,064 - DEBUG - Joint score for alpha[11]: 0.1038
2025-08-16 14:49:45,576 - DEBUG - Joint score for alpha[12]: 0.1038
2025-08-16 14:49:49,089 - DEBUG - Joint score for alpha[13]: 0.1022
2025-08-16 14:49:52,601 - DEBUG - Joint score for alpha[14]: 0.1032
2025-08-16 14:49:56,114 - DEBUG - Joint score for alpha[15]: 0.1038
2025-08-16 14:50:02,715 - DEBUG - Joint score for alpha[0]: 0.1040
2025-08-16 14:50:06,232 - DEBUG - Joint score for alpha[1]: 0.1033
2025-08-16 14:50:09,744 - DEBUG - Joint score for alpha[2]: 0.1028
2025-08-16 14:50:13,257 - DEBUG - Joint score for alpha[3]: 0.1024
2025-08-16 14:50:16,770 - DEBUG - Joint score for alpha[4]: 0.1031
2025-08-16 14:50:20,285 - DEBUG - Joint score for alpha[5]: 0.1039
2025-08-16 14:50:23,798 - DEBUG - Joint score for alpha[6]: 0.1032
2025-08-16 14:50:27,312 - DEBUG - Joint score for alpha[7]: 0.1029
2025-08-16 14:50:30,826 - DEBUG - Joint score for alpha[8]: 0.1033
2025-08-16 14:50:34,340 - DEBUG - Joint score for alpha[9]: 0.1047
2025-08-16 14:50:37,852 - DEBUG - Joint score for alpha[10]: 0.1033
2025-08-16 14:50:41,365 - DEBUG - Joint score for alpha[11]: 0.1021
2025-08-16 14:50:44,877 - DEBUG - Joint score for alpha[12]: 0.1056
2025-08-16 14:50:48,389 - DEBUG - Joint score for alpha[13]: 0.1025
2025-08-16 14:50:51,900 - DEBUG - Joint score for alpha[14]: 0.1036
2025-08-16 14:50:55,413 - DEBUG - Joint score for alpha[15]: 0.1033
2025-08-16 14:50:55,457 - INFO - Step 72/120: mean CRPS=0.1022
2025-08-16 14:50:55,462 - DEBUG - Beginning Gibbs iteration s = 72
2025-08-16 14:51:04,915 - DEBUG - Joint score for alpha[0]: 0.1071
2025-08-16 14:51:08,429 - DEBUG - Joint score for alpha[1]: 0.1054
2025-08-16 14:51:11,939 - DEBUG - Joint score for alpha[2]: 0.1021
2025-08-16 14:51:15,449 - DEBUG - Joint score for alpha[3]: 0.1102
2025-08-16 14:51:18,960 - DEBUG - Joint score for alpha[4]: 0.1024
2025-08-16 14:51:22,472 - DEBUG - Joint score for alpha[5]: 0.1106
2025-08-16 14:51:25,983 - DEBUG - Joint score for alpha[6]: 0.1065
2025-08-16 14:51:29,495 - DEBUG - Joint score for alpha[7]: 0.1029
2025-08-16 14:51:33,007 - DEBUG - Joint score for alpha[8]: 0.1059
2025-08-16 14:51:36,519 - DEBUG - Joint score for alpha[9]: 0.1038
2025-08-16 14:51:40,030 - DEBUG - Joint score for alpha[10]: 0.1094
2025-08-16 14:51:43,541 - DEBUG - Joint score for alpha[11]: 0.1043
2025-08-16 14:51:47,053 - DEBUG - Joint score for alpha[12]: 0.1022
2025-08-16 14:51:50,567 - DEBUG - Joint score for alpha[13]: 0.1194
2025-08-16 14:51:54,078 - DEBUG - Joint score for alpha[14]: 0.1284
2025-08-16 14:51:57,590 - DEBUG - Joint score for alpha[15]: 0.1046
2025-08-16 14:52:04,331 - DEBUG - Joint score for alpha[0]: 0.1023
2025-08-16 14:52:07,846 - DEBUG - Joint score for alpha[1]: 0.1070
2025-08-16 14:52:11,356 - DEBUG - Joint score for alpha[2]: 0.1055
2025-08-16 14:52:14,868 - DEBUG - Joint score for alpha[3]: 0.1045
2025-08-16 14:52:18,380 - DEBUG - Joint score for alpha[4]: 0.1023
2025-08-16 14:52:21,892 - DEBUG - Joint score for alpha[5]: 0.1026
2025-08-16 14:52:25,403 - DEBUG - Joint score for alpha[6]: 0.1025
2025-08-16 14:52:28,914 - DEBUG - Joint score for alpha[7]: 0.1026
2025-08-16 14:52:32,426 - DEBUG - Joint score for alpha[8]: 0.1025
2025-08-16 14:52:35,939 - DEBUG - Joint score for alpha[9]: 0.1026
2025-08-16 14:52:39,449 - DEBUG - Joint score for alpha[10]: 0.1020
2025-08-16 14:52:42,961 - DEBUG - Joint score for alpha[11]: 0.1032
2025-08-16 14:52:46,474 - DEBUG - Joint score for alpha[12]: 0.1030
2025-08-16 14:52:49,988 - DEBUG - Joint score for alpha[13]: 0.1026
2025-08-16 14:52:53,499 - DEBUG - Joint score for alpha[14]: 0.1023
2025-08-16 14:52:57,012 - DEBUG - Joint score for alpha[15]: 0.1305
2025-08-16 14:53:03,762 - DEBUG - Joint score for alpha[0]: 0.1082
2025-08-16 14:53:07,274 - DEBUG - Joint score for alpha[1]: 0.1032
2025-08-16 14:53:10,781 - DEBUG - Joint score for alpha[2]: 0.1025
2025-08-16 14:53:14,290 - DEBUG - Joint score for alpha[3]: 0.1017
2025-08-16 14:53:17,798 - DEBUG - Joint score for alpha[4]: 0.1024
2025-08-16 14:53:21,307 - DEBUG - Joint score for alpha[5]: 0.1024
2025-08-16 14:53:24,816 - DEBUG - Joint score for alpha[6]: 0.1068
2025-08-16 14:53:28,324 - DEBUG - Joint score for alpha[7]: 0.1030
2025-08-16 14:53:31,833 - DEBUG - Joint score for alpha[8]: 0.1081
2025-08-16 14:53:35,343 - DEBUG - Joint score for alpha[9]: 0.1028
2025-08-16 14:53:38,850 - DEBUG - Joint score for alpha[10]: 0.1025
2025-08-16 14:53:42,359 - DEBUG - Joint score for alpha[11]: 0.1032
2025-08-16 14:53:45,868 - DEBUG - Joint score for alpha[12]: 0.1021
2025-08-16 14:53:49,378 - DEBUG - Joint score for alpha[13]: 0.1020
2025-08-16 14:53:52,886 - DEBUG - Joint score for alpha[14]: 0.1102
2025-08-16 14:53:56,396 - DEBUG - Joint score for alpha[15]: 0.1024
2025-08-16 14:54:02,991 - DEBUG - Joint score for alpha[0]: 0.1027
2025-08-16 14:54:06,503 - DEBUG - Joint score for alpha[1]: 0.1020
2025-08-16 14:54:10,011 - DEBUG - Joint score for alpha[2]: 0.1024
2025-08-16 14:54:13,520 - DEBUG - Joint score for alpha[3]: 0.1029
2025-08-16 14:54:17,028 - DEBUG - Joint score for alpha[4]: 0.1283
2025-08-16 14:54:20,538 - DEBUG - Joint score for alpha[5]: 0.1020
2025-08-16 14:54:24,046 - DEBUG - Joint score for alpha[6]: 0.1019
2025-08-16 14:54:27,555 - DEBUG - Joint score for alpha[7]: 0.1031
2025-08-16 14:54:31,066 - DEBUG - Joint score for alpha[8]: 0.1016
2025-08-16 14:54:34,577 - DEBUG - Joint score for alpha[9]: 0.1026
2025-08-16 14:54:38,086 - DEBUG - Joint score for alpha[10]: 0.1025
2025-08-16 14:54:41,598 - DEBUG - Joint score for alpha[11]: 0.1018
2025-08-16 14:54:45,109 - DEBUG - Joint score for alpha[12]: 0.1028
2025-08-16 14:54:48,621 - DEBUG - Joint score for alpha[13]: 0.1021
2025-08-16 14:54:52,133 - DEBUG - Joint score for alpha[14]: 0.1058
2025-08-16 14:54:55,645 - DEBUG - Joint score for alpha[15]: 0.1025
2025-08-16 14:55:02,259 - DEBUG - Joint score for alpha[0]: 0.1025
2025-08-16 14:55:05,773 - DEBUG - Joint score for alpha[1]: 0.1038
2025-08-16 14:55:09,284 - DEBUG - Joint score for alpha[2]: 0.1067
2025-08-16 14:55:12,795 - DEBUG - Joint score for alpha[3]: 0.1054
2025-08-16 14:55:16,306 - DEBUG - Joint score for alpha[4]: 0.1039
2025-08-16 14:55:19,818 - DEBUG - Joint score for alpha[5]: 0.1042
2025-08-16 14:55:23,329 - DEBUG - Joint score for alpha[6]: 0.1023
2025-08-16 14:55:26,840 - DEBUG - Joint score for alpha[7]: 0.1032
2025-08-16 14:55:30,351 - DEBUG - Joint score for alpha[8]: 0.1034
2025-08-16 14:55:33,863 - DEBUG - Joint score for alpha[9]: 0.1025
2025-08-16 14:55:37,373 - DEBUG - Joint score for alpha[10]: 0.1037
2025-08-16 14:55:40,884 - DEBUG - Joint score for alpha[11]: 0.1044
2025-08-16 14:55:44,397 - DEBUG - Joint score for alpha[12]: 0.1034
2025-08-16 14:55:47,909 - DEBUG - Joint score for alpha[13]: 0.1027
2025-08-16 14:55:51,421 - DEBUG - Joint score for alpha[14]: 0.1040
2025-08-16 14:55:54,933 - DEBUG - Joint score for alpha[15]: 0.1021
2025-08-16 14:55:54,977 - INFO - Step 73/120: mean CRPS=0.1019
2025-08-16 14:55:54,982 - DEBUG - Beginning Gibbs iteration s = 73
2025-08-16 14:56:04,417 - DEBUG - Joint score for alpha[0]: 0.1029
2025-08-16 14:56:07,933 - DEBUG - Joint score for alpha[1]: 0.1022
2025-08-16 14:56:11,440 - DEBUG - Joint score for alpha[2]: 0.1293
2025-08-16 14:56:14,948 - DEBUG - Joint score for alpha[3]: 0.1169
2025-08-16 14:56:18,456 - DEBUG - Joint score for alpha[4]: 0.1110
2025-08-16 14:56:21,964 - DEBUG - Joint score for alpha[5]: 0.1056
2025-08-16 14:56:25,473 - DEBUG - Joint score for alpha[6]: 0.1027
2025-08-16 14:56:28,982 - DEBUG - Joint score for alpha[7]: 0.1021
2025-08-16 14:56:32,491 - DEBUG - Joint score for alpha[8]: 0.1157
2025-08-16 14:56:36,001 - DEBUG - Joint score for alpha[9]: 0.1258
2025-08-16 14:56:39,511 - DEBUG - Joint score for alpha[10]: 0.1032
2025-08-16 14:56:43,020 - DEBUG - Joint score for alpha[11]: 0.1079
2025-08-16 14:56:46,529 - DEBUG - Joint score for alpha[12]: 0.1031
2025-08-16 14:56:50,039 - DEBUG - Joint score for alpha[13]: 0.1114
2025-08-16 14:56:53,548 - DEBUG - Joint score for alpha[14]: 0.1045
2025-08-16 14:56:57,057 - DEBUG - Joint score for alpha[15]: 0.1055
2025-08-16 14:57:03,822 - DEBUG - Joint score for alpha[0]: 0.1044
2025-08-16 14:57:07,337 - DEBUG - Joint score for alpha[1]: 0.1048
2025-08-16 14:57:10,848 - DEBUG - Joint score for alpha[2]: 0.1025
2025-08-16 14:57:14,359 - DEBUG - Joint score for alpha[3]: 0.1024
2025-08-16 14:57:17,869 - DEBUG - Joint score for alpha[4]: 0.1034
2025-08-16 14:57:21,381 - DEBUG - Joint score for alpha[5]: 0.1027
2025-08-16 14:57:24,888 - DEBUG - Joint score for alpha[6]: 0.1031
2025-08-16 14:57:28,396 - DEBUG - Joint score for alpha[7]: 0.1071
2025-08-16 14:57:31,904 - DEBUG - Joint score for alpha[8]: 0.1027
2025-08-16 14:57:35,412 - DEBUG - Joint score for alpha[9]: 0.1046
2025-08-16 14:57:38,920 - DEBUG - Joint score for alpha[10]: 0.1071
2025-08-16 14:57:42,429 - DEBUG - Joint score for alpha[11]: 0.1031
2025-08-16 14:57:45,938 - DEBUG - Joint score for alpha[12]: 0.1206
2025-08-16 14:57:49,448 - DEBUG - Joint score for alpha[13]: 0.1036
2025-08-16 14:57:52,957 - DEBUG - Joint score for alpha[14]: 0.1024
2025-08-16 14:57:56,465 - DEBUG - Joint score for alpha[15]: 0.1071
2025-08-16 14:58:03,195 - DEBUG - Joint score for alpha[0]: 0.1026
2025-08-16 14:58:06,710 - DEBUG - Joint score for alpha[1]: 0.1025
2025-08-16 14:58:10,218 - DEBUG - Joint score for alpha[2]: 0.1022
2025-08-16 14:58:13,728 - DEBUG - Joint score for alpha[3]: 0.1059
2025-08-16 14:58:17,237 - DEBUG - Joint score for alpha[4]: 0.1025
2025-08-16 14:58:20,748 - DEBUG - Joint score for alpha[5]: 0.1026
2025-08-16 14:58:24,258 - DEBUG - Joint score for alpha[6]: 0.1058
2025-08-16 14:58:27,768 - DEBUG - Joint score for alpha[7]: 0.1023
2025-08-16 14:58:31,278 - DEBUG - Joint score for alpha[8]: 0.1023
2025-08-16 14:58:34,787 - DEBUG - Joint score for alpha[9]: 0.1057
2025-08-16 14:58:38,295 - DEBUG - Joint score for alpha[10]: 0.1021
2025-08-16 14:58:41,805 - DEBUG - Joint score for alpha[11]: 0.1029
2025-08-16 14:58:45,315 - DEBUG - Joint score for alpha[12]: 0.1037
2025-08-16 14:58:48,826 - DEBUG - Joint score for alpha[13]: 0.1022
2025-08-16 14:58:52,335 - DEBUG - Joint score for alpha[14]: 0.1020
2025-08-16 14:58:55,846 - DEBUG - Joint score for alpha[15]: 0.1025
2025-08-16 14:59:02,499 - DEBUG - Joint score for alpha[0]: 0.1036
2025-08-16 14:59:06,015 - DEBUG - Joint score for alpha[1]: 0.1021
2025-08-16 14:59:09,527 - DEBUG - Joint score for alpha[2]: 0.1027
2025-08-16 14:59:13,036 - DEBUG - Joint score for alpha[3]: 0.1022
2025-08-16 14:59:16,545 - DEBUG - Joint score for alpha[4]: 0.1130
2025-08-16 14:59:20,055 - DEBUG - Joint score for alpha[5]: 0.1039
2025-08-16 14:59:23,564 - DEBUG - Joint score for alpha[6]: 0.1021
2025-08-16 14:59:27,072 - DEBUG - Joint score for alpha[7]: 0.1063
2025-08-16 14:59:30,582 - DEBUG - Joint score for alpha[8]: 0.1065
2025-08-16 14:59:34,093 - DEBUG - Joint score for alpha[9]: 0.1037
2025-08-16 14:59:37,601 - DEBUG - Joint score for alpha[10]: 0.1026
2025-08-16 14:59:41,110 - DEBUG - Joint score for alpha[11]: 0.1035
2025-08-16 14:59:44,621 - DEBUG - Joint score for alpha[12]: 0.1020
2025-08-16 14:59:48,133 - DEBUG - Joint score for alpha[13]: 0.1030
2025-08-16 14:59:51,645 - DEBUG - Joint score for alpha[14]: 0.1026
2025-08-16 14:59:55,158 - DEBUG - Joint score for alpha[15]: 0.1021
2025-08-16 15:00:01,777 - DEBUG - Joint score for alpha[0]: 0.1024
2025-08-16 15:00:05,292 - DEBUG - Joint score for alpha[1]: 0.1024
2025-08-16 15:00:08,802 - DEBUG - Joint score for alpha[2]: 0.1022
2025-08-16 15:00:12,313 - DEBUG - Joint score for alpha[3]: 0.1022
2025-08-16 15:00:15,824 - DEBUG - Joint score for alpha[4]: 0.1024
2025-08-16 15:00:19,335 - DEBUG - Joint score for alpha[5]: 0.1083
2025-08-16 15:00:22,846 - DEBUG - Joint score for alpha[6]: 0.1034
2025-08-16 15:00:26,356 - DEBUG - Joint score for alpha[7]: 0.1024
2025-08-16 15:00:29,866 - DEBUG - Joint score for alpha[8]: 0.1033
2025-08-16 15:00:33,378 - DEBUG - Joint score for alpha[9]: 0.1042
2025-08-16 15:00:36,889 - DEBUG - Joint score for alpha[10]: 0.1032
2025-08-16 15:00:40,401 - DEBUG - Joint score for alpha[11]: 0.1034
2025-08-16 15:00:43,914 - DEBUG - Joint score for alpha[12]: 0.1027
2025-08-16 15:00:47,426 - DEBUG - Joint score for alpha[13]: 0.1038
2025-08-16 15:00:50,937 - DEBUG - Joint score for alpha[14]: 0.1029
2025-08-16 15:00:54,450 - DEBUG - Joint score for alpha[15]: 0.1055
2025-08-16 15:00:54,494 - INFO - Step 74/120: mean CRPS=0.1021
2025-08-16 15:00:54,501 - DEBUG - Beginning Gibbs iteration s = 74
2025-08-16 15:01:03,741 - DEBUG - Joint score for alpha[0]: 0.1026
2025-08-16 15:01:07,258 - DEBUG - Joint score for alpha[1]: 0.1029
2025-08-16 15:01:10,772 - DEBUG - Joint score for alpha[2]: 0.1020
2025-08-16 15:01:14,287 - DEBUG - Joint score for alpha[3]: 0.1147
2025-08-16 15:01:17,801 - DEBUG - Joint score for alpha[4]: 0.1021
2025-08-16 15:01:21,316 - DEBUG - Joint score for alpha[5]: 0.1080
2025-08-16 15:01:24,832 - DEBUG - Joint score for alpha[6]: 0.1048
2025-08-16 15:01:28,348 - DEBUG - Joint score for alpha[7]: 0.1091
2025-08-16 15:01:31,861 - DEBUG - Joint score for alpha[8]: 0.1079
2025-08-16 15:01:35,372 - DEBUG - Joint score for alpha[9]: 0.1043
2025-08-16 15:01:38,883 - DEBUG - Joint score for alpha[10]: 0.1032
2025-08-16 15:01:42,393 - DEBUG - Joint score for alpha[11]: 0.1023
2025-08-16 15:01:45,905 - DEBUG - Joint score for alpha[12]: 0.1103
2025-08-16 15:01:49,438 - DEBUG - Joint score for alpha[13]: 0.1061
2025-08-16 15:01:52,948 - DEBUG - Joint score for alpha[14]: 0.1022
2025-08-16 15:01:56,460 - DEBUG - Joint score for alpha[15]: 0.1021
2025-08-16 15:02:03,142 - DEBUG - Joint score for alpha[0]: 0.1071
2025-08-16 15:02:06,658 - DEBUG - Joint score for alpha[1]: 0.1032
2025-08-16 15:02:10,170 - DEBUG - Joint score for alpha[2]: 0.1046
2025-08-16 15:02:13,681 - DEBUG - Joint score for alpha[3]: 0.1027
2025-08-16 15:02:17,190 - DEBUG - Joint score for alpha[4]: 0.1057
2025-08-16 15:02:20,701 - DEBUG - Joint score for alpha[5]: 0.1035
2025-08-16 15:02:24,212 - DEBUG - Joint score for alpha[6]: 0.1053
2025-08-16 15:02:27,724 - DEBUG - Joint score for alpha[7]: 0.1032
2025-08-16 15:02:31,235 - DEBUG - Joint score for alpha[8]: 0.1024
2025-08-16 15:02:34,746 - DEBUG - Joint score for alpha[9]: 0.1031
2025-08-16 15:02:38,257 - DEBUG - Joint score for alpha[10]: 0.1067
2025-08-16 15:02:41,769 - DEBUG - Joint score for alpha[11]: 0.1111
2025-08-16 15:02:45,280 - DEBUG - Joint score for alpha[12]: 0.1034
2025-08-16 15:02:48,790 - DEBUG - Joint score for alpha[13]: 0.1051
2025-08-16 15:02:52,301 - DEBUG - Joint score for alpha[14]: 0.1025
2025-08-16 15:02:55,813 - DEBUG - Joint score for alpha[15]: 0.1023
2025-08-16 15:03:02,644 - DEBUG - Joint score for alpha[0]: 0.1029
2025-08-16 15:03:06,160 - DEBUG - Joint score for alpha[1]: 0.1077
2025-08-16 15:03:09,674 - DEBUG - Joint score for alpha[2]: 0.1112
2025-08-16 15:03:13,188 - DEBUG - Joint score for alpha[3]: 0.1023
2025-08-16 15:03:16,699 - DEBUG - Joint score for alpha[4]: 0.1069
2025-08-16 15:03:20,211 - DEBUG - Joint score for alpha[5]: 0.1025
2025-08-16 15:03:23,723 - DEBUG - Joint score for alpha[6]: 0.1023
2025-08-16 15:03:27,236 - DEBUG - Joint score for alpha[7]: 0.1036
2025-08-16 15:03:30,747 - DEBUG - Joint score for alpha[8]: 0.1023
2025-08-16 15:03:34,258 - DEBUG - Joint score for alpha[9]: 0.1025
2025-08-16 15:03:37,771 - DEBUG - Joint score for alpha[10]: 0.1051
2025-08-16 15:03:41,282 - DEBUG - Joint score for alpha[11]: 0.1030
2025-08-16 15:03:44,795 - DEBUG - Joint score for alpha[12]: 0.1020
2025-08-16 15:03:48,305 - DEBUG - Joint score for alpha[13]: 0.1032
2025-08-16 15:03:51,817 - DEBUG - Joint score for alpha[14]: 0.1099
2025-08-16 15:03:55,329 - DEBUG - Joint score for alpha[15]: 0.1026
2025-08-16 15:04:02,149 - DEBUG - Joint score for alpha[0]: 0.1025
2025-08-16 15:04:05,665 - DEBUG - Joint score for alpha[1]: 0.1048
2025-08-16 15:04:09,179 - DEBUG - Joint score for alpha[2]: 0.1027
2025-08-16 15:04:12,693 - DEBUG - Joint score for alpha[3]: 0.1028
2025-08-16 15:04:16,206 - DEBUG - Joint score for alpha[4]: 0.1033
2025-08-16 15:04:19,720 - DEBUG - Joint score for alpha[5]: 0.1026
2025-08-16 15:04:23,234 - DEBUG - Joint score for alpha[6]: 0.1032
2025-08-16 15:04:26,748 - DEBUG - Joint score for alpha[7]: 0.1020
2025-08-16 15:04:30,261 - DEBUG - Joint score for alpha[8]: 0.1036
2025-08-16 15:04:33,775 - DEBUG - Joint score for alpha[9]: 0.1022
2025-08-16 15:04:37,289 - DEBUG - Joint score for alpha[10]: 0.1028
2025-08-16 15:04:40,802 - DEBUG - Joint score for alpha[11]: 0.1073
2025-08-16 15:04:44,316 - DEBUG - Joint score for alpha[12]: 0.1053
2025-08-16 15:04:47,828 - DEBUG - Joint score for alpha[13]: 0.1025
2025-08-16 15:04:51,341 - DEBUG - Joint score for alpha[14]: 0.1025
2025-08-16 15:04:54,854 - DEBUG - Joint score for alpha[15]: 0.1028
2025-08-16 15:05:01,539 - DEBUG - Joint score for alpha[0]: 0.1028
2025-08-16 15:05:05,055 - DEBUG - Joint score for alpha[1]: 0.1029
2025-08-16 15:05:08,568 - DEBUG - Joint score for alpha[2]: 0.1038
2025-08-16 15:05:12,081 - DEBUG - Joint score for alpha[3]: 0.1040
2025-08-16 15:05:15,593 - DEBUG - Joint score for alpha[4]: 0.1056
2025-08-16 15:05:19,108 - DEBUG - Joint score for alpha[5]: 0.1048
2025-08-16 15:05:22,621 - DEBUG - Joint score for alpha[6]: 0.1026
2025-08-16 15:05:26,135 - DEBUG - Joint score for alpha[7]: 0.1031
2025-08-16 15:05:29,648 - DEBUG - Joint score for alpha[8]: 0.1060
2025-08-16 15:05:33,161 - DEBUG - Joint score for alpha[9]: 0.1025
2025-08-16 15:05:36,674 - DEBUG - Joint score for alpha[10]: 0.1026
2025-08-16 15:05:40,185 - DEBUG - Joint score for alpha[11]: 0.1029
2025-08-16 15:05:43,696 - DEBUG - Joint score for alpha[12]: 0.1049
2025-08-16 15:05:47,205 - DEBUG - Joint score for alpha[13]: 0.1044
2025-08-16 15:05:50,715 - DEBUG - Joint score for alpha[14]: 0.1041
2025-08-16 15:05:54,226 - DEBUG - Joint score for alpha[15]: 0.1025
2025-08-16 15:05:54,271 - INFO - Step 75/120: mean CRPS=0.1022
2025-08-16 15:05:54,277 - DEBUG - Beginning Gibbs iteration s = 75
2025-08-16 15:06:03,428 - DEBUG - Joint score for alpha[0]: 0.1330
2025-08-16 15:06:06,941 - DEBUG - Joint score for alpha[1]: 0.1052
2025-08-16 15:06:10,455 - DEBUG - Joint score for alpha[2]: 0.1088
2025-08-16 15:06:13,968 - DEBUG - Joint score for alpha[3]: 0.1183
2025-08-16 15:06:17,482 - DEBUG - Joint score for alpha[4]: 0.1192
2025-08-16 15:06:20,998 - DEBUG - Joint score for alpha[5]: 0.1038
2025-08-16 15:06:24,513 - DEBUG - Joint score for alpha[6]: 0.1048
2025-08-16 15:06:28,029 - DEBUG - Joint score for alpha[7]: 0.1216
2025-08-16 15:06:31,544 - DEBUG - Joint score for alpha[8]: 0.1040
2025-08-16 15:06:35,058 - DEBUG - Joint score for alpha[9]: 0.1055
2025-08-16 15:06:38,574 - DEBUG - Joint score for alpha[10]: 0.1027
2025-08-16 15:06:42,090 - DEBUG - Joint score for alpha[11]: 0.1066
2025-08-16 15:06:45,604 - DEBUG - Joint score for alpha[12]: 0.1090
2025-08-16 15:06:49,118 - DEBUG - Joint score for alpha[13]: 0.1031
2025-08-16 15:06:52,633 - DEBUG - Joint score for alpha[14]: 0.1124
2025-08-16 15:06:56,149 - DEBUG - Joint score for alpha[15]: 0.1047
2025-08-16 15:07:02,772 - DEBUG - Joint score for alpha[0]: 0.1027
2025-08-16 15:07:06,290 - DEBUG - Joint score for alpha[1]: 0.1118
2025-08-16 15:07:09,806 - DEBUG - Joint score for alpha[2]: 0.1128
2025-08-16 15:07:13,323 - DEBUG - Joint score for alpha[3]: 0.1046
2025-08-16 15:07:16,838 - DEBUG - Joint score for alpha[4]: 0.1039
2025-08-16 15:07:20,355 - DEBUG - Joint score for alpha[5]: 0.1032
2025-08-16 15:07:23,871 - DEBUG - Joint score for alpha[6]: 0.1068
2025-08-16 15:07:27,388 - DEBUG - Joint score for alpha[7]: 0.1031
2025-08-16 15:07:30,902 - DEBUG - Joint score for alpha[8]: 0.1047
2025-08-16 15:07:34,418 - DEBUG - Joint score for alpha[9]: 0.1029
2025-08-16 15:07:37,934 - DEBUG - Joint score for alpha[10]: 0.1026
2025-08-16 15:07:41,450 - DEBUG - Joint score for alpha[11]: 0.1141
2025-08-16 15:07:44,966 - DEBUG - Joint score for alpha[12]: 0.1025
2025-08-16 15:07:48,481 - DEBUG - Joint score for alpha[13]: 0.1040
2025-08-16 15:07:51,997 - DEBUG - Joint score for alpha[14]: 0.1070
2025-08-16 15:07:55,514 - DEBUG - Joint score for alpha[15]: 0.1041
2025-08-16 15:08:02,121 - DEBUG - Joint score for alpha[0]: 0.1045
2025-08-16 15:08:05,635 - DEBUG - Joint score for alpha[1]: 0.1023
2025-08-16 15:08:09,149 - DEBUG - Joint score for alpha[2]: 0.1023
2025-08-16 15:08:12,662 - DEBUG - Joint score for alpha[3]: 0.1050
2025-08-16 15:08:16,174 - DEBUG - Joint score for alpha[4]: 0.1027
2025-08-16 15:08:19,690 - DEBUG - Joint score for alpha[5]: 0.1030
2025-08-16 15:08:23,204 - DEBUG - Joint score for alpha[6]: 0.1045
2025-08-16 15:08:26,719 - DEBUG - Joint score for alpha[7]: 0.1069
2025-08-16 15:08:30,233 - DEBUG - Joint score for alpha[8]: 0.1043
2025-08-16 15:08:33,745 - DEBUG - Joint score for alpha[9]: 0.1025
2025-08-16 15:08:37,260 - DEBUG - Joint score for alpha[10]: 0.1029
2025-08-16 15:08:40,774 - DEBUG - Joint score for alpha[11]: 0.1053
2025-08-16 15:08:44,289 - DEBUG - Joint score for alpha[12]: 0.1025
2025-08-16 15:08:47,803 - DEBUG - Joint score for alpha[13]: 0.1204
2025-08-16 15:08:51,315 - DEBUG - Joint score for alpha[14]: 0.1032
2025-08-16 15:08:54,827 - DEBUG - Joint score for alpha[15]: 0.1024
2025-08-16 15:09:01,590 - DEBUG - Joint score for alpha[0]: 0.1028
2025-08-16 15:09:05,106 - DEBUG - Joint score for alpha[1]: 0.1031
2025-08-16 15:09:08,619 - DEBUG - Joint score for alpha[2]: 0.1030
2025-08-16 15:09:12,133 - DEBUG - Joint score for alpha[3]: 0.1050
2025-08-16 15:09:15,644 - DEBUG - Joint score for alpha[4]: 0.1052
2025-08-16 15:09:19,159 - DEBUG - Joint score for alpha[5]: 0.1027
2025-08-16 15:09:22,673 - DEBUG - Joint score for alpha[6]: 0.1029
2025-08-16 15:09:26,188 - DEBUG - Joint score for alpha[7]: 0.1038
2025-08-16 15:09:29,701 - DEBUG - Joint score for alpha[8]: 0.1141
2025-08-16 15:09:33,212 - DEBUG - Joint score for alpha[9]: 0.1035
2025-08-16 15:09:36,724 - DEBUG - Joint score for alpha[10]: 0.1029
2025-08-16 15:09:40,234 - DEBUG - Joint score for alpha[11]: 0.1049
2025-08-16 15:09:43,745 - DEBUG - Joint score for alpha[12]: 0.1027
2025-08-16 15:09:47,255 - DEBUG - Joint score for alpha[13]: 0.1031
2025-08-16 15:09:50,765 - DEBUG - Joint score for alpha[14]: 0.1057
2025-08-16 15:09:54,277 - DEBUG - Joint score for alpha[15]: 0.1036
2025-08-16 15:10:01,032 - DEBUG - Joint score for alpha[0]: 0.1040
2025-08-16 15:10:04,549 - DEBUG - Joint score for alpha[1]: 0.1031
2025-08-16 15:10:08,062 - DEBUG - Joint score for alpha[2]: 0.1049
2025-08-16 15:10:11,576 - DEBUG - Joint score for alpha[3]: 0.1066
2025-08-16 15:10:15,088 - DEBUG - Joint score for alpha[4]: 0.1029
2025-08-16 15:10:18,603 - DEBUG - Joint score for alpha[5]: 0.1023
2025-08-16 15:10:22,116 - DEBUG - Joint score for alpha[6]: 0.1043
2025-08-16 15:10:25,630 - DEBUG - Joint score for alpha[7]: 0.1031
2025-08-16 15:10:29,145 - DEBUG - Joint score for alpha[8]: 0.1023
2025-08-16 15:10:32,658 - DEBUG - Joint score for alpha[9]: 0.1035
2025-08-16 15:10:36,172 - DEBUG - Joint score for alpha[10]: 0.1029
2025-08-16 15:10:39,685 - DEBUG - Joint score for alpha[11]: 0.1024
2025-08-16 15:10:43,198 - DEBUG - Joint score for alpha[12]: 0.1035
2025-08-16 15:10:46,711 - DEBUG - Joint score for alpha[13]: 0.1018
2025-08-16 15:10:50,224 - DEBUG - Joint score for alpha[14]: 0.1025
2025-08-16 15:10:53,738 - DEBUG - Joint score for alpha[15]: 0.1026
2025-08-16 15:10:53,783 - INFO - Step 76/120: mean CRPS=0.1024
2025-08-16 15:10:53,795 - DEBUG - Beginning Gibbs iteration s = 76
2025-08-16 15:11:03,489 - DEBUG - Joint score for alpha[0]: 0.1060
2025-08-16 15:11:07,003 - DEBUG - Joint score for alpha[1]: 0.1017
2025-08-16 15:11:10,516 - DEBUG - Joint score for alpha[2]: 0.1106
2025-08-16 15:11:14,029 - DEBUG - Joint score for alpha[3]: 0.1050
2025-08-16 15:11:17,541 - DEBUG - Joint score for alpha[4]: 0.1102
2025-08-16 15:11:21,054 - DEBUG - Joint score for alpha[5]: 0.1144
2025-08-16 15:11:24,567 - DEBUG - Joint score for alpha[6]: 0.1025
2025-08-16 15:11:28,081 - DEBUG - Joint score for alpha[7]: 0.1089
2025-08-16 15:11:31,593 - DEBUG - Joint score for alpha[8]: 0.1067
2025-08-16 15:11:35,106 - DEBUG - Joint score for alpha[9]: 0.1076
2025-08-16 15:11:38,620 - DEBUG - Joint score for alpha[10]: 0.1095
2025-08-16 15:11:42,132 - DEBUG - Joint score for alpha[11]: 0.1088
2025-08-16 15:11:45,646 - DEBUG - Joint score for alpha[12]: 0.1285
2025-08-16 15:11:49,159 - DEBUG - Joint score for alpha[13]: 0.1221
2025-08-16 15:11:52,672 - DEBUG - Joint score for alpha[14]: 0.1059
2025-08-16 15:11:56,185 - DEBUG - Joint score for alpha[15]: 0.1080
2025-08-16 15:12:02,799 - DEBUG - Joint score for alpha[0]: 0.1019
2025-08-16 15:12:06,317 - DEBUG - Joint score for alpha[1]: 0.1084
2025-08-16 15:12:09,832 - DEBUG - Joint score for alpha[2]: 0.1053
2025-08-16 15:12:13,346 - DEBUG - Joint score for alpha[3]: 0.1040
2025-08-16 15:12:16,859 - DEBUG - Joint score for alpha[4]: 0.1026
2025-08-16 15:12:20,375 - DEBUG - Joint score for alpha[5]: 0.1146
2025-08-16 15:12:23,890 - DEBUG - Joint score for alpha[6]: 0.1019
2025-08-16 15:12:27,406 - DEBUG - Joint score for alpha[7]: 0.1029
2025-08-16 15:12:30,920 - DEBUG - Joint score for alpha[8]: 0.1115
2025-08-16 15:12:34,435 - DEBUG - Joint score for alpha[9]: 0.1025
2025-08-16 15:12:37,950 - DEBUG - Joint score for alpha[10]: 0.1035
2025-08-16 15:12:41,465 - DEBUG - Joint score for alpha[11]: 0.1023
2025-08-16 15:12:44,980 - DEBUG - Joint score for alpha[12]: 0.1111
2025-08-16 15:12:48,495 - DEBUG - Joint score for alpha[13]: 0.1020
2025-08-16 15:12:52,010 - DEBUG - Joint score for alpha[14]: 0.1098
2025-08-16 15:12:55,526 - DEBUG - Joint score for alpha[15]: 0.1179
2025-08-16 15:13:02,133 - DEBUG - Joint score for alpha[0]: 0.1065
2025-08-16 15:13:05,650 - DEBUG - Joint score for alpha[1]: 0.1020
2025-08-16 15:13:09,165 - DEBUG - Joint score for alpha[2]: 0.1023
2025-08-16 15:13:12,678 - DEBUG - Joint score for alpha[3]: 0.1021
2025-08-16 15:13:16,190 - DEBUG - Joint score for alpha[4]: 0.1028
2025-08-16 15:13:19,705 - DEBUG - Joint score for alpha[5]: 0.1024
2025-08-16 15:13:23,220 - DEBUG - Joint score for alpha[6]: 0.1031
2025-08-16 15:13:26,734 - DEBUG - Joint score for alpha[7]: 0.1035
2025-08-16 15:13:30,248 - DEBUG - Joint score for alpha[8]: 0.1128
2025-08-16 15:13:33,762 - DEBUG - Joint score for alpha[9]: 0.1021
2025-08-16 15:13:37,276 - DEBUG - Joint score for alpha[10]: 0.1058
2025-08-16 15:13:40,790 - DEBUG - Joint score for alpha[11]: 0.1044
2025-08-16 15:13:44,304 - DEBUG - Joint score for alpha[12]: 0.1019
2025-08-16 15:13:47,817 - DEBUG - Joint score for alpha[13]: 0.1101
2025-08-16 15:13:51,331 - DEBUG - Joint score for alpha[14]: 0.1024
2025-08-16 15:13:54,846 - DEBUG - Joint score for alpha[15]: 0.1026
2025-08-16 15:14:01,657 - DEBUG - Joint score for alpha[0]: 0.1038
2025-08-16 15:14:05,173 - DEBUG - Joint score for alpha[1]: 0.1026
2025-08-16 15:14:08,687 - DEBUG - Joint score for alpha[2]: 0.1041
2025-08-16 15:14:12,201 - DEBUG - Joint score for alpha[3]: 0.1024
2025-08-16 15:14:15,713 - DEBUG - Joint score for alpha[4]: 0.1027
2025-08-16 15:14:19,227 - DEBUG - Joint score for alpha[5]: 0.1074
2025-08-16 15:14:22,738 - DEBUG - Joint score for alpha[6]: 0.1035
2025-08-16 15:14:26,250 - DEBUG - Joint score for alpha[7]: 0.1027
2025-08-16 15:14:29,762 - DEBUG - Joint score for alpha[8]: 0.1031
2025-08-16 15:14:33,273 - DEBUG - Joint score for alpha[9]: 0.1026
2025-08-16 15:14:36,786 - DEBUG - Joint score for alpha[10]: 0.1027
2025-08-16 15:14:40,298 - DEBUG - Joint score for alpha[11]: 0.1023
2025-08-16 15:14:43,809 - DEBUG - Joint score for alpha[12]: 0.1041
2025-08-16 15:14:47,320 - DEBUG - Joint score for alpha[13]: 0.1039
2025-08-16 15:14:50,831 - DEBUG - Joint score for alpha[14]: 0.1043
2025-08-16 15:14:54,343 - DEBUG - Joint score for alpha[15]: 0.1024
2025-08-16 15:15:00,947 - DEBUG - Joint score for alpha[0]: 0.1064
2025-08-16 15:15:04,464 - DEBUG - Joint score for alpha[1]: 0.1046
2025-08-16 15:15:07,978 - DEBUG - Joint score for alpha[2]: 0.1031
2025-08-16 15:15:11,492 - DEBUG - Joint score for alpha[3]: 0.1025
2025-08-16 15:15:15,005 - DEBUG - Joint score for alpha[4]: 0.1041
2025-08-16 15:15:18,521 - DEBUG - Joint score for alpha[5]: 0.1025
2025-08-16 15:15:22,038 - DEBUG - Joint score for alpha[6]: 0.1041
2025-08-16 15:15:25,555 - DEBUG - Joint score for alpha[7]: 0.1027
2025-08-16 15:15:29,071 - DEBUG - Joint score for alpha[8]: 0.1024
2025-08-16 15:15:32,587 - DEBUG - Joint score for alpha[9]: 0.1069
2025-08-16 15:15:36,105 - DEBUG - Joint score for alpha[10]: 0.1066
2025-08-16 15:15:39,622 - DEBUG - Joint score for alpha[11]: 0.1030
2025-08-16 15:15:43,138 - DEBUG - Joint score for alpha[12]: 0.1045
2025-08-16 15:15:46,655 - DEBUG - Joint score for alpha[13]: 0.1033
2025-08-16 15:15:50,171 - DEBUG - Joint score for alpha[14]: 0.1032
2025-08-16 15:15:53,684 - DEBUG - Joint score for alpha[15]: 0.1029
2025-08-16 15:15:53,729 - INFO - Step 77/120: mean CRPS=0.1020
2025-08-16 15:15:53,735 - DEBUG - Beginning Gibbs iteration s = 77
2025-08-16 15:16:04,050 - DEBUG - Joint score for alpha[0]: 0.1018
2025-08-16 15:16:07,566 - DEBUG - Joint score for alpha[1]: 0.1248
2025-08-16 15:16:11,079 - DEBUG - Joint score for alpha[2]: 0.1197
2025-08-16 15:16:14,593 - DEBUG - Joint score for alpha[3]: 0.1148
2025-08-16 15:16:18,107 - DEBUG - Joint score for alpha[4]: 0.1368
2025-08-16 15:16:21,622 - DEBUG - Joint score for alpha[5]: 0.1122
2025-08-16 15:16:25,133 - DEBUG - Joint score for alpha[6]: 0.1139
2025-08-16 15:16:28,644 - DEBUG - Joint score for alpha[7]: 0.1029
2025-08-16 15:16:32,156 - DEBUG - Joint score for alpha[8]: 0.1146
2025-08-16 15:16:35,668 - DEBUG - Joint score for alpha[9]: 0.1023
2025-08-16 15:16:39,178 - DEBUG - Joint score for alpha[10]: 0.1057
2025-08-16 15:16:42,689 - DEBUG - Joint score for alpha[11]: 0.1024
2025-08-16 15:16:46,202 - DEBUG - Joint score for alpha[12]: 0.1035
2025-08-16 15:16:49,715 - DEBUG - Joint score for alpha[13]: 0.1026
2025-08-16 15:16:53,227 - DEBUG - Joint score for alpha[14]: 0.1087
2025-08-16 15:16:56,738 - DEBUG - Joint score for alpha[15]: 0.1276
2025-08-16 15:17:03,530 - DEBUG - Joint score for alpha[0]: 0.1016
2025-08-16 15:17:07,045 - DEBUG - Joint score for alpha[1]: 0.1077
2025-08-16 15:17:10,557 - DEBUG - Joint score for alpha[2]: 0.1027
2025-08-16 15:17:14,069 - DEBUG - Joint score for alpha[3]: 0.1110
2025-08-16 15:17:17,580 - DEBUG - Joint score for alpha[4]: 0.1028
2025-08-16 15:17:21,091 - DEBUG - Joint score for alpha[5]: 0.1021
2025-08-16 15:17:24,600 - DEBUG - Joint score for alpha[6]: 0.1020
2025-08-16 15:17:28,109 - DEBUG - Joint score for alpha[7]: 0.1019
2025-08-16 15:17:31,619 - DEBUG - Joint score for alpha[8]: 0.1081
2025-08-16 15:17:35,129 - DEBUG - Joint score for alpha[9]: 0.1045
2025-08-16 15:17:38,638 - DEBUG - Joint score for alpha[10]: 0.1048
2025-08-16 15:17:42,148 - DEBUG - Joint score for alpha[11]: 0.1030
2025-08-16 15:17:45,658 - DEBUG - Joint score for alpha[12]: 0.1018
2025-08-16 15:17:49,169 - DEBUG - Joint score for alpha[13]: 0.1028
2025-08-16 15:17:52,680 - DEBUG - Joint score for alpha[14]: 0.1038
2025-08-16 15:17:56,191 - DEBUG - Joint score for alpha[15]: 0.1027
2025-08-16 15:18:03,056 - DEBUG - Joint score for alpha[0]: 0.1018
2025-08-16 15:18:06,572 - DEBUG - Joint score for alpha[1]: 0.1017
2025-08-16 15:18:10,083 - DEBUG - Joint score for alpha[2]: 0.1023
2025-08-16 15:18:13,595 - DEBUG - Joint score for alpha[3]: 0.1019
2025-08-16 15:18:17,107 - DEBUG - Joint score for alpha[4]: 0.1017
2025-08-16 15:18:20,619 - DEBUG - Joint score for alpha[5]: 0.1018
2025-08-16 15:18:24,131 - DEBUG - Joint score for alpha[6]: 0.1018
2025-08-16 15:18:27,643 - DEBUG - Joint score for alpha[7]: 0.1055
2025-08-16 15:18:31,154 - DEBUG - Joint score for alpha[8]: 0.1026
2025-08-16 15:18:34,665 - DEBUG - Joint score for alpha[9]: 0.1019
2025-08-16 15:18:38,178 - DEBUG - Joint score for alpha[10]: 0.1024
2025-08-16 15:18:41,690 - DEBUG - Joint score for alpha[11]: 0.1026
2025-08-16 15:18:45,203 - DEBUG - Joint score for alpha[12]: 0.1016
2025-08-16 15:18:48,716 - DEBUG - Joint score for alpha[13]: 0.1019
2025-08-16 15:18:52,227 - DEBUG - Joint score for alpha[14]: 0.1017
2025-08-16 15:18:55,740 - DEBUG - Joint score for alpha[15]: 0.1120
2025-08-16 15:19:02,564 - DEBUG - Joint score for alpha[0]: 0.1017
2025-08-16 15:19:06,080 - DEBUG - Joint score for alpha[1]: 0.1015
2025-08-16 15:19:09,591 - DEBUG - Joint score for alpha[2]: 0.1023
2025-08-16 15:19:13,102 - DEBUG - Joint score for alpha[3]: 0.1075
2025-08-16 15:19:16,613 - DEBUG - Joint score for alpha[4]: 0.1021
2025-08-16 15:19:20,126 - DEBUG - Joint score for alpha[5]: 0.1025
2025-08-16 15:19:23,637 - DEBUG - Joint score for alpha[6]: 0.1018
2025-08-16 15:19:27,150 - DEBUG - Joint score for alpha[7]: 0.1022
2025-08-16 15:19:30,662 - DEBUG - Joint score for alpha[8]: 0.1032
2025-08-16 15:19:34,175 - DEBUG - Joint score for alpha[9]: 0.1036
2025-08-16 15:19:37,685 - DEBUG - Joint score for alpha[10]: 0.1019
2025-08-16 15:19:41,197 - DEBUG - Joint score for alpha[11]: 0.1029
2025-08-16 15:19:44,710 - DEBUG - Joint score for alpha[12]: 0.1021
2025-08-16 15:19:48,223 - DEBUG - Joint score for alpha[13]: 0.1022
2025-08-16 15:19:51,735 - DEBUG - Joint score for alpha[14]: 0.1014
2025-08-16 15:19:55,248 - DEBUG - Joint score for alpha[15]: 0.1071
2025-08-16 15:20:01,858 - DEBUG - Joint score for alpha[0]: 0.1044
2025-08-16 15:20:05,375 - DEBUG - Joint score for alpha[1]: 0.1020
2025-08-16 15:20:08,888 - DEBUG - Joint score for alpha[2]: 0.1027
2025-08-16 15:20:12,402 - DEBUG - Joint score for alpha[3]: 0.1016
2025-08-16 15:20:15,914 - DEBUG - Joint score for alpha[4]: 0.1021
2025-08-16 15:20:19,429 - DEBUG - Joint score for alpha[5]: 0.1032
2025-08-16 15:20:22,942 - DEBUG - Joint score for alpha[6]: 0.1044
2025-08-16 15:20:26,456 - DEBUG - Joint score for alpha[7]: 0.1073
2025-08-16 15:20:29,970 - DEBUG - Joint score for alpha[8]: 0.1049
2025-08-16 15:20:33,485 - DEBUG - Joint score for alpha[9]: 0.1042
2025-08-16 15:20:36,999 - DEBUG - Joint score for alpha[10]: 0.1056
2025-08-16 15:20:40,513 - DEBUG - Joint score for alpha[11]: 0.1027
2025-08-16 15:20:44,028 - DEBUG - Joint score for alpha[12]: 0.1019
2025-08-16 15:20:47,543 - DEBUG - Joint score for alpha[13]: 0.1029
2025-08-16 15:20:51,056 - DEBUG - Joint score for alpha[14]: 0.1016
2025-08-16 15:20:54,572 - DEBUG - Joint score for alpha[15]: 0.1021
2025-08-16 15:20:54,616 - INFO - Step 78/120: mean CRPS=0.1016
2025-08-16 15:20:54,625 - DEBUG - Beginning Gibbs iteration s = 78
2025-08-16 15:21:03,957 - DEBUG - Joint score for alpha[0]: 0.1028
2025-08-16 15:21:07,473 - DEBUG - Joint score for alpha[1]: 0.1088
2025-08-16 15:21:10,985 - DEBUG - Joint score for alpha[2]: 0.1040
2025-08-16 15:21:14,495 - DEBUG - Joint score for alpha[3]: 0.1095
2025-08-16 15:21:18,006 - DEBUG - Joint score for alpha[4]: 0.1031
2025-08-16 15:21:21,517 - DEBUG - Joint score for alpha[5]: 0.1080
2025-08-16 15:21:25,029 - DEBUG - Joint score for alpha[6]: 0.1235
2025-08-16 15:21:28,540 - DEBUG - Joint score for alpha[7]: 0.1215
2025-08-16 15:21:32,051 - DEBUG - Joint score for alpha[8]: 0.1029
2025-08-16 15:21:35,563 - DEBUG - Joint score for alpha[9]: 0.1025
2025-08-16 15:21:39,074 - DEBUG - Joint score for alpha[10]: 0.1149
2025-08-16 15:21:42,585 - DEBUG - Joint score for alpha[11]: 0.1070
2025-08-16 15:21:46,098 - DEBUG - Joint score for alpha[12]: 0.1125
2025-08-16 15:21:49,610 - DEBUG - Joint score for alpha[13]: 0.1080
2025-08-16 15:21:53,122 - DEBUG - Joint score for alpha[14]: 0.1072
2025-08-16 15:21:56,635 - DEBUG - Joint score for alpha[15]: 0.1109
2025-08-16 15:22:03,303 - DEBUG - Joint score for alpha[0]: 0.1027
2025-08-16 15:22:06,819 - DEBUG - Joint score for alpha[1]: 0.1061
2025-08-16 15:22:10,329 - DEBUG - Joint score for alpha[2]: 0.1028
2025-08-16 15:22:13,842 - DEBUG - Joint score for alpha[3]: 0.1053
2025-08-16 15:22:17,354 - DEBUG - Joint score for alpha[4]: 0.1031
2025-08-16 15:22:20,867 - DEBUG - Joint score for alpha[5]: 0.1092
2025-08-16 15:22:24,378 - DEBUG - Joint score for alpha[6]: 0.1067
2025-08-16 15:22:27,890 - DEBUG - Joint score for alpha[7]: 0.1028
2025-08-16 15:22:31,401 - DEBUG - Joint score for alpha[8]: 0.1119
2025-08-16 15:22:34,914 - DEBUG - Joint score for alpha[9]: 0.1030
2025-08-16 15:22:38,426 - DEBUG - Joint score for alpha[10]: 0.1026
2025-08-16 15:22:41,937 - DEBUG - Joint score for alpha[11]: 0.1061
2025-08-16 15:22:45,451 - DEBUG - Joint score for alpha[12]: 0.1043
2025-08-16 15:22:48,964 - DEBUG - Joint score for alpha[13]: 0.1098
2025-08-16 15:22:52,476 - DEBUG - Joint score for alpha[14]: 0.1063
2025-08-16 15:22:55,987 - DEBUG - Joint score for alpha[15]: 0.1053
2025-08-16 15:23:02,811 - DEBUG - Joint score for alpha[0]: 0.1022
2025-08-16 15:23:06,327 - DEBUG - Joint score for alpha[1]: 0.1041
2025-08-16 15:23:09,838 - DEBUG - Joint score for alpha[2]: 0.1096
2025-08-16 15:23:13,350 - DEBUG - Joint score for alpha[3]: 0.1023
2025-08-16 15:23:16,861 - DEBUG - Joint score for alpha[4]: 0.1053
2025-08-16 15:23:20,374 - DEBUG - Joint score for alpha[5]: 0.1035
2025-08-16 15:23:23,887 - DEBUG - Joint score for alpha[6]: 0.1029
2025-08-16 15:23:27,399 - DEBUG - Joint score for alpha[7]: 0.1035
2025-08-16 15:23:30,911 - DEBUG - Joint score for alpha[8]: 0.1031
2025-08-16 15:23:34,424 - DEBUG - Joint score for alpha[9]: 0.1029
2025-08-16 15:23:37,935 - DEBUG - Joint score for alpha[10]: 0.1037
2025-08-16 15:23:41,446 - DEBUG - Joint score for alpha[11]: 0.1024
2025-08-16 15:23:44,959 - DEBUG - Joint score for alpha[12]: 0.1038
2025-08-16 15:23:48,471 - DEBUG - Joint score for alpha[13]: 0.1024
2025-08-16 15:23:51,983 - DEBUG - Joint score for alpha[14]: 0.1027
2025-08-16 15:23:55,496 - DEBUG - Joint score for alpha[15]: 0.1061
2025-08-16 15:24:02,213 - DEBUG - Joint score for alpha[0]: 0.1031
2025-08-16 15:24:05,728 - DEBUG - Joint score for alpha[1]: 0.1034
2025-08-16 15:24:09,239 - DEBUG - Joint score for alpha[2]: 0.1028
2025-08-16 15:24:12,751 - DEBUG - Joint score for alpha[3]: 0.1033
2025-08-16 15:24:16,263 - DEBUG - Joint score for alpha[4]: 0.1041
2025-08-16 15:24:19,775 - DEBUG - Joint score for alpha[5]: 0.1046
2025-08-16 15:24:23,287 - DEBUG - Joint score for alpha[6]: 0.1033
2025-08-16 15:24:26,798 - DEBUG - Joint score for alpha[7]: 0.1027
2025-08-16 15:24:30,310 - DEBUG - Joint score for alpha[8]: 0.1029
2025-08-16 15:24:33,822 - DEBUG - Joint score for alpha[9]: 0.1031
2025-08-16 15:24:37,333 - DEBUG - Joint score for alpha[10]: 0.1033
2025-08-16 15:24:40,845 - DEBUG - Joint score for alpha[11]: 0.1031
2025-08-16 15:24:44,358 - DEBUG - Joint score for alpha[12]: 0.1038
2025-08-16 15:24:47,871 - DEBUG - Joint score for alpha[13]: 0.1027
2025-08-16 15:24:51,383 - DEBUG - Joint score for alpha[14]: 0.1051
2025-08-16 15:24:54,895 - DEBUG - Joint score for alpha[15]: 0.1043
2025-08-16 15:25:01,506 - DEBUG - Joint score for alpha[0]: 0.1018
2025-08-16 15:25:05,020 - DEBUG - Joint score for alpha[1]: 0.1027
2025-08-16 15:25:08,531 - DEBUG - Joint score for alpha[2]: 0.1024
2025-08-16 15:25:12,045 - DEBUG - Joint score for alpha[3]: 0.1045
2025-08-16 15:25:15,559 - DEBUG - Joint score for alpha[4]: 0.1026
2025-08-16 15:25:19,074 - DEBUG - Joint score for alpha[5]: 0.1029
2025-08-16 15:25:22,588 - DEBUG - Joint score for alpha[6]: 0.1063
2025-08-16 15:25:26,102 - DEBUG - Joint score for alpha[7]: 0.1024
2025-08-16 15:25:29,616 - DEBUG - Joint score for alpha[8]: 0.1040
2025-08-16 15:25:33,131 - DEBUG - Joint score for alpha[9]: 0.1027
2025-08-16 15:25:36,643 - DEBUG - Joint score for alpha[10]: 0.1053
2025-08-16 15:25:40,157 - DEBUG - Joint score for alpha[11]: 0.1037
2025-08-16 15:25:43,672 - DEBUG - Joint score for alpha[12]: 0.1026
2025-08-16 15:25:47,187 - DEBUG - Joint score for alpha[13]: 0.1068
2025-08-16 15:25:50,701 - DEBUG - Joint score for alpha[14]: 0.1018
2025-08-16 15:25:54,217 - DEBUG - Joint score for alpha[15]: 0.1052
2025-08-16 15:25:54,261 - INFO - Step 79/120: mean CRPS=0.1024
2025-08-16 15:25:54,268 - DEBUG - Beginning Gibbs iteration s = 79
2025-08-16 15:26:03,715 - DEBUG - Joint score for alpha[0]: 0.1144
2025-08-16 15:26:07,231 - DEBUG - Joint score for alpha[1]: 0.1085
2025-08-16 15:26:10,743 - DEBUG - Joint score for alpha[2]: 0.1040
2025-08-16 15:26:14,257 - DEBUG - Joint score for alpha[3]: 0.1047
2025-08-16 15:26:17,769 - DEBUG - Joint score for alpha[4]: 0.1035
2025-08-16 15:26:21,281 - DEBUG - Joint score for alpha[5]: 0.1070
2025-08-16 15:26:24,793 - DEBUG - Joint score for alpha[6]: 0.1339
2025-08-16 15:26:28,304 - DEBUG - Joint score for alpha[7]: 0.1065
2025-08-16 15:26:31,816 - DEBUG - Joint score for alpha[8]: 0.1239
2025-08-16 15:26:35,328 - DEBUG - Joint score for alpha[9]: 0.1051
2025-08-16 15:26:38,839 - DEBUG - Joint score for alpha[10]: 0.1102
2025-08-16 15:26:42,351 - DEBUG - Joint score for alpha[11]: 0.1330
2025-08-16 15:26:45,865 - DEBUG - Joint score for alpha[12]: 0.1027
2025-08-16 15:26:49,377 - DEBUG - Joint score for alpha[13]: 0.1037
2025-08-16 15:26:52,887 - DEBUG - Joint score for alpha[14]: 0.1136
2025-08-16 15:26:56,399 - DEBUG - Joint score for alpha[15]: 0.1028
2025-08-16 15:27:03,073 - DEBUG - Joint score for alpha[0]: 0.1032
2025-08-16 15:27:06,589 - DEBUG - Joint score for alpha[1]: 0.1033
2025-08-16 15:27:10,101 - DEBUG - Joint score for alpha[2]: 0.1074
2025-08-16 15:27:13,612 - DEBUG - Joint score for alpha[3]: 0.1080
2025-08-16 15:27:17,123 - DEBUG - Joint score for alpha[4]: 0.1042
2025-08-16 15:27:20,634 - DEBUG - Joint score for alpha[5]: 0.1028
2025-08-16 15:27:24,146 - DEBUG - Joint score for alpha[6]: 0.1036
2025-08-16 15:27:27,657 - DEBUG - Joint score for alpha[7]: 0.1030
2025-08-16 15:27:31,169 - DEBUG - Joint score for alpha[8]: 0.1036
2025-08-16 15:27:34,681 - DEBUG - Joint score for alpha[9]: 0.1058
2025-08-16 15:27:38,192 - DEBUG - Joint score for alpha[10]: 0.1030
2025-08-16 15:27:41,703 - DEBUG - Joint score for alpha[11]: 0.1026
2025-08-16 15:27:45,215 - DEBUG - Joint score for alpha[12]: 0.1050
2025-08-16 15:27:48,727 - DEBUG - Joint score for alpha[13]: 0.1074
2025-08-16 15:27:52,243 - DEBUG - Joint score for alpha[14]: 0.1032
2025-08-16 15:27:55,755 - DEBUG - Joint score for alpha[15]: 0.1040
2025-08-16 15:28:02,443 - DEBUG - Joint score for alpha[0]: 0.1124
2025-08-16 15:28:05,961 - DEBUG - Joint score for alpha[1]: 0.1029
2025-08-16 15:28:09,471 - DEBUG - Joint score for alpha[2]: 0.1033
2025-08-16 15:28:12,983 - DEBUG - Joint score for alpha[3]: 0.1065
2025-08-16 15:28:16,494 - DEBUG - Joint score for alpha[4]: 0.1048
2025-08-16 15:28:20,006 - DEBUG - Joint score for alpha[5]: 0.1031
2025-08-16 15:28:23,517 - DEBUG - Joint score for alpha[6]: 0.1036
2025-08-16 15:28:27,027 - DEBUG - Joint score for alpha[7]: 0.1051
2025-08-16 15:28:30,538 - DEBUG - Joint score for alpha[8]: 0.1029
2025-08-16 15:28:34,049 - DEBUG - Joint score for alpha[9]: 0.1029
2025-08-16 15:28:37,559 - DEBUG - Joint score for alpha[10]: 0.1026
2025-08-16 15:28:41,070 - DEBUG - Joint score for alpha[11]: 0.1045
2025-08-16 15:28:44,581 - DEBUG - Joint score for alpha[12]: 0.1085
2025-08-16 15:28:48,093 - DEBUG - Joint score for alpha[13]: 0.1122
2025-08-16 15:28:51,603 - DEBUG - Joint score for alpha[14]: 0.1037
2025-08-16 15:28:55,115 - DEBUG - Joint score for alpha[15]: 0.1028
2025-08-16 15:29:01,717 - DEBUG - Joint score for alpha[0]: 0.1036
2025-08-16 15:29:05,234 - DEBUG - Joint score for alpha[1]: 0.1030
2025-08-16 15:29:08,749 - DEBUG - Joint score for alpha[2]: 0.1062
2025-08-16 15:29:12,264 - DEBUG - Joint score for alpha[3]: 0.1046
2025-08-16 15:29:15,781 - DEBUG - Joint score for alpha[4]: 0.1038
2025-08-16 15:29:19,296 - DEBUG - Joint score for alpha[5]: 0.1030
2025-08-16 15:29:22,812 - DEBUG - Joint score for alpha[6]: 0.1029
2025-08-16 15:29:26,327 - DEBUG - Joint score for alpha[7]: 0.1030
2025-08-16 15:29:29,844 - DEBUG - Joint score for alpha[8]: 0.1031
2025-08-16 15:29:33,360 - DEBUG - Joint score for alpha[9]: 0.1033
2025-08-16 15:29:36,875 - DEBUG - Joint score for alpha[10]: 0.1030
2025-08-16 15:29:40,389 - DEBUG - Joint score for alpha[11]: 0.1043
2025-08-16 15:29:43,905 - DEBUG - Joint score for alpha[12]: 0.1091
2025-08-16 15:29:47,418 - DEBUG - Joint score for alpha[13]: 0.1030
2025-08-16 15:29:50,930 - DEBUG - Joint score for alpha[14]: 0.1028
2025-08-16 15:29:54,444 - DEBUG - Joint score for alpha[15]: 0.1054
2025-08-16 15:30:01,047 - DEBUG - Joint score for alpha[0]: 0.1107
2025-08-16 15:30:04,566 - DEBUG - Joint score for alpha[1]: 0.1035
2025-08-16 15:30:08,081 - DEBUG - Joint score for alpha[2]: 0.1029
2025-08-16 15:30:11,596 - DEBUG - Joint score for alpha[3]: 0.1034
2025-08-16 15:30:15,108 - DEBUG - Joint score for alpha[4]: 0.1042
2025-08-16 15:30:18,622 - DEBUG - Joint score for alpha[5]: 0.1039
2025-08-16 15:30:22,136 - DEBUG - Joint score for alpha[6]: 0.1036
2025-08-16 15:30:25,649 - DEBUG - Joint score for alpha[7]: 0.1031
2025-08-16 15:30:29,161 - DEBUG - Joint score for alpha[8]: 0.1061
2025-08-16 15:30:32,675 - DEBUG - Joint score for alpha[9]: 0.1047
2025-08-16 15:30:36,188 - DEBUG - Joint score for alpha[10]: 0.1060
2025-08-16 15:30:39,701 - DEBUG - Joint score for alpha[11]: 0.1122
2025-08-16 15:30:43,216 - DEBUG - Joint score for alpha[12]: 0.1072
2025-08-16 15:30:46,730 - DEBUG - Joint score for alpha[13]: 0.1031
2025-08-16 15:30:50,244 - DEBUG - Joint score for alpha[14]: 0.1030
2025-08-16 15:30:53,758 - DEBUG - Joint score for alpha[15]: 0.1048
2025-08-16 15:30:53,802 - INFO - Step 80/120: mean CRPS=0.1027
2025-08-16 15:30:53,810 - DEBUG - Beginning Gibbs iteration s = 80
2025-08-16 15:31:05,558 - DEBUG - Joint score for alpha[0]: 0.1151
2025-08-16 15:31:09,072 - DEBUG - Joint score for alpha[1]: 0.1111
2025-08-16 15:31:12,583 - DEBUG - Joint score for alpha[2]: 0.1150
2025-08-16 15:31:16,096 - DEBUG - Joint score for alpha[3]: 0.1237
2025-08-16 15:31:19,607 - DEBUG - Joint score for alpha[4]: 0.1048
2025-08-16 15:31:23,120 - DEBUG - Joint score for alpha[5]: 0.1029
2025-08-16 15:31:26,632 - DEBUG - Joint score for alpha[6]: 0.1208
2025-08-16 15:31:30,144 - DEBUG - Joint score for alpha[7]: 0.1117
2025-08-16 15:31:33,656 - DEBUG - Joint score for alpha[8]: 0.1198
2025-08-16 15:31:37,168 - DEBUG - Joint score for alpha[9]: 0.1137
2025-08-16 15:31:40,679 - DEBUG - Joint score for alpha[10]: 0.1114
2025-08-16 15:31:44,193 - DEBUG - Joint score for alpha[11]: 0.1195
2025-08-16 15:31:47,706 - DEBUG - Joint score for alpha[12]: 0.1028
2025-08-16 15:31:51,220 - DEBUG - Joint score for alpha[13]: 0.1226
2025-08-16 15:31:54,733 - DEBUG - Joint score for alpha[14]: 0.1051
2025-08-16 15:31:58,247 - DEBUG - Joint score for alpha[15]: 0.1026
2025-08-16 15:32:04,850 - DEBUG - Joint score for alpha[0]: 0.1030
2025-08-16 15:32:08,366 - DEBUG - Joint score for alpha[1]: 0.1030
2025-08-16 15:32:11,877 - DEBUG - Joint score for alpha[2]: 0.1030
2025-08-16 15:32:15,388 - DEBUG - Joint score for alpha[3]: 0.1023
2025-08-16 15:32:18,900 - DEBUG - Joint score for alpha[4]: 0.1021
2025-08-16 15:32:22,413 - DEBUG - Joint score for alpha[5]: 0.1108
2025-08-16 15:32:25,926 - DEBUG - Joint score for alpha[6]: 0.1042
2025-08-16 15:32:29,438 - DEBUG - Joint score for alpha[7]: 0.1065
2025-08-16 15:32:32,951 - DEBUG - Joint score for alpha[8]: 0.1022
2025-08-16 15:32:36,463 - DEBUG - Joint score for alpha[9]: 0.1029
2025-08-16 15:32:39,975 - DEBUG - Joint score for alpha[10]: 0.1029
2025-08-16 15:32:43,489 - DEBUG - Joint score for alpha[11]: 0.1044
2025-08-16 15:32:47,003 - DEBUG - Joint score for alpha[12]: 0.1079
2025-08-16 15:32:50,516 - DEBUG - Joint score for alpha[13]: 0.1029
2025-08-16 15:32:54,028 - DEBUG - Joint score for alpha[14]: 0.1026
2025-08-16 15:32:57,542 - DEBUG - Joint score for alpha[15]: 0.1024
2025-08-16 15:33:04,140 - DEBUG - Joint score for alpha[0]: 0.1029
2025-08-16 15:33:07,656 - DEBUG - Joint score for alpha[1]: 0.1030
2025-08-16 15:33:11,168 - DEBUG - Joint score for alpha[2]: 0.1041
2025-08-16 15:33:14,684 - DEBUG - Joint score for alpha[3]: 0.1111
2025-08-16 15:33:18,199 - DEBUG - Joint score for alpha[4]: 0.1026
2025-08-16 15:33:21,714 - DEBUG - Joint score for alpha[5]: 0.1031
2025-08-16 15:33:25,228 - DEBUG - Joint score for alpha[6]: 0.1024
2025-08-16 15:33:28,742 - DEBUG - Joint score for alpha[7]: 0.1050
2025-08-16 15:33:32,256 - DEBUG - Joint score for alpha[8]: 0.1026
2025-08-16 15:33:35,771 - DEBUG - Joint score for alpha[9]: 0.1038
2025-08-16 15:33:39,285 - DEBUG - Joint score for alpha[10]: 0.1027
2025-08-16 15:33:42,799 - DEBUG - Joint score for alpha[11]: 0.1031
2025-08-16 15:33:46,314 - DEBUG - Joint score for alpha[12]: 0.1046
2025-08-16 15:33:49,830 - DEBUG - Joint score for alpha[13]: 0.1049
2025-08-16 15:33:53,345 - DEBUG - Joint score for alpha[14]: 0.1027
2025-08-16 15:33:56,860 - DEBUG - Joint score for alpha[15]: 0.1026
2025-08-16 15:34:03,464 - DEBUG - Joint score for alpha[0]: 0.1024
2025-08-16 15:34:06,982 - DEBUG - Joint score for alpha[1]: 0.1040
2025-08-16 15:34:10,497 - DEBUG - Joint score for alpha[2]: 0.1130
2025-08-16 15:34:14,012 - DEBUG - Joint score for alpha[3]: 0.1036
2025-08-16 15:34:17,526 - DEBUG - Joint score for alpha[4]: 0.1036
2025-08-16 15:34:21,040 - DEBUG - Joint score for alpha[5]: 0.1040
2025-08-16 15:34:24,554 - DEBUG - Joint score for alpha[6]: 0.1037
2025-08-16 15:34:28,067 - DEBUG - Joint score for alpha[7]: 0.1029
2025-08-16 15:34:31,580 - DEBUG - Joint score for alpha[8]: 0.1031
2025-08-16 15:34:35,094 - DEBUG - Joint score for alpha[9]: 0.1057
2025-08-16 15:34:38,644 - DEBUG - Joint score for alpha[10]: 0.1040
2025-08-16 15:34:42,158 - DEBUG - Joint score for alpha[11]: 0.1040
2025-08-16 15:34:45,673 - DEBUG - Joint score for alpha[12]: 0.1028
2025-08-16 15:34:49,188 - DEBUG - Joint score for alpha[13]: 0.1038
2025-08-16 15:34:52,702 - DEBUG - Joint score for alpha[14]: 0.1036
2025-08-16 15:34:56,215 - DEBUG - Joint score for alpha[15]: 0.1031
2025-08-16 15:35:02,960 - DEBUG - Joint score for alpha[0]: 0.1045
2025-08-16 15:35:06,477 - DEBUG - Joint score for alpha[1]: 0.1061
2025-08-16 15:35:09,990 - DEBUG - Joint score for alpha[2]: 0.1065
2025-08-16 15:35:13,501 - DEBUG - Joint score for alpha[3]: 0.1026
2025-08-16 15:35:17,012 - DEBUG - Joint score for alpha[4]: 0.1029
2025-08-16 15:35:20,523 - DEBUG - Joint score for alpha[5]: 0.1021
2025-08-16 15:35:24,034 - DEBUG - Joint score for alpha[6]: 0.1063
2025-08-16 15:35:27,545 - DEBUG - Joint score for alpha[7]: 0.1028
2025-08-16 15:35:31,056 - DEBUG - Joint score for alpha[8]: 0.1064
2025-08-16 15:35:34,566 - DEBUG - Joint score for alpha[9]: 0.1028
2025-08-16 15:35:38,076 - DEBUG - Joint score for alpha[10]: 0.1027
2025-08-16 15:35:41,588 - DEBUG - Joint score for alpha[11]: 0.1029
2025-08-16 15:35:45,100 - DEBUG - Joint score for alpha[12]: 0.1047
2025-08-16 15:35:48,612 - DEBUG - Joint score for alpha[13]: 0.1038
2025-08-16 15:35:52,123 - DEBUG - Joint score for alpha[14]: 0.1061
2025-08-16 15:35:55,636 - DEBUG - Joint score for alpha[15]: 0.1041
2025-08-16 15:35:55,680 - INFO - Step 81/120: mean CRPS=0.1023
2025-08-16 15:35:55,692 - DEBUG - Beginning Gibbs iteration s = 81
2025-08-16 15:36:05,276 - DEBUG - Joint score for alpha[0]: 0.1079
2025-08-16 15:36:08,792 - DEBUG - Joint score for alpha[1]: 0.1096
2025-08-16 15:36:12,304 - DEBUG - Joint score for alpha[2]: 0.1030
2025-08-16 15:36:15,816 - DEBUG - Joint score for alpha[3]: 0.1051
2025-08-16 15:36:19,326 - DEBUG - Joint score for alpha[4]: 0.1090
2025-08-16 15:36:22,839 - DEBUG - Joint score for alpha[5]: 0.1126
2025-08-16 15:36:26,351 - DEBUG - Joint score for alpha[6]: 0.1064
2025-08-16 15:36:29,862 - DEBUG - Joint score for alpha[7]: 0.1075
2025-08-16 15:36:33,375 - DEBUG - Joint score for alpha[8]: 0.1141
2025-08-16 15:36:36,887 - DEBUG - Joint score for alpha[9]: 0.1165
2025-08-16 15:36:40,399 - DEBUG - Joint score for alpha[10]: 0.1022
2025-08-16 15:36:43,910 - DEBUG - Joint score for alpha[11]: 0.1213
2025-08-16 15:36:47,423 - DEBUG - Joint score for alpha[12]: 0.1017
2025-08-16 15:36:50,936 - DEBUG - Joint score for alpha[13]: 0.1192
2025-08-16 15:36:54,448 - DEBUG - Joint score for alpha[14]: 0.1142
2025-08-16 15:36:57,961 - DEBUG - Joint score for alpha[15]: 0.1022
2025-08-16 15:37:04,557 - DEBUG - Joint score for alpha[0]: 0.1046
2025-08-16 15:37:08,072 - DEBUG - Joint score for alpha[1]: 0.1027
2025-08-16 15:37:11,583 - DEBUG - Joint score for alpha[2]: 0.1161
2025-08-16 15:37:15,095 - DEBUG - Joint score for alpha[3]: 0.1311
2025-08-16 15:37:18,606 - DEBUG - Joint score for alpha[4]: 0.1021
2025-08-16 15:37:22,118 - DEBUG - Joint score for alpha[5]: 0.1051
2025-08-16 15:37:25,628 - DEBUG - Joint score for alpha[6]: 0.1019
2025-08-16 15:37:29,140 - DEBUG - Joint score for alpha[7]: 0.1035
2025-08-16 15:37:32,654 - DEBUG - Joint score for alpha[8]: 0.1038
2025-08-16 15:37:36,168 - DEBUG - Joint score for alpha[9]: 0.1020
2025-08-16 15:37:39,682 - DEBUG - Joint score for alpha[10]: 0.1166
2025-08-16 15:37:43,198 - DEBUG - Joint score for alpha[11]: 0.1031
2025-08-16 15:37:46,713 - DEBUG - Joint score for alpha[12]: 0.1026
2025-08-16 15:37:50,228 - DEBUG - Joint score for alpha[13]: 0.1023
2025-08-16 15:37:53,741 - DEBUG - Joint score for alpha[14]: 0.1030
2025-08-16 15:37:57,255 - DEBUG - Joint score for alpha[15]: 0.1094
2025-08-16 15:38:03,863 - DEBUG - Joint score for alpha[0]: 0.1013
2025-08-16 15:38:07,379 - DEBUG - Joint score for alpha[1]: 0.1012
2025-08-16 15:38:10,892 - DEBUG - Joint score for alpha[2]: 0.1012
2025-08-16 15:38:14,406 - DEBUG - Joint score for alpha[3]: 0.1013
2025-08-16 15:38:17,919 - DEBUG - Joint score for alpha[4]: 0.1025
2025-08-16 15:38:21,433 - DEBUG - Joint score for alpha[5]: 0.1022
2025-08-16 15:38:24,947 - DEBUG - Joint score for alpha[6]: 0.1017
2025-08-16 15:38:28,461 - DEBUG - Joint score for alpha[7]: 0.1016
2025-08-16 15:38:31,976 - DEBUG - Joint score for alpha[8]: 0.1015
2025-08-16 15:38:35,490 - DEBUG - Joint score for alpha[9]: 0.1024
2025-08-16 15:38:39,001 - DEBUG - Joint score for alpha[10]: 0.1020
2025-08-16 15:38:42,514 - DEBUG - Joint score for alpha[11]: 0.1028
2025-08-16 15:38:46,027 - DEBUG - Joint score for alpha[12]: 0.1015
2025-08-16 15:38:49,541 - DEBUG - Joint score for alpha[13]: 0.1032
2025-08-16 15:38:53,053 - DEBUG - Joint score for alpha[14]: 0.1019
2025-08-16 15:38:56,566 - DEBUG - Joint score for alpha[15]: 0.1012
2025-08-16 15:39:03,255 - DEBUG - Joint score for alpha[0]: 0.1038
2025-08-16 15:39:06,770 - DEBUG - Joint score for alpha[1]: 0.1016
2025-08-16 15:39:10,280 - DEBUG - Joint score for alpha[2]: 0.1016
2025-08-16 15:39:13,792 - DEBUG - Joint score for alpha[3]: 0.1035
2025-08-16 15:39:17,304 - DEBUG - Joint score for alpha[4]: 0.1026
2025-08-16 15:39:20,816 - DEBUG - Joint score for alpha[5]: 0.1029
2025-08-16 15:39:24,328 - DEBUG - Joint score for alpha[6]: 0.1024
2025-08-16 15:39:27,839 - DEBUG - Joint score for alpha[7]: 0.1022
2025-08-16 15:39:31,351 - DEBUG - Joint score for alpha[8]: 0.1021
2025-08-16 15:39:34,864 - DEBUG - Joint score for alpha[9]: 0.1061
2025-08-16 15:39:38,375 - DEBUG - Joint score for alpha[10]: 0.1040
2025-08-16 15:39:41,887 - DEBUG - Joint score for alpha[11]: 0.1038
2025-08-16 15:39:45,400 - DEBUG - Joint score for alpha[12]: 0.1040
2025-08-16 15:39:48,913 - DEBUG - Joint score for alpha[13]: 0.1047
2025-08-16 15:39:52,424 - DEBUG - Joint score for alpha[14]: 0.1025
2025-08-16 15:39:55,936 - DEBUG - Joint score for alpha[15]: 0.1015
2025-08-16 15:40:02,746 - DEBUG - Joint score for alpha[0]: 0.1017
2025-08-16 15:40:06,261 - DEBUG - Joint score for alpha[1]: 0.1027
2025-08-16 15:40:09,773 - DEBUG - Joint score for alpha[2]: 0.1025
2025-08-16 15:40:13,286 - DEBUG - Joint score for alpha[3]: 0.1045
2025-08-16 15:40:16,796 - DEBUG - Joint score for alpha[4]: 0.1069
2025-08-16 15:40:20,309 - DEBUG - Joint score for alpha[5]: 0.1030
2025-08-16 15:40:23,821 - DEBUG - Joint score for alpha[6]: 0.1018
2025-08-16 15:40:27,332 - DEBUG - Joint score for alpha[7]: 0.1026
2025-08-16 15:40:30,845 - DEBUG - Joint score for alpha[8]: 0.1018
2025-08-16 15:40:34,357 - DEBUG - Joint score for alpha[9]: 0.1016
2025-08-16 15:40:37,869 - DEBUG - Joint score for alpha[10]: 0.1064
2025-08-16 15:40:41,381 - DEBUG - Joint score for alpha[11]: 0.1027
2025-08-16 15:40:44,893 - DEBUG - Joint score for alpha[12]: 0.1028
2025-08-16 15:40:48,406 - DEBUG - Joint score for alpha[13]: 0.1075
2025-08-16 15:40:51,918 - DEBUG - Joint score for alpha[14]: 0.1022
2025-08-16 15:40:55,431 - DEBUG - Joint score for alpha[15]: 0.1069
2025-08-16 15:40:55,475 - INFO - Step 82/120: mean CRPS=0.1016
2025-08-16 15:40:55,481 - DEBUG - Beginning Gibbs iteration s = 82
2025-08-16 15:41:04,819 - DEBUG - Joint score for alpha[0]: 0.1037
2025-08-16 15:41:08,334 - DEBUG - Joint score for alpha[1]: 0.1017
2025-08-16 15:41:11,844 - DEBUG - Joint score for alpha[2]: 0.1016
2025-08-16 15:41:15,355 - DEBUG - Joint score for alpha[3]: 0.1025
2025-08-16 15:41:18,866 - DEBUG - Joint score for alpha[4]: 0.1018
2025-08-16 15:41:22,377 - DEBUG - Joint score for alpha[5]: 0.1039
2025-08-16 15:41:25,889 - DEBUG - Joint score for alpha[6]: 0.1071
2025-08-16 15:41:29,401 - DEBUG - Joint score for alpha[7]: 0.1117
2025-08-16 15:41:32,912 - DEBUG - Joint score for alpha[8]: 0.1137
2025-08-16 15:41:36,423 - DEBUG - Joint score for alpha[9]: 0.1170
2025-08-16 15:41:39,932 - DEBUG - Joint score for alpha[10]: 0.1056
2025-08-16 15:41:43,444 - DEBUG - Joint score for alpha[11]: 0.1212
2025-08-16 15:41:46,956 - DEBUG - Joint score for alpha[12]: 0.1070
2025-08-16 15:41:50,467 - DEBUG - Joint score for alpha[13]: 0.1078
2025-08-16 15:41:53,978 - DEBUG - Joint score for alpha[14]: 0.1096
2025-08-16 15:41:57,490 - DEBUG - Joint score for alpha[15]: 0.1019
2025-08-16 15:42:04,099 - DEBUG - Joint score for alpha[0]: 0.1040
2025-08-16 15:42:07,611 - DEBUG - Joint score for alpha[1]: 0.1013
2025-08-16 15:42:11,118 - DEBUG - Joint score for alpha[2]: 0.1213
2025-08-16 15:42:14,628 - DEBUG - Joint score for alpha[3]: 0.1018
2025-08-16 15:42:18,137 - DEBUG - Joint score for alpha[4]: 0.1024
2025-08-16 15:42:21,647 - DEBUG - Joint score for alpha[5]: 0.1018
2025-08-16 15:42:25,158 - DEBUG - Joint score for alpha[6]: 0.1032
2025-08-16 15:42:28,668 - DEBUG - Joint score for alpha[7]: 0.1013
2025-08-16 15:42:32,178 - DEBUG - Joint score for alpha[8]: 0.1049
2025-08-16 15:42:35,690 - DEBUG - Joint score for alpha[9]: 0.1012
2025-08-16 15:42:39,201 - DEBUG - Joint score for alpha[10]: 0.1115
2025-08-16 15:42:42,712 - DEBUG - Joint score for alpha[11]: 0.1100
2025-08-16 15:42:46,223 - DEBUG - Joint score for alpha[12]: 0.1023
2025-08-16 15:42:49,734 - DEBUG - Joint score for alpha[13]: 0.1014
2025-08-16 15:42:53,246 - DEBUG - Joint score for alpha[14]: 0.1019
2025-08-16 15:42:56,756 - DEBUG - Joint score for alpha[15]: 0.1018
2025-08-16 15:43:03,360 - DEBUG - Joint score for alpha[0]: 0.1027
2025-08-16 15:43:06,874 - DEBUG - Joint score for alpha[1]: 0.1015
2025-08-16 15:43:10,384 - DEBUG - Joint score for alpha[2]: 0.1013
2025-08-16 15:43:13,894 - DEBUG - Joint score for alpha[3]: 0.1011
2025-08-16 15:43:17,405 - DEBUG - Joint score for alpha[4]: 0.1021
2025-08-16 15:43:20,916 - DEBUG - Joint score for alpha[5]: 0.1016
2025-08-16 15:43:24,424 - DEBUG - Joint score for alpha[6]: 0.1021
2025-08-16 15:43:27,933 - DEBUG - Joint score for alpha[7]: 0.1019
2025-08-16 15:43:31,440 - DEBUG - Joint score for alpha[8]: 0.1017
2025-08-16 15:43:34,949 - DEBUG - Joint score for alpha[9]: 0.1061
2025-08-16 15:43:38,457 - DEBUG - Joint score for alpha[10]: 0.1028
2025-08-16 15:43:41,966 - DEBUG - Joint score for alpha[11]: 0.1012
2025-08-16 15:43:45,474 - DEBUG - Joint score for alpha[12]: 0.1013
2025-08-16 15:43:48,983 - DEBUG - Joint score for alpha[13]: 0.1047
2025-08-16 15:43:52,492 - DEBUG - Joint score for alpha[14]: 0.1044
2025-08-16 15:43:56,001 - DEBUG - Joint score for alpha[15]: 0.1016
2025-08-16 15:44:02,811 - DEBUG - Joint score for alpha[0]: 0.1038
2025-08-16 15:44:06,323 - DEBUG - Joint score for alpha[1]: 0.1024
2025-08-16 15:44:09,830 - DEBUG - Joint score for alpha[2]: 0.1016
2025-08-16 15:44:13,339 - DEBUG - Joint score for alpha[3]: 0.1012
2025-08-16 15:44:16,848 - DEBUG - Joint score for alpha[4]: 0.1013
2025-08-16 15:44:20,357 - DEBUG - Joint score for alpha[5]: 0.1015
2025-08-16 15:44:23,866 - DEBUG - Joint score for alpha[6]: 0.1016
2025-08-16 15:44:27,374 - DEBUG - Joint score for alpha[7]: 0.1054
2025-08-16 15:44:30,883 - DEBUG - Joint score for alpha[8]: 0.1016
2025-08-16 15:44:34,393 - DEBUG - Joint score for alpha[9]: 0.1032
2025-08-16 15:44:37,902 - DEBUG - Joint score for alpha[10]: 0.1026
2025-08-16 15:44:41,412 - DEBUG - Joint score for alpha[11]: 0.1013
2025-08-16 15:44:44,923 - DEBUG - Joint score for alpha[12]: 0.1028
2025-08-16 15:44:48,434 - DEBUG - Joint score for alpha[13]: 0.1025
2025-08-16 15:44:51,944 - DEBUG - Joint score for alpha[14]: 0.1008
2025-08-16 15:44:55,454 - DEBUG - Joint score for alpha[15]: 0.1015
2025-08-16 15:45:02,249 - DEBUG - Joint score for alpha[0]: 0.1010
2025-08-16 15:45:05,763 - DEBUG - Joint score for alpha[1]: 0.1048
2025-08-16 15:45:09,271 - DEBUG - Joint score for alpha[2]: 0.1062
2025-08-16 15:45:12,781 - DEBUG - Joint score for alpha[3]: 0.1024
2025-08-16 15:45:16,291 - DEBUG - Joint score for alpha[4]: 0.1013
2025-08-16 15:45:19,801 - DEBUG - Joint score for alpha[5]: 0.1028
2025-08-16 15:45:23,310 - DEBUG - Joint score for alpha[6]: 0.1013
2025-08-16 15:45:26,819 - DEBUG - Joint score for alpha[7]: 0.1043
2025-08-16 15:45:30,329 - DEBUG - Joint score for alpha[8]: 0.1015
2025-08-16 15:45:33,838 - DEBUG - Joint score for alpha[9]: 0.1035
2025-08-16 15:45:37,348 - DEBUG - Joint score for alpha[10]: 0.1039
2025-08-16 15:45:40,857 - DEBUG - Joint score for alpha[11]: 0.1057
2025-08-16 15:45:44,368 - DEBUG - Joint score for alpha[12]: 0.1046
2025-08-16 15:45:47,878 - DEBUG - Joint score for alpha[13]: 0.1064
2025-08-16 15:45:51,387 - DEBUG - Joint score for alpha[14]: 0.1028
2025-08-16 15:45:54,896 - DEBUG - Joint score for alpha[15]: 0.1019
2025-08-16 15:45:54,940 - INFO - Step 83/120: mean CRPS=0.1012
2025-08-16 15:45:54,948 - DEBUG - Beginning Gibbs iteration s = 83
2025-08-16 15:46:04,181 - DEBUG - Joint score for alpha[0]: 0.1018
2025-08-16 15:46:07,698 - DEBUG - Joint score for alpha[1]: 0.1206
2025-08-16 15:46:11,211 - DEBUG - Joint score for alpha[2]: 0.1227
2025-08-16 15:46:14,724 - DEBUG - Joint score for alpha[3]: 0.1106
2025-08-16 15:46:18,233 - DEBUG - Joint score for alpha[4]: 0.1247
2025-08-16 15:46:21,744 - DEBUG - Joint score for alpha[5]: 0.1383
2025-08-16 15:46:25,254 - DEBUG - Joint score for alpha[6]: 0.1054
2025-08-16 15:46:28,764 - DEBUG - Joint score for alpha[7]: 0.1034
2025-08-16 15:46:32,274 - DEBUG - Joint score for alpha[8]: 0.1155
2025-08-16 15:46:35,785 - DEBUG - Joint score for alpha[9]: 0.1015
2025-08-16 15:46:39,294 - DEBUG - Joint score for alpha[10]: 0.1041
2025-08-16 15:46:42,805 - DEBUG - Joint score for alpha[11]: 0.1129
2025-08-16 15:46:46,316 - DEBUG - Joint score for alpha[12]: 0.1142
2025-08-16 15:46:49,828 - DEBUG - Joint score for alpha[13]: 0.1060
2025-08-16 15:46:53,339 - DEBUG - Joint score for alpha[14]: 0.1174
2025-08-16 15:46:56,852 - DEBUG - Joint score for alpha[15]: 0.1161
2025-08-16 15:47:03,456 - DEBUG - Joint score for alpha[0]: 0.1039
2025-08-16 15:47:06,969 - DEBUG - Joint score for alpha[1]: 0.1107
2025-08-16 15:47:10,476 - DEBUG - Joint score for alpha[2]: 0.1018
2025-08-16 15:47:13,986 - DEBUG - Joint score for alpha[3]: 0.1019
2025-08-16 15:47:17,494 - DEBUG - Joint score for alpha[4]: 0.1072
2025-08-16 15:47:21,004 - DEBUG - Joint score for alpha[5]: 0.1018
2025-08-16 15:47:24,513 - DEBUG - Joint score for alpha[6]: 0.1034
2025-08-16 15:47:28,021 - DEBUG - Joint score for alpha[7]: 0.1014
2025-08-16 15:47:31,531 - DEBUG - Joint score for alpha[8]: 0.1098
2025-08-16 15:47:35,041 - DEBUG - Joint score for alpha[9]: 0.1060
2025-08-16 15:47:38,549 - DEBUG - Joint score for alpha[10]: 0.1014
2025-08-16 15:47:42,059 - DEBUG - Joint score for alpha[11]: 0.1042
2025-08-16 15:47:45,569 - DEBUG - Joint score for alpha[12]: 0.1061
2025-08-16 15:47:49,079 - DEBUG - Joint score for alpha[13]: 0.1022
2025-08-16 15:47:52,589 - DEBUG - Joint score for alpha[14]: 0.1015
2025-08-16 15:47:56,099 - DEBUG - Joint score for alpha[15]: 0.1110
2025-08-16 15:48:02,923 - DEBUG - Joint score for alpha[0]: 0.1021
2025-08-16 15:48:06,435 - DEBUG - Joint score for alpha[1]: 0.1021
2025-08-16 15:48:09,944 - DEBUG - Joint score for alpha[2]: 0.1015
2025-08-16 15:48:13,453 - DEBUG - Joint score for alpha[3]: 0.1021
2025-08-16 15:48:16,963 - DEBUG - Joint score for alpha[4]: 0.1018
2025-08-16 15:48:20,472 - DEBUG - Joint score for alpha[5]: 0.1049
2025-08-16 15:48:23,981 - DEBUG - Joint score for alpha[6]: 0.1016
2025-08-16 15:48:27,488 - DEBUG - Joint score for alpha[7]: 0.1022
2025-08-16 15:48:30,997 - DEBUG - Joint score for alpha[8]: 0.1017
2025-08-16 15:48:34,506 - DEBUG - Joint score for alpha[9]: 0.1021
2025-08-16 15:48:38,015 - DEBUG - Joint score for alpha[10]: 0.1015
2025-08-16 15:48:41,525 - DEBUG - Joint score for alpha[11]: 0.1020
2025-08-16 15:48:45,035 - DEBUG - Joint score for alpha[12]: 0.1015
2025-08-16 15:48:48,546 - DEBUG - Joint score for alpha[13]: 0.1021
2025-08-16 15:48:52,054 - DEBUG - Joint score for alpha[14]: 0.1022
2025-08-16 15:48:55,565 - DEBUG - Joint score for alpha[15]: 0.1014
2025-08-16 15:49:02,332 - DEBUG - Joint score for alpha[0]: 0.1019
2025-08-16 15:49:05,848 - DEBUG - Joint score for alpha[1]: 0.1091
2025-08-16 15:49:09,358 - DEBUG - Joint score for alpha[2]: 0.1030
2025-08-16 15:49:12,867 - DEBUG - Joint score for alpha[3]: 0.1015
2025-08-16 15:49:16,375 - DEBUG - Joint score for alpha[4]: 0.1022
2025-08-16 15:49:19,885 - DEBUG - Joint score for alpha[5]: 0.1025
2025-08-16 15:49:23,394 - DEBUG - Joint score for alpha[6]: 0.1018
2025-08-16 15:49:26,903 - DEBUG - Joint score for alpha[7]: 0.1026
2025-08-16 15:49:30,412 - DEBUG - Joint score for alpha[8]: 0.1030
2025-08-16 15:49:33,922 - DEBUG - Joint score for alpha[9]: 0.1039
2025-08-16 15:49:37,430 - DEBUG - Joint score for alpha[10]: 0.1025
2025-08-16 15:49:40,939 - DEBUG - Joint score for alpha[11]: 0.1021
2025-08-16 15:49:44,449 - DEBUG - Joint score for alpha[12]: 0.1030
2025-08-16 15:49:47,960 - DEBUG - Joint score for alpha[13]: 0.1039
2025-08-16 15:49:51,468 - DEBUG - Joint score for alpha[14]: 0.1025
2025-08-16 15:49:54,978 - DEBUG - Joint score for alpha[15]: 0.1029
2025-08-16 15:50:01,592 - DEBUG - Joint score for alpha[0]: 0.1024
2025-08-16 15:50:05,108 - DEBUG - Joint score for alpha[1]: 0.1021
2025-08-16 15:50:08,616 - DEBUG - Joint score for alpha[2]: 0.1030
2025-08-16 15:50:12,127 - DEBUG - Joint score for alpha[3]: 0.1029
2025-08-16 15:50:15,638 - DEBUG - Joint score for alpha[4]: 0.1019
2025-08-16 15:50:19,149 - DEBUG - Joint score for alpha[5]: 0.1066
2025-08-16 15:50:22,659 - DEBUG - Joint score for alpha[6]: 0.1027
2025-08-16 15:50:26,170 - DEBUG - Joint score for alpha[7]: 0.1018
2025-08-16 15:50:29,682 - DEBUG - Joint score for alpha[8]: 0.1026
2025-08-16 15:50:33,192 - DEBUG - Joint score for alpha[9]: 0.1014
2025-08-16 15:50:36,702 - DEBUG - Joint score for alpha[10]: 0.1033
2025-08-16 15:50:40,213 - DEBUG - Joint score for alpha[11]: 0.1027
2025-08-16 15:50:43,724 - DEBUG - Joint score for alpha[12]: 0.1020
2025-08-16 15:50:47,235 - DEBUG - Joint score for alpha[13]: 0.1056
2025-08-16 15:50:50,745 - DEBUG - Joint score for alpha[14]: 0.1026
2025-08-16 15:50:54,256 - DEBUG - Joint score for alpha[15]: 0.1036
2025-08-16 15:50:54,300 - INFO - Step 84/120: mean CRPS=0.1014
2025-08-16 15:50:54,312 - DEBUG - Beginning Gibbs iteration s = 84
2025-08-16 15:51:03,643 - DEBUG - Joint score for alpha[0]: 0.1070
2025-08-16 15:51:07,159 - DEBUG - Joint score for alpha[1]: 0.1080
2025-08-16 15:51:10,670 - DEBUG - Joint score for alpha[2]: 0.1022
2025-08-16 15:51:14,182 - DEBUG - Joint score for alpha[3]: 0.1124
2025-08-16 15:51:17,694 - DEBUG - Joint score for alpha[4]: 0.1205
2025-08-16 15:51:21,207 - DEBUG - Joint score for alpha[5]: 0.1224
2025-08-16 15:51:24,719 - DEBUG - Joint score for alpha[6]: 0.1026
2025-08-16 15:51:28,233 - DEBUG - Joint score for alpha[7]: 0.1019
2025-08-16 15:51:31,744 - DEBUG - Joint score for alpha[8]: 0.1216
2025-08-16 15:51:35,252 - DEBUG - Joint score for alpha[9]: 0.1018
2025-08-16 15:51:38,759 - DEBUG - Joint score for alpha[10]: 0.1125
2025-08-16 15:51:42,267 - DEBUG - Joint score for alpha[11]: 0.1082
2025-08-16 15:51:45,775 - DEBUG - Joint score for alpha[12]: 0.1296
2025-08-16 15:51:49,283 - DEBUG - Joint score for alpha[13]: 0.1033
2025-08-16 15:51:52,791 - DEBUG - Joint score for alpha[14]: 0.1024
2025-08-16 15:51:56,300 - DEBUG - Joint score for alpha[15]: 0.1034
2025-08-16 15:52:03,009 - DEBUG - Joint score for alpha[0]: 0.1031
2025-08-16 15:52:06,523 - DEBUG - Joint score for alpha[1]: 0.1021
2025-08-16 15:52:10,033 - DEBUG - Joint score for alpha[2]: 0.1053
2025-08-16 15:52:13,545 - DEBUG - Joint score for alpha[3]: 0.1046
2025-08-16 15:52:17,055 - DEBUG - Joint score for alpha[4]: 0.1017
2025-08-16 15:52:20,566 - DEBUG - Joint score for alpha[5]: 0.1038
2025-08-16 15:52:24,074 - DEBUG - Joint score for alpha[6]: 0.1024
2025-08-16 15:52:27,583 - DEBUG - Joint score for alpha[7]: 0.1051
2025-08-16 15:52:31,091 - DEBUG - Joint score for alpha[8]: 0.1201
2025-08-16 15:52:34,600 - DEBUG - Joint score for alpha[9]: 0.1027
2025-08-16 15:52:38,107 - DEBUG - Joint score for alpha[10]: 0.1026
2025-08-16 15:52:41,616 - DEBUG - Joint score for alpha[11]: 0.1023
2025-08-16 15:52:45,127 - DEBUG - Joint score for alpha[12]: 0.1014
2025-08-16 15:52:48,636 - DEBUG - Joint score for alpha[13]: 0.1026
2025-08-16 15:52:52,145 - DEBUG - Joint score for alpha[14]: 0.1021
2025-08-16 15:52:55,655 - DEBUG - Joint score for alpha[15]: 0.1018
2025-08-16 15:53:02,336 - DEBUG - Joint score for alpha[0]: 0.1019
2025-08-16 15:53:05,851 - DEBUG - Joint score for alpha[1]: 0.1052
2025-08-16 15:53:09,362 - DEBUG - Joint score for alpha[2]: 0.1058
2025-08-16 15:53:12,874 - DEBUG - Joint score for alpha[3]: 0.1018
2025-08-16 15:53:16,386 - DEBUG - Joint score for alpha[4]: 0.1018
2025-08-16 15:53:19,897 - DEBUG - Joint score for alpha[5]: 0.1034
2025-08-16 15:53:23,408 - DEBUG - Joint score for alpha[6]: 0.1022
2025-08-16 15:53:26,919 - DEBUG - Joint score for alpha[7]: 0.1015
2025-08-16 15:53:30,430 - DEBUG - Joint score for alpha[8]: 0.1052
2025-08-16 15:53:33,941 - DEBUG - Joint score for alpha[9]: 0.1059
2025-08-16 15:53:37,451 - DEBUG - Joint score for alpha[10]: 0.1024
2025-08-16 15:53:40,961 - DEBUG - Joint score for alpha[11]: 0.1026
2025-08-16 15:53:44,473 - DEBUG - Joint score for alpha[12]: 0.1064
2025-08-16 15:53:47,981 - DEBUG - Joint score for alpha[13]: 0.1024
2025-08-16 15:53:51,489 - DEBUG - Joint score for alpha[14]: 0.1061
2025-08-16 15:53:54,997 - DEBUG - Joint score for alpha[15]: 0.1028
2025-08-16 15:54:01,683 - DEBUG - Joint score for alpha[0]: 0.1018
2025-08-16 15:54:05,199 - DEBUG - Joint score for alpha[1]: 0.1019
2025-08-16 15:54:08,709 - DEBUG - Joint score for alpha[2]: 0.1022
2025-08-16 15:54:12,218 - DEBUG - Joint score for alpha[3]: 0.1038
2025-08-16 15:54:15,727 - DEBUG - Joint score for alpha[4]: 0.1029
2025-08-16 15:54:19,236 - DEBUG - Joint score for alpha[5]: 0.1012
2025-08-16 15:54:22,746 - DEBUG - Joint score for alpha[6]: 0.1017
2025-08-16 15:54:26,255 - DEBUG - Joint score for alpha[7]: 0.1018
2025-08-16 15:54:29,764 - DEBUG - Joint score for alpha[8]: 0.1020
2025-08-16 15:54:33,273 - DEBUG - Joint score for alpha[9]: 0.1030
2025-08-16 15:54:36,782 - DEBUG - Joint score for alpha[10]: 0.1016
2025-08-16 15:54:40,290 - DEBUG - Joint score for alpha[11]: 0.1017
2025-08-16 15:54:43,801 - DEBUG - Joint score for alpha[12]: 0.1015
2025-08-16 15:54:47,311 - DEBUG - Joint score for alpha[13]: 0.1029
2025-08-16 15:54:50,822 - DEBUG - Joint score for alpha[14]: 0.1033
2025-08-16 15:54:54,332 - DEBUG - Joint score for alpha[15]: 0.1042
2025-08-16 15:55:00,924 - DEBUG - Joint score for alpha[0]: 0.1018
2025-08-16 15:55:04,437 - DEBUG - Joint score for alpha[1]: 0.1021
2025-08-16 15:55:07,946 - DEBUG - Joint score for alpha[2]: 0.1055
2025-08-16 15:55:11,455 - DEBUG - Joint score for alpha[3]: 0.1015
2025-08-16 15:55:14,964 - DEBUG - Joint score for alpha[4]: 0.1032
2025-08-16 15:55:18,474 - DEBUG - Joint score for alpha[5]: 0.1021
2025-08-16 15:55:21,984 - DEBUG - Joint score for alpha[6]: 0.1036
2025-08-16 15:55:25,493 - DEBUG - Joint score for alpha[7]: 0.1015
2025-08-16 15:55:29,003 - DEBUG - Joint score for alpha[8]: 0.1042
2025-08-16 15:55:32,513 - DEBUG - Joint score for alpha[9]: 0.1019
2025-08-16 15:55:36,021 - DEBUG - Joint score for alpha[10]: 0.1019
2025-08-16 15:55:39,531 - DEBUG - Joint score for alpha[11]: 0.1058
2025-08-16 15:55:43,041 - DEBUG - Joint score for alpha[12]: 0.1019
2025-08-16 15:55:46,550 - DEBUG - Joint score for alpha[13]: 0.1043
2025-08-16 15:55:50,059 - DEBUG - Joint score for alpha[14]: 0.1023
2025-08-16 15:55:53,571 - DEBUG - Joint score for alpha[15]: 0.1020
2025-08-16 15:55:53,615 - INFO - Step 85/120: mean CRPS=0.1015
2025-08-16 15:55:53,621 - DEBUG - Beginning Gibbs iteration s = 85
2025-08-16 15:56:02,553 - DEBUG - Joint score for alpha[0]: 0.1157
2025-08-16 15:56:06,070 - DEBUG - Joint score for alpha[1]: 0.1026
2025-08-16 15:56:09,581 - DEBUG - Joint score for alpha[2]: 0.1077
2025-08-16 15:56:13,090 - DEBUG - Joint score for alpha[3]: 0.1046
2025-08-16 15:56:16,601 - DEBUG - Joint score for alpha[4]: 0.1053
2025-08-16 15:56:20,112 - DEBUG - Joint score for alpha[5]: 0.1255
2025-08-16 15:56:23,623 - DEBUG - Joint score for alpha[6]: 0.1146
2025-08-16 15:56:27,134 - DEBUG - Joint score for alpha[7]: 0.1054
2025-08-16 15:56:30,645 - DEBUG - Joint score for alpha[8]: 0.1085
2025-08-16 15:56:34,156 - DEBUG - Joint score for alpha[9]: 0.1024
2025-08-16 15:56:37,666 - DEBUG - Joint score for alpha[10]: 0.1190
2025-08-16 15:56:41,178 - DEBUG - Joint score for alpha[11]: 0.1044
2025-08-16 15:56:44,690 - DEBUG - Joint score for alpha[12]: 0.1023
2025-08-16 15:56:48,202 - DEBUG - Joint score for alpha[13]: 0.1019
2025-08-16 15:56:51,714 - DEBUG - Joint score for alpha[14]: 0.1047
2025-08-16 15:56:55,227 - DEBUG - Joint score for alpha[15]: 0.1036
2025-08-16 15:57:01,834 - DEBUG - Joint score for alpha[0]: 0.1023
2025-08-16 15:57:05,350 - DEBUG - Joint score for alpha[1]: 0.1094
2025-08-16 15:57:08,861 - DEBUG - Joint score for alpha[2]: 0.1016
2025-08-16 15:57:12,371 - DEBUG - Joint score for alpha[3]: 0.1089
2025-08-16 15:57:15,880 - DEBUG - Joint score for alpha[4]: 0.1050
2025-08-16 15:57:19,390 - DEBUG - Joint score for alpha[5]: 0.1062
2025-08-16 15:57:22,899 - DEBUG - Joint score for alpha[6]: 0.1018
2025-08-16 15:57:26,407 - DEBUG - Joint score for alpha[7]: 0.1024
2025-08-16 15:57:29,916 - DEBUG - Joint score for alpha[8]: 0.1037
2025-08-16 15:57:33,426 - DEBUG - Joint score for alpha[9]: 0.1040
2025-08-16 15:57:36,934 - DEBUG - Joint score for alpha[10]: 0.1017
2025-08-16 15:57:40,445 - DEBUG - Joint score for alpha[11]: 0.1029
2025-08-16 15:57:43,955 - DEBUG - Joint score for alpha[12]: 0.1202
2025-08-16 15:57:47,465 - DEBUG - Joint score for alpha[13]: 0.1043
2025-08-16 15:57:50,975 - DEBUG - Joint score for alpha[14]: 0.1063
2025-08-16 15:57:54,486 - DEBUG - Joint score for alpha[15]: 0.1020
2025-08-16 15:58:01,301 - DEBUG - Joint score for alpha[0]: 0.1027
2025-08-16 15:58:04,816 - DEBUG - Joint score for alpha[1]: 0.1022
2025-08-16 15:58:08,323 - DEBUG - Joint score for alpha[2]: 0.1021
2025-08-16 15:58:11,831 - DEBUG - Joint score for alpha[3]: 0.1020
2025-08-16 15:58:15,338 - DEBUG - Joint score for alpha[4]: 0.1022
2025-08-16 15:58:18,847 - DEBUG - Joint score for alpha[5]: 0.1031
2025-08-16 15:58:22,355 - DEBUG - Joint score for alpha[6]: 0.1027
2025-08-16 15:58:25,864 - DEBUG - Joint score for alpha[7]: 0.1036
2025-08-16 15:58:29,372 - DEBUG - Joint score for alpha[8]: 0.1046
2025-08-16 15:58:32,881 - DEBUG - Joint score for alpha[9]: 0.1061
2025-08-16 15:58:36,389 - DEBUG - Joint score for alpha[10]: 0.1020
2025-08-16 15:58:39,898 - DEBUG - Joint score for alpha[11]: 0.1020
2025-08-16 15:58:43,408 - DEBUG - Joint score for alpha[12]: 0.1021
2025-08-16 15:58:46,918 - DEBUG - Joint score for alpha[13]: 0.1020
2025-08-16 15:58:50,427 - DEBUG - Joint score for alpha[14]: 0.1020
2025-08-16 15:58:53,936 - DEBUG - Joint score for alpha[15]: 0.1021
2025-08-16 15:59:00,773 - DEBUG - Joint score for alpha[0]: 0.1029
2025-08-16 15:59:04,288 - DEBUG - Joint score for alpha[1]: 0.1035
2025-08-16 15:59:07,800 - DEBUG - Joint score for alpha[2]: 0.1026
2025-08-16 15:59:11,312 - DEBUG - Joint score for alpha[3]: 0.1021
2025-08-16 15:59:14,824 - DEBUG - Joint score for alpha[4]: 0.1035
2025-08-16 15:59:18,334 - DEBUG - Joint score for alpha[5]: 0.1016
2025-08-16 15:59:21,843 - DEBUG - Joint score for alpha[6]: 0.1020
2025-08-16 15:59:25,353 - DEBUG - Joint score for alpha[7]: 0.1025
2025-08-16 15:59:28,862 - DEBUG - Joint score for alpha[8]: 0.1040
2025-08-16 15:59:32,371 - DEBUG - Joint score for alpha[9]: 0.1017
2025-08-16 15:59:35,879 - DEBUG - Joint score for alpha[10]: 0.1043
2025-08-16 15:59:39,388 - DEBUG - Joint score for alpha[11]: 0.1018
2025-08-16 15:59:42,898 - DEBUG - Joint score for alpha[12]: 0.1027
2025-08-16 15:59:46,408 - DEBUG - Joint score for alpha[13]: 0.1036
2025-08-16 15:59:49,915 - DEBUG - Joint score for alpha[14]: 0.1027
2025-08-16 15:59:53,424 - DEBUG - Joint score for alpha[15]: 0.1022
2025-08-16 16:00:00,018 - DEBUG - Joint score for alpha[0]: 0.1021
2025-08-16 16:00:03,532 - DEBUG - Joint score for alpha[1]: 0.1042
2025-08-16 16:00:07,042 - DEBUG - Joint score for alpha[2]: 0.1018
2025-08-16 16:00:10,551 - DEBUG - Joint score for alpha[3]: 0.1028
2025-08-16 16:00:14,059 - DEBUG - Joint score for alpha[4]: 0.1021
2025-08-16 16:00:17,568 - DEBUG - Joint score for alpha[5]: 0.1019
2025-08-16 16:00:21,077 - DEBUG - Joint score for alpha[6]: 0.1022
2025-08-16 16:00:24,584 - DEBUG - Joint score for alpha[7]: 0.1018
2025-08-16 16:00:28,093 - DEBUG - Joint score for alpha[8]: 0.1020
2025-08-16 16:00:31,601 - DEBUG - Joint score for alpha[9]: 0.1033
2025-08-16 16:00:35,110 - DEBUG - Joint score for alpha[10]: 0.1043
2025-08-16 16:00:38,619 - DEBUG - Joint score for alpha[11]: 0.1057
2025-08-16 16:00:42,128 - DEBUG - Joint score for alpha[12]: 0.1028
2025-08-16 16:00:45,638 - DEBUG - Joint score for alpha[13]: 0.1025
2025-08-16 16:00:49,147 - DEBUG - Joint score for alpha[14]: 0.1051
2025-08-16 16:00:52,657 - DEBUG - Joint score for alpha[15]: 0.1038
2025-08-16 16:00:52,701 - INFO - Step 86/120: mean CRPS=0.1018
2025-08-16 16:00:52,707 - DEBUG - Beginning Gibbs iteration s = 86
2025-08-16 16:01:01,340 - DEBUG - Joint score for alpha[0]: 0.1232
2025-08-16 16:01:04,858 - DEBUG - Joint score for alpha[1]: 0.1056
2025-08-16 16:01:08,371 - DEBUG - Joint score for alpha[2]: 0.1056
2025-08-16 16:01:11,886 - DEBUG - Joint score for alpha[3]: 0.1043
2025-08-16 16:01:15,401 - DEBUG - Joint score for alpha[4]: 0.1128
2025-08-16 16:01:18,915 - DEBUG - Joint score for alpha[5]: 0.1349
2025-08-16 16:01:22,429 - DEBUG - Joint score for alpha[6]: 0.1040
2025-08-16 16:01:25,941 - DEBUG - Joint score for alpha[7]: 0.1455
2025-08-16 16:01:29,451 - DEBUG - Joint score for alpha[8]: 0.1242
2025-08-16 16:01:32,963 - DEBUG - Joint score for alpha[9]: 0.1055
2025-08-16 16:01:36,473 - DEBUG - Joint score for alpha[10]: 0.1281
2025-08-16 16:01:39,984 - DEBUG - Joint score for alpha[11]: 0.1094
2025-08-16 16:01:43,496 - DEBUG - Joint score for alpha[12]: 0.1072
2025-08-16 16:01:47,009 - DEBUG - Joint score for alpha[13]: 0.1029
2025-08-16 16:01:50,520 - DEBUG - Joint score for alpha[14]: 0.1079
2025-08-16 16:01:54,033 - DEBUG - Joint score for alpha[15]: 0.1067
2025-08-16 16:02:00,651 - DEBUG - Joint score for alpha[0]: 0.1035
2025-08-16 16:02:04,169 - DEBUG - Joint score for alpha[1]: 0.1041
2025-08-16 16:02:07,680 - DEBUG - Joint score for alpha[2]: 0.1049
2025-08-16 16:02:11,191 - DEBUG - Joint score for alpha[3]: 0.1126
2025-08-16 16:02:14,703 - DEBUG - Joint score for alpha[4]: 0.1028
2025-08-16 16:02:18,215 - DEBUG - Joint score for alpha[5]: 0.1070
2025-08-16 16:02:21,727 - DEBUG - Joint score for alpha[6]: 0.1095
2025-08-16 16:02:25,236 - DEBUG - Joint score for alpha[7]: 0.1036
2025-08-16 16:02:28,746 - DEBUG - Joint score for alpha[8]: 0.1029
2025-08-16 16:02:32,256 - DEBUG - Joint score for alpha[9]: 0.1077
2025-08-16 16:02:35,764 - DEBUG - Joint score for alpha[10]: 0.1053
2025-08-16 16:02:39,274 - DEBUG - Joint score for alpha[11]: 0.1131
2025-08-16 16:02:42,785 - DEBUG - Joint score for alpha[12]: 0.1031
2025-08-16 16:02:46,296 - DEBUG - Joint score for alpha[13]: 0.1043
2025-08-16 16:02:49,805 - DEBUG - Joint score for alpha[14]: 0.1068
2025-08-16 16:02:53,315 - DEBUG - Joint score for alpha[15]: 0.1050
2025-08-16 16:03:00,148 - DEBUG - Joint score for alpha[0]: 0.1030
2025-08-16 16:03:03,661 - DEBUG - Joint score for alpha[1]: 0.1072
2025-08-16 16:03:07,170 - DEBUG - Joint score for alpha[2]: 0.1024
2025-08-16 16:03:10,680 - DEBUG - Joint score for alpha[3]: 0.1026
2025-08-16 16:03:14,190 - DEBUG - Joint score for alpha[4]: 0.1024
2025-08-16 16:03:17,701 - DEBUG - Joint score for alpha[5]: 0.1035
2025-08-16 16:03:21,211 - DEBUG - Joint score for alpha[6]: 0.1030
2025-08-16 16:03:24,721 - DEBUG - Joint score for alpha[7]: 0.1028
2025-08-16 16:03:28,232 - DEBUG - Joint score for alpha[8]: 0.1039
2025-08-16 16:03:31,742 - DEBUG - Joint score for alpha[9]: 0.1031
2025-08-16 16:03:35,252 - DEBUG - Joint score for alpha[10]: 0.1073
2025-08-16 16:03:38,762 - DEBUG - Joint score for alpha[11]: 0.1138
2025-08-16 16:03:42,273 - DEBUG - Joint score for alpha[12]: 0.1033
2025-08-16 16:03:45,784 - DEBUG - Joint score for alpha[13]: 0.1029
2025-08-16 16:03:49,294 - DEBUG - Joint score for alpha[14]: 0.1025
2025-08-16 16:03:52,805 - DEBUG - Joint score for alpha[15]: 0.1033
2025-08-16 16:03:59,639 - DEBUG - Joint score for alpha[0]: 0.1045
2025-08-16 16:04:03,152 - DEBUG - Joint score for alpha[1]: 0.1026
2025-08-16 16:04:06,660 - DEBUG - Joint score for alpha[2]: 0.1121
2025-08-16 16:04:10,169 - DEBUG - Joint score for alpha[3]: 0.1031
2025-08-16 16:04:13,677 - DEBUG - Joint score for alpha[4]: 0.1025
2025-08-16 16:04:17,187 - DEBUG - Joint score for alpha[5]: 0.1035
2025-08-16 16:04:20,696 - DEBUG - Joint score for alpha[6]: 0.1031
2025-08-16 16:04:24,205 - DEBUG - Joint score for alpha[7]: 0.1027
2025-08-16 16:04:27,713 - DEBUG - Joint score for alpha[8]: 0.1198
2025-08-16 16:04:31,223 - DEBUG - Joint score for alpha[9]: 0.1031
2025-08-16 16:04:34,731 - DEBUG - Joint score for alpha[10]: 0.1048
2025-08-16 16:04:38,240 - DEBUG - Joint score for alpha[11]: 0.1026
2025-08-16 16:04:41,750 - DEBUG - Joint score for alpha[12]: 0.1042
2025-08-16 16:04:45,260 - DEBUG - Joint score for alpha[13]: 0.1025
2025-08-16 16:04:48,770 - DEBUG - Joint score for alpha[14]: 0.1037
2025-08-16 16:04:52,280 - DEBUG - Joint score for alpha[15]: 0.1038
2025-08-16 16:04:58,870 - DEBUG - Joint score for alpha[0]: 0.1042
2025-08-16 16:05:02,382 - DEBUG - Joint score for alpha[1]: 0.1031
2025-08-16 16:05:05,891 - DEBUG - Joint score for alpha[2]: 0.1058
2025-08-16 16:05:09,400 - DEBUG - Joint score for alpha[3]: 0.1039
2025-08-16 16:05:12,909 - DEBUG - Joint score for alpha[4]: 0.1071
2025-08-16 16:05:16,419 - DEBUG - Joint score for alpha[5]: 0.1027
2025-08-16 16:05:19,928 - DEBUG - Joint score for alpha[6]: 0.1028
2025-08-16 16:05:23,436 - DEBUG - Joint score for alpha[7]: 0.1078
2025-08-16 16:05:26,945 - DEBUG - Joint score for alpha[8]: 0.1032
2025-08-16 16:05:30,454 - DEBUG - Joint score for alpha[9]: 0.1041
2025-08-16 16:05:33,963 - DEBUG - Joint score for alpha[10]: 0.1026
2025-08-16 16:05:37,472 - DEBUG - Joint score for alpha[11]: 0.1041
2025-08-16 16:05:40,983 - DEBUG - Joint score for alpha[12]: 0.1079
2025-08-16 16:05:44,493 - DEBUG - Joint score for alpha[13]: 0.1034
2025-08-16 16:05:48,003 - DEBUG - Joint score for alpha[14]: 0.1027
2025-08-16 16:05:51,513 - DEBUG - Joint score for alpha[15]: 0.1030
2025-08-16 16:05:51,557 - INFO - Step 87/120: mean CRPS=0.1026
2025-08-16 16:05:51,567 - DEBUG - Beginning Gibbs iteration s = 87
2025-08-16 16:06:00,897 - DEBUG - Joint score for alpha[0]: 0.1179
2025-08-16 16:06:04,412 - DEBUG - Joint score for alpha[1]: 0.1093
2025-08-16 16:06:07,923 - DEBUG - Joint score for alpha[2]: 0.1227
2025-08-16 16:06:11,436 - DEBUG - Joint score for alpha[3]: 0.1045
2025-08-16 16:06:14,950 - DEBUG - Joint score for alpha[4]: 0.1292
2025-08-16 16:06:18,463 - DEBUG - Joint score for alpha[5]: 0.1113
2025-08-16 16:06:21,978 - DEBUG - Joint score for alpha[6]: 0.1039
2025-08-16 16:06:25,490 - DEBUG - Joint score for alpha[7]: 0.1086
2025-08-16 16:06:29,002 - DEBUG - Joint score for alpha[8]: 0.1615
2025-08-16 16:06:32,514 - DEBUG - Joint score for alpha[9]: 0.1052
2025-08-16 16:06:36,024 - DEBUG - Joint score for alpha[10]: 0.1023
2025-08-16 16:06:39,536 - DEBUG - Joint score for alpha[11]: 0.1036
2025-08-16 16:06:43,048 - DEBUG - Joint score for alpha[12]: 0.1101
2025-08-16 16:06:46,560 - DEBUG - Joint score for alpha[13]: 0.1130
2025-08-16 16:06:50,071 - DEBUG - Joint score for alpha[14]: 0.1040
2025-08-16 16:06:53,583 - DEBUG - Joint score for alpha[15]: 0.1025
2025-08-16 16:07:00,199 - DEBUG - Joint score for alpha[0]: 0.1056
2025-08-16 16:07:03,717 - DEBUG - Joint score for alpha[1]: 0.1040
2025-08-16 16:07:07,232 - DEBUG - Joint score for alpha[2]: 0.1062
2025-08-16 16:07:10,747 - DEBUG - Joint score for alpha[3]: 0.1045
2025-08-16 16:07:14,261 - DEBUG - Joint score for alpha[4]: 0.1024
2025-08-16 16:07:17,774 - DEBUG - Joint score for alpha[5]: 0.1082
2025-08-16 16:07:21,286 - DEBUG - Joint score for alpha[6]: 0.1027
2025-08-16 16:07:24,797 - DEBUG - Joint score for alpha[7]: 0.1021
2025-08-16 16:07:28,309 - DEBUG - Joint score for alpha[8]: 0.1021
2025-08-16 16:07:31,820 - DEBUG - Joint score for alpha[9]: 0.1060
2025-08-16 16:07:35,329 - DEBUG - Joint score for alpha[10]: 0.1034
2025-08-16 16:07:38,839 - DEBUG - Joint score for alpha[11]: 0.1038
2025-08-16 16:07:42,349 - DEBUG - Joint score for alpha[12]: 0.1064
2025-08-16 16:07:45,859 - DEBUG - Joint score for alpha[13]: 0.1026
2025-08-16 16:07:49,369 - DEBUG - Joint score for alpha[14]: 0.1085
2025-08-16 16:07:52,879 - DEBUG - Joint score for alpha[15]: 0.1029
2025-08-16 16:07:59,619 - DEBUG - Joint score for alpha[0]: 0.1025
2025-08-16 16:08:03,134 - DEBUG - Joint score for alpha[1]: 0.1025
2025-08-16 16:08:06,644 - DEBUG - Joint score for alpha[2]: 0.1021
2025-08-16 16:08:10,157 - DEBUG - Joint score for alpha[3]: 0.1026
2025-08-16 16:08:13,669 - DEBUG - Joint score for alpha[4]: 0.1072
2025-08-16 16:08:17,181 - DEBUG - Joint score for alpha[5]: 0.1023
2025-08-16 16:08:20,692 - DEBUG - Joint score for alpha[6]: 0.1024
2025-08-16 16:08:24,203 - DEBUG - Joint score for alpha[7]: 0.1026
2025-08-16 16:08:27,711 - DEBUG - Joint score for alpha[8]: 0.1028
2025-08-16 16:08:31,220 - DEBUG - Joint score for alpha[9]: 0.1066
2025-08-16 16:08:34,728 - DEBUG - Joint score for alpha[10]: 0.1031
2025-08-16 16:08:38,237 - DEBUG - Joint score for alpha[11]: 0.1042
2025-08-16 16:08:41,747 - DEBUG - Joint score for alpha[12]: 0.1028
2025-08-16 16:08:45,257 - DEBUG - Joint score for alpha[13]: 0.1023
2025-08-16 16:08:48,766 - DEBUG - Joint score for alpha[14]: 0.1026
2025-08-16 16:08:52,276 - DEBUG - Joint score for alpha[15]: 0.1046
2025-08-16 16:08:59,108 - DEBUG - Joint score for alpha[0]: 0.1021
2025-08-16 16:09:02,622 - DEBUG - Joint score for alpha[1]: 0.1020
2025-08-16 16:09:06,131 - DEBUG - Joint score for alpha[2]: 0.1035
2025-08-16 16:09:09,641 - DEBUG - Joint score for alpha[3]: 0.1028
2025-08-16 16:09:13,151 - DEBUG - Joint score for alpha[4]: 0.1038
2025-08-16 16:09:16,660 - DEBUG - Joint score for alpha[5]: 0.1025
2025-08-16 16:09:20,170 - DEBUG - Joint score for alpha[6]: 0.1020
2025-08-16 16:09:23,680 - DEBUG - Joint score for alpha[7]: 0.1045
2025-08-16 16:09:27,189 - DEBUG - Joint score for alpha[8]: 0.1029
2025-08-16 16:09:30,699 - DEBUG - Joint score for alpha[9]: 0.1032
2025-08-16 16:09:34,207 - DEBUG - Joint score for alpha[10]: 0.1039
2025-08-16 16:09:37,717 - DEBUG - Joint score for alpha[11]: 0.1023
2025-08-16 16:09:41,228 - DEBUG - Joint score for alpha[12]: 0.1025
2025-08-16 16:09:44,739 - DEBUG - Joint score for alpha[13]: 0.1050
2025-08-16 16:09:48,249 - DEBUG - Joint score for alpha[14]: 0.1044
2025-08-16 16:09:51,759 - DEBUG - Joint score for alpha[15]: 0.1040
2025-08-16 16:09:58,359 - DEBUG - Joint score for alpha[0]: 0.1047
2025-08-16 16:10:01,875 - DEBUG - Joint score for alpha[1]: 0.1092
2025-08-16 16:10:05,383 - DEBUG - Joint score for alpha[2]: 0.1019
2025-08-16 16:10:08,893 - DEBUG - Joint score for alpha[3]: 0.1020
2025-08-16 16:10:12,402 - DEBUG - Joint score for alpha[4]: 0.1022
2025-08-16 16:10:15,913 - DEBUG - Joint score for alpha[5]: 0.1062
2025-08-16 16:10:19,425 - DEBUG - Joint score for alpha[6]: 0.1034
2025-08-16 16:10:22,938 - DEBUG - Joint score for alpha[7]: 0.1041
2025-08-16 16:10:26,450 - DEBUG - Joint score for alpha[8]: 0.1039
2025-08-16 16:10:29,963 - DEBUG - Joint score for alpha[9]: 0.1018
2025-08-16 16:10:33,472 - DEBUG - Joint score for alpha[10]: 0.1020
2025-08-16 16:10:36,983 - DEBUG - Joint score for alpha[11]: 0.1027
2025-08-16 16:10:40,495 - DEBUG - Joint score for alpha[12]: 0.1039
2025-08-16 16:10:44,008 - DEBUG - Joint score for alpha[13]: 0.1015
2025-08-16 16:10:47,519 - DEBUG - Joint score for alpha[14]: 0.1027
2025-08-16 16:10:51,032 - DEBUG - Joint score for alpha[15]: 0.1018
2025-08-16 16:10:51,076 - INFO - Step 88/120: mean CRPS=0.1020
2025-08-16 16:10:51,084 - DEBUG - Beginning Gibbs iteration s = 88
2025-08-16 16:11:01,118 - DEBUG - Joint score for alpha[0]: 0.1073
2025-08-16 16:11:04,634 - DEBUG - Joint score for alpha[1]: 0.1021
2025-08-16 16:11:08,147 - DEBUG - Joint score for alpha[2]: 0.1168
2025-08-16 16:11:11,661 - DEBUG - Joint score for alpha[3]: 0.1045
2025-08-16 16:11:15,174 - DEBUG - Joint score for alpha[4]: 0.1124
2025-08-16 16:11:18,689 - DEBUG - Joint score for alpha[5]: 0.1062
2025-08-16 16:11:22,202 - DEBUG - Joint score for alpha[6]: 0.1213
2025-08-16 16:11:25,715 - DEBUG - Joint score for alpha[7]: 0.1073
2025-08-16 16:11:29,230 - DEBUG - Joint score for alpha[8]: 0.1050
2025-08-16 16:11:32,744 - DEBUG - Joint score for alpha[9]: 0.1020
2025-08-16 16:11:36,256 - DEBUG - Joint score for alpha[10]: 0.1283
2025-08-16 16:11:39,768 - DEBUG - Joint score for alpha[11]: 0.1058
2025-08-16 16:11:43,281 - DEBUG - Joint score for alpha[12]: 0.1119
2025-08-16 16:11:46,795 - DEBUG - Joint score for alpha[13]: 0.1439
2025-08-16 16:11:50,306 - DEBUG - Joint score for alpha[14]: 0.1075
2025-08-16 16:11:53,816 - DEBUG - Joint score for alpha[15]: 0.1053
2025-08-16 16:12:00,486 - DEBUG - Joint score for alpha[0]: 0.1040
2025-08-16 16:12:03,999 - DEBUG - Joint score for alpha[1]: 0.1044
2025-08-16 16:12:07,510 - DEBUG - Joint score for alpha[2]: 0.1202
2025-08-16 16:12:11,022 - DEBUG - Joint score for alpha[3]: 0.1146
2025-08-16 16:12:14,534 - DEBUG - Joint score for alpha[4]: 0.1054
2025-08-16 16:12:18,046 - DEBUG - Joint score for alpha[5]: 0.1033
2025-08-16 16:12:21,556 - DEBUG - Joint score for alpha[6]: 0.1075
2025-08-16 16:12:25,065 - DEBUG - Joint score for alpha[7]: 0.1016
2025-08-16 16:12:28,574 - DEBUG - Joint score for alpha[8]: 0.1016
2025-08-16 16:12:32,084 - DEBUG - Joint score for alpha[9]: 0.1039
2025-08-16 16:12:35,593 - DEBUG - Joint score for alpha[10]: 0.1022
2025-08-16 16:12:39,103 - DEBUG - Joint score for alpha[11]: 0.1062
2025-08-16 16:12:42,615 - DEBUG - Joint score for alpha[12]: 0.1037
2025-08-16 16:12:46,126 - DEBUG - Joint score for alpha[13]: 0.1021
2025-08-16 16:12:49,636 - DEBUG - Joint score for alpha[14]: 0.1018
2025-08-16 16:12:53,147 - DEBUG - Joint score for alpha[15]: 0.1033
2025-08-16 16:12:59,800 - DEBUG - Joint score for alpha[0]: 0.1029
2025-08-16 16:13:03,314 - DEBUG - Joint score for alpha[1]: 0.1026
2025-08-16 16:13:06,823 - DEBUG - Joint score for alpha[2]: 0.1038
2025-08-16 16:13:10,332 - DEBUG - Joint score for alpha[3]: 0.1017
2025-08-16 16:13:13,841 - DEBUG - Joint score for alpha[4]: 0.1027
2025-08-16 16:13:17,350 - DEBUG - Joint score for alpha[5]: 0.1051
2025-08-16 16:13:20,860 - DEBUG - Joint score for alpha[6]: 0.1023
2025-08-16 16:13:24,368 - DEBUG - Joint score for alpha[7]: 0.1022
2025-08-16 16:13:27,878 - DEBUG - Joint score for alpha[8]: 0.1020
2025-08-16 16:13:31,387 - DEBUG - Joint score for alpha[9]: 0.1014
2025-08-16 16:13:34,895 - DEBUG - Joint score for alpha[10]: 0.1018
2025-08-16 16:13:38,405 - DEBUG - Joint score for alpha[11]: 0.1070
2025-08-16 16:13:41,915 - DEBUG - Joint score for alpha[12]: 0.1029
2025-08-16 16:13:45,425 - DEBUG - Joint score for alpha[13]: 0.1033
2025-08-16 16:13:48,935 - DEBUG - Joint score for alpha[14]: 0.1017
2025-08-16 16:13:52,444 - DEBUG - Joint score for alpha[15]: 0.1028
2025-08-16 16:13:59,052 - DEBUG - Joint score for alpha[0]: 0.1044
2025-08-16 16:14:02,569 - DEBUG - Joint score for alpha[1]: 0.1014
2025-08-16 16:14:06,081 - DEBUG - Joint score for alpha[2]: 0.1038
2025-08-16 16:14:09,593 - DEBUG - Joint score for alpha[3]: 0.1021
2025-08-16 16:14:13,103 - DEBUG - Joint score for alpha[4]: 0.1023
2025-08-16 16:14:16,615 - DEBUG - Joint score for alpha[5]: 0.1035
2025-08-16 16:14:20,126 - DEBUG - Joint score for alpha[6]: 0.1032
2025-08-16 16:14:23,637 - DEBUG - Joint score for alpha[7]: 0.1022
2025-08-16 16:14:27,149 - DEBUG - Joint score for alpha[8]: 0.1021
2025-08-16 16:14:30,660 - DEBUG - Joint score for alpha[9]: 0.1029
2025-08-16 16:14:34,170 - DEBUG - Joint score for alpha[10]: 0.1037
2025-08-16 16:14:37,682 - DEBUG - Joint score for alpha[11]: 0.1027
2025-08-16 16:14:41,193 - DEBUG - Joint score for alpha[12]: 0.1024
2025-08-16 16:14:44,705 - DEBUG - Joint score for alpha[13]: 0.1019
2025-08-16 16:14:48,217 - DEBUG - Joint score for alpha[14]: 0.1039
2025-08-16 16:14:51,728 - DEBUG - Joint score for alpha[15]: 0.1020
2025-08-16 16:14:58,331 - DEBUG - Joint score for alpha[0]: 0.1019
2025-08-16 16:15:01,848 - DEBUG - Joint score for alpha[1]: 0.1022
2025-08-16 16:15:05,361 - DEBUG - Joint score for alpha[2]: 0.1036
2025-08-16 16:15:08,875 - DEBUG - Joint score for alpha[3]: 0.1021
2025-08-16 16:15:12,388 - DEBUG - Joint score for alpha[4]: 0.1048
2025-08-16 16:15:15,900 - DEBUG - Joint score for alpha[5]: 0.1020
2025-08-16 16:15:19,411 - DEBUG - Joint score for alpha[6]: 0.1046
2025-08-16 16:15:22,922 - DEBUG - Joint score for alpha[7]: 0.1020
2025-08-16 16:15:26,433 - DEBUG - Joint score for alpha[8]: 0.1031
2025-08-16 16:15:29,945 - DEBUG - Joint score for alpha[9]: 0.1045
2025-08-16 16:15:33,455 - DEBUG - Joint score for alpha[10]: 0.1021
2025-08-16 16:15:36,969 - DEBUG - Joint score for alpha[11]: 0.1017
2025-08-16 16:15:40,481 - DEBUG - Joint score for alpha[12]: 0.1020
2025-08-16 16:15:43,994 - DEBUG - Joint score for alpha[13]: 0.1072
2025-08-16 16:15:47,507 - DEBUG - Joint score for alpha[14]: 0.1065
2025-08-16 16:15:51,019 - DEBUG - Joint score for alpha[15]: 0.1020
2025-08-16 16:15:51,063 - INFO - Step 89/120: mean CRPS=0.1016
2025-08-16 16:15:51,070 - DEBUG - Beginning Gibbs iteration s = 89
2025-08-16 16:15:59,756 - DEBUG - Joint score for alpha[0]: 0.1046
2025-08-16 16:16:03,270 - DEBUG - Joint score for alpha[1]: 0.1081
2025-08-16 16:16:06,780 - DEBUG - Joint score for alpha[2]: 0.1077
2025-08-16 16:16:10,292 - DEBUG - Joint score for alpha[3]: 0.1072
2025-08-16 16:16:13,803 - DEBUG - Joint score for alpha[4]: 0.1179
2025-08-16 16:16:17,315 - DEBUG - Joint score for alpha[5]: 0.1028
2025-08-16 16:16:20,826 - DEBUG - Joint score for alpha[6]: 0.1227
2025-08-16 16:16:24,337 - DEBUG - Joint score for alpha[7]: 0.1079
2025-08-16 16:16:27,849 - DEBUG - Joint score for alpha[8]: 0.1545
2025-08-16 16:16:31,359 - DEBUG - Joint score for alpha[9]: 0.1106
2025-08-16 16:16:34,868 - DEBUG - Joint score for alpha[10]: 0.1140
2025-08-16 16:16:38,376 - DEBUG - Joint score for alpha[11]: 0.1075
2025-08-16 16:16:41,886 - DEBUG - Joint score for alpha[12]: 0.1051
2025-08-16 16:16:45,395 - DEBUG - Joint score for alpha[13]: 0.1128
2025-08-16 16:16:48,904 - DEBUG - Joint score for alpha[14]: 0.1081
2025-08-16 16:16:52,413 - DEBUG - Joint score for alpha[15]: 0.1201
2025-08-16 16:16:59,243 - DEBUG - Joint score for alpha[0]: 0.1135
2025-08-16 16:17:02,758 - DEBUG - Joint score for alpha[1]: 0.1029
2025-08-16 16:17:06,269 - DEBUG - Joint score for alpha[2]: 0.1157
2025-08-16 16:17:09,780 - DEBUG - Joint score for alpha[3]: 0.1021
2025-08-16 16:17:13,289 - DEBUG - Joint score for alpha[4]: 0.1044
2025-08-16 16:17:16,800 - DEBUG - Joint score for alpha[5]: 0.1131
2025-08-16 16:17:20,308 - DEBUG - Joint score for alpha[6]: 0.1026
2025-08-16 16:17:23,818 - DEBUG - Joint score for alpha[7]: 0.1094
2025-08-16 16:17:27,327 - DEBUG - Joint score for alpha[8]: 0.1033
2025-08-16 16:17:30,839 - DEBUG - Joint score for alpha[9]: 0.1055
2025-08-16 16:17:34,347 - DEBUG - Joint score for alpha[10]: 0.1176
2025-08-16 16:17:37,858 - DEBUG - Joint score for alpha[11]: 0.1036
2025-08-16 16:17:41,368 - DEBUG - Joint score for alpha[12]: 0.1057
2025-08-16 16:17:44,879 - DEBUG - Joint score for alpha[13]: 0.1090
2025-08-16 16:17:48,389 - DEBUG - Joint score for alpha[14]: 0.1025
2025-08-16 16:17:51,899 - DEBUG - Joint score for alpha[15]: 0.1037
2025-08-16 16:17:58,746 - DEBUG - Joint score for alpha[0]: 0.1022
2025-08-16 16:18:02,262 - DEBUG - Joint score for alpha[1]: 0.1065
2025-08-16 16:18:05,774 - DEBUG - Joint score for alpha[2]: 0.1018
2025-08-16 16:18:09,286 - DEBUG - Joint score for alpha[3]: 0.1029
2025-08-16 16:18:12,799 - DEBUG - Joint score for alpha[4]: 0.1028
2025-08-16 16:18:16,308 - DEBUG - Joint score for alpha[5]: 0.1027
2025-08-16 16:18:19,818 - DEBUG - Joint score for alpha[6]: 0.1037
2025-08-16 16:18:23,327 - DEBUG - Joint score for alpha[7]: 0.1027
2025-08-16 16:18:26,837 - DEBUG - Joint score for alpha[8]: 0.1022
2025-08-16 16:18:30,347 - DEBUG - Joint score for alpha[9]: 0.1031
2025-08-16 16:18:33,856 - DEBUG - Joint score for alpha[10]: 0.1030
2025-08-16 16:18:37,364 - DEBUG - Joint score for alpha[11]: 0.1034
2025-08-16 16:18:40,875 - DEBUG - Joint score for alpha[12]: 0.1091
2025-08-16 16:18:44,385 - DEBUG - Joint score for alpha[13]: 0.1026
2025-08-16 16:18:47,895 - DEBUG - Joint score for alpha[14]: 0.1025
2025-08-16 16:18:51,406 - DEBUG - Joint score for alpha[15]: 0.1057
2025-08-16 16:18:58,007 - DEBUG - Joint score for alpha[0]: 0.1025
2025-08-16 16:19:01,523 - DEBUG - Joint score for alpha[1]: 0.1024
2025-08-16 16:19:05,035 - DEBUG - Joint score for alpha[2]: 0.1060
2025-08-16 16:19:08,548 - DEBUG - Joint score for alpha[3]: 0.1026
2025-08-16 16:19:12,061 - DEBUG - Joint score for alpha[4]: 0.1031
2025-08-16 16:19:15,576 - DEBUG - Joint score for alpha[5]: 0.1020
2025-08-16 16:19:19,090 - DEBUG - Joint score for alpha[6]: 0.1021
2025-08-16 16:19:22,604 - DEBUG - Joint score for alpha[7]: 0.1037
2025-08-16 16:19:26,118 - DEBUG - Joint score for alpha[8]: 0.1024
2025-08-16 16:19:29,633 - DEBUG - Joint score for alpha[9]: 0.1040
2025-08-16 16:19:33,143 - DEBUG - Joint score for alpha[10]: 0.1031
2025-08-16 16:19:36,655 - DEBUG - Joint score for alpha[11]: 0.1021
2025-08-16 16:19:40,166 - DEBUG - Joint score for alpha[12]: 0.1045
2025-08-16 16:19:43,678 - DEBUG - Joint score for alpha[13]: 0.1032
2025-08-16 16:19:47,187 - DEBUG - Joint score for alpha[14]: 0.1030
2025-08-16 16:19:50,699 - DEBUG - Joint score for alpha[15]: 0.1038
2025-08-16 16:19:57,320 - DEBUG - Joint score for alpha[0]: 0.1040
2025-08-16 16:20:00,836 - DEBUG - Joint score for alpha[1]: 0.1022
2025-08-16 16:20:04,348 - DEBUG - Joint score for alpha[2]: 0.1041
2025-08-16 16:20:07,862 - DEBUG - Joint score for alpha[3]: 0.1018
2025-08-16 16:20:11,375 - DEBUG - Joint score for alpha[4]: 0.1018
2025-08-16 16:20:14,889 - DEBUG - Joint score for alpha[5]: 0.1020
2025-08-16 16:20:18,402 - DEBUG - Joint score for alpha[6]: 0.1039
2025-08-16 16:20:21,915 - DEBUG - Joint score for alpha[7]: 0.1020
2025-08-16 16:20:25,429 - DEBUG - Joint score for alpha[8]: 0.1032
2025-08-16 16:20:28,944 - DEBUG - Joint score for alpha[9]: 0.1029
2025-08-16 16:20:32,456 - DEBUG - Joint score for alpha[10]: 0.1058
2025-08-16 16:20:35,968 - DEBUG - Joint score for alpha[11]: 0.1019
2025-08-16 16:20:39,481 - DEBUG - Joint score for alpha[12]: 0.1027
2025-08-16 16:20:42,990 - DEBUG - Joint score for alpha[13]: 0.1014
2025-08-16 16:20:46,500 - DEBUG - Joint score for alpha[14]: 0.1065
2025-08-16 16:20:50,010 - DEBUG - Joint score for alpha[15]: 0.1053
2025-08-16 16:20:50,054 - INFO - Step 90/120: mean CRPS=0.1020
2025-08-16 16:20:50,064 - DEBUG - Beginning Gibbs iteration s = 90
2025-08-16 16:21:00,797 - DEBUG - Joint score for alpha[0]: 0.1082
2025-08-16 16:21:04,311 - DEBUG - Joint score for alpha[1]: 0.1025
2025-08-16 16:21:07,821 - DEBUG - Joint score for alpha[2]: 0.1036
2025-08-16 16:21:11,333 - DEBUG - Joint score for alpha[3]: 0.1071
2025-08-16 16:21:14,844 - DEBUG - Joint score for alpha[4]: 0.1028
2025-08-16 16:21:18,356 - DEBUG - Joint score for alpha[5]: 0.1034
2025-08-16 16:21:21,868 - DEBUG - Joint score for alpha[6]: 0.1183
2025-08-16 16:21:25,379 - DEBUG - Joint score for alpha[7]: 0.1034
2025-08-16 16:21:28,890 - DEBUG - Joint score for alpha[8]: 0.1139
2025-08-16 16:21:32,402 - DEBUG - Joint score for alpha[9]: 0.1035
2025-08-16 16:21:35,913 - DEBUG - Joint score for alpha[10]: 0.1199
2025-08-16 16:21:39,425 - DEBUG - Joint score for alpha[11]: 0.1096
2025-08-16 16:21:42,939 - DEBUG - Joint score for alpha[12]: 0.1118
2025-08-16 16:21:46,451 - DEBUG - Joint score for alpha[13]: 0.1048
2025-08-16 16:21:49,963 - DEBUG - Joint score for alpha[14]: 0.1025
2025-08-16 16:21:53,476 - DEBUG - Joint score for alpha[15]: 0.1082
2025-08-16 16:22:00,311 - DEBUG - Joint score for alpha[0]: 0.1079
2025-08-16 16:22:03,826 - DEBUG - Joint score for alpha[1]: 0.1020
2025-08-16 16:22:07,336 - DEBUG - Joint score for alpha[2]: 0.1030
2025-08-16 16:22:10,847 - DEBUG - Joint score for alpha[3]: 0.1078
2025-08-16 16:22:14,358 - DEBUG - Joint score for alpha[4]: 0.1034
2025-08-16 16:22:17,870 - DEBUG - Joint score for alpha[5]: 0.1084
2025-08-16 16:22:21,381 - DEBUG - Joint score for alpha[6]: 0.1026
2025-08-16 16:22:24,892 - DEBUG - Joint score for alpha[7]: 0.1025
2025-08-16 16:22:28,402 - DEBUG - Joint score for alpha[8]: 0.1025
2025-08-16 16:22:31,915 - DEBUG - Joint score for alpha[9]: 0.1033
2025-08-16 16:22:35,425 - DEBUG - Joint score for alpha[10]: 0.1028
2025-08-16 16:22:38,937 - DEBUG - Joint score for alpha[11]: 0.1033
2025-08-16 16:22:42,449 - DEBUG - Joint score for alpha[12]: 0.1044
2025-08-16 16:22:45,963 - DEBUG - Joint score for alpha[13]: 0.1021
2025-08-16 16:22:49,474 - DEBUG - Joint score for alpha[14]: 0.1091
2025-08-16 16:22:52,986 - DEBUG - Joint score for alpha[15]: 0.1082
2025-08-16 16:22:59,590 - DEBUG - Joint score for alpha[0]: 0.1019
2025-08-16 16:23:03,104 - DEBUG - Joint score for alpha[1]: 0.1047
2025-08-16 16:23:06,614 - DEBUG - Joint score for alpha[2]: 0.1067
2025-08-16 16:23:10,125 - DEBUG - Joint score for alpha[3]: 0.1028
2025-08-16 16:23:13,638 - DEBUG - Joint score for alpha[4]: 0.1026
2025-08-16 16:23:17,152 - DEBUG - Joint score for alpha[5]: 0.1035
2025-08-16 16:23:20,666 - DEBUG - Joint score for alpha[6]: 0.1021
2025-08-16 16:23:24,179 - DEBUG - Joint score for alpha[7]: 0.1030
2025-08-16 16:23:27,693 - DEBUG - Joint score for alpha[8]: 0.1027
2025-08-16 16:23:31,207 - DEBUG - Joint score for alpha[9]: 0.1024
2025-08-16 16:23:34,719 - DEBUG - Joint score for alpha[10]: 0.1071
2025-08-16 16:23:38,232 - DEBUG - Joint score for alpha[11]: 0.1021
2025-08-16 16:23:41,747 - DEBUG - Joint score for alpha[12]: 0.1023
2025-08-16 16:23:45,260 - DEBUG - Joint score for alpha[13]: 0.1027
2025-08-16 16:23:48,773 - DEBUG - Joint score for alpha[14]: 0.1020
2025-08-16 16:23:52,287 - DEBUG - Joint score for alpha[15]: 0.1024
2025-08-16 16:23:58,891 - DEBUG - Joint score for alpha[0]: 0.1026
2025-08-16 16:24:02,407 - DEBUG - Joint score for alpha[1]: 0.1031
2025-08-16 16:24:05,919 - DEBUG - Joint score for alpha[2]: 0.1026
2025-08-16 16:24:09,432 - DEBUG - Joint score for alpha[3]: 0.1029
2025-08-16 16:24:12,945 - DEBUG - Joint score for alpha[4]: 0.1024
2025-08-16 16:24:16,458 - DEBUG - Joint score for alpha[5]: 0.1028
2025-08-16 16:24:19,971 - DEBUG - Joint score for alpha[6]: 0.1051
2025-08-16 16:24:23,484 - DEBUG - Joint score for alpha[7]: 0.1023
2025-08-16 16:24:26,997 - DEBUG - Joint score for alpha[8]: 0.1025
2025-08-16 16:24:30,512 - DEBUG - Joint score for alpha[9]: 0.1024
2025-08-16 16:24:34,023 - DEBUG - Joint score for alpha[10]: 0.1029
2025-08-16 16:24:37,535 - DEBUG - Joint score for alpha[11]: 0.1033
2025-08-16 16:24:41,048 - DEBUG - Joint score for alpha[12]: 0.1029
2025-08-16 16:24:44,559 - DEBUG - Joint score for alpha[13]: 0.1028
2025-08-16 16:24:48,072 - DEBUG - Joint score for alpha[14]: 0.1019
2025-08-16 16:24:51,585 - DEBUG - Joint score for alpha[15]: 0.1027
2025-08-16 16:24:58,314 - DEBUG - Joint score for alpha[0]: 0.1029
2025-08-16 16:25:01,829 - DEBUG - Joint score for alpha[1]: 0.1025
2025-08-16 16:25:05,340 - DEBUG - Joint score for alpha[2]: 0.1067
2025-08-16 16:25:08,852 - DEBUG - Joint score for alpha[3]: 0.1028
2025-08-16 16:25:12,363 - DEBUG - Joint score for alpha[4]: 0.1023
2025-08-16 16:25:15,875 - DEBUG - Joint score for alpha[5]: 0.1029
2025-08-16 16:25:19,386 - DEBUG - Joint score for alpha[6]: 0.1042
2025-08-16 16:25:22,895 - DEBUG - Joint score for alpha[7]: 0.1064
2025-08-16 16:25:26,404 - DEBUG - Joint score for alpha[8]: 0.1032
2025-08-16 16:25:29,913 - DEBUG - Joint score for alpha[9]: 0.1019
2025-08-16 16:25:33,421 - DEBUG - Joint score for alpha[10]: 0.1023
2025-08-16 16:25:36,929 - DEBUG - Joint score for alpha[11]: 0.1025
2025-08-16 16:25:40,440 - DEBUG - Joint score for alpha[12]: 0.1044
2025-08-16 16:25:43,949 - DEBUG - Joint score for alpha[13]: 0.1028
2025-08-16 16:25:47,458 - DEBUG - Joint score for alpha[14]: 0.1030
2025-08-16 16:25:50,968 - DEBUG - Joint score for alpha[15]: 0.1024
2025-08-16 16:25:51,012 - INFO - Step 91/120: mean CRPS=0.1020
2025-08-16 16:25:51,019 - DEBUG - Beginning Gibbs iteration s = 91
2025-08-16 16:26:01,004 - DEBUG - Joint score for alpha[0]: 0.1237
2025-08-16 16:26:04,518 - DEBUG - Joint score for alpha[1]: 0.1118
2025-08-16 16:26:08,028 - DEBUG - Joint score for alpha[2]: 0.1039
2025-08-16 16:26:11,539 - DEBUG - Joint score for alpha[3]: 0.1140
2025-08-16 16:26:15,049 - DEBUG - Joint score for alpha[4]: 0.1083
2025-08-16 16:26:19,259 - DEBUG - Joint score for alpha[5]: 0.1225
2025-08-16 16:26:22,770 - DEBUG - Joint score for alpha[6]: 0.1487
2025-08-16 16:26:26,279 - DEBUG - Joint score for alpha[7]: 0.1184
2025-08-16 16:26:29,790 - DEBUG - Joint score for alpha[8]: 0.1024
2025-08-16 16:26:33,300 - DEBUG - Joint score for alpha[9]: 0.1132
2025-08-16 16:26:36,810 - DEBUG - Joint score for alpha[10]: 0.1031
2025-08-16 16:26:40,321 - DEBUG - Joint score for alpha[11]: 0.1072
2025-08-16 16:26:43,832 - DEBUG - Joint score for alpha[12]: 0.1205
2025-08-16 16:26:47,344 - DEBUG - Joint score for alpha[13]: 0.1091
2025-08-16 16:26:50,855 - DEBUG - Joint score for alpha[14]: 0.1065
2025-08-16 16:26:54,368 - DEBUG - Joint score for alpha[15]: 0.1113
2025-08-16 16:27:00,964 - DEBUG - Joint score for alpha[0]: 0.1045
2025-08-16 16:27:04,478 - DEBUG - Joint score for alpha[1]: 0.1025
2025-08-16 16:27:07,989 - DEBUG - Joint score for alpha[2]: 0.1138
2025-08-16 16:27:11,501 - DEBUG - Joint score for alpha[3]: 0.1031
2025-08-16 16:27:15,011 - DEBUG - Joint score for alpha[4]: 0.1093
2025-08-16 16:27:18,521 - DEBUG - Joint score for alpha[5]: 0.1023
2025-08-16 16:27:22,031 - DEBUG - Joint score for alpha[6]: 0.1089
2025-08-16 16:27:25,541 - DEBUG - Joint score for alpha[7]: 0.1162
2025-08-16 16:27:29,052 - DEBUG - Joint score for alpha[8]: 0.1085
2025-08-16 16:27:32,563 - DEBUG - Joint score for alpha[9]: 0.1052
2025-08-16 16:27:36,075 - DEBUG - Joint score for alpha[10]: 0.1024
2025-08-16 16:27:39,588 - DEBUG - Joint score for alpha[11]: 0.1139
2025-08-16 16:27:43,100 - DEBUG - Joint score for alpha[12]: 0.1052
2025-08-16 16:27:46,613 - DEBUG - Joint score for alpha[13]: 0.1050
2025-08-16 16:27:50,124 - DEBUG - Joint score for alpha[14]: 0.1058
2025-08-16 16:27:53,635 - DEBUG - Joint score for alpha[15]: 0.1028
2025-08-16 16:28:00,239 - DEBUG - Joint score for alpha[0]: 0.1034
2025-08-16 16:28:03,755 - DEBUG - Joint score for alpha[1]: 0.1037
2025-08-16 16:28:07,268 - DEBUG - Joint score for alpha[2]: 0.1026
2025-08-16 16:28:10,781 - DEBUG - Joint score for alpha[3]: 0.1029
2025-08-16 16:28:14,294 - DEBUG - Joint score for alpha[4]: 0.1036
2025-08-16 16:28:17,808 - DEBUG - Joint score for alpha[5]: 0.1045
2025-08-16 16:28:21,323 - DEBUG - Joint score for alpha[6]: 0.1053
2025-08-16 16:28:24,835 - DEBUG - Joint score for alpha[7]: 0.1028
2025-08-16 16:28:28,349 - DEBUG - Joint score for alpha[8]: 0.1028
2025-08-16 16:28:31,862 - DEBUG - Joint score for alpha[9]: 0.1042
2025-08-16 16:28:35,374 - DEBUG - Joint score for alpha[10]: 0.1028
2025-08-16 16:28:38,887 - DEBUG - Joint score for alpha[11]: 0.1029
2025-08-16 16:28:42,401 - DEBUG - Joint score for alpha[12]: 0.1027
2025-08-16 16:28:45,914 - DEBUG - Joint score for alpha[13]: 0.1046
2025-08-16 16:28:49,426 - DEBUG - Joint score for alpha[14]: 0.1025
2025-08-16 16:28:52,940 - DEBUG - Joint score for alpha[15]: 0.1029
2025-08-16 16:28:59,554 - DEBUG - Joint score for alpha[0]: 0.1057
2025-08-16 16:29:03,070 - DEBUG - Joint score for alpha[1]: 0.1034
2025-08-16 16:29:06,581 - DEBUG - Joint score for alpha[2]: 0.1054
2025-08-16 16:29:10,093 - DEBUG - Joint score for alpha[3]: 0.1046
2025-08-16 16:29:13,605 - DEBUG - Joint score for alpha[4]: 0.1029
2025-08-16 16:29:17,118 - DEBUG - Joint score for alpha[5]: 0.1031
2025-08-16 16:29:20,630 - DEBUG - Joint score for alpha[6]: 0.1034
2025-08-16 16:29:24,141 - DEBUG - Joint score for alpha[7]: 0.1026
2025-08-16 16:29:27,653 - DEBUG - Joint score for alpha[8]: 0.1035
2025-08-16 16:29:31,166 - DEBUG - Joint score for alpha[9]: 0.1023
2025-08-16 16:29:34,678 - DEBUG - Joint score for alpha[10]: 0.1039
2025-08-16 16:29:38,190 - DEBUG - Joint score for alpha[11]: 0.1094
2025-08-16 16:29:41,704 - DEBUG - Joint score for alpha[12]: 0.1045
2025-08-16 16:29:45,216 - DEBUG - Joint score for alpha[13]: 0.1077
2025-08-16 16:29:48,727 - DEBUG - Joint score for alpha[14]: 0.1019
2025-08-16 16:29:52,238 - DEBUG - Joint score for alpha[15]: 0.1040
2025-08-16 16:29:58,905 - DEBUG - Joint score for alpha[0]: 0.1033
2025-08-16 16:30:02,419 - DEBUG - Joint score for alpha[1]: 0.1032
2025-08-16 16:30:05,928 - DEBUG - Joint score for alpha[2]: 0.1047
2025-08-16 16:30:09,440 - DEBUG - Joint score for alpha[3]: 0.1034
2025-08-16 16:30:12,949 - DEBUG - Joint score for alpha[4]: 0.1056
2025-08-16 16:30:16,461 - DEBUG - Joint score for alpha[5]: 0.1024
2025-08-16 16:30:19,971 - DEBUG - Joint score for alpha[6]: 0.1029
2025-08-16 16:30:23,482 - DEBUG - Joint score for alpha[7]: 0.1028
2025-08-16 16:30:26,993 - DEBUG - Joint score for alpha[8]: 0.1026
2025-08-16 16:30:30,504 - DEBUG - Joint score for alpha[9]: 0.1032
2025-08-16 16:30:34,014 - DEBUG - Joint score for alpha[10]: 0.1034
2025-08-16 16:30:37,525 - DEBUG - Joint score for alpha[11]: 0.1038
2025-08-16 16:30:41,037 - DEBUG - Joint score for alpha[12]: 0.1035
2025-08-16 16:30:44,549 - DEBUG - Joint score for alpha[13]: 0.1028
2025-08-16 16:30:48,061 - DEBUG - Joint score for alpha[14]: 0.1047
2025-08-16 16:30:51,573 - DEBUG - Joint score for alpha[15]: 0.1043
2025-08-16 16:30:51,617 - INFO - Step 92/120: mean CRPS=0.1023
2025-08-16 16:30:51,624 - DEBUG - Beginning Gibbs iteration s = 92
2025-08-16 16:31:00,496 - DEBUG - Joint score for alpha[0]: 0.1025
2025-08-16 16:31:04,010 - DEBUG - Joint score for alpha[1]: 0.1043
2025-08-16 16:31:07,519 - DEBUG - Joint score for alpha[2]: 0.1148
2025-08-16 16:31:11,031 - DEBUG - Joint score for alpha[3]: 0.1034
2025-08-16 16:31:14,542 - DEBUG - Joint score for alpha[4]: 0.1559
2025-08-16 16:31:18,054 - DEBUG - Joint score for alpha[5]: 0.1052
2025-08-16 16:31:21,565 - DEBUG - Joint score for alpha[6]: 0.1194
2025-08-16 16:31:25,077 - DEBUG - Joint score for alpha[7]: 0.1024
2025-08-16 16:31:28,589 - DEBUG - Joint score for alpha[8]: 0.1131
2025-08-16 16:31:32,101 - DEBUG - Joint score for alpha[9]: 0.1044
2025-08-16 16:31:35,612 - DEBUG - Joint score for alpha[10]: 0.1394
2025-08-16 16:31:39,123 - DEBUG - Joint score for alpha[11]: 0.1281
2025-08-16 16:31:42,636 - DEBUG - Joint score for alpha[12]: 0.1346
2025-08-16 16:31:46,149 - DEBUG - Joint score for alpha[13]: 0.1068
2025-08-16 16:31:49,661 - DEBUG - Joint score for alpha[14]: 0.1138
2025-08-16 16:31:53,174 - DEBUG - Joint score for alpha[15]: 0.1066
2025-08-16 16:31:59,780 - DEBUG - Joint score for alpha[0]: 0.1041
2025-08-16 16:32:03,295 - DEBUG - Joint score for alpha[1]: 0.1026
2025-08-16 16:32:06,807 - DEBUG - Joint score for alpha[2]: 0.1056
2025-08-16 16:32:10,318 - DEBUG - Joint score for alpha[3]: 0.1060
2025-08-16 16:32:13,828 - DEBUG - Joint score for alpha[4]: 0.1061
2025-08-16 16:32:17,341 - DEBUG - Joint score for alpha[5]: 0.1045
2025-08-16 16:32:20,852 - DEBUG - Joint score for alpha[6]: 0.1063
2025-08-16 16:32:24,364 - DEBUG - Joint score for alpha[7]: 0.1084
2025-08-16 16:32:27,876 - DEBUG - Joint score for alpha[8]: 0.1050
2025-08-16 16:32:31,386 - DEBUG - Joint score for alpha[9]: 0.1107
2025-08-16 16:32:34,897 - DEBUG - Joint score for alpha[10]: 0.1024
2025-08-16 16:32:38,409 - DEBUG - Joint score for alpha[11]: 0.1021
2025-08-16 16:32:41,922 - DEBUG - Joint score for alpha[12]: 0.1117
2025-08-16 16:32:45,432 - DEBUG - Joint score for alpha[13]: 0.1095
2025-08-16 16:32:48,942 - DEBUG - Joint score for alpha[14]: 0.1033
2025-08-16 16:32:52,454 - DEBUG - Joint score for alpha[15]: 0.1055
2025-08-16 16:32:59,061 - DEBUG - Joint score for alpha[0]: 0.1024
2025-08-16 16:33:02,577 - DEBUG - Joint score for alpha[1]: 0.1089
2025-08-16 16:33:06,091 - DEBUG - Joint score for alpha[2]: 0.1024
2025-08-16 16:33:09,603 - DEBUG - Joint score for alpha[3]: 0.1038
2025-08-16 16:33:13,113 - DEBUG - Joint score for alpha[4]: 0.1029
2025-08-16 16:33:16,625 - DEBUG - Joint score for alpha[5]: 0.1049
2025-08-16 16:33:20,136 - DEBUG - Joint score for alpha[6]: 0.1057
2025-08-16 16:33:23,647 - DEBUG - Joint score for alpha[7]: 0.1026
2025-08-16 16:33:27,158 - DEBUG - Joint score for alpha[8]: 0.1094
2025-08-16 16:33:30,669 - DEBUG - Joint score for alpha[9]: 0.1154
2025-08-16 16:33:34,179 - DEBUG - Joint score for alpha[10]: 0.1024
2025-08-16 16:33:37,691 - DEBUG - Joint score for alpha[11]: 0.1043
2025-08-16 16:33:41,203 - DEBUG - Joint score for alpha[12]: 0.1028
2025-08-16 16:33:44,716 - DEBUG - Joint score for alpha[13]: 0.1026
2025-08-16 16:33:48,228 - DEBUG - Joint score for alpha[14]: 0.1053
2025-08-16 16:33:51,740 - DEBUG - Joint score for alpha[15]: 0.1018
2025-08-16 16:33:58,339 - DEBUG - Joint score for alpha[0]: 0.1078
2025-08-16 16:34:01,857 - DEBUG - Joint score for alpha[1]: 0.1051
2025-08-16 16:34:05,370 - DEBUG - Joint score for alpha[2]: 0.1049
2025-08-16 16:34:08,884 - DEBUG - Joint score for alpha[3]: 0.1019
2025-08-16 16:34:12,399 - DEBUG - Joint score for alpha[4]: 0.1027
2025-08-16 16:34:15,914 - DEBUG - Joint score for alpha[5]: 0.1045
2025-08-16 16:34:19,429 - DEBUG - Joint score for alpha[6]: 0.1029
2025-08-16 16:34:22,941 - DEBUG - Joint score for alpha[7]: 0.1025
2025-08-16 16:34:26,453 - DEBUG - Joint score for alpha[8]: 0.1022
2025-08-16 16:34:29,966 - DEBUG - Joint score for alpha[9]: 0.1028
2025-08-16 16:34:33,477 - DEBUG - Joint score for alpha[10]: 0.1022
2025-08-16 16:34:36,989 - DEBUG - Joint score for alpha[11]: 0.1055
2025-08-16 16:34:40,620 - DEBUG - Joint score for alpha[12]: 0.1024
2025-08-16 16:34:44,133 - DEBUG - Joint score for alpha[13]: 0.1019
2025-08-16 16:34:47,646 - DEBUG - Joint score for alpha[14]: 0.1027
2025-08-16 16:34:51,159 - DEBUG - Joint score for alpha[15]: 0.1040
2025-08-16 16:34:57,982 - DEBUG - Joint score for alpha[0]: 0.1067
2025-08-16 16:35:01,498 - DEBUG - Joint score for alpha[1]: 0.1018
2025-08-16 16:35:05,010 - DEBUG - Joint score for alpha[2]: 0.1020
2025-08-16 16:35:08,522 - DEBUG - Joint score for alpha[3]: 0.1042
2025-08-16 16:35:12,035 - DEBUG - Joint score for alpha[4]: 0.1057
2025-08-16 16:35:15,548 - DEBUG - Joint score for alpha[5]: 0.1050
2025-08-16 16:35:19,061 - DEBUG - Joint score for alpha[6]: 0.1028
2025-08-16 16:35:22,572 - DEBUG - Joint score for alpha[7]: 0.1054
2025-08-16 16:35:26,086 - DEBUG - Joint score for alpha[8]: 0.1022
2025-08-16 16:35:29,599 - DEBUG - Joint score for alpha[9]: 0.1020
2025-08-16 16:35:33,108 - DEBUG - Joint score for alpha[10]: 0.1026
2025-08-16 16:35:36,618 - DEBUG - Joint score for alpha[11]: 0.1042
2025-08-16 16:35:40,128 - DEBUG - Joint score for alpha[12]: 0.1036
2025-08-16 16:35:43,638 - DEBUG - Joint score for alpha[13]: 0.1018
2025-08-16 16:35:47,147 - DEBUG - Joint score for alpha[14]: 0.1021
2025-08-16 16:35:50,658 - DEBUG - Joint score for alpha[15]: 0.1019
2025-08-16 16:35:50,702 - INFO - Step 93/120: mean CRPS=0.1020
2025-08-16 16:35:50,708 - DEBUG - Beginning Gibbs iteration s = 93
2025-08-16 16:36:00,109 - DEBUG - Joint score for alpha[0]: 0.1205
2025-08-16 16:36:03,623 - DEBUG - Joint score for alpha[1]: 0.1024
2025-08-16 16:36:07,133 - DEBUG - Joint score for alpha[2]: 0.1021
2025-08-16 16:36:10,645 - DEBUG - Joint score for alpha[3]: 0.1209
2025-08-16 16:36:14,156 - DEBUG - Joint score for alpha[4]: 0.1197
2025-08-16 16:36:17,667 - DEBUG - Joint score for alpha[5]: 0.1032
2025-08-16 16:36:21,179 - DEBUG - Joint score for alpha[6]: 0.1022
2025-08-16 16:36:24,691 - DEBUG - Joint score for alpha[7]: 0.1064
2025-08-16 16:36:28,201 - DEBUG - Joint score for alpha[8]: 0.1099
2025-08-16 16:36:31,713 - DEBUG - Joint score for alpha[9]: 0.1194
2025-08-16 16:36:35,223 - DEBUG - Joint score for alpha[10]: 0.1160
2025-08-16 16:36:38,734 - DEBUG - Joint score for alpha[11]: 0.1027
2025-08-16 16:36:42,245 - DEBUG - Joint score for alpha[12]: 0.1036
2025-08-16 16:36:45,757 - DEBUG - Joint score for alpha[13]: 0.1042
2025-08-16 16:36:49,268 - DEBUG - Joint score for alpha[14]: 0.1080
2025-08-16 16:36:52,780 - DEBUG - Joint score for alpha[15]: 0.1196
2025-08-16 16:36:59,544 - DEBUG - Joint score for alpha[0]: 0.1050
2025-08-16 16:37:03,059 - DEBUG - Joint score for alpha[1]: 0.1023
2025-08-16 16:37:06,569 - DEBUG - Joint score for alpha[2]: 0.1050
2025-08-16 16:37:10,080 - DEBUG - Joint score for alpha[3]: 0.1032
2025-08-16 16:37:13,592 - DEBUG - Joint score for alpha[4]: 0.1036
2025-08-16 16:37:17,103 - DEBUG - Joint score for alpha[5]: 0.1311
2025-08-16 16:37:20,614 - DEBUG - Joint score for alpha[6]: 0.1059
2025-08-16 16:37:24,124 - DEBUG - Joint score for alpha[7]: 0.1027
2025-08-16 16:37:27,636 - DEBUG - Joint score for alpha[8]: 0.1056
2025-08-16 16:37:31,147 - DEBUG - Joint score for alpha[9]: 0.1062
2025-08-16 16:37:34,658 - DEBUG - Joint score for alpha[10]: 0.1153
2025-08-16 16:37:38,170 - DEBUG - Joint score for alpha[11]: 0.1155
2025-08-16 16:37:41,682 - DEBUG - Joint score for alpha[12]: 0.1026
2025-08-16 16:37:45,195 - DEBUG - Joint score for alpha[13]: 0.1018
2025-08-16 16:37:48,706 - DEBUG - Joint score for alpha[14]: 0.1040
2025-08-16 16:37:52,219 - DEBUG - Joint score for alpha[15]: 0.1019
2025-08-16 16:37:58,828 - DEBUG - Joint score for alpha[0]: 0.1018
2025-08-16 16:38:02,345 - DEBUG - Joint score for alpha[1]: 0.1022
2025-08-16 16:38:05,857 - DEBUG - Joint score for alpha[2]: 0.1029
2025-08-16 16:38:09,370 - DEBUG - Joint score for alpha[3]: 0.1025
2025-08-16 16:38:12,884 - DEBUG - Joint score for alpha[4]: 0.1035
2025-08-16 16:38:16,397 - DEBUG - Joint score for alpha[5]: 0.1018
2025-08-16 16:38:19,909 - DEBUG - Joint score for alpha[6]: 0.1016
2025-08-16 16:38:23,422 - DEBUG - Joint score for alpha[7]: 0.1032
2025-08-16 16:38:26,935 - DEBUG - Joint score for alpha[8]: 0.1030
2025-08-16 16:38:30,449 - DEBUG - Joint score for alpha[9]: 0.1031
2025-08-16 16:38:33,961 - DEBUG - Joint score for alpha[10]: 0.1022
2025-08-16 16:38:37,473 - DEBUG - Joint score for alpha[11]: 0.1022
2025-08-16 16:38:40,987 - DEBUG - Joint score for alpha[12]: 0.1024
2025-08-16 16:38:44,501 - DEBUG - Joint score for alpha[13]: 0.1024
2025-08-16 16:38:48,013 - DEBUG - Joint score for alpha[14]: 0.1023
2025-08-16 16:38:51,527 - DEBUG - Joint score for alpha[15]: 0.1023
2025-08-16 16:38:58,131 - DEBUG - Joint score for alpha[0]: 0.1028
2025-08-16 16:39:01,647 - DEBUG - Joint score for alpha[1]: 0.1027
2025-08-16 16:39:05,158 - DEBUG - Joint score for alpha[2]: 0.1025
2025-08-16 16:39:08,671 - DEBUG - Joint score for alpha[3]: 0.1027
2025-08-16 16:39:12,184 - DEBUG - Joint score for alpha[4]: 0.1021
2025-08-16 16:39:15,697 - DEBUG - Joint score for alpha[5]: 0.1039
2025-08-16 16:39:19,210 - DEBUG - Joint score for alpha[6]: 0.1086
2025-08-16 16:39:22,723 - DEBUG - Joint score for alpha[7]: 0.1041
2025-08-16 16:39:26,236 - DEBUG - Joint score for alpha[8]: 0.1024
2025-08-16 16:39:29,750 - DEBUG - Joint score for alpha[9]: 0.1037
2025-08-16 16:39:33,262 - DEBUG - Joint score for alpha[10]: 0.1032
2025-08-16 16:39:36,775 - DEBUG - Joint score for alpha[11]: 0.1031
2025-08-16 16:39:40,287 - DEBUG - Joint score for alpha[12]: 0.1080
2025-08-16 16:39:43,799 - DEBUG - Joint score for alpha[13]: 0.1025
2025-08-16 16:39:47,310 - DEBUG - Joint score for alpha[14]: 0.1043
2025-08-16 16:39:50,823 - DEBUG - Joint score for alpha[15]: 0.1020
2025-08-16 16:39:57,438 - DEBUG - Joint score for alpha[0]: 0.1047
2025-08-16 16:40:00,952 - DEBUG - Joint score for alpha[1]: 0.1057
2025-08-16 16:40:04,463 - DEBUG - Joint score for alpha[2]: 0.1029
2025-08-16 16:40:07,974 - DEBUG - Joint score for alpha[3]: 0.1032
2025-08-16 16:40:11,484 - DEBUG - Joint score for alpha[4]: 0.1054
2025-08-16 16:40:14,996 - DEBUG - Joint score for alpha[5]: 0.1112
2025-08-16 16:40:18,507 - DEBUG - Joint score for alpha[6]: 0.1105
2025-08-16 16:40:22,018 - DEBUG - Joint score for alpha[7]: 0.1035
2025-08-16 16:40:25,530 - DEBUG - Joint score for alpha[8]: 0.1027
2025-08-16 16:40:29,042 - DEBUG - Joint score for alpha[9]: 0.1065
2025-08-16 16:40:32,552 - DEBUG - Joint score for alpha[10]: 0.1053
2025-08-16 16:40:36,064 - DEBUG - Joint score for alpha[11]: 0.1020
2025-08-16 16:40:39,577 - DEBUG - Joint score for alpha[12]: 0.1033
2025-08-16 16:40:43,088 - DEBUG - Joint score for alpha[13]: 0.1033
2025-08-16 16:40:46,600 - DEBUG - Joint score for alpha[14]: 0.1021
2025-08-16 16:40:50,112 - DEBUG - Joint score for alpha[15]: 0.1022
2025-08-16 16:40:50,156 - INFO - Step 94/120: mean CRPS=0.1019
2025-08-16 16:40:50,166 - DEBUG - Beginning Gibbs iteration s = 94
2025-08-16 16:40:58,525 - DEBUG - Joint score for alpha[0]: 0.1147
2025-08-16 16:41:02,040 - DEBUG - Joint score for alpha[1]: 0.1076
2025-08-16 16:41:05,551 - DEBUG - Joint score for alpha[2]: 0.1092
2025-08-16 16:41:09,063 - DEBUG - Joint score for alpha[3]: 0.1033
2025-08-16 16:41:12,574 - DEBUG - Joint score for alpha[4]: 0.1304
2025-08-16 16:41:16,085 - DEBUG - Joint score for alpha[5]: 0.1272
2025-08-16 16:41:19,596 - DEBUG - Joint score for alpha[6]: 0.1294
2025-08-16 16:41:23,108 - DEBUG - Joint score for alpha[7]: 0.1152
2025-08-16 16:41:26,619 - DEBUG - Joint score for alpha[8]: 0.1021
2025-08-16 16:41:30,130 - DEBUG - Joint score for alpha[9]: 0.1035
2025-08-16 16:41:33,641 - DEBUG - Joint score for alpha[10]: 0.1021
2025-08-16 16:41:37,254 - DEBUG - Joint score for alpha[11]: 0.1027
2025-08-16 16:41:40,763 - DEBUG - Joint score for alpha[12]: 0.1322
2025-08-16 16:41:44,274 - DEBUG - Joint score for alpha[13]: 0.1136
2025-08-16 16:41:47,784 - DEBUG - Joint score for alpha[14]: 0.1031
2025-08-16 16:41:51,296 - DEBUG - Joint score for alpha[15]: 0.1170
2025-08-16 16:41:58,082 - DEBUG - Joint score for alpha[0]: 0.1080
2025-08-16 16:42:01,597 - DEBUG - Joint score for alpha[1]: 0.1062
2025-08-16 16:42:05,107 - DEBUG - Joint score for alpha[2]: 0.1062
2025-08-16 16:42:08,618 - DEBUG - Joint score for alpha[3]: 0.1048
2025-08-16 16:42:12,130 - DEBUG - Joint score for alpha[4]: 0.1026
2025-08-16 16:42:15,642 - DEBUG - Joint score for alpha[5]: 0.1031
2025-08-16 16:42:19,154 - DEBUG - Joint score for alpha[6]: 0.1042
2025-08-16 16:42:22,666 - DEBUG - Joint score for alpha[7]: 0.1032
2025-08-16 16:42:26,178 - DEBUG - Joint score for alpha[8]: 0.1126
2025-08-16 16:42:29,691 - DEBUG - Joint score for alpha[9]: 0.1042
2025-08-16 16:42:33,201 - DEBUG - Joint score for alpha[10]: 0.1078
2025-08-16 16:42:36,714 - DEBUG - Joint score for alpha[11]: 0.1057
2025-08-16 16:42:40,227 - DEBUG - Joint score for alpha[12]: 0.1036
2025-08-16 16:42:43,736 - DEBUG - Joint score for alpha[13]: 0.1030
2025-08-16 16:42:47,245 - DEBUG - Joint score for alpha[14]: 0.1019
2025-08-16 16:42:50,755 - DEBUG - Joint score for alpha[15]: 0.1047
2025-08-16 16:42:57,355 - DEBUG - Joint score for alpha[0]: 0.1030
2025-08-16 16:43:00,871 - DEBUG - Joint score for alpha[1]: 0.1022
2025-08-16 16:43:04,382 - DEBUG - Joint score for alpha[2]: 0.1165
2025-08-16 16:43:07,894 - DEBUG - Joint score for alpha[3]: 0.1024
2025-08-16 16:43:11,408 - DEBUG - Joint score for alpha[4]: 0.1034
2025-08-16 16:43:14,924 - DEBUG - Joint score for alpha[5]: 0.1031
2025-08-16 16:43:18,438 - DEBUG - Joint score for alpha[6]: 0.1025
2025-08-16 16:43:21,953 - DEBUG - Joint score for alpha[7]: 0.1050
2025-08-16 16:43:25,468 - DEBUG - Joint score for alpha[8]: 0.1024
2025-08-16 16:43:28,983 - DEBUG - Joint score for alpha[9]: 0.1047
2025-08-16 16:43:32,496 - DEBUG - Joint score for alpha[10]: 0.1029
2025-08-16 16:43:36,012 - DEBUG - Joint score for alpha[11]: 0.1029
2025-08-16 16:43:39,528 - DEBUG - Joint score for alpha[12]: 0.1029
2025-08-16 16:43:43,044 - DEBUG - Joint score for alpha[13]: 0.1031
2025-08-16 16:43:46,556 - DEBUG - Joint score for alpha[14]: 0.1026
2025-08-16 16:43:50,068 - DEBUG - Joint score for alpha[15]: 0.1047
2025-08-16 16:43:56,670 - DEBUG - Joint score for alpha[0]: 0.1041
2025-08-16 16:44:00,188 - DEBUG - Joint score for alpha[1]: 0.1032
2025-08-16 16:44:03,701 - DEBUG - Joint score for alpha[2]: 0.1029
2025-08-16 16:44:07,215 - DEBUG - Joint score for alpha[3]: 0.1035
2025-08-16 16:44:10,730 - DEBUG - Joint score for alpha[4]: 0.1033
2025-08-16 16:44:14,243 - DEBUG - Joint score for alpha[5]: 0.1022
2025-08-16 16:44:17,757 - DEBUG - Joint score for alpha[6]: 0.1031
2025-08-16 16:44:21,272 - DEBUG - Joint score for alpha[7]: 0.1024
2025-08-16 16:44:24,786 - DEBUG - Joint score for alpha[8]: 0.1032
2025-08-16 16:44:28,299 - DEBUG - Joint score for alpha[9]: 0.1027
2025-08-16 16:44:31,813 - DEBUG - Joint score for alpha[10]: 0.1023
2025-08-16 16:44:35,328 - DEBUG - Joint score for alpha[11]: 0.1039
2025-08-16 16:44:38,842 - DEBUG - Joint score for alpha[12]: 0.1028
2025-08-16 16:44:42,354 - DEBUG - Joint score for alpha[13]: 0.1021
2025-08-16 16:44:45,866 - DEBUG - Joint score for alpha[14]: 0.1021
2025-08-16 16:44:49,379 - DEBUG - Joint score for alpha[15]: 0.1025
2025-08-16 16:44:55,978 - DEBUG - Joint score for alpha[0]: 0.1022
2025-08-16 16:44:59,493 - DEBUG - Joint score for alpha[1]: 0.1043
2025-08-16 16:45:03,005 - DEBUG - Joint score for alpha[2]: 0.1050
2025-08-16 16:45:06,517 - DEBUG - Joint score for alpha[3]: 0.1030
2025-08-16 16:45:10,027 - DEBUG - Joint score for alpha[4]: 0.1046
2025-08-16 16:45:13,537 - DEBUG - Joint score for alpha[5]: 0.1039
2025-08-16 16:45:17,046 - DEBUG - Joint score for alpha[6]: 0.1034
2025-08-16 16:45:20,556 - DEBUG - Joint score for alpha[7]: 0.1025
2025-08-16 16:45:24,065 - DEBUG - Joint score for alpha[8]: 0.1034
2025-08-16 16:45:27,575 - DEBUG - Joint score for alpha[9]: 0.1030
2025-08-16 16:45:31,085 - DEBUG - Joint score for alpha[10]: 0.1042
2025-08-16 16:45:34,595 - DEBUG - Joint score for alpha[11]: 0.1049
2025-08-16 16:45:38,104 - DEBUG - Joint score for alpha[12]: 0.1055
2025-08-16 16:45:41,614 - DEBUG - Joint score for alpha[13]: 0.1031
2025-08-16 16:45:45,126 - DEBUG - Joint score for alpha[14]: 0.1026
2025-08-16 16:45:48,637 - DEBUG - Joint score for alpha[15]: 0.1048
2025-08-16 16:45:48,681 - INFO - Step 95/120: mean CRPS=0.1021
2025-08-16 16:45:48,688 - DEBUG - Beginning Gibbs iteration s = 95
2025-08-16 16:45:57,609 - DEBUG - Joint score for alpha[0]: 0.1037
2025-08-16 16:46:01,125 - DEBUG - Joint score for alpha[1]: 0.1155
2025-08-16 16:46:04,636 - DEBUG - Joint score for alpha[2]: 0.1060
2025-08-16 16:46:08,149 - DEBUG - Joint score for alpha[3]: 0.1034
2025-08-16 16:46:11,661 - DEBUG - Joint score for alpha[4]: 0.1133
2025-08-16 16:46:15,171 - DEBUG - Joint score for alpha[5]: 0.1025
2025-08-16 16:46:18,680 - DEBUG - Joint score for alpha[6]: 0.1298
2025-08-16 16:46:22,189 - DEBUG - Joint score for alpha[7]: 0.1070
2025-08-16 16:46:25,699 - DEBUG - Joint score for alpha[8]: 0.1303
2025-08-16 16:46:29,209 - DEBUG - Joint score for alpha[9]: 0.1029
2025-08-16 16:46:32,718 - DEBUG - Joint score for alpha[10]: 0.1115
2025-08-16 16:46:36,228 - DEBUG - Joint score for alpha[11]: 0.1108
2025-08-16 16:46:39,740 - DEBUG - Joint score for alpha[12]: 0.1054
2025-08-16 16:46:43,252 - DEBUG - Joint score for alpha[13]: 0.1061
2025-08-16 16:46:46,763 - DEBUG - Joint score for alpha[14]: 0.1077
2025-08-16 16:46:50,274 - DEBUG - Joint score for alpha[15]: 0.1025
2025-08-16 16:46:57,004 - DEBUG - Joint score for alpha[0]: 0.1037
2025-08-16 16:47:00,519 - DEBUG - Joint score for alpha[1]: 0.1147
2025-08-16 16:47:04,032 - DEBUG - Joint score for alpha[2]: 0.1075
2025-08-16 16:47:07,544 - DEBUG - Joint score for alpha[3]: 0.1027
2025-08-16 16:47:11,053 - DEBUG - Joint score for alpha[4]: 0.1062
2025-08-16 16:47:14,564 - DEBUG - Joint score for alpha[5]: 0.1027
2025-08-16 16:47:18,074 - DEBUG - Joint score for alpha[6]: 0.1090
2025-08-16 16:47:21,584 - DEBUG - Joint score for alpha[7]: 0.1042
2025-08-16 16:47:25,094 - DEBUG - Joint score for alpha[8]: 0.1097
2025-08-16 16:47:28,604 - DEBUG - Joint score for alpha[9]: 0.1081
2025-08-16 16:47:32,112 - DEBUG - Joint score for alpha[10]: 0.1021
2025-08-16 16:47:35,622 - DEBUG - Joint score for alpha[11]: 0.1028
2025-08-16 16:47:39,132 - DEBUG - Joint score for alpha[12]: 0.1022
2025-08-16 16:47:42,642 - DEBUG - Joint score for alpha[13]: 0.1050
2025-08-16 16:47:46,151 - DEBUG - Joint score for alpha[14]: 0.1066
2025-08-16 16:47:49,661 - DEBUG - Joint score for alpha[15]: 0.1028
2025-08-16 16:47:56,484 - DEBUG - Joint score for alpha[0]: 0.1023
2025-08-16 16:48:00,000 - DEBUG - Joint score for alpha[1]: 0.1055
2025-08-16 16:48:03,512 - DEBUG - Joint score for alpha[2]: 0.1074
2025-08-16 16:48:07,024 - DEBUG - Joint score for alpha[3]: 0.1034
2025-08-16 16:48:10,536 - DEBUG - Joint score for alpha[4]: 0.1049
2025-08-16 16:48:14,049 - DEBUG - Joint score for alpha[5]: 0.1025
2025-08-16 16:48:17,559 - DEBUG - Joint score for alpha[6]: 0.1074
2025-08-16 16:48:21,069 - DEBUG - Joint score for alpha[7]: 0.1024
2025-08-16 16:48:24,579 - DEBUG - Joint score for alpha[8]: 0.1027
2025-08-16 16:48:28,090 - DEBUG - Joint score for alpha[9]: 0.1020
2025-08-16 16:48:31,599 - DEBUG - Joint score for alpha[10]: 0.1033
2025-08-16 16:48:35,110 - DEBUG - Joint score for alpha[11]: 0.1034
2025-08-16 16:48:38,621 - DEBUG - Joint score for alpha[12]: 0.1025
2025-08-16 16:48:42,131 - DEBUG - Joint score for alpha[13]: 0.1030
2025-08-16 16:48:45,641 - DEBUG - Joint score for alpha[14]: 0.1098
2025-08-16 16:48:49,151 - DEBUG - Joint score for alpha[15]: 0.1025
2025-08-16 16:48:55,748 - DEBUG - Joint score for alpha[0]: 0.1035
2025-08-16 16:48:59,264 - DEBUG - Joint score for alpha[1]: 0.1023
2025-08-16 16:49:02,776 - DEBUG - Joint score for alpha[2]: 0.1037
2025-08-16 16:49:06,287 - DEBUG - Joint score for alpha[3]: 0.1028
2025-08-16 16:49:09,797 - DEBUG - Joint score for alpha[4]: 0.1040
2025-08-16 16:49:13,309 - DEBUG - Joint score for alpha[5]: 0.1035
2025-08-16 16:49:16,819 - DEBUG - Joint score for alpha[6]: 0.1023
2025-08-16 16:49:20,329 - DEBUG - Joint score for alpha[7]: 0.1027
2025-08-16 16:49:23,839 - DEBUG - Joint score for alpha[8]: 0.1051
2025-08-16 16:49:27,350 - DEBUG - Joint score for alpha[9]: 0.1021
2025-08-16 16:49:30,860 - DEBUG - Joint score for alpha[10]: 0.1032
2025-08-16 16:49:34,371 - DEBUG - Joint score for alpha[11]: 0.1022
2025-08-16 16:49:37,882 - DEBUG - Joint score for alpha[12]: 0.1022
2025-08-16 16:49:41,393 - DEBUG - Joint score for alpha[13]: 0.1029
2025-08-16 16:49:44,904 - DEBUG - Joint score for alpha[14]: 0.1026
2025-08-16 16:49:48,418 - DEBUG - Joint score for alpha[15]: 0.1028
2025-08-16 16:49:55,019 - DEBUG - Joint score for alpha[0]: 0.1024
2025-08-16 16:49:58,538 - DEBUG - Joint score for alpha[1]: 0.1019
2025-08-16 16:50:02,051 - DEBUG - Joint score for alpha[2]: 0.1024
2025-08-16 16:50:05,566 - DEBUG - Joint score for alpha[3]: 0.1027
2025-08-16 16:50:09,078 - DEBUG - Joint score for alpha[4]: 0.1031
2025-08-16 16:50:12,591 - DEBUG - Joint score for alpha[5]: 0.1032
2025-08-16 16:50:16,102 - DEBUG - Joint score for alpha[6]: 0.1041
2025-08-16 16:50:19,613 - DEBUG - Joint score for alpha[7]: 0.1023
2025-08-16 16:50:23,125 - DEBUG - Joint score for alpha[8]: 0.1066
2025-08-16 16:50:26,637 - DEBUG - Joint score for alpha[9]: 0.1026
2025-08-16 16:50:30,148 - DEBUG - Joint score for alpha[10]: 0.1057
2025-08-16 16:50:33,658 - DEBUG - Joint score for alpha[11]: 0.1026
2025-08-16 16:50:37,170 - DEBUG - Joint score for alpha[12]: 0.1048
2025-08-16 16:50:40,682 - DEBUG - Joint score for alpha[13]: 0.1032
2025-08-16 16:50:44,194 - DEBUG - Joint score for alpha[14]: 0.1059
2025-08-16 16:50:47,706 - DEBUG - Joint score for alpha[15]: 0.1026
2025-08-16 16:50:47,750 - INFO - Step 96/120: mean CRPS=0.1021
2025-08-16 16:50:47,755 - DEBUG - Beginning Gibbs iteration s = 96
2025-08-16 16:50:56,527 - DEBUG - Joint score for alpha[0]: 0.1071
2025-08-16 16:51:00,045 - DEBUG - Joint score for alpha[1]: 0.1119
2025-08-16 16:51:03,558 - DEBUG - Joint score for alpha[2]: 0.1045
2025-08-16 16:51:07,073 - DEBUG - Joint score for alpha[3]: 0.1057
2025-08-16 16:51:10,587 - DEBUG - Joint score for alpha[4]: 0.1289
2025-08-16 16:51:14,103 - DEBUG - Joint score for alpha[5]: 0.1025
2025-08-16 16:51:17,617 - DEBUG - Joint score for alpha[6]: 0.1263
2025-08-16 16:51:21,131 - DEBUG - Joint score for alpha[7]: 0.1563
2025-08-16 16:51:24,645 - DEBUG - Joint score for alpha[8]: 0.1040
2025-08-16 16:51:28,158 - DEBUG - Joint score for alpha[9]: 0.1114
2025-08-16 16:51:31,670 - DEBUG - Joint score for alpha[10]: 0.1166
2025-08-16 16:51:35,183 - DEBUG - Joint score for alpha[11]: 0.1028
2025-08-16 16:51:38,695 - DEBUG - Joint score for alpha[12]: 0.1237
2025-08-16 16:51:42,208 - DEBUG - Joint score for alpha[13]: 0.1021
2025-08-16 16:51:45,718 - DEBUG - Joint score for alpha[14]: 0.1053
2025-08-16 16:51:49,229 - DEBUG - Joint score for alpha[15]: 0.1022
2025-08-16 16:51:55,971 - DEBUG - Joint score for alpha[0]: 0.1024
2025-08-16 16:51:59,487 - DEBUG - Joint score for alpha[1]: 0.1018
2025-08-16 16:52:02,998 - DEBUG - Joint score for alpha[2]: 0.1025
2025-08-16 16:52:06,511 - DEBUG - Joint score for alpha[3]: 0.1065
2025-08-16 16:52:10,023 - DEBUG - Joint score for alpha[4]: 0.1076
2025-08-16 16:52:13,537 - DEBUG - Joint score for alpha[5]: 0.1043
2025-08-16 16:52:17,050 - DEBUG - Joint score for alpha[6]: 0.1022
2025-08-16 16:52:20,565 - DEBUG - Joint score for alpha[7]: 0.1211
2025-08-16 16:52:24,075 - DEBUG - Joint score for alpha[8]: 0.1026
2025-08-16 16:52:27,586 - DEBUG - Joint score for alpha[9]: 0.1032
2025-08-16 16:52:31,096 - DEBUG - Joint score for alpha[10]: 0.1029
2025-08-16 16:52:34,607 - DEBUG - Joint score for alpha[11]: 0.1020
2025-08-16 16:52:38,118 - DEBUG - Joint score for alpha[12]: 0.1135
2025-08-16 16:52:41,629 - DEBUG - Joint score for alpha[13]: 0.1039
2025-08-16 16:52:45,140 - DEBUG - Joint score for alpha[14]: 0.1067
2025-08-16 16:52:48,651 - DEBUG - Joint score for alpha[15]: 0.1037
2025-08-16 16:52:55,376 - DEBUG - Joint score for alpha[0]: 0.1035
2025-08-16 16:52:58,891 - DEBUG - Joint score for alpha[1]: 0.1018
2025-08-16 16:53:02,403 - DEBUG - Joint score for alpha[2]: 0.1017
2025-08-16 16:53:05,916 - DEBUG - Joint score for alpha[3]: 0.1023
2025-08-16 16:53:09,428 - DEBUG - Joint score for alpha[4]: 0.1013
2025-08-16 16:53:12,941 - DEBUG - Joint score for alpha[5]: 0.1019
2025-08-16 16:53:16,453 - DEBUG - Joint score for alpha[6]: 0.1018
2025-08-16 16:53:19,964 - DEBUG - Joint score for alpha[7]: 0.1026
2025-08-16 16:53:23,478 - DEBUG - Joint score for alpha[8]: 0.1023
2025-08-16 16:53:26,991 - DEBUG - Joint score for alpha[9]: 0.1018
2025-08-16 16:53:30,502 - DEBUG - Joint score for alpha[10]: 0.1022
2025-08-16 16:53:34,015 - DEBUG - Joint score for alpha[11]: 0.1024
2025-08-16 16:53:37,527 - DEBUG - Joint score for alpha[12]: 0.1031
2025-08-16 16:53:41,039 - DEBUG - Joint score for alpha[13]: 0.1021
2025-08-16 16:53:44,550 - DEBUG - Joint score for alpha[14]: 0.1074
2025-08-16 16:53:48,062 - DEBUG - Joint score for alpha[15]: 0.1026
2025-08-16 16:53:54,656 - DEBUG - Joint score for alpha[0]: 0.1038
2025-08-16 16:53:58,170 - DEBUG - Joint score for alpha[1]: 0.1023
2025-08-16 16:54:01,680 - DEBUG - Joint score for alpha[2]: 0.1022
2025-08-16 16:54:05,191 - DEBUG - Joint score for alpha[3]: 0.1024
2025-08-16 16:54:08,702 - DEBUG - Joint score for alpha[4]: 0.1039
2025-08-16 16:54:12,214 - DEBUG - Joint score for alpha[5]: 0.1018
2025-08-16 16:54:15,725 - DEBUG - Joint score for alpha[6]: 0.1036
2025-08-16 16:54:19,235 - DEBUG - Joint score for alpha[7]: 0.1025
2025-08-16 16:54:22,746 - DEBUG - Joint score for alpha[8]: 0.1048
2025-08-16 16:54:26,257 - DEBUG - Joint score for alpha[9]: 0.1022
2025-08-16 16:54:29,768 - DEBUG - Joint score for alpha[10]: 0.1033
2025-08-16 16:54:33,279 - DEBUG - Joint score for alpha[11]: 0.1021
2025-08-16 16:54:36,791 - DEBUG - Joint score for alpha[12]: 0.1020
2025-08-16 16:54:40,303 - DEBUG - Joint score for alpha[13]: 0.1026
2025-08-16 16:54:43,814 - DEBUG - Joint score for alpha[14]: 0.1021
2025-08-16 16:54:47,325 - DEBUG - Joint score for alpha[15]: 0.1034
2025-08-16 16:54:53,911 - DEBUG - Joint score for alpha[0]: 0.1060
2025-08-16 16:54:57,426 - DEBUG - Joint score for alpha[1]: 0.1039
2025-08-16 16:55:00,937 - DEBUG - Joint score for alpha[2]: 0.1031
2025-08-16 16:55:04,447 - DEBUG - Joint score for alpha[3]: 0.1055
2025-08-16 16:55:07,958 - DEBUG - Joint score for alpha[4]: 0.1052
2025-08-16 16:55:11,469 - DEBUG - Joint score for alpha[5]: 0.1029
2025-08-16 16:55:14,980 - DEBUG - Joint score for alpha[6]: 0.1019
2025-08-16 16:55:18,490 - DEBUG - Joint score for alpha[7]: 0.1020
2025-08-16 16:55:22,001 - DEBUG - Joint score for alpha[8]: 0.1032
2025-08-16 16:55:25,514 - DEBUG - Joint score for alpha[9]: 0.1067
2025-08-16 16:55:29,027 - DEBUG - Joint score for alpha[10]: 0.1066
2025-08-16 16:55:32,542 - DEBUG - Joint score for alpha[11]: 0.1018
2025-08-16 16:55:36,058 - DEBUG - Joint score for alpha[12]: 0.1026
2025-08-16 16:55:39,572 - DEBUG - Joint score for alpha[13]: 0.1057
2025-08-16 16:55:43,086 - DEBUG - Joint score for alpha[14]: 0.1050
2025-08-16 16:55:46,600 - DEBUG - Joint score for alpha[15]: 0.1022
2025-08-16 16:55:46,645 - INFO - Step 97/120: mean CRPS=0.1018
2025-08-16 16:55:46,652 - DEBUG - Beginning Gibbs iteration s = 97
2025-08-16 16:55:54,735 - DEBUG - Joint score for alpha[0]: 0.1039
2025-08-16 16:55:58,251 - DEBUG - Joint score for alpha[1]: 0.1029
2025-08-16 16:56:01,763 - DEBUG - Joint score for alpha[2]: 0.1119
2025-08-16 16:56:05,276 - DEBUG - Joint score for alpha[3]: 0.1315
2025-08-16 16:56:08,789 - DEBUG - Joint score for alpha[4]: 0.1080
2025-08-16 16:56:12,302 - DEBUG - Joint score for alpha[5]: 0.1141
2025-08-16 16:56:15,816 - DEBUG - Joint score for alpha[6]: 0.1218
2025-08-16 16:56:19,328 - DEBUG - Joint score for alpha[7]: 0.1087
2025-08-16 16:56:22,842 - DEBUG - Joint score for alpha[8]: 0.1111
2025-08-16 16:56:26,357 - DEBUG - Joint score for alpha[9]: 0.1060
2025-08-16 16:56:29,869 - DEBUG - Joint score for alpha[10]: 0.1200
2025-08-16 16:56:33,381 - DEBUG - Joint score for alpha[11]: 0.1038
2025-08-16 16:56:36,894 - DEBUG - Joint score for alpha[12]: 0.1091
2025-08-16 16:56:40,407 - DEBUG - Joint score for alpha[13]: 0.1033
2025-08-16 16:56:43,919 - DEBUG - Joint score for alpha[14]: 0.1163
2025-08-16 16:56:47,431 - DEBUG - Joint score for alpha[15]: 0.1163
2025-08-16 16:56:54,117 - DEBUG - Joint score for alpha[0]: 0.1024
2025-08-16 16:56:57,631 - DEBUG - Joint score for alpha[1]: 0.1121
2025-08-16 16:57:01,142 - DEBUG - Joint score for alpha[2]: 0.1028
2025-08-16 16:57:04,653 - DEBUG - Joint score for alpha[3]: 0.1123
2025-08-16 16:57:08,164 - DEBUG - Joint score for alpha[4]: 0.1027
2025-08-16 16:57:11,676 - DEBUG - Joint score for alpha[5]: 0.1034
2025-08-16 16:57:15,186 - DEBUG - Joint score for alpha[6]: 0.1060
2025-08-16 16:57:18,697 - DEBUG - Joint score for alpha[7]: 0.1053
2025-08-16 16:57:22,208 - DEBUG - Joint score for alpha[8]: 0.1032
2025-08-16 16:57:25,720 - DEBUG - Joint score for alpha[9]: 0.1038
2025-08-16 16:57:29,231 - DEBUG - Joint score for alpha[10]: 0.1030
2025-08-16 16:57:32,743 - DEBUG - Joint score for alpha[11]: 0.1032
2025-08-16 16:57:36,256 - DEBUG - Joint score for alpha[12]: 0.1053
2025-08-16 16:57:39,768 - DEBUG - Joint score for alpha[13]: 0.1085
2025-08-16 16:57:43,280 - DEBUG - Joint score for alpha[14]: 0.1098
2025-08-16 16:57:46,791 - DEBUG - Joint score for alpha[15]: 0.1045
2025-08-16 16:57:53,612 - DEBUG - Joint score for alpha[0]: 0.1035
2025-08-16 16:57:57,126 - DEBUG - Joint score for alpha[1]: 0.1026
2025-08-16 16:58:00,637 - DEBUG - Joint score for alpha[2]: 0.1027
2025-08-16 16:58:04,148 - DEBUG - Joint score for alpha[3]: 0.1079
2025-08-16 16:58:07,658 - DEBUG - Joint score for alpha[4]: 0.1080
2025-08-16 16:58:11,170 - DEBUG - Joint score for alpha[5]: 0.1052
2025-08-16 16:58:14,681 - DEBUG - Joint score for alpha[6]: 0.1035
2025-08-16 16:58:18,192 - DEBUG - Joint score for alpha[7]: 0.1034
2025-08-16 16:58:21,703 - DEBUG - Joint score for alpha[8]: 0.1028
2025-08-16 16:58:25,215 - DEBUG - Joint score for alpha[9]: 0.1037
2025-08-16 16:58:28,724 - DEBUG - Joint score for alpha[10]: 0.1034
2025-08-16 16:58:32,235 - DEBUG - Joint score for alpha[11]: 0.1032
2025-08-16 16:58:35,747 - DEBUG - Joint score for alpha[12]: 0.1029
2025-08-16 16:58:39,259 - DEBUG - Joint score for alpha[13]: 0.1125
2025-08-16 16:58:42,771 - DEBUG - Joint score for alpha[14]: 0.1044
2025-08-16 16:58:46,282 - DEBUG - Joint score for alpha[15]: 0.1087
2025-08-16 16:58:52,888 - DEBUG - Joint score for alpha[0]: 0.1036
2025-08-16 16:58:56,404 - DEBUG - Joint score for alpha[1]: 0.1035
2025-08-16 16:58:59,917 - DEBUG - Joint score for alpha[2]: 0.1027
2025-08-16 16:59:03,430 - DEBUG - Joint score for alpha[3]: 0.1040
2025-08-16 16:59:06,943 - DEBUG - Joint score for alpha[4]: 0.1032
2025-08-16 16:59:10,456 - DEBUG - Joint score for alpha[5]: 0.1056
2025-08-16 16:59:13,970 - DEBUG - Joint score for alpha[6]: 0.1036
2025-08-16 16:59:17,483 - DEBUG - Joint score for alpha[7]: 0.1050
2025-08-16 16:59:20,997 - DEBUG - Joint score for alpha[8]: 0.1056
2025-08-16 16:59:24,511 - DEBUG - Joint score for alpha[9]: 0.1027
2025-08-16 16:59:28,024 - DEBUG - Joint score for alpha[10]: 0.1034
2025-08-16 16:59:31,537 - DEBUG - Joint score for alpha[11]: 0.1036
2025-08-16 16:59:35,052 - DEBUG - Joint score for alpha[12]: 0.1057
2025-08-16 16:59:38,567 - DEBUG - Joint score for alpha[13]: 0.1023
2025-08-16 16:59:42,081 - DEBUG - Joint score for alpha[14]: 0.1030
2025-08-16 16:59:45,595 - DEBUG - Joint score for alpha[15]: 0.1033
2025-08-16 16:59:52,200 - DEBUG - Joint score for alpha[0]: 0.1038
2025-08-16 16:59:55,717 - DEBUG - Joint score for alpha[1]: 0.1075
2025-08-16 16:59:59,228 - DEBUG - Joint score for alpha[2]: 0.1060
2025-08-16 17:00:02,741 - DEBUG - Joint score for alpha[3]: 0.1069
2025-08-16 17:00:06,253 - DEBUG - Joint score for alpha[4]: 0.1053
2025-08-16 17:00:09,765 - DEBUG - Joint score for alpha[5]: 0.1027
2025-08-16 17:00:13,279 - DEBUG - Joint score for alpha[6]: 0.1030
2025-08-16 17:00:16,791 - DEBUG - Joint score for alpha[7]: 0.1032
2025-08-16 17:00:20,303 - DEBUG - Joint score for alpha[8]: 0.1076
2025-08-16 17:00:23,815 - DEBUG - Joint score for alpha[9]: 0.1040
2025-08-16 17:00:27,327 - DEBUG - Joint score for alpha[10]: 0.1030
2025-08-16 17:00:30,837 - DEBUG - Joint score for alpha[11]: 0.1032
2025-08-16 17:00:34,350 - DEBUG - Joint score for alpha[12]: 0.1036
2025-08-16 17:00:37,862 - DEBUG - Joint score for alpha[13]: 0.1063
2025-08-16 17:00:41,374 - DEBUG - Joint score for alpha[14]: 0.1033
2025-08-16 17:00:44,887 - DEBUG - Joint score for alpha[15]: 0.1050
2025-08-16 17:00:44,931 - INFO - Step 98/120: mean CRPS=0.1026
2025-08-16 17:00:44,949 - DEBUG - Beginning Gibbs iteration s = 98
2025-08-16 17:00:53,486 - DEBUG - Joint score for alpha[0]: 0.1036
2025-08-16 17:00:57,000 - DEBUG - Joint score for alpha[1]: 0.1059
2025-08-16 17:01:00,510 - DEBUG - Joint score for alpha[2]: 0.1107
2025-08-16 17:01:04,021 - DEBUG - Joint score for alpha[3]: 0.1021
2025-08-16 17:01:07,531 - DEBUG - Joint score for alpha[4]: 0.1051
2025-08-16 17:01:11,042 - DEBUG - Joint score for alpha[5]: 0.1093
2025-08-16 17:01:14,552 - DEBUG - Joint score for alpha[6]: 0.1288
2025-08-16 17:01:18,062 - DEBUG - Joint score for alpha[7]: 0.1099
2025-08-16 17:01:21,573 - DEBUG - Joint score for alpha[8]: 0.1180
2025-08-16 17:01:25,084 - DEBUG - Joint score for alpha[9]: 0.1056
2025-08-16 17:01:28,593 - DEBUG - Joint score for alpha[10]: 0.1044
2025-08-16 17:01:32,105 - DEBUG - Joint score for alpha[11]: 0.1040
2025-08-16 17:01:35,616 - DEBUG - Joint score for alpha[12]: 0.1057
2025-08-16 17:01:39,128 - DEBUG - Joint score for alpha[13]: 0.1071
2025-08-16 17:01:42,640 - DEBUG - Joint score for alpha[14]: 0.1023
2025-08-16 17:01:46,152 - DEBUG - Joint score for alpha[15]: 0.1225
2025-08-16 17:01:53,022 - DEBUG - Joint score for alpha[0]: 0.1059
2025-08-16 17:01:56,536 - DEBUG - Joint score for alpha[1]: 0.1170
2025-08-16 17:02:00,047 - DEBUG - Joint score for alpha[2]: 0.1028
2025-08-16 17:02:03,558 - DEBUG - Joint score for alpha[3]: 0.1071
2025-08-16 17:02:07,070 - DEBUG - Joint score for alpha[4]: 0.1061
2025-08-16 17:02:10,582 - DEBUG - Joint score for alpha[5]: 0.1025
2025-08-16 17:02:14,093 - DEBUG - Joint score for alpha[6]: 0.1097
2025-08-16 17:02:17,605 - DEBUG - Joint score for alpha[7]: 0.1026
2025-08-16 17:02:21,116 - DEBUG - Joint score for alpha[8]: 0.1031
2025-08-16 17:02:24,628 - DEBUG - Joint score for alpha[9]: 0.1019
2025-08-16 17:02:28,139 - DEBUG - Joint score for alpha[10]: 0.1034
2025-08-16 17:02:31,651 - DEBUG - Joint score for alpha[11]: 0.1115
2025-08-16 17:02:35,164 - DEBUG - Joint score for alpha[12]: 0.1025
2025-08-16 17:02:38,676 - DEBUG - Joint score for alpha[13]: 0.1140
2025-08-16 17:02:42,186 - DEBUG - Joint score for alpha[14]: 0.1028
2025-08-16 17:02:45,698 - DEBUG - Joint score for alpha[15]: 0.1062
2025-08-16 17:02:52,297 - DEBUG - Joint score for alpha[0]: 0.1033
2025-08-16 17:02:55,813 - DEBUG - Joint score for alpha[1]: 0.1024
2025-08-16 17:02:59,324 - DEBUG - Joint score for alpha[2]: 0.1022
2025-08-16 17:03:02,836 - DEBUG - Joint score for alpha[3]: 0.1033
2025-08-16 17:03:06,348 - DEBUG - Joint score for alpha[4]: 0.1021
2025-08-16 17:03:09,860 - DEBUG - Joint score for alpha[5]: 0.1022
2025-08-16 17:03:13,373 - DEBUG - Joint score for alpha[6]: 0.1025
2025-08-16 17:03:16,885 - DEBUG - Joint score for alpha[7]: 0.1026
2025-08-16 17:03:20,397 - DEBUG - Joint score for alpha[8]: 0.1039
2025-08-16 17:03:23,910 - DEBUG - Joint score for alpha[9]: 0.1028
2025-08-16 17:03:27,423 - DEBUG - Joint score for alpha[10]: 0.1058
2025-08-16 17:03:30,935 - DEBUG - Joint score for alpha[11]: 0.1032
2025-08-16 17:03:34,446 - DEBUG - Joint score for alpha[12]: 0.1034
2025-08-16 17:03:37,958 - DEBUG - Joint score for alpha[13]: 0.1020
2025-08-16 17:03:41,471 - DEBUG - Joint score for alpha[14]: 0.1022
2025-08-16 17:03:44,985 - DEBUG - Joint score for alpha[15]: 0.1034
2025-08-16 17:03:51,592 - DEBUG - Joint score for alpha[0]: 0.1044
2025-08-16 17:03:55,109 - DEBUG - Joint score for alpha[1]: 0.1023
2025-08-16 17:03:58,622 - DEBUG - Joint score for alpha[2]: 0.1030
2025-08-16 17:04:02,136 - DEBUG - Joint score for alpha[3]: 0.1084
2025-08-16 17:04:05,650 - DEBUG - Joint score for alpha[4]: 0.1045
2025-08-16 17:04:09,165 - DEBUG - Joint score for alpha[5]: 0.1093
2025-08-16 17:04:12,678 - DEBUG - Joint score for alpha[6]: 0.1018
2025-08-16 17:04:16,192 - DEBUG - Joint score for alpha[7]: 0.1026
2025-08-16 17:04:19,706 - DEBUG - Joint score for alpha[8]: 0.1026
2025-08-16 17:04:23,219 - DEBUG - Joint score for alpha[9]: 0.1060
2025-08-16 17:04:26,733 - DEBUG - Joint score for alpha[10]: 0.1043
2025-08-16 17:04:30,247 - DEBUG - Joint score for alpha[11]: 0.1036
2025-08-16 17:04:33,761 - DEBUG - Joint score for alpha[12]: 0.1039
2025-08-16 17:04:37,276 - DEBUG - Joint score for alpha[13]: 0.1024
2025-08-16 17:04:40,791 - DEBUG - Joint score for alpha[14]: 0.1030
2025-08-16 17:04:44,305 - DEBUG - Joint score for alpha[15]: 0.1030
2025-08-16 17:04:50,908 - DEBUG - Joint score for alpha[0]: 0.1020
2025-08-16 17:04:54,423 - DEBUG - Joint score for alpha[1]: 0.1021
2025-08-16 17:04:57,934 - DEBUG - Joint score for alpha[2]: 0.1065
2025-08-16 17:05:01,447 - DEBUG - Joint score for alpha[3]: 0.1038
2025-08-16 17:05:04,958 - DEBUG - Joint score for alpha[4]: 0.1019
2025-08-16 17:05:08,471 - DEBUG - Joint score for alpha[5]: 0.1027
2025-08-16 17:05:11,983 - DEBUG - Joint score for alpha[6]: 0.1024
2025-08-16 17:05:15,495 - DEBUG - Joint score for alpha[7]: 0.1032
2025-08-16 17:05:19,007 - DEBUG - Joint score for alpha[8]: 0.1031
2025-08-16 17:05:22,519 - DEBUG - Joint score for alpha[9]: 0.1053
2025-08-16 17:05:26,030 - DEBUG - Joint score for alpha[10]: 0.1028
2025-08-16 17:05:29,543 - DEBUG - Joint score for alpha[11]: 0.1027
2025-08-16 17:05:33,057 - DEBUG - Joint score for alpha[12]: 0.1036
2025-08-16 17:05:36,569 - DEBUG - Joint score for alpha[13]: 0.1027
2025-08-16 17:05:40,078 - DEBUG - Joint score for alpha[14]: 0.1026
2025-08-16 17:05:43,589 - DEBUG - Joint score for alpha[15]: 0.1025
2025-08-16 17:05:43,633 - INFO - Step 99/120: mean CRPS=0.1020
2025-08-16 17:05:43,640 - DEBUG - Beginning Gibbs iteration s = 99
2025-08-16 17:05:52,051 - DEBUG - Joint score for alpha[0]: 0.1185
2025-08-16 17:05:55,567 - DEBUG - Joint score for alpha[1]: 0.1032
2025-08-16 17:05:59,079 - DEBUG - Joint score for alpha[2]: 0.1022
2025-08-16 17:06:02,591 - DEBUG - Joint score for alpha[3]: 0.1024
2025-08-16 17:06:06,101 - DEBUG - Joint score for alpha[4]: 0.1123
2025-08-16 17:06:09,611 - DEBUG - Joint score for alpha[5]: 0.1021
2025-08-16 17:06:13,121 - DEBUG - Joint score for alpha[6]: 0.1063
2025-08-16 17:06:16,630 - DEBUG - Joint score for alpha[7]: 0.1104
2025-08-16 17:06:20,141 - DEBUG - Joint score for alpha[8]: 0.1121
2025-08-16 17:06:23,651 - DEBUG - Joint score for alpha[9]: 0.1034
2025-08-16 17:06:27,161 - DEBUG - Joint score for alpha[10]: 0.1350
2025-08-16 17:06:30,672 - DEBUG - Joint score for alpha[11]: 0.1139
2025-08-16 17:06:34,184 - DEBUG - Joint score for alpha[12]: 0.1091
2025-08-16 17:06:37,694 - DEBUG - Joint score for alpha[13]: 0.1093
2025-08-16 17:06:41,206 - DEBUG - Joint score for alpha[14]: 0.1197
2025-08-16 17:06:44,718 - DEBUG - Joint score for alpha[15]: 0.1140
2025-08-16 17:06:51,429 - DEBUG - Joint score for alpha[0]: 0.1018
2025-08-16 17:06:54,945 - DEBUG - Joint score for alpha[1]: 0.1054
2025-08-16 17:06:58,454 - DEBUG - Joint score for alpha[2]: 0.1071
2025-08-16 17:07:01,964 - DEBUG - Joint score for alpha[3]: 0.1034
2025-08-16 17:07:05,473 - DEBUG - Joint score for alpha[4]: 0.1119
2025-08-16 17:07:08,983 - DEBUG - Joint score for alpha[5]: 0.1023
2025-08-16 17:07:12,493 - DEBUG - Joint score for alpha[6]: 0.1034
2025-08-16 17:07:16,001 - DEBUG - Joint score for alpha[7]: 0.1027
2025-08-16 17:07:19,511 - DEBUG - Joint score for alpha[8]: 0.1087
2025-08-16 17:07:23,020 - DEBUG - Joint score for alpha[9]: 0.1021
2025-08-16 17:07:26,529 - DEBUG - Joint score for alpha[10]: 0.1058
2025-08-16 17:07:30,039 - DEBUG - Joint score for alpha[11]: 0.1066
2025-08-16 17:07:33,547 - DEBUG - Joint score for alpha[12]: 0.1025
2025-08-16 17:07:37,057 - DEBUG - Joint score for alpha[13]: 0.1124
2025-08-16 17:07:40,566 - DEBUG - Joint score for alpha[14]: 0.1029
2025-08-16 17:07:44,078 - DEBUG - Joint score for alpha[15]: 0.1071
2025-08-16 17:07:50,687 - DEBUG - Joint score for alpha[0]: 0.1019
2025-08-16 17:07:54,205 - DEBUG - Joint score for alpha[1]: 0.1024
2025-08-16 17:07:57,719 - DEBUG - Joint score for alpha[2]: 0.1081
2025-08-16 17:08:01,234 - DEBUG - Joint score for alpha[3]: 0.1055
2025-08-16 17:08:04,745 - DEBUG - Joint score for alpha[4]: 0.1056
2025-08-16 17:08:08,257 - DEBUG - Joint score for alpha[5]: 0.1178
2025-08-16 17:08:11,768 - DEBUG - Joint score for alpha[6]: 0.1022
2025-08-16 17:08:15,279 - DEBUG - Joint score for alpha[7]: 0.1019
2025-08-16 17:08:18,791 - DEBUG - Joint score for alpha[8]: 0.1049
2025-08-16 17:08:22,303 - DEBUG - Joint score for alpha[9]: 0.1020
2025-08-16 17:08:25,815 - DEBUG - Joint score for alpha[10]: 0.1020
2025-08-16 17:08:29,327 - DEBUG - Joint score for alpha[11]: 0.1025
2025-08-16 17:08:32,841 - DEBUG - Joint score for alpha[12]: 0.1019
2025-08-16 17:08:36,355 - DEBUG - Joint score for alpha[13]: 0.1024
2025-08-16 17:08:39,866 - DEBUG - Joint score for alpha[14]: 0.1020
2025-08-16 17:08:43,379 - DEBUG - Joint score for alpha[15]: 0.1011
2025-08-16 17:08:49,981 - DEBUG - Joint score for alpha[0]: 0.1019
2025-08-16 17:08:53,496 - DEBUG - Joint score for alpha[1]: 0.1019
2025-08-16 17:08:57,008 - DEBUG - Joint score for alpha[2]: 0.1020
2025-08-16 17:09:00,520 - DEBUG - Joint score for alpha[3]: 0.1021
2025-08-16 17:09:04,031 - DEBUG - Joint score for alpha[4]: 0.1034
2025-08-16 17:09:07,654 - DEBUG - Joint score for alpha[5]: 0.1030
2025-08-16 17:09:11,166 - DEBUG - Joint score for alpha[6]: 0.1019
2025-08-16 17:09:14,677 - DEBUG - Joint score for alpha[7]: 0.1030
2025-08-16 17:09:18,189 - DEBUG - Joint score for alpha[8]: 0.1021
2025-08-16 17:09:21,702 - DEBUG - Joint score for alpha[9]: 0.1016
2025-08-16 17:09:25,214 - DEBUG - Joint score for alpha[10]: 0.1017
2025-08-16 17:09:28,727 - DEBUG - Joint score for alpha[11]: 0.1040
2025-08-16 17:09:32,239 - DEBUG - Joint score for alpha[12]: 0.1035
2025-08-16 17:09:35,750 - DEBUG - Joint score for alpha[13]: 0.1017
2025-08-16 17:09:39,262 - DEBUG - Joint score for alpha[14]: 0.1017
2025-08-16 17:09:42,774 - DEBUG - Joint score for alpha[15]: 0.1034
2025-08-16 17:09:49,595 - DEBUG - Joint score for alpha[0]: 0.1017
2025-08-16 17:09:53,110 - DEBUG - Joint score for alpha[1]: 0.1032
2025-08-16 17:09:56,621 - DEBUG - Joint score for alpha[2]: 0.1021
2025-08-16 17:10:00,132 - DEBUG - Joint score for alpha[3]: 0.1039
2025-08-16 17:10:03,642 - DEBUG - Joint score for alpha[4]: 0.1021
2025-08-16 17:10:07,155 - DEBUG - Joint score for alpha[5]: 0.1050
2025-08-16 17:10:10,667 - DEBUG - Joint score for alpha[6]: 0.1025
2025-08-16 17:10:14,179 - DEBUG - Joint score for alpha[7]: 0.1023
2025-08-16 17:10:17,692 - DEBUG - Joint score for alpha[8]: 0.1037
2025-08-16 17:10:21,205 - DEBUG - Joint score for alpha[9]: 0.1020
2025-08-16 17:10:24,716 - DEBUG - Joint score for alpha[10]: 0.1023
2025-08-16 17:10:28,229 - DEBUG - Joint score for alpha[11]: 0.1063
2025-08-16 17:10:31,741 - DEBUG - Joint score for alpha[12]: 0.1027
2025-08-16 17:10:35,251 - DEBUG - Joint score for alpha[13]: 0.1020
2025-08-16 17:10:38,761 - DEBUG - Joint score for alpha[14]: 0.1021
2025-08-16 17:10:42,272 - DEBUG - Joint score for alpha[15]: 0.1039
2025-08-16 17:10:42,316 - INFO - Step 100/120: mean CRPS=0.1017
2025-08-16 17:10:42,323 - DEBUG - Beginning Gibbs iteration s = 100
2025-08-16 17:10:50,892 - DEBUG - Joint score for alpha[0]: 0.1209
2025-08-16 17:10:54,407 - DEBUG - Joint score for alpha[1]: 0.1085
2025-08-16 17:10:57,918 - DEBUG - Joint score for alpha[2]: 0.1102
2025-08-16 17:11:01,430 - DEBUG - Joint score for alpha[3]: 0.1040
2025-08-16 17:11:04,941 - DEBUG - Joint score for alpha[4]: 0.1109
2025-08-16 17:11:08,453 - DEBUG - Joint score for alpha[5]: 0.1114
2025-08-16 17:11:11,965 - DEBUG - Joint score for alpha[6]: 0.1065
2025-08-16 17:11:15,476 - DEBUG - Joint score for alpha[7]: 0.1076
2025-08-16 17:11:18,988 - DEBUG - Joint score for alpha[8]: 0.1088
2025-08-16 17:11:22,501 - DEBUG - Joint score for alpha[9]: 0.1073
2025-08-16 17:11:26,012 - DEBUG - Joint score for alpha[10]: 0.1225
2025-08-16 17:11:29,524 - DEBUG - Joint score for alpha[11]: 0.1026
2025-08-16 17:11:33,037 - DEBUG - Joint score for alpha[12]: 0.1081
2025-08-16 17:11:36,550 - DEBUG - Joint score for alpha[13]: 0.1189
2025-08-16 17:11:40,062 - DEBUG - Joint score for alpha[14]: 0.1125
2025-08-16 17:11:43,575 - DEBUG - Joint score for alpha[15]: 0.1030
2025-08-16 17:11:50,185 - DEBUG - Joint score for alpha[0]: 0.1024
2025-08-16 17:11:53,699 - DEBUG - Joint score for alpha[1]: 0.1172
2025-08-16 17:11:57,211 - DEBUG - Joint score for alpha[2]: 0.1035
2025-08-16 17:12:00,723 - DEBUG - Joint score for alpha[3]: 0.1024
2025-08-16 17:12:04,234 - DEBUG - Joint score for alpha[4]: 0.1163
2025-08-16 17:12:07,747 - DEBUG - Joint score for alpha[5]: 0.1026
2025-08-16 17:12:11,258 - DEBUG - Joint score for alpha[6]: 0.1023
2025-08-16 17:12:14,772 - DEBUG - Joint score for alpha[7]: 0.1036
2025-08-16 17:12:18,286 - DEBUG - Joint score for alpha[8]: 0.1060
2025-08-16 17:12:21,800 - DEBUG - Joint score for alpha[9]: 0.1044
2025-08-16 17:12:25,312 - DEBUG - Joint score for alpha[10]: 0.1044
2025-08-16 17:12:28,826 - DEBUG - Joint score for alpha[11]: 0.1051
2025-08-16 17:12:32,340 - DEBUG - Joint score for alpha[12]: 0.1027
2025-08-16 17:12:35,854 - DEBUG - Joint score for alpha[13]: 0.1062
2025-08-16 17:12:39,367 - DEBUG - Joint score for alpha[14]: 0.1030
2025-08-16 17:12:42,881 - DEBUG - Joint score for alpha[15]: 0.1037
2025-08-16 17:12:49,489 - DEBUG - Joint score for alpha[0]: 0.1030
2025-08-16 17:12:53,005 - DEBUG - Joint score for alpha[1]: 0.1055
2025-08-16 17:12:56,517 - DEBUG - Joint score for alpha[2]: 0.1034
2025-08-16 17:13:00,031 - DEBUG - Joint score for alpha[3]: 0.1023
2025-08-16 17:13:03,543 - DEBUG - Joint score for alpha[4]: 0.1024
2025-08-16 17:13:07,056 - DEBUG - Joint score for alpha[5]: 0.1028
2025-08-16 17:13:10,568 - DEBUG - Joint score for alpha[6]: 0.1025
2025-08-16 17:13:14,081 - DEBUG - Joint score for alpha[7]: 0.1026
2025-08-16 17:13:17,591 - DEBUG - Joint score for alpha[8]: 0.1034
2025-08-16 17:13:21,102 - DEBUG - Joint score for alpha[9]: 0.1031
2025-08-16 17:13:24,611 - DEBUG - Joint score for alpha[10]: 0.1027
2025-08-16 17:13:28,121 - DEBUG - Joint score for alpha[11]: 0.1062
2025-08-16 17:13:31,631 - DEBUG - Joint score for alpha[12]: 0.1032
2025-08-16 17:13:35,142 - DEBUG - Joint score for alpha[13]: 0.1029
2025-08-16 17:13:38,650 - DEBUG - Joint score for alpha[14]: 0.1058
2025-08-16 17:13:42,160 - DEBUG - Joint score for alpha[15]: 0.1038
2025-08-16 17:13:50,019 - DEBUG - Joint score for alpha[0]: 0.1105
2025-08-16 17:13:53,531 - DEBUG - Joint score for alpha[1]: 0.1033
2025-08-16 17:13:57,040 - DEBUG - Joint score for alpha[2]: 0.1051
2025-08-16 17:14:00,549 - DEBUG - Joint score for alpha[3]: 0.1027
2025-08-16 17:14:04,057 - DEBUG - Joint score for alpha[4]: 0.1072
2025-08-16 17:14:07,567 - DEBUG - Joint score for alpha[5]: 0.1029
2025-08-16 17:14:11,076 - DEBUG - Joint score for alpha[6]: 0.1028
2025-08-16 17:14:14,585 - DEBUG - Joint score for alpha[7]: 0.1023
2025-08-16 17:14:18,095 - DEBUG - Joint score for alpha[8]: 0.1034
2025-08-16 17:14:21,605 - DEBUG - Joint score for alpha[9]: 0.1035
2025-08-16 17:14:25,114 - DEBUG - Joint score for alpha[10]: 0.1035
2025-08-16 17:14:28,623 - DEBUG - Joint score for alpha[11]: 0.1022
2025-08-16 17:14:32,134 - DEBUG - Joint score for alpha[12]: 0.1020
2025-08-16 17:14:35,644 - DEBUG - Joint score for alpha[13]: 0.1033
2025-08-16 17:14:39,153 - DEBUG - Joint score for alpha[14]: 0.1046
2025-08-16 17:14:42,664 - DEBUG - Joint score for alpha[15]: 0.1025
2025-08-16 17:14:49,443 - DEBUG - Joint score for alpha[0]: 0.1061
2025-08-16 17:14:52,956 - DEBUG - Joint score for alpha[1]: 0.1024
2025-08-16 17:14:56,466 - DEBUG - Joint score for alpha[2]: 0.1044
2025-08-16 17:14:59,977 - DEBUG - Joint score for alpha[3]: 0.1021
2025-08-16 17:15:03,488 - DEBUG - Joint score for alpha[4]: 0.1024
2025-08-16 17:15:07,000 - DEBUG - Joint score for alpha[5]: 0.1046
2025-08-16 17:15:10,510 - DEBUG - Joint score for alpha[6]: 0.1053
2025-08-16 17:15:14,022 - DEBUG - Joint score for alpha[7]: 0.1045
2025-08-16 17:15:17,533 - DEBUG - Joint score for alpha[8]: 0.1038
2025-08-16 17:15:21,043 - DEBUG - Joint score for alpha[9]: 0.1027
2025-08-16 17:15:24,554 - DEBUG - Joint score for alpha[10]: 0.1060
2025-08-16 17:15:28,064 - DEBUG - Joint score for alpha[11]: 0.1052
2025-08-16 17:15:31,575 - DEBUG - Joint score for alpha[12]: 0.1099
2025-08-16 17:15:35,084 - DEBUG - Joint score for alpha[13]: 0.1027
2025-08-16 17:15:38,591 - DEBUG - Joint score for alpha[14]: 0.1026
2025-08-16 17:15:42,099 - DEBUG - Joint score for alpha[15]: 0.1046
2025-08-16 17:15:42,143 - INFO - Step 101/120: mean CRPS=0.1023
2025-08-16 17:15:42,150 - DEBUG - Beginning Gibbs iteration s = 101
2025-08-16 17:15:53,727 - DEBUG - Joint score for alpha[0]: 0.1095
2025-08-16 17:15:57,240 - DEBUG - Joint score for alpha[1]: 0.1141
2025-08-16 17:16:00,750 - DEBUG - Joint score for alpha[2]: 0.1140
2025-08-16 17:16:04,259 - DEBUG - Joint score for alpha[3]: 0.1125
2025-08-16 17:16:07,768 - DEBUG - Joint score for alpha[4]: 0.1136
2025-08-16 17:16:11,278 - DEBUG - Joint score for alpha[5]: 0.1021
2025-08-16 17:16:14,787 - DEBUG - Joint score for alpha[6]: 0.1021
2025-08-16 17:16:18,296 - DEBUG - Joint score for alpha[7]: 0.1055
2025-08-16 17:16:21,807 - DEBUG - Joint score for alpha[8]: 0.1165
2025-08-16 17:16:25,315 - DEBUG - Joint score for alpha[9]: 0.1180
2025-08-16 17:16:28,827 - DEBUG - Joint score for alpha[10]: 0.1020
2025-08-16 17:16:32,336 - DEBUG - Joint score for alpha[11]: 0.1051
2025-08-16 17:16:35,846 - DEBUG - Joint score for alpha[12]: 0.1242
2025-08-16 17:16:39,359 - DEBUG - Joint score for alpha[13]: 0.1163
2025-08-16 17:16:42,870 - DEBUG - Joint score for alpha[14]: 0.1158
2025-08-16 17:16:46,384 - DEBUG - Joint score for alpha[15]: 0.1225
2025-08-16 17:16:53,015 - DEBUG - Joint score for alpha[0]: 0.1051
2025-08-16 17:16:56,530 - DEBUG - Joint score for alpha[1]: 0.1045
2025-08-16 17:17:00,042 - DEBUG - Joint score for alpha[2]: 0.1024
2025-08-16 17:17:03,555 - DEBUG - Joint score for alpha[3]: 0.1043
2025-08-16 17:17:07,067 - DEBUG - Joint score for alpha[4]: 0.1061
2025-08-16 17:17:10,579 - DEBUG - Joint score for alpha[5]: 0.1022
2025-08-16 17:17:14,091 - DEBUG - Joint score for alpha[6]: 0.1137
2025-08-16 17:17:17,603 - DEBUG - Joint score for alpha[7]: 0.1021
2025-08-16 17:17:21,115 - DEBUG - Joint score for alpha[8]: 0.1026
2025-08-16 17:17:24,630 - DEBUG - Joint score for alpha[9]: 0.1023
2025-08-16 17:17:28,141 - DEBUG - Joint score for alpha[10]: 0.1023
2025-08-16 17:17:31,652 - DEBUG - Joint score for alpha[11]: 0.1121
2025-08-16 17:17:35,166 - DEBUG - Joint score for alpha[12]: 0.1067
2025-08-16 17:17:38,680 - DEBUG - Joint score for alpha[13]: 0.1053
2025-08-16 17:17:42,193 - DEBUG - Joint score for alpha[14]: 0.1032
2025-08-16 17:17:45,704 - DEBUG - Joint score for alpha[15]: 0.1021
2025-08-16 17:17:52,323 - DEBUG - Joint score for alpha[0]: 0.1062
2025-08-16 17:17:55,836 - DEBUG - Joint score for alpha[1]: 0.1066
2025-08-16 17:17:59,345 - DEBUG - Joint score for alpha[2]: 0.1021
2025-08-16 17:18:02,854 - DEBUG - Joint score for alpha[3]: 0.1031
2025-08-16 17:18:06,364 - DEBUG - Joint score for alpha[4]: 0.1035
2025-08-16 17:18:09,875 - DEBUG - Joint score for alpha[5]: 0.1039
2025-08-16 17:18:13,385 - DEBUG - Joint score for alpha[6]: 0.1035
2025-08-16 17:18:16,895 - DEBUG - Joint score for alpha[7]: 0.1039
2025-08-16 17:18:20,405 - DEBUG - Joint score for alpha[8]: 0.1036
2025-08-16 17:18:23,916 - DEBUG - Joint score for alpha[9]: 0.1022
2025-08-16 17:18:27,427 - DEBUG - Joint score for alpha[10]: 0.1030
2025-08-16 17:18:30,938 - DEBUG - Joint score for alpha[11]: 0.1033
2025-08-16 17:18:34,451 - DEBUG - Joint score for alpha[12]: 0.1026
2025-08-16 17:18:37,963 - DEBUG - Joint score for alpha[13]: 0.1023
2025-08-16 17:18:41,474 - DEBUG - Joint score for alpha[14]: 0.1019
2025-08-16 17:18:44,987 - DEBUG - Joint score for alpha[15]: 0.1088
2025-08-16 17:18:51,673 - DEBUG - Joint score for alpha[0]: 0.1024
2025-08-16 17:18:55,187 - DEBUG - Joint score for alpha[1]: 0.1023
2025-08-16 17:18:58,698 - DEBUG - Joint score for alpha[2]: 0.1022
2025-08-16 17:19:02,210 - DEBUG - Joint score for alpha[3]: 0.1020
2025-08-16 17:19:05,720 - DEBUG - Joint score for alpha[4]: 0.1064
2025-08-16 17:19:09,228 - DEBUG - Joint score for alpha[5]: 0.1017
2025-08-16 17:19:12,736 - DEBUG - Joint score for alpha[6]: 0.1027
2025-08-16 17:19:16,243 - DEBUG - Joint score for alpha[7]: 0.1065
2025-08-16 17:19:19,751 - DEBUG - Joint score for alpha[8]: 0.1023
2025-08-16 17:19:23,260 - DEBUG - Joint score for alpha[9]: 0.1023
2025-08-16 17:19:26,767 - DEBUG - Joint score for alpha[10]: 0.1044
2025-08-16 17:19:30,276 - DEBUG - Joint score for alpha[11]: 0.1020
2025-08-16 17:19:33,784 - DEBUG - Joint score for alpha[12]: 0.1020
2025-08-16 17:19:37,293 - DEBUG - Joint score for alpha[13]: 0.1022
2025-08-16 17:19:40,801 - DEBUG - Joint score for alpha[14]: 0.1018
2025-08-16 17:19:44,309 - DEBUG - Joint score for alpha[15]: 0.1032
2025-08-16 17:19:51,105 - DEBUG - Joint score for alpha[0]: 0.1045
2025-08-16 17:19:54,620 - DEBUG - Joint score for alpha[1]: 0.1023
2025-08-16 17:19:58,130 - DEBUG - Joint score for alpha[2]: 0.1078
2025-08-16 17:20:01,641 - DEBUG - Joint score for alpha[3]: 0.1030
2025-08-16 17:20:05,151 - DEBUG - Joint score for alpha[4]: 0.1058
2025-08-16 17:20:08,662 - DEBUG - Joint score for alpha[5]: 0.1051
2025-08-16 17:20:12,173 - DEBUG - Joint score for alpha[6]: 0.1058
2025-08-16 17:20:15,684 - DEBUG - Joint score for alpha[7]: 0.1063
2025-08-16 17:20:19,196 - DEBUG - Joint score for alpha[8]: 0.1048
2025-08-16 17:20:22,706 - DEBUG - Joint score for alpha[9]: 0.1062
2025-08-16 17:20:26,216 - DEBUG - Joint score for alpha[10]: 0.1038
2025-08-16 17:20:29,726 - DEBUG - Joint score for alpha[11]: 0.1107
2025-08-16 17:20:33,236 - DEBUG - Joint score for alpha[12]: 0.1070
2025-08-16 17:20:36,747 - DEBUG - Joint score for alpha[13]: 0.1027
2025-08-16 17:20:40,257 - DEBUG - Joint score for alpha[14]: 0.1047
2025-08-16 17:20:43,766 - DEBUG - Joint score for alpha[15]: 0.1053
2025-08-16 17:20:43,810 - INFO - Step 102/120: mean CRPS=0.1020
2025-08-16 17:20:43,817 - DEBUG - Beginning Gibbs iteration s = 102
2025-08-16 17:20:53,878 - DEBUG - Joint score for alpha[0]: 0.1278
2025-08-16 17:20:57,390 - DEBUG - Joint score for alpha[1]: 0.1263
2025-08-16 17:21:00,899 - DEBUG - Joint score for alpha[2]: 0.1021
2025-08-16 17:21:04,410 - DEBUG - Joint score for alpha[3]: 0.1031
2025-08-16 17:21:07,919 - DEBUG - Joint score for alpha[4]: 0.1077
2025-08-16 17:21:11,429 - DEBUG - Joint score for alpha[5]: 0.1443
2025-08-16 17:21:14,938 - DEBUG - Joint score for alpha[6]: 0.1091
2025-08-16 17:21:18,447 - DEBUG - Joint score for alpha[7]: 0.1222
2025-08-16 17:21:21,958 - DEBUG - Joint score for alpha[8]: 0.1059
2025-08-16 17:21:25,468 - DEBUG - Joint score for alpha[9]: 0.1041
2025-08-16 17:21:28,977 - DEBUG - Joint score for alpha[10]: 0.1037
2025-08-16 17:21:32,488 - DEBUG - Joint score for alpha[11]: 0.1289
2025-08-16 17:21:35,999 - DEBUG - Joint score for alpha[12]: 0.1108
2025-08-16 17:21:39,511 - DEBUG - Joint score for alpha[13]: 0.1107
2025-08-16 17:21:43,021 - DEBUG - Joint score for alpha[14]: 0.1033
2025-08-16 17:21:46,532 - DEBUG - Joint score for alpha[15]: 0.1036
2025-08-16 17:21:53,136 - DEBUG - Joint score for alpha[0]: 0.1033
2025-08-16 17:21:56,649 - DEBUG - Joint score for alpha[1]: 0.1069
2025-08-16 17:22:00,159 - DEBUG - Joint score for alpha[2]: 0.1041
2025-08-16 17:22:03,669 - DEBUG - Joint score for alpha[3]: 0.1019
2025-08-16 17:22:07,178 - DEBUG - Joint score for alpha[4]: 0.1054
2025-08-16 17:22:10,691 - DEBUG - Joint score for alpha[5]: 0.1029
2025-08-16 17:22:14,201 - DEBUG - Joint score for alpha[6]: 0.1140
2025-08-16 17:22:17,711 - DEBUG - Joint score for alpha[7]: 0.1058
2025-08-16 17:22:21,221 - DEBUG - Joint score for alpha[8]: 0.1067
2025-08-16 17:22:24,733 - DEBUG - Joint score for alpha[9]: 0.1025
2025-08-16 17:22:28,245 - DEBUG - Joint score for alpha[10]: 0.1043
2025-08-16 17:22:31,758 - DEBUG - Joint score for alpha[11]: 0.1122
2025-08-16 17:22:35,272 - DEBUG - Joint score for alpha[12]: 0.1021
2025-08-16 17:22:38,786 - DEBUG - Joint score for alpha[13]: 0.1033
2025-08-16 17:22:42,299 - DEBUG - Joint score for alpha[14]: 0.1090
2025-08-16 17:22:45,812 - DEBUG - Joint score for alpha[15]: 0.1023
2025-08-16 17:22:52,437 - DEBUG - Joint score for alpha[0]: 0.1022
2025-08-16 17:22:55,953 - DEBUG - Joint score for alpha[1]: 0.1026
2025-08-16 17:22:59,464 - DEBUG - Joint score for alpha[2]: 0.1084
2025-08-16 17:23:02,977 - DEBUG - Joint score for alpha[3]: 0.1101
2025-08-16 17:23:06,490 - DEBUG - Joint score for alpha[4]: 0.1078
2025-08-16 17:23:10,001 - DEBUG - Joint score for alpha[5]: 0.1019
2025-08-16 17:23:13,514 - DEBUG - Joint score for alpha[6]: 0.1023
2025-08-16 17:23:17,025 - DEBUG - Joint score for alpha[7]: 0.1031
2025-08-16 17:23:20,538 - DEBUG - Joint score for alpha[8]: 0.1026
2025-08-16 17:23:24,051 - DEBUG - Joint score for alpha[9]: 0.1019
2025-08-16 17:23:27,564 - DEBUG - Joint score for alpha[10]: 0.1052
2025-08-16 17:23:31,075 - DEBUG - Joint score for alpha[11]: 0.1056
2025-08-16 17:23:34,587 - DEBUG - Joint score for alpha[12]: 0.1021
2025-08-16 17:23:38,098 - DEBUG - Joint score for alpha[13]: 0.1021
2025-08-16 17:23:41,608 - DEBUG - Joint score for alpha[14]: 0.1026
2025-08-16 17:23:45,120 - DEBUG - Joint score for alpha[15]: 0.1089
2025-08-16 17:23:51,819 - DEBUG - Joint score for alpha[0]: 0.1020
2025-08-16 17:23:55,333 - DEBUG - Joint score for alpha[1]: 0.1061
2025-08-16 17:23:58,842 - DEBUG - Joint score for alpha[2]: 0.1026
2025-08-16 17:24:02,353 - DEBUG - Joint score for alpha[3]: 0.1033
2025-08-16 17:24:05,863 - DEBUG - Joint score for alpha[4]: 0.1022
2025-08-16 17:24:09,373 - DEBUG - Joint score for alpha[5]: 0.1033
2025-08-16 17:24:12,883 - DEBUG - Joint score for alpha[6]: 0.1020
2025-08-16 17:24:16,393 - DEBUG - Joint score for alpha[7]: 0.1024
2025-08-16 17:24:19,903 - DEBUG - Joint score for alpha[8]: 0.1032
2025-08-16 17:24:23,414 - DEBUG - Joint score for alpha[9]: 0.1037
2025-08-16 17:24:26,923 - DEBUG - Joint score for alpha[10]: 0.1030
2025-08-16 17:24:30,433 - DEBUG - Joint score for alpha[11]: 0.1022
2025-08-16 17:24:33,943 - DEBUG - Joint score for alpha[12]: 0.1041
2025-08-16 17:24:37,454 - DEBUG - Joint score for alpha[13]: 0.1019
2025-08-16 17:24:40,965 - DEBUG - Joint score for alpha[14]: 0.1028
2025-08-16 17:24:44,475 - DEBUG - Joint score for alpha[15]: 0.1017
2025-08-16 17:24:51,210 - DEBUG - Joint score for alpha[0]: 0.1019
2025-08-16 17:24:54,723 - DEBUG - Joint score for alpha[1]: 0.1077
2025-08-16 17:24:58,231 - DEBUG - Joint score for alpha[2]: 0.1023
2025-08-16 17:25:01,741 - DEBUG - Joint score for alpha[3]: 0.1058
2025-08-16 17:25:05,251 - DEBUG - Joint score for alpha[4]: 0.1021
2025-08-16 17:25:08,760 - DEBUG - Joint score for alpha[5]: 0.1025
2025-08-16 17:25:12,270 - DEBUG - Joint score for alpha[6]: 0.1088
2025-08-16 17:25:15,779 - DEBUG - Joint score for alpha[7]: 0.1017
2025-08-16 17:25:19,289 - DEBUG - Joint score for alpha[8]: 0.1020
2025-08-16 17:25:22,798 - DEBUG - Joint score for alpha[9]: 0.1053
2025-08-16 17:25:26,305 - DEBUG - Joint score for alpha[10]: 0.1021
2025-08-16 17:25:29,814 - DEBUG - Joint score for alpha[11]: 0.1030
2025-08-16 17:25:33,324 - DEBUG - Joint score for alpha[12]: 0.1052
2025-08-16 17:25:36,834 - DEBUG - Joint score for alpha[13]: 0.1023
2025-08-16 17:25:40,343 - DEBUG - Joint score for alpha[14]: 0.1038
2025-08-16 17:25:43,856 - DEBUG - Joint score for alpha[15]: 0.1039
2025-08-16 17:25:43,900 - INFO - Step 103/120: mean CRPS=0.1019
2025-08-16 17:25:43,906 - DEBUG - Beginning Gibbs iteration s = 103
2025-08-16 17:25:53,619 - DEBUG - Joint score for alpha[0]: 0.1087
2025-08-16 17:25:57,133 - DEBUG - Joint score for alpha[1]: 0.1209
2025-08-16 17:26:00,643 - DEBUG - Joint score for alpha[2]: 0.1074
2025-08-16 17:26:04,155 - DEBUG - Joint score for alpha[3]: 0.1050
2025-08-16 17:26:07,665 - DEBUG - Joint score for alpha[4]: 0.1098
2025-08-16 17:26:11,176 - DEBUG - Joint score for alpha[5]: 0.1096
2025-08-16 17:26:14,687 - DEBUG - Joint score for alpha[6]: 0.1022
2025-08-16 17:26:18,199 - DEBUG - Joint score for alpha[7]: 0.1061
2025-08-16 17:26:21,710 - DEBUG - Joint score for alpha[8]: 0.1106
2025-08-16 17:26:25,223 - DEBUG - Joint score for alpha[9]: 0.1037
2025-08-16 17:26:28,733 - DEBUG - Joint score for alpha[10]: 0.1123
2025-08-16 17:26:32,244 - DEBUG - Joint score for alpha[11]: 0.1025
2025-08-16 17:26:35,757 - DEBUG - Joint score for alpha[12]: 0.1201
2025-08-16 17:26:39,270 - DEBUG - Joint score for alpha[13]: 0.1136
2025-08-16 17:26:42,783 - DEBUG - Joint score for alpha[14]: 0.1040
2025-08-16 17:26:46,296 - DEBUG - Joint score for alpha[15]: 0.1029
2025-08-16 17:26:52,911 - DEBUG - Joint score for alpha[0]: 0.1072
2025-08-16 17:26:56,424 - DEBUG - Joint score for alpha[1]: 0.1018
2025-08-16 17:26:59,934 - DEBUG - Joint score for alpha[2]: 0.1138
2025-08-16 17:27:03,443 - DEBUG - Joint score for alpha[3]: 0.1047
2025-08-16 17:27:06,954 - DEBUG - Joint score for alpha[4]: 0.1029
2025-08-16 17:27:10,464 - DEBUG - Joint score for alpha[5]: 0.1017
2025-08-16 17:27:13,975 - DEBUG - Joint score for alpha[6]: 0.1023
2025-08-16 17:27:17,485 - DEBUG - Joint score for alpha[7]: 0.1073
2025-08-16 17:27:20,995 - DEBUG - Joint score for alpha[8]: 0.1036
2025-08-16 17:27:24,506 - DEBUG - Joint score for alpha[9]: 0.1082
2025-08-16 17:27:28,016 - DEBUG - Joint score for alpha[10]: 0.1024
2025-08-16 17:27:31,527 - DEBUG - Joint score for alpha[11]: 0.1086
2025-08-16 17:27:35,038 - DEBUG - Joint score for alpha[12]: 0.1072
2025-08-16 17:27:38,549 - DEBUG - Joint score for alpha[13]: 0.1126
2025-08-16 17:27:42,059 - DEBUG - Joint score for alpha[14]: 0.1027
2025-08-16 17:27:45,570 - DEBUG - Joint score for alpha[15]: 0.1030
2025-08-16 17:27:52,395 - DEBUG - Joint score for alpha[0]: 0.1051
2025-08-16 17:27:55,909 - DEBUG - Joint score for alpha[1]: 0.1018
2025-08-16 17:27:59,419 - DEBUG - Joint score for alpha[2]: 0.1097
2025-08-16 17:28:02,930 - DEBUG - Joint score for alpha[3]: 0.1058
2025-08-16 17:28:06,442 - DEBUG - Joint score for alpha[4]: 0.1026
2025-08-16 17:28:09,953 - DEBUG - Joint score for alpha[5]: 0.1026
2025-08-16 17:28:13,464 - DEBUG - Joint score for alpha[6]: 0.1028
2025-08-16 17:28:16,974 - DEBUG - Joint score for alpha[7]: 0.1050
2025-08-16 17:28:20,487 - DEBUG - Joint score for alpha[8]: 0.1030
2025-08-16 17:28:23,999 - DEBUG - Joint score for alpha[9]: 0.1055
2025-08-16 17:28:27,510 - DEBUG - Joint score for alpha[10]: 0.1029
2025-08-16 17:28:31,021 - DEBUG - Joint score for alpha[11]: 0.1029
2025-08-16 17:28:34,533 - DEBUG - Joint score for alpha[12]: 0.1021
2025-08-16 17:28:38,045 - DEBUG - Joint score for alpha[13]: 0.1019
2025-08-16 17:28:41,557 - DEBUG - Joint score for alpha[14]: 0.1027
2025-08-16 17:28:45,069 - DEBUG - Joint score for alpha[15]: 0.1055
2025-08-16 17:28:51,787 - DEBUG - Joint score for alpha[0]: 0.1023
2025-08-16 17:28:55,302 - DEBUG - Joint score for alpha[1]: 0.1029
2025-08-16 17:28:58,813 - DEBUG - Joint score for alpha[2]: 0.1024
2025-08-16 17:29:02,324 - DEBUG - Joint score for alpha[3]: 0.1022
2025-08-16 17:29:05,835 - DEBUG - Joint score for alpha[4]: 0.1025
2025-08-16 17:29:09,347 - DEBUG - Joint score for alpha[5]: 0.1028
2025-08-16 17:29:12,858 - DEBUG - Joint score for alpha[6]: 0.1019
2025-08-16 17:29:16,368 - DEBUG - Joint score for alpha[7]: 0.1023
2025-08-16 17:29:19,879 - DEBUG - Joint score for alpha[8]: 0.1050
2025-08-16 17:29:23,389 - DEBUG - Joint score for alpha[9]: 0.1022
2025-08-16 17:29:26,900 - DEBUG - Joint score for alpha[10]: 0.1026
2025-08-16 17:29:30,412 - DEBUG - Joint score for alpha[11]: 0.1055
2025-08-16 17:29:33,923 - DEBUG - Joint score for alpha[12]: 0.1028
2025-08-16 17:29:37,433 - DEBUG - Joint score for alpha[13]: 0.1021
2025-08-16 17:29:40,944 - DEBUG - Joint score for alpha[14]: 0.1021
2025-08-16 17:29:44,455 - DEBUG - Joint score for alpha[15]: 0.1022
2025-08-16 17:29:51,041 - DEBUG - Joint score for alpha[0]: 0.1039
2025-08-16 17:29:54,552 - DEBUG - Joint score for alpha[1]: 0.1049
2025-08-16 17:29:58,058 - DEBUG - Joint score for alpha[2]: 0.1022
2025-08-16 17:30:01,565 - DEBUG - Joint score for alpha[3]: 0.1053
2025-08-16 17:30:05,073 - DEBUG - Joint score for alpha[4]: 0.1060
2025-08-16 17:30:08,580 - DEBUG - Joint score for alpha[5]: 0.1035
2025-08-16 17:30:12,088 - DEBUG - Joint score for alpha[6]: 0.1020
2025-08-16 17:30:15,595 - DEBUG - Joint score for alpha[7]: 0.1025
2025-08-16 17:30:19,103 - DEBUG - Joint score for alpha[8]: 0.1027
2025-08-16 17:30:22,610 - DEBUG - Joint score for alpha[9]: 0.1039
2025-08-16 17:30:26,116 - DEBUG - Joint score for alpha[10]: 0.1026
2025-08-16 17:30:29,624 - DEBUG - Joint score for alpha[11]: 0.1051
2025-08-16 17:30:33,132 - DEBUG - Joint score for alpha[12]: 0.1089
2025-08-16 17:30:36,640 - DEBUG - Joint score for alpha[13]: 0.1023
2025-08-16 17:30:40,149 - DEBUG - Joint score for alpha[14]: 0.1051
2025-08-16 17:30:43,659 - DEBUG - Joint score for alpha[15]: 0.1031
2025-08-16 17:30:43,703 - INFO - Step 104/120: mean CRPS=0.1019
2025-08-16 17:30:43,709 - DEBUG - Beginning Gibbs iteration s = 104
2025-08-16 17:30:52,426 - DEBUG - Joint score for alpha[0]: 0.1116
2025-08-16 17:30:55,941 - DEBUG - Joint score for alpha[1]: 0.1079
2025-08-16 17:30:59,452 - DEBUG - Joint score for alpha[2]: 0.1066
2025-08-16 17:31:02,963 - DEBUG - Joint score for alpha[3]: 0.1128
2025-08-16 17:31:06,474 - DEBUG - Joint score for alpha[4]: 0.1081
2025-08-16 17:31:09,983 - DEBUG - Joint score for alpha[5]: 0.1046
2025-08-16 17:31:13,491 - DEBUG - Joint score for alpha[6]: 0.1027
2025-08-16 17:31:17,000 - DEBUG - Joint score for alpha[7]: 0.1064
2025-08-16 17:31:20,508 - DEBUG - Joint score for alpha[8]: 0.1257
2025-08-16 17:31:24,017 - DEBUG - Joint score for alpha[9]: 0.1052
2025-08-16 17:31:27,526 - DEBUG - Joint score for alpha[10]: 0.1097
2025-08-16 17:31:31,035 - DEBUG - Joint score for alpha[11]: 0.1053
2025-08-16 17:31:34,544 - DEBUG - Joint score for alpha[12]: 0.1033
2025-08-16 17:31:38,054 - DEBUG - Joint score for alpha[13]: 0.1096
2025-08-16 17:31:41,564 - DEBUG - Joint score for alpha[14]: 0.1027
2025-08-16 17:31:45,074 - DEBUG - Joint score for alpha[15]: 0.1037
2025-08-16 17:31:51,662 - DEBUG - Joint score for alpha[0]: 0.1119
2025-08-16 17:31:55,172 - DEBUG - Joint score for alpha[1]: 0.1080
2025-08-16 17:31:58,678 - DEBUG - Joint score for alpha[2]: 0.1047
2025-08-16 17:32:02,184 - DEBUG - Joint score for alpha[3]: 0.1035
2025-08-16 17:32:05,691 - DEBUG - Joint score for alpha[4]: 0.1032
2025-08-16 17:32:09,199 - DEBUG - Joint score for alpha[5]: 0.1035
2025-08-16 17:32:12,707 - DEBUG - Joint score for alpha[6]: 0.1164
2025-08-16 17:32:16,214 - DEBUG - Joint score for alpha[7]: 0.1040
2025-08-16 17:32:19,722 - DEBUG - Joint score for alpha[8]: 0.1296
2025-08-16 17:32:23,231 - DEBUG - Joint score for alpha[9]: 0.1109
2025-08-16 17:32:26,739 - DEBUG - Joint score for alpha[10]: 0.1031
2025-08-16 17:32:30,249 - DEBUG - Joint score for alpha[11]: 0.1031
2025-08-16 17:32:33,759 - DEBUG - Joint score for alpha[12]: 0.1057
2025-08-16 17:32:37,269 - DEBUG - Joint score for alpha[13]: 0.1048
2025-08-16 17:32:40,777 - DEBUG - Joint score for alpha[14]: 0.1032
2025-08-16 17:32:44,287 - DEBUG - Joint score for alpha[15]: 0.1026
2025-08-16 17:32:51,082 - DEBUG - Joint score for alpha[0]: 0.1032
2025-08-16 17:32:54,593 - DEBUG - Joint score for alpha[1]: 0.1044
2025-08-16 17:32:58,100 - DEBUG - Joint score for alpha[2]: 0.1027
2025-08-16 17:33:01,609 - DEBUG - Joint score for alpha[3]: 0.1035
2025-08-16 17:33:05,117 - DEBUG - Joint score for alpha[4]: 0.1054
2025-08-16 17:33:08,625 - DEBUG - Joint score for alpha[5]: 0.1052
2025-08-16 17:33:12,133 - DEBUG - Joint score for alpha[6]: 0.1149
2025-08-16 17:33:15,641 - DEBUG - Joint score for alpha[7]: 0.1032
2025-08-16 17:33:19,149 - DEBUG - Joint score for alpha[8]: 0.1071
2025-08-16 17:33:22,658 - DEBUG - Joint score for alpha[9]: 0.1044
2025-08-16 17:33:26,165 - DEBUG - Joint score for alpha[10]: 0.1026
2025-08-16 17:33:29,673 - DEBUG - Joint score for alpha[11]: 0.1027
2025-08-16 17:33:33,183 - DEBUG - Joint score for alpha[12]: 0.1029
2025-08-16 17:33:36,694 - DEBUG - Joint score for alpha[13]: 0.1088
2025-08-16 17:33:40,202 - DEBUG - Joint score for alpha[14]: 0.1047
2025-08-16 17:33:43,713 - DEBUG - Joint score for alpha[15]: 0.1029
2025-08-16 17:33:50,552 - DEBUG - Joint score for alpha[0]: 0.1038
2025-08-16 17:33:54,064 - DEBUG - Joint score for alpha[1]: 0.1038
2025-08-16 17:33:57,572 - DEBUG - Joint score for alpha[2]: 0.1039
2025-08-16 17:34:01,082 - DEBUG - Joint score for alpha[3]: 0.1027
2025-08-16 17:34:04,592 - DEBUG - Joint score for alpha[4]: 0.1027
2025-08-16 17:34:08,102 - DEBUG - Joint score for alpha[5]: 0.1028
2025-08-16 17:34:11,612 - DEBUG - Joint score for alpha[6]: 0.1047
2025-08-16 17:34:15,121 - DEBUG - Joint score for alpha[7]: 0.1054
2025-08-16 17:34:18,631 - DEBUG - Joint score for alpha[8]: 0.1032
2025-08-16 17:34:22,141 - DEBUG - Joint score for alpha[9]: 0.1054
2025-08-16 17:34:25,651 - DEBUG - Joint score for alpha[10]: 0.1035
2025-08-16 17:34:29,160 - DEBUG - Joint score for alpha[11]: 0.1031
2025-08-16 17:34:32,670 - DEBUG - Joint score for alpha[12]: 0.1029
2025-08-16 17:34:36,180 - DEBUG - Joint score for alpha[13]: 0.1032
2025-08-16 17:34:39,690 - DEBUG - Joint score for alpha[14]: 0.1043
2025-08-16 17:34:43,199 - DEBUG - Joint score for alpha[15]: 0.1031
2025-08-16 17:34:49,803 - DEBUG - Joint score for alpha[0]: 0.1028
2025-08-16 17:34:53,316 - DEBUG - Joint score for alpha[1]: 0.1036
2025-08-16 17:34:56,824 - DEBUG - Joint score for alpha[2]: 0.1032
2025-08-16 17:35:00,334 - DEBUG - Joint score for alpha[3]: 0.1059
2025-08-16 17:35:03,843 - DEBUG - Joint score for alpha[4]: 0.1033
2025-08-16 17:35:07,352 - DEBUG - Joint score for alpha[5]: 0.1047
2025-08-16 17:35:10,861 - DEBUG - Joint score for alpha[6]: 0.1031
2025-08-16 17:35:14,369 - DEBUG - Joint score for alpha[7]: 0.1029
2025-08-16 17:35:17,878 - DEBUG - Joint score for alpha[8]: 0.1041
2025-08-16 17:35:21,387 - DEBUG - Joint score for alpha[9]: 0.1058
2025-08-16 17:35:24,895 - DEBUG - Joint score for alpha[10]: 0.1031
2025-08-16 17:35:28,404 - DEBUG - Joint score for alpha[11]: 0.1046
2025-08-16 17:35:31,914 - DEBUG - Joint score for alpha[12]: 0.1049
2025-08-16 17:35:35,424 - DEBUG - Joint score for alpha[13]: 0.1059
2025-08-16 17:35:38,935 - DEBUG - Joint score for alpha[14]: 0.1083
2025-08-16 17:35:42,446 - DEBUG - Joint score for alpha[15]: 0.1030
2025-08-16 17:35:42,490 - INFO - Step 105/120: mean CRPS=0.1027
2025-08-16 17:35:42,496 - DEBUG - Beginning Gibbs iteration s = 105
2025-08-16 17:35:51,427 - DEBUG - Joint score for alpha[0]: 0.1026
2025-08-16 17:35:54,943 - DEBUG - Joint score for alpha[1]: 0.1074
2025-08-16 17:35:58,455 - DEBUG - Joint score for alpha[2]: 0.1175
2025-08-16 17:36:01,964 - DEBUG - Joint score for alpha[3]: 0.1067
2025-08-16 17:36:05,473 - DEBUG - Joint score for alpha[4]: 0.1046
2025-08-16 17:36:08,983 - DEBUG - Joint score for alpha[5]: 0.1041
2025-08-16 17:36:12,492 - DEBUG - Joint score for alpha[6]: 0.1024
2025-08-16 17:36:16,001 - DEBUG - Joint score for alpha[7]: 0.1158
2025-08-16 17:36:19,513 - DEBUG - Joint score for alpha[8]: 0.1078
2025-08-16 17:36:23,024 - DEBUG - Joint score for alpha[9]: 0.1042
2025-08-16 17:36:26,533 - DEBUG - Joint score for alpha[10]: 0.1116
2025-08-16 17:36:30,043 - DEBUG - Joint score for alpha[11]: 0.1786
2025-08-16 17:36:33,554 - DEBUG - Joint score for alpha[12]: 0.1233
2025-08-16 17:36:37,065 - DEBUG - Joint score for alpha[13]: 0.1136
2025-08-16 17:36:40,575 - DEBUG - Joint score for alpha[14]: 0.1089
2025-08-16 17:36:44,087 - DEBUG - Joint score for alpha[15]: 0.1136
2025-08-16 17:36:50,715 - DEBUG - Joint score for alpha[0]: 0.1057
2025-08-16 17:36:54,230 - DEBUG - Joint score for alpha[1]: 0.1130
2025-08-16 17:36:57,738 - DEBUG - Joint score for alpha[2]: 0.1057
2025-08-16 17:37:01,245 - DEBUG - Joint score for alpha[3]: 0.1043
2025-08-16 17:37:04,753 - DEBUG - Joint score for alpha[4]: 0.1024
2025-08-16 17:37:08,261 - DEBUG - Joint score for alpha[5]: 0.1048
2025-08-16 17:37:11,768 - DEBUG - Joint score for alpha[6]: 0.1027
2025-08-16 17:37:15,275 - DEBUG - Joint score for alpha[7]: 0.1024
2025-08-16 17:37:18,784 - DEBUG - Joint score for alpha[8]: 0.1103
2025-08-16 17:37:22,292 - DEBUG - Joint score for alpha[9]: 0.1041
2025-08-16 17:37:25,799 - DEBUG - Joint score for alpha[10]: 0.1120
2025-08-16 17:37:29,306 - DEBUG - Joint score for alpha[11]: 0.1110
2025-08-16 17:37:32,815 - DEBUG - Joint score for alpha[12]: 0.1084
2025-08-16 17:37:36,323 - DEBUG - Joint score for alpha[13]: 0.1033
2025-08-16 17:37:39,831 - DEBUG - Joint score for alpha[14]: 0.1156
2025-08-16 17:37:43,339 - DEBUG - Joint score for alpha[15]: 0.1026
2025-08-16 17:37:50,015 - DEBUG - Joint score for alpha[0]: 0.1028
2025-08-16 17:37:53,529 - DEBUG - Joint score for alpha[1]: 0.1026
2025-08-16 17:37:57,036 - DEBUG - Joint score for alpha[2]: 0.1027
2025-08-16 17:38:00,544 - DEBUG - Joint score for alpha[3]: 0.1043
2025-08-16 17:38:04,051 - DEBUG - Joint score for alpha[4]: 0.1021
2025-08-16 17:38:07,559 - DEBUG - Joint score for alpha[5]: 0.1089
2025-08-16 17:38:11,067 - DEBUG - Joint score for alpha[6]: 0.1030
2025-08-16 17:38:14,574 - DEBUG - Joint score for alpha[7]: 0.1032
2025-08-16 17:38:18,081 - DEBUG - Joint score for alpha[8]: 0.1021
2025-08-16 17:38:21,588 - DEBUG - Joint score for alpha[9]: 0.1021
2025-08-16 17:38:25,095 - DEBUG - Joint score for alpha[10]: 0.1091
2025-08-16 17:38:28,603 - DEBUG - Joint score for alpha[11]: 0.1073
2025-08-16 17:38:32,111 - DEBUG - Joint score for alpha[12]: 0.1030
2025-08-16 17:38:35,620 - DEBUG - Joint score for alpha[13]: 0.1024
2025-08-16 17:38:39,127 - DEBUG - Joint score for alpha[14]: 0.1022
2025-08-16 17:38:42,635 - DEBUG - Joint score for alpha[15]: 0.1117
2025-08-16 17:38:49,261 - DEBUG - Joint score for alpha[0]: 0.1024
2025-08-16 17:38:52,775 - DEBUG - Joint score for alpha[1]: 0.1029
2025-08-16 17:38:56,285 - DEBUG - Joint score for alpha[2]: 0.1032
2025-08-16 17:38:59,795 - DEBUG - Joint score for alpha[3]: 0.1036
2025-08-16 17:39:03,305 - DEBUG - Joint score for alpha[4]: 0.1029
2025-08-16 17:39:06,816 - DEBUG - Joint score for alpha[5]: 0.1026
2025-08-16 17:39:10,323 - DEBUG - Joint score for alpha[6]: 0.1026
2025-08-16 17:39:13,831 - DEBUG - Joint score for alpha[7]: 0.1032
2025-08-16 17:39:17,341 - DEBUG - Joint score for alpha[8]: 0.1023
2025-08-16 17:39:20,851 - DEBUG - Joint score for alpha[9]: 0.1036
2025-08-16 17:39:24,359 - DEBUG - Joint score for alpha[10]: 0.1029
2025-08-16 17:39:27,869 - DEBUG - Joint score for alpha[11]: 0.1028
2025-08-16 17:39:31,379 - DEBUG - Joint score for alpha[12]: 0.1032
2025-08-16 17:39:34,891 - DEBUG - Joint score for alpha[13]: 0.1026
2025-08-16 17:39:38,401 - DEBUG - Joint score for alpha[14]: 0.1032
2025-08-16 17:39:41,912 - DEBUG - Joint score for alpha[15]: 0.1039
2025-08-16 17:39:48,549 - DEBUG - Joint score for alpha[0]: 0.1045
2025-08-16 17:39:52,066 - DEBUG - Joint score for alpha[1]: 0.1033
2025-08-16 17:39:55,579 - DEBUG - Joint score for alpha[2]: 0.1039
2025-08-16 17:39:59,092 - DEBUG - Joint score for alpha[3]: 0.1062
2025-08-16 17:40:02,604 - DEBUG - Joint score for alpha[4]: 0.1049
2025-08-16 17:40:06,113 - DEBUG - Joint score for alpha[5]: 0.1027
2025-08-16 17:40:09,623 - DEBUG - Joint score for alpha[6]: 0.1042
2025-08-16 17:40:13,132 - DEBUG - Joint score for alpha[7]: 0.1057
2025-08-16 17:40:16,642 - DEBUG - Joint score for alpha[8]: 0.1025
2025-08-16 17:40:20,153 - DEBUG - Joint score for alpha[9]: 0.1035
2025-08-16 17:40:23,662 - DEBUG - Joint score for alpha[10]: 0.1048
2025-08-16 17:40:27,171 - DEBUG - Joint score for alpha[11]: 0.1022
2025-08-16 17:40:30,682 - DEBUG - Joint score for alpha[12]: 0.1056
2025-08-16 17:40:34,191 - DEBUG - Joint score for alpha[13]: 0.1029
2025-08-16 17:40:37,698 - DEBUG - Joint score for alpha[14]: 0.1024
2025-08-16 17:40:41,206 - DEBUG - Joint score for alpha[15]: 0.1030
2025-08-16 17:40:41,250 - INFO - Step 106/120: mean CRPS=0.1023
2025-08-16 17:40:41,257 - DEBUG - Beginning Gibbs iteration s = 106
2025-08-16 17:40:50,308 - DEBUG - Joint score for alpha[0]: 0.1159
2025-08-16 17:40:53,820 - DEBUG - Joint score for alpha[1]: 0.1132
2025-08-16 17:40:57,329 - DEBUG - Joint score for alpha[2]: 0.1135
2025-08-16 17:41:00,839 - DEBUG - Joint score for alpha[3]: 0.1019
2025-08-16 17:41:04,349 - DEBUG - Joint score for alpha[4]: 0.1157
2025-08-16 17:41:07,859 - DEBUG - Joint score for alpha[5]: 0.1075
2025-08-16 17:41:11,368 - DEBUG - Joint score for alpha[6]: 0.1042
2025-08-16 17:41:14,878 - DEBUG - Joint score for alpha[7]: 0.1091
2025-08-16 17:41:18,387 - DEBUG - Joint score for alpha[8]: 0.1253
2025-08-16 17:41:21,897 - DEBUG - Joint score for alpha[9]: 0.1186
2025-08-16 17:41:25,406 - DEBUG - Joint score for alpha[10]: 0.1031
2025-08-16 17:41:28,916 - DEBUG - Joint score for alpha[11]: 0.1054
2025-08-16 17:41:32,426 - DEBUG - Joint score for alpha[12]: 0.1098
2025-08-16 17:41:35,936 - DEBUG - Joint score for alpha[13]: 0.1197
2025-08-16 17:41:39,446 - DEBUG - Joint score for alpha[14]: 0.1042
2025-08-16 17:41:42,957 - DEBUG - Joint score for alpha[15]: 0.1098
2025-08-16 17:41:49,785 - DEBUG - Joint score for alpha[0]: 0.1019
2025-08-16 17:41:53,297 - DEBUG - Joint score for alpha[1]: 0.1152
2025-08-16 17:41:56,806 - DEBUG - Joint score for alpha[2]: 0.1146
2025-08-16 17:42:00,315 - DEBUG - Joint score for alpha[3]: 0.1023
2025-08-16 17:42:03,826 - DEBUG - Joint score for alpha[4]: 0.1032
2025-08-16 17:42:07,336 - DEBUG - Joint score for alpha[5]: 0.1055
2025-08-16 17:42:10,846 - DEBUG - Joint score for alpha[6]: 0.1034
2025-08-16 17:42:14,355 - DEBUG - Joint score for alpha[7]: 0.1022
2025-08-16 17:42:17,865 - DEBUG - Joint score for alpha[8]: 0.1057
2025-08-16 17:42:21,375 - DEBUG - Joint score for alpha[9]: 0.1114
2025-08-16 17:42:24,885 - DEBUG - Joint score for alpha[10]: 0.1057
2025-08-16 17:42:28,395 - DEBUG - Joint score for alpha[11]: 0.1020
2025-08-16 17:42:31,905 - DEBUG - Joint score for alpha[12]: 0.1019
2025-08-16 17:42:35,412 - DEBUG - Joint score for alpha[13]: 0.1033
2025-08-16 17:42:38,919 - DEBUG - Joint score for alpha[14]: 0.1046
2025-08-16 17:42:42,427 - DEBUG - Joint score for alpha[15]: 0.1028
2025-08-16 17:42:49,053 - DEBUG - Joint score for alpha[0]: 0.1023
2025-08-16 17:42:52,566 - DEBUG - Joint score for alpha[1]: 0.1023
2025-08-16 17:42:56,075 - DEBUG - Joint score for alpha[2]: 0.1018
2025-08-16 17:42:59,584 - DEBUG - Joint score for alpha[3]: 0.1026
2025-08-16 17:43:03,094 - DEBUG - Joint score for alpha[4]: 0.1101
2025-08-16 17:43:06,606 - DEBUG - Joint score for alpha[5]: 0.1018
2025-08-16 17:43:10,119 - DEBUG - Joint score for alpha[6]: 0.1017
2025-08-16 17:43:13,631 - DEBUG - Joint score for alpha[7]: 0.1061
2025-08-16 17:43:17,141 - DEBUG - Joint score for alpha[8]: 0.1048
2025-08-16 17:43:20,650 - DEBUG - Joint score for alpha[9]: 0.1035
2025-08-16 17:43:24,159 - DEBUG - Joint score for alpha[10]: 0.1027
2025-08-16 17:43:27,669 - DEBUG - Joint score for alpha[11]: 0.1019
2025-08-16 17:43:31,179 - DEBUG - Joint score for alpha[12]: 0.1103
2025-08-16 17:43:34,690 - DEBUG - Joint score for alpha[13]: 0.1018
2025-08-16 17:43:38,199 - DEBUG - Joint score for alpha[14]: 0.1018
2025-08-16 17:43:41,709 - DEBUG - Joint score for alpha[15]: 0.1021
2025-08-16 17:43:48,314 - DEBUG - Joint score for alpha[0]: 0.1021
2025-08-16 17:43:51,829 - DEBUG - Joint score for alpha[1]: 0.1032
2025-08-16 17:43:55,339 - DEBUG - Joint score for alpha[2]: 0.1031
2025-08-16 17:43:58,851 - DEBUG - Joint score for alpha[3]: 0.1045
2025-08-16 17:44:02,363 - DEBUG - Joint score for alpha[4]: 0.1028
2025-08-16 17:44:05,875 - DEBUG - Joint score for alpha[5]: 0.1038
2025-08-16 17:44:09,387 - DEBUG - Joint score for alpha[6]: 0.1021
2025-08-16 17:44:12,898 - DEBUG - Joint score for alpha[7]: 0.1022
2025-08-16 17:44:16,410 - DEBUG - Joint score for alpha[8]: 0.1020
2025-08-16 17:44:19,922 - DEBUG - Joint score for alpha[9]: 0.1029
2025-08-16 17:44:23,433 - DEBUG - Joint score for alpha[10]: 0.1030
2025-08-16 17:44:26,943 - DEBUG - Joint score for alpha[11]: 0.1017
2025-08-16 17:44:30,454 - DEBUG - Joint score for alpha[12]: 0.1021
2025-08-16 17:44:33,964 - DEBUG - Joint score for alpha[13]: 0.1018
2025-08-16 17:44:37,474 - DEBUG - Joint score for alpha[14]: 0.1034
2025-08-16 17:44:40,983 - DEBUG - Joint score for alpha[15]: 0.1018
2025-08-16 17:44:47,660 - DEBUG - Joint score for alpha[0]: 0.1041
2025-08-16 17:44:51,174 - DEBUG - Joint score for alpha[1]: 0.1032
2025-08-16 17:44:54,684 - DEBUG - Joint score for alpha[2]: 0.1021
2025-08-16 17:44:58,194 - DEBUG - Joint score for alpha[3]: 0.1026
2025-08-16 17:45:01,704 - DEBUG - Joint score for alpha[4]: 0.1029
2025-08-16 17:45:05,215 - DEBUG - Joint score for alpha[5]: 0.1050
2025-08-16 17:45:08,725 - DEBUG - Joint score for alpha[6]: 0.1035
2025-08-16 17:45:12,234 - DEBUG - Joint score for alpha[7]: 0.1031
2025-08-16 17:45:15,744 - DEBUG - Joint score for alpha[8]: 0.1054
2025-08-16 17:45:19,252 - DEBUG - Joint score for alpha[9]: 0.1040
2025-08-16 17:45:22,759 - DEBUG - Joint score for alpha[10]: 0.1017
2025-08-16 17:45:26,265 - DEBUG - Joint score for alpha[11]: 0.1039
2025-08-16 17:45:29,773 - DEBUG - Joint score for alpha[12]: 0.1062
2025-08-16 17:45:33,282 - DEBUG - Joint score for alpha[13]: 0.1021
2025-08-16 17:45:36,791 - DEBUG - Joint score for alpha[14]: 0.1056
2025-08-16 17:45:40,301 - DEBUG - Joint score for alpha[15]: 0.1047
2025-08-16 17:45:40,345 - INFO - Step 107/120: mean CRPS=0.1018
2025-08-16 17:45:40,358 - DEBUG - Beginning Gibbs iteration s = 107
2025-08-16 17:45:49,234 - DEBUG - Joint score for alpha[0]: 0.1041
2025-08-16 17:45:52,744 - DEBUG - Joint score for alpha[1]: 0.1054
2025-08-16 17:45:56,249 - DEBUG - Joint score for alpha[2]: 0.1093
2025-08-16 17:45:59,756 - DEBUG - Joint score for alpha[3]: 0.1798
2025-08-16 17:46:03,263 - DEBUG - Joint score for alpha[4]: 0.1111
2025-08-16 17:46:06,771 - DEBUG - Joint score for alpha[5]: 0.1025
2025-08-16 17:46:10,278 - DEBUG - Joint score for alpha[6]: 0.1059
2025-08-16 17:46:13,785 - DEBUG - Joint score for alpha[7]: 0.1061
2025-08-16 17:46:17,291 - DEBUG - Joint score for alpha[8]: 0.1220
2025-08-16 17:46:20,799 - DEBUG - Joint score for alpha[9]: 0.1095
2025-08-16 17:46:24,308 - DEBUG - Joint score for alpha[10]: 0.1310
2025-08-16 17:46:27,816 - DEBUG - Joint score for alpha[11]: 0.1219
2025-08-16 17:46:31,323 - DEBUG - Joint score for alpha[12]: 0.1147
2025-08-16 17:46:34,831 - DEBUG - Joint score for alpha[13]: 0.1018
2025-08-16 17:46:38,339 - DEBUG - Joint score for alpha[14]: 0.1041
2025-08-16 17:46:41,848 - DEBUG - Joint score for alpha[15]: 0.1153
2025-08-16 17:46:48,475 - DEBUG - Joint score for alpha[0]: 0.1035
2025-08-16 17:46:51,989 - DEBUG - Joint score for alpha[1]: 0.1027
2025-08-16 17:46:55,498 - DEBUG - Joint score for alpha[2]: 0.1045
2025-08-16 17:46:59,009 - DEBUG - Joint score for alpha[3]: 0.1027
2025-08-16 17:47:02,520 - DEBUG - Joint score for alpha[4]: 0.1015
2025-08-16 17:47:06,030 - DEBUG - Joint score for alpha[5]: 0.1038
2025-08-16 17:47:09,540 - DEBUG - Joint score for alpha[6]: 0.1109
2025-08-16 17:47:13,050 - DEBUG - Joint score for alpha[7]: 0.1023
2025-08-16 17:47:16,561 - DEBUG - Joint score for alpha[8]: 0.1039
2025-08-16 17:47:20,071 - DEBUG - Joint score for alpha[9]: 0.1039
2025-08-16 17:47:23,583 - DEBUG - Joint score for alpha[10]: 0.1022
2025-08-16 17:47:27,094 - DEBUG - Joint score for alpha[11]: 0.1018
2025-08-16 17:47:30,605 - DEBUG - Joint score for alpha[12]: 0.1053
2025-08-16 17:47:34,116 - DEBUG - Joint score for alpha[13]: 0.1040
2025-08-16 17:47:37,628 - DEBUG - Joint score for alpha[14]: 0.1017
2025-08-16 17:47:41,138 - DEBUG - Joint score for alpha[15]: 0.1020
2025-08-16 17:47:47,744 - DEBUG - Joint score for alpha[0]: 0.1016
2025-08-16 17:47:51,260 - DEBUG - Joint score for alpha[1]: 0.1019
2025-08-16 17:47:54,773 - DEBUG - Joint score for alpha[2]: 0.1118
2025-08-16 17:47:58,287 - DEBUG - Joint score for alpha[3]: 0.1022
2025-08-16 17:48:01,800 - DEBUG - Joint score for alpha[4]: 0.1022
2025-08-16 17:48:05,311 - DEBUG - Joint score for alpha[5]: 0.1021
2025-08-16 17:48:08,819 - DEBUG - Joint score for alpha[6]: 0.1020
2025-08-16 17:48:12,326 - DEBUG - Joint score for alpha[7]: 0.1185
2025-08-16 17:48:15,833 - DEBUG - Joint score for alpha[8]: 0.1043
2025-08-16 17:48:19,341 - DEBUG - Joint score for alpha[9]: 0.1020
2025-08-16 17:48:22,848 - DEBUG - Joint score for alpha[10]: 0.1022
2025-08-16 17:48:26,356 - DEBUG - Joint score for alpha[11]: 0.1018
2025-08-16 17:48:29,864 - DEBUG - Joint score for alpha[12]: 0.1017
2025-08-16 17:48:33,374 - DEBUG - Joint score for alpha[13]: 0.1019
2025-08-16 17:48:36,881 - DEBUG - Joint score for alpha[14]: 0.1023
2025-08-16 17:48:40,390 - DEBUG - Joint score for alpha[15]: 0.1025
2025-08-16 17:48:47,155 - DEBUG - Joint score for alpha[0]: 0.1014
2025-08-16 17:48:50,667 - DEBUG - Joint score for alpha[1]: 0.1015
2025-08-16 17:48:54,176 - DEBUG - Joint score for alpha[2]: 0.1025
2025-08-16 17:48:57,685 - DEBUG - Joint score for alpha[3]: 0.1041
2025-08-16 17:49:01,194 - DEBUG - Joint score for alpha[4]: 0.1024
2025-08-16 17:49:04,704 - DEBUG - Joint score for alpha[5]: 0.1019
2025-08-16 17:49:08,213 - DEBUG - Joint score for alpha[6]: 0.1018
2025-08-16 17:49:11,721 - DEBUG - Joint score for alpha[7]: 0.1039
2025-08-16 17:49:15,230 - DEBUG - Joint score for alpha[8]: 0.1035
2025-08-16 17:49:18,740 - DEBUG - Joint score for alpha[9]: 0.1019
2025-08-16 17:49:22,247 - DEBUG - Joint score for alpha[10]: 0.1057
2025-08-16 17:49:25,757 - DEBUG - Joint score for alpha[11]: 0.1028
2025-08-16 17:49:29,267 - DEBUG - Joint score for alpha[12]: 0.1023
2025-08-16 17:49:32,777 - DEBUG - Joint score for alpha[13]: 0.1018
2025-08-16 17:49:36,286 - DEBUG - Joint score for alpha[14]: 0.1069
2025-08-16 17:49:39,795 - DEBUG - Joint score for alpha[15]: 0.1025
2025-08-16 17:49:46,635 - DEBUG - Joint score for alpha[0]: 0.1030
2025-08-16 17:49:50,147 - DEBUG - Joint score for alpha[1]: 0.1023
2025-08-16 17:49:53,654 - DEBUG - Joint score for alpha[2]: 0.1018
2025-08-16 17:49:57,162 - DEBUG - Joint score for alpha[3]: 0.1015
2025-08-16 17:50:00,669 - DEBUG - Joint score for alpha[4]: 0.1021
2025-08-16 17:50:04,178 - DEBUG - Joint score for alpha[5]: 0.1035
2025-08-16 17:50:07,685 - DEBUG - Joint score for alpha[6]: 0.1056
2025-08-16 17:50:11,192 - DEBUG - Joint score for alpha[7]: 0.1049
2025-08-16 17:50:14,700 - DEBUG - Joint score for alpha[8]: 0.1042
2025-08-16 17:50:18,208 - DEBUG - Joint score for alpha[9]: 0.1054
2025-08-16 17:50:21,714 - DEBUG - Joint score for alpha[10]: 0.1035
2025-08-16 17:50:25,222 - DEBUG - Joint score for alpha[11]: 0.1016
2025-08-16 17:50:28,731 - DEBUG - Joint score for alpha[12]: 0.1014
2025-08-16 17:50:32,240 - DEBUG - Joint score for alpha[13]: 0.1056
2025-08-16 17:50:35,749 - DEBUG - Joint score for alpha[14]: 0.1040
2025-08-16 17:50:39,258 - DEBUG - Joint score for alpha[15]: 0.1015
2025-08-16 17:50:39,302 - INFO - Step 108/120: mean CRPS=0.1015
2025-08-16 17:50:39,309 - DEBUG - Beginning Gibbs iteration s = 108
2025-08-16 17:50:47,730 - DEBUG - Joint score for alpha[0]: 0.1097
2025-08-16 17:50:51,243 - DEBUG - Joint score for alpha[1]: 0.1057
2025-08-16 17:50:54,753 - DEBUG - Joint score for alpha[2]: 0.1199
2025-08-16 17:50:58,264 - DEBUG - Joint score for alpha[3]: 0.1342
2025-08-16 17:51:01,774 - DEBUG - Joint score for alpha[4]: 0.1090
2025-08-16 17:51:05,285 - DEBUG - Joint score for alpha[5]: 0.1095
2025-08-16 17:51:08,795 - DEBUG - Joint score for alpha[6]: 0.1206
2025-08-16 17:51:12,301 - DEBUG - Joint score for alpha[7]: 0.1133
2025-08-16 17:51:15,808 - DEBUG - Joint score for alpha[8]: 0.1089
2025-08-16 17:51:19,316 - DEBUG - Joint score for alpha[9]: 0.1123
2025-08-16 17:51:22,822 - DEBUG - Joint score for alpha[10]: 0.1069
2025-08-16 17:51:26,329 - DEBUG - Joint score for alpha[11]: 0.1135
2025-08-16 17:51:30,725 - DEBUG - Joint score for alpha[12]: 0.1197
2025-08-16 17:51:34,237 - DEBUG - Joint score for alpha[13]: 0.1059
2025-08-16 17:51:37,748 - DEBUG - Joint score for alpha[14]: 0.1015
2025-08-16 17:51:41,260 - DEBUG - Joint score for alpha[15]: 0.1274
2025-08-16 17:51:47,877 - DEBUG - Joint score for alpha[0]: 0.1026
2025-08-16 17:51:51,392 - DEBUG - Joint score for alpha[1]: 0.1040
2025-08-16 17:51:54,903 - DEBUG - Joint score for alpha[2]: 0.1015
2025-08-16 17:51:58,415 - DEBUG - Joint score for alpha[3]: 0.1041
2025-08-16 17:52:01,927 - DEBUG - Joint score for alpha[4]: 0.1070
2025-08-16 17:52:05,439 - DEBUG - Joint score for alpha[5]: 0.1154
2025-08-16 17:52:08,952 - DEBUG - Joint score for alpha[6]: 0.1037
2025-08-16 17:52:12,462 - DEBUG - Joint score for alpha[7]: 0.1090
2025-08-16 17:52:15,975 - DEBUG - Joint score for alpha[8]: 0.1161
2025-08-16 17:52:19,485 - DEBUG - Joint score for alpha[9]: 0.1085
2025-08-16 17:52:22,992 - DEBUG - Joint score for alpha[10]: 0.1075
2025-08-16 17:52:26,501 - DEBUG - Joint score for alpha[11]: 0.1014
2025-08-16 17:52:30,010 - DEBUG - Joint score for alpha[12]: 0.1037
2025-08-16 17:52:33,519 - DEBUG - Joint score for alpha[13]: 0.1055
2025-08-16 17:52:37,028 - DEBUG - Joint score for alpha[14]: 0.1170
2025-08-16 17:52:40,538 - DEBUG - Joint score for alpha[15]: 0.1019
2025-08-16 17:52:47,138 - DEBUG - Joint score for alpha[0]: 0.1020
2025-08-16 17:52:50,652 - DEBUG - Joint score for alpha[1]: 0.1030
2025-08-16 17:52:54,161 - DEBUG - Joint score for alpha[2]: 0.1018
2025-08-16 17:52:57,669 - DEBUG - Joint score for alpha[3]: 0.1018
2025-08-16 17:53:01,175 - DEBUG - Joint score for alpha[4]: 0.1040
2025-08-16 17:53:04,682 - DEBUG - Joint score for alpha[5]: 0.1033
2025-08-16 17:53:08,189 - DEBUG - Joint score for alpha[6]: 0.1034
2025-08-16 17:53:11,696 - DEBUG - Joint score for alpha[7]: 0.1027
2025-08-16 17:53:15,204 - DEBUG - Joint score for alpha[8]: 0.1039
2025-08-16 17:53:18,712 - DEBUG - Joint score for alpha[9]: 0.1032
2025-08-16 17:53:22,220 - DEBUG - Joint score for alpha[10]: 0.1015
2025-08-16 17:53:25,727 - DEBUG - Joint score for alpha[11]: 0.1046
2025-08-16 17:53:29,235 - DEBUG - Joint score for alpha[12]: 0.1021
2025-08-16 17:53:32,743 - DEBUG - Joint score for alpha[13]: 0.1023
2025-08-16 17:53:36,252 - DEBUG - Joint score for alpha[14]: 0.1019
2025-08-16 17:53:39,760 - DEBUG - Joint score for alpha[15]: 0.1018
2025-08-16 17:53:46,520 - DEBUG - Joint score for alpha[0]: 0.1014
2025-08-16 17:53:50,031 - DEBUG - Joint score for alpha[1]: 0.1022
2025-08-16 17:53:53,539 - DEBUG - Joint score for alpha[2]: 0.1023
2025-08-16 17:53:57,047 - DEBUG - Joint score for alpha[3]: 0.1031
2025-08-16 17:54:00,555 - DEBUG - Joint score for alpha[4]: 0.1024
2025-08-16 17:54:04,064 - DEBUG - Joint score for alpha[5]: 0.1042
2025-08-16 17:54:07,573 - DEBUG - Joint score for alpha[6]: 0.1014
2025-08-16 17:54:11,081 - DEBUG - Joint score for alpha[7]: 0.1021
2025-08-16 17:54:14,590 - DEBUG - Joint score for alpha[8]: 0.1023
2025-08-16 17:54:18,100 - DEBUG - Joint score for alpha[9]: 0.1067
2025-08-16 17:54:21,608 - DEBUG - Joint score for alpha[10]: 0.1021
2025-08-16 17:54:25,117 - DEBUG - Joint score for alpha[11]: 0.1016
2025-08-16 17:54:28,628 - DEBUG - Joint score for alpha[12]: 0.1020
2025-08-16 17:54:32,138 - DEBUG - Joint score for alpha[13]: 0.1060
2025-08-16 17:54:35,648 - DEBUG - Joint score for alpha[14]: 0.1042
2025-08-16 17:54:39,159 - DEBUG - Joint score for alpha[15]: 0.1019
2025-08-16 17:54:46,012 - DEBUG - Joint score for alpha[0]: 0.1023
2025-08-16 17:54:49,525 - DEBUG - Joint score for alpha[1]: 0.1057
2025-08-16 17:54:53,033 - DEBUG - Joint score for alpha[2]: 0.1029
2025-08-16 17:54:56,543 - DEBUG - Joint score for alpha[3]: 0.1016
2025-08-16 17:55:00,052 - DEBUG - Joint score for alpha[4]: 0.1031
2025-08-16 17:55:03,562 - DEBUG - Joint score for alpha[5]: 0.1022
2025-08-16 17:55:07,071 - DEBUG - Joint score for alpha[6]: 0.1015
2025-08-16 17:55:10,581 - DEBUG - Joint score for alpha[7]: 0.1027
2025-08-16 17:55:14,090 - DEBUG - Joint score for alpha[8]: 0.1039
2025-08-16 17:55:17,601 - DEBUG - Joint score for alpha[9]: 0.1020
2025-08-16 17:55:21,110 - DEBUG - Joint score for alpha[10]: 0.1012
2025-08-16 17:55:24,621 - DEBUG - Joint score for alpha[11]: 0.1027
2025-08-16 17:55:28,133 - DEBUG - Joint score for alpha[12]: 0.1020
2025-08-16 17:55:31,644 - DEBUG - Joint score for alpha[13]: 0.1023
2025-08-16 17:55:35,154 - DEBUG - Joint score for alpha[14]: 0.1023
2025-08-16 17:55:38,665 - DEBUG - Joint score for alpha[15]: 0.1043
2025-08-16 17:55:38,709 - INFO - Step 109/120: mean CRPS=0.1014
2025-08-16 17:55:38,716 - DEBUG - Beginning Gibbs iteration s = 109
2025-08-16 17:55:47,165 - DEBUG - Joint score for alpha[0]: 0.1064
2025-08-16 17:55:50,677 - DEBUG - Joint score for alpha[1]: 0.1101
2025-08-16 17:55:54,184 - DEBUG - Joint score for alpha[2]: 0.1052
2025-08-16 17:55:57,693 - DEBUG - Joint score for alpha[3]: 0.1037
2025-08-16 17:56:01,202 - DEBUG - Joint score for alpha[4]: 0.1089
2025-08-16 17:56:04,712 - DEBUG - Joint score for alpha[5]: 0.1068
2025-08-16 17:56:08,221 - DEBUG - Joint score for alpha[6]: 0.1169
2025-08-16 17:56:11,730 - DEBUG - Joint score for alpha[7]: 0.1027
2025-08-16 17:56:15,240 - DEBUG - Joint score for alpha[8]: 0.1397
2025-08-16 17:56:18,753 - DEBUG - Joint score for alpha[9]: 0.1031
2025-08-16 17:56:22,263 - DEBUG - Joint score for alpha[10]: 0.1363
2025-08-16 17:56:25,776 - DEBUG - Joint score for alpha[11]: 0.1098
2025-08-16 17:56:29,289 - DEBUG - Joint score for alpha[12]: 0.1234
2025-08-16 17:56:32,803 - DEBUG - Joint score for alpha[13]: 0.1084
2025-08-16 17:56:36,315 - DEBUG - Joint score for alpha[14]: 0.1032
2025-08-16 17:56:39,829 - DEBUG - Joint score for alpha[15]: 0.1168
2025-08-16 17:56:46,567 - DEBUG - Joint score for alpha[0]: 0.1051
2025-08-16 17:56:50,086 - DEBUG - Joint score for alpha[1]: 0.1041
2025-08-16 17:56:53,599 - DEBUG - Joint score for alpha[2]: 0.1062
2025-08-16 17:56:57,113 - DEBUG - Joint score for alpha[3]: 0.1086
2025-08-16 17:57:00,626 - DEBUG - Joint score for alpha[4]: 0.1039
2025-08-16 17:57:04,139 - DEBUG - Joint score for alpha[5]: 0.1023
2025-08-16 17:57:07,650 - DEBUG - Joint score for alpha[6]: 0.1050
2025-08-16 17:57:11,159 - DEBUG - Joint score for alpha[7]: 0.1025
2025-08-16 17:57:14,670 - DEBUG - Joint score for alpha[8]: 0.1029
2025-08-16 17:57:18,182 - DEBUG - Joint score for alpha[9]: 0.1087
2025-08-16 17:57:21,692 - DEBUG - Joint score for alpha[10]: 0.1026
2025-08-16 17:57:25,202 - DEBUG - Joint score for alpha[11]: 0.1034
2025-08-16 17:57:28,713 - DEBUG - Joint score for alpha[12]: 0.1036
2025-08-16 17:57:32,225 - DEBUG - Joint score for alpha[13]: 0.1039
2025-08-16 17:57:35,733 - DEBUG - Joint score for alpha[14]: 0.1028
2025-08-16 17:57:39,241 - DEBUG - Joint score for alpha[15]: 0.1136
2025-08-16 17:57:45,974 - DEBUG - Joint score for alpha[0]: 0.1028
2025-08-16 17:57:49,488 - DEBUG - Joint score for alpha[1]: 0.1025
2025-08-16 17:57:52,998 - DEBUG - Joint score for alpha[2]: 0.1026
2025-08-16 17:57:56,508 - DEBUG - Joint score for alpha[3]: 0.1028
2025-08-16 17:58:00,018 - DEBUG - Joint score for alpha[4]: 0.1045
2025-08-16 17:58:03,528 - DEBUG - Joint score for alpha[5]: 0.1025
2025-08-16 17:58:07,036 - DEBUG - Joint score for alpha[6]: 0.1036
2025-08-16 17:58:10,543 - DEBUG - Joint score for alpha[7]: 0.1024
2025-08-16 17:58:14,052 - DEBUG - Joint score for alpha[8]: 0.1054
2025-08-16 17:58:17,561 - DEBUG - Joint score for alpha[9]: 0.1022
2025-08-16 17:58:21,070 - DEBUG - Joint score for alpha[10]: 0.1026
2025-08-16 17:58:24,580 - DEBUG - Joint score for alpha[11]: 0.1046
2025-08-16 17:58:28,089 - DEBUG - Joint score for alpha[12]: 0.1031
2025-08-16 17:58:31,599 - DEBUG - Joint score for alpha[13]: 0.1027
2025-08-16 17:58:35,108 - DEBUG - Joint score for alpha[14]: 0.1025
2025-08-16 17:58:38,617 - DEBUG - Joint score for alpha[15]: 0.1030
2025-08-16 17:58:45,498 - DEBUG - Joint score for alpha[0]: 0.1120
2025-08-16 17:58:49,013 - DEBUG - Joint score for alpha[1]: 0.1029
2025-08-16 17:58:52,523 - DEBUG - Joint score for alpha[2]: 0.1045
2025-08-16 17:58:56,034 - DEBUG - Joint score for alpha[3]: 0.1037
2025-08-16 17:58:59,544 - DEBUG - Joint score for alpha[4]: 0.1033
2025-08-16 17:59:03,055 - DEBUG - Joint score for alpha[5]: 0.1168
2025-08-16 17:59:06,564 - DEBUG - Joint score for alpha[6]: 0.1041
2025-08-16 17:59:10,072 - DEBUG - Joint score for alpha[7]: 0.1050
2025-08-16 17:59:13,579 - DEBUG - Joint score for alpha[8]: 0.1056
2025-08-16 17:59:17,086 - DEBUG - Joint score for alpha[9]: 0.1028
2025-08-16 17:59:20,593 - DEBUG - Joint score for alpha[10]: 0.1054
2025-08-16 17:59:24,102 - DEBUG - Joint score for alpha[11]: 0.1034
2025-08-16 17:59:27,611 - DEBUG - Joint score for alpha[12]: 0.1026
2025-08-16 17:59:31,120 - DEBUG - Joint score for alpha[13]: 0.1051
2025-08-16 17:59:34,628 - DEBUG - Joint score for alpha[14]: 0.1039
2025-08-16 17:59:38,138 - DEBUG - Joint score for alpha[15]: 0.1024
2025-08-16 17:59:45,024 - DEBUG - Joint score for alpha[0]: 0.1043
2025-08-16 17:59:48,539 - DEBUG - Joint score for alpha[1]: 0.1028
2025-08-16 17:59:52,050 - DEBUG - Joint score for alpha[2]: 0.1024
2025-08-16 17:59:55,559 - DEBUG - Joint score for alpha[3]: 0.1047
2025-08-16 17:59:59,067 - DEBUG - Joint score for alpha[4]: 0.1022
2025-08-16 18:00:02,575 - DEBUG - Joint score for alpha[5]: 0.1033
2025-08-16 18:00:06,084 - DEBUG - Joint score for alpha[6]: 0.1097
2025-08-16 18:00:09,591 - DEBUG - Joint score for alpha[7]: 0.1072
2025-08-16 18:00:13,100 - DEBUG - Joint score for alpha[8]: 0.1043
2025-08-16 18:00:16,609 - DEBUG - Joint score for alpha[9]: 0.1091
2025-08-16 18:00:20,119 - DEBUG - Joint score for alpha[10]: 0.1025
2025-08-16 18:00:23,629 - DEBUG - Joint score for alpha[11]: 0.1062
2025-08-16 18:00:27,137 - DEBUG - Joint score for alpha[12]: 0.1068
2025-08-16 18:00:30,647 - DEBUG - Joint score for alpha[13]: 0.1049
2025-08-16 18:00:34,157 - DEBUG - Joint score for alpha[14]: 0.1050
2025-08-16 18:00:37,667 - DEBUG - Joint score for alpha[15]: 0.1034
2025-08-16 18:00:37,711 - INFO - Step 110/120: mean CRPS=0.1024
2025-08-16 18:00:37,718 - DEBUG - Beginning Gibbs iteration s = 110
2025-08-16 18:00:46,265 - DEBUG - Joint score for alpha[0]: 0.1018
2025-08-16 18:00:49,779 - DEBUG - Joint score for alpha[1]: 0.1035
2025-08-16 18:00:53,290 - DEBUG - Joint score for alpha[2]: 0.1073
2025-08-16 18:00:56,802 - DEBUG - Joint score for alpha[3]: 0.1197
2025-08-16 18:01:00,313 - DEBUG - Joint score for alpha[4]: 0.1170
2025-08-16 18:01:03,825 - DEBUG - Joint score for alpha[5]: 0.1314
2025-08-16 18:01:07,335 - DEBUG - Joint score for alpha[6]: 0.1080
2025-08-16 18:01:10,845 - DEBUG - Joint score for alpha[7]: 0.1108
2025-08-16 18:01:14,356 - DEBUG - Joint score for alpha[8]: 0.1026
2025-08-16 18:01:17,868 - DEBUG - Joint score for alpha[9]: 0.1244
2025-08-16 18:01:21,378 - DEBUG - Joint score for alpha[10]: 0.1241
2025-08-16 18:01:24,889 - DEBUG - Joint score for alpha[11]: 0.1019
2025-08-16 18:01:28,401 - DEBUG - Joint score for alpha[12]: 0.1200
2025-08-16 18:01:31,912 - DEBUG - Joint score for alpha[13]: 0.1158
2025-08-16 18:01:35,420 - DEBUG - Joint score for alpha[14]: 0.1032
2025-08-16 18:01:38,932 - DEBUG - Joint score for alpha[15]: 0.1051
2025-08-16 18:01:45,608 - DEBUG - Joint score for alpha[0]: 0.1101
2025-08-16 18:01:49,125 - DEBUG - Joint score for alpha[1]: 0.1084
2025-08-16 18:01:52,637 - DEBUG - Joint score for alpha[2]: 0.1027
2025-08-16 18:01:56,151 - DEBUG - Joint score for alpha[3]: 0.1018
2025-08-16 18:01:59,665 - DEBUG - Joint score for alpha[4]: 0.1023
2025-08-16 18:02:03,178 - DEBUG - Joint score for alpha[5]: 0.1025
2025-08-16 18:02:06,692 - DEBUG - Joint score for alpha[6]: 0.1021
2025-08-16 18:02:10,205 - DEBUG - Joint score for alpha[7]: 0.1018
2025-08-16 18:02:13,720 - DEBUG - Joint score for alpha[8]: 0.1018
2025-08-16 18:02:17,233 - DEBUG - Joint score for alpha[9]: 0.1084
2025-08-16 18:02:20,745 - DEBUG - Joint score for alpha[10]: 0.1019
2025-08-16 18:02:24,256 - DEBUG - Joint score for alpha[11]: 0.1027
2025-08-16 18:02:27,767 - DEBUG - Joint score for alpha[12]: 0.1024
2025-08-16 18:02:31,278 - DEBUG - Joint score for alpha[13]: 0.1027
2025-08-16 18:02:34,789 - DEBUG - Joint score for alpha[14]: 0.1145
2025-08-16 18:02:38,300 - DEBUG - Joint score for alpha[15]: 0.1023
2025-08-16 18:02:45,040 - DEBUG - Joint score for alpha[0]: 0.1037
2025-08-16 18:02:48,556 - DEBUG - Joint score for alpha[1]: 0.1022
2025-08-16 18:02:52,068 - DEBUG - Joint score for alpha[2]: 0.1024
2025-08-16 18:02:55,582 - DEBUG - Joint score for alpha[3]: 0.1021
2025-08-16 18:02:59,094 - DEBUG - Joint score for alpha[4]: 0.1070
2025-08-16 18:03:02,605 - DEBUG - Joint score for alpha[5]: 0.1178
2025-08-16 18:03:06,115 - DEBUG - Joint score for alpha[6]: 0.1072
2025-08-16 18:03:09,624 - DEBUG - Joint score for alpha[7]: 0.1040
2025-08-16 18:03:13,134 - DEBUG - Joint score for alpha[8]: 0.1019
2025-08-16 18:03:16,645 - DEBUG - Joint score for alpha[9]: 0.1021
2025-08-16 18:03:20,155 - DEBUG - Joint score for alpha[10]: 0.1044
2025-08-16 18:03:23,665 - DEBUG - Joint score for alpha[11]: 0.1030
2025-08-16 18:03:27,176 - DEBUG - Joint score for alpha[12]: 0.1031
2025-08-16 18:03:30,687 - DEBUG - Joint score for alpha[13]: 0.1020
2025-08-16 18:03:34,197 - DEBUG - Joint score for alpha[14]: 0.1021
2025-08-16 18:03:37,708 - DEBUG - Joint score for alpha[15]: 0.1100
2025-08-16 18:03:44,521 - DEBUG - Joint score for alpha[0]: 0.1031
2025-08-16 18:03:48,034 - DEBUG - Joint score for alpha[1]: 0.1025
2025-08-16 18:03:51,543 - DEBUG - Joint score for alpha[2]: 0.1031
2025-08-16 18:03:55,054 - DEBUG - Joint score for alpha[3]: 0.1019
2025-08-16 18:03:58,565 - DEBUG - Joint score for alpha[4]: 0.1020
2025-08-16 18:04:02,077 - DEBUG - Joint score for alpha[5]: 0.1028
2025-08-16 18:04:05,589 - DEBUG - Joint score for alpha[6]: 0.1020
2025-08-16 18:04:09,101 - DEBUG - Joint score for alpha[7]: 0.1032
2025-08-16 18:04:12,613 - DEBUG - Joint score for alpha[8]: 0.1019
2025-08-16 18:04:16,124 - DEBUG - Joint score for alpha[9]: 0.1079
2025-08-16 18:04:19,635 - DEBUG - Joint score for alpha[10]: 0.1021
2025-08-16 18:04:23,147 - DEBUG - Joint score for alpha[11]: 0.1046
2025-08-16 18:04:26,659 - DEBUG - Joint score for alpha[12]: 0.1023
2025-08-16 18:04:30,170 - DEBUG - Joint score for alpha[13]: 0.1016
2025-08-16 18:04:33,680 - DEBUG - Joint score for alpha[14]: 0.1020
2025-08-16 18:04:37,193 - DEBUG - Joint score for alpha[15]: 0.1018
2025-08-16 18:04:44,027 - DEBUG - Joint score for alpha[0]: 0.1017
2025-08-16 18:04:47,542 - DEBUG - Joint score for alpha[1]: 0.1057
2025-08-16 18:04:51,051 - DEBUG - Joint score for alpha[2]: 0.1019
2025-08-16 18:04:54,562 - DEBUG - Joint score for alpha[3]: 0.1061
2025-08-16 18:04:58,073 - DEBUG - Joint score for alpha[4]: 0.1055
2025-08-16 18:05:01,584 - DEBUG - Joint score for alpha[5]: 0.1023
2025-08-16 18:05:05,096 - DEBUG - Joint score for alpha[6]: 0.1066
2025-08-16 18:05:08,606 - DEBUG - Joint score for alpha[7]: 0.1021
2025-08-16 18:05:12,117 - DEBUG - Joint score for alpha[8]: 0.1060
2025-08-16 18:05:15,629 - DEBUG - Joint score for alpha[9]: 0.1021
2025-08-16 18:05:19,140 - DEBUG - Joint score for alpha[10]: 0.1022
2025-08-16 18:05:22,651 - DEBUG - Joint score for alpha[11]: 0.1038
2025-08-16 18:05:26,163 - DEBUG - Joint score for alpha[12]: 0.1023
2025-08-16 18:05:29,675 - DEBUG - Joint score for alpha[13]: 0.1026
2025-08-16 18:05:33,187 - DEBUG - Joint score for alpha[14]: 0.1017
2025-08-16 18:05:36,697 - DEBUG - Joint score for alpha[15]: 0.1024
2025-08-16 18:05:36,741 - INFO - Step 111/120: mean CRPS=0.1017
2025-08-16 18:05:36,747 - DEBUG - Beginning Gibbs iteration s = 111
2025-08-16 18:05:49,326 - DEBUG - Joint score for alpha[0]: 0.1252
2025-08-16 18:05:52,839 - DEBUG - Joint score for alpha[1]: 0.1226
2025-08-16 18:05:56,348 - DEBUG - Joint score for alpha[2]: 0.1027
2025-08-16 18:05:59,857 - DEBUG - Joint score for alpha[3]: 0.1068
2025-08-16 18:06:03,367 - DEBUG - Joint score for alpha[4]: 0.1256
2025-08-16 18:06:06,877 - DEBUG - Joint score for alpha[5]: 0.1085
2025-08-16 18:06:10,387 - DEBUG - Joint score for alpha[6]: 0.1026
2025-08-16 18:06:13,897 - DEBUG - Joint score for alpha[7]: 0.1279
2025-08-16 18:06:17,406 - DEBUG - Joint score for alpha[8]: 0.1029
2025-08-16 18:06:20,916 - DEBUG - Joint score for alpha[9]: 0.1055
2025-08-16 18:06:24,426 - DEBUG - Joint score for alpha[10]: 0.1112
2025-08-16 18:06:27,937 - DEBUG - Joint score for alpha[11]: 0.1049
2025-08-16 18:06:31,448 - DEBUG - Joint score for alpha[12]: 0.1056
2025-08-16 18:06:34,959 - DEBUG - Joint score for alpha[13]: 0.1062
2025-08-16 18:06:38,468 - DEBUG - Joint score for alpha[14]: 0.1081
2025-08-16 18:06:41,979 - DEBUG - Joint score for alpha[15]: 0.1380
2025-08-16 18:06:48,717 - DEBUG - Joint score for alpha[0]: 0.1025
2025-08-16 18:06:52,232 - DEBUG - Joint score for alpha[1]: 0.1079
2025-08-16 18:06:55,745 - DEBUG - Joint score for alpha[2]: 0.1029
2025-08-16 18:06:59,257 - DEBUG - Joint score for alpha[3]: 0.1030
2025-08-16 18:07:02,769 - DEBUG - Joint score for alpha[4]: 0.1026
2025-08-16 18:07:06,283 - DEBUG - Joint score for alpha[5]: 0.1064
2025-08-16 18:07:09,796 - DEBUG - Joint score for alpha[6]: 0.1032
2025-08-16 18:07:13,308 - DEBUG - Joint score for alpha[7]: 0.1037
2025-08-16 18:07:16,821 - DEBUG - Joint score for alpha[8]: 0.1058
2025-08-16 18:07:20,335 - DEBUG - Joint score for alpha[9]: 0.1029
2025-08-16 18:07:23,848 - DEBUG - Joint score for alpha[10]: 0.1028
2025-08-16 18:07:27,360 - DEBUG - Joint score for alpha[11]: 0.1062
2025-08-16 18:07:30,875 - DEBUG - Joint score for alpha[12]: 0.1073
2025-08-16 18:07:34,388 - DEBUG - Joint score for alpha[13]: 0.1055
2025-08-16 18:07:37,902 - DEBUG - Joint score for alpha[14]: 0.1034
2025-08-16 18:07:41,416 - DEBUG - Joint score for alpha[15]: 0.1034
2025-08-16 18:07:48,150 - DEBUG - Joint score for alpha[0]: 0.1032
2025-08-16 18:07:51,667 - DEBUG - Joint score for alpha[1]: 0.1029
2025-08-16 18:07:55,178 - DEBUG - Joint score for alpha[2]: 0.1050
2025-08-16 18:07:58,693 - DEBUG - Joint score for alpha[3]: 0.1028
2025-08-16 18:08:02,207 - DEBUG - Joint score for alpha[4]: 0.1058
2025-08-16 18:08:05,720 - DEBUG - Joint score for alpha[5]: 0.1047
2025-08-16 18:08:09,231 - DEBUG - Joint score for alpha[6]: 0.1035
2025-08-16 18:08:12,737 - DEBUG - Joint score for alpha[7]: 0.1025
2025-08-16 18:08:16,245 - DEBUG - Joint score for alpha[8]: 0.1035
2025-08-16 18:08:19,754 - DEBUG - Joint score for alpha[9]: 0.1033
2025-08-16 18:08:23,261 - DEBUG - Joint score for alpha[10]: 0.1031
2025-08-16 18:08:26,770 - DEBUG - Joint score for alpha[11]: 0.1030
2025-08-16 18:08:30,280 - DEBUG - Joint score for alpha[12]: 0.1029
2025-08-16 18:08:33,789 - DEBUG - Joint score for alpha[13]: 0.1032
2025-08-16 18:08:37,298 - DEBUG - Joint score for alpha[14]: 0.1039
2025-08-16 18:08:40,808 - DEBUG - Joint score for alpha[15]: 0.1030
2025-08-16 18:08:47,739 - DEBUG - Joint score for alpha[0]: 0.1032
2025-08-16 18:08:51,255 - DEBUG - Joint score for alpha[1]: 0.1031
2025-08-16 18:08:54,764 - DEBUG - Joint score for alpha[2]: 0.1047
2025-08-16 18:08:58,274 - DEBUG - Joint score for alpha[3]: 0.1092
2025-08-16 18:09:01,783 - DEBUG - Joint score for alpha[4]: 0.1040
2025-08-16 18:09:05,294 - DEBUG - Joint score for alpha[5]: 0.1164
2025-08-16 18:09:08,804 - DEBUG - Joint score for alpha[6]: 0.1035
2025-08-16 18:09:12,314 - DEBUG - Joint score for alpha[7]: 0.1032
2025-08-16 18:09:15,824 - DEBUG - Joint score for alpha[8]: 0.1031
2025-08-16 18:09:19,335 - DEBUG - Joint score for alpha[9]: 0.1031
2025-08-16 18:09:22,844 - DEBUG - Joint score for alpha[10]: 0.1036
2025-08-16 18:09:26,355 - DEBUG - Joint score for alpha[11]: 0.1054
2025-08-16 18:09:29,866 - DEBUG - Joint score for alpha[12]: 0.1034
2025-08-16 18:09:33,376 - DEBUG - Joint score for alpha[13]: 0.1050
2025-08-16 18:09:36,886 - DEBUG - Joint score for alpha[14]: 0.1030
2025-08-16 18:09:40,397 - DEBUG - Joint score for alpha[15]: 0.1044
2025-08-16 18:09:47,224 - DEBUG - Joint score for alpha[0]: 0.1065
2025-08-16 18:09:50,737 - DEBUG - Joint score for alpha[1]: 0.1038
2025-08-16 18:09:54,247 - DEBUG - Joint score for alpha[2]: 0.1059
2025-08-16 18:09:57,759 - DEBUG - Joint score for alpha[3]: 0.1087
2025-08-16 18:10:01,269 - DEBUG - Joint score for alpha[4]: 0.1106
2025-08-16 18:10:04,780 - DEBUG - Joint score for alpha[5]: 0.1035
2025-08-16 18:10:08,291 - DEBUG - Joint score for alpha[6]: 0.1033
2025-08-16 18:10:11,802 - DEBUG - Joint score for alpha[7]: 0.1043
2025-08-16 18:10:15,312 - DEBUG - Joint score for alpha[8]: 0.1053
2025-08-16 18:10:18,823 - DEBUG - Joint score for alpha[9]: 0.1030
2025-08-16 18:10:22,331 - DEBUG - Joint score for alpha[10]: 0.1212
2025-08-16 18:10:25,841 - DEBUG - Joint score for alpha[11]: 0.1035
2025-08-16 18:10:29,352 - DEBUG - Joint score for alpha[12]: 0.1051
2025-08-16 18:10:32,863 - DEBUG - Joint score for alpha[13]: 0.1028
2025-08-16 18:10:36,375 - DEBUG - Joint score for alpha[14]: 0.1027
2025-08-16 18:10:39,887 - DEBUG - Joint score for alpha[15]: 0.1035
2025-08-16 18:10:39,931 - INFO - Step 112/120: mean CRPS=0.1027
2025-08-16 18:10:39,940 - DEBUG - Beginning Gibbs iteration s = 112
2025-08-16 18:10:49,349 - DEBUG - Joint score for alpha[0]: 0.1126
2025-08-16 18:10:52,864 - DEBUG - Joint score for alpha[1]: 0.1058
2025-08-16 18:10:56,376 - DEBUG - Joint score for alpha[2]: 0.1075
2025-08-16 18:10:59,890 - DEBUG - Joint score for alpha[3]: 0.1109
2025-08-16 18:11:03,403 - DEBUG - Joint score for alpha[4]: 0.1093
2025-08-16 18:11:06,917 - DEBUG - Joint score for alpha[5]: 0.1276
2025-08-16 18:11:10,430 - DEBUG - Joint score for alpha[6]: 0.1028
2025-08-16 18:11:13,943 - DEBUG - Joint score for alpha[7]: 0.1029
2025-08-16 18:11:17,457 - DEBUG - Joint score for alpha[8]: 0.1110
2025-08-16 18:11:20,972 - DEBUG - Joint score for alpha[9]: 0.1163
2025-08-16 18:11:24,485 - DEBUG - Joint score for alpha[10]: 0.1228
2025-08-16 18:11:27,999 - DEBUG - Joint score for alpha[11]: 0.1070
2025-08-16 18:11:31,515 - DEBUG - Joint score for alpha[12]: 0.1128
2025-08-16 18:11:35,031 - DEBUG - Joint score for alpha[13]: 0.1124
2025-08-16 18:11:38,546 - DEBUG - Joint score for alpha[14]: 0.1060
2025-08-16 18:11:42,061 - DEBUG - Joint score for alpha[15]: 0.1031
2025-08-16 18:11:48,805 - DEBUG - Joint score for alpha[0]: 0.1030
2025-08-16 18:11:52,322 - DEBUG - Joint score for alpha[1]: 0.1054
2025-08-16 18:11:55,835 - DEBUG - Joint score for alpha[2]: 0.1028
2025-08-16 18:11:59,349 - DEBUG - Joint score for alpha[3]: 0.1029
2025-08-16 18:12:02,863 - DEBUG - Joint score for alpha[4]: 0.1050
2025-08-16 18:12:06,377 - DEBUG - Joint score for alpha[5]: 0.1055
2025-08-16 18:12:09,891 - DEBUG - Joint score for alpha[6]: 0.1035
2025-08-16 18:12:13,405 - DEBUG - Joint score for alpha[7]: 0.1065
2025-08-16 18:12:16,916 - DEBUG - Joint score for alpha[8]: 0.1023
2025-08-16 18:12:20,428 - DEBUG - Joint score for alpha[9]: 0.1031
2025-08-16 18:12:23,940 - DEBUG - Joint score for alpha[10]: 0.1083
2025-08-16 18:12:27,451 - DEBUG - Joint score for alpha[11]: 0.1029
2025-08-16 18:12:30,963 - DEBUG - Joint score for alpha[12]: 0.1029
2025-08-16 18:12:34,476 - DEBUG - Joint score for alpha[13]: 0.1203
2025-08-16 18:12:37,987 - DEBUG - Joint score for alpha[14]: 0.1032
2025-08-16 18:12:41,500 - DEBUG - Joint score for alpha[15]: 0.1036
2025-08-16 18:12:48,393 - DEBUG - Joint score for alpha[0]: 0.1032
2025-08-16 18:12:51,909 - DEBUG - Joint score for alpha[1]: 0.1022
2025-08-16 18:12:55,420 - DEBUG - Joint score for alpha[2]: 0.1024
2025-08-16 18:12:58,931 - DEBUG - Joint score for alpha[3]: 0.1071
2025-08-16 18:13:02,442 - DEBUG - Joint score for alpha[4]: 0.1069
2025-08-16 18:13:05,953 - DEBUG - Joint score for alpha[5]: 0.1040
2025-08-16 18:13:09,464 - DEBUG - Joint score for alpha[6]: 0.1047
2025-08-16 18:13:12,974 - DEBUG - Joint score for alpha[7]: 0.1044
2025-08-16 18:13:16,485 - DEBUG - Joint score for alpha[8]: 0.1034
2025-08-16 18:13:19,998 - DEBUG - Joint score for alpha[9]: 0.1028
2025-08-16 18:13:23,508 - DEBUG - Joint score for alpha[10]: 0.1049
2025-08-16 18:13:27,019 - DEBUG - Joint score for alpha[11]: 0.1039
2025-08-16 18:13:30,531 - DEBUG - Joint score for alpha[12]: 0.1025
2025-08-16 18:13:34,042 - DEBUG - Joint score for alpha[13]: 0.1021
2025-08-16 18:13:37,553 - DEBUG - Joint score for alpha[14]: 0.1037
2025-08-16 18:13:41,065 - DEBUG - Joint score for alpha[15]: 0.1064
2025-08-16 18:13:47,895 - DEBUG - Joint score for alpha[0]: 0.1045
2025-08-16 18:13:51,409 - DEBUG - Joint score for alpha[1]: 0.1027
2025-08-16 18:13:54,920 - DEBUG - Joint score for alpha[2]: 0.1025
2025-08-16 18:13:58,431 - DEBUG - Joint score for alpha[3]: 0.1025
2025-08-16 18:14:01,939 - DEBUG - Joint score for alpha[4]: 0.1026
2025-08-16 18:14:05,448 - DEBUG - Joint score for alpha[5]: 0.1035
2025-08-16 18:14:08,956 - DEBUG - Joint score for alpha[6]: 0.1025
2025-08-16 18:14:12,464 - DEBUG - Joint score for alpha[7]: 0.1036
2025-08-16 18:14:15,973 - DEBUG - Joint score for alpha[8]: 0.1056
2025-08-16 18:14:19,482 - DEBUG - Joint score for alpha[9]: 0.1033
2025-08-16 18:14:22,989 - DEBUG - Joint score for alpha[10]: 0.1023
2025-08-16 18:14:26,497 - DEBUG - Joint score for alpha[11]: 0.1036
2025-08-16 18:14:30,006 - DEBUG - Joint score for alpha[12]: 0.1032
2025-08-16 18:14:33,515 - DEBUG - Joint score for alpha[13]: 0.1030
2025-08-16 18:14:37,024 - DEBUG - Joint score for alpha[14]: 0.1107
2025-08-16 18:14:40,533 - DEBUG - Joint score for alpha[15]: 0.1032
2025-08-16 18:14:47,349 - DEBUG - Joint score for alpha[0]: 0.1062
2025-08-16 18:14:50,864 - DEBUG - Joint score for alpha[1]: 0.1025
2025-08-16 18:14:54,376 - DEBUG - Joint score for alpha[2]: 0.1026
2025-08-16 18:14:57,887 - DEBUG - Joint score for alpha[3]: 0.1028
2025-08-16 18:15:01,398 - DEBUG - Joint score for alpha[4]: 0.1054
2025-08-16 18:15:04,911 - DEBUG - Joint score for alpha[5]: 0.1022
2025-08-16 18:15:08,423 - DEBUG - Joint score for alpha[6]: 0.1027
2025-08-16 18:15:11,935 - DEBUG - Joint score for alpha[7]: 0.1029
2025-08-16 18:15:15,446 - DEBUG - Joint score for alpha[8]: 0.1029
2025-08-16 18:15:18,956 - DEBUG - Joint score for alpha[9]: 0.1022
2025-08-16 18:15:22,464 - DEBUG - Joint score for alpha[10]: 0.1031
2025-08-16 18:15:25,972 - DEBUG - Joint score for alpha[11]: 0.1049
2025-08-16 18:15:29,482 - DEBUG - Joint score for alpha[12]: 0.1033
2025-08-16 18:15:32,991 - DEBUG - Joint score for alpha[13]: 0.1035
2025-08-16 18:15:36,500 - DEBUG - Joint score for alpha[14]: 0.1045
2025-08-16 18:15:40,010 - DEBUG - Joint score for alpha[15]: 0.1029
2025-08-16 18:15:40,055 - INFO - Step 113/120: mean CRPS=0.1023
2025-08-16 18:15:40,063 - DEBUG - Beginning Gibbs iteration s = 113
2025-08-16 18:15:48,347 - DEBUG - Joint score for alpha[0]: 0.1114
2025-08-16 18:15:51,862 - DEBUG - Joint score for alpha[1]: 0.1024
2025-08-16 18:15:55,372 - DEBUG - Joint score for alpha[2]: 0.1064
2025-08-16 18:15:58,883 - DEBUG - Joint score for alpha[3]: 0.1050
2025-08-16 18:16:02,394 - DEBUG - Joint score for alpha[4]: 0.1030
2025-08-16 18:16:05,906 - DEBUG - Joint score for alpha[5]: 0.1021
2025-08-16 18:16:09,417 - DEBUG - Joint score for alpha[6]: 0.1184
2025-08-16 18:16:12,927 - DEBUG - Joint score for alpha[7]: 0.1043
2025-08-16 18:16:16,439 - DEBUG - Joint score for alpha[8]: 0.1037
2025-08-16 18:16:19,951 - DEBUG - Joint score for alpha[9]: 0.1023
2025-08-16 18:16:23,461 - DEBUG - Joint score for alpha[10]: 0.1169
2025-08-16 18:16:26,973 - DEBUG - Joint score for alpha[11]: 0.1042
2025-08-16 18:16:30,485 - DEBUG - Joint score for alpha[12]: 0.1092
2025-08-16 18:16:33,998 - DEBUG - Joint score for alpha[13]: 0.1163
2025-08-16 18:16:37,509 - DEBUG - Joint score for alpha[14]: 0.1046
2025-08-16 18:16:41,021 - DEBUG - Joint score for alpha[15]: 0.1063
2025-08-16 18:16:47,775 - DEBUG - Joint score for alpha[0]: 0.1020
2025-08-16 18:16:51,292 - DEBUG - Joint score for alpha[1]: 0.1035
2025-08-16 18:16:54,804 - DEBUG - Joint score for alpha[2]: 0.1052
2025-08-16 18:16:58,318 - DEBUG - Joint score for alpha[3]: 0.1027
2025-08-16 18:17:01,830 - DEBUG - Joint score for alpha[4]: 0.1023
2025-08-16 18:17:05,343 - DEBUG - Joint score for alpha[5]: 0.1026
2025-08-16 18:17:08,856 - DEBUG - Joint score for alpha[6]: 0.1026
2025-08-16 18:17:12,368 - DEBUG - Joint score for alpha[7]: 0.1022
2025-08-16 18:17:15,882 - DEBUG - Joint score for alpha[8]: 0.1037
2025-08-16 18:17:19,396 - DEBUG - Joint score for alpha[9]: 0.1025
2025-08-16 18:17:22,908 - DEBUG - Joint score for alpha[10]: 0.1039
2025-08-16 18:17:26,421 - DEBUG - Joint score for alpha[11]: 0.1038
2025-08-16 18:17:29,936 - DEBUG - Joint score for alpha[12]: 0.1036
2025-08-16 18:17:33,450 - DEBUG - Joint score for alpha[13]: 0.1026
2025-08-16 18:17:36,963 - DEBUG - Joint score for alpha[14]: 0.1117
2025-08-16 18:17:40,477 - DEBUG - Joint score for alpha[15]: 0.1020
2025-08-16 18:17:47,146 - DEBUG - Joint score for alpha[0]: 0.1017
2025-08-16 18:17:50,663 - DEBUG - Joint score for alpha[1]: 0.1030
2025-08-16 18:17:54,174 - DEBUG - Joint score for alpha[2]: 0.1022
2025-08-16 18:17:57,688 - DEBUG - Joint score for alpha[3]: 0.1018
2025-08-16 18:18:01,198 - DEBUG - Joint score for alpha[4]: 0.1029
2025-08-16 18:18:04,709 - DEBUG - Joint score for alpha[5]: 0.1030
2025-08-16 18:18:08,219 - DEBUG - Joint score for alpha[6]: 0.1023
2025-08-16 18:18:11,729 - DEBUG - Joint score for alpha[7]: 0.1028
2025-08-16 18:18:15,240 - DEBUG - Joint score for alpha[8]: 0.1055
2025-08-16 18:18:18,752 - DEBUG - Joint score for alpha[9]: 0.1023
2025-08-16 18:18:22,263 - DEBUG - Joint score for alpha[10]: 0.1022
2025-08-16 18:18:25,774 - DEBUG - Joint score for alpha[11]: 0.1017
2025-08-16 18:18:29,287 - DEBUG - Joint score for alpha[12]: 0.1023
2025-08-16 18:18:32,798 - DEBUG - Joint score for alpha[13]: 0.1026
2025-08-16 18:18:36,310 - DEBUG - Joint score for alpha[14]: 0.1029
2025-08-16 18:18:39,821 - DEBUG - Joint score for alpha[15]: 0.1037
2025-08-16 18:18:46,638 - DEBUG - Joint score for alpha[0]: 0.1038
2025-08-16 18:18:50,151 - DEBUG - Joint score for alpha[1]: 0.1025
2025-08-16 18:18:53,660 - DEBUG - Joint score for alpha[2]: 0.1023
2025-08-16 18:18:57,170 - DEBUG - Joint score for alpha[3]: 0.1052
2025-08-16 18:19:00,679 - DEBUG - Joint score for alpha[4]: 0.1023
2025-08-16 18:19:04,190 - DEBUG - Joint score for alpha[5]: 0.1020
2025-08-16 18:19:07,699 - DEBUG - Joint score for alpha[6]: 0.1041
2025-08-16 18:19:11,209 - DEBUG - Joint score for alpha[7]: 0.1019
2025-08-16 18:19:14,720 - DEBUG - Joint score for alpha[8]: 0.1019
2025-08-16 18:19:18,232 - DEBUG - Joint score for alpha[9]: 0.1020
2025-08-16 18:19:21,742 - DEBUG - Joint score for alpha[10]: 0.1037
2025-08-16 18:19:25,254 - DEBUG - Joint score for alpha[11]: 0.1021
2025-08-16 18:19:28,766 - DEBUG - Joint score for alpha[12]: 0.1027
2025-08-16 18:19:32,277 - DEBUG - Joint score for alpha[13]: 0.1018
2025-08-16 18:19:35,786 - DEBUG - Joint score for alpha[14]: 0.1041
2025-08-16 18:19:39,295 - DEBUG - Joint score for alpha[15]: 0.1022
2025-08-16 18:19:46,198 - DEBUG - Joint score for alpha[0]: 0.1060
2025-08-16 18:19:49,711 - DEBUG - Joint score for alpha[1]: 0.1030
2025-08-16 18:19:53,219 - DEBUG - Joint score for alpha[2]: 0.1025
2025-08-16 18:19:56,729 - DEBUG - Joint score for alpha[3]: 0.1058
2025-08-16 18:20:00,238 - DEBUG - Joint score for alpha[4]: 0.1026
2025-08-16 18:20:03,747 - DEBUG - Joint score for alpha[5]: 0.1022
2025-08-16 18:20:07,255 - DEBUG - Joint score for alpha[6]: 0.1045
2025-08-16 18:20:10,764 - DEBUG - Joint score for alpha[7]: 0.1067
2025-08-16 18:20:14,271 - DEBUG - Joint score for alpha[8]: 0.1019
2025-08-16 18:20:17,779 - DEBUG - Joint score for alpha[9]: 0.1031
2025-08-16 18:20:21,287 - DEBUG - Joint score for alpha[10]: 0.1033
2025-08-16 18:20:24,796 - DEBUG - Joint score for alpha[11]: 0.1020
2025-08-16 18:20:28,303 - DEBUG - Joint score for alpha[12]: 0.1022
2025-08-16 18:20:31,813 - DEBUG - Joint score for alpha[13]: 0.1022
2025-08-16 18:20:35,320 - DEBUG - Joint score for alpha[14]: 0.1023
2025-08-16 18:20:38,829 - DEBUG - Joint score for alpha[15]: 0.1022
2025-08-16 18:20:38,873 - INFO - Step 114/120: mean CRPS=0.1019
2025-08-16 18:20:38,880 - DEBUG - Beginning Gibbs iteration s = 114
2025-08-16 18:20:46,738 - DEBUG - Joint score for alpha[0]: 0.1071
2025-08-16 18:20:50,253 - DEBUG - Joint score for alpha[1]: 0.1065
2025-08-16 18:20:53,762 - DEBUG - Joint score for alpha[2]: 0.1129
2025-08-16 18:20:57,270 - DEBUG - Joint score for alpha[3]: 0.1025
2025-08-16 18:21:00,781 - DEBUG - Joint score for alpha[4]: 0.1021
2025-08-16 18:21:04,291 - DEBUG - Joint score for alpha[5]: 0.1097
2025-08-16 18:21:07,802 - DEBUG - Joint score for alpha[6]: 0.1067
2025-08-16 18:21:11,311 - DEBUG - Joint score for alpha[7]: 0.1214
2025-08-16 18:21:14,822 - DEBUG - Joint score for alpha[8]: 0.1036
2025-08-16 18:21:18,331 - DEBUG - Joint score for alpha[9]: 0.1123
2025-08-16 18:21:21,839 - DEBUG - Joint score for alpha[10]: 0.1054
2025-08-16 18:21:25,349 - DEBUG - Joint score for alpha[11]: 0.1052
2025-08-16 18:21:28,860 - DEBUG - Joint score for alpha[12]: 0.1020
2025-08-16 18:21:32,370 - DEBUG - Joint score for alpha[13]: 0.1174
2025-08-16 18:21:35,880 - DEBUG - Joint score for alpha[14]: 0.1040
2025-08-16 18:21:39,391 - DEBUG - Joint score for alpha[15]: 0.1134
2025-08-16 18:21:46,307 - DEBUG - Joint score for alpha[0]: 0.1181
2025-08-16 18:21:49,822 - DEBUG - Joint score for alpha[1]: 0.1036
2025-08-16 18:21:53,332 - DEBUG - Joint score for alpha[2]: 0.1029
2025-08-16 18:21:56,844 - DEBUG - Joint score for alpha[3]: 0.1035
2025-08-16 18:22:00,356 - DEBUG - Joint score for alpha[4]: 0.1059
2025-08-16 18:22:03,868 - DEBUG - Joint score for alpha[5]: 0.1053
2025-08-16 18:22:07,381 - DEBUG - Joint score for alpha[6]: 0.1033
2025-08-16 18:22:10,892 - DEBUG - Joint score for alpha[7]: 0.1025
2025-08-16 18:22:14,403 - DEBUG - Joint score for alpha[8]: 0.1049
2025-08-16 18:22:17,915 - DEBUG - Joint score for alpha[9]: 0.1019
2025-08-16 18:22:21,425 - DEBUG - Joint score for alpha[10]: 0.1025
2025-08-16 18:22:24,937 - DEBUG - Joint score for alpha[11]: 0.1033
2025-08-16 18:22:28,450 - DEBUG - Joint score for alpha[12]: 0.1061
2025-08-16 18:22:31,962 - DEBUG - Joint score for alpha[13]: 0.1056
2025-08-16 18:22:35,473 - DEBUG - Joint score for alpha[14]: 0.1020
2025-08-16 18:22:38,985 - DEBUG - Joint score for alpha[15]: 0.1020
2025-08-16 18:22:45,714 - DEBUG - Joint score for alpha[0]: 0.1027
2025-08-16 18:22:49,227 - DEBUG - Joint score for alpha[1]: 0.1024
2025-08-16 18:22:52,736 - DEBUG - Joint score for alpha[2]: 0.1028
2025-08-16 18:22:56,246 - DEBUG - Joint score for alpha[3]: 0.1026
2025-08-16 18:22:59,756 - DEBUG - Joint score for alpha[4]: 0.1026
2025-08-16 18:23:03,266 - DEBUG - Joint score for alpha[5]: 0.1030
2025-08-16 18:23:06,777 - DEBUG - Joint score for alpha[6]: 0.1024
2025-08-16 18:23:10,287 - DEBUG - Joint score for alpha[7]: 0.1033
2025-08-16 18:23:13,797 - DEBUG - Joint score for alpha[8]: 0.1024
2025-08-16 18:23:17,308 - DEBUG - Joint score for alpha[9]: 0.1040
2025-08-16 18:23:20,817 - DEBUG - Joint score for alpha[10]: 0.1024
2025-08-16 18:23:24,327 - DEBUG - Joint score for alpha[11]: 0.1022
2025-08-16 18:23:27,839 - DEBUG - Joint score for alpha[12]: 0.1140
2025-08-16 18:23:31,350 - DEBUG - Joint score for alpha[13]: 0.1022
2025-08-16 18:23:34,862 - DEBUG - Joint score for alpha[14]: 0.1020
2025-08-16 18:23:38,375 - DEBUG - Joint score for alpha[15]: 0.1026
2025-08-16 18:23:45,108 - DEBUG - Joint score for alpha[0]: 0.1025
2025-08-16 18:23:48,623 - DEBUG - Joint score for alpha[1]: 0.1030
2025-08-16 18:23:52,134 - DEBUG - Joint score for alpha[2]: 0.1039
2025-08-16 18:23:55,647 - DEBUG - Joint score for alpha[3]: 0.1024
2025-08-16 18:23:59,159 - DEBUG - Joint score for alpha[4]: 0.1037
2025-08-16 18:24:02,673 - DEBUG - Joint score for alpha[5]: 0.1032
2025-08-16 18:24:06,185 - DEBUG - Joint score for alpha[6]: 0.1026
2025-08-16 18:24:09,696 - DEBUG - Joint score for alpha[7]: 0.1021
2025-08-16 18:24:13,210 - DEBUG - Joint score for alpha[8]: 0.1032
2025-08-16 18:24:16,723 - DEBUG - Joint score for alpha[9]: 0.1046
2025-08-16 18:24:20,235 - DEBUG - Joint score for alpha[10]: 0.1042
2025-08-16 18:24:23,746 - DEBUG - Joint score for alpha[11]: 0.1039
2025-08-16 18:24:27,259 - DEBUG - Joint score for alpha[12]: 0.1023
2025-08-16 18:24:30,773 - DEBUG - Joint score for alpha[13]: 0.1053
2025-08-16 18:24:34,286 - DEBUG - Joint score for alpha[14]: 0.1024
2025-08-16 18:24:37,799 - DEBUG - Joint score for alpha[15]: 0.1085
2025-08-16 18:24:44,512 - DEBUG - Joint score for alpha[0]: 0.1020
2025-08-16 18:24:48,028 - DEBUG - Joint score for alpha[1]: 0.1030
2025-08-16 18:24:51,541 - DEBUG - Joint score for alpha[2]: 0.1016
2025-08-16 18:24:55,055 - DEBUG - Joint score for alpha[3]: 0.1038
2025-08-16 18:24:58,567 - DEBUG - Joint score for alpha[4]: 0.1036
2025-08-16 18:25:02,081 - DEBUG - Joint score for alpha[5]: 0.1024
2025-08-16 18:25:05,594 - DEBUG - Joint score for alpha[6]: 0.1035
2025-08-16 18:25:09,106 - DEBUG - Joint score for alpha[7]: 0.1023
2025-08-16 18:25:12,618 - DEBUG - Joint score for alpha[8]: 0.1020
2025-08-16 18:25:16,131 - DEBUG - Joint score for alpha[9]: 0.1036
2025-08-16 18:25:19,639 - DEBUG - Joint score for alpha[10]: 0.1022
2025-08-16 18:25:23,150 - DEBUG - Joint score for alpha[11]: 0.1037
2025-08-16 18:25:26,662 - DEBUG - Joint score for alpha[12]: 0.1069
2025-08-16 18:25:30,173 - DEBUG - Joint score for alpha[13]: 0.1044
2025-08-16 18:25:33,683 - DEBUG - Joint score for alpha[14]: 0.1057
2025-08-16 18:25:37,195 - DEBUG - Joint score for alpha[15]: 0.1027
2025-08-16 18:25:37,239 - INFO - Step 115/120: mean CRPS=0.1019
2025-08-16 18:25:37,247 - DEBUG - Beginning Gibbs iteration s = 115
2025-08-16 18:25:45,603 - DEBUG - Joint score for alpha[0]: 0.1056
2025-08-16 18:25:49,116 - DEBUG - Joint score for alpha[1]: 0.1144
2025-08-16 18:25:52,626 - DEBUG - Joint score for alpha[2]: 0.1039
2025-08-16 18:25:56,136 - DEBUG - Joint score for alpha[3]: 0.1161
2025-08-16 18:25:59,646 - DEBUG - Joint score for alpha[4]: 0.1214
2025-08-16 18:26:03,157 - DEBUG - Joint score for alpha[5]: 0.1093
2025-08-16 18:26:06,667 - DEBUG - Joint score for alpha[6]: 0.1056
2025-08-16 18:26:10,178 - DEBUG - Joint score for alpha[7]: 0.1020
2025-08-16 18:26:13,689 - DEBUG - Joint score for alpha[8]: 0.1038
2025-08-16 18:26:17,200 - DEBUG - Joint score for alpha[9]: 0.1345
2025-08-16 18:26:20,710 - DEBUG - Joint score for alpha[10]: 0.1064
2025-08-16 18:26:24,222 - DEBUG - Joint score for alpha[11]: 0.1050
2025-08-16 18:26:27,734 - DEBUG - Joint score for alpha[12]: 0.1096
2025-08-16 18:26:31,246 - DEBUG - Joint score for alpha[13]: 0.1050
2025-08-16 18:26:34,756 - DEBUG - Joint score for alpha[14]: 0.1088
2025-08-16 18:26:38,268 - DEBUG - Joint score for alpha[15]: 0.1018
2025-08-16 18:26:45,056 - DEBUG - Joint score for alpha[0]: 0.1057
2025-08-16 18:26:48,569 - DEBUG - Joint score for alpha[1]: 0.1036
2025-08-16 18:26:52,079 - DEBUG - Joint score for alpha[2]: 0.1048
2025-08-16 18:26:55,589 - DEBUG - Joint score for alpha[3]: 0.1058
2025-08-16 18:26:59,099 - DEBUG - Joint score for alpha[4]: 0.1022
2025-08-16 18:27:02,610 - DEBUG - Joint score for alpha[5]: 0.1032
2025-08-16 18:27:06,119 - DEBUG - Joint score for alpha[6]: 0.1072
2025-08-16 18:27:09,630 - DEBUG - Joint score for alpha[7]: 0.1039
2025-08-16 18:27:13,140 - DEBUG - Joint score for alpha[8]: 0.1030
2025-08-16 18:27:16,651 - DEBUG - Joint score for alpha[9]: 0.1048
2025-08-16 18:27:20,160 - DEBUG - Joint score for alpha[10]: 0.1019
2025-08-16 18:27:23,671 - DEBUG - Joint score for alpha[11]: 0.1026
2025-08-16 18:27:27,182 - DEBUG - Joint score for alpha[12]: 0.1045
2025-08-16 18:27:30,694 - DEBUG - Joint score for alpha[13]: 0.1050
2025-08-16 18:27:34,205 - DEBUG - Joint score for alpha[14]: 0.1073
2025-08-16 18:27:37,717 - DEBUG - Joint score for alpha[15]: 0.1030
2025-08-16 18:27:44,540 - DEBUG - Joint score for alpha[0]: 0.1023
2025-08-16 18:27:48,054 - DEBUG - Joint score for alpha[1]: 0.1021
2025-08-16 18:27:51,564 - DEBUG - Joint score for alpha[2]: 0.1027
2025-08-16 18:27:55,075 - DEBUG - Joint score for alpha[3]: 0.1024
2025-08-16 18:27:58,586 - DEBUG - Joint score for alpha[4]: 0.1022
2025-08-16 18:28:02,097 - DEBUG - Joint score for alpha[5]: 0.1015
2025-08-16 18:28:05,608 - DEBUG - Joint score for alpha[6]: 0.1021
2025-08-16 18:28:09,118 - DEBUG - Joint score for alpha[7]: 0.1017
2025-08-16 18:28:12,630 - DEBUG - Joint score for alpha[8]: 0.1030
2025-08-16 18:28:16,141 - DEBUG - Joint score for alpha[9]: 0.1025
2025-08-16 18:28:19,652 - DEBUG - Joint score for alpha[10]: 0.1021
2025-08-16 18:28:23,163 - DEBUG - Joint score for alpha[11]: 0.1055
2025-08-16 18:28:26,676 - DEBUG - Joint score for alpha[12]: 0.1083
2025-08-16 18:28:30,188 - DEBUG - Joint score for alpha[13]: 0.1073
2025-08-16 18:28:33,700 - DEBUG - Joint score for alpha[14]: 0.1035
2025-08-16 18:28:37,213 - DEBUG - Joint score for alpha[15]: 0.1023
2025-08-16 18:28:43,932 - DEBUG - Joint score for alpha[0]: 0.1024
2025-08-16 18:28:47,447 - DEBUG - Joint score for alpha[1]: 0.1045
2025-08-16 18:28:50,959 - DEBUG - Joint score for alpha[2]: 0.1029
2025-08-16 18:28:54,470 - DEBUG - Joint score for alpha[3]: 0.1020
2025-08-16 18:28:57,983 - DEBUG - Joint score for alpha[4]: 0.1022
2025-08-16 18:29:01,498 - DEBUG - Joint score for alpha[5]: 0.1028
2025-08-16 18:29:05,011 - DEBUG - Joint score for alpha[6]: 0.1026
2025-08-16 18:29:08,525 - DEBUG - Joint score for alpha[7]: 0.1040
2025-08-16 18:29:12,039 - DEBUG - Joint score for alpha[8]: 0.1029
2025-08-16 18:29:15,554 - DEBUG - Joint score for alpha[9]: 0.1022
2025-08-16 18:29:19,066 - DEBUG - Joint score for alpha[10]: 0.1035
2025-08-16 18:29:22,581 - DEBUG - Joint score for alpha[11]: 0.1048
2025-08-16 18:29:26,095 - DEBUG - Joint score for alpha[12]: 0.1022
2025-08-16 18:29:29,610 - DEBUG - Joint score for alpha[13]: 0.1047
2025-08-16 18:29:33,124 - DEBUG - Joint score for alpha[14]: 0.1021
2025-08-16 18:29:36,640 - DEBUG - Joint score for alpha[15]: 0.1023
2025-08-16 18:29:43,297 - DEBUG - Joint score for alpha[0]: 0.1051
2025-08-16 18:29:46,814 - DEBUG - Joint score for alpha[1]: 0.1030
2025-08-16 18:29:50,328 - DEBUG - Joint score for alpha[2]: 0.1043
2025-08-16 18:29:53,842 - DEBUG - Joint score for alpha[3]: 0.1031
2025-08-16 18:29:57,354 - DEBUG - Joint score for alpha[4]: 0.1033
2025-08-16 18:30:00,867 - DEBUG - Joint score for alpha[5]: 0.1048
2025-08-16 18:30:04,380 - DEBUG - Joint score for alpha[6]: 0.1026
2025-08-16 18:30:07,893 - DEBUG - Joint score for alpha[7]: 0.1039
2025-08-16 18:30:11,408 - DEBUG - Joint score for alpha[8]: 0.1017
2025-08-16 18:30:14,922 - DEBUG - Joint score for alpha[9]: 0.1042
2025-08-16 18:30:18,434 - DEBUG - Joint score for alpha[10]: 0.1031
2025-08-16 18:30:21,947 - DEBUG - Joint score for alpha[11]: 0.1053
2025-08-16 18:30:25,460 - DEBUG - Joint score for alpha[12]: 0.1023
2025-08-16 18:30:28,973 - DEBUG - Joint score for alpha[13]: 0.1029
2025-08-16 18:30:32,485 - DEBUG - Joint score for alpha[14]: 0.1034
2025-08-16 18:30:35,999 - DEBUG - Joint score for alpha[15]: 0.1035
2025-08-16 18:30:36,044 - INFO - Step 116/120: mean CRPS=0.1018
2025-08-16 18:30:36,051 - DEBUG - Beginning Gibbs iteration s = 116
2025-08-16 18:30:43,766 - DEBUG - Joint score for alpha[0]: 0.1037
2025-08-16 18:30:47,279 - DEBUG - Joint score for alpha[1]: 0.1020
2025-08-16 18:30:50,787 - DEBUG - Joint score for alpha[2]: 0.1172
2025-08-16 18:30:54,298 - DEBUG - Joint score for alpha[3]: 0.1033
2025-08-16 18:30:57,806 - DEBUG - Joint score for alpha[4]: 0.1209
2025-08-16 18:31:01,317 - DEBUG - Joint score for alpha[5]: 0.1141
2025-08-16 18:31:04,827 - DEBUG - Joint score for alpha[6]: 0.1127
2025-08-16 18:31:08,336 - DEBUG - Joint score for alpha[7]: 0.1020
2025-08-16 18:31:11,845 - DEBUG - Joint score for alpha[8]: 0.1115
2025-08-16 18:31:15,355 - DEBUG - Joint score for alpha[9]: 0.1074
2025-08-16 18:31:18,866 - DEBUG - Joint score for alpha[10]: 0.1022
2025-08-16 18:31:22,376 - DEBUG - Joint score for alpha[11]: 0.1212
2025-08-16 18:31:25,886 - DEBUG - Joint score for alpha[12]: 0.1275
2025-08-16 18:31:29,397 - DEBUG - Joint score for alpha[13]: 0.1212
2025-08-16 18:31:32,907 - DEBUG - Joint score for alpha[14]: 0.1082
2025-08-16 18:31:36,418 - DEBUG - Joint score for alpha[15]: 0.1139
2025-08-16 18:31:43,270 - DEBUG - Joint score for alpha[0]: 0.1021
2025-08-16 18:31:46,784 - DEBUG - Joint score for alpha[1]: 0.1020
2025-08-16 18:31:50,293 - DEBUG - Joint score for alpha[2]: 0.1022
2025-08-16 18:31:53,804 - DEBUG - Joint score for alpha[3]: 0.1041
2025-08-16 18:31:57,315 - DEBUG - Joint score for alpha[4]: 0.1023
2025-08-16 18:32:00,826 - DEBUG - Joint score for alpha[5]: 0.1125
2025-08-16 18:32:04,338 - DEBUG - Joint score for alpha[6]: 0.1021
2025-08-16 18:32:07,849 - DEBUG - Joint score for alpha[7]: 0.1051
2025-08-16 18:32:11,361 - DEBUG - Joint score for alpha[8]: 0.1025
2025-08-16 18:32:14,873 - DEBUG - Joint score for alpha[9]: 0.1065
2025-08-16 18:32:18,385 - DEBUG - Joint score for alpha[10]: 0.1033
2025-08-16 18:32:21,895 - DEBUG - Joint score for alpha[11]: 0.1027
2025-08-16 18:32:25,406 - DEBUG - Joint score for alpha[12]: 0.1056
2025-08-16 18:32:28,917 - DEBUG - Joint score for alpha[13]: 0.1025
2025-08-16 18:32:32,427 - DEBUG - Joint score for alpha[14]: 0.1193
2025-08-16 18:32:35,938 - DEBUG - Joint score for alpha[15]: 0.1018
2025-08-16 18:32:42,801 - DEBUG - Joint score for alpha[0]: 0.1023
2025-08-16 18:32:46,317 - DEBUG - Joint score for alpha[1]: 0.1041
2025-08-16 18:32:49,829 - DEBUG - Joint score for alpha[2]: 0.1037
2025-08-16 18:32:53,341 - DEBUG - Joint score for alpha[3]: 0.1065
2025-08-16 18:32:56,852 - DEBUG - Joint score for alpha[4]: 0.1024
2025-08-16 18:33:00,362 - DEBUG - Joint score for alpha[5]: 0.1060
2025-08-16 18:33:03,871 - DEBUG - Joint score for alpha[6]: 0.1018
2025-08-16 18:33:07,381 - DEBUG - Joint score for alpha[7]: 0.1030
2025-08-16 18:33:10,892 - DEBUG - Joint score for alpha[8]: 0.1039
2025-08-16 18:33:14,403 - DEBUG - Joint score for alpha[9]: 0.1041
2025-08-16 18:33:17,914 - DEBUG - Joint score for alpha[10]: 0.1021
2025-08-16 18:33:21,424 - DEBUG - Joint score for alpha[11]: 0.1035
2025-08-16 18:33:24,936 - DEBUG - Joint score for alpha[12]: 0.1033
2025-08-16 18:33:28,448 - DEBUG - Joint score for alpha[13]: 0.1023
2025-08-16 18:33:31,958 - DEBUG - Joint score for alpha[14]: 0.1023
2025-08-16 18:33:35,470 - DEBUG - Joint score for alpha[15]: 0.1024
2025-08-16 18:33:42,438 - DEBUG - Joint score for alpha[0]: 0.1026
2025-08-16 18:33:45,952 - DEBUG - Joint score for alpha[1]: 0.1030
2025-08-16 18:33:49,462 - DEBUG - Joint score for alpha[2]: 0.1029
2025-08-16 18:33:52,973 - DEBUG - Joint score for alpha[3]: 0.1027
2025-08-16 18:33:56,483 - DEBUG - Joint score for alpha[4]: 0.1041
2025-08-16 18:33:59,994 - DEBUG - Joint score for alpha[5]: 0.1027
2025-08-16 18:34:03,504 - DEBUG - Joint score for alpha[6]: 0.1021
2025-08-16 18:34:07,014 - DEBUG - Joint score for alpha[7]: 0.1034
2025-08-16 18:34:10,524 - DEBUG - Joint score for alpha[8]: 0.1104
2025-08-16 18:34:14,034 - DEBUG - Joint score for alpha[9]: 0.1066
2025-08-16 18:34:17,542 - DEBUG - Joint score for alpha[10]: 0.1019
2025-08-16 18:34:21,051 - DEBUG - Joint score for alpha[11]: 0.1159
2025-08-16 18:34:24,561 - DEBUG - Joint score for alpha[12]: 0.1019
2025-08-16 18:34:28,072 - DEBUG - Joint score for alpha[13]: 0.1021
2025-08-16 18:34:31,581 - DEBUG - Joint score for alpha[14]: 0.1057
2025-08-16 18:34:35,092 - DEBUG - Joint score for alpha[15]: 0.1019
2025-08-16 18:34:41,829 - DEBUG - Joint score for alpha[0]: 0.1042
2025-08-16 18:34:45,344 - DEBUG - Joint score for alpha[1]: 0.1024
2025-08-16 18:34:48,857 - DEBUG - Joint score for alpha[2]: 0.1045
2025-08-16 18:34:52,372 - DEBUG - Joint score for alpha[3]: 0.1023
2025-08-16 18:34:55,886 - DEBUG - Joint score for alpha[4]: 0.1058
2025-08-16 18:34:59,399 - DEBUG - Joint score for alpha[5]: 0.1060
2025-08-16 18:35:02,912 - DEBUG - Joint score for alpha[6]: 0.1032
2025-08-16 18:35:06,426 - DEBUG - Joint score for alpha[7]: 0.1046
2025-08-16 18:35:09,938 - DEBUG - Joint score for alpha[8]: 0.1147
2025-08-16 18:35:13,451 - DEBUG - Joint score for alpha[9]: 0.1045
2025-08-16 18:35:16,963 - DEBUG - Joint score for alpha[10]: 0.1026
2025-08-16 18:35:20,475 - DEBUG - Joint score for alpha[11]: 0.1026
2025-08-16 18:35:23,988 - DEBUG - Joint score for alpha[12]: 0.1041
2025-08-16 18:35:27,501 - DEBUG - Joint score for alpha[13]: 0.1061
2025-08-16 18:35:31,014 - DEBUG - Joint score for alpha[14]: 0.1045
2025-08-16 18:35:34,527 - DEBUG - Joint score for alpha[15]: 0.1036
2025-08-16 18:35:34,572 - INFO - Step 117/120: mean CRPS=0.1020
2025-08-16 18:35:34,578 - DEBUG - Beginning Gibbs iteration s = 117
2025-08-16 18:35:43,326 - DEBUG - Joint score for alpha[0]: 0.1033
2025-08-16 18:35:46,842 - DEBUG - Joint score for alpha[1]: 0.1075
2025-08-16 18:35:50,353 - DEBUG - Joint score for alpha[2]: 0.1140
2025-08-16 18:35:53,866 - DEBUG - Joint score for alpha[3]: 0.1060
2025-08-16 18:35:57,378 - DEBUG - Joint score for alpha[4]: 0.1224
2025-08-16 18:36:00,892 - DEBUG - Joint score for alpha[5]: 0.1041
2025-08-16 18:36:04,405 - DEBUG - Joint score for alpha[6]: 0.1187
2025-08-16 18:36:07,918 - DEBUG - Joint score for alpha[7]: 0.1189
2025-08-16 18:36:11,432 - DEBUG - Joint score for alpha[8]: 0.1101
2025-08-16 18:36:14,945 - DEBUG - Joint score for alpha[9]: 0.1100
2025-08-16 18:36:18,459 - DEBUG - Joint score for alpha[10]: 0.1439
2025-08-16 18:36:21,973 - DEBUG - Joint score for alpha[11]: 0.1104
2025-08-16 18:36:25,487 - DEBUG - Joint score for alpha[12]: 0.1116
2025-08-16 18:36:29,001 - DEBUG - Joint score for alpha[13]: 0.1033
2025-08-16 18:36:32,512 - DEBUG - Joint score for alpha[14]: 0.1127
2025-08-16 18:36:36,024 - DEBUG - Joint score for alpha[15]: 0.1030
2025-08-16 18:36:42,729 - DEBUG - Joint score for alpha[0]: 0.1031
2025-08-16 18:36:46,243 - DEBUG - Joint score for alpha[1]: 0.1079
2025-08-16 18:36:49,752 - DEBUG - Joint score for alpha[2]: 0.1052
2025-08-16 18:36:53,263 - DEBUG - Joint score for alpha[3]: 0.1042
2025-08-16 18:36:56,773 - DEBUG - Joint score for alpha[4]: 0.1050
2025-08-16 18:37:00,285 - DEBUG - Joint score for alpha[5]: 0.1035
2025-08-16 18:37:03,795 - DEBUG - Joint score for alpha[6]: 0.1110
2025-08-16 18:37:07,306 - DEBUG - Joint score for alpha[7]: 0.1030
2025-08-16 18:37:10,817 - DEBUG - Joint score for alpha[8]: 0.1035
2025-08-16 18:37:14,329 - DEBUG - Joint score for alpha[9]: 0.1033
2025-08-16 18:37:17,839 - DEBUG - Joint score for alpha[10]: 0.1116
2025-08-16 18:37:21,351 - DEBUG - Joint score for alpha[11]: 0.1051
2025-08-16 18:37:24,863 - DEBUG - Joint score for alpha[12]: 0.1079
2025-08-16 18:37:28,375 - DEBUG - Joint score for alpha[13]: 0.1063
2025-08-16 18:37:31,885 - DEBUG - Joint score for alpha[14]: 0.1053
2025-08-16 18:37:35,397 - DEBUG - Joint score for alpha[15]: 0.1037
2025-08-16 18:37:42,167 - DEBUG - Joint score for alpha[0]: 0.1032
2025-08-16 18:37:45,680 - DEBUG - Joint score for alpha[1]: 0.1030
2025-08-16 18:37:49,190 - DEBUG - Joint score for alpha[2]: 0.1033
2025-08-16 18:37:52,701 - DEBUG - Joint score for alpha[3]: 0.1068
2025-08-16 18:37:56,213 - DEBUG - Joint score for alpha[4]: 0.1033
2025-08-16 18:37:59,725 - DEBUG - Joint score for alpha[5]: 0.1027
2025-08-16 18:38:03,235 - DEBUG - Joint score for alpha[6]: 0.1046
2025-08-16 18:38:06,746 - DEBUG - Joint score for alpha[7]: 0.1032
2025-08-16 18:38:10,258 - DEBUG - Joint score for alpha[8]: 0.1048
2025-08-16 18:38:13,770 - DEBUG - Joint score for alpha[9]: 0.1028
2025-08-16 18:38:17,280 - DEBUG - Joint score for alpha[10]: 0.1073
2025-08-16 18:38:20,792 - DEBUG - Joint score for alpha[11]: 0.1027
2025-08-16 18:38:24,304 - DEBUG - Joint score for alpha[12]: 0.1030
2025-08-16 18:38:27,816 - DEBUG - Joint score for alpha[13]: 0.1029
2025-08-16 18:38:31,327 - DEBUG - Joint score for alpha[14]: 0.1040
2025-08-16 18:38:34,840 - DEBUG - Joint score for alpha[15]: 0.1033
2025-08-16 18:38:41,762 - DEBUG - Joint score for alpha[0]: 0.1044
2025-08-16 18:38:45,276 - DEBUG - Joint score for alpha[1]: 0.1028
2025-08-16 18:38:48,786 - DEBUG - Joint score for alpha[2]: 0.1024
2025-08-16 18:38:52,296 - DEBUG - Joint score for alpha[3]: 0.1039
2025-08-16 18:38:55,807 - DEBUG - Joint score for alpha[4]: 0.1027
2025-08-16 18:38:59,318 - DEBUG - Joint score for alpha[5]: 0.1048
2025-08-16 18:39:02,829 - DEBUG - Joint score for alpha[6]: 0.1035
2025-08-16 18:39:06,340 - DEBUG - Joint score for alpha[7]: 0.1041
2025-08-16 18:39:09,851 - DEBUG - Joint score for alpha[8]: 0.1028
2025-08-16 18:39:13,363 - DEBUG - Joint score for alpha[9]: 0.1042
2025-08-16 18:39:16,873 - DEBUG - Joint score for alpha[10]: 0.1028
2025-08-16 18:39:20,384 - DEBUG - Joint score for alpha[11]: 0.1043
2025-08-16 18:39:23,895 - DEBUG - Joint score for alpha[12]: 0.1027
2025-08-16 18:39:27,407 - DEBUG - Joint score for alpha[13]: 0.1032
2025-08-16 18:39:30,917 - DEBUG - Joint score for alpha[14]: 0.1066
2025-08-16 18:39:34,429 - DEBUG - Joint score for alpha[15]: 0.1050
2025-08-16 18:39:41,332 - DEBUG - Joint score for alpha[0]: 0.1046
2025-08-16 18:39:44,846 - DEBUG - Joint score for alpha[1]: 0.1059
2025-08-16 18:39:48,357 - DEBUG - Joint score for alpha[2]: 0.1036
2025-08-16 18:39:51,869 - DEBUG - Joint score for alpha[3]: 0.1034
2025-08-16 18:39:55,380 - DEBUG - Joint score for alpha[4]: 0.1028
2025-08-16 18:39:58,893 - DEBUG - Joint score for alpha[5]: 0.1030
2025-08-16 18:40:02,408 - DEBUG - Joint score for alpha[6]: 0.1036
2025-08-16 18:40:05,919 - DEBUG - Joint score for alpha[7]: 0.1041
2025-08-16 18:40:09,430 - DEBUG - Joint score for alpha[8]: 0.1029
2025-08-16 18:40:12,942 - DEBUG - Joint score for alpha[9]: 0.1033
2025-08-16 18:40:16,452 - DEBUG - Joint score for alpha[10]: 0.1032
2025-08-16 18:40:19,963 - DEBUG - Joint score for alpha[11]: 0.1037
2025-08-16 18:40:23,476 - DEBUG - Joint score for alpha[12]: 0.1032
2025-08-16 18:40:26,987 - DEBUG - Joint score for alpha[13]: 0.1092
2025-08-16 18:40:30,499 - DEBUG - Joint score for alpha[14]: 0.1034
2025-08-16 18:40:34,010 - DEBUG - Joint score for alpha[15]: 0.1032
2025-08-16 18:40:34,054 - INFO - Step 118/120: mean CRPS=0.1028
2025-08-16 18:40:34,062 - DEBUG - Beginning Gibbs iteration s = 118
2025-08-16 18:40:42,011 - DEBUG - Joint score for alpha[0]: 0.1404
2025-08-16 18:40:45,525 - DEBUG - Joint score for alpha[1]: 0.1136
2025-08-16 18:40:49,035 - DEBUG - Joint score for alpha[2]: 0.1021
2025-08-16 18:40:52,545 - DEBUG - Joint score for alpha[3]: 0.1039
2025-08-16 18:40:56,056 - DEBUG - Joint score for alpha[4]: 0.1105
2025-08-16 18:40:59,568 - DEBUG - Joint score for alpha[5]: 0.1169
2025-08-16 18:41:03,080 - DEBUG - Joint score for alpha[6]: 0.1371
2025-08-16 18:41:06,592 - DEBUG - Joint score for alpha[7]: 0.1023
2025-08-16 18:41:10,105 - DEBUG - Joint score for alpha[8]: 0.1046
2025-08-16 18:41:13,619 - DEBUG - Joint score for alpha[9]: 0.1025
2025-08-16 18:41:17,131 - DEBUG - Joint score for alpha[10]: 0.1074
2025-08-16 18:41:20,644 - DEBUG - Joint score for alpha[11]: 0.1084
2025-08-16 18:41:24,156 - DEBUG - Joint score for alpha[12]: 0.1021
2025-08-16 18:41:27,667 - DEBUG - Joint score for alpha[13]: 0.1042
2025-08-16 18:41:31,177 - DEBUG - Joint score for alpha[14]: 0.1068
2025-08-16 18:41:34,689 - DEBUG - Joint score for alpha[15]: 0.1130
2025-08-16 18:41:41,424 - DEBUG - Joint score for alpha[0]: 0.1022
2025-08-16 18:41:44,942 - DEBUG - Joint score for alpha[1]: 0.1083
2025-08-16 18:41:48,455 - DEBUG - Joint score for alpha[2]: 0.1034
2025-08-16 18:41:51,969 - DEBUG - Joint score for alpha[3]: 0.1099
2025-08-16 18:41:55,483 - DEBUG - Joint score for alpha[4]: 0.1026
2025-08-16 18:41:58,998 - DEBUG - Joint score for alpha[5]: 0.1032
2025-08-16 18:42:02,510 - DEBUG - Joint score for alpha[6]: 0.1062
2025-08-16 18:42:06,022 - DEBUG - Joint score for alpha[7]: 0.1032
2025-08-16 18:42:09,534 - DEBUG - Joint score for alpha[8]: 0.1035
2025-08-16 18:42:13,047 - DEBUG - Joint score for alpha[9]: 0.1071
2025-08-16 18:42:16,558 - DEBUG - Joint score for alpha[10]: 0.1032
2025-08-16 18:42:20,069 - DEBUG - Joint score for alpha[11]: 0.1089
2025-08-16 18:42:23,581 - DEBUG - Joint score for alpha[12]: 0.1092
2025-08-16 18:42:27,093 - DEBUG - Joint score for alpha[13]: 0.1037
2025-08-16 18:42:30,605 - DEBUG - Joint score for alpha[14]: 0.1210
2025-08-16 18:42:34,118 - DEBUG - Joint score for alpha[15]: 0.1075
2025-08-16 18:42:40,871 - DEBUG - Joint score for alpha[0]: 0.1027
2025-08-16 18:42:44,386 - DEBUG - Joint score for alpha[1]: 0.1022
2025-08-16 18:42:47,896 - DEBUG - Joint score for alpha[2]: 0.1053
2025-08-16 18:42:51,407 - DEBUG - Joint score for alpha[3]: 0.1097
2025-08-16 18:42:54,918 - DEBUG - Joint score for alpha[4]: 0.1024
2025-08-16 18:42:58,431 - DEBUG - Joint score for alpha[5]: 0.1019
2025-08-16 18:43:01,943 - DEBUG - Joint score for alpha[6]: 0.1030
2025-08-16 18:43:05,454 - DEBUG - Joint score for alpha[7]: 0.1057
2025-08-16 18:43:08,965 - DEBUG - Joint score for alpha[8]: 0.1033
2025-08-16 18:43:12,478 - DEBUG - Joint score for alpha[9]: 0.1016
2025-08-16 18:43:15,988 - DEBUG - Joint score for alpha[10]: 0.1030
2025-08-16 18:43:19,501 - DEBUG - Joint score for alpha[11]: 0.1021
2025-08-16 18:43:23,013 - DEBUG - Joint score for alpha[12]: 0.1021
2025-08-16 18:43:26,524 - DEBUG - Joint score for alpha[13]: 0.1029
2025-08-16 18:43:30,035 - DEBUG - Joint score for alpha[14]: 0.1041
2025-08-16 18:43:33,547 - DEBUG - Joint score for alpha[15]: 0.1027
2025-08-16 18:43:40,358 - DEBUG - Joint score for alpha[0]: 0.1042
2025-08-16 18:43:43,872 - DEBUG - Joint score for alpha[1]: 0.1027
2025-08-16 18:43:47,382 - DEBUG - Joint score for alpha[2]: 0.1045
2025-08-16 18:43:50,893 - DEBUG - Joint score for alpha[3]: 0.1018
2025-08-16 18:43:54,402 - DEBUG - Joint score for alpha[4]: 0.1031
2025-08-16 18:43:57,914 - DEBUG - Joint score for alpha[5]: 0.1022
2025-08-16 18:44:01,426 - DEBUG - Joint score for alpha[6]: 0.1016
2025-08-16 18:44:04,936 - DEBUG - Joint score for alpha[7]: 0.1048
2025-08-16 18:44:08,446 - DEBUG - Joint score for alpha[8]: 0.1021
2025-08-16 18:44:11,957 - DEBUG - Joint score for alpha[9]: 0.1058
2025-08-16 18:44:15,467 - DEBUG - Joint score for alpha[10]: 0.1033
2025-08-16 18:44:18,978 - DEBUG - Joint score for alpha[11]: 0.1020
2025-08-16 18:44:22,490 - DEBUG - Joint score for alpha[12]: 0.1027
2025-08-16 18:44:26,003 - DEBUG - Joint score for alpha[13]: 0.1134
2025-08-16 18:44:29,513 - DEBUG - Joint score for alpha[14]: 0.1018
2025-08-16 18:44:33,025 - DEBUG - Joint score for alpha[15]: 0.1033
2025-08-16 18:44:39,741 - DEBUG - Joint score for alpha[0]: 0.1018
2025-08-16 18:44:43,255 - DEBUG - Joint score for alpha[1]: 0.1020
2025-08-16 18:44:46,766 - DEBUG - Joint score for alpha[2]: 0.1041
2025-08-16 18:44:50,278 - DEBUG - Joint score for alpha[3]: 0.1019
2025-08-16 18:44:53,790 - DEBUG - Joint score for alpha[4]: 0.1040
2025-08-16 18:44:57,301 - DEBUG - Joint score for alpha[5]: 0.1027
2025-08-16 18:45:00,812 - DEBUG - Joint score for alpha[6]: 0.1023
2025-08-16 18:45:04,322 - DEBUG - Joint score for alpha[7]: 0.1025
2025-08-16 18:45:07,833 - DEBUG - Joint score for alpha[8]: 0.1040
2025-08-16 18:45:11,345 - DEBUG - Joint score for alpha[9]: 0.1044
2025-08-16 18:45:14,855 - DEBUG - Joint score for alpha[10]: 0.1045
2025-08-16 18:45:18,368 - DEBUG - Joint score for alpha[11]: 0.1052
2025-08-16 18:45:21,882 - DEBUG - Joint score for alpha[12]: 0.1044
2025-08-16 18:45:25,396 - DEBUG - Joint score for alpha[13]: 0.1057
2025-08-16 18:45:28,909 - DEBUG - Joint score for alpha[14]: 0.1023
2025-08-16 18:45:32,424 - DEBUG - Joint score for alpha[15]: 0.1039
2025-08-16 18:45:32,468 - INFO - Step 119/120: mean CRPS=0.1018
2025-08-16 18:45:32,475 - DEBUG - Beginning Gibbs iteration s = 119
2025-08-16 18:45:40,206 - DEBUG - Joint score for alpha[0]: 0.1329
2025-08-16 18:45:43,721 - DEBUG - Joint score for alpha[1]: 0.1021
2025-08-16 18:45:47,233 - DEBUG - Joint score for alpha[2]: 0.1050
2025-08-16 18:45:50,745 - DEBUG - Joint score for alpha[3]: 0.1079
2025-08-16 18:45:54,257 - DEBUG - Joint score for alpha[4]: 0.1116
2025-08-16 18:45:57,769 - DEBUG - Joint score for alpha[5]: 0.1051
2025-08-16 18:46:01,281 - DEBUG - Joint score for alpha[6]: 0.1152
2025-08-16 18:46:04,793 - DEBUG - Joint score for alpha[7]: 0.1085
2025-08-16 18:46:08,305 - DEBUG - Joint score for alpha[8]: 0.1236
2025-08-16 18:46:11,818 - DEBUG - Joint score for alpha[9]: 0.1023
2025-08-16 18:46:15,329 - DEBUG - Joint score for alpha[10]: 0.1133
2025-08-16 18:46:18,843 - DEBUG - Joint score for alpha[11]: 0.1157
2025-08-16 18:46:22,357 - DEBUG - Joint score for alpha[12]: 0.1030
2025-08-16 18:46:25,871 - DEBUG - Joint score for alpha[13]: 0.1132
2025-08-16 18:46:29,382 - DEBUG - Joint score for alpha[14]: 0.1090
2025-08-16 18:46:32,893 - DEBUG - Joint score for alpha[15]: 0.1043
2025-08-16 18:46:39,691 - DEBUG - Joint score for alpha[0]: 0.1078
2025-08-16 18:46:43,204 - DEBUG - Joint score for alpha[1]: 0.1024
2025-08-16 18:46:46,714 - DEBUG - Joint score for alpha[2]: 0.1271
2025-08-16 18:46:50,225 - DEBUG - Joint score for alpha[3]: 0.1024
2025-08-16 18:46:53,734 - DEBUG - Joint score for alpha[4]: 0.1033
2025-08-16 18:46:57,244 - DEBUG - Joint score for alpha[5]: 0.1047
2025-08-16 18:47:00,754 - DEBUG - Joint score for alpha[6]: 0.1028
2025-08-16 18:47:04,263 - DEBUG - Joint score for alpha[7]: 0.1029
2025-08-16 18:47:07,773 - DEBUG - Joint score for alpha[8]: 0.1031
2025-08-16 18:47:11,284 - DEBUG - Joint score for alpha[9]: 0.1024
2025-08-16 18:47:14,796 - DEBUG - Joint score for alpha[10]: 0.1025
2025-08-16 18:47:18,307 - DEBUG - Joint score for alpha[11]: 0.1029
2025-08-16 18:47:21,818 - DEBUG - Joint score for alpha[12]: 0.1037
2025-08-16 18:47:25,330 - DEBUG - Joint score for alpha[13]: 0.1065
2025-08-16 18:47:28,842 - DEBUG - Joint score for alpha[14]: 0.1029
2025-08-16 18:47:32,353 - DEBUG - Joint score for alpha[15]: 0.1110
2025-08-16 18:47:39,261 - DEBUG - Joint score for alpha[0]: 0.1026
2025-08-16 18:47:42,775 - DEBUG - Joint score for alpha[1]: 0.1038
2025-08-16 18:47:46,287 - DEBUG - Joint score for alpha[2]: 0.1037
2025-08-16 18:47:49,799 - DEBUG - Joint score for alpha[3]: 0.1031
2025-08-16 18:47:53,310 - DEBUG - Joint score for alpha[4]: 0.1086
2025-08-16 18:47:56,823 - DEBUG - Joint score for alpha[5]: 0.1038
2025-08-16 18:48:00,334 - DEBUG - Joint score for alpha[6]: 0.1032
2025-08-16 18:48:03,847 - DEBUG - Joint score for alpha[7]: 0.1023
2025-08-16 18:48:07,358 - DEBUG - Joint score for alpha[8]: 0.1032
2025-08-16 18:48:10,868 - DEBUG - Joint score for alpha[9]: 0.1027
2025-08-16 18:48:14,377 - DEBUG - Joint score for alpha[10]: 0.1061
2025-08-16 18:48:17,888 - DEBUG - Joint score for alpha[11]: 0.1039
2025-08-16 18:48:21,398 - DEBUG - Joint score for alpha[12]: 0.1018
2025-08-16 18:48:24,908 - DEBUG - Joint score for alpha[13]: 0.1024
2025-08-16 18:48:28,417 - DEBUG - Joint score for alpha[14]: 0.1030
2025-08-16 18:48:31,926 - DEBUG - Joint score for alpha[15]: 0.1025
2025-08-16 18:48:38,798 - DEBUG - Joint score for alpha[0]: 0.1023
2025-08-16 18:48:42,313 - DEBUG - Joint score for alpha[1]: 0.1022
2025-08-16 18:48:45,824 - DEBUG - Joint score for alpha[2]: 0.1022
2025-08-16 18:48:49,336 - DEBUG - Joint score for alpha[3]: 0.1090
2025-08-16 18:48:52,848 - DEBUG - Joint score for alpha[4]: 0.1026
2025-08-16 18:48:56,360 - DEBUG - Joint score for alpha[5]: 0.1028
2025-08-16 18:48:59,871 - DEBUG - Joint score for alpha[6]: 0.1019
2025-08-16 18:49:03,381 - DEBUG - Joint score for alpha[7]: 0.1024
2025-08-16 18:49:06,890 - DEBUG - Joint score for alpha[8]: 0.1025
2025-08-16 18:49:10,399 - DEBUG - Joint score for alpha[9]: 0.1031
2025-08-16 18:49:13,908 - DEBUG - Joint score for alpha[10]: 0.1026
2025-08-16 18:49:17,417 - DEBUG - Joint score for alpha[11]: 0.1040
2025-08-16 18:49:20,927 - DEBUG - Joint score for alpha[12]: 0.1025
2025-08-16 18:49:24,437 - DEBUG - Joint score for alpha[13]: 0.1034
2025-08-16 18:49:27,947 - DEBUG - Joint score for alpha[14]: 0.1024
2025-08-16 18:49:31,457 - DEBUG - Joint score for alpha[15]: 0.1021
2025-08-16 18:49:38,196 - DEBUG - Joint score for alpha[0]: 0.1051
2025-08-16 18:49:41,712 - DEBUG - Joint score for alpha[1]: 0.1041
2025-08-16 18:49:45,224 - DEBUG - Joint score for alpha[2]: 0.1048
2025-08-16 18:49:48,736 - DEBUG - Joint score for alpha[3]: 0.1022
2025-08-16 18:49:52,248 - DEBUG - Joint score for alpha[4]: 0.1033
2025-08-16 18:49:55,760 - DEBUG - Joint score for alpha[5]: 0.1037
2025-08-16 18:49:59,272 - DEBUG - Joint score for alpha[6]: 0.1031
2025-08-16 18:50:02,783 - DEBUG - Joint score for alpha[7]: 0.1028
2025-08-16 18:50:06,294 - DEBUG - Joint score for alpha[8]: 0.1025
2025-08-16 18:50:09,806 - DEBUG - Joint score for alpha[9]: 0.1046
2025-08-16 18:50:13,318 - DEBUG - Joint score for alpha[10]: 0.1020
2025-08-16 18:50:16,832 - DEBUG - Joint score for alpha[11]: 0.1037
2025-08-16 18:50:20,346 - DEBUG - Joint score for alpha[12]: 0.1021
2025-08-16 18:50:23,861 - DEBUG - Joint score for alpha[13]: 0.1022
2025-08-16 18:50:27,376 - DEBUG - Joint score for alpha[14]: 0.1049
2025-08-16 18:50:30,891 - DEBUG - Joint score for alpha[15]: 0.1049
2025-08-16 18:50:30,935 - INFO - Step 120/120: mean CRPS=0.1021
2025-08-16 18:50:30,941 - INFO - ABC-Gibbs sampling completed
2025-08-16 18:50:30,943 - INFO - Saving posterior results
2025-08-16 18:50:30,990 - INFO - ABC-Gibbs procedure completed successfully
2025-08-16 18:50:30,990 - INFO - Results saved to: results/2nd_run_conditional_crps_gibbs_abc_2025-08-16T07:49:39Z
2025-08-16 18:50:31,105 - INFO - Memory cleanup completed
