2025-08-14 23:49:28,867 - INFO - --- Computing Configuration ---
2025-08-14 23:49:28,867 - INFO - Platform: Linux 4.18.0-477.27.1.el8_8.x86_64
2025-08-14 23:49:28,867 - INFO - Python version: 3.12.11
2025-08-14 23:49:28,867 - INFO - CUDA available: True
2025-08-14 23:49:28,912 - INFO - CUDA device count: 1
2025-08-14 23:49:28,916 - INFO - CUDA device name: NVIDIA L40S
2025-08-14 23:49:28,916 - INFO - CUDA device capability: (8, 9)
2025-08-14 23:49:28,917 - INFO - CUDA memory allocated: 0.00 GB
2025-08-14 23:49:28,917 - INFO - CUDA memory reserved: 0.00 GB
2025-08-14 23:49:28,917 - INFO - torch version: 2.7.1+cu126
2025-08-14 23:49:28,917 - INFO - Number of CPUs: 64
2025-08-14 23:49:28,917 - INFO - Physical CPU cores: 64
2025-08-14 23:49:28,917 - INFO - TORCH_NUM_THREADS: 1
2025-08-14 23:49:28,917 - INFO - N_WORKERS: 16
2025-08-14 23:49:28,917 - INFO - PARALLEL_BACKEND: thread
2025-08-14 23:49:28,917 - INFO - --------------------------------
2025-08-14 23:49:28,917 - INFO - Starting ABC-RFP procedure with device: cuda
2025-08-14 23:49:28,917 - INFO - Configuration: crps scoring, 120 steps, 50 ensemble size
2025-08-14 23:49:29,425 - INFO - Using temporal resampling: 100 samples per Gibbs step
2025-08-14 23:49:29,427 - INFO - Loading precomputed standardised ERA5 tensor
2025-08-14 23:49:29,518 - INFO - Beginning ABC-Gibbs inference with RFP perturbations
2025-08-14 23:49:47,633 - INFO - Using CRPS as discrepancy measure
2025-08-14 23:49:47,633 - INFO - Inference mode: smc_gibbs
2025-08-14 23:49:48,712 - INFO - Created temporal metadata for 350640 time steps
2025-08-14 23:49:48,713 - INFO - Time range: 1979-01-01 00:00:00 to 2018-12-31 23:00:00
2025-08-14 23:49:48,713 - INFO - Seasonal RFP enabled with constraints:
2025-08-14 23:49:48,713 - INFO -   Day window: ±15 days
2025-08-14 23:49:48,713 - INFO -   Hour tolerance: ±0 hours
2025-08-14 23:49:48,713 - INFO -   Exclude same year: True
2025-08-14 23:49:48,713 - INFO -   Fallback to random: True
2025-08-14 23:49:48,713 - INFO - Temporal resampling enabled: 100 samples per step
2025-08-14 23:50:01,359 - DEBUG - Beginning Gibbs iteration s = 0
2025-08-14 23:50:13,444 - DEBUG - Calibrating batch size for input shape: torch.Size([100, 12, 32, 64])
2025-08-14 23:50:13,445 - INFO - Memory calibration (Free: 29.5GB/47.7GB)
2025-08-14 23:50:15,379 - WARNING - OOM retry 1/5, batch size: 28
2025-08-14 23:50:18,826 - DEBUG - Joint score for alpha[0]: 0.1709
2025-08-14 23:50:22,315 - DEBUG - Joint score for alpha[1]: 0.1800
2025-08-14 23:50:25,794 - DEBUG - Joint score for alpha[2]: 0.1652
2025-08-14 23:50:29,276 - DEBUG - Joint score for alpha[3]: 0.1694
2025-08-14 23:50:32,772 - DEBUG - Joint score for alpha[4]: 0.1782
2025-08-14 23:50:36,267 - DEBUG - Joint score for alpha[5]: 0.1781
2025-08-14 23:50:39,767 - DEBUG - Joint score for alpha[6]: 0.1688
2025-08-14 23:50:43,265 - DEBUG - Joint score for alpha[7]: 0.1722
2025-08-14 23:50:46,764 - DEBUG - Joint score for alpha[8]: 0.1715
2025-08-14 23:50:50,264 - DEBUG - Joint score for alpha[9]: 0.1639
2025-08-14 23:50:53,764 - DEBUG - Joint score for alpha[10]: 0.1751
2025-08-14 23:50:57,264 - DEBUG - Joint score for alpha[11]: 0.1699
2025-08-14 23:51:00,765 - DEBUG - Joint score for alpha[12]: 0.1686
2025-08-14 23:51:04,265 - DEBUG - Joint score for alpha[13]: 0.1662
2025-08-14 23:51:07,766 - DEBUG - Joint score for alpha[14]: 0.1618
2025-08-14 23:51:11,267 - DEBUG - Joint score for alpha[15]: 0.1637
2025-08-14 23:51:17,866 - DEBUG - Joint score for alpha[0]: 0.1696
2025-08-14 23:51:21,376 - DEBUG - Joint score for alpha[1]: 0.1610
2025-08-14 23:51:24,882 - DEBUG - Joint score for alpha[2]: 0.1692
2025-08-14 23:51:28,389 - DEBUG - Joint score for alpha[3]: 0.1636
2025-08-14 23:51:31,896 - DEBUG - Joint score for alpha[4]: 0.1637
2025-08-14 23:51:35,405 - DEBUG - Joint score for alpha[5]: 0.1637
2025-08-14 23:51:38,912 - DEBUG - Joint score for alpha[6]: 0.1612
2025-08-14 23:51:42,421 - DEBUG - Joint score for alpha[7]: 0.1673
2025-08-14 23:51:45,930 - DEBUG - Joint score for alpha[8]: 0.1677
2025-08-14 23:51:49,438 - DEBUG - Joint score for alpha[9]: 0.1650
2025-08-14 23:51:52,948 - DEBUG - Joint score for alpha[10]: 0.1633
2025-08-14 23:51:56,459 - DEBUG - Joint score for alpha[11]: 0.1657
2025-08-14 23:51:59,970 - DEBUG - Joint score for alpha[12]: 0.1697
2025-08-14 23:52:03,481 - DEBUG - Joint score for alpha[13]: 0.1654
2025-08-14 23:52:06,991 - DEBUG - Joint score for alpha[14]: 0.1644
2025-08-14 23:52:10,503 - DEBUG - Joint score for alpha[15]: 0.1663
2025-08-14 23:52:17,252 - DEBUG - Joint score for alpha[0]: 0.1629
2025-08-14 23:52:20,767 - DEBUG - Joint score for alpha[1]: 0.1612
2025-08-14 23:52:24,278 - DEBUG - Joint score for alpha[2]: 0.1635
2025-08-14 23:52:27,791 - DEBUG - Joint score for alpha[3]: 0.1614
2025-08-14 23:52:31,303 - DEBUG - Joint score for alpha[4]: 0.1634
2025-08-14 23:52:34,816 - DEBUG - Joint score for alpha[5]: 0.1647
2025-08-14 23:52:38,328 - DEBUG - Joint score for alpha[6]: 0.1643
2025-08-14 23:52:41,839 - DEBUG - Joint score for alpha[7]: 0.1665
2025-08-14 23:52:45,351 - DEBUG - Joint score for alpha[8]: 0.1626
2025-08-14 23:52:48,862 - DEBUG - Joint score for alpha[9]: 0.1667
2025-08-14 23:52:52,373 - DEBUG - Joint score for alpha[10]: 0.1627
2025-08-14 23:52:55,884 - DEBUG - Joint score for alpha[11]: 0.1609
2025-08-14 23:52:59,395 - DEBUG - Joint score for alpha[12]: 0.1657
2025-08-14 23:53:02,905 - DEBUG - Joint score for alpha[13]: 0.1679
2025-08-14 23:53:06,416 - DEBUG - Joint score for alpha[14]: 0.1620
2025-08-14 23:53:09,927 - DEBUG - Joint score for alpha[15]: 0.1644
2025-08-14 23:53:16,672 - DEBUG - Joint score for alpha[0]: 0.1620
2025-08-14 23:53:20,184 - DEBUG - Joint score for alpha[1]: 0.1641
2025-08-14 23:53:23,695 - DEBUG - Joint score for alpha[2]: 0.1623
2025-08-14 23:53:27,204 - DEBUG - Joint score for alpha[3]: 0.1598
2025-08-14 23:53:30,712 - DEBUG - Joint score for alpha[4]: 0.1618
2025-08-14 23:53:34,221 - DEBUG - Joint score for alpha[5]: 0.1662
2025-08-14 23:53:37,731 - DEBUG - Joint score for alpha[6]: 0.1615
2025-08-14 23:53:41,239 - DEBUG - Joint score for alpha[7]: 0.1586
2025-08-14 23:53:44,749 - DEBUG - Joint score for alpha[8]: 0.1643
2025-08-14 23:53:48,258 - DEBUG - Joint score for alpha[9]: 0.1618
2025-08-14 23:53:51,767 - DEBUG - Joint score for alpha[10]: 0.1652
2025-08-14 23:53:55,279 - DEBUG - Joint score for alpha[11]: 0.1609
2025-08-14 23:53:58,790 - DEBUG - Joint score for alpha[12]: 0.1614
2025-08-14 23:54:02,301 - DEBUG - Joint score for alpha[13]: 0.1586
2025-08-14 23:54:05,812 - DEBUG - Joint score for alpha[14]: 0.1619
2025-08-14 23:54:09,322 - DEBUG - Joint score for alpha[15]: 0.1656
2025-08-14 23:54:16,095 - DEBUG - Joint score for alpha[0]: 0.1602
2025-08-14 23:54:19,609 - DEBUG - Joint score for alpha[1]: 0.1609
2025-08-14 23:54:23,121 - DEBUG - Joint score for alpha[2]: 0.1656
2025-08-14 23:54:26,632 - DEBUG - Joint score for alpha[3]: 0.1600
2025-08-14 23:54:30,141 - DEBUG - Joint score for alpha[4]: 0.1652
2025-08-14 23:54:33,653 - DEBUG - Joint score for alpha[5]: 0.1607
2025-08-14 23:54:37,163 - DEBUG - Joint score for alpha[6]: 0.1580
2025-08-14 23:54:40,675 - DEBUG - Joint score for alpha[7]: 0.1613
2025-08-14 23:54:44,185 - DEBUG - Joint score for alpha[8]: 0.1635
2025-08-14 23:54:47,696 - DEBUG - Joint score for alpha[9]: 0.1576
2025-08-14 23:54:51,209 - DEBUG - Joint score for alpha[10]: 0.1618
2025-08-14 23:54:54,721 - DEBUG - Joint score for alpha[11]: 0.1595
2025-08-14 23:54:58,233 - DEBUG - Joint score for alpha[12]: 0.1595
2025-08-14 23:55:01,745 - DEBUG - Joint score for alpha[13]: 0.1583
2025-08-14 23:55:05,258 - DEBUG - Joint score for alpha[14]: 0.1618
2025-08-14 23:55:08,771 - DEBUG - Joint score for alpha[15]: 0.1618
2025-08-14 23:55:08,813 - INFO - Step 1/120: mean CRPS=0.1622
2025-08-14 23:55:08,815 - DEBUG - Beginning Gibbs iteration s = 1
2025-08-14 23:55:23,353 - DEBUG - Joint score for alpha[0]: 0.1667
2025-08-14 23:55:26,866 - DEBUG - Joint score for alpha[1]: 0.1651
2025-08-14 23:55:30,374 - DEBUG - Joint score for alpha[2]: 0.1544
2025-08-14 23:55:33,883 - DEBUG - Joint score for alpha[3]: 0.1596
2025-08-14 23:55:37,392 - DEBUG - Joint score for alpha[4]: 0.1599
2025-08-14 23:55:40,899 - DEBUG - Joint score for alpha[5]: 0.1642
2025-08-14 23:55:44,407 - DEBUG - Joint score for alpha[6]: 0.1701
2025-08-14 23:55:47,914 - DEBUG - Joint score for alpha[7]: 0.1549
2025-08-14 23:55:51,421 - DEBUG - Joint score for alpha[8]: 0.1653
2025-08-14 23:55:54,928 - DEBUG - Joint score for alpha[9]: 0.1675
2025-08-14 23:55:58,438 - DEBUG - Joint score for alpha[10]: 0.1603
2025-08-14 23:56:01,948 - DEBUG - Joint score for alpha[11]: 0.1665
2025-08-14 23:56:05,452 - DEBUG - Joint score for alpha[12]: 0.1593
2025-08-14 23:56:08,956 - DEBUG - Joint score for alpha[13]: 0.1677
2025-08-14 23:56:12,463 - DEBUG - Joint score for alpha[14]: 0.1667
2025-08-14 23:56:15,967 - DEBUG - Joint score for alpha[15]: 0.1706
2025-08-14 23:56:22,746 - DEBUG - Joint score for alpha[0]: 0.1679
2025-08-14 23:56:26,254 - DEBUG - Joint score for alpha[1]: 0.1728
2025-08-14 23:56:29,760 - DEBUG - Joint score for alpha[2]: 0.1682
2025-08-14 23:56:33,266 - DEBUG - Joint score for alpha[3]: 0.1742
2025-08-14 23:56:36,773 - DEBUG - Joint score for alpha[4]: 0.1634
2025-08-14 23:56:40,277 - DEBUG - Joint score for alpha[5]: 0.1634
2025-08-14 23:56:43,784 - DEBUG - Joint score for alpha[6]: 0.1629
2025-08-14 23:56:47,289 - DEBUG - Joint score for alpha[7]: 0.1669
2025-08-14 23:56:50,796 - DEBUG - Joint score for alpha[8]: 0.1674
2025-08-14 23:56:54,304 - DEBUG - Joint score for alpha[9]: 0.1675
2025-08-14 23:56:57,810 - DEBUG - Joint score for alpha[10]: 0.1673
2025-08-14 23:57:01,319 - DEBUG - Joint score for alpha[11]: 0.1682
2025-08-14 23:57:04,827 - DEBUG - Joint score for alpha[12]: 0.1678
2025-08-14 23:57:08,336 - DEBUG - Joint score for alpha[13]: 0.1629
2025-08-14 23:57:11,842 - DEBUG - Joint score for alpha[14]: 0.1654
2025-08-14 23:57:15,349 - DEBUG - Joint score for alpha[15]: 0.1669
2025-08-14 23:57:22,137 - DEBUG - Joint score for alpha[0]: 0.1654
2025-08-14 23:57:25,646 - DEBUG - Joint score for alpha[1]: 0.1615
2025-08-14 23:57:29,154 - DEBUG - Joint score for alpha[2]: 0.1631
2025-08-14 23:57:32,661 - DEBUG - Joint score for alpha[3]: 0.1617
2025-08-14 23:57:36,168 - DEBUG - Joint score for alpha[4]: 0.1672
2025-08-14 23:57:39,676 - DEBUG - Joint score for alpha[5]: 0.1623
2025-08-14 23:57:43,184 - DEBUG - Joint score for alpha[6]: 0.1628
2025-08-14 23:57:46,691 - DEBUG - Joint score for alpha[7]: 0.1658
2025-08-14 23:57:50,198 - DEBUG - Joint score for alpha[8]: 0.1605
2025-08-14 23:57:53,705 - DEBUG - Joint score for alpha[9]: 0.1655
2025-08-14 23:57:57,216 - DEBUG - Joint score for alpha[10]: 0.1624
2025-08-14 23:58:00,726 - DEBUG - Joint score for alpha[11]: 0.1628
2025-08-14 23:58:04,235 - DEBUG - Joint score for alpha[12]: 0.1647
2025-08-14 23:58:07,745 - DEBUG - Joint score for alpha[13]: 0.1601
2025-08-14 23:58:11,255 - DEBUG - Joint score for alpha[14]: 0.1605
2025-08-14 23:58:14,764 - DEBUG - Joint score for alpha[15]: 0.1655
2025-08-14 23:58:21,552 - DEBUG - Joint score for alpha[0]: 0.1656
2025-08-14 23:58:25,064 - DEBUG - Joint score for alpha[1]: 0.1635
2025-08-14 23:58:28,573 - DEBUG - Joint score for alpha[2]: 0.1591
2025-08-14 23:58:32,083 - DEBUG - Joint score for alpha[3]: 0.1633
2025-08-14 23:58:35,592 - DEBUG - Joint score for alpha[4]: 0.1604
2025-08-14 23:58:39,100 - DEBUG - Joint score for alpha[5]: 0.1633
2025-08-14 23:58:42,609 - DEBUG - Joint score for alpha[6]: 0.1637
2025-08-14 23:58:46,117 - DEBUG - Joint score for alpha[7]: 0.1578
2025-08-14 23:58:49,625 - DEBUG - Joint score for alpha[8]: 0.1572
2025-08-14 23:58:53,133 - DEBUG - Joint score for alpha[9]: 0.1583
2025-08-14 23:58:56,642 - DEBUG - Joint score for alpha[10]: 0.1603
2025-08-14 23:59:00,152 - DEBUG - Joint score for alpha[11]: 0.1584
2025-08-14 23:59:03,659 - DEBUG - Joint score for alpha[12]: 0.1625
2025-08-14 23:59:07,167 - DEBUG - Joint score for alpha[13]: 0.1630
2025-08-14 23:59:10,676 - DEBUG - Joint score for alpha[14]: 0.1594
2025-08-14 23:59:14,183 - DEBUG - Joint score for alpha[15]: 0.1669
2025-08-14 23:59:20,978 - DEBUG - Joint score for alpha[0]: 0.1560
2025-08-14 23:59:24,488 - DEBUG - Joint score for alpha[1]: 0.1590
2025-08-14 23:59:27,996 - DEBUG - Joint score for alpha[2]: 0.1564
2025-08-14 23:59:31,504 - DEBUG - Joint score for alpha[3]: 0.1552
2025-08-14 23:59:35,013 - DEBUG - Joint score for alpha[4]: 0.1574
2025-08-14 23:59:38,520 - DEBUG - Joint score for alpha[5]: 0.1568
2025-08-14 23:59:42,027 - DEBUG - Joint score for alpha[6]: 0.1615
2025-08-14 23:59:45,535 - DEBUG - Joint score for alpha[7]: 0.1568
2025-08-14 23:59:49,041 - DEBUG - Joint score for alpha[8]: 0.1614
2025-08-14 23:59:52,547 - DEBUG - Joint score for alpha[9]: 0.1611
2025-08-14 23:59:56,056 - DEBUG - Joint score for alpha[10]: 0.1605
2025-08-14 23:59:59,564 - DEBUG - Joint score for alpha[11]: 0.1568
2025-08-15 00:00:03,070 - DEBUG - Joint score for alpha[12]: 0.1550
2025-08-15 00:00:06,577 - DEBUG - Joint score for alpha[13]: 0.1535
2025-08-15 00:00:10,084 - DEBUG - Joint score for alpha[14]: 0.1511
2025-08-15 00:00:13,590 - DEBUG - Joint score for alpha[15]: 0.1612
2025-08-15 00:00:13,631 - INFO - Step 2/120: mean CRPS=0.1599
2025-08-15 00:00:13,633 - DEBUG - Beginning Gibbs iteration s = 2
2025-08-15 00:00:27,818 - DEBUG - Joint score for alpha[0]: 0.1521
2025-08-15 00:00:31,327 - DEBUG - Joint score for alpha[1]: 0.1555
2025-08-15 00:00:34,836 - DEBUG - Joint score for alpha[2]: 0.1496
2025-08-15 00:00:38,344 - DEBUG - Joint score for alpha[3]: 0.1536
2025-08-15 00:00:41,852 - DEBUG - Joint score for alpha[4]: 0.1458
2025-08-15 00:00:45,359 - DEBUG - Joint score for alpha[5]: 0.1476
2025-08-15 00:00:48,867 - DEBUG - Joint score for alpha[6]: 0.1515
2025-08-15 00:00:52,374 - DEBUG - Joint score for alpha[7]: 0.1480
2025-08-15 00:00:55,881 - DEBUG - Joint score for alpha[8]: 0.1549
2025-08-15 00:00:59,387 - DEBUG - Joint score for alpha[9]: 0.1505
2025-08-15 00:01:02,895 - DEBUG - Joint score for alpha[10]: 0.1609
2025-08-15 00:01:06,403 - DEBUG - Joint score for alpha[11]: 0.1424
2025-08-15 00:01:09,910 - DEBUG - Joint score for alpha[12]: 0.1496
2025-08-15 00:01:13,416 - DEBUG - Joint score for alpha[13]: 0.1632
2025-08-15 00:01:16,924 - DEBUG - Joint score for alpha[14]: 0.1533
2025-08-15 00:01:20,430 - DEBUG - Joint score for alpha[15]: 0.1515
2025-08-15 00:01:27,231 - DEBUG - Joint score for alpha[0]: 0.1396
2025-08-15 00:01:30,742 - DEBUG - Joint score for alpha[1]: 0.1388
2025-08-15 00:01:34,251 - DEBUG - Joint score for alpha[2]: 0.1412
2025-08-15 00:01:37,758 - DEBUG - Joint score for alpha[3]: 0.1409
2025-08-15 00:01:41,266 - DEBUG - Joint score for alpha[4]: 0.1388
2025-08-15 00:01:44,772 - DEBUG - Joint score for alpha[5]: 0.1447
2025-08-15 00:01:48,280 - DEBUG - Joint score for alpha[6]: 0.1383
2025-08-15 00:01:51,786 - DEBUG - Joint score for alpha[7]: 0.1443
2025-08-15 00:01:55,293 - DEBUG - Joint score for alpha[8]: 0.1421
2025-08-15 00:01:58,800 - DEBUG - Joint score for alpha[9]: 0.1417
2025-08-15 00:02:02,309 - DEBUG - Joint score for alpha[10]: 0.1441
2025-08-15 00:02:05,818 - DEBUG - Joint score for alpha[11]: 0.1461
2025-08-15 00:02:09,325 - DEBUG - Joint score for alpha[12]: 0.1452
2025-08-15 00:02:12,832 - DEBUG - Joint score for alpha[13]: 0.1413
2025-08-15 00:02:16,340 - DEBUG - Joint score for alpha[14]: 0.1405
2025-08-15 00:02:19,848 - DEBUG - Joint score for alpha[15]: 0.1401
2025-08-15 00:02:26,642 - DEBUG - Joint score for alpha[0]: 0.1421
2025-08-15 00:02:30,154 - DEBUG - Joint score for alpha[1]: 0.1401
2025-08-15 00:02:33,664 - DEBUG - Joint score for alpha[2]: 0.1410
2025-08-15 00:02:37,174 - DEBUG - Joint score for alpha[3]: 0.1387
2025-08-15 00:02:40,685 - DEBUG - Joint score for alpha[4]: 0.1351
2025-08-15 00:02:44,194 - DEBUG - Joint score for alpha[5]: 0.1371
2025-08-15 00:02:47,704 - DEBUG - Joint score for alpha[6]: 0.1391
2025-08-15 00:02:51,211 - DEBUG - Joint score for alpha[7]: 0.1413
2025-08-15 00:02:54,721 - DEBUG - Joint score for alpha[8]: 0.1395
2025-08-15 00:02:58,231 - DEBUG - Joint score for alpha[9]: 0.1396
2025-08-15 00:03:01,740 - DEBUG - Joint score for alpha[10]: 0.1404
2025-08-15 00:03:05,252 - DEBUG - Joint score for alpha[11]: 0.1412
2025-08-15 00:03:08,760 - DEBUG - Joint score for alpha[12]: 0.1399
2025-08-15 00:03:12,270 - DEBUG - Joint score for alpha[13]: 0.1419
2025-08-15 00:03:15,778 - DEBUG - Joint score for alpha[14]: 0.1370
2025-08-15 00:03:19,285 - DEBUG - Joint score for alpha[15]: 0.1379
2025-08-15 00:03:26,097 - DEBUG - Joint score for alpha[0]: 0.1359
2025-08-15 00:03:29,607 - DEBUG - Joint score for alpha[1]: 0.1380
2025-08-15 00:03:33,115 - DEBUG - Joint score for alpha[2]: 0.1340
2025-08-15 00:03:36,623 - DEBUG - Joint score for alpha[3]: 0.1336
2025-08-15 00:03:40,132 - DEBUG - Joint score for alpha[4]: 0.1378
2025-08-15 00:03:43,640 - DEBUG - Joint score for alpha[5]: 0.1338
2025-08-15 00:03:47,148 - DEBUG - Joint score for alpha[6]: 0.1363
2025-08-15 00:03:50,655 - DEBUG - Joint score for alpha[7]: 0.1343
2025-08-15 00:03:54,161 - DEBUG - Joint score for alpha[8]: 0.1348
2025-08-15 00:03:57,666 - DEBUG - Joint score for alpha[9]: 0.1365
2025-08-15 00:04:01,174 - DEBUG - Joint score for alpha[10]: 0.1382
2025-08-15 00:04:04,682 - DEBUG - Joint score for alpha[11]: 0.1392
2025-08-15 00:04:08,188 - DEBUG - Joint score for alpha[12]: 0.1359
2025-08-15 00:04:11,694 - DEBUG - Joint score for alpha[13]: 0.1359
2025-08-15 00:04:15,200 - DEBUG - Joint score for alpha[14]: 0.1374
2025-08-15 00:04:18,706 - DEBUG - Joint score for alpha[15]: 0.1344
2025-08-15 00:04:25,514 - DEBUG - Joint score for alpha[0]: 0.1335
2025-08-15 00:04:29,026 - DEBUG - Joint score for alpha[1]: 0.1370
2025-08-15 00:04:32,534 - DEBUG - Joint score for alpha[2]: 0.1359
2025-08-15 00:04:36,041 - DEBUG - Joint score for alpha[3]: 0.1351
2025-08-15 00:04:39,549 - DEBUG - Joint score for alpha[4]: 0.1368
2025-08-15 00:04:43,056 - DEBUG - Joint score for alpha[5]: 0.1366
2025-08-15 00:04:46,564 - DEBUG - Joint score for alpha[6]: 0.1385
2025-08-15 00:04:50,071 - DEBUG - Joint score for alpha[7]: 0.1343
2025-08-15 00:04:53,578 - DEBUG - Joint score for alpha[8]: 0.1341
2025-08-15 00:04:57,090 - DEBUG - Joint score for alpha[9]: 0.1372
2025-08-15 00:05:00,600 - DEBUG - Joint score for alpha[10]: 0.1323
2025-08-15 00:05:04,110 - DEBUG - Joint score for alpha[11]: 0.1385
2025-08-15 00:05:07,618 - DEBUG - Joint score for alpha[12]: 0.1385
2025-08-15 00:05:11,126 - DEBUG - Joint score for alpha[13]: 0.1379
2025-08-15 00:05:14,634 - DEBUG - Joint score for alpha[14]: 0.1368
2025-08-15 00:05:18,140 - DEBUG - Joint score for alpha[15]: 0.1357
2025-08-15 00:05:18,181 - INFO - Step 3/120: mean CRPS=0.1387
2025-08-15 00:05:18,183 - DEBUG - Beginning Gibbs iteration s = 3
2025-08-15 00:05:32,641 - DEBUG - Joint score for alpha[0]: 0.1436
2025-08-15 00:05:36,151 - DEBUG - Joint score for alpha[1]: 0.1361
2025-08-15 00:05:39,658 - DEBUG - Joint score for alpha[2]: 0.1354
2025-08-15 00:05:43,165 - DEBUG - Joint score for alpha[3]: 0.1354
2025-08-15 00:05:46,673 - DEBUG - Joint score for alpha[4]: 0.1408
2025-08-15 00:05:50,181 - DEBUG - Joint score for alpha[5]: 0.1402
2025-08-15 00:05:53,689 - DEBUG - Joint score for alpha[6]: 0.1425
2025-08-15 00:05:57,197 - DEBUG - Joint score for alpha[7]: 0.1329
2025-08-15 00:06:00,705 - DEBUG - Joint score for alpha[8]: 0.1423
2025-08-15 00:06:04,213 - DEBUG - Joint score for alpha[9]: 0.1410
2025-08-15 00:06:07,724 - DEBUG - Joint score for alpha[10]: 0.1423
2025-08-15 00:06:11,234 - DEBUG - Joint score for alpha[11]: 0.1464
2025-08-15 00:06:14,742 - DEBUG - Joint score for alpha[12]: 0.1478
2025-08-15 00:06:18,252 - DEBUG - Joint score for alpha[13]: 0.1321
2025-08-15 00:06:21,759 - DEBUG - Joint score for alpha[14]: 0.1357
2025-08-15 00:06:25,266 - DEBUG - Joint score for alpha[15]: 0.1362
2025-08-15 00:06:32,069 - DEBUG - Joint score for alpha[0]: 0.1444
2025-08-15 00:06:35,582 - DEBUG - Joint score for alpha[1]: 0.1436
2025-08-15 00:06:39,093 - DEBUG - Joint score for alpha[2]: 0.1434
2025-08-15 00:06:42,601 - DEBUG - Joint score for alpha[3]: 0.1383
2025-08-15 00:06:46,109 - DEBUG - Joint score for alpha[4]: 0.1407
2025-08-15 00:06:49,615 - DEBUG - Joint score for alpha[5]: 0.1425
2025-08-15 00:06:53,123 - DEBUG - Joint score for alpha[6]: 0.1444
2025-08-15 00:06:56,630 - DEBUG - Joint score for alpha[7]: 0.1485
2025-08-15 00:07:00,137 - DEBUG - Joint score for alpha[8]: 0.1427
2025-08-15 00:07:03,643 - DEBUG - Joint score for alpha[9]: 0.1439
2025-08-15 00:07:07,152 - DEBUG - Joint score for alpha[10]: 0.1464
2025-08-15 00:07:10,661 - DEBUG - Joint score for alpha[11]: 0.1442
2025-08-15 00:07:14,168 - DEBUG - Joint score for alpha[12]: 0.1439
2025-08-15 00:07:17,675 - DEBUG - Joint score for alpha[13]: 0.1447
2025-08-15 00:07:21,184 - DEBUG - Joint score for alpha[14]: 0.1473
2025-08-15 00:07:24,691 - DEBUG - Joint score for alpha[15]: 0.1412
2025-08-15 00:07:31,492 - DEBUG - Joint score for alpha[0]: 0.1502
2025-08-15 00:07:35,003 - DEBUG - Joint score for alpha[1]: 0.1481
2025-08-15 00:07:38,513 - DEBUG - Joint score for alpha[2]: 0.1473
2025-08-15 00:07:42,021 - DEBUG - Joint score for alpha[3]: 0.1478
2025-08-15 00:07:45,530 - DEBUG - Joint score for alpha[4]: 0.1518
2025-08-15 00:07:49,037 - DEBUG - Joint score for alpha[5]: 0.1508
2025-08-15 00:07:52,546 - DEBUG - Joint score for alpha[6]: 0.1477
2025-08-15 00:07:56,053 - DEBUG - Joint score for alpha[7]: 0.1515
2025-08-15 00:07:59,561 - DEBUG - Joint score for alpha[8]: 0.1487
2025-08-15 00:08:03,068 - DEBUG - Joint score for alpha[9]: 0.1525
2025-08-15 00:08:06,579 - DEBUG - Joint score for alpha[10]: 0.1474
2025-08-15 00:08:10,088 - DEBUG - Joint score for alpha[11]: 0.1466
2025-08-15 00:08:13,597 - DEBUG - Joint score for alpha[12]: 0.1511
2025-08-15 00:08:17,105 - DEBUG - Joint score for alpha[13]: 0.1505
2025-08-15 00:08:20,614 - DEBUG - Joint score for alpha[14]: 0.1481
2025-08-15 00:08:24,124 - DEBUG - Joint score for alpha[15]: 0.1492
2025-08-15 00:08:30,930 - DEBUG - Joint score for alpha[0]: 0.1559
2025-08-15 00:08:34,442 - DEBUG - Joint score for alpha[1]: 0.1487
2025-08-15 00:08:37,952 - DEBUG - Joint score for alpha[2]: 0.1483
2025-08-15 00:08:41,462 - DEBUG - Joint score for alpha[3]: 0.1491
2025-08-15 00:08:44,973 - DEBUG - Joint score for alpha[4]: 0.1536
2025-08-15 00:08:48,482 - DEBUG - Joint score for alpha[5]: 0.1511
2025-08-15 00:08:51,991 - DEBUG - Joint score for alpha[6]: 0.1476
2025-08-15 00:08:55,497 - DEBUG - Joint score for alpha[7]: 0.1474
2025-08-15 00:08:59,002 - DEBUG - Joint score for alpha[8]: 0.1513
2025-08-15 00:09:02,509 - DEBUG - Joint score for alpha[9]: 0.1512
2025-08-15 00:09:06,019 - DEBUG - Joint score for alpha[10]: 0.1513
2025-08-15 00:09:09,526 - DEBUG - Joint score for alpha[11]: 0.1460
2025-08-15 00:09:13,032 - DEBUG - Joint score for alpha[12]: 0.1485
2025-08-15 00:09:16,540 - DEBUG - Joint score for alpha[13]: 0.1503
2025-08-15 00:09:20,047 - DEBUG - Joint score for alpha[14]: 0.1474
2025-08-15 00:09:23,555 - DEBUG - Joint score for alpha[15]: 0.1503
2025-08-15 00:09:30,365 - DEBUG - Joint score for alpha[0]: 0.1463
2025-08-15 00:09:33,879 - DEBUG - Joint score for alpha[1]: 0.1455
2025-08-15 00:09:37,390 - DEBUG - Joint score for alpha[2]: 0.1482
2025-08-15 00:09:40,898 - DEBUG - Joint score for alpha[3]: 0.1496
2025-08-15 00:09:44,407 - DEBUG - Joint score for alpha[4]: 0.1523
2025-08-15 00:09:47,915 - DEBUG - Joint score for alpha[5]: 0.1475
2025-08-15 00:09:51,424 - DEBUG - Joint score for alpha[6]: 0.1474
2025-08-15 00:09:54,931 - DEBUG - Joint score for alpha[7]: 0.1465
2025-08-15 00:09:58,439 - DEBUG - Joint score for alpha[8]: 0.1496
2025-08-15 00:10:01,949 - DEBUG - Joint score for alpha[9]: 0.1508
2025-08-15 00:10:05,459 - DEBUG - Joint score for alpha[10]: 0.1468
2025-08-15 00:10:08,968 - DEBUG - Joint score for alpha[11]: 0.1523
2025-08-15 00:10:12,477 - DEBUG - Joint score for alpha[12]: 0.1501
2025-08-15 00:10:15,987 - DEBUG - Joint score for alpha[13]: 0.1502
2025-08-15 00:10:19,496 - DEBUG - Joint score for alpha[14]: 0.1537
2025-08-15 00:10:23,005 - DEBUG - Joint score for alpha[15]: 0.1541
2025-08-15 00:10:23,046 - INFO - Step 4/120: mean CRPS=0.1471
2025-08-15 00:10:23,048 - DEBUG - Beginning Gibbs iteration s = 4
2025-08-15 00:10:38,120 - DEBUG - Joint score for alpha[0]: 0.1514
2025-08-15 00:10:41,632 - DEBUG - Joint score for alpha[1]: 0.1393
2025-08-15 00:10:45,141 - DEBUG - Joint score for alpha[2]: 0.1458
2025-08-15 00:10:48,649 - DEBUG - Joint score for alpha[3]: 0.1468
2025-08-15 00:10:52,159 - DEBUG - Joint score for alpha[4]: 0.1470
2025-08-15 00:10:55,667 - DEBUG - Joint score for alpha[5]: 0.1432
2025-08-15 00:10:59,176 - DEBUG - Joint score for alpha[6]: 0.1510
2025-08-15 00:11:02,685 - DEBUG - Joint score for alpha[7]: 0.1471
2025-08-15 00:11:06,193 - DEBUG - Joint score for alpha[8]: 0.1437
2025-08-15 00:11:09,700 - DEBUG - Joint score for alpha[9]: 0.1553
2025-08-15 00:11:13,211 - DEBUG - Joint score for alpha[10]: 0.1447
2025-08-15 00:11:16,722 - DEBUG - Joint score for alpha[11]: 0.1375
2025-08-15 00:11:20,230 - DEBUG - Joint score for alpha[12]: 0.1485
2025-08-15 00:11:23,739 - DEBUG - Joint score for alpha[13]: 0.1502
2025-08-15 00:11:27,249 - DEBUG - Joint score for alpha[14]: 0.1464
2025-08-15 00:11:30,758 - DEBUG - Joint score for alpha[15]: 0.1487
2025-08-15 00:11:37,566 - DEBUG - Joint score for alpha[0]: 0.1405
2025-08-15 00:11:41,079 - DEBUG - Joint score for alpha[1]: 0.1359
2025-08-15 00:11:44,589 - DEBUG - Joint score for alpha[2]: 0.1372
2025-08-15 00:11:48,099 - DEBUG - Joint score for alpha[3]: 0.1373
2025-08-15 00:11:51,610 - DEBUG - Joint score for alpha[4]: 0.1366
2025-08-15 00:11:55,118 - DEBUG - Joint score for alpha[5]: 0.1348
2025-08-15 00:11:58,627 - DEBUG - Joint score for alpha[6]: 0.1367
2025-08-15 00:12:02,133 - DEBUG - Joint score for alpha[7]: 0.1328
2025-08-15 00:12:05,639 - DEBUG - Joint score for alpha[8]: 0.1368
2025-08-15 00:12:09,145 - DEBUG - Joint score for alpha[9]: 0.1335
2025-08-15 00:12:12,653 - DEBUG - Joint score for alpha[10]: 0.1379
2025-08-15 00:12:16,162 - DEBUG - Joint score for alpha[11]: 0.1340
2025-08-15 00:12:19,669 - DEBUG - Joint score for alpha[12]: 0.1372
2025-08-15 00:12:23,177 - DEBUG - Joint score for alpha[13]: 0.1368
2025-08-15 00:12:26,684 - DEBUG - Joint score for alpha[14]: 0.1369
2025-08-15 00:12:30,192 - DEBUG - Joint score for alpha[15]: 0.1350
2025-08-15 00:12:37,002 - DEBUG - Joint score for alpha[0]: 0.1349
2025-08-15 00:12:40,516 - DEBUG - Joint score for alpha[1]: 0.1351
2025-08-15 00:12:44,028 - DEBUG - Joint score for alpha[2]: 0.1382
2025-08-15 00:12:47,540 - DEBUG - Joint score for alpha[3]: 0.1331
2025-08-15 00:12:51,053 - DEBUG - Joint score for alpha[4]: 0.1350
2025-08-15 00:12:54,563 - DEBUG - Joint score for alpha[5]: 0.1344
2025-08-15 00:12:58,076 - DEBUG - Joint score for alpha[6]: 0.1365
2025-08-15 00:13:01,586 - DEBUG - Joint score for alpha[7]: 0.1347
2025-08-15 00:13:05,094 - DEBUG - Joint score for alpha[8]: 0.1341
2025-08-15 00:13:08,603 - DEBUG - Joint score for alpha[9]: 0.1357
2025-08-15 00:13:12,113 - DEBUG - Joint score for alpha[10]: 0.1346
2025-08-15 00:13:15,622 - DEBUG - Joint score for alpha[11]: 0.1334
2025-08-15 00:13:19,129 - DEBUG - Joint score for alpha[12]: 0.1355
2025-08-15 00:13:22,638 - DEBUG - Joint score for alpha[13]: 0.1335
2025-08-15 00:13:26,147 - DEBUG - Joint score for alpha[14]: 0.1376
2025-08-15 00:13:29,656 - DEBUG - Joint score for alpha[15]: 0.1387
2025-08-15 00:13:36,468 - DEBUG - Joint score for alpha[0]: 0.1323
2025-08-15 00:13:39,981 - DEBUG - Joint score for alpha[1]: 0.1322
2025-08-15 00:13:43,492 - DEBUG - Joint score for alpha[2]: 0.1303
2025-08-15 00:13:47,002 - DEBUG - Joint score for alpha[3]: 0.1329
2025-08-15 00:13:50,512 - DEBUG - Joint score for alpha[4]: 0.1327
2025-08-15 00:13:54,021 - DEBUG - Joint score for alpha[5]: 0.1316
2025-08-15 00:13:57,531 - DEBUG - Joint score for alpha[6]: 0.1374
2025-08-15 00:14:01,039 - DEBUG - Joint score for alpha[7]: 0.1332
2025-08-15 00:14:04,548 - DEBUG - Joint score for alpha[8]: 0.1317
2025-08-15 00:14:08,056 - DEBUG - Joint score for alpha[9]: 0.1348
2025-08-15 00:14:11,566 - DEBUG - Joint score for alpha[10]: 0.1350
2025-08-15 00:14:15,077 - DEBUG - Joint score for alpha[11]: 0.1337
2025-08-15 00:14:18,583 - DEBUG - Joint score for alpha[12]: 0.1296
2025-08-15 00:14:22,091 - DEBUG - Joint score for alpha[13]: 0.1332
2025-08-15 00:14:25,601 - DEBUG - Joint score for alpha[14]: 0.1352
2025-08-15 00:14:29,111 - DEBUG - Joint score for alpha[15]: 0.1354
2025-08-15 00:14:35,920 - DEBUG - Joint score for alpha[0]: 0.1352
2025-08-15 00:14:39,431 - DEBUG - Joint score for alpha[1]: 0.1329
2025-08-15 00:14:42,941 - DEBUG - Joint score for alpha[2]: 0.1285
2025-08-15 00:14:46,450 - DEBUG - Joint score for alpha[3]: 0.1337
2025-08-15 00:14:49,960 - DEBUG - Joint score for alpha[4]: 0.1335
2025-08-15 00:14:53,469 - DEBUG - Joint score for alpha[5]: 0.1284
2025-08-15 00:14:56,980 - DEBUG - Joint score for alpha[6]: 0.1310
2025-08-15 00:15:00,489 - DEBUG - Joint score for alpha[7]: 0.1311
2025-08-15 00:15:03,998 - DEBUG - Joint score for alpha[8]: 0.1360
2025-08-15 00:15:07,507 - DEBUG - Joint score for alpha[9]: 0.1312
2025-08-15 00:15:11,019 - DEBUG - Joint score for alpha[10]: 0.1332
2025-08-15 00:15:14,530 - DEBUG - Joint score for alpha[11]: 0.1302
2025-08-15 00:15:18,039 - DEBUG - Joint score for alpha[12]: 0.1279
2025-08-15 00:15:21,549 - DEBUG - Joint score for alpha[13]: 0.1356
2025-08-15 00:15:25,059 - DEBUG - Joint score for alpha[14]: 0.1293
2025-08-15 00:15:28,569 - DEBUG - Joint score for alpha[15]: 0.1320
2025-08-15 00:15:28,610 - INFO - Step 5/120: mean CRPS=0.1332
2025-08-15 00:15:28,611 - DEBUG - Beginning Gibbs iteration s = 5
2025-08-15 00:15:34,878 - DEBUG - Proposal variance adapted: 0.085
2025-08-15 00:15:41,643 - DEBUG - Joint score for alpha[0]: 0.1232
2025-08-15 00:15:45,154 - DEBUG - Joint score for alpha[1]: 0.1318
2025-08-15 00:15:48,664 - DEBUG - Joint score for alpha[2]: 0.1254
2025-08-15 00:15:52,173 - DEBUG - Joint score for alpha[3]: 0.1346
2025-08-15 00:15:55,684 - DEBUG - Joint score for alpha[4]: 0.1215
2025-08-15 00:15:59,192 - DEBUG - Joint score for alpha[5]: 0.1190
2025-08-15 00:16:02,702 - DEBUG - Joint score for alpha[6]: 0.1323
2025-08-15 00:16:06,212 - DEBUG - Joint score for alpha[7]: 0.1266
2025-08-15 00:16:09,721 - DEBUG - Joint score for alpha[8]: 0.1253
2025-08-15 00:16:13,231 - DEBUG - Joint score for alpha[9]: 0.1296
2025-08-15 00:16:16,744 - DEBUG - Joint score for alpha[10]: 0.1402
2025-08-15 00:16:20,255 - DEBUG - Joint score for alpha[11]: 0.1310
2025-08-15 00:16:23,766 - DEBUG - Joint score for alpha[12]: 0.1260
2025-08-15 00:16:27,278 - DEBUG - Joint score for alpha[13]: 0.1318
2025-08-15 00:16:30,789 - DEBUG - Joint score for alpha[14]: 0.1215
2025-08-15 00:16:34,300 - DEBUG - Joint score for alpha[15]: 0.1289
2025-08-15 00:16:41,111 - DEBUG - Joint score for alpha[0]: 0.1175
2025-08-15 00:16:44,624 - DEBUG - Joint score for alpha[1]: 0.1174
2025-08-15 00:16:48,135 - DEBUG - Joint score for alpha[2]: 0.1190
2025-08-15 00:16:51,645 - DEBUG - Joint score for alpha[3]: 0.1220
2025-08-15 00:16:55,155 - DEBUG - Joint score for alpha[4]: 0.1245
2025-08-15 00:16:58,664 - DEBUG - Joint score for alpha[5]: 0.1194
2025-08-15 00:17:02,176 - DEBUG - Joint score for alpha[6]: 0.1184
2025-08-15 00:17:05,685 - DEBUG - Joint score for alpha[7]: 0.1171
2025-08-15 00:17:09,193 - DEBUG - Joint score for alpha[8]: 0.1176
2025-08-15 00:17:12,702 - DEBUG - Joint score for alpha[9]: 0.1186
2025-08-15 00:17:16,213 - DEBUG - Joint score for alpha[10]: 0.1176
2025-08-15 00:17:19,723 - DEBUG - Joint score for alpha[11]: 0.1161
2025-08-15 00:17:23,231 - DEBUG - Joint score for alpha[12]: 0.1148
2025-08-15 00:17:26,741 - DEBUG - Joint score for alpha[13]: 0.1183
2025-08-15 00:17:30,250 - DEBUG - Joint score for alpha[14]: 0.1128
2025-08-15 00:17:33,759 - DEBUG - Joint score for alpha[15]: 0.1163
2025-08-15 00:17:40,543 - DEBUG - Joint score for alpha[0]: 0.1132
2025-08-15 00:17:44,055 - DEBUG - Joint score for alpha[1]: 0.1122
2025-08-15 00:17:47,565 - DEBUG - Joint score for alpha[2]: 0.1134
2025-08-15 00:17:51,074 - DEBUG - Joint score for alpha[3]: 0.1124
2025-08-15 00:17:54,584 - DEBUG - Joint score for alpha[4]: 0.1109
2025-08-15 00:17:58,093 - DEBUG - Joint score for alpha[5]: 0.1144
2025-08-15 00:18:01,602 - DEBUG - Joint score for alpha[6]: 0.1151
2025-08-15 00:18:05,112 - DEBUG - Joint score for alpha[7]: 0.1117
2025-08-15 00:18:08,622 - DEBUG - Joint score for alpha[8]: 0.1114
2025-08-15 00:18:12,131 - DEBUG - Joint score for alpha[9]: 0.1155
2025-08-15 00:18:15,643 - DEBUG - Joint score for alpha[10]: 0.1113
2025-08-15 00:18:19,155 - DEBUG - Joint score for alpha[11]: 0.1134
2025-08-15 00:18:22,665 - DEBUG - Joint score for alpha[12]: 0.1131
2025-08-15 00:18:26,176 - DEBUG - Joint score for alpha[13]: 0.1114
2025-08-15 00:18:29,687 - DEBUG - Joint score for alpha[14]: 0.1152
2025-08-15 00:18:33,198 - DEBUG - Joint score for alpha[15]: 0.1125
2025-08-15 00:18:39,981 - DEBUG - Joint score for alpha[0]: 0.1111
2025-08-15 00:18:43,490 - DEBUG - Joint score for alpha[1]: 0.1101
2025-08-15 00:18:46,997 - DEBUG - Joint score for alpha[2]: 0.1108
2025-08-15 00:18:50,504 - DEBUG - Joint score for alpha[3]: 0.1093
2025-08-15 00:18:54,012 - DEBUG - Joint score for alpha[4]: 0.1141
2025-08-15 00:18:57,519 - DEBUG - Joint score for alpha[5]: 0.1119
2025-08-15 00:19:01,026 - DEBUG - Joint score for alpha[6]: 0.1114
2025-08-15 00:19:04,533 - DEBUG - Joint score for alpha[7]: 0.1102
2025-08-15 00:19:08,039 - DEBUG - Joint score for alpha[8]: 0.1108
2025-08-15 00:19:11,545 - DEBUG - Joint score for alpha[9]: 0.1133
2025-08-15 00:19:15,054 - DEBUG - Joint score for alpha[10]: 0.1086
2025-08-15 00:19:18,562 - DEBUG - Joint score for alpha[11]: 0.1128
2025-08-15 00:19:22,069 - DEBUG - Joint score for alpha[12]: 0.1116
2025-08-15 00:19:25,577 - DEBUG - Joint score for alpha[13]: 0.1137
2025-08-15 00:19:29,085 - DEBUG - Joint score for alpha[14]: 0.1109
2025-08-15 00:19:32,593 - DEBUG - Joint score for alpha[15]: 0.1098
2025-08-15 00:19:39,412 - DEBUG - Joint score for alpha[0]: 0.1125
2025-08-15 00:19:42,921 - DEBUG - Joint score for alpha[1]: 0.1121
2025-08-15 00:19:46,429 - DEBUG - Joint score for alpha[2]: 0.1151
2025-08-15 00:19:49,938 - DEBUG - Joint score for alpha[3]: 0.1111
2025-08-15 00:19:53,448 - DEBUG - Joint score for alpha[4]: 0.1102
2025-08-15 00:19:56,958 - DEBUG - Joint score for alpha[5]: 0.1126
2025-08-15 00:20:00,469 - DEBUG - Joint score for alpha[6]: 0.1122
2025-08-15 00:20:03,979 - DEBUG - Joint score for alpha[7]: 0.1111
2025-08-15 00:20:07,487 - DEBUG - Joint score for alpha[8]: 0.1101
2025-08-15 00:20:10,996 - DEBUG - Joint score for alpha[9]: 0.1094
2025-08-15 00:20:14,509 - DEBUG - Joint score for alpha[10]: 0.1102
2025-08-15 00:20:18,021 - DEBUG - Joint score for alpha[11]: 0.1111
2025-08-15 00:20:21,531 - DEBUG - Joint score for alpha[12]: 0.1138
2025-08-15 00:20:25,042 - DEBUG - Joint score for alpha[13]: 0.1129
2025-08-15 00:20:28,553 - DEBUG - Joint score for alpha[14]: 0.1123
2025-08-15 00:20:32,063 - DEBUG - Joint score for alpha[15]: 0.1097
2025-08-15 00:20:32,104 - INFO - Step 6/120: mean CRPS=0.1133
2025-08-15 00:20:32,105 - DEBUG - Beginning Gibbs iteration s = 6
2025-08-15 00:20:44,744 - DEBUG - Joint score for alpha[0]: 0.1157
2025-08-15 00:20:48,258 - DEBUG - Joint score for alpha[1]: 0.1079
2025-08-15 00:20:51,769 - DEBUG - Joint score for alpha[2]: 0.1092
2025-08-15 00:20:55,277 - DEBUG - Joint score for alpha[3]: 0.1098
2025-08-15 00:20:58,786 - DEBUG - Joint score for alpha[4]: 0.1103
2025-08-15 00:21:02,293 - DEBUG - Joint score for alpha[5]: 0.1203
2025-08-15 00:21:05,803 - DEBUG - Joint score for alpha[6]: 0.1088
2025-08-15 00:21:09,310 - DEBUG - Joint score for alpha[7]: 0.1137
2025-08-15 00:21:12,817 - DEBUG - Joint score for alpha[8]: 0.1099
2025-08-15 00:21:16,324 - DEBUG - Joint score for alpha[9]: 0.1106
2025-08-15 00:21:19,835 - DEBUG - Joint score for alpha[10]: 0.1127
2025-08-15 00:21:23,344 - DEBUG - Joint score for alpha[11]: 0.1167
2025-08-15 00:21:26,852 - DEBUG - Joint score for alpha[12]: 0.1199
2025-08-15 00:21:30,360 - DEBUG - Joint score for alpha[13]: 0.1122
2025-08-15 00:21:33,872 - DEBUG - Joint score for alpha[14]: 0.1118
2025-08-15 00:21:37,381 - DEBUG - Joint score for alpha[15]: 0.1121
2025-08-15 00:21:44,174 - DEBUG - Joint score for alpha[0]: 0.1187
2025-08-15 00:21:47,684 - DEBUG - Joint score for alpha[1]: 0.1194
2025-08-15 00:21:51,193 - DEBUG - Joint score for alpha[2]: 0.1173
2025-08-15 00:21:54,701 - DEBUG - Joint score for alpha[3]: 0.1224
2025-08-15 00:21:58,210 - DEBUG - Joint score for alpha[4]: 0.1201
2025-08-15 00:22:01,717 - DEBUG - Joint score for alpha[5]: 0.1164
2025-08-15 00:22:05,226 - DEBUG - Joint score for alpha[6]: 0.1176
2025-08-15 00:22:08,733 - DEBUG - Joint score for alpha[7]: 0.1192
2025-08-15 00:22:12,240 - DEBUG - Joint score for alpha[8]: 0.1182
2025-08-15 00:22:15,747 - DEBUG - Joint score for alpha[9]: 0.1221
2025-08-15 00:22:19,256 - DEBUG - Joint score for alpha[10]: 0.1178
2025-08-15 00:22:22,765 - DEBUG - Joint score for alpha[11]: 0.1177
2025-08-15 00:22:26,273 - DEBUG - Joint score for alpha[12]: 0.1233
2025-08-15 00:22:29,782 - DEBUG - Joint score for alpha[13]: 0.1186
2025-08-15 00:22:33,291 - DEBUG - Joint score for alpha[14]: 0.1196
2025-08-15 00:22:36,800 - DEBUG - Joint score for alpha[15]: 0.1173
2025-08-15 00:22:43,590 - DEBUG - Joint score for alpha[0]: 0.1245
2025-08-15 00:22:47,101 - DEBUG - Joint score for alpha[1]: 0.1239
2025-08-15 00:22:50,610 - DEBUG - Joint score for alpha[2]: 0.1231
2025-08-15 00:22:54,117 - DEBUG - Joint score for alpha[3]: 0.1234
2025-08-15 00:22:57,627 - DEBUG - Joint score for alpha[4]: 0.1235
2025-08-15 00:23:01,133 - DEBUG - Joint score for alpha[5]: 0.1239
2025-08-15 00:23:04,642 - DEBUG - Joint score for alpha[6]: 0.1242
2025-08-15 00:23:08,150 - DEBUG - Joint score for alpha[7]: 0.1236
2025-08-15 00:23:11,658 - DEBUG - Joint score for alpha[8]: 0.1245
2025-08-15 00:23:15,166 - DEBUG - Joint score for alpha[9]: 0.1244
2025-08-15 00:23:18,676 - DEBUG - Joint score for alpha[10]: 0.1239
2025-08-15 00:23:22,186 - DEBUG - Joint score for alpha[11]: 0.1241
2025-08-15 00:23:25,693 - DEBUG - Joint score for alpha[12]: 0.1243
2025-08-15 00:23:29,203 - DEBUG - Joint score for alpha[13]: 0.1235
2025-08-15 00:23:32,713 - DEBUG - Joint score for alpha[14]: 0.1237
2025-08-15 00:23:36,222 - DEBUG - Joint score for alpha[15]: 0.1257
2025-08-15 00:23:43,021 - DEBUG - Joint score for alpha[0]: 0.1236
2025-08-15 00:23:46,535 - DEBUG - Joint score for alpha[1]: 0.1250
2025-08-15 00:23:50,044 - DEBUG - Joint score for alpha[2]: 0.1254
2025-08-15 00:23:53,553 - DEBUG - Joint score for alpha[3]: 0.1221
2025-08-15 00:23:57,062 - DEBUG - Joint score for alpha[4]: 0.1248
2025-08-15 00:24:00,569 - DEBUG - Joint score for alpha[5]: 0.1207
2025-08-15 00:24:04,077 - DEBUG - Joint score for alpha[6]: 0.1246
2025-08-15 00:24:07,584 - DEBUG - Joint score for alpha[7]: 0.1230
2025-08-15 00:24:11,091 - DEBUG - Joint score for alpha[8]: 0.1221
2025-08-15 00:24:14,596 - DEBUG - Joint score for alpha[9]: 0.1230
2025-08-15 00:24:18,106 - DEBUG - Joint score for alpha[10]: 0.1226
2025-08-15 00:24:21,616 - DEBUG - Joint score for alpha[11]: 0.1266
2025-08-15 00:24:25,122 - DEBUG - Joint score for alpha[12]: 0.1248
2025-08-15 00:24:28,630 - DEBUG - Joint score for alpha[13]: 0.1258
2025-08-15 00:24:32,139 - DEBUG - Joint score for alpha[14]: 0.1211
2025-08-15 00:24:35,647 - DEBUG - Joint score for alpha[15]: 0.1243
2025-08-15 00:24:42,438 - DEBUG - Joint score for alpha[0]: 0.1233
2025-08-15 00:24:45,950 - DEBUG - Joint score for alpha[1]: 0.1212
2025-08-15 00:24:49,461 - DEBUG - Joint score for alpha[2]: 0.1240
2025-08-15 00:24:52,972 - DEBUG - Joint score for alpha[3]: 0.1213
2025-08-15 00:24:56,484 - DEBUG - Joint score for alpha[4]: 0.1226
2025-08-15 00:24:59,993 - DEBUG - Joint score for alpha[5]: 0.1231
2025-08-15 00:25:03,504 - DEBUG - Joint score for alpha[6]: 0.1237
2025-08-15 00:25:07,013 - DEBUG - Joint score for alpha[7]: 0.1223
2025-08-15 00:25:10,523 - DEBUG - Joint score for alpha[8]: 0.1241
2025-08-15 00:25:14,031 - DEBUG - Joint score for alpha[9]: 0.1240
2025-08-15 00:25:17,543 - DEBUG - Joint score for alpha[10]: 0.1242
2025-08-15 00:25:21,054 - DEBUG - Joint score for alpha[11]: 0.1211
2025-08-15 00:25:24,562 - DEBUG - Joint score for alpha[12]: 0.1220
2025-08-15 00:25:28,072 - DEBUG - Joint score for alpha[13]: 0.1230
2025-08-15 00:25:31,582 - DEBUG - Joint score for alpha[14]: 0.1222
2025-08-15 00:25:35,092 - DEBUG - Joint score for alpha[15]: 0.1208
2025-08-15 00:25:35,133 - INFO - Step 7/120: mean CRPS=0.1223
2025-08-15 00:25:35,134 - DEBUG - Beginning Gibbs iteration s = 7
2025-08-15 00:25:51,064 - DEBUG - Joint score for alpha[0]: 0.1181
2025-08-15 00:25:54,573 - DEBUG - Joint score for alpha[1]: 0.1236
2025-08-15 00:25:58,081 - DEBUG - Joint score for alpha[2]: 0.1292
2025-08-15 00:26:01,589 - DEBUG - Joint score for alpha[3]: 0.1146
2025-08-15 00:26:05,099 - DEBUG - Joint score for alpha[4]: 0.1210
2025-08-15 00:26:08,607 - DEBUG - Joint score for alpha[5]: 0.1243
2025-08-15 00:26:12,116 - DEBUG - Joint score for alpha[6]: 0.1168
2025-08-15 00:26:15,624 - DEBUG - Joint score for alpha[7]: 0.1160
2025-08-15 00:26:19,133 - DEBUG - Joint score for alpha[8]: 0.1307
2025-08-15 00:26:22,642 - DEBUG - Joint score for alpha[9]: 0.1220
2025-08-15 00:26:26,153 - DEBUG - Joint score for alpha[10]: 0.1320
2025-08-15 00:26:29,663 - DEBUG - Joint score for alpha[11]: 0.1223
2025-08-15 00:26:33,172 - DEBUG - Joint score for alpha[12]: 0.1268
2025-08-15 00:26:36,683 - DEBUG - Joint score for alpha[13]: 0.1198
2025-08-15 00:26:40,193 - DEBUG - Joint score for alpha[14]: 0.1164
2025-08-15 00:26:43,704 - DEBUG - Joint score for alpha[15]: 0.1292
2025-08-15 00:26:50,490 - DEBUG - Joint score for alpha[0]: 0.1128
2025-08-15 00:26:54,002 - DEBUG - Joint score for alpha[1]: 0.1152
2025-08-15 00:26:57,512 - DEBUG - Joint score for alpha[2]: 0.1159
2025-08-15 00:27:01,022 - DEBUG - Joint score for alpha[3]: 0.1117
2025-08-15 00:27:04,533 - DEBUG - Joint score for alpha[4]: 0.1140
2025-08-15 00:27:08,041 - DEBUG - Joint score for alpha[5]: 0.1134
2025-08-15 00:27:11,551 - DEBUG - Joint score for alpha[6]: 0.1130
2025-08-15 00:27:15,059 - DEBUG - Joint score for alpha[7]: 0.1162
2025-08-15 00:27:18,568 - DEBUG - Joint score for alpha[8]: 0.1127
2025-08-15 00:27:22,075 - DEBUG - Joint score for alpha[9]: 0.1132
2025-08-15 00:27:25,586 - DEBUG - Joint score for alpha[10]: 0.1137
2025-08-15 00:27:29,095 - DEBUG - Joint score for alpha[11]: 0.1116
2025-08-15 00:27:32,603 - DEBUG - Joint score for alpha[12]: 0.1092
2025-08-15 00:27:36,113 - DEBUG - Joint score for alpha[13]: 0.1147
2025-08-15 00:27:39,622 - DEBUG - Joint score for alpha[14]: 0.1145
2025-08-15 00:27:43,130 - DEBUG - Joint score for alpha[15]: 0.1112
2025-08-15 00:27:49,924 - DEBUG - Joint score for alpha[0]: 0.1105
2025-08-15 00:27:53,436 - DEBUG - Joint score for alpha[1]: 0.1115
2025-08-15 00:27:56,945 - DEBUG - Joint score for alpha[2]: 0.1112
2025-08-15 00:28:00,453 - DEBUG - Joint score for alpha[3]: 0.1110
2025-08-15 00:28:03,963 - DEBUG - Joint score for alpha[4]: 0.1116
2025-08-15 00:28:07,470 - DEBUG - Joint score for alpha[5]: 0.1108
2025-08-15 00:28:10,979 - DEBUG - Joint score for alpha[6]: 0.1104
2025-08-15 00:28:14,488 - DEBUG - Joint score for alpha[7]: 0.1107
2025-08-15 00:28:17,997 - DEBUG - Joint score for alpha[8]: 0.1108
2025-08-15 00:28:21,505 - DEBUG - Joint score for alpha[9]: 0.1106
2025-08-15 00:28:25,016 - DEBUG - Joint score for alpha[10]: 0.1105
2025-08-15 00:28:28,527 - DEBUG - Joint score for alpha[11]: 0.1113
2025-08-15 00:28:32,036 - DEBUG - Joint score for alpha[12]: 0.1101
2025-08-15 00:28:35,545 - DEBUG - Joint score for alpha[13]: 0.1105
2025-08-15 00:28:39,054 - DEBUG - Joint score for alpha[14]: 0.1107
2025-08-15 00:28:42,564 - DEBUG - Joint score for alpha[15]: 0.1104
2025-08-15 00:28:49,194 - DEBUG - Joint score for alpha[0]: 0.1098
2025-08-15 00:28:52,706 - DEBUG - Joint score for alpha[1]: 0.1129
2025-08-15 00:28:56,216 - DEBUG - Joint score for alpha[2]: 0.1119
2025-08-15 00:28:59,727 - DEBUG - Joint score for alpha[3]: 0.1091
2025-08-15 00:29:03,238 - DEBUG - Joint score for alpha[4]: 0.1122
2025-08-15 00:29:06,747 - DEBUG - Joint score for alpha[5]: 0.1095
2025-08-15 00:29:10,258 - DEBUG - Joint score for alpha[6]: 0.1119
2025-08-15 00:29:13,769 - DEBUG - Joint score for alpha[7]: 0.1101
2025-08-15 00:29:17,280 - DEBUG - Joint score for alpha[8]: 0.1122
2025-08-15 00:29:20,789 - DEBUG - Joint score for alpha[9]: 0.1092
2025-08-15 00:29:24,302 - DEBUG - Joint score for alpha[10]: 0.1109
2025-08-15 00:29:27,814 - DEBUG - Joint score for alpha[11]: 0.1109
2025-08-15 00:29:31,323 - DEBUG - Joint score for alpha[12]: 0.1114
2025-08-15 00:29:34,834 - DEBUG - Joint score for alpha[13]: 0.1091
2025-08-15 00:29:38,344 - DEBUG - Joint score for alpha[14]: 0.1113
2025-08-15 00:29:41,853 - DEBUG - Joint score for alpha[15]: 0.1100
2025-08-15 00:29:48,680 - DEBUG - Joint score for alpha[0]: 0.1100
2025-08-15 00:29:52,191 - DEBUG - Joint score for alpha[1]: 0.1102
2025-08-15 00:29:55,701 - DEBUG - Joint score for alpha[2]: 0.1095
2025-08-15 00:29:59,210 - DEBUG - Joint score for alpha[3]: 0.1109
2025-08-15 00:30:02,721 - DEBUG - Joint score for alpha[4]: 0.1102
2025-08-15 00:30:06,229 - DEBUG - Joint score for alpha[5]: 0.1133
2025-08-15 00:30:09,738 - DEBUG - Joint score for alpha[6]: 0.1110
2025-08-15 00:30:13,247 - DEBUG - Joint score for alpha[7]: 0.1088
2025-08-15 00:30:16,756 - DEBUG - Joint score for alpha[8]: 0.1099
2025-08-15 00:30:20,264 - DEBUG - Joint score for alpha[9]: 0.1115
2025-08-15 00:30:23,776 - DEBUG - Joint score for alpha[10]: 0.1114
2025-08-15 00:30:27,288 - DEBUG - Joint score for alpha[11]: 0.1109
2025-08-15 00:30:30,797 - DEBUG - Joint score for alpha[12]: 0.1095
2025-08-15 00:30:34,307 - DEBUG - Joint score for alpha[13]: 0.1124
2025-08-15 00:30:37,818 - DEBUG - Joint score for alpha[14]: 0.1099
2025-08-15 00:30:41,328 - DEBUG - Joint score for alpha[15]: 0.1113
2025-08-15 00:30:41,369 - INFO - Step 8/120: mean CRPS=0.1122
2025-08-15 00:30:41,370 - DEBUG - Beginning Gibbs iteration s = 8
2025-08-15 00:30:52,330 - DEBUG - Joint score for alpha[0]: 0.1106
2025-08-15 00:30:55,841 - DEBUG - Joint score for alpha[1]: 0.1100
2025-08-15 00:30:59,349 - DEBUG - Joint score for alpha[2]: 0.1098
2025-08-15 00:31:02,860 - DEBUG - Joint score for alpha[3]: 0.1144
2025-08-15 00:31:06,370 - DEBUG - Joint score for alpha[4]: 0.1149
2025-08-15 00:31:09,876 - DEBUG - Joint score for alpha[5]: 0.1138
2025-08-15 00:31:13,384 - DEBUG - Joint score for alpha[6]: 0.1120
2025-08-15 00:31:16,892 - DEBUG - Joint score for alpha[7]: 0.1157
2025-08-15 00:31:20,399 - DEBUG - Joint score for alpha[8]: 0.1139
2025-08-15 00:31:23,906 - DEBUG - Joint score for alpha[9]: 0.1174
2025-08-15 00:31:27,416 - DEBUG - Joint score for alpha[10]: 0.1095
2025-08-15 00:31:30,924 - DEBUG - Joint score for alpha[11]: 0.1153
2025-08-15 00:31:34,431 - DEBUG - Joint score for alpha[12]: 0.1130
2025-08-15 00:31:37,938 - DEBUG - Joint score for alpha[13]: 0.1102
2025-08-15 00:31:41,446 - DEBUG - Joint score for alpha[14]: 0.1253
2025-08-15 00:31:44,953 - DEBUG - Joint score for alpha[15]: 0.1096
2025-08-15 00:31:51,747 - DEBUG - Joint score for alpha[0]: 0.1130
2025-08-15 00:31:55,256 - DEBUG - Joint score for alpha[1]: 0.1086
2025-08-15 00:31:58,764 - DEBUG - Joint score for alpha[2]: 0.1090
2025-08-15 00:32:02,269 - DEBUG - Joint score for alpha[3]: 0.1093
2025-08-15 00:32:05,778 - DEBUG - Joint score for alpha[4]: 0.1100
2025-08-15 00:32:09,284 - DEBUG - Joint score for alpha[5]: 0.1128
2025-08-15 00:32:12,791 - DEBUG - Joint score for alpha[6]: 0.1139
2025-08-15 00:32:16,299 - DEBUG - Joint score for alpha[7]: 0.1106
2025-08-15 00:32:19,805 - DEBUG - Joint score for alpha[8]: 0.1140
2025-08-15 00:32:23,311 - DEBUG - Joint score for alpha[9]: 0.1103
2025-08-15 00:32:26,820 - DEBUG - Joint score for alpha[10]: 0.1084
2025-08-15 00:32:30,328 - DEBUG - Joint score for alpha[11]: 0.1099
2025-08-15 00:32:33,835 - DEBUG - Joint score for alpha[12]: 0.1130
2025-08-15 00:32:37,343 - DEBUG - Joint score for alpha[13]: 0.1121
2025-08-15 00:32:40,851 - DEBUG - Joint score for alpha[14]: 0.1115
2025-08-15 00:32:44,358 - DEBUG - Joint score for alpha[15]: 0.1108
2025-08-15 00:32:51,160 - DEBUG - Joint score for alpha[0]: 0.1136
2025-08-15 00:32:54,670 - DEBUG - Joint score for alpha[1]: 0.1134
2025-08-15 00:32:58,179 - DEBUG - Joint score for alpha[2]: 0.1136
2025-08-15 00:33:01,687 - DEBUG - Joint score for alpha[3]: 0.1143
2025-08-15 00:33:05,196 - DEBUG - Joint score for alpha[4]: 0.1133
2025-08-15 00:33:08,702 - DEBUG - Joint score for alpha[5]: 0.1134
2025-08-15 00:33:12,212 - DEBUG - Joint score for alpha[6]: 0.1137
2025-08-15 00:33:15,720 - DEBUG - Joint score for alpha[7]: 0.1132
2025-08-15 00:33:19,226 - DEBUG - Joint score for alpha[8]: 0.1136
2025-08-15 00:33:22,733 - DEBUG - Joint score for alpha[9]: 0.1139
2025-08-15 00:33:26,243 - DEBUG - Joint score for alpha[10]: 0.1137
2025-08-15 00:33:29,752 - DEBUG - Joint score for alpha[11]: 0.1136
2025-08-15 00:33:33,261 - DEBUG - Joint score for alpha[12]: 0.1128
2025-08-15 00:33:36,771 - DEBUG - Joint score for alpha[13]: 0.1153
2025-08-15 00:33:40,281 - DEBUG - Joint score for alpha[14]: 0.1142
2025-08-15 00:33:43,790 - DEBUG - Joint score for alpha[15]: 0.1151
2025-08-15 00:33:50,582 - DEBUG - Joint score for alpha[0]: 0.1121
2025-08-15 00:33:54,095 - DEBUG - Joint score for alpha[1]: 0.1155
2025-08-15 00:33:57,607 - DEBUG - Joint score for alpha[2]: 0.1130
2025-08-15 00:34:01,118 - DEBUG - Joint score for alpha[3]: 0.1122
2025-08-15 00:34:04,629 - DEBUG - Joint score for alpha[4]: 0.1152
2025-08-15 00:34:08,139 - DEBUG - Joint score for alpha[5]: 0.1162
2025-08-15 00:34:11,649 - DEBUG - Joint score for alpha[6]: 0.1143
2025-08-15 00:34:15,160 - DEBUG - Joint score for alpha[7]: 0.1152
2025-08-15 00:34:18,670 - DEBUG - Joint score for alpha[8]: 0.1160
2025-08-15 00:34:22,181 - DEBUG - Joint score for alpha[9]: 0.1140
2025-08-15 00:34:25,695 - DEBUG - Joint score for alpha[10]: 0.1126
2025-08-15 00:34:29,208 - DEBUG - Joint score for alpha[11]: 0.1142
2025-08-15 00:34:32,719 - DEBUG - Joint score for alpha[12]: 0.1160
2025-08-15 00:34:36,232 - DEBUG - Joint score for alpha[13]: 0.1159
2025-08-15 00:34:39,745 - DEBUG - Joint score for alpha[14]: 0.1146
2025-08-15 00:34:43,258 - DEBUG - Joint score for alpha[15]: 0.1148
2025-08-15 00:34:50,050 - DEBUG - Joint score for alpha[0]: 0.1149
2025-08-15 00:34:53,561 - DEBUG - Joint score for alpha[1]: 0.1146
2025-08-15 00:34:57,070 - DEBUG - Joint score for alpha[2]: 0.1145
2025-08-15 00:35:00,578 - DEBUG - Joint score for alpha[3]: 0.1131
2025-08-15 00:35:04,088 - DEBUG - Joint score for alpha[4]: 0.1137
2025-08-15 00:35:07,597 - DEBUG - Joint score for alpha[5]: 0.1124
2025-08-15 00:35:11,106 - DEBUG - Joint score for alpha[6]: 0.1144
2025-08-15 00:35:14,613 - DEBUG - Joint score for alpha[7]: 0.1149
2025-08-15 00:35:18,122 - DEBUG - Joint score for alpha[8]: 0.1137
2025-08-15 00:35:21,630 - DEBUG - Joint score for alpha[9]: 0.1121
2025-08-15 00:35:25,143 - DEBUG - Joint score for alpha[10]: 0.1156
2025-08-15 00:35:28,651 - DEBUG - Joint score for alpha[11]: 0.1159
2025-08-15 00:35:32,159 - DEBUG - Joint score for alpha[12]: 0.1121
2025-08-15 00:35:35,667 - DEBUG - Joint score for alpha[13]: 0.1109
2025-08-15 00:35:39,175 - DEBUG - Joint score for alpha[14]: 0.1122
2025-08-15 00:35:42,683 - DEBUG - Joint score for alpha[15]: 0.1111
2025-08-15 00:35:42,724 - INFO - Step 9/120: mean CRPS=0.1124
2025-08-15 00:35:42,726 - DEBUG - Beginning Gibbs iteration s = 9
2025-08-15 00:35:53,737 - DEBUG - Joint score for alpha[0]: 0.1121
2025-08-15 00:35:57,245 - DEBUG - Joint score for alpha[1]: 0.1114
2025-08-15 00:36:00,752 - DEBUG - Joint score for alpha[2]: 0.1112
2025-08-15 00:36:04,259 - DEBUG - Joint score for alpha[3]: 0.1181
2025-08-15 00:36:07,767 - DEBUG - Joint score for alpha[4]: 0.1131
2025-08-15 00:36:11,271 - DEBUG - Joint score for alpha[5]: 0.1114
2025-08-15 00:36:14,778 - DEBUG - Joint score for alpha[6]: 0.1108
2025-08-15 00:36:18,283 - DEBUG - Joint score for alpha[7]: 0.1112
2025-08-15 00:36:21,788 - DEBUG - Joint score for alpha[8]: 0.1119
2025-08-15 00:36:25,293 - DEBUG - Joint score for alpha[9]: 0.1126
2025-08-15 00:36:28,802 - DEBUG - Joint score for alpha[10]: 0.1121
2025-08-15 00:36:32,310 - DEBUG - Joint score for alpha[11]: 0.1158
2025-08-15 00:36:35,817 - DEBUG - Joint score for alpha[12]: 0.1139
2025-08-15 00:36:39,324 - DEBUG - Joint score for alpha[13]: 0.1130
2025-08-15 00:36:42,831 - DEBUG - Joint score for alpha[14]: 0.1124
2025-08-15 00:36:46,338 - DEBUG - Joint score for alpha[15]: 0.1118
2025-08-15 00:36:53,157 - DEBUG - Joint score for alpha[0]: 0.1114
2025-08-15 00:36:56,666 - DEBUG - Joint score for alpha[1]: 0.1191
2025-08-15 00:37:00,173 - DEBUG - Joint score for alpha[2]: 0.1123
2025-08-15 00:37:03,679 - DEBUG - Joint score for alpha[3]: 0.1155
2025-08-15 00:37:07,187 - DEBUG - Joint score for alpha[4]: 0.1125
2025-08-15 00:37:10,692 - DEBUG - Joint score for alpha[5]: 0.1166
2025-08-15 00:37:14,199 - DEBUG - Joint score for alpha[6]: 0.1126
2025-08-15 00:37:17,705 - DEBUG - Joint score for alpha[7]: 0.1140
2025-08-15 00:37:21,211 - DEBUG - Joint score for alpha[8]: 0.1119
2025-08-15 00:37:24,717 - DEBUG - Joint score for alpha[9]: 0.1176
2025-08-15 00:37:28,226 - DEBUG - Joint score for alpha[10]: 0.1136
2025-08-15 00:37:31,734 - DEBUG - Joint score for alpha[11]: 0.1181
2025-08-15 00:37:35,240 - DEBUG - Joint score for alpha[12]: 0.1185
2025-08-15 00:37:38,748 - DEBUG - Joint score for alpha[13]: 0.1141
2025-08-15 00:37:42,256 - DEBUG - Joint score for alpha[14]: 0.1144
2025-08-15 00:37:45,762 - DEBUG - Joint score for alpha[15]: 0.1188
2025-08-15 00:37:52,590 - DEBUG - Joint score for alpha[0]: 0.1146
2025-08-15 00:37:56,100 - DEBUG - Joint score for alpha[1]: 0.1151
2025-08-15 00:37:59,607 - DEBUG - Joint score for alpha[2]: 0.1152
2025-08-15 00:38:03,115 - DEBUG - Joint score for alpha[3]: 0.1136
2025-08-15 00:38:06,623 - DEBUG - Joint score for alpha[4]: 0.1157
2025-08-15 00:38:10,131 - DEBUG - Joint score for alpha[5]: 0.1139
2025-08-15 00:38:13,638 - DEBUG - Joint score for alpha[6]: 0.1133
2025-08-15 00:38:17,146 - DEBUG - Joint score for alpha[7]: 0.1137
2025-08-15 00:38:20,653 - DEBUG - Joint score for alpha[8]: 0.1154
2025-08-15 00:38:24,160 - DEBUG - Joint score for alpha[9]: 0.1134
2025-08-15 00:38:27,670 - DEBUG - Joint score for alpha[10]: 0.1140
2025-08-15 00:38:31,178 - DEBUG - Joint score for alpha[11]: 0.1158
2025-08-15 00:38:34,685 - DEBUG - Joint score for alpha[12]: 0.1149
2025-08-15 00:38:38,193 - DEBUG - Joint score for alpha[13]: 0.1161
2025-08-15 00:38:41,700 - DEBUG - Joint score for alpha[14]: 0.1141
2025-08-15 00:38:45,207 - DEBUG - Joint score for alpha[15]: 0.1144
2025-08-15 00:38:52,026 - DEBUG - Joint score for alpha[0]: 0.1158
2025-08-15 00:38:55,536 - DEBUG - Joint score for alpha[1]: 0.1147
2025-08-15 00:38:59,043 - DEBUG - Joint score for alpha[2]: 0.1137
2025-08-15 00:39:02,550 - DEBUG - Joint score for alpha[3]: 0.1139
2025-08-15 00:39:06,057 - DEBUG - Joint score for alpha[4]: 0.1151
2025-08-15 00:39:09,562 - DEBUG - Joint score for alpha[5]: 0.1149
2025-08-15 00:39:13,069 - DEBUG - Joint score for alpha[6]: 0.1148
2025-08-15 00:39:16,575 - DEBUG - Joint score for alpha[7]: 0.1169
2025-08-15 00:39:20,081 - DEBUG - Joint score for alpha[8]: 0.1136
2025-08-15 00:39:23,588 - DEBUG - Joint score for alpha[9]: 0.1172
2025-08-15 00:39:27,098 - DEBUG - Joint score for alpha[10]: 0.1140
2025-08-15 00:39:30,606 - DEBUG - Joint score for alpha[11]: 0.1164
2025-08-15 00:39:34,112 - DEBUG - Joint score for alpha[12]: 0.1173
2025-08-15 00:39:37,621 - DEBUG - Joint score for alpha[13]: 0.1140
2025-08-15 00:39:41,128 - DEBUG - Joint score for alpha[14]: 0.1149
2025-08-15 00:39:44,636 - DEBUG - Joint score for alpha[15]: 0.1159
2025-08-15 00:39:51,470 - DEBUG - Joint score for alpha[0]: 0.1172
2025-08-15 00:39:54,980 - DEBUG - Joint score for alpha[1]: 0.1170
2025-08-15 00:39:58,487 - DEBUG - Joint score for alpha[2]: 0.1148
2025-08-15 00:40:01,994 - DEBUG - Joint score for alpha[3]: 0.1173
2025-08-15 00:40:05,500 - DEBUG - Joint score for alpha[4]: 0.1152
2025-08-15 00:40:09,006 - DEBUG - Joint score for alpha[5]: 0.1161
2025-08-15 00:40:12,513 - DEBUG - Joint score for alpha[6]: 0.1150
2025-08-15 00:40:16,018 - DEBUG - Joint score for alpha[7]: 0.1151
2025-08-15 00:40:19,524 - DEBUG - Joint score for alpha[8]: 0.1165
2025-08-15 00:40:23,030 - DEBUG - Joint score for alpha[9]: 0.1179
2025-08-15 00:40:26,539 - DEBUG - Joint score for alpha[10]: 0.1183
2025-08-15 00:40:30,047 - DEBUG - Joint score for alpha[11]: 0.1187
2025-08-15 00:40:33,554 - DEBUG - Joint score for alpha[12]: 0.1169
2025-08-15 00:40:37,062 - DEBUG - Joint score for alpha[13]: 0.1174
2025-08-15 00:40:40,569 - DEBUG - Joint score for alpha[14]: 0.1183
2025-08-15 00:40:44,077 - DEBUG - Joint score for alpha[15]: 0.1165
2025-08-15 00:40:44,118 - INFO - Step 10/120: mean CRPS=0.1151
2025-08-15 00:40:44,120 - DEBUG - Beginning Gibbs iteration s = 10
2025-08-15 00:40:47,974 - DEBUG - Proposal variance adapted: 0.072
2025-08-15 00:40:54,746 - DEBUG - Joint score for alpha[0]: 0.1155
2025-08-15 00:40:58,257 - DEBUG - Joint score for alpha[1]: 0.1157
2025-08-15 00:41:01,768 - DEBUG - Joint score for alpha[2]: 0.1204
2025-08-15 00:41:05,277 - DEBUG - Joint score for alpha[3]: 0.1194
2025-08-15 00:41:08,786 - DEBUG - Joint score for alpha[4]: 0.1137
2025-08-15 00:41:12,292 - DEBUG - Joint score for alpha[5]: 0.1139
2025-08-15 00:41:15,800 - DEBUG - Joint score for alpha[6]: 0.1184
2025-08-15 00:41:19,305 - DEBUG - Joint score for alpha[7]: 0.1141
2025-08-15 00:41:22,813 - DEBUG - Joint score for alpha[8]: 0.1154
2025-08-15 00:41:26,321 - DEBUG - Joint score for alpha[9]: 0.1157
2025-08-15 00:41:29,830 - DEBUG - Joint score for alpha[10]: 0.1146
2025-08-15 00:41:33,339 - DEBUG - Joint score for alpha[11]: 0.1176
2025-08-15 00:41:36,846 - DEBUG - Joint score for alpha[12]: 0.1146
2025-08-15 00:41:40,354 - DEBUG - Joint score for alpha[13]: 0.1182
2025-08-15 00:41:43,861 - DEBUG - Joint score for alpha[14]: 0.1170
2025-08-15 00:41:47,367 - DEBUG - Joint score for alpha[15]: 0.1157
2025-08-15 00:41:54,186 - DEBUG - Joint score for alpha[0]: 0.1116
2025-08-15 00:41:57,696 - DEBUG - Joint score for alpha[1]: 0.1155
2025-08-15 00:42:01,203 - DEBUG - Joint score for alpha[2]: 0.1157
2025-08-15 00:42:04,710 - DEBUG - Joint score for alpha[3]: 0.1157
2025-08-15 00:42:08,219 - DEBUG - Joint score for alpha[4]: 0.1177
2025-08-15 00:42:11,725 - DEBUG - Joint score for alpha[5]: 0.1144
2025-08-15 00:42:15,232 - DEBUG - Joint score for alpha[6]: 0.1141
2025-08-15 00:42:18,738 - DEBUG - Joint score for alpha[7]: 0.1155
2025-08-15 00:42:22,245 - DEBUG - Joint score for alpha[8]: 0.1142
2025-08-15 00:42:25,753 - DEBUG - Joint score for alpha[9]: 0.1178
2025-08-15 00:42:29,260 - DEBUG - Joint score for alpha[10]: 0.1177
2025-08-15 00:42:32,771 - DEBUG - Joint score for alpha[11]: 0.1131
2025-08-15 00:42:36,279 - DEBUG - Joint score for alpha[12]: 0.1166
2025-08-15 00:42:39,787 - DEBUG - Joint score for alpha[13]: 0.1185
2025-08-15 00:42:43,294 - DEBUG - Joint score for alpha[14]: 0.1171
2025-08-15 00:42:46,800 - DEBUG - Joint score for alpha[15]: 0.1177
2025-08-15 00:42:53,432 - DEBUG - Joint score for alpha[0]: 0.1119
2025-08-15 00:42:56,940 - DEBUG - Joint score for alpha[1]: 0.1116
2025-08-15 00:43:00,447 - DEBUG - Joint score for alpha[2]: 0.1120
2025-08-15 00:43:03,953 - DEBUG - Joint score for alpha[3]: 0.1115
2025-08-15 00:43:07,461 - DEBUG - Joint score for alpha[4]: 0.1123
2025-08-15 00:43:10,966 - DEBUG - Joint score for alpha[5]: 0.1128
2025-08-15 00:43:14,473 - DEBUG - Joint score for alpha[6]: 0.1130
2025-08-15 00:43:17,978 - DEBUG - Joint score for alpha[7]: 0.1118
2025-08-15 00:43:21,484 - DEBUG - Joint score for alpha[8]: 0.1126
2025-08-15 00:43:24,989 - DEBUG - Joint score for alpha[9]: 0.1119
2025-08-15 00:43:28,498 - DEBUG - Joint score for alpha[10]: 0.1127
2025-08-15 00:43:32,006 - DEBUG - Joint score for alpha[11]: 0.1113
2025-08-15 00:43:35,513 - DEBUG - Joint score for alpha[12]: 0.1132
2025-08-15 00:43:39,021 - DEBUG - Joint score for alpha[13]: 0.1115
2025-08-15 00:43:42,529 - DEBUG - Joint score for alpha[14]: 0.1112
2025-08-15 00:43:46,036 - DEBUG - Joint score for alpha[15]: 0.1115
2025-08-15 00:43:52,832 - DEBUG - Joint score for alpha[0]: 0.1094
2025-08-15 00:43:56,343 - DEBUG - Joint score for alpha[1]: 0.1110
2025-08-15 00:43:59,851 - DEBUG - Joint score for alpha[2]: 0.1100
2025-08-15 00:44:03,359 - DEBUG - Joint score for alpha[3]: 0.1112
2025-08-15 00:44:06,867 - DEBUG - Joint score for alpha[4]: 0.1103
2025-08-15 00:44:10,373 - DEBUG - Joint score for alpha[5]: 0.1128
2025-08-15 00:44:13,881 - DEBUG - Joint score for alpha[6]: 0.1101
2025-08-15 00:44:17,389 - DEBUG - Joint score for alpha[7]: 0.1109
2025-08-15 00:44:20,895 - DEBUG - Joint score for alpha[8]: 0.1112
2025-08-15 00:44:24,403 - DEBUG - Joint score for alpha[9]: 0.1116
2025-08-15 00:44:27,912 - DEBUG - Joint score for alpha[10]: 0.1104
2025-08-15 00:44:31,420 - DEBUG - Joint score for alpha[11]: 0.1115
2025-08-15 00:44:34,929 - DEBUG - Joint score for alpha[12]: 0.1102
2025-08-15 00:44:38,438 - DEBUG - Joint score for alpha[13]: 0.1122
2025-08-15 00:44:41,948 - DEBUG - Joint score for alpha[14]: 0.1129
2025-08-15 00:44:45,457 - DEBUG - Joint score for alpha[15]: 0.1113
2025-08-15 00:44:52,254 - DEBUG - Joint score for alpha[0]: 0.1119
2025-08-15 00:44:55,765 - DEBUG - Joint score for alpha[1]: 0.1117
2025-08-15 00:44:59,275 - DEBUG - Joint score for alpha[2]: 0.1104
2025-08-15 00:45:02,784 - DEBUG - Joint score for alpha[3]: 0.1100
2025-08-15 00:45:06,293 - DEBUG - Joint score for alpha[4]: 0.1102
2025-08-15 00:45:09,801 - DEBUG - Joint score for alpha[5]: 0.1118
2025-08-15 00:45:13,310 - DEBUG - Joint score for alpha[6]: 0.1114
2025-08-15 00:45:16,818 - DEBUG - Joint score for alpha[7]: 0.1100
2025-08-15 00:45:20,325 - DEBUG - Joint score for alpha[8]: 0.1115
2025-08-15 00:45:23,834 - DEBUG - Joint score for alpha[9]: 0.1103
2025-08-15 00:45:27,345 - DEBUG - Joint score for alpha[10]: 0.1099
2025-08-15 00:45:30,855 - DEBUG - Joint score for alpha[11]: 0.1118
2025-08-15 00:45:34,364 - DEBUG - Joint score for alpha[12]: 0.1112
2025-08-15 00:45:37,875 - DEBUG - Joint score for alpha[13]: 0.1097
2025-08-15 00:45:41,384 - DEBUG - Joint score for alpha[14]: 0.1117
2025-08-15 00:45:44,893 - DEBUG - Joint score for alpha[15]: 0.1102
2025-08-15 00:45:44,934 - INFO - Step 11/120: mean CRPS=0.1120
2025-08-15 00:45:44,936 - DEBUG - Beginning Gibbs iteration s = 11
2025-08-15 00:45:55,920 - DEBUG - Joint score for alpha[0]: 0.1132
2025-08-15 00:45:59,432 - DEBUG - Joint score for alpha[1]: 0.1118
2025-08-15 00:46:02,941 - DEBUG - Joint score for alpha[2]: 0.1174
2025-08-15 00:46:06,448 - DEBUG - Joint score for alpha[3]: 0.1140
2025-08-15 00:46:09,957 - DEBUG - Joint score for alpha[4]: 0.1112
2025-08-15 00:46:13,465 - DEBUG - Joint score for alpha[5]: 0.1107
2025-08-15 00:46:16,972 - DEBUG - Joint score for alpha[6]: 0.1166
2025-08-15 00:46:20,479 - DEBUG - Joint score for alpha[7]: 0.1131
2025-08-15 00:46:23,986 - DEBUG - Joint score for alpha[8]: 0.1102
2025-08-15 00:46:27,492 - DEBUG - Joint score for alpha[9]: 0.1120
2025-08-15 00:46:31,001 - DEBUG - Joint score for alpha[10]: 0.1114
2025-08-15 00:46:34,510 - DEBUG - Joint score for alpha[11]: 0.1167
2025-08-15 00:46:38,017 - DEBUG - Joint score for alpha[12]: 0.1160
2025-08-15 00:46:41,526 - DEBUG - Joint score for alpha[13]: 0.1137
2025-08-15 00:46:45,034 - DEBUG - Joint score for alpha[14]: 0.1102
2025-08-15 00:46:48,541 - DEBUG - Joint score for alpha[15]: 0.1099
2025-08-15 00:46:55,363 - DEBUG - Joint score for alpha[0]: 0.1161
2025-08-15 00:46:58,876 - DEBUG - Joint score for alpha[1]: 0.1152
2025-08-15 00:47:02,384 - DEBUG - Joint score for alpha[2]: 0.1168
2025-08-15 00:47:05,892 - DEBUG - Joint score for alpha[3]: 0.1202
2025-08-15 00:47:09,401 - DEBUG - Joint score for alpha[4]: 0.1167
2025-08-15 00:47:12,908 - DEBUG - Joint score for alpha[5]: 0.1178
2025-08-15 00:47:16,415 - DEBUG - Joint score for alpha[6]: 0.1180
2025-08-15 00:47:19,921 - DEBUG - Joint score for alpha[7]: 0.1144
2025-08-15 00:47:23,428 - DEBUG - Joint score for alpha[8]: 0.1164
2025-08-15 00:47:26,937 - DEBUG - Joint score for alpha[9]: 0.1202
2025-08-15 00:47:30,444 - DEBUG - Joint score for alpha[10]: 0.1169
2025-08-15 00:47:33,955 - DEBUG - Joint score for alpha[11]: 0.1156
2025-08-15 00:47:37,462 - DEBUG - Joint score for alpha[12]: 0.1166
2025-08-15 00:47:40,971 - DEBUG - Joint score for alpha[13]: 0.1156
2025-08-15 00:47:44,478 - DEBUG - Joint score for alpha[14]: 0.1165
2025-08-15 00:47:47,985 - DEBUG - Joint score for alpha[15]: 0.1165
2025-08-15 00:47:54,801 - DEBUG - Joint score for alpha[0]: 0.1162
2025-08-15 00:47:58,310 - DEBUG - Joint score for alpha[1]: 0.1156
2025-08-15 00:48:01,819 - DEBUG - Joint score for alpha[2]: 0.1165
2025-08-15 00:48:05,327 - DEBUG - Joint score for alpha[3]: 0.1154
2025-08-15 00:48:08,836 - DEBUG - Joint score for alpha[4]: 0.1164
2025-08-15 00:48:12,342 - DEBUG - Joint score for alpha[5]: 0.1153
2025-08-15 00:48:15,850 - DEBUG - Joint score for alpha[6]: 0.1146
2025-08-15 00:48:19,357 - DEBUG - Joint score for alpha[7]: 0.1151
2025-08-15 00:48:22,863 - DEBUG - Joint score for alpha[8]: 0.1154
2025-08-15 00:48:26,371 - DEBUG - Joint score for alpha[9]: 0.1170
2025-08-15 00:48:29,881 - DEBUG - Joint score for alpha[10]: 0.1161
2025-08-15 00:48:33,390 - DEBUG - Joint score for alpha[11]: 0.1158
2025-08-15 00:48:36,898 - DEBUG - Joint score for alpha[12]: 0.1165
2025-08-15 00:48:40,407 - DEBUG - Joint score for alpha[13]: 0.1162
2025-08-15 00:48:43,915 - DEBUG - Joint score for alpha[14]: 0.1161
2025-08-15 00:48:47,423 - DEBUG - Joint score for alpha[15]: 0.1163
2025-08-15 00:48:54,263 - DEBUG - Joint score for alpha[0]: 0.1173
2025-08-15 00:48:57,774 - DEBUG - Joint score for alpha[1]: 0.1166
2025-08-15 00:49:01,284 - DEBUG - Joint score for alpha[2]: 0.1157
2025-08-15 00:49:04,793 - DEBUG - Joint score for alpha[3]: 0.1173
2025-08-15 00:49:08,303 - DEBUG - Joint score for alpha[4]: 0.1161
2025-08-15 00:49:11,810 - DEBUG - Joint score for alpha[5]: 0.1162
2025-08-15 00:49:15,320 - DEBUG - Joint score for alpha[6]: 0.1184
2025-08-15 00:49:18,828 - DEBUG - Joint score for alpha[7]: 0.1160
2025-08-15 00:49:22,336 - DEBUG - Joint score for alpha[8]: 0.1209
2025-08-15 00:49:25,844 - DEBUG - Joint score for alpha[9]: 0.1160
2025-08-15 00:49:29,356 - DEBUG - Joint score for alpha[10]: 0.1165
2025-08-15 00:49:32,866 - DEBUG - Joint score for alpha[11]: 0.1155
2025-08-15 00:49:36,375 - DEBUG - Joint score for alpha[12]: 0.1155
2025-08-15 00:49:39,884 - DEBUG - Joint score for alpha[13]: 0.1166
2025-08-15 00:49:43,394 - DEBUG - Joint score for alpha[14]: 0.1165
2025-08-15 00:49:46,903 - DEBUG - Joint score for alpha[15]: 0.1174
2025-08-15 00:49:53,723 - DEBUG - Joint score for alpha[0]: 0.1134
2025-08-15 00:49:57,235 - DEBUG - Joint score for alpha[1]: 0.1185
2025-08-15 00:50:00,744 - DEBUG - Joint score for alpha[2]: 0.1167
2025-08-15 00:50:04,253 - DEBUG - Joint score for alpha[3]: 0.1128
2025-08-15 00:50:07,762 - DEBUG - Joint score for alpha[4]: 0.1170
2025-08-15 00:50:11,269 - DEBUG - Joint score for alpha[5]: 0.1142
2025-08-15 00:50:14,778 - DEBUG - Joint score for alpha[6]: 0.1179
2025-08-15 00:50:18,286 - DEBUG - Joint score for alpha[7]: 0.1132
2025-08-15 00:50:21,792 - DEBUG - Joint score for alpha[8]: 0.1162
2025-08-15 00:50:25,300 - DEBUG - Joint score for alpha[9]: 0.1135
2025-08-15 00:50:28,810 - DEBUG - Joint score for alpha[10]: 0.1156
2025-08-15 00:50:32,319 - DEBUG - Joint score for alpha[11]: 0.1143
2025-08-15 00:50:35,827 - DEBUG - Joint score for alpha[12]: 0.1117
2025-08-15 00:50:39,336 - DEBUG - Joint score for alpha[13]: 0.1169
2025-08-15 00:50:42,844 - DEBUG - Joint score for alpha[14]: 0.1171
2025-08-15 00:50:46,352 - DEBUG - Joint score for alpha[15]: 0.1152
2025-08-15 00:50:46,393 - INFO - Step 12/120: mean CRPS=0.1153
2025-08-15 00:50:46,395 - DEBUG - Beginning Gibbs iteration s = 12
2025-08-15 00:50:57,228 - DEBUG - Joint score for alpha[0]: 0.1205
2025-08-15 00:51:00,740 - DEBUG - Joint score for alpha[1]: 0.1165
2025-08-15 00:51:04,250 - DEBUG - Joint score for alpha[2]: 0.1087
2025-08-15 00:51:07,761 - DEBUG - Joint score for alpha[3]: 0.1132
2025-08-15 00:51:11,272 - DEBUG - Joint score for alpha[4]: 0.1114
2025-08-15 00:51:14,779 - DEBUG - Joint score for alpha[5]: 0.1155
2025-08-15 00:51:18,287 - DEBUG - Joint score for alpha[6]: 0.1090
2025-08-15 00:51:21,793 - DEBUG - Joint score for alpha[7]: 0.1103
2025-08-15 00:51:25,299 - DEBUG - Joint score for alpha[8]: 0.1116
2025-08-15 00:51:28,805 - DEBUG - Joint score for alpha[9]: 0.1138
2025-08-15 00:51:32,315 - DEBUG - Joint score for alpha[10]: 0.1127
2025-08-15 00:51:35,823 - DEBUG - Joint score for alpha[11]: 0.1093
2025-08-15 00:51:39,329 - DEBUG - Joint score for alpha[12]: 0.1104
2025-08-15 00:51:42,837 - DEBUG - Joint score for alpha[13]: 0.1075
2025-08-15 00:51:46,346 - DEBUG - Joint score for alpha[14]: 0.1148
2025-08-15 00:51:49,854 - DEBUG - Joint score for alpha[15]: 0.1127
2025-08-15 00:51:56,680 - DEBUG - Joint score for alpha[0]: 0.1119
2025-08-15 00:52:00,192 - DEBUG - Joint score for alpha[1]: 0.1125
2025-08-15 00:52:03,703 - DEBUG - Joint score for alpha[2]: 0.1081
2025-08-15 00:52:07,214 - DEBUG - Joint score for alpha[3]: 0.1115
2025-08-15 00:52:10,726 - DEBUG - Joint score for alpha[4]: 0.1121
2025-08-15 00:52:14,234 - DEBUG - Joint score for alpha[5]: 0.1101
2025-08-15 00:52:17,742 - DEBUG - Joint score for alpha[6]: 0.1105
2025-08-15 00:52:21,248 - DEBUG - Joint score for alpha[7]: 0.1079
2025-08-15 00:52:24,755 - DEBUG - Joint score for alpha[8]: 0.1114
2025-08-15 00:52:28,261 - DEBUG - Joint score for alpha[9]: 0.1071
2025-08-15 00:52:31,771 - DEBUG - Joint score for alpha[10]: 0.1114
2025-08-15 00:52:35,279 - DEBUG - Joint score for alpha[11]: 0.1095
2025-08-15 00:52:38,787 - DEBUG - Joint score for alpha[12]: 0.1101
2025-08-15 00:52:42,295 - DEBUG - Joint score for alpha[13]: 0.1108
2025-08-15 00:52:45,804 - DEBUG - Joint score for alpha[14]: 0.1115
2025-08-15 00:52:49,312 - DEBUG - Joint score for alpha[15]: 0.1087
2025-08-15 00:52:56,131 - DEBUG - Joint score for alpha[0]: 0.1124
2025-08-15 00:52:59,644 - DEBUG - Joint score for alpha[1]: 0.1105
2025-08-15 00:53:03,155 - DEBUG - Joint score for alpha[2]: 0.1105
2025-08-15 00:53:06,666 - DEBUG - Joint score for alpha[3]: 0.1126
2025-08-15 00:53:10,176 - DEBUG - Joint score for alpha[4]: 0.1107
2025-08-15 00:53:13,682 - DEBUG - Joint score for alpha[5]: 0.1113
2025-08-15 00:53:17,190 - DEBUG - Joint score for alpha[6]: 0.1102
2025-08-15 00:53:20,696 - DEBUG - Joint score for alpha[7]: 0.1117
2025-08-15 00:53:24,202 - DEBUG - Joint score for alpha[8]: 0.1123
2025-08-15 00:53:27,708 - DEBUG - Joint score for alpha[9]: 0.1115
2025-08-15 00:53:31,217 - DEBUG - Joint score for alpha[10]: 0.1116
2025-08-15 00:53:34,726 - DEBUG - Joint score for alpha[11]: 0.1115
2025-08-15 00:53:38,234 - DEBUG - Joint score for alpha[12]: 0.1105
2025-08-15 00:53:41,742 - DEBUG - Joint score for alpha[13]: 0.1108
2025-08-15 00:53:45,251 - DEBUG - Joint score for alpha[14]: 0.1100
2025-08-15 00:53:48,758 - DEBUG - Joint score for alpha[15]: 0.1104
2025-08-15 00:53:55,575 - DEBUG - Joint score for alpha[0]: 0.1099
2025-08-15 00:53:59,086 - DEBUG - Joint score for alpha[1]: 0.1104
2025-08-15 00:54:02,594 - DEBUG - Joint score for alpha[2]: 0.1104
2025-08-15 00:54:06,102 - DEBUG - Joint score for alpha[3]: 0.1104
2025-08-15 00:54:09,610 - DEBUG - Joint score for alpha[4]: 0.1095
2025-08-15 00:54:13,116 - DEBUG - Joint score for alpha[5]: 0.1105
2025-08-15 00:54:16,625 - DEBUG - Joint score for alpha[6]: 0.1098
2025-08-15 00:54:20,132 - DEBUG - Joint score for alpha[7]: 0.1105
2025-08-15 00:54:23,639 - DEBUG - Joint score for alpha[8]: 0.1098
2025-08-15 00:54:27,147 - DEBUG - Joint score for alpha[9]: 0.1117
2025-08-15 00:54:30,657 - DEBUG - Joint score for alpha[10]: 0.1103
2025-08-15 00:54:34,165 - DEBUG - Joint score for alpha[11]: 0.1109
2025-08-15 00:54:37,673 - DEBUG - Joint score for alpha[12]: 0.1107
2025-08-15 00:54:41,181 - DEBUG - Joint score for alpha[13]: 0.1100
2025-08-15 00:54:44,690 - DEBUG - Joint score for alpha[14]: 0.1115
2025-08-15 00:54:48,198 - DEBUG - Joint score for alpha[15]: 0.1116
2025-08-15 00:54:55,025 - DEBUG - Joint score for alpha[0]: 0.1096
2025-08-15 00:54:58,536 - DEBUG - Joint score for alpha[1]: 0.1106
2025-08-15 00:55:02,044 - DEBUG - Joint score for alpha[2]: 0.1101
2025-08-15 00:55:05,552 - DEBUG - Joint score for alpha[3]: 0.1110
2025-08-15 00:55:09,062 - DEBUG - Joint score for alpha[4]: 0.1113
2025-08-15 00:55:12,570 - DEBUG - Joint score for alpha[5]: 0.1113
2025-08-15 00:55:16,080 - DEBUG - Joint score for alpha[6]: 0.1104
2025-08-15 00:55:19,588 - DEBUG - Joint score for alpha[7]: 0.1096
2025-08-15 00:55:23,096 - DEBUG - Joint score for alpha[8]: 0.1128
2025-08-15 00:55:26,603 - DEBUG - Joint score for alpha[9]: 0.1104
2025-08-15 00:55:30,113 - DEBUG - Joint score for alpha[10]: 0.1096
2025-08-15 00:55:33,623 - DEBUG - Joint score for alpha[11]: 0.1108
2025-08-15 00:55:37,130 - DEBUG - Joint score for alpha[12]: 0.1098
2025-08-15 00:55:40,638 - DEBUG - Joint score for alpha[13]: 0.1100
2025-08-15 00:55:44,146 - DEBUG - Joint score for alpha[14]: 0.1094
2025-08-15 00:55:47,653 - DEBUG - Joint score for alpha[15]: 0.1102
2025-08-15 00:55:47,694 - INFO - Step 13/120: mean CRPS=0.1101
2025-08-15 00:55:47,695 - DEBUG - Beginning Gibbs iteration s = 13
2025-08-15 00:56:01,328 - DEBUG - Joint score for alpha[0]: 0.1104
2025-08-15 00:56:04,839 - DEBUG - Joint score for alpha[1]: 0.1077
2025-08-15 00:56:08,347 - DEBUG - Joint score for alpha[2]: 0.1084
2025-08-15 00:56:11,855 - DEBUG - Joint score for alpha[3]: 0.1086
2025-08-15 00:56:15,364 - DEBUG - Joint score for alpha[4]: 0.1143
2025-08-15 00:56:18,870 - DEBUG - Joint score for alpha[5]: 0.1114
2025-08-15 00:56:22,378 - DEBUG - Joint score for alpha[6]: 0.1095
2025-08-15 00:56:25,885 - DEBUG - Joint score for alpha[7]: 0.1079
2025-08-15 00:56:29,391 - DEBUG - Joint score for alpha[8]: 0.1084
2025-08-15 00:56:32,897 - DEBUG - Joint score for alpha[9]: 0.1085
2025-08-15 00:56:36,406 - DEBUG - Joint score for alpha[10]: 0.1123
2025-08-15 00:56:39,913 - DEBUG - Joint score for alpha[11]: 0.1075
2025-08-15 00:56:43,420 - DEBUG - Joint score for alpha[12]: 0.1109
2025-08-15 00:56:46,927 - DEBUG - Joint score for alpha[13]: 0.1084
2025-08-15 00:56:50,435 - DEBUG - Joint score for alpha[14]: 0.1121
2025-08-15 00:56:53,943 - DEBUG - Joint score for alpha[15]: 0.1086
2025-08-15 00:57:00,597 - DEBUG - Joint score for alpha[0]: 0.1085
2025-08-15 00:57:04,108 - DEBUG - Joint score for alpha[1]: 0.1079
2025-08-15 00:57:07,617 - DEBUG - Joint score for alpha[2]: 0.1098
2025-08-15 00:57:11,126 - DEBUG - Joint score for alpha[3]: 0.1091
2025-08-15 00:57:14,635 - DEBUG - Joint score for alpha[4]: 0.1108
2025-08-15 00:57:18,142 - DEBUG - Joint score for alpha[5]: 0.1095
2025-08-15 00:57:21,650 - DEBUG - Joint score for alpha[6]: 0.1099
2025-08-15 00:57:25,158 - DEBUG - Joint score for alpha[7]: 0.1086
2025-08-15 00:57:28,666 - DEBUG - Joint score for alpha[8]: 0.1074
2025-08-15 00:57:32,174 - DEBUG - Joint score for alpha[9]: 0.1117
2025-08-15 00:57:35,685 - DEBUG - Joint score for alpha[10]: 0.1073
2025-08-15 00:57:39,194 - DEBUG - Joint score for alpha[11]: 0.1101
2025-08-15 00:57:42,703 - DEBUG - Joint score for alpha[12]: 0.1090
2025-08-15 00:57:46,214 - DEBUG - Joint score for alpha[13]: 0.1082
2025-08-15 00:57:49,722 - DEBUG - Joint score for alpha[14]: 0.1075
2025-08-15 00:57:53,231 - DEBUG - Joint score for alpha[15]: 0.1120
2025-08-15 00:58:00,052 - DEBUG - Joint score for alpha[0]: 0.1103
2025-08-15 00:58:03,564 - DEBUG - Joint score for alpha[1]: 0.1089
2025-08-15 00:58:07,075 - DEBUG - Joint score for alpha[2]: 0.1084
2025-08-15 00:58:10,586 - DEBUG - Joint score for alpha[3]: 0.1084
2025-08-15 00:58:14,094 - DEBUG - Joint score for alpha[4]: 0.1086
2025-08-15 00:58:17,601 - DEBUG - Joint score for alpha[5]: 0.1086
2025-08-15 00:58:21,109 - DEBUG - Joint score for alpha[6]: 0.1094
2025-08-15 00:58:24,615 - DEBUG - Joint score for alpha[7]: 0.1099
2025-08-15 00:58:28,122 - DEBUG - Joint score for alpha[8]: 0.1090
2025-08-15 00:58:31,629 - DEBUG - Joint score for alpha[9]: 0.1086
2025-08-15 00:58:35,139 - DEBUG - Joint score for alpha[10]: 0.1093
2025-08-15 00:58:38,647 - DEBUG - Joint score for alpha[11]: 0.1093
2025-08-15 00:58:42,154 - DEBUG - Joint score for alpha[12]: 0.1086
2025-08-15 00:58:45,663 - DEBUG - Joint score for alpha[13]: 0.1085
2025-08-15 00:58:49,173 - DEBUG - Joint score for alpha[14]: 0.1094
2025-08-15 00:58:52,682 - DEBUG - Joint score for alpha[15]: 0.1094
2025-08-15 00:58:59,506 - DEBUG - Joint score for alpha[0]: 0.1088
2025-08-15 00:59:03,019 - DEBUG - Joint score for alpha[1]: 0.1094
2025-08-15 00:59:06,528 - DEBUG - Joint score for alpha[2]: 0.1095
2025-08-15 00:59:10,036 - DEBUG - Joint score for alpha[3]: 0.1108
2025-08-15 00:59:13,545 - DEBUG - Joint score for alpha[4]: 0.1094
2025-08-15 00:59:17,052 - DEBUG - Joint score for alpha[5]: 0.1112
2025-08-15 00:59:20,560 - DEBUG - Joint score for alpha[6]: 0.1083
2025-08-15 00:59:24,068 - DEBUG - Joint score for alpha[7]: 0.1087
2025-08-15 00:59:27,576 - DEBUG - Joint score for alpha[8]: 0.1089
2025-08-15 00:59:31,084 - DEBUG - Joint score for alpha[9]: 0.1091
2025-08-15 00:59:34,595 - DEBUG - Joint score for alpha[10]: 0.1102
2025-08-15 00:59:38,104 - DEBUG - Joint score for alpha[11]: 0.1107
2025-08-15 00:59:41,611 - DEBUG - Joint score for alpha[12]: 0.1087
2025-08-15 00:59:45,119 - DEBUG - Joint score for alpha[13]: 0.1092
2025-08-15 00:59:48,627 - DEBUG - Joint score for alpha[14]: 0.1086
2025-08-15 00:59:52,135 - DEBUG - Joint score for alpha[15]: 0.1105
2025-08-15 00:59:58,958 - DEBUG - Joint score for alpha[0]: 0.1122
2025-08-15 01:00:02,470 - DEBUG - Joint score for alpha[1]: 0.1102
2025-08-15 01:00:05,977 - DEBUG - Joint score for alpha[2]: 0.1118
2025-08-15 01:00:09,484 - DEBUG - Joint score for alpha[3]: 0.1109
2025-08-15 01:00:12,992 - DEBUG - Joint score for alpha[4]: 0.1107
2025-08-15 01:00:16,498 - DEBUG - Joint score for alpha[5]: 0.1102
2025-08-15 01:00:20,005 - DEBUG - Joint score for alpha[6]: 0.1100
2025-08-15 01:00:23,512 - DEBUG - Joint score for alpha[7]: 0.1108
2025-08-15 01:00:27,018 - DEBUG - Joint score for alpha[8]: 0.1118
2025-08-15 01:00:30,523 - DEBUG - Joint score for alpha[9]: 0.1114
2025-08-15 01:00:34,032 - DEBUG - Joint score for alpha[10]: 0.1101
2025-08-15 01:00:37,539 - DEBUG - Joint score for alpha[11]: 0.1102
2025-08-15 01:00:41,045 - DEBUG - Joint score for alpha[12]: 0.1102
2025-08-15 01:00:44,552 - DEBUG - Joint score for alpha[13]: 0.1104
2025-08-15 01:00:48,058 - DEBUG - Joint score for alpha[14]: 0.1107
2025-08-15 01:00:51,563 - DEBUG - Joint score for alpha[15]: 0.1101
2025-08-15 01:00:51,605 - INFO - Step 14/120: mean CRPS=0.1097
2025-08-15 01:00:51,607 - DEBUG - Beginning Gibbs iteration s = 14
2025-08-15 01:01:01,693 - DEBUG - Joint score for alpha[0]: 0.1087
2025-08-15 01:01:05,203 - DEBUG - Joint score for alpha[1]: 0.1085
2025-08-15 01:01:08,711 - DEBUG - Joint score for alpha[2]: 0.1134
2025-08-15 01:01:12,219 - DEBUG - Joint score for alpha[3]: 0.1107
2025-08-15 01:01:15,729 - DEBUG - Joint score for alpha[4]: 0.1115
2025-08-15 01:01:19,236 - DEBUG - Joint score for alpha[5]: 0.1102
2025-08-15 01:01:22,745 - DEBUG - Joint score for alpha[6]: 0.1108
2025-08-15 01:01:26,253 - DEBUG - Joint score for alpha[7]: 0.1083
2025-08-15 01:01:29,761 - DEBUG - Joint score for alpha[8]: 0.1113
2025-08-15 01:01:33,269 - DEBUG - Joint score for alpha[9]: 0.1107
2025-08-15 01:01:36,780 - DEBUG - Joint score for alpha[10]: 0.1096
2025-08-15 01:01:40,289 - DEBUG - Joint score for alpha[11]: 0.1096
2025-08-15 01:01:43,797 - DEBUG - Joint score for alpha[12]: 0.1132
2025-08-15 01:01:47,307 - DEBUG - Joint score for alpha[13]: 0.1084
2025-08-15 01:01:50,815 - DEBUG - Joint score for alpha[14]: 0.1091
2025-08-15 01:01:54,320 - DEBUG - Joint score for alpha[15]: 0.1085
2025-08-15 01:02:01,144 - DEBUG - Joint score for alpha[0]: 0.1082
2025-08-15 01:02:04,654 - DEBUG - Joint score for alpha[1]: 0.1081
2025-08-15 01:02:08,162 - DEBUG - Joint score for alpha[2]: 0.1097
2025-08-15 01:02:11,669 - DEBUG - Joint score for alpha[3]: 0.1084
2025-08-15 01:02:15,178 - DEBUG - Joint score for alpha[4]: 0.1072
2025-08-15 01:02:18,684 - DEBUG - Joint score for alpha[5]: 0.1102
2025-08-15 01:02:22,192 - DEBUG - Joint score for alpha[6]: 0.1076
2025-08-15 01:02:25,699 - DEBUG - Joint score for alpha[7]: 0.1124
2025-08-15 01:02:29,206 - DEBUG - Joint score for alpha[8]: 0.1114
2025-08-15 01:02:32,712 - DEBUG - Joint score for alpha[9]: 0.1090
2025-08-15 01:02:36,222 - DEBUG - Joint score for alpha[10]: 0.1111
2025-08-15 01:02:39,731 - DEBUG - Joint score for alpha[11]: 0.1051
2025-08-15 01:02:43,239 - DEBUG - Joint score for alpha[12]: 0.1081
2025-08-15 01:02:46,749 - DEBUG - Joint score for alpha[13]: 0.1100
2025-08-15 01:02:50,259 - DEBUG - Joint score for alpha[14]: 0.1117
2025-08-15 01:02:53,767 - DEBUG - Joint score for alpha[15]: 0.1075
2025-08-15 01:03:00,561 - DEBUG - Joint score for alpha[0]: 0.1062
2025-08-15 01:03:04,075 - DEBUG - Joint score for alpha[1]: 0.1048
2025-08-15 01:03:07,585 - DEBUG - Joint score for alpha[2]: 0.1051
2025-08-15 01:03:11,095 - DEBUG - Joint score for alpha[3]: 0.1045
2025-08-15 01:03:14,604 - DEBUG - Joint score for alpha[4]: 0.1063
2025-08-15 01:03:18,112 - DEBUG - Joint score for alpha[5]: 0.1054
2025-08-15 01:03:21,620 - DEBUG - Joint score for alpha[6]: 0.1042
2025-08-15 01:03:25,127 - DEBUG - Joint score for alpha[7]: 0.1066
2025-08-15 01:03:28,634 - DEBUG - Joint score for alpha[8]: 0.1046
2025-08-15 01:03:32,141 - DEBUG - Joint score for alpha[9]: 0.1055
2025-08-15 01:03:35,650 - DEBUG - Joint score for alpha[10]: 0.1043
2025-08-15 01:03:39,158 - DEBUG - Joint score for alpha[11]: 0.1047
2025-08-15 01:03:42,665 - DEBUG - Joint score for alpha[12]: 0.1050
2025-08-15 01:03:46,173 - DEBUG - Joint score for alpha[13]: 0.1060
2025-08-15 01:03:49,680 - DEBUG - Joint score for alpha[14]: 0.1051
2025-08-15 01:03:53,186 - DEBUG - Joint score for alpha[15]: 0.1055
2025-08-15 01:03:59,976 - DEBUG - Joint score for alpha[0]: 0.1056
2025-08-15 01:04:03,488 - DEBUG - Joint score for alpha[1]: 0.1045
2025-08-15 01:04:06,997 - DEBUG - Joint score for alpha[2]: 0.1046
2025-08-15 01:04:10,506 - DEBUG - Joint score for alpha[3]: 0.1055
2025-08-15 01:04:14,016 - DEBUG - Joint score for alpha[4]: 0.1065
2025-08-15 01:04:17,525 - DEBUG - Joint score for alpha[5]: 0.1062
2025-08-15 01:04:21,034 - DEBUG - Joint score for alpha[6]: 0.1054
2025-08-15 01:04:24,542 - DEBUG - Joint score for alpha[7]: 0.1055
2025-08-15 01:04:28,052 - DEBUG - Joint score for alpha[8]: 0.1041
2025-08-15 01:04:31,560 - DEBUG - Joint score for alpha[9]: 0.1054
2025-08-15 01:04:35,066 - DEBUG - Joint score for alpha[10]: 0.1048
2025-08-15 01:04:38,576 - DEBUG - Joint score for alpha[11]: 0.1063
2025-08-15 01:04:42,082 - DEBUG - Joint score for alpha[12]: 0.1048
2025-08-15 01:04:45,592 - DEBUG - Joint score for alpha[13]: 0.1042
2025-08-15 01:04:49,099 - DEBUG - Joint score for alpha[14]: 0.1060
2025-08-15 01:04:52,605 - DEBUG - Joint score for alpha[15]: 0.1061
2025-08-15 01:04:59,398 - DEBUG - Joint score for alpha[0]: 0.1067
2025-08-15 01:05:02,910 - DEBUG - Joint score for alpha[1]: 0.1070
2025-08-15 01:05:06,419 - DEBUG - Joint score for alpha[2]: 0.1081
2025-08-15 01:05:09,929 - DEBUG - Joint score for alpha[3]: 0.1068
2025-08-15 01:05:13,440 - DEBUG - Joint score for alpha[4]: 0.1061
2025-08-15 01:05:16,949 - DEBUG - Joint score for alpha[5]: 0.1070
2025-08-15 01:05:20,458 - DEBUG - Joint score for alpha[6]: 0.1070
2025-08-15 01:05:23,967 - DEBUG - Joint score for alpha[7]: 0.1066
2025-08-15 01:05:27,476 - DEBUG - Joint score for alpha[8]: 0.1077
2025-08-15 01:05:30,985 - DEBUG - Joint score for alpha[9]: 0.1067
2025-08-15 01:05:34,496 - DEBUG - Joint score for alpha[10]: 0.1066
2025-08-15 01:05:38,007 - DEBUG - Joint score for alpha[11]: 0.1068
2025-08-15 01:05:41,516 - DEBUG - Joint score for alpha[12]: 0.1070
2025-08-15 01:05:45,023 - DEBUG - Joint score for alpha[13]: 0.1059
2025-08-15 01:05:48,530 - DEBUG - Joint score for alpha[14]: 0.1060
2025-08-15 01:05:52,037 - DEBUG - Joint score for alpha[15]: 0.1065
2025-08-15 01:05:52,078 - INFO - Step 15/120: mean CRPS=0.1064
2025-08-15 01:05:52,080 - DEBUG - Beginning Gibbs iteration s = 15
2025-08-15 01:05:54,691 - DEBUG - Proposal variance adapted: 0.061
2025-08-15 01:06:01,452 - DEBUG - Joint score for alpha[0]: 0.1070
2025-08-15 01:06:04,963 - DEBUG - Joint score for alpha[1]: 0.1065
2025-08-15 01:06:08,473 - DEBUG - Joint score for alpha[2]: 0.1099
2025-08-15 01:06:11,981 - DEBUG - Joint score for alpha[3]: 0.1088
2025-08-15 01:06:15,491 - DEBUG - Joint score for alpha[4]: 0.1093
2025-08-15 01:06:18,999 - DEBUG - Joint score for alpha[5]: 0.1099
2025-08-15 01:06:22,508 - DEBUG - Joint score for alpha[6]: 0.1067
2025-08-15 01:06:26,017 - DEBUG - Joint score for alpha[7]: 0.1066
2025-08-15 01:06:29,526 - DEBUG - Joint score for alpha[8]: 0.1067
2025-08-15 01:06:33,034 - DEBUG - Joint score for alpha[9]: 0.1070
2025-08-15 01:06:36,543 - DEBUG - Joint score for alpha[10]: 0.1075
2025-08-15 01:06:40,050 - DEBUG - Joint score for alpha[11]: 0.1067
2025-08-15 01:06:43,557 - DEBUG - Joint score for alpha[12]: 0.1065
2025-08-15 01:06:47,065 - DEBUG - Joint score for alpha[13]: 0.1087
2025-08-15 01:06:50,573 - DEBUG - Joint score for alpha[14]: 0.1082
2025-08-15 01:06:54,081 - DEBUG - Joint score for alpha[15]: 0.1069
2025-08-15 01:07:00,872 - DEBUG - Joint score for alpha[0]: 0.1066
2025-08-15 01:07:04,382 - DEBUG - Joint score for alpha[1]: 0.1068
2025-08-15 01:07:07,891 - DEBUG - Joint score for alpha[2]: 0.1058
2025-08-15 01:07:11,400 - DEBUG - Joint score for alpha[3]: 0.1074
2025-08-15 01:07:14,911 - DEBUG - Joint score for alpha[4]: 0.1060
2025-08-15 01:07:18,420 - DEBUG - Joint score for alpha[5]: 0.1072
2025-08-15 01:07:21,931 - DEBUG - Joint score for alpha[6]: 0.1061
2025-08-15 01:07:25,440 - DEBUG - Joint score for alpha[7]: 0.1067
2025-08-15 01:07:28,951 - DEBUG - Joint score for alpha[8]: 0.1056
2025-08-15 01:07:32,461 - DEBUG - Joint score for alpha[9]: 0.1056
2025-08-15 01:07:35,970 - DEBUG - Joint score for alpha[10]: 0.1068
2025-08-15 01:07:39,482 - DEBUG - Joint score for alpha[11]: 0.1078
2025-08-15 01:07:42,993 - DEBUG - Joint score for alpha[12]: 0.1065
2025-08-15 01:07:46,506 - DEBUG - Joint score for alpha[13]: 0.1102
2025-08-15 01:07:50,018 - DEBUG - Joint score for alpha[14]: 0.1056
2025-08-15 01:07:53,529 - DEBUG - Joint score for alpha[15]: 0.1060
2025-08-15 01:08:00,350 - DEBUG - Joint score for alpha[0]: 0.1077
2025-08-15 01:08:03,863 - DEBUG - Joint score for alpha[1]: 0.1075
2025-08-15 01:08:07,375 - DEBUG - Joint score for alpha[2]: 0.1083
2025-08-15 01:08:10,886 - DEBUG - Joint score for alpha[3]: 0.1074
2025-08-15 01:08:14,399 - DEBUG - Joint score for alpha[4]: 0.1075
2025-08-15 01:08:17,910 - DEBUG - Joint score for alpha[5]: 0.1080
2025-08-15 01:08:21,421 - DEBUG - Joint score for alpha[6]: 0.1083
2025-08-15 01:08:24,932 - DEBUG - Joint score for alpha[7]: 0.1084
2025-08-15 01:08:28,442 - DEBUG - Joint score for alpha[8]: 0.1078
2025-08-15 01:08:31,952 - DEBUG - Joint score for alpha[9]: 0.1081
2025-08-15 01:08:35,465 - DEBUG - Joint score for alpha[10]: 0.1083
2025-08-15 01:08:38,976 - DEBUG - Joint score for alpha[11]: 0.1092
2025-08-15 01:08:42,487 - DEBUG - Joint score for alpha[12]: 0.1080
2025-08-15 01:08:45,999 - DEBUG - Joint score for alpha[13]: 0.1088
2025-08-15 01:08:49,510 - DEBUG - Joint score for alpha[14]: 0.1086
2025-08-15 01:08:53,019 - DEBUG - Joint score for alpha[15]: 0.1077
2025-08-15 01:08:59,844 - DEBUG - Joint score for alpha[0]: 0.1101
2025-08-15 01:09:03,358 - DEBUG - Joint score for alpha[1]: 0.1080
2025-08-15 01:09:06,870 - DEBUG - Joint score for alpha[2]: 0.1091
2025-08-15 01:09:10,381 - DEBUG - Joint score for alpha[3]: 0.1067
2025-08-15 01:09:13,893 - DEBUG - Joint score for alpha[4]: 0.1089
2025-08-15 01:09:17,403 - DEBUG - Joint score for alpha[5]: 0.1100
2025-08-15 01:09:20,916 - DEBUG - Joint score for alpha[6]: 0.1087
2025-08-15 01:09:24,426 - DEBUG - Joint score for alpha[7]: 0.1093
2025-08-15 01:09:27,935 - DEBUG - Joint score for alpha[8]: 0.1082
2025-08-15 01:09:31,446 - DEBUG - Joint score for alpha[9]: 0.1091
2025-08-15 01:09:34,953 - DEBUG - Joint score for alpha[10]: 0.1087
2025-08-15 01:09:38,465 - DEBUG - Joint score for alpha[11]: 0.1096
2025-08-15 01:09:41,975 - DEBUG - Joint score for alpha[12]: 0.1089
2025-08-15 01:09:45,486 - DEBUG - Joint score for alpha[13]: 0.1083
2025-08-15 01:09:48,996 - DEBUG - Joint score for alpha[14]: 0.1096
2025-08-15 01:09:52,505 - DEBUG - Joint score for alpha[15]: 0.1081
2025-08-15 01:09:59,320 - DEBUG - Joint score for alpha[0]: 0.1091
2025-08-15 01:10:02,834 - DEBUG - Joint score for alpha[1]: 0.1096
2025-08-15 01:10:06,346 - DEBUG - Joint score for alpha[2]: 0.1099
2025-08-15 01:10:09,858 - DEBUG - Joint score for alpha[3]: 0.1089
2025-08-15 01:10:13,370 - DEBUG - Joint score for alpha[4]: 0.1095
2025-08-15 01:10:16,881 - DEBUG - Joint score for alpha[5]: 0.1082
2025-08-15 01:10:20,394 - DEBUG - Joint score for alpha[6]: 0.1090
2025-08-15 01:10:23,906 - DEBUG - Joint score for alpha[7]: 0.1093
2025-08-15 01:10:27,417 - DEBUG - Joint score for alpha[8]: 0.1097
2025-08-15 01:10:30,928 - DEBUG - Joint score for alpha[9]: 0.1091
2025-08-15 01:10:34,443 - DEBUG - Joint score for alpha[10]: 0.1094
2025-08-15 01:10:37,956 - DEBUG - Joint score for alpha[11]: 0.1087
2025-08-15 01:10:41,467 - DEBUG - Joint score for alpha[12]: 0.1087
2025-08-15 01:10:44,978 - DEBUG - Joint score for alpha[13]: 0.1092
2025-08-15 01:10:48,490 - DEBUG - Joint score for alpha[14]: 0.1086
2025-08-15 01:10:52,001 - DEBUG - Joint score for alpha[15]: 0.1100
2025-08-15 01:10:52,042 - INFO - Step 16/120: mean CRPS=0.1084
2025-08-15 01:10:52,044 - DEBUG - Beginning Gibbs iteration s = 16
2025-08-15 01:11:01,806 - DEBUG - Joint score for alpha[0]: 0.1105
2025-08-15 01:11:05,320 - DEBUG - Joint score for alpha[1]: 0.1098
2025-08-15 01:11:08,830 - DEBUG - Joint score for alpha[2]: 0.1091
2025-08-15 01:11:12,340 - DEBUG - Joint score for alpha[3]: 0.1099
2025-08-15 01:11:15,850 - DEBUG - Joint score for alpha[4]: 0.1100
2025-08-15 01:11:19,359 - DEBUG - Joint score for alpha[5]: 0.1104
2025-08-15 01:11:22,869 - DEBUG - Joint score for alpha[6]: 0.1101
2025-08-15 01:11:26,377 - DEBUG - Joint score for alpha[7]: 0.1097
2025-08-15 01:11:29,885 - DEBUG - Joint score for alpha[8]: 0.1091
2025-08-15 01:11:33,392 - DEBUG - Joint score for alpha[9]: 0.1112
2025-08-15 01:11:36,903 - DEBUG - Joint score for alpha[10]: 0.1098
2025-08-15 01:11:40,412 - DEBUG - Joint score for alpha[11]: 0.1102
2025-08-15 01:11:43,920 - DEBUG - Joint score for alpha[12]: 0.1100
2025-08-15 01:11:47,430 - DEBUG - Joint score for alpha[13]: 0.1102
2025-08-15 01:11:50,938 - DEBUG - Joint score for alpha[14]: 0.1094
2025-08-15 01:11:54,447 - DEBUG - Joint score for alpha[15]: 0.1096
2025-08-15 01:12:01,271 - DEBUG - Joint score for alpha[0]: 0.1108
2025-08-15 01:12:04,785 - DEBUG - Joint score for alpha[1]: 0.1098
2025-08-15 01:12:08,296 - DEBUG - Joint score for alpha[2]: 0.1114
2025-08-15 01:12:11,804 - DEBUG - Joint score for alpha[3]: 0.1092
2025-08-15 01:12:15,312 - DEBUG - Joint score for alpha[4]: 0.1079
2025-08-15 01:12:18,819 - DEBUG - Joint score for alpha[5]: 0.1099
2025-08-15 01:12:22,327 - DEBUG - Joint score for alpha[6]: 0.1081
2025-08-15 01:12:25,833 - DEBUG - Joint score for alpha[7]: 0.1108
2025-08-15 01:12:29,340 - DEBUG - Joint score for alpha[8]: 0.1078
2025-08-15 01:12:32,846 - DEBUG - Joint score for alpha[9]: 0.1120
2025-08-15 01:12:36,355 - DEBUG - Joint score for alpha[10]: 0.1088
2025-08-15 01:12:39,863 - DEBUG - Joint score for alpha[11]: 0.1092
2025-08-15 01:12:43,370 - DEBUG - Joint score for alpha[12]: 0.1116
2025-08-15 01:12:46,877 - DEBUG - Joint score for alpha[13]: 0.1096
2025-08-15 01:12:50,385 - DEBUG - Joint score for alpha[14]: 0.1112
2025-08-15 01:12:53,892 - DEBUG - Joint score for alpha[15]: 0.1115
2025-08-15 01:13:00,711 - DEBUG - Joint score for alpha[0]: 0.1068
2025-08-15 01:13:04,224 - DEBUG - Joint score for alpha[1]: 0.1080
2025-08-15 01:13:07,735 - DEBUG - Joint score for alpha[2]: 0.1076
2025-08-15 01:13:11,246 - DEBUG - Joint score for alpha[3]: 0.1084
2025-08-15 01:13:14,757 - DEBUG - Joint score for alpha[4]: 0.1077
2025-08-15 01:13:18,266 - DEBUG - Joint score for alpha[5]: 0.1077
2025-08-15 01:13:21,777 - DEBUG - Joint score for alpha[6]: 0.1078
2025-08-15 01:13:25,285 - DEBUG - Joint score for alpha[7]: 0.1074
2025-08-15 01:13:28,794 - DEBUG - Joint score for alpha[8]: 0.1072
2025-08-15 01:13:32,301 - DEBUG - Joint score for alpha[9]: 0.1076
2025-08-15 01:13:35,811 - DEBUG - Joint score for alpha[10]: 0.1078
2025-08-15 01:13:39,320 - DEBUG - Joint score for alpha[11]: 0.1074
2025-08-15 01:13:42,828 - DEBUG - Joint score for alpha[12]: 0.1083
2025-08-15 01:13:46,337 - DEBUG - Joint score for alpha[13]: 0.1081
2025-08-15 01:13:49,845 - DEBUG - Joint score for alpha[14]: 0.1080
2025-08-15 01:13:53,354 - DEBUG - Joint score for alpha[15]: 0.1071
2025-08-15 01:14:00,180 - DEBUG - Joint score for alpha[0]: 0.1068
2025-08-15 01:14:03,694 - DEBUG - Joint score for alpha[1]: 0.1068
2025-08-15 01:14:07,206 - DEBUG - Joint score for alpha[2]: 0.1065
2025-08-15 01:14:10,718 - DEBUG - Joint score for alpha[3]: 0.1066
2025-08-15 01:14:14,231 - DEBUG - Joint score for alpha[4]: 0.1072
2025-08-15 01:14:17,742 - DEBUG - Joint score for alpha[5]: 0.1068
2025-08-15 01:14:21,254 - DEBUG - Joint score for alpha[6]: 0.1071
2025-08-15 01:14:24,764 - DEBUG - Joint score for alpha[7]: 0.1060
2025-08-15 01:14:28,273 - DEBUG - Joint score for alpha[8]: 0.1082
2025-08-15 01:14:31,782 - DEBUG - Joint score for alpha[9]: 0.1067
2025-08-15 01:14:35,290 - DEBUG - Joint score for alpha[10]: 0.1069
2025-08-15 01:14:38,800 - DEBUG - Joint score for alpha[11]: 0.1069
2025-08-15 01:14:42,308 - DEBUG - Joint score for alpha[12]: 0.1083
2025-08-15 01:14:45,818 - DEBUG - Joint score for alpha[13]: 0.1086
2025-08-15 01:14:49,325 - DEBUG - Joint score for alpha[14]: 0.1070
2025-08-15 01:14:52,834 - DEBUG - Joint score for alpha[15]: 0.1060
2025-08-15 01:14:59,646 - DEBUG - Joint score for alpha[0]: 0.1081
2025-08-15 01:15:03,159 - DEBUG - Joint score for alpha[1]: 0.1087
2025-08-15 01:15:06,670 - DEBUG - Joint score for alpha[2]: 0.1082
2025-08-15 01:15:10,181 - DEBUG - Joint score for alpha[3]: 0.1080
2025-08-15 01:15:13,690 - DEBUG - Joint score for alpha[4]: 0.1084
2025-08-15 01:15:17,197 - DEBUG - Joint score for alpha[5]: 0.1079
2025-08-15 01:15:20,705 - DEBUG - Joint score for alpha[6]: 0.1093
2025-08-15 01:15:24,212 - DEBUG - Joint score for alpha[7]: 0.1082
2025-08-15 01:15:27,720 - DEBUG - Joint score for alpha[8]: 0.1084
2025-08-15 01:15:31,227 - DEBUG - Joint score for alpha[9]: 0.1075
2025-08-15 01:15:34,737 - DEBUG - Joint score for alpha[10]: 0.1087
2025-08-15 01:15:38,246 - DEBUG - Joint score for alpha[11]: 0.1076
2025-08-15 01:15:41,754 - DEBUG - Joint score for alpha[12]: 0.1078
2025-08-15 01:15:45,262 - DEBUG - Joint score for alpha[13]: 0.1084
2025-08-15 01:15:48,770 - DEBUG - Joint score for alpha[14]: 0.1085
2025-08-15 01:15:52,278 - DEBUG - Joint score for alpha[15]: 0.1085
2025-08-15 01:15:52,319 - INFO - Step 17/120: mean CRPS=0.1082
2025-08-15 01:15:52,323 - DEBUG - Beginning Gibbs iteration s = 17
2025-08-15 01:16:02,011 - DEBUG - Joint score for alpha[0]: 0.1098
2025-08-15 01:16:05,524 - DEBUG - Joint score for alpha[1]: 0.1075
2025-08-15 01:16:09,035 - DEBUG - Joint score for alpha[2]: 0.1070
2025-08-15 01:16:12,545 - DEBUG - Joint score for alpha[3]: 0.1109
2025-08-15 01:16:16,055 - DEBUG - Joint score for alpha[4]: 0.1069
2025-08-15 01:16:19,565 - DEBUG - Joint score for alpha[5]: 0.1078
2025-08-15 01:16:23,076 - DEBUG - Joint score for alpha[6]: 0.1100
2025-08-15 01:16:26,586 - DEBUG - Joint score for alpha[7]: 0.1072
2025-08-15 01:16:30,096 - DEBUG - Joint score for alpha[8]: 0.1074
2025-08-15 01:16:33,605 - DEBUG - Joint score for alpha[9]: 0.1075
2025-08-15 01:16:37,113 - DEBUG - Joint score for alpha[10]: 0.1073
2025-08-15 01:16:40,625 - DEBUG - Joint score for alpha[11]: 0.1090
2025-08-15 01:16:44,134 - DEBUG - Joint score for alpha[12]: 0.1077
2025-08-15 01:16:47,644 - DEBUG - Joint score for alpha[13]: 0.1075
2025-08-15 01:16:51,154 - DEBUG - Joint score for alpha[14]: 0.1079
2025-08-15 01:16:54,662 - DEBUG - Joint score for alpha[15]: 0.1071
2025-08-15 01:17:01,479 - DEBUG - Joint score for alpha[0]: 0.1108
2025-08-15 01:17:04,993 - DEBUG - Joint score for alpha[1]: 0.1104
2025-08-15 01:17:08,505 - DEBUG - Joint score for alpha[2]: 0.1106
2025-08-15 01:17:12,015 - DEBUG - Joint score for alpha[3]: 0.1110
2025-08-15 01:17:15,525 - DEBUG - Joint score for alpha[4]: 0.1102
2025-08-15 01:17:19,033 - DEBUG - Joint score for alpha[5]: 0.1098
2025-08-15 01:17:22,542 - DEBUG - Joint score for alpha[6]: 0.1096
2025-08-15 01:17:26,050 - DEBUG - Joint score for alpha[7]: 0.1102
2025-08-15 01:17:29,558 - DEBUG - Joint score for alpha[8]: 0.1113
2025-08-15 01:17:33,065 - DEBUG - Joint score for alpha[9]: 0.1108
2025-08-15 01:17:36,575 - DEBUG - Joint score for alpha[10]: 0.1104
2025-08-15 01:17:40,084 - DEBUG - Joint score for alpha[11]: 0.1103
2025-08-15 01:17:43,592 - DEBUG - Joint score for alpha[12]: 0.1100
2025-08-15 01:17:47,101 - DEBUG - Joint score for alpha[13]: 0.1106
2025-08-15 01:17:50,610 - DEBUG - Joint score for alpha[14]: 0.1096
2025-08-15 01:17:54,119 - DEBUG - Joint score for alpha[15]: 0.1100
2025-08-15 01:18:00,925 - DEBUG - Joint score for alpha[0]: 0.1108
2025-08-15 01:18:04,439 - DEBUG - Joint score for alpha[1]: 0.1102
2025-08-15 01:18:07,949 - DEBUG - Joint score for alpha[2]: 0.1104
2025-08-15 01:18:11,456 - DEBUG - Joint score for alpha[3]: 0.1112
2025-08-15 01:18:14,965 - DEBUG - Joint score for alpha[4]: 0.1113
2025-08-15 01:18:18,472 - DEBUG - Joint score for alpha[5]: 0.1108
2025-08-15 01:18:21,981 - DEBUG - Joint score for alpha[6]: 0.1110
2025-08-15 01:18:25,489 - DEBUG - Joint score for alpha[7]: 0.1107
2025-08-15 01:18:28,997 - DEBUG - Joint score for alpha[8]: 0.1114
2025-08-15 01:18:32,504 - DEBUG - Joint score for alpha[9]: 0.1107
2025-08-15 01:18:36,015 - DEBUG - Joint score for alpha[10]: 0.1107
2025-08-15 01:18:39,524 - DEBUG - Joint score for alpha[11]: 0.1110
2025-08-15 01:18:43,032 - DEBUG - Joint score for alpha[12]: 0.1117
2025-08-15 01:18:46,541 - DEBUG - Joint score for alpha[13]: 0.1106
2025-08-15 01:18:50,050 - DEBUG - Joint score for alpha[14]: 0.1109
2025-08-15 01:18:53,558 - DEBUG - Joint score for alpha[15]: 0.1115
2025-08-15 01:19:00,358 - DEBUG - Joint score for alpha[0]: 0.1087
2025-08-15 01:19:03,873 - DEBUG - Joint score for alpha[1]: 0.1084
2025-08-15 01:19:07,384 - DEBUG - Joint score for alpha[2]: 0.1122
2025-08-15 01:19:10,896 - DEBUG - Joint score for alpha[3]: 0.1101
2025-08-15 01:19:14,409 - DEBUG - Joint score for alpha[4]: 0.1098
2025-08-15 01:19:17,919 - DEBUG - Joint score for alpha[5]: 0.1116
2025-08-15 01:19:21,430 - DEBUG - Joint score for alpha[6]: 0.1088
2025-08-15 01:19:24,938 - DEBUG - Joint score for alpha[7]: 0.1135
2025-08-15 01:19:28,446 - DEBUG - Joint score for alpha[8]: 0.1133
2025-08-15 01:19:31,955 - DEBUG - Joint score for alpha[9]: 0.1101
2025-08-15 01:19:35,466 - DEBUG - Joint score for alpha[10]: 0.1095
2025-08-15 01:19:38,974 - DEBUG - Joint score for alpha[11]: 0.1091
2025-08-15 01:19:42,482 - DEBUG - Joint score for alpha[12]: 0.1104
2025-08-15 01:19:45,992 - DEBUG - Joint score for alpha[13]: 0.1098
2025-08-15 01:19:49,501 - DEBUG - Joint score for alpha[14]: 0.1113
2025-08-15 01:19:53,009 - DEBUG - Joint score for alpha[15]: 0.1103
2025-08-15 01:19:59,814 - DEBUG - Joint score for alpha[0]: 0.1086
2025-08-15 01:20:03,328 - DEBUG - Joint score for alpha[1]: 0.1082
2025-08-15 01:20:06,839 - DEBUG - Joint score for alpha[2]: 0.1084
2025-08-15 01:20:10,351 - DEBUG - Joint score for alpha[3]: 0.1086
2025-08-15 01:20:13,863 - DEBUG - Joint score for alpha[4]: 0.1083
2025-08-15 01:20:17,374 - DEBUG - Joint score for alpha[5]: 0.1090
2025-08-15 01:20:20,885 - DEBUG - Joint score for alpha[6]: 0.1087
2025-08-15 01:20:24,394 - DEBUG - Joint score for alpha[7]: 0.1094
2025-08-15 01:20:27,901 - DEBUG - Joint score for alpha[8]: 0.1086
2025-08-15 01:20:31,408 - DEBUG - Joint score for alpha[9]: 0.1085
2025-08-15 01:20:34,918 - DEBUG - Joint score for alpha[10]: 0.1077
2025-08-15 01:20:38,428 - DEBUG - Joint score for alpha[11]: 0.1086
2025-08-15 01:20:41,937 - DEBUG - Joint score for alpha[12]: 0.1093
2025-08-15 01:20:45,447 - DEBUG - Joint score for alpha[13]: 0.1084
2025-08-15 01:20:48,960 - DEBUG - Joint score for alpha[14]: 0.1088
2025-08-15 01:20:52,469 - DEBUG - Joint score for alpha[15]: 0.1082
2025-08-15 01:20:52,510 - INFO - Step 18/120: mean CRPS=0.1096
2025-08-15 01:20:52,512 - DEBUG - Beginning Gibbs iteration s = 18
2025-08-15 01:21:01,171 - DEBUG - Joint score for alpha[0]: 0.1065
2025-08-15 01:21:04,685 - DEBUG - Joint score for alpha[1]: 0.1071
2025-08-15 01:21:08,197 - DEBUG - Joint score for alpha[2]: 0.1060
2025-08-15 01:21:11,709 - DEBUG - Joint score for alpha[3]: 0.1072
2025-08-15 01:21:15,222 - DEBUG - Joint score for alpha[4]: 0.1076
2025-08-15 01:21:18,733 - DEBUG - Joint score for alpha[5]: 0.1060
2025-08-15 01:21:22,245 - DEBUG - Joint score for alpha[6]: 0.1123
2025-08-15 01:21:25,757 - DEBUG - Joint score for alpha[7]: 0.1077
2025-08-15 01:21:29,268 - DEBUG - Joint score for alpha[8]: 0.1092
2025-08-15 01:21:32,780 - DEBUG - Joint score for alpha[9]: 0.1095
2025-08-15 01:21:36,294 - DEBUG - Joint score for alpha[10]: 0.1103
2025-08-15 01:21:39,808 - DEBUG - Joint score for alpha[11]: 0.1087
2025-08-15 01:21:43,320 - DEBUG - Joint score for alpha[12]: 0.1116
2025-08-15 01:21:46,832 - DEBUG - Joint score for alpha[13]: 0.1060
2025-08-15 01:21:50,343 - DEBUG - Joint score for alpha[14]: 0.1140
2025-08-15 01:21:53,854 - DEBUG - Joint score for alpha[15]: 0.1059
2025-08-15 01:22:00,664 - DEBUG - Joint score for alpha[0]: 0.1138
2025-08-15 01:22:04,177 - DEBUG - Joint score for alpha[1]: 0.1150
2025-08-15 01:22:07,689 - DEBUG - Joint score for alpha[2]: 0.1155
2025-08-15 01:22:11,200 - DEBUG - Joint score for alpha[3]: 0.1131
2025-08-15 01:22:14,711 - DEBUG - Joint score for alpha[4]: 0.1136
2025-08-15 01:22:18,220 - DEBUG - Joint score for alpha[5]: 0.1130
2025-08-15 01:22:21,732 - DEBUG - Joint score for alpha[6]: 0.1151
2025-08-15 01:22:25,243 - DEBUG - Joint score for alpha[7]: 0.1133
2025-08-15 01:22:28,753 - DEBUG - Joint score for alpha[8]: 0.1157
2025-08-15 01:22:32,264 - DEBUG - Joint score for alpha[9]: 0.1131
2025-08-15 01:22:35,777 - DEBUG - Joint score for alpha[10]: 0.1137
2025-08-15 01:22:39,289 - DEBUG - Joint score for alpha[11]: 0.1147
2025-08-15 01:22:42,799 - DEBUG - Joint score for alpha[12]: 0.1137
2025-08-15 01:22:46,311 - DEBUG - Joint score for alpha[13]: 0.1147
2025-08-15 01:22:49,820 - DEBUG - Joint score for alpha[14]: 0.1137
2025-08-15 01:22:53,328 - DEBUG - Joint score for alpha[15]: 0.1157
2025-08-15 01:23:00,167 - DEBUG - Joint score for alpha[0]: 0.1134
2025-08-15 01:23:03,680 - DEBUG - Joint score for alpha[1]: 0.1129
2025-08-15 01:23:07,192 - DEBUG - Joint score for alpha[2]: 0.1143
2025-08-15 01:23:10,702 - DEBUG - Joint score for alpha[3]: 0.1137
2025-08-15 01:23:14,215 - DEBUG - Joint score for alpha[4]: 0.1136
2025-08-15 01:23:17,725 - DEBUG - Joint score for alpha[5]: 0.1135
2025-08-15 01:23:21,237 - DEBUG - Joint score for alpha[6]: 0.1137
2025-08-15 01:23:24,747 - DEBUG - Joint score for alpha[7]: 0.1133
2025-08-15 01:23:28,257 - DEBUG - Joint score for alpha[8]: 0.1135
2025-08-15 01:23:31,767 - DEBUG - Joint score for alpha[9]: 0.1131
2025-08-15 01:23:35,280 - DEBUG - Joint score for alpha[10]: 0.1141
2025-08-15 01:23:38,793 - DEBUG - Joint score for alpha[11]: 0.1145
2025-08-15 01:23:42,303 - DEBUG - Joint score for alpha[12]: 0.1132
2025-08-15 01:23:45,814 - DEBUG - Joint score for alpha[13]: 0.1141
2025-08-15 01:23:49,327 - DEBUG - Joint score for alpha[14]: 0.1135
2025-08-15 01:23:52,838 - DEBUG - Joint score for alpha[15]: 0.1136
2025-08-15 01:23:59,680 - DEBUG - Joint score for alpha[0]: 0.1146
2025-08-15 01:24:03,194 - DEBUG - Joint score for alpha[1]: 0.1138
2025-08-15 01:24:06,705 - DEBUG - Joint score for alpha[2]: 0.1136
2025-08-15 01:24:10,216 - DEBUG - Joint score for alpha[3]: 0.1139
2025-08-15 01:24:13,728 - DEBUG - Joint score for alpha[4]: 0.1153
2025-08-15 01:24:17,238 - DEBUG - Joint score for alpha[5]: 0.1122
2025-08-15 01:24:20,750 - DEBUG - Joint score for alpha[6]: 0.1132
2025-08-15 01:24:24,259 - DEBUG - Joint score for alpha[7]: 0.1152
2025-08-15 01:24:27,770 - DEBUG - Joint score for alpha[8]: 0.1137
2025-08-15 01:24:31,281 - DEBUG - Joint score for alpha[9]: 0.1159
2025-08-15 01:24:34,789 - DEBUG - Joint score for alpha[10]: 0.1147
2025-08-15 01:24:38,300 - DEBUG - Joint score for alpha[11]: 0.1114
2025-08-15 01:24:41,808 - DEBUG - Joint score for alpha[12]: 0.1125
2025-08-15 01:24:45,317 - DEBUG - Joint score for alpha[13]: 0.1151
2025-08-15 01:24:48,825 - DEBUG - Joint score for alpha[14]: 0.1130
2025-08-15 01:24:52,332 - DEBUG - Joint score for alpha[15]: 0.1149
2025-08-15 01:24:59,175 - DEBUG - Joint score for alpha[0]: 0.1133
2025-08-15 01:25:02,688 - DEBUG - Joint score for alpha[1]: 0.1136
2025-08-15 01:25:06,199 - DEBUG - Joint score for alpha[2]: 0.1123
2025-08-15 01:25:09,709 - DEBUG - Joint score for alpha[3]: 0.1130
2025-08-15 01:25:13,222 - DEBUG - Joint score for alpha[4]: 0.1131
2025-08-15 01:25:16,733 - DEBUG - Joint score for alpha[5]: 0.1124
2025-08-15 01:25:20,245 - DEBUG - Joint score for alpha[6]: 0.1141
2025-08-15 01:25:23,754 - DEBUG - Joint score for alpha[7]: 0.1126
2025-08-15 01:25:27,265 - DEBUG - Joint score for alpha[8]: 0.1125
2025-08-15 01:25:30,776 - DEBUG - Joint score for alpha[9]: 0.1123
2025-08-15 01:25:34,284 - DEBUG - Joint score for alpha[10]: 0.1128
2025-08-15 01:25:37,796 - DEBUG - Joint score for alpha[11]: 0.1123
2025-08-15 01:25:41,305 - DEBUG - Joint score for alpha[12]: 0.1125
2025-08-15 01:25:44,817 - DEBUG - Joint score for alpha[13]: 0.1121
2025-08-15 01:25:48,324 - DEBUG - Joint score for alpha[14]: 0.1118
2025-08-15 01:25:51,834 - DEBUG - Joint score for alpha[15]: 0.1123
2025-08-15 01:25:51,875 - INFO - Step 19/120: mean CRPS=0.1133
2025-08-15 01:25:51,877 - DEBUG - Beginning Gibbs iteration s = 19
2025-08-15 01:26:01,285 - DEBUG - Joint score for alpha[0]: 0.1111
2025-08-15 01:26:04,802 - DEBUG - Joint score for alpha[1]: 0.1175
2025-08-15 01:26:08,313 - DEBUG - Joint score for alpha[2]: 0.1097
2025-08-15 01:26:11,825 - DEBUG - Joint score for alpha[3]: 0.1124
2025-08-15 01:26:15,339 - DEBUG - Joint score for alpha[4]: 0.1103
2025-08-15 01:26:18,850 - DEBUG - Joint score for alpha[5]: 0.1165
2025-08-15 01:26:22,362 - DEBUG - Joint score for alpha[6]: 0.1134
2025-08-15 01:26:25,872 - DEBUG - Joint score for alpha[7]: 0.1125
2025-08-15 01:26:29,382 - DEBUG - Joint score for alpha[8]: 0.1116
2025-08-15 01:26:32,893 - DEBUG - Joint score for alpha[9]: 0.1149
2025-08-15 01:26:36,402 - DEBUG - Joint score for alpha[10]: 0.1123
2025-08-15 01:26:39,914 - DEBUG - Joint score for alpha[11]: 0.1186
2025-08-15 01:26:43,424 - DEBUG - Joint score for alpha[12]: 0.1096
2025-08-15 01:26:46,936 - DEBUG - Joint score for alpha[13]: 0.1077
2025-08-15 01:26:50,447 - DEBUG - Joint score for alpha[14]: 0.1133
2025-08-15 01:26:53,957 - DEBUG - Joint score for alpha[15]: 0.1104
2025-08-15 01:27:00,780 - DEBUG - Joint score for alpha[0]: 0.1122
2025-08-15 01:27:04,294 - DEBUG - Joint score for alpha[1]: 0.1121
2025-08-15 01:27:07,804 - DEBUG - Joint score for alpha[2]: 0.1121
2025-08-15 01:27:11,315 - DEBUG - Joint score for alpha[3]: 0.1124
2025-08-15 01:27:14,826 - DEBUG - Joint score for alpha[4]: 0.1131
2025-08-15 01:27:18,336 - DEBUG - Joint score for alpha[5]: 0.1119
2025-08-15 01:27:21,846 - DEBUG - Joint score for alpha[6]: 0.1117
2025-08-15 01:27:25,356 - DEBUG - Joint score for alpha[7]: 0.1129
2025-08-15 01:27:28,868 - DEBUG - Joint score for alpha[8]: 0.1131
2025-08-15 01:27:32,381 - DEBUG - Joint score for alpha[9]: 0.1125
2025-08-15 01:27:35,892 - DEBUG - Joint score for alpha[10]: 0.1126
2025-08-15 01:27:39,406 - DEBUG - Joint score for alpha[11]: 0.1140
2025-08-15 01:27:42,918 - DEBUG - Joint score for alpha[12]: 0.1118
2025-08-15 01:27:46,432 - DEBUG - Joint score for alpha[13]: 0.1116
2025-08-15 01:27:49,944 - DEBUG - Joint score for alpha[14]: 0.1142
2025-08-15 01:27:53,457 - DEBUG - Joint score for alpha[15]: 0.1119
2025-08-15 01:28:00,292 - DEBUG - Joint score for alpha[0]: 0.1142
2025-08-15 01:28:03,808 - DEBUG - Joint score for alpha[1]: 0.1123
2025-08-15 01:28:07,321 - DEBUG - Joint score for alpha[2]: 0.1131
2025-08-15 01:28:10,832 - DEBUG - Joint score for alpha[3]: 0.1125
2025-08-15 01:28:14,347 - DEBUG - Joint score for alpha[4]: 0.1127
2025-08-15 01:28:17,859 - DEBUG - Joint score for alpha[5]: 0.1138
2025-08-15 01:28:21,373 - DEBUG - Joint score for alpha[6]: 0.1129
2025-08-15 01:28:24,884 - DEBUG - Joint score for alpha[7]: 0.1121
2025-08-15 01:28:28,396 - DEBUG - Joint score for alpha[8]: 0.1119
2025-08-15 01:28:31,907 - DEBUG - Joint score for alpha[9]: 0.1127
2025-08-15 01:28:35,417 - DEBUG - Joint score for alpha[10]: 0.1123
2025-08-15 01:28:38,929 - DEBUG - Joint score for alpha[11]: 0.1136
2025-08-15 01:28:42,440 - DEBUG - Joint score for alpha[12]: 0.1135
2025-08-15 01:28:45,952 - DEBUG - Joint score for alpha[13]: 0.1125
2025-08-15 01:28:49,460 - DEBUG - Joint score for alpha[14]: 0.1130
2025-08-15 01:28:52,970 - DEBUG - Joint score for alpha[15]: 0.1124
2025-08-15 01:28:59,795 - DEBUG - Joint score for alpha[0]: 0.1119
2025-08-15 01:29:03,311 - DEBUG - Joint score for alpha[1]: 0.1139
2025-08-15 01:29:06,823 - DEBUG - Joint score for alpha[2]: 0.1128
2025-08-15 01:29:10,334 - DEBUG - Joint score for alpha[3]: 0.1111
2025-08-15 01:29:13,848 - DEBUG - Joint score for alpha[4]: 0.1116
2025-08-15 01:29:17,359 - DEBUG - Joint score for alpha[5]: 0.1128
2025-08-15 01:29:20,871 - DEBUG - Joint score for alpha[6]: 0.1129
2025-08-15 01:29:24,381 - DEBUG - Joint score for alpha[7]: 0.1118
2025-08-15 01:29:27,893 - DEBUG - Joint score for alpha[8]: 0.1150
2025-08-15 01:29:31,406 - DEBUG - Joint score for alpha[9]: 0.1143
2025-08-15 01:29:34,917 - DEBUG - Joint score for alpha[10]: 0.1154
2025-08-15 01:29:38,428 - DEBUG - Joint score for alpha[11]: 0.1140
2025-08-15 01:29:41,941 - DEBUG - Joint score for alpha[12]: 0.1136
2025-08-15 01:29:45,454 - DEBUG - Joint score for alpha[13]: 0.1126
2025-08-15 01:29:48,965 - DEBUG - Joint score for alpha[14]: 0.1138
2025-08-15 01:29:52,477 - DEBUG - Joint score for alpha[15]: 0.1129
2025-08-15 01:29:59,353 - DEBUG - Joint score for alpha[0]: 0.1135
2025-08-15 01:30:02,868 - DEBUG - Joint score for alpha[1]: 0.1145
2025-08-15 01:30:06,379 - DEBUG - Joint score for alpha[2]: 0.1149
2025-08-15 01:30:09,890 - DEBUG - Joint score for alpha[3]: 0.1144
2025-08-15 01:30:13,403 - DEBUG - Joint score for alpha[4]: 0.1144
2025-08-15 01:30:16,913 - DEBUG - Joint score for alpha[5]: 0.1143
2025-08-15 01:30:20,421 - DEBUG - Joint score for alpha[6]: 0.1143
2025-08-15 01:30:23,930 - DEBUG - Joint score for alpha[7]: 0.1144
2025-08-15 01:30:27,441 - DEBUG - Joint score for alpha[8]: 0.1145
2025-08-15 01:30:30,952 - DEBUG - Joint score for alpha[9]: 0.1143
2025-08-15 01:30:34,462 - DEBUG - Joint score for alpha[10]: 0.1137
2025-08-15 01:30:37,974 - DEBUG - Joint score for alpha[11]: 0.1137
2025-08-15 01:30:41,485 - DEBUG - Joint score for alpha[12]: 0.1140
2025-08-15 01:30:44,999 - DEBUG - Joint score for alpha[13]: 0.1143
2025-08-15 01:30:48,511 - DEBUG - Joint score for alpha[14]: 0.1136
2025-08-15 01:30:52,023 - DEBUG - Joint score for alpha[15]: 0.1142
2025-08-15 01:30:52,064 - INFO - Step 20/120: mean CRPS=0.1132
2025-08-15 01:30:52,066 - DEBUG - Beginning Gibbs iteration s = 20
2025-08-15 01:30:53,066 - DEBUG - Proposal variance adapted: 0.052
2025-08-15 01:30:59,845 - DEBUG - Joint score for alpha[0]: 0.1163
2025-08-15 01:31:03,359 - DEBUG - Joint score for alpha[1]: 0.1181
2025-08-15 01:31:06,870 - DEBUG - Joint score for alpha[2]: 0.1106
2025-08-15 01:31:10,382 - DEBUG - Joint score for alpha[3]: 0.1143
2025-08-15 01:31:13,894 - DEBUG - Joint score for alpha[4]: 0.1092
2025-08-15 01:31:17,406 - DEBUG - Joint score for alpha[5]: 0.1139
2025-08-15 01:31:20,920 - DEBUG - Joint score for alpha[6]: 0.1155
2025-08-15 01:31:24,432 - DEBUG - Joint score for alpha[7]: 0.1182
2025-08-15 01:31:27,943 - DEBUG - Joint score for alpha[8]: 0.1108
2025-08-15 01:31:31,452 - DEBUG - Joint score for alpha[9]: 0.1133
2025-08-15 01:31:34,964 - DEBUG - Joint score for alpha[10]: 0.1123
2025-08-15 01:31:38,476 - DEBUG - Joint score for alpha[11]: 0.1126
2025-08-15 01:31:41,985 - DEBUG - Joint score for alpha[12]: 0.1141
2025-08-15 01:31:45,496 - DEBUG - Joint score for alpha[13]: 0.1160
2025-08-15 01:31:49,006 - DEBUG - Joint score for alpha[14]: 0.1141
2025-08-15 01:31:52,515 - DEBUG - Joint score for alpha[15]: 0.1089
2025-08-15 01:31:59,332 - DEBUG - Joint score for alpha[0]: 0.1135
2025-08-15 01:32:02,843 - DEBUG - Joint score for alpha[1]: 0.1126
2025-08-15 01:32:06,351 - DEBUG - Joint score for alpha[2]: 0.1126
2025-08-15 01:32:09,859 - DEBUG - Joint score for alpha[3]: 0.1127
2025-08-15 01:32:13,367 - DEBUG - Joint score for alpha[4]: 0.1127
2025-08-15 01:32:16,873 - DEBUG - Joint score for alpha[5]: 0.1125
2025-08-15 01:32:20,381 - DEBUG - Joint score for alpha[6]: 0.1124
2025-08-15 01:32:23,888 - DEBUG - Joint score for alpha[7]: 0.1126
2025-08-15 01:32:27,394 - DEBUG - Joint score for alpha[8]: 0.1133
2025-08-15 01:32:30,900 - DEBUG - Joint score for alpha[9]: 0.1141
2025-08-15 01:32:34,410 - DEBUG - Joint score for alpha[10]: 0.1128
2025-08-15 01:32:37,919 - DEBUG - Joint score for alpha[11]: 0.1129
2025-08-15 01:32:41,426 - DEBUG - Joint score for alpha[12]: 0.1125
2025-08-15 01:32:44,934 - DEBUG - Joint score for alpha[13]: 0.1136
2025-08-15 01:32:48,442 - DEBUG - Joint score for alpha[14]: 0.1126
2025-08-15 01:32:51,948 - DEBUG - Joint score for alpha[15]: 0.1125
2025-08-15 01:32:58,770 - DEBUG - Joint score for alpha[0]: 0.1152
2025-08-15 01:33:02,278 - DEBUG - Joint score for alpha[1]: 0.1143
2025-08-15 01:33:05,784 - DEBUG - Joint score for alpha[2]: 0.1156
2025-08-15 01:33:09,291 - DEBUG - Joint score for alpha[3]: 0.1136
2025-08-15 01:33:12,797 - DEBUG - Joint score for alpha[4]: 0.1120
2025-08-15 01:33:16,302 - DEBUG - Joint score for alpha[5]: 0.1147
2025-08-15 01:33:19,808 - DEBUG - Joint score for alpha[6]: 0.1148
2025-08-15 01:33:23,312 - DEBUG - Joint score for alpha[7]: 0.1138
2025-08-15 01:33:26,816 - DEBUG - Joint score for alpha[8]: 0.1136
2025-08-15 01:33:30,324 - DEBUG - Joint score for alpha[9]: 0.1146
2025-08-15 01:33:33,831 - DEBUG - Joint score for alpha[10]: 0.1135
2025-08-15 01:33:37,337 - DEBUG - Joint score for alpha[11]: 0.1167
2025-08-15 01:33:40,842 - DEBUG - Joint score for alpha[12]: 0.1138
2025-08-15 01:33:44,348 - DEBUG - Joint score for alpha[13]: 0.1146
2025-08-15 01:33:47,854 - DEBUG - Joint score for alpha[14]: 0.1135
2025-08-15 01:33:51,358 - DEBUG - Joint score for alpha[15]: 0.1153
2025-08-15 01:33:58,182 - DEBUG - Joint score for alpha[0]: 0.1166
2025-08-15 01:34:01,692 - DEBUG - Joint score for alpha[1]: 0.1164
2025-08-15 01:34:05,201 - DEBUG - Joint score for alpha[2]: 0.1166
2025-08-15 01:34:08,708 - DEBUG - Joint score for alpha[3]: 0.1175
2025-08-15 01:34:12,215 - DEBUG - Joint score for alpha[4]: 0.1179
2025-08-15 01:34:15,720 - DEBUG - Joint score for alpha[5]: 0.1158
2025-08-15 01:34:19,226 - DEBUG - Joint score for alpha[6]: 0.1173
2025-08-15 01:34:22,732 - DEBUG - Joint score for alpha[7]: 0.1165
2025-08-15 01:34:26,237 - DEBUG - Joint score for alpha[8]: 0.1155
2025-08-15 01:34:29,741 - DEBUG - Joint score for alpha[9]: 0.1162
2025-08-15 01:34:33,250 - DEBUG - Joint score for alpha[10]: 0.1184
2025-08-15 01:34:36,756 - DEBUG - Joint score for alpha[11]: 0.1159
2025-08-15 01:34:40,261 - DEBUG - Joint score for alpha[12]: 0.1201
2025-08-15 01:34:43,768 - DEBUG - Joint score for alpha[13]: 0.1166
2025-08-15 01:34:47,276 - DEBUG - Joint score for alpha[14]: 0.1169
2025-08-15 01:34:50,785 - DEBUG - Joint score for alpha[15]: 0.1171
2025-08-15 01:34:57,615 - DEBUG - Joint score for alpha[0]: 0.1162
2025-08-15 01:35:01,124 - DEBUG - Joint score for alpha[1]: 0.1163
2025-08-15 01:35:04,633 - DEBUG - Joint score for alpha[2]: 0.1164
2025-08-15 01:35:08,142 - DEBUG - Joint score for alpha[3]: 0.1169
2025-08-15 01:35:11,651 - DEBUG - Joint score for alpha[4]: 0.1169
2025-08-15 01:35:15,158 - DEBUG - Joint score for alpha[5]: 0.1170
2025-08-15 01:35:18,666 - DEBUG - Joint score for alpha[6]: 0.1160
2025-08-15 01:35:22,173 - DEBUG - Joint score for alpha[7]: 0.1154
2025-08-15 01:35:25,681 - DEBUG - Joint score for alpha[8]: 0.1156
2025-08-15 01:35:29,189 - DEBUG - Joint score for alpha[9]: 0.1158
2025-08-15 01:35:32,700 - DEBUG - Joint score for alpha[10]: 0.1164
2025-08-15 01:35:36,210 - DEBUG - Joint score for alpha[11]: 0.1158
2025-08-15 01:35:39,719 - DEBUG - Joint score for alpha[12]: 0.1160
2025-08-15 01:35:43,229 - DEBUG - Joint score for alpha[13]: 0.1160
2025-08-15 01:35:46,739 - DEBUG - Joint score for alpha[14]: 0.1162
2025-08-15 01:35:50,249 - DEBUG - Joint score for alpha[15]: 0.1164
2025-08-15 01:35:50,290 - INFO - Step 21/120: mean CRPS=0.1150
2025-08-15 01:35:50,292 - DEBUG - Beginning Gibbs iteration s = 21
2025-08-15 01:35:58,980 - DEBUG - Joint score for alpha[0]: 0.1169
2025-08-15 01:36:02,492 - DEBUG - Joint score for alpha[1]: 0.1167
2025-08-15 01:36:06,001 - DEBUG - Joint score for alpha[2]: 0.1123
2025-08-15 01:36:09,511 - DEBUG - Joint score for alpha[3]: 0.1141
2025-08-15 01:36:13,021 - DEBUG - Joint score for alpha[4]: 0.1179
2025-08-15 01:36:16,529 - DEBUG - Joint score for alpha[5]: 0.1189
2025-08-15 01:36:20,039 - DEBUG - Joint score for alpha[6]: 0.1172
2025-08-15 01:36:23,547 - DEBUG - Joint score for alpha[7]: 0.1214
2025-08-15 01:36:27,057 - DEBUG - Joint score for alpha[8]: 0.1185
2025-08-15 01:36:30,569 - DEBUG - Joint score for alpha[9]: 0.1178
2025-08-15 01:36:34,079 - DEBUG - Joint score for alpha[10]: 0.1150
2025-08-15 01:36:37,591 - DEBUG - Joint score for alpha[11]: 0.1184
2025-08-15 01:36:41,102 - DEBUG - Joint score for alpha[12]: 0.1173
2025-08-15 01:36:44,613 - DEBUG - Joint score for alpha[13]: 0.1170
2025-08-15 01:36:48,123 - DEBUG - Joint score for alpha[14]: 0.1145
2025-08-15 01:36:51,634 - DEBUG - Joint score for alpha[15]: 0.1189
2025-08-15 01:36:58,452 - DEBUG - Joint score for alpha[0]: 0.1185
2025-08-15 01:37:01,967 - DEBUG - Joint score for alpha[1]: 0.1187
2025-08-15 01:37:05,478 - DEBUG - Joint score for alpha[2]: 0.1163
2025-08-15 01:37:08,988 - DEBUG - Joint score for alpha[3]: 0.1174
2025-08-15 01:37:12,499 - DEBUG - Joint score for alpha[4]: 0.1164
2025-08-15 01:37:16,007 - DEBUG - Joint score for alpha[5]: 0.1172
2025-08-15 01:37:19,518 - DEBUG - Joint score for alpha[6]: 0.1190
2025-08-15 01:37:23,027 - DEBUG - Joint score for alpha[7]: 0.1170
2025-08-15 01:37:26,537 - DEBUG - Joint score for alpha[8]: 0.1165
2025-08-15 01:37:30,047 - DEBUG - Joint score for alpha[9]: 0.1166
2025-08-15 01:37:33,558 - DEBUG - Joint score for alpha[10]: 0.1166
2025-08-15 01:37:37,069 - DEBUG - Joint score for alpha[11]: 0.1178
2025-08-15 01:37:40,580 - DEBUG - Joint score for alpha[12]: 0.1177
2025-08-15 01:37:44,093 - DEBUG - Joint score for alpha[13]: 0.1179
2025-08-15 01:37:47,603 - DEBUG - Joint score for alpha[14]: 0.1177
2025-08-15 01:37:51,114 - DEBUG - Joint score for alpha[15]: 0.1159
2025-08-15 01:37:57,940 - DEBUG - Joint score for alpha[0]: 0.1159
2025-08-15 01:38:01,454 - DEBUG - Joint score for alpha[1]: 0.1157
2025-08-15 01:38:04,965 - DEBUG - Joint score for alpha[2]: 0.1157
2025-08-15 01:38:08,476 - DEBUG - Joint score for alpha[3]: 0.1155
2025-08-15 01:38:11,987 - DEBUG - Joint score for alpha[4]: 0.1175
2025-08-15 01:38:15,497 - DEBUG - Joint score for alpha[5]: 0.1162
2025-08-15 01:38:19,008 - DEBUG - Joint score for alpha[6]: 0.1168
2025-08-15 01:38:22,518 - DEBUG - Joint score for alpha[7]: 0.1143
2025-08-15 01:38:26,029 - DEBUG - Joint score for alpha[8]: 0.1148
2025-08-15 01:38:29,542 - DEBUG - Joint score for alpha[9]: 0.1166
2025-08-15 01:38:33,052 - DEBUG - Joint score for alpha[10]: 0.1143
2025-08-15 01:38:36,562 - DEBUG - Joint score for alpha[11]: 0.1160
2025-08-15 01:38:40,072 - DEBUG - Joint score for alpha[12]: 0.1163
2025-08-15 01:38:43,582 - DEBUG - Joint score for alpha[13]: 0.1130
2025-08-15 01:38:47,091 - DEBUG - Joint score for alpha[14]: 0.1159
2025-08-15 01:38:50,601 - DEBUG - Joint score for alpha[15]: 0.1144
2025-08-15 01:38:57,425 - DEBUG - Joint score for alpha[0]: 0.1140
2025-08-15 01:39:00,940 - DEBUG - Joint score for alpha[1]: 0.1126
2025-08-15 01:39:04,452 - DEBUG - Joint score for alpha[2]: 0.1138
2025-08-15 01:39:07,963 - DEBUG - Joint score for alpha[3]: 0.1129
2025-08-15 01:39:11,474 - DEBUG - Joint score for alpha[4]: 0.1142
2025-08-15 01:39:14,985 - DEBUG - Joint score for alpha[5]: 0.1136
2025-08-15 01:39:18,497 - DEBUG - Joint score for alpha[6]: 0.1135
2025-08-15 01:39:22,007 - DEBUG - Joint score for alpha[7]: 0.1130
2025-08-15 01:39:25,519 - DEBUG - Joint score for alpha[8]: 0.1127
2025-08-15 01:39:29,032 - DEBUG - Joint score for alpha[9]: 0.1138
2025-08-15 01:39:32,543 - DEBUG - Joint score for alpha[10]: 0.1135
2025-08-15 01:39:36,055 - DEBUG - Joint score for alpha[11]: 0.1122
2025-08-15 01:39:39,568 - DEBUG - Joint score for alpha[12]: 0.1134
2025-08-15 01:39:43,082 - DEBUG - Joint score for alpha[13]: 0.1141
2025-08-15 01:39:46,595 - DEBUG - Joint score for alpha[14]: 0.1167
2025-08-15 01:39:50,108 - DEBUG - Joint score for alpha[15]: 0.1139
2025-08-15 01:39:56,935 - DEBUG - Joint score for alpha[0]: 0.1126
2025-08-15 01:40:00,450 - DEBUG - Joint score for alpha[1]: 0.1115
2025-08-15 01:40:03,962 - DEBUG - Joint score for alpha[2]: 0.1117
2025-08-15 01:40:07,471 - DEBUG - Joint score for alpha[3]: 0.1122
2025-08-15 01:40:10,982 - DEBUG - Joint score for alpha[4]: 0.1116
2025-08-15 01:40:14,491 - DEBUG - Joint score for alpha[5]: 0.1113
2025-08-15 01:40:18,001 - DEBUG - Joint score for alpha[6]: 0.1118
2025-08-15 01:40:21,510 - DEBUG - Joint score for alpha[7]: 0.1121
2025-08-15 01:40:25,019 - DEBUG - Joint score for alpha[8]: 0.1116
2025-08-15 01:40:28,529 - DEBUG - Joint score for alpha[9]: 0.1119
2025-08-15 01:40:32,038 - DEBUG - Joint score for alpha[10]: 0.1120
2025-08-15 01:40:35,548 - DEBUG - Joint score for alpha[11]: 0.1116
2025-08-15 01:40:39,057 - DEBUG - Joint score for alpha[12]: 0.1115
2025-08-15 01:40:42,568 - DEBUG - Joint score for alpha[13]: 0.1118
2025-08-15 01:40:46,078 - DEBUG - Joint score for alpha[14]: 0.1116
2025-08-15 01:40:49,588 - DEBUG - Joint score for alpha[15]: 0.1121
2025-08-15 01:40:49,629 - INFO - Step 22/120: mean CRPS=0.1142
2025-08-15 01:40:49,630 - DEBUG - Beginning Gibbs iteration s = 22
2025-08-15 01:40:58,300 - DEBUG - Joint score for alpha[0]: 0.1137
2025-08-15 01:41:01,812 - DEBUG - Joint score for alpha[1]: 0.1097
2025-08-15 01:41:05,320 - DEBUG - Joint score for alpha[2]: 0.1170
2025-08-15 01:41:08,827 - DEBUG - Joint score for alpha[3]: 0.1147
2025-08-15 01:41:12,335 - DEBUG - Joint score for alpha[4]: 0.1106
2025-08-15 01:41:15,841 - DEBUG - Joint score for alpha[5]: 0.1096
2025-08-15 01:41:19,349 - DEBUG - Joint score for alpha[6]: 0.1109
2025-08-15 01:41:22,857 - DEBUG - Joint score for alpha[7]: 0.1119
2025-08-15 01:41:26,365 - DEBUG - Joint score for alpha[8]: 0.1105
2025-08-15 01:41:29,874 - DEBUG - Joint score for alpha[9]: 0.1129
2025-08-15 01:41:33,382 - DEBUG - Joint score for alpha[10]: 0.1135
2025-08-15 01:41:36,891 - DEBUG - Joint score for alpha[11]: 0.1141
2025-08-15 01:41:40,401 - DEBUG - Joint score for alpha[12]: 0.1147
2025-08-15 01:41:43,911 - DEBUG - Joint score for alpha[13]: 0.1129
2025-08-15 01:41:47,420 - DEBUG - Joint score for alpha[14]: 0.1101
2025-08-15 01:41:50,929 - DEBUG - Joint score for alpha[15]: 0.1152
2025-08-15 01:41:57,754 - DEBUG - Joint score for alpha[0]: 0.1157
2025-08-15 01:42:01,267 - DEBUG - Joint score for alpha[1]: 0.1174
2025-08-15 01:42:04,776 - DEBUG - Joint score for alpha[2]: 0.1179
2025-08-15 01:42:08,285 - DEBUG - Joint score for alpha[3]: 0.1164
2025-08-15 01:42:11,794 - DEBUG - Joint score for alpha[4]: 0.1189
2025-08-15 01:42:15,301 - DEBUG - Joint score for alpha[5]: 0.1170
2025-08-15 01:42:18,811 - DEBUG - Joint score for alpha[6]: 0.1162
2025-08-15 01:42:22,319 - DEBUG - Joint score for alpha[7]: 0.1167
2025-08-15 01:42:25,830 - DEBUG - Joint score for alpha[8]: 0.1161
2025-08-15 01:42:29,340 - DEBUG - Joint score for alpha[9]: 0.1167
2025-08-15 01:42:32,850 - DEBUG - Joint score for alpha[10]: 0.1169
2025-08-15 01:42:36,362 - DEBUG - Joint score for alpha[11]: 0.1183
2025-08-15 01:42:39,873 - DEBUG - Joint score for alpha[12]: 0.1163
2025-08-15 01:42:43,384 - DEBUG - Joint score for alpha[13]: 0.1185
2025-08-15 01:42:46,895 - DEBUG - Joint score for alpha[14]: 0.1177
2025-08-15 01:42:50,406 - DEBUG - Joint score for alpha[15]: 0.1163
2025-08-15 01:42:57,232 - DEBUG - Joint score for alpha[0]: 0.1156
2025-08-15 01:43:00,746 - DEBUG - Joint score for alpha[1]: 0.1163
2025-08-15 01:43:04,257 - DEBUG - Joint score for alpha[2]: 0.1163
2025-08-15 01:43:07,767 - DEBUG - Joint score for alpha[3]: 0.1162
2025-08-15 01:43:11,278 - DEBUG - Joint score for alpha[4]: 0.1169
2025-08-15 01:43:14,789 - DEBUG - Joint score for alpha[5]: 0.1167
2025-08-15 01:43:18,300 - DEBUG - Joint score for alpha[6]: 0.1187
2025-08-15 01:43:21,808 - DEBUG - Joint score for alpha[7]: 0.1168
2025-08-15 01:43:25,317 - DEBUG - Joint score for alpha[8]: 0.1160
2025-08-15 01:43:28,827 - DEBUG - Joint score for alpha[9]: 0.1165
2025-08-15 01:43:32,336 - DEBUG - Joint score for alpha[10]: 0.1175
2025-08-15 01:43:35,846 - DEBUG - Joint score for alpha[11]: 0.1165
2025-08-15 01:43:39,355 - DEBUG - Joint score for alpha[12]: 0.1158
2025-08-15 01:43:42,865 - DEBUG - Joint score for alpha[13]: 0.1162
2025-08-15 01:43:46,372 - DEBUG - Joint score for alpha[14]: 0.1164
2025-08-15 01:43:49,880 - DEBUG - Joint score for alpha[15]: 0.1167
2025-08-15 01:43:56,616 - DEBUG - Joint score for alpha[0]: 0.1197
2025-08-15 01:44:00,130 - DEBUG - Joint score for alpha[1]: 0.1203
2025-08-15 01:44:03,639 - DEBUG - Joint score for alpha[2]: 0.1189
2025-08-15 01:44:07,148 - DEBUG - Joint score for alpha[3]: 0.1194
2025-08-15 01:44:10,658 - DEBUG - Joint score for alpha[4]: 0.1188
2025-08-15 01:44:14,167 - DEBUG - Joint score for alpha[5]: 0.1197
2025-08-15 01:44:17,676 - DEBUG - Joint score for alpha[6]: 0.1169
2025-08-15 01:44:21,184 - DEBUG - Joint score for alpha[7]: 0.1183
2025-08-15 01:44:24,694 - DEBUG - Joint score for alpha[8]: 0.1191
2025-08-15 01:44:28,206 - DEBUG - Joint score for alpha[9]: 0.1186
2025-08-15 01:44:31,716 - DEBUG - Joint score for alpha[10]: 0.1193
2025-08-15 01:44:35,227 - DEBUG - Joint score for alpha[11]: 0.1182
2025-08-15 01:44:38,736 - DEBUG - Joint score for alpha[12]: 0.1188
2025-08-15 01:44:42,247 - DEBUG - Joint score for alpha[13]: 0.1185
2025-08-15 01:44:45,756 - DEBUG - Joint score for alpha[14]: 0.1192
2025-08-15 01:44:49,265 - DEBUG - Joint score for alpha[15]: 0.1187
2025-08-15 01:44:56,057 - DEBUG - Joint score for alpha[0]: 0.1194
2025-08-15 01:44:59,570 - DEBUG - Joint score for alpha[1]: 0.1187
2025-08-15 01:45:03,079 - DEBUG - Joint score for alpha[2]: 0.1199
2025-08-15 01:45:06,588 - DEBUG - Joint score for alpha[3]: 0.1193
2025-08-15 01:45:10,098 - DEBUG - Joint score for alpha[4]: 0.1180
2025-08-15 01:45:13,607 - DEBUG - Joint score for alpha[5]: 0.1192
2025-08-15 01:45:17,117 - DEBUG - Joint score for alpha[6]: 0.1188
2025-08-15 01:45:20,626 - DEBUG - Joint score for alpha[7]: 0.1185
2025-08-15 01:45:24,136 - DEBUG - Joint score for alpha[8]: 0.1187
2025-08-15 01:45:27,647 - DEBUG - Joint score for alpha[9]: 0.1195
2025-08-15 01:45:31,156 - DEBUG - Joint score for alpha[10]: 0.1183
2025-08-15 01:45:34,667 - DEBUG - Joint score for alpha[11]: 0.1182
2025-08-15 01:45:38,178 - DEBUG - Joint score for alpha[12]: 0.1182
2025-08-15 01:45:41,689 - DEBUG - Joint score for alpha[13]: 0.1188
2025-08-15 01:45:45,198 - DEBUG - Joint score for alpha[14]: 0.1191
2025-08-15 01:45:48,708 - DEBUG - Joint score for alpha[15]: 0.1188
2025-08-15 01:45:48,749 - INFO - Step 23/120: mean CRPS=0.1177
2025-08-15 01:45:48,750 - DEBUG - Beginning Gibbs iteration s = 23
2025-08-15 01:45:56,560 - DEBUG - Joint score for alpha[0]: 0.1192
2025-08-15 01:46:00,073 - DEBUG - Joint score for alpha[1]: 0.1159
2025-08-15 01:46:03,582 - DEBUG - Joint score for alpha[2]: 0.1194
2025-08-15 01:46:07,091 - DEBUG - Joint score for alpha[3]: 0.1202
2025-08-15 01:46:10,600 - DEBUG - Joint score for alpha[4]: 0.1206
2025-08-15 01:46:14,108 - DEBUG - Joint score for alpha[5]: 0.1188
2025-08-15 01:46:17,616 - DEBUG - Joint score for alpha[6]: 0.1197
2025-08-15 01:46:21,124 - DEBUG - Joint score for alpha[7]: 0.1175
2025-08-15 01:46:24,632 - DEBUG - Joint score for alpha[8]: 0.1254
2025-08-15 01:46:28,141 - DEBUG - Joint score for alpha[9]: 0.1223
2025-08-15 01:46:31,649 - DEBUG - Joint score for alpha[10]: 0.1202
2025-08-15 01:46:35,160 - DEBUG - Joint score for alpha[11]: 0.1228
2025-08-15 01:46:38,669 - DEBUG - Joint score for alpha[12]: 0.1183
2025-08-15 01:46:42,180 - DEBUG - Joint score for alpha[13]: 0.1171
2025-08-15 01:46:45,689 - DEBUG - Joint score for alpha[14]: 0.1189
2025-08-15 01:46:49,198 - DEBUG - Joint score for alpha[15]: 0.1198
2025-08-15 01:46:55,989 - DEBUG - Joint score for alpha[0]: 0.1252
2025-08-15 01:46:59,503 - DEBUG - Joint score for alpha[1]: 0.1256
2025-08-15 01:47:03,014 - DEBUG - Joint score for alpha[2]: 0.1248
2025-08-15 01:47:06,525 - DEBUG - Joint score for alpha[3]: 0.1256
2025-08-15 01:47:10,036 - DEBUG - Joint score for alpha[4]: 0.1253
2025-08-15 01:47:13,545 - DEBUG - Joint score for alpha[5]: 0.1258
2025-08-15 01:47:17,055 - DEBUG - Joint score for alpha[6]: 0.1255
2025-08-15 01:47:20,565 - DEBUG - Joint score for alpha[7]: 0.1250
2025-08-15 01:47:24,075 - DEBUG - Joint score for alpha[8]: 0.1254
2025-08-15 01:47:27,587 - DEBUG - Joint score for alpha[9]: 0.1260
2025-08-15 01:47:31,097 - DEBUG - Joint score for alpha[10]: 0.1252
2025-08-15 01:47:34,608 - DEBUG - Joint score for alpha[11]: 0.1253
2025-08-15 01:47:38,118 - DEBUG - Joint score for alpha[12]: 0.1257
2025-08-15 01:47:41,629 - DEBUG - Joint score for alpha[13]: 0.1248
2025-08-15 01:47:45,137 - DEBUG - Joint score for alpha[14]: 0.1258
2025-08-15 01:47:48,645 - DEBUG - Joint score for alpha[15]: 0.1250
2025-08-15 01:47:55,431 - DEBUG - Joint score for alpha[0]: 0.1269
2025-08-15 01:47:58,942 - DEBUG - Joint score for alpha[1]: 0.1252
2025-08-15 01:48:02,450 - DEBUG - Joint score for alpha[2]: 0.1269
2025-08-15 01:48:05,958 - DEBUG - Joint score for alpha[3]: 0.1240
2025-08-15 01:48:09,468 - DEBUG - Joint score for alpha[4]: 0.1249
2025-08-15 01:48:12,975 - DEBUG - Joint score for alpha[5]: 0.1240
2025-08-15 01:48:16,484 - DEBUG - Joint score for alpha[6]: 0.1251
2025-08-15 01:48:19,992 - DEBUG - Joint score for alpha[7]: 0.1244
2025-08-15 01:48:23,500 - DEBUG - Joint score for alpha[8]: 0.1240
2025-08-15 01:48:27,009 - DEBUG - Joint score for alpha[9]: 0.1261
2025-08-15 01:48:30,518 - DEBUG - Joint score for alpha[10]: 0.1280
2025-08-15 01:48:34,027 - DEBUG - Joint score for alpha[11]: 0.1265
2025-08-15 01:48:37,535 - DEBUG - Joint score for alpha[12]: 0.1256
2025-08-15 01:48:41,045 - DEBUG - Joint score for alpha[13]: 0.1260
2025-08-15 01:48:44,555 - DEBUG - Joint score for alpha[14]: 0.1238
2025-08-15 01:48:48,064 - DEBUG - Joint score for alpha[15]: 0.1257
2025-08-15 01:48:54,864 - DEBUG - Joint score for alpha[0]: 0.1238
2025-08-15 01:48:58,376 - DEBUG - Joint score for alpha[1]: 0.1237
2025-08-15 01:49:01,885 - DEBUG - Joint score for alpha[2]: 0.1240
2025-08-15 01:49:05,395 - DEBUG - Joint score for alpha[3]: 0.1247
2025-08-15 01:49:08,905 - DEBUG - Joint score for alpha[4]: 0.1244
2025-08-15 01:49:12,413 - DEBUG - Joint score for alpha[5]: 0.1258
2025-08-15 01:49:15,923 - DEBUG - Joint score for alpha[6]: 0.1260
2025-08-15 01:49:19,429 - DEBUG - Joint score for alpha[7]: 0.1241
2025-08-15 01:49:22,935 - DEBUG - Joint score for alpha[8]: 0.1231
2025-08-15 01:49:26,444 - DEBUG - Joint score for alpha[9]: 0.1238
2025-08-15 01:49:29,951 - DEBUG - Joint score for alpha[10]: 0.1244
2025-08-15 01:49:33,461 - DEBUG - Joint score for alpha[11]: 0.1254
2025-08-15 01:49:36,971 - DEBUG - Joint score for alpha[12]: 0.1237
2025-08-15 01:49:40,481 - DEBUG - Joint score for alpha[13]: 0.1244
2025-08-15 01:49:43,990 - DEBUG - Joint score for alpha[14]: 0.1249
2025-08-15 01:49:47,499 - DEBUG - Joint score for alpha[15]: 0.1242
2025-08-15 01:49:54,289 - DEBUG - Joint score for alpha[0]: 0.1254
2025-08-15 01:49:57,803 - DEBUG - Joint score for alpha[1]: 0.1258
2025-08-15 01:50:01,311 - DEBUG - Joint score for alpha[2]: 0.1250
2025-08-15 01:50:04,820 - DEBUG - Joint score for alpha[3]: 0.1256
2025-08-15 01:50:08,330 - DEBUG - Joint score for alpha[4]: 0.1252
2025-08-15 01:50:11,837 - DEBUG - Joint score for alpha[5]: 0.1260
2025-08-15 01:50:15,347 - DEBUG - Joint score for alpha[6]: 0.1245
2025-08-15 01:50:18,856 - DEBUG - Joint score for alpha[7]: 0.1256
2025-08-15 01:50:22,365 - DEBUG - Joint score for alpha[8]: 0.1264
2025-08-15 01:50:25,874 - DEBUG - Joint score for alpha[9]: 0.1249
2025-08-15 01:50:29,382 - DEBUG - Joint score for alpha[10]: 0.1261
2025-08-15 01:50:32,893 - DEBUG - Joint score for alpha[11]: 0.1255
2025-08-15 01:50:36,403 - DEBUG - Joint score for alpha[12]: 0.1251
2025-08-15 01:50:39,914 - DEBUG - Joint score for alpha[13]: 0.1250
2025-08-15 01:50:43,422 - DEBUG - Joint score for alpha[14]: 0.1254
2025-08-15 01:50:46,931 - DEBUG - Joint score for alpha[15]: 0.1247
2025-08-15 01:50:46,972 - INFO - Step 24/120: mean CRPS=0.1249
2025-08-15 01:50:46,974 - DEBUG - Beginning Gibbs iteration s = 24
2025-08-15 01:50:54,891 - DEBUG - Joint score for alpha[0]: 0.1235
2025-08-15 01:50:58,405 - DEBUG - Joint score for alpha[1]: 0.1249
2025-08-15 01:51:01,915 - DEBUG - Joint score for alpha[2]: 0.1277
2025-08-15 01:51:05,421 - DEBUG - Joint score for alpha[3]: 0.1220
2025-08-15 01:51:08,930 - DEBUG - Joint score for alpha[4]: 0.1254
2025-08-15 01:51:12,437 - DEBUG - Joint score for alpha[5]: 0.1238
2025-08-15 01:51:15,945 - DEBUG - Joint score for alpha[6]: 0.1243
2025-08-15 01:51:19,452 - DEBUG - Joint score for alpha[7]: 0.1248
2025-08-15 01:51:22,960 - DEBUG - Joint score for alpha[8]: 0.1281
2025-08-15 01:51:26,469 - DEBUG - Joint score for alpha[9]: 0.1282
2025-08-15 01:51:29,978 - DEBUG - Joint score for alpha[10]: 0.1229
2025-08-15 01:51:33,487 - DEBUG - Joint score for alpha[11]: 0.1318
2025-08-15 01:51:36,996 - DEBUG - Joint score for alpha[12]: 0.1202
2025-08-15 01:51:40,506 - DEBUG - Joint score for alpha[13]: 0.1244
2025-08-15 01:51:44,016 - DEBUG - Joint score for alpha[14]: 0.1256
2025-08-15 01:51:47,525 - DEBUG - Joint score for alpha[15]: 0.1267
2025-08-15 01:51:54,344 - DEBUG - Joint score for alpha[0]: 0.1314
2025-08-15 01:51:57,855 - DEBUG - Joint score for alpha[1]: 0.1320
2025-08-15 01:52:01,362 - DEBUG - Joint score for alpha[2]: 0.1322
2025-08-15 01:52:04,871 - DEBUG - Joint score for alpha[3]: 0.1317
2025-08-15 01:52:08,380 - DEBUG - Joint score for alpha[4]: 0.1312
2025-08-15 01:52:11,887 - DEBUG - Joint score for alpha[5]: 0.1310
2025-08-15 01:52:15,396 - DEBUG - Joint score for alpha[6]: 0.1313
2025-08-15 01:52:18,903 - DEBUG - Joint score for alpha[7]: 0.1308
2025-08-15 01:52:22,412 - DEBUG - Joint score for alpha[8]: 0.1321
2025-08-15 01:52:25,922 - DEBUG - Joint score for alpha[9]: 0.1319
2025-08-15 01:52:29,430 - DEBUG - Joint score for alpha[10]: 0.1310
2025-08-15 01:52:32,940 - DEBUG - Joint score for alpha[11]: 0.1317
2025-08-15 01:52:36,449 - DEBUG - Joint score for alpha[12]: 0.1323
2025-08-15 01:52:39,959 - DEBUG - Joint score for alpha[13]: 0.1320
2025-08-15 01:52:43,469 - DEBUG - Joint score for alpha[14]: 0.1312
2025-08-15 01:52:46,980 - DEBUG - Joint score for alpha[15]: 0.1330
2025-08-15 01:52:53,810 - DEBUG - Joint score for alpha[0]: 0.1307
2025-08-15 01:52:57,322 - DEBUG - Joint score for alpha[1]: 0.1301
2025-08-15 01:53:00,832 - DEBUG - Joint score for alpha[2]: 0.1316
2025-08-15 01:53:04,341 - DEBUG - Joint score for alpha[3]: 0.1305
2025-08-15 01:53:07,851 - DEBUG - Joint score for alpha[4]: 0.1319
2025-08-15 01:53:11,360 - DEBUG - Joint score for alpha[5]: 0.1313
2025-08-15 01:53:14,869 - DEBUG - Joint score for alpha[6]: 0.1324
2025-08-15 01:53:18,377 - DEBUG - Joint score for alpha[7]: 0.1309
2025-08-15 01:53:21,886 - DEBUG - Joint score for alpha[8]: 0.1321
2025-08-15 01:53:25,397 - DEBUG - Joint score for alpha[9]: 0.1308
2025-08-15 01:53:28,910 - DEBUG - Joint score for alpha[10]: 0.1323
2025-08-15 01:53:32,420 - DEBUG - Joint score for alpha[11]: 0.1312
2025-08-15 01:53:35,929 - DEBUG - Joint score for alpha[12]: 0.1302
2025-08-15 01:53:39,439 - DEBUG - Joint score for alpha[13]: 0.1327
2025-08-15 01:53:42,950 - DEBUG - Joint score for alpha[14]: 0.1312
2025-08-15 01:53:46,461 - DEBUG - Joint score for alpha[15]: 0.1306
2025-08-15 01:53:53,292 - DEBUG - Joint score for alpha[0]: 0.1319
2025-08-15 01:53:56,805 - DEBUG - Joint score for alpha[1]: 0.1306
2025-08-15 01:54:00,313 - DEBUG - Joint score for alpha[2]: 0.1307
2025-08-15 01:54:03,820 - DEBUG - Joint score for alpha[3]: 0.1315
2025-08-15 01:54:07,329 - DEBUG - Joint score for alpha[4]: 0.1296
2025-08-15 01:54:10,837 - DEBUG - Joint score for alpha[5]: 0.1303
2025-08-15 01:54:14,344 - DEBUG - Joint score for alpha[6]: 0.1293
2025-08-15 01:54:17,851 - DEBUG - Joint score for alpha[7]: 0.1337
2025-08-15 01:54:21,359 - DEBUG - Joint score for alpha[8]: 0.1328
2025-08-15 01:54:24,869 - DEBUG - Joint score for alpha[9]: 0.1323
2025-08-15 01:54:28,376 - DEBUG - Joint score for alpha[10]: 0.1302
2025-08-15 01:54:33,654 - DEBUG - Joint score for alpha[11]: 0.1325
2025-08-15 01:54:37,164 - DEBUG - Joint score for alpha[12]: 0.1299
2025-08-15 01:54:40,674 - DEBUG - Joint score for alpha[13]: 0.1296
2025-08-15 01:54:44,184 - DEBUG - Joint score for alpha[14]: 0.1299
2025-08-15 01:54:47,696 - DEBUG - Joint score for alpha[15]: 0.1307
2025-08-15 01:54:54,515 - DEBUG - Joint score for alpha[0]: 0.1346
2025-08-15 01:54:58,027 - DEBUG - Joint score for alpha[1]: 0.1348
2025-08-15 01:55:01,536 - DEBUG - Joint score for alpha[2]: 0.1346
2025-08-15 01:55:05,046 - DEBUG - Joint score for alpha[3]: 0.1333
2025-08-15 01:55:08,556 - DEBUG - Joint score for alpha[4]: 0.1331
2025-08-15 01:55:12,064 - DEBUG - Joint score for alpha[5]: 0.1344
2025-08-15 01:55:15,574 - DEBUG - Joint score for alpha[6]: 0.1345
2025-08-15 01:55:19,083 - DEBUG - Joint score for alpha[7]: 0.1334
2025-08-15 01:55:22,594 - DEBUG - Joint score for alpha[8]: 0.1341
2025-08-15 01:55:26,101 - DEBUG - Joint score for alpha[9]: 0.1333
2025-08-15 01:55:29,608 - DEBUG - Joint score for alpha[10]: 0.1341
2025-08-15 01:55:33,115 - DEBUG - Joint score for alpha[11]: 0.1343
2025-08-15 01:55:36,623 - DEBUG - Joint score for alpha[12]: 0.1330
2025-08-15 01:55:41,834 - DEBUG - Joint score for alpha[13]: 0.1334
2025-08-15 01:55:45,342 - DEBUG - Joint score for alpha[14]: 0.1342
2025-08-15 01:55:48,850 - DEBUG - Joint score for alpha[15]: 0.1335
2025-08-15 01:55:48,891 - INFO - Step 25/120: mean CRPS=0.1320
2025-08-15 01:55:48,895 - DEBUG - Beginning Gibbs iteration s = 25
2025-08-15 01:55:49,980 - DEBUG - Proposal variance adapted: 0.044
2025-08-15 01:55:56,754 - DEBUG - Joint score for alpha[0]: 0.1288
2025-08-15 01:56:00,265 - DEBUG - Joint score for alpha[1]: 0.1375
2025-08-15 01:56:03,772 - DEBUG - Joint score for alpha[2]: 0.1311
2025-08-15 01:56:07,279 - DEBUG - Joint score for alpha[3]: 0.1334
2025-08-15 01:56:10,787 - DEBUG - Joint score for alpha[4]: 0.1306
2025-08-15 01:56:14,294 - DEBUG - Joint score for alpha[5]: 0.1327
2025-08-15 01:56:17,801 - DEBUG - Joint score for alpha[6]: 0.1355
2025-08-15 01:56:21,307 - DEBUG - Joint score for alpha[7]: 0.1353
2025-08-15 01:56:24,815 - DEBUG - Joint score for alpha[8]: 0.1303
2025-08-15 01:56:28,323 - DEBUG - Joint score for alpha[9]: 0.1293
2025-08-15 01:56:31,829 - DEBUG - Joint score for alpha[10]: 0.1307
2025-08-15 01:56:35,339 - DEBUG - Joint score for alpha[11]: 0.1345
2025-08-15 01:56:38,848 - DEBUG - Joint score for alpha[12]: 0.1386
2025-08-15 01:56:42,359 - DEBUG - Joint score for alpha[13]: 0.1358
2025-08-15 01:56:45,868 - DEBUG - Joint score for alpha[14]: 0.1350
2025-08-15 01:56:49,378 - DEBUG - Joint score for alpha[15]: 0.1354
2025-08-15 01:56:56,199 - DEBUG - Joint score for alpha[0]: 0.1290
2025-08-15 01:56:59,711 - DEBUG - Joint score for alpha[1]: 0.1302
2025-08-15 01:57:03,220 - DEBUG - Joint score for alpha[2]: 0.1297
2025-08-15 01:57:06,728 - DEBUG - Joint score for alpha[3]: 0.1296
2025-08-15 01:57:10,237 - DEBUG - Joint score for alpha[4]: 0.1289
2025-08-15 01:57:13,744 - DEBUG - Joint score for alpha[5]: 0.1293
2025-08-15 01:57:17,252 - DEBUG - Joint score for alpha[6]: 0.1288
2025-08-15 01:57:20,761 - DEBUG - Joint score for alpha[7]: 0.1291
2025-08-15 01:57:24,269 - DEBUG - Joint score for alpha[8]: 0.1285
2025-08-15 01:57:27,779 - DEBUG - Joint score for alpha[9]: 0.1295
2025-08-15 01:57:31,287 - DEBUG - Joint score for alpha[10]: 0.1295
2025-08-15 01:57:34,796 - DEBUG - Joint score for alpha[11]: 0.1296
2025-08-15 01:57:38,305 - DEBUG - Joint score for alpha[12]: 0.1287
2025-08-15 01:57:41,815 - DEBUG - Joint score for alpha[13]: 0.1289
2025-08-15 01:57:45,323 - DEBUG - Joint score for alpha[14]: 0.1299
2025-08-15 01:57:48,830 - DEBUG - Joint score for alpha[15]: 0.1306
2025-08-15 01:57:55,466 - DEBUG - Joint score for alpha[0]: 0.1291
2025-08-15 01:58:00,634 - DEBUG - Joint score for alpha[1]: 0.1300
2025-08-15 01:58:04,143 - DEBUG - Joint score for alpha[2]: 0.1290
2025-08-15 01:58:07,653 - DEBUG - Joint score for alpha[3]: 0.1283
2025-08-15 01:58:11,159 - DEBUG - Joint score for alpha[4]: 0.1291
2025-08-15 01:58:14,668 - DEBUG - Joint score for alpha[5]: 0.1301
2025-08-15 01:58:18,176 - DEBUG - Joint score for alpha[6]: 0.1290
2025-08-15 01:58:21,686 - DEBUG - Joint score for alpha[7]: 0.1288
2025-08-15 01:58:25,193 - DEBUG - Joint score for alpha[8]: 0.1296
2025-08-15 01:58:28,702 - DEBUG - Joint score for alpha[9]: 0.1287
2025-08-15 01:58:32,211 - DEBUG - Joint score for alpha[10]: 0.1310
2025-08-15 01:58:35,720 - DEBUG - Joint score for alpha[11]: 0.1285
2025-08-15 01:58:39,229 - DEBUG - Joint score for alpha[12]: 0.1305
2025-08-15 01:58:42,738 - DEBUG - Joint score for alpha[13]: 0.1301
2025-08-15 01:58:46,248 - DEBUG - Joint score for alpha[14]: 0.1293
2025-08-15 01:58:49,756 - DEBUG - Joint score for alpha[15]: 0.1296
2025-08-15 01:58:56,572 - DEBUG - Joint score for alpha[0]: 0.1282
2025-08-15 01:59:00,085 - DEBUG - Joint score for alpha[1]: 0.1321
2025-08-15 01:59:03,593 - DEBUG - Joint score for alpha[2]: 0.1318
2025-08-15 01:59:08,775 - DEBUG - Joint score for alpha[3]: 0.1303
2025-08-15 01:59:12,282 - DEBUG - Joint score for alpha[4]: 0.1302
2025-08-15 01:59:15,789 - DEBUG - Joint score for alpha[5]: 0.1280
2025-08-15 01:59:19,299 - DEBUG - Joint score for alpha[6]: 0.1288
2025-08-15 01:59:22,805 - DEBUG - Joint score for alpha[7]: 0.1302
2025-08-15 01:59:26,313 - DEBUG - Joint score for alpha[8]: 0.1300
2025-08-15 01:59:29,822 - DEBUG - Joint score for alpha[9]: 0.1304
2025-08-15 01:59:33,331 - DEBUG - Joint score for alpha[10]: 0.1291
2025-08-15 01:59:36,838 - DEBUG - Joint score for alpha[11]: 0.1292
2025-08-15 01:59:40,497 - DEBUG - Joint score for alpha[12]: 0.1310
2025-08-15 01:59:44,312 - DEBUG - Joint score for alpha[13]: 0.1312
2025-08-15 01:59:47,820 - DEBUG - Joint score for alpha[14]: 0.1315
2025-08-15 01:59:51,329 - DEBUG - Joint score for alpha[15]: 0.1306
2025-08-15 01:59:58,123 - DEBUG - Joint score for alpha[0]: 0.1315
2025-08-15 02:00:01,636 - DEBUG - Joint score for alpha[1]: 0.1316
2025-08-15 02:00:05,144 - DEBUG - Joint score for alpha[2]: 0.1314
2025-08-15 02:00:08,652 - DEBUG - Joint score for alpha[3]: 0.1312
2025-08-15 02:00:12,162 - DEBUG - Joint score for alpha[4]: 0.1317
2025-08-15 02:00:15,669 - DEBUG - Joint score for alpha[5]: 0.1314
2025-08-15 02:00:20,144 - DEBUG - Joint score for alpha[6]: 0.1309
2025-08-15 02:00:23,651 - DEBUG - Joint score for alpha[7]: 0.1319
2025-08-15 02:00:27,159 - DEBUG - Joint score for alpha[8]: 0.1313
2025-08-15 02:00:30,668 - DEBUG - Joint score for alpha[9]: 0.1314
2025-08-15 02:00:34,177 - DEBUG - Joint score for alpha[10]: 0.1308
2025-08-15 02:00:37,686 - DEBUG - Joint score for alpha[11]: 0.1317
2025-08-15 02:00:41,195 - DEBUG - Joint score for alpha[12]: 0.1307
2025-08-15 02:00:44,705 - DEBUG - Joint score for alpha[13]: 0.1315
2025-08-15 02:00:48,213 - DEBUG - Joint score for alpha[14]: 0.1328
2025-08-15 02:00:51,819 - DEBUG - Joint score for alpha[15]: 0.1321
2025-08-15 02:00:51,860 - INFO - Step 26/120: mean CRPS=0.1306
2025-08-15 02:00:51,864 - DEBUG - Beginning Gibbs iteration s = 26
2025-08-15 02:00:59,274 - DEBUG - Joint score for alpha[0]: 0.1327
2025-08-15 02:01:02,788 - DEBUG - Joint score for alpha[1]: 0.1282
2025-08-15 02:01:06,298 - DEBUG - Joint score for alpha[2]: 0.1294
2025-08-15 02:01:09,809 - DEBUG - Joint score for alpha[3]: 0.1351
2025-08-15 02:01:13,320 - DEBUG - Joint score for alpha[4]: 0.1325
2025-08-15 02:01:16,830 - DEBUG - Joint score for alpha[5]: 0.1296
2025-08-15 02:01:20,341 - DEBUG - Joint score for alpha[6]: 0.1347
2025-08-15 02:01:23,850 - DEBUG - Joint score for alpha[7]: 0.1359
2025-08-15 02:01:27,646 - DEBUG - Joint score for alpha[8]: 0.1271
2025-08-15 02:01:31,159 - DEBUG - Joint score for alpha[9]: 0.1338
2025-08-15 02:01:34,668 - DEBUG - Joint score for alpha[10]: 0.1311
2025-08-15 02:01:38,317 - DEBUG - Joint score for alpha[11]: 0.1354
2025-08-15 02:01:41,827 - DEBUG - Joint score for alpha[12]: 0.1281
2025-08-15 02:01:45,338 - DEBUG - Joint score for alpha[13]: 0.1352
2025-08-15 02:01:48,848 - DEBUG - Joint score for alpha[14]: 0.1330
2025-08-15 02:01:52,357 - DEBUG - Joint score for alpha[15]: 0.1346
2025-08-15 02:01:59,163 - DEBUG - Joint score for alpha[0]: 0.1322
2025-08-15 02:02:03,128 - DEBUG - Joint score for alpha[1]: 0.1325
2025-08-15 02:02:06,636 - DEBUG - Joint score for alpha[2]: 0.1326
2025-08-15 02:02:10,144 - DEBUG - Joint score for alpha[3]: 0.1323
2025-08-15 02:02:13,792 - DEBUG - Joint score for alpha[4]: 0.1320
2025-08-15 02:02:17,301 - DEBUG - Joint score for alpha[5]: 0.1326
2025-08-15 02:02:20,809 - DEBUG - Joint score for alpha[6]: 0.1317
2025-08-15 02:02:24,319 - DEBUG - Joint score for alpha[7]: 0.1331
2025-08-15 02:02:27,829 - DEBUG - Joint score for alpha[8]: 0.1316
2025-08-15 02:02:31,339 - DEBUG - Joint score for alpha[9]: 0.1321
2025-08-15 02:02:34,850 - DEBUG - Joint score for alpha[10]: 0.1331
2025-08-15 02:02:38,362 - DEBUG - Joint score for alpha[11]: 0.1314
2025-08-15 02:02:41,873 - DEBUG - Joint score for alpha[12]: 0.1317
2025-08-15 02:02:45,382 - DEBUG - Joint score for alpha[13]: 0.1322
2025-08-15 02:02:49,009 - DEBUG - Joint score for alpha[14]: 0.1321
2025-08-15 02:02:52,518 - DEBUG - Joint score for alpha[15]: 0.1320
2025-08-15 02:02:59,315 - DEBUG - Joint score for alpha[0]: 0.1326
2025-08-15 02:03:02,828 - DEBUG - Joint score for alpha[1]: 0.1339
2025-08-15 02:03:06,338 - DEBUG - Joint score for alpha[2]: 0.1317
2025-08-15 02:03:09,998 - DEBUG - Joint score for alpha[3]: 0.1325
2025-08-15 02:03:14,732 - DEBUG - Joint score for alpha[4]: 0.1330
2025-08-15 02:03:18,241 - DEBUG - Joint score for alpha[5]: 0.1333
2025-08-15 02:03:21,751 - DEBUG - Joint score for alpha[6]: 0.1314
2025-08-15 02:03:25,259 - DEBUG - Joint score for alpha[7]: 0.1321
2025-08-15 02:03:28,769 - DEBUG - Joint score for alpha[8]: 0.1334
2025-08-15 02:03:32,278 - DEBUG - Joint score for alpha[9]: 0.1332
2025-08-15 02:03:35,786 - DEBUG - Joint score for alpha[10]: 0.1330
2025-08-15 02:03:39,298 - DEBUG - Joint score for alpha[11]: 0.1336
2025-08-15 02:03:42,810 - DEBUG - Joint score for alpha[12]: 0.1339
2025-08-15 02:03:46,321 - DEBUG - Joint score for alpha[13]: 0.1333
2025-08-15 02:03:49,833 - DEBUG - Joint score for alpha[14]: 0.1319
2025-08-15 02:03:53,345 - DEBUG - Joint score for alpha[15]: 0.1329
2025-08-15 02:04:00,147 - DEBUG - Joint score for alpha[0]: 0.1333
2025-08-15 02:04:03,659 - DEBUG - Joint score for alpha[1]: 0.1328
2025-08-15 02:04:07,167 - DEBUG - Joint score for alpha[2]: 0.1315
2025-08-15 02:04:10,674 - DEBUG - Joint score for alpha[3]: 0.1338
2025-08-15 02:04:14,183 - DEBUG - Joint score for alpha[4]: 0.1317
2025-08-15 02:04:17,690 - DEBUG - Joint score for alpha[5]: 0.1331
2025-08-15 02:04:21,822 - DEBUG - Joint score for alpha[6]: 0.1331
2025-08-15 02:04:25,329 - DEBUG - Joint score for alpha[7]: 0.1334
2025-08-15 02:04:28,837 - DEBUG - Joint score for alpha[8]: 0.1333
2025-08-15 02:04:32,346 - DEBUG - Joint score for alpha[9]: 0.1334
2025-08-15 02:04:35,854 - DEBUG - Joint score for alpha[10]: 0.1326
2025-08-15 02:04:39,362 - DEBUG - Joint score for alpha[11]: 0.1342
2025-08-15 02:04:42,868 - DEBUG - Joint score for alpha[12]: 0.1336
2025-08-15 02:04:46,376 - DEBUG - Joint score for alpha[13]: 0.1335
2025-08-15 02:04:49,884 - DEBUG - Joint score for alpha[14]: 0.1351
2025-08-15 02:04:53,394 - DEBUG - Joint score for alpha[15]: 0.1322
2025-08-15 02:05:01,187 - DEBUG - Joint score for alpha[0]: 0.1322
2025-08-15 02:05:04,700 - DEBUG - Joint score for alpha[1]: 0.1321
2025-08-15 02:05:08,208 - DEBUG - Joint score for alpha[2]: 0.1323
2025-08-15 02:05:11,714 - DEBUG - Joint score for alpha[3]: 0.1325
2025-08-15 02:05:15,221 - DEBUG - Joint score for alpha[4]: 0.1326
2025-08-15 02:05:18,727 - DEBUG - Joint score for alpha[5]: 0.1323
2025-08-15 02:05:22,233 - DEBUG - Joint score for alpha[6]: 0.1326
2025-08-15 02:05:25,739 - DEBUG - Joint score for alpha[7]: 0.1325
2025-08-15 02:05:29,246 - DEBUG - Joint score for alpha[8]: 0.1328
2025-08-15 02:05:32,895 - DEBUG - Joint score for alpha[9]: 0.1338
2025-08-15 02:05:36,401 - DEBUG - Joint score for alpha[10]: 0.1332
2025-08-15 02:05:39,908 - DEBUG - Joint score for alpha[11]: 0.1322
2025-08-15 02:05:43,414 - DEBUG - Joint score for alpha[12]: 0.1324
2025-08-15 02:05:46,923 - DEBUG - Joint score for alpha[13]: 0.1321
2025-08-15 02:05:50,429 - DEBUG - Joint score for alpha[14]: 0.1328
2025-08-15 02:05:53,937 - DEBUG - Joint score for alpha[15]: 0.1328
2025-08-15 02:05:53,979 - INFO - Step 27/120: mean CRPS=0.1324
2025-08-15 02:05:53,985 - DEBUG - Beginning Gibbs iteration s = 27
2025-08-15 02:06:01,687 - DEBUG - Joint score for alpha[0]: 0.1366
2025-08-15 02:06:05,198 - DEBUG - Joint score for alpha[1]: 0.1367
2025-08-15 02:06:08,703 - DEBUG - Joint score for alpha[2]: 0.1336
2025-08-15 02:06:12,208 - DEBUG - Joint score for alpha[3]: 0.1368
2025-08-15 02:06:15,714 - DEBUG - Joint score for alpha[4]: 0.1295
2025-08-15 02:06:19,219 - DEBUG - Joint score for alpha[5]: 0.1361
2025-08-15 02:06:22,723 - DEBUG - Joint score for alpha[6]: 0.1283
2025-08-15 02:06:26,228 - DEBUG - Joint score for alpha[7]: 0.1344
2025-08-15 02:06:29,734 - DEBUG - Joint score for alpha[8]: 0.1316
2025-08-15 02:06:33,242 - DEBUG - Joint score for alpha[9]: 0.1340
2025-08-15 02:06:36,747 - DEBUG - Joint score for alpha[10]: 0.1291
2025-08-15 02:06:40,255 - DEBUG - Joint score for alpha[11]: 0.1295
2025-08-15 02:06:43,795 - DEBUG - Joint score for alpha[12]: 0.1364
2025-08-15 02:06:47,303 - DEBUG - Joint score for alpha[13]: 0.1309
2025-08-15 02:06:50,810 - DEBUG - Joint score for alpha[14]: 0.1317
2025-08-15 02:06:54,463 - DEBUG - Joint score for alpha[15]: 0.1309
2025-08-15 02:07:01,288 - DEBUG - Joint score for alpha[0]: 0.1373
2025-08-15 02:07:04,799 - DEBUG - Joint score for alpha[1]: 0.1370
2025-08-15 02:07:08,307 - DEBUG - Joint score for alpha[2]: 0.1355
2025-08-15 02:07:11,813 - DEBUG - Joint score for alpha[3]: 0.1336
2025-08-15 02:07:15,320 - DEBUG - Joint score for alpha[4]: 0.1349
2025-08-15 02:07:18,825 - DEBUG - Joint score for alpha[5]: 0.1345
2025-08-15 02:07:22,332 - DEBUG - Joint score for alpha[6]: 0.1346
2025-08-15 02:07:25,837 - DEBUG - Joint score for alpha[7]: 0.1351
2025-08-15 02:07:29,344 - DEBUG - Joint score for alpha[8]: 0.1344
2025-08-15 02:07:32,853 - DEBUG - Joint score for alpha[9]: 0.1353
2025-08-15 02:07:36,360 - DEBUG - Joint score for alpha[10]: 0.1335
2025-08-15 02:07:39,868 - DEBUG - Joint score for alpha[11]: 0.1342
2025-08-15 02:07:43,375 - DEBUG - Joint score for alpha[12]: 0.1342
2025-08-15 02:07:46,883 - DEBUG - Joint score for alpha[13]: 0.1353
2025-08-15 02:07:50,391 - DEBUG - Joint score for alpha[14]: 0.1352
2025-08-15 02:07:54,112 - DEBUG - Joint score for alpha[15]: 0.1351
2025-08-15 02:08:00,938 - DEBUG - Joint score for alpha[0]: 0.1356
2025-08-15 02:08:04,448 - DEBUG - Joint score for alpha[1]: 0.1346
2025-08-15 02:08:07,954 - DEBUG - Joint score for alpha[2]: 0.1371
2025-08-15 02:08:11,460 - DEBUG - Joint score for alpha[3]: 0.1337
2025-08-15 02:08:14,967 - DEBUG - Joint score for alpha[4]: 0.1350
2025-08-15 02:08:18,472 - DEBUG - Joint score for alpha[5]: 0.1355
2025-08-15 02:08:21,979 - DEBUG - Joint score for alpha[6]: 0.1346
2025-08-15 02:08:25,484 - DEBUG - Joint score for alpha[7]: 0.1342
2025-08-15 02:08:29,123 - DEBUG - Joint score for alpha[8]: 0.1357
2025-08-15 02:08:32,631 - DEBUG - Joint score for alpha[9]: 0.1359
2025-08-15 02:08:36,138 - DEBUG - Joint score for alpha[10]: 0.1351
2025-08-15 02:08:39,646 - DEBUG - Joint score for alpha[11]: 0.1353
2025-08-15 02:08:43,153 - DEBUG - Joint score for alpha[12]: 0.1353
2025-08-15 02:08:46,661 - DEBUG - Joint score for alpha[13]: 0.1349
2025-08-15 02:08:50,168 - DEBUG - Joint score for alpha[14]: 0.1356
2025-08-15 02:08:53,676 - DEBUG - Joint score for alpha[15]: 0.1351
2025-08-15 02:09:00,499 - DEBUG - Joint score for alpha[0]: 0.1340
2025-08-15 02:09:04,048 - DEBUG - Joint score for alpha[1]: 0.1348
2025-08-15 02:09:07,553 - DEBUG - Joint score for alpha[2]: 0.1342
2025-08-15 02:09:11,058 - DEBUG - Joint score for alpha[3]: 0.1323
2025-08-15 02:09:14,564 - DEBUG - Joint score for alpha[4]: 0.1348
2025-08-15 02:09:18,069 - DEBUG - Joint score for alpha[5]: 0.1354
2025-08-15 02:09:21,575 - DEBUG - Joint score for alpha[6]: 0.1336
2025-08-15 02:09:25,080 - DEBUG - Joint score for alpha[7]: 0.1316
2025-08-15 02:09:28,585 - DEBUG - Joint score for alpha[8]: 0.1353
2025-08-15 02:09:32,092 - DEBUG - Joint score for alpha[9]: 0.1327
2025-08-15 02:09:35,597 - DEBUG - Joint score for alpha[10]: 0.1357
2025-08-15 02:09:39,213 - DEBUG - Joint score for alpha[11]: 0.1337
2025-08-15 02:09:42,721 - DEBUG - Joint score for alpha[12]: 0.1324
2025-08-15 02:09:46,230 - DEBUG - Joint score for alpha[13]: 0.1340
2025-08-15 02:09:49,735 - DEBUG - Joint score for alpha[14]: 0.1326
2025-08-15 02:09:53,241 - DEBUG - Joint score for alpha[15]: 0.1351
2025-08-15 02:10:00,064 - DEBUG - Joint score for alpha[0]: 0.1349
2025-08-15 02:10:03,576 - DEBUG - Joint score for alpha[1]: 0.1341
2025-08-15 02:10:07,086 - DEBUG - Joint score for alpha[2]: 0.1342
2025-08-15 02:10:10,594 - DEBUG - Joint score for alpha[3]: 0.1349
2025-08-15 02:10:14,105 - DEBUG - Joint score for alpha[4]: 0.1343
2025-08-15 02:10:19,275 - DEBUG - Joint score for alpha[5]: 0.1344
2025-08-15 02:10:22,784 - DEBUG - Joint score for alpha[6]: 0.1345
2025-08-15 02:10:26,439 - DEBUG - Joint score for alpha[7]: 0.1338
2025-08-15 02:10:29,948 - DEBUG - Joint score for alpha[8]: 0.1353
2025-08-15 02:10:33,455 - DEBUG - Joint score for alpha[9]: 0.1353
2025-08-15 02:10:36,963 - DEBUG - Joint score for alpha[10]: 0.1330
2025-08-15 02:10:40,470 - DEBUG - Joint score for alpha[11]: 0.1335
2025-08-15 02:10:43,977 - DEBUG - Joint score for alpha[12]: 0.1348
2025-08-15 02:10:47,483 - DEBUG - Joint score for alpha[13]: 0.1353
2025-08-15 02:10:50,991 - DEBUG - Joint score for alpha[14]: 0.1348
2025-08-15 02:10:54,497 - DEBUG - Joint score for alpha[15]: 0.1339
2025-08-15 02:10:54,539 - INFO - Step 28/120: mean CRPS=0.1346
2025-08-15 02:10:54,546 - DEBUG - Beginning Gibbs iteration s = 28
2025-08-15 02:11:02,918 - DEBUG - Joint score for alpha[0]: 0.1354
2025-08-15 02:11:06,430 - DEBUG - Joint score for alpha[1]: 0.1321
2025-08-15 02:11:09,940 - DEBUG - Joint score for alpha[2]: 0.1342
2025-08-15 02:11:13,448 - DEBUG - Joint score for alpha[3]: 0.1370
2025-08-15 02:11:16,957 - DEBUG - Joint score for alpha[4]: 0.1329
2025-08-15 02:11:20,462 - DEBUG - Joint score for alpha[5]: 0.1369
2025-08-15 02:11:23,967 - DEBUG - Joint score for alpha[6]: 0.1351
2025-08-15 02:11:29,055 - DEBUG - Joint score for alpha[7]: 0.1367
2025-08-15 02:11:32,565 - DEBUG - Joint score for alpha[8]: 0.1378
2025-08-15 02:11:36,071 - DEBUG - Joint score for alpha[9]: 0.1300
2025-08-15 02:11:39,576 - DEBUG - Joint score for alpha[10]: 0.1321
2025-08-15 02:11:43,084 - DEBUG - Joint score for alpha[11]: 0.1369
2025-08-15 02:11:46,589 - DEBUG - Joint score for alpha[12]: 0.1360
2025-08-15 02:11:50,094 - DEBUG - Joint score for alpha[13]: 0.1348
2025-08-15 02:11:53,602 - DEBUG - Joint score for alpha[14]: 0.1324
2025-08-15 02:11:57,109 - DEBUG - Joint score for alpha[15]: 0.1360
2025-08-15 02:12:03,919 - DEBUG - Joint score for alpha[0]: 0.1316
2025-08-15 02:12:07,432 - DEBUG - Joint score for alpha[1]: 0.1318
2025-08-15 02:12:10,940 - DEBUG - Joint score for alpha[2]: 0.1332
2025-08-15 02:12:14,446 - DEBUG - Joint score for alpha[3]: 0.1343
2025-08-15 02:12:17,953 - DEBUG - Joint score for alpha[4]: 0.1319
2025-08-15 02:12:21,460 - DEBUG - Joint score for alpha[5]: 0.1322
2025-08-15 02:12:24,968 - DEBUG - Joint score for alpha[6]: 0.1321
2025-08-15 02:12:28,474 - DEBUG - Joint score for alpha[7]: 0.1321
2025-08-15 02:12:31,982 - DEBUG - Joint score for alpha[8]: 0.1309
2025-08-15 02:12:35,490 - DEBUG - Joint score for alpha[9]: 0.1310
2025-08-15 02:12:38,997 - DEBUG - Joint score for alpha[10]: 0.1319
2025-08-15 02:12:42,506 - DEBUG - Joint score for alpha[11]: 0.1311
2025-08-15 02:12:46,164 - DEBUG - Joint score for alpha[12]: 0.1308
2025-08-15 02:12:49,673 - DEBUG - Joint score for alpha[13]: 0.1324
2025-08-15 02:12:53,180 - DEBUG - Joint score for alpha[14]: 0.1329
2025-08-15 02:12:56,688 - DEBUG - Joint score for alpha[15]: 0.1321
2025-08-15 02:13:03,491 - DEBUG - Joint score for alpha[0]: 0.1331
2025-08-15 02:13:07,003 - DEBUG - Joint score for alpha[1]: 0.1345
2025-08-15 02:13:10,513 - DEBUG - Joint score for alpha[2]: 0.1342
2025-08-15 02:13:14,022 - DEBUG - Joint score for alpha[3]: 0.1333
2025-08-15 02:13:17,531 - DEBUG - Joint score for alpha[4]: 0.1325
2025-08-15 02:13:21,036 - DEBUG - Joint score for alpha[5]: 0.1334
2025-08-15 02:13:24,543 - DEBUG - Joint score for alpha[6]: 0.1337
2025-08-15 02:13:28,050 - DEBUG - Joint score for alpha[7]: 0.1326
2025-08-15 02:13:31,557 - DEBUG - Joint score for alpha[8]: 0.1338
2025-08-15 02:13:35,065 - DEBUG - Joint score for alpha[9]: 0.1333
2025-08-15 02:13:38,572 - DEBUG - Joint score for alpha[10]: 0.1331
2025-08-15 02:13:42,081 - DEBUG - Joint score for alpha[11]: 0.1345
2025-08-15 02:13:45,591 - DEBUG - Joint score for alpha[12]: 0.1335
2025-08-15 02:13:49,102 - DEBUG - Joint score for alpha[13]: 0.1330
2025-08-15 02:13:52,609 - DEBUG - Joint score for alpha[14]: 0.1343
2025-08-15 02:13:56,118 - DEBUG - Joint score for alpha[15]: 0.1352
2025-08-15 02:14:02,943 - DEBUG - Joint score for alpha[0]: 0.1332
2025-08-15 02:14:06,455 - DEBUG - Joint score for alpha[1]: 0.1352
2025-08-15 02:14:09,964 - DEBUG - Joint score for alpha[2]: 0.1339
2025-08-15 02:14:13,473 - DEBUG - Joint score for alpha[3]: 0.1344
2025-08-15 02:14:16,983 - DEBUG - Joint score for alpha[4]: 0.1347
2025-08-15 02:14:20,490 - DEBUG - Joint score for alpha[5]: 0.1343
2025-08-15 02:14:24,000 - DEBUG - Joint score for alpha[6]: 0.1346
2025-08-15 02:14:27,507 - DEBUG - Joint score for alpha[7]: 0.1355
2025-08-15 02:14:31,015 - DEBUG - Joint score for alpha[8]: 0.1351
2025-08-15 02:14:34,524 - DEBUG - Joint score for alpha[9]: 0.1330
2025-08-15 02:14:38,033 - DEBUG - Joint score for alpha[10]: 0.1346
2025-08-15 02:14:41,542 - DEBUG - Joint score for alpha[11]: 0.1343
2025-08-15 02:14:45,051 - DEBUG - Joint score for alpha[12]: 0.1354
2025-08-15 02:14:48,562 - DEBUG - Joint score for alpha[13]: 0.1351
2025-08-15 02:14:52,068 - DEBUG - Joint score for alpha[14]: 0.1338
2025-08-15 02:14:55,576 - DEBUG - Joint score for alpha[15]: 0.1342
2025-08-15 02:15:02,410 - DEBUG - Joint score for alpha[0]: 0.1335
2025-08-15 02:15:06,018 - DEBUG - Joint score for alpha[1]: 0.1335
2025-08-15 02:15:09,528 - DEBUG - Joint score for alpha[2]: 0.1336
2025-08-15 02:15:13,036 - DEBUG - Joint score for alpha[3]: 0.1339
2025-08-15 02:15:16,545 - DEBUG - Joint score for alpha[4]: 0.1330
2025-08-15 02:15:20,053 - DEBUG - Joint score for alpha[5]: 0.1330
2025-08-15 02:15:23,562 - DEBUG - Joint score for alpha[6]: 0.1338
2025-08-15 02:15:27,071 - DEBUG - Joint score for alpha[7]: 0.1328
2025-08-15 02:15:30,580 - DEBUG - Joint score for alpha[8]: 0.1341
2025-08-15 02:15:34,091 - DEBUG - Joint score for alpha[9]: 0.1337
2025-08-15 02:15:37,600 - DEBUG - Joint score for alpha[10]: 0.1334
2025-08-15 02:15:41,109 - DEBUG - Joint score for alpha[11]: 0.1332
2025-08-15 02:15:44,618 - DEBUG - Joint score for alpha[12]: 0.1330
2025-08-15 02:15:48,127 - DEBUG - Joint score for alpha[13]: 0.1335
2025-08-15 02:15:51,636 - DEBUG - Joint score for alpha[14]: 0.1334
2025-08-15 02:15:55,145 - DEBUG - Joint score for alpha[15]: 0.1334
2025-08-15 02:15:55,187 - INFO - Step 29/120: mean CRPS=0.1337
2025-08-15 02:15:55,191 - DEBUG - Beginning Gibbs iteration s = 29
2025-08-15 02:16:02,776 - DEBUG - Joint score for alpha[0]: 0.1373
2025-08-15 02:16:07,993 - DEBUG - Joint score for alpha[1]: 0.1345
2025-08-15 02:16:11,502 - DEBUG - Joint score for alpha[2]: 0.1308
2025-08-15 02:16:15,011 - DEBUG - Joint score for alpha[3]: 0.1332
2025-08-15 02:16:18,520 - DEBUG - Joint score for alpha[4]: 0.1323
2025-08-15 02:16:22,029 - DEBUG - Joint score for alpha[5]: 0.1381
2025-08-15 02:16:25,537 - DEBUG - Joint score for alpha[6]: 0.1323
2025-08-15 02:16:29,046 - DEBUG - Joint score for alpha[7]: 0.1338
2025-08-15 02:16:32,555 - DEBUG - Joint score for alpha[8]: 0.1374
2025-08-15 02:16:36,065 - DEBUG - Joint score for alpha[9]: 0.1315
2025-08-15 02:16:39,575 - DEBUG - Joint score for alpha[10]: 0.1349
2025-08-15 02:16:43,085 - DEBUG - Joint score for alpha[11]: 0.1338
2025-08-15 02:16:46,595 - DEBUG - Joint score for alpha[12]: 0.1338
2025-08-15 02:16:50,105 - DEBUG - Joint score for alpha[13]: 0.1386
2025-08-15 02:16:53,614 - DEBUG - Joint score for alpha[14]: 0.1321
2025-08-15 02:16:57,123 - DEBUG - Joint score for alpha[15]: 0.1348
2025-08-15 02:17:03,951 - DEBUG - Joint score for alpha[0]: 0.1364
2025-08-15 02:17:07,464 - DEBUG - Joint score for alpha[1]: 0.1373
2025-08-15 02:17:10,974 - DEBUG - Joint score for alpha[2]: 0.1374
2025-08-15 02:17:14,483 - DEBUG - Joint score for alpha[3]: 0.1371
2025-08-15 02:17:17,989 - DEBUG - Joint score for alpha[4]: 0.1385
2025-08-15 02:17:21,497 - DEBUG - Joint score for alpha[5]: 0.1373
2025-08-15 02:17:25,004 - DEBUG - Joint score for alpha[6]: 0.1381
2025-08-15 02:17:28,511 - DEBUG - Joint score for alpha[7]: 0.1367
2025-08-15 02:17:32,018 - DEBUG - Joint score for alpha[8]: 0.1366
2025-08-15 02:17:35,525 - DEBUG - Joint score for alpha[9]: 0.1385
2025-08-15 02:17:39,034 - DEBUG - Joint score for alpha[10]: 0.1371
2025-08-15 02:17:42,540 - DEBUG - Joint score for alpha[11]: 0.1361
2025-08-15 02:17:46,048 - DEBUG - Joint score for alpha[12]: 0.1373
2025-08-15 02:17:50,003 - DEBUG - Joint score for alpha[13]: 0.1373
2025-08-15 02:17:53,511 - DEBUG - Joint score for alpha[14]: 0.1368
2025-08-15 02:17:57,021 - DEBUG - Joint score for alpha[15]: 0.1372
2025-08-15 02:18:03,842 - DEBUG - Joint score for alpha[0]: 0.1391
2025-08-15 02:18:07,357 - DEBUG - Joint score for alpha[1]: 0.1395
2025-08-15 02:18:10,866 - DEBUG - Joint score for alpha[2]: 0.1389
2025-08-15 02:18:14,374 - DEBUG - Joint score for alpha[3]: 0.1416
2025-08-15 02:18:17,881 - DEBUG - Joint score for alpha[4]: 0.1367
2025-08-15 02:18:21,389 - DEBUG - Joint score for alpha[5]: 0.1380
2025-08-15 02:18:25,022 - DEBUG - Joint score for alpha[6]: 0.1387
2025-08-15 02:18:29,022 - DEBUG - Joint score for alpha[7]: 0.1390
2025-08-15 02:18:32,531 - DEBUG - Joint score for alpha[8]: 0.1382
2025-08-15 02:18:36,039 - DEBUG - Joint score for alpha[9]: 0.1388
2025-08-15 02:18:39,547 - DEBUG - Joint score for alpha[10]: 0.1397
2025-08-15 02:18:43,055 - DEBUG - Joint score for alpha[11]: 0.1386
2025-08-15 02:18:46,566 - DEBUG - Joint score for alpha[12]: 0.1386
2025-08-15 02:18:50,074 - DEBUG - Joint score for alpha[13]: 0.1381
2025-08-15 02:18:53,584 - DEBUG - Joint score for alpha[14]: 0.1396
2025-08-15 02:18:57,094 - DEBUG - Joint score for alpha[15]: 0.1380
2025-08-15 02:19:04,259 - DEBUG - Joint score for alpha[0]: 0.1391
2025-08-15 02:19:07,774 - DEBUG - Joint score for alpha[1]: 0.1413
2025-08-15 02:19:11,282 - DEBUG - Joint score for alpha[2]: 0.1381
2025-08-15 02:19:14,791 - DEBUG - Joint score for alpha[3]: 0.1405
2025-08-15 02:19:18,299 - DEBUG - Joint score for alpha[4]: 0.1415
2025-08-15 02:19:21,807 - DEBUG - Joint score for alpha[5]: 0.1403
2025-08-15 02:19:25,315 - DEBUG - Joint score for alpha[6]: 0.1415
2025-08-15 02:19:28,823 - DEBUG - Joint score for alpha[7]: 0.1382
2025-08-15 02:19:32,330 - DEBUG - Joint score for alpha[8]: 0.1412
2025-08-15 02:19:35,838 - DEBUG - Joint score for alpha[9]: 0.1412
2025-08-15 02:19:39,346 - DEBUG - Joint score for alpha[10]: 0.1419
2025-08-15 02:19:42,853 - DEBUG - Joint score for alpha[11]: 0.1390
2025-08-15 02:19:46,361 - DEBUG - Joint score for alpha[12]: 0.1395
2025-08-15 02:19:49,868 - DEBUG - Joint score for alpha[13]: 0.1404
2025-08-15 02:19:53,374 - DEBUG - Joint score for alpha[14]: 0.1407
2025-08-15 02:19:56,882 - DEBUG - Joint score for alpha[15]: 0.1415
2025-08-15 02:20:03,710 - DEBUG - Joint score for alpha[0]: 0.1394
2025-08-15 02:20:07,224 - DEBUG - Joint score for alpha[1]: 0.1386
2025-08-15 02:20:10,734 - DEBUG - Joint score for alpha[2]: 0.1388
2025-08-15 02:20:15,143 - DEBUG - Joint score for alpha[3]: 0.1393
2025-08-15 02:20:18,650 - DEBUG - Joint score for alpha[4]: 0.1390
2025-08-15 02:20:22,160 - DEBUG - Joint score for alpha[5]: 0.1387
2025-08-15 02:20:25,669 - DEBUG - Joint score for alpha[6]: 0.1397
2025-08-15 02:20:29,179 - DEBUG - Joint score for alpha[7]: 0.1386
2025-08-15 02:20:32,689 - DEBUG - Joint score for alpha[8]: 0.1387
2025-08-15 02:20:36,200 - DEBUG - Joint score for alpha[9]: 0.1392
2025-08-15 02:20:39,710 - DEBUG - Joint score for alpha[10]: 0.1387
2025-08-15 02:20:43,220 - DEBUG - Joint score for alpha[11]: 0.1373
2025-08-15 02:20:46,729 - DEBUG - Joint score for alpha[12]: 0.1392
2025-08-15 02:20:50,237 - DEBUG - Joint score for alpha[13]: 0.1388
2025-08-15 02:20:53,745 - DEBUG - Joint score for alpha[14]: 0.1389
2025-08-15 02:20:57,253 - DEBUG - Joint score for alpha[15]: 0.1377
2025-08-15 02:20:57,295 - INFO - Step 30/120: mean CRPS=0.1389
2025-08-15 02:20:57,301 - DEBUG - Beginning Gibbs iteration s = 30
2025-08-15 02:20:58,250 - DEBUG - Proposal variance adapted: 0.038
2025-08-15 02:21:05,038 - DEBUG - Joint score for alpha[0]: 0.1374
2025-08-15 02:21:08,554 - DEBUG - Joint score for alpha[1]: 0.1411
2025-08-15 02:21:12,065 - DEBUG - Joint score for alpha[2]: 0.1437
2025-08-15 02:21:15,575 - DEBUG - Joint score for alpha[3]: 0.1340
2025-08-15 02:21:19,095 - DEBUG - Joint score for alpha[4]: 0.1381
2025-08-15 02:21:24,006 - DEBUG - Joint score for alpha[5]: 0.1380
2025-08-15 02:21:27,518 - DEBUG - Joint score for alpha[6]: 0.1385
2025-08-15 02:21:31,029 - DEBUG - Joint score for alpha[7]: 0.1375
2025-08-15 02:21:34,541 - DEBUG - Joint score for alpha[8]: 0.1390
2025-08-15 02:21:38,053 - DEBUG - Joint score for alpha[9]: 0.1358
2025-08-15 02:21:41,564 - DEBUG - Joint score for alpha[10]: 0.1403
2025-08-15 02:21:45,075 - DEBUG - Joint score for alpha[11]: 0.1385
2025-08-15 02:21:48,586 - DEBUG - Joint score for alpha[12]: 0.1410
2025-08-15 02:21:52,097 - DEBUG - Joint score for alpha[13]: 0.1376
2025-08-15 02:21:55,607 - DEBUG - Joint score for alpha[14]: 0.1391
2025-08-15 02:21:59,117 - DEBUG - Joint score for alpha[15]: 0.1363
2025-08-15 02:22:05,896 - DEBUG - Joint score for alpha[0]: 0.1400
2025-08-15 02:22:09,411 - DEBUG - Joint score for alpha[1]: 0.1413
2025-08-15 02:22:12,921 - DEBUG - Joint score for alpha[2]: 0.1399
2025-08-15 02:22:16,431 - DEBUG - Joint score for alpha[3]: 0.1399
2025-08-15 02:22:19,941 - DEBUG - Joint score for alpha[4]: 0.1378
2025-08-15 02:22:23,452 - DEBUG - Joint score for alpha[5]: 0.1379
2025-08-15 02:22:26,960 - DEBUG - Joint score for alpha[6]: 0.1396
2025-08-15 02:22:30,623 - DEBUG - Joint score for alpha[7]: 0.1417
2025-08-15 02:22:34,132 - DEBUG - Joint score for alpha[8]: 0.1378
2025-08-15 02:22:37,639 - DEBUG - Joint score for alpha[9]: 0.1408
2025-08-15 02:22:41,148 - DEBUG - Joint score for alpha[10]: 0.1387
2025-08-15 02:22:44,656 - DEBUG - Joint score for alpha[11]: 0.1406
2025-08-15 02:22:48,166 - DEBUG - Joint score for alpha[12]: 0.1400
2025-08-15 02:22:51,673 - DEBUG - Joint score for alpha[13]: 0.1402
2025-08-15 02:22:55,183 - DEBUG - Joint score for alpha[14]: 0.1406
2025-08-15 02:22:58,693 - DEBUG - Joint score for alpha[15]: 0.1396
2025-08-15 02:23:05,472 - DEBUG - Joint score for alpha[0]: 0.1405
2025-08-15 02:23:09,284 - DEBUG - Joint score for alpha[1]: 0.1408
2025-08-15 02:23:12,794 - DEBUG - Joint score for alpha[2]: 0.1403
2025-08-15 02:23:16,304 - DEBUG - Joint score for alpha[3]: 0.1392
2025-08-15 02:23:19,812 - DEBUG - Joint score for alpha[4]: 0.1392
2025-08-15 02:23:23,320 - DEBUG - Joint score for alpha[5]: 0.1385
2025-08-15 02:23:26,826 - DEBUG - Joint score for alpha[6]: 0.1403
2025-08-15 02:23:30,333 - DEBUG - Joint score for alpha[7]: 0.1393
2025-08-15 02:23:33,840 - DEBUG - Joint score for alpha[8]: 0.1394
2025-08-15 02:23:37,349 - DEBUG - Joint score for alpha[9]: 0.1384
2025-08-15 02:23:40,963 - DEBUG - Joint score for alpha[10]: 0.1396
2025-08-15 02:23:44,472 - DEBUG - Joint score for alpha[11]: 0.1382
2025-08-15 02:23:47,982 - DEBUG - Joint score for alpha[12]: 0.1399
2025-08-15 02:23:51,573 - DEBUG - Joint score for alpha[13]: 0.1388
2025-08-15 02:23:55,082 - DEBUG - Joint score for alpha[14]: 0.1380
2025-08-15 02:23:58,593 - DEBUG - Joint score for alpha[15]: 0.1399
2025-08-15 02:24:05,307 - DEBUG - Joint score for alpha[0]: 0.1390
2025-08-15 02:24:08,821 - DEBUG - Joint score for alpha[1]: 0.1394
2025-08-15 02:24:12,330 - DEBUG - Joint score for alpha[2]: 0.1380
2025-08-15 02:24:15,883 - DEBUG - Joint score for alpha[3]: 0.1400
2025-08-15 02:24:19,688 - DEBUG - Joint score for alpha[4]: 0.1400
2025-08-15 02:24:23,196 - DEBUG - Joint score for alpha[5]: 0.1392
2025-08-15 02:24:26,705 - DEBUG - Joint score for alpha[6]: 0.1371
2025-08-15 02:24:30,213 - DEBUG - Joint score for alpha[7]: 0.1398
2025-08-15 02:24:33,723 - DEBUG - Joint score for alpha[8]: 0.1395
2025-08-15 02:24:37,230 - DEBUG - Joint score for alpha[9]: 0.1391
2025-08-15 02:24:40,741 - DEBUG - Joint score for alpha[10]: 0.1381
2025-08-15 02:24:44,249 - DEBUG - Joint score for alpha[11]: 0.1373
2025-08-15 02:24:47,756 - DEBUG - Joint score for alpha[12]: 0.1378
2025-08-15 02:24:51,264 - DEBUG - Joint score for alpha[13]: 0.1396
2025-08-15 02:24:55,055 - DEBUG - Joint score for alpha[14]: 0.1393
2025-08-15 02:24:58,562 - DEBUG - Joint score for alpha[15]: 0.1379
2025-08-15 02:25:05,357 - DEBUG - Joint score for alpha[0]: 0.1383
2025-08-15 02:25:08,870 - DEBUG - Joint score for alpha[1]: 0.1388
2025-08-15 02:25:12,378 - DEBUG - Joint score for alpha[2]: 0.1376
2025-08-15 02:25:15,887 - DEBUG - Joint score for alpha[3]: 0.1379
2025-08-15 02:25:19,396 - DEBUG - Joint score for alpha[4]: 0.1375
2025-08-15 02:25:22,907 - DEBUG - Joint score for alpha[5]: 0.1375
2025-08-15 02:25:26,417 - DEBUG - Joint score for alpha[6]: 0.1380
2025-08-15 02:25:29,927 - DEBUG - Joint score for alpha[7]: 0.1378
2025-08-15 02:25:33,435 - DEBUG - Joint score for alpha[8]: 0.1383
2025-08-15 02:25:36,943 - DEBUG - Joint score for alpha[9]: 0.1383
2025-08-15 02:25:40,451 - DEBUG - Joint score for alpha[10]: 0.1376
2025-08-15 02:25:43,959 - DEBUG - Joint score for alpha[11]: 0.1384
2025-08-15 02:25:47,469 - DEBUG - Joint score for alpha[12]: 0.1380
2025-08-15 02:25:50,979 - DEBUG - Joint score for alpha[13]: 0.1375
2025-08-15 02:25:54,489 - DEBUG - Joint score for alpha[14]: 0.1375
2025-08-15 02:25:57,999 - DEBUG - Joint score for alpha[15]: 0.1387
2025-08-15 02:25:59,754 - INFO - Step 31/120: mean CRPS=0.1386
2025-08-15 02:25:59,758 - DEBUG - Beginning Gibbs iteration s = 31
2025-08-15 02:26:07,330 - DEBUG - Joint score for alpha[0]: 0.1365
2025-08-15 02:26:10,926 - DEBUG - Joint score for alpha[1]: 0.1354
2025-08-15 02:26:14,434 - DEBUG - Joint score for alpha[2]: 0.1377
2025-08-15 02:26:17,943 - DEBUG - Joint score for alpha[3]: 0.1362
2025-08-15 02:26:21,451 - DEBUG - Joint score for alpha[4]: 0.1418
2025-08-15 02:26:24,962 - DEBUG - Joint score for alpha[5]: 0.1362
2025-08-15 02:26:28,470 - DEBUG - Joint score for alpha[6]: 0.1379
2025-08-15 02:26:31,978 - DEBUG - Joint score for alpha[7]: 0.1372
2025-08-15 02:26:35,488 - DEBUG - Joint score for alpha[8]: 0.1373
2025-08-15 02:26:38,998 - DEBUG - Joint score for alpha[9]: 0.1361
2025-08-15 02:26:42,509 - DEBUG - Joint score for alpha[10]: 0.1381
2025-08-15 02:26:46,126 - DEBUG - Joint score for alpha[11]: 0.1334
2025-08-15 02:26:49,636 - DEBUG - Joint score for alpha[12]: 0.1387
2025-08-15 02:26:53,146 - DEBUG - Joint score for alpha[13]: 0.1349
2025-08-15 02:26:56,656 - DEBUG - Joint score for alpha[14]: 0.1357
2025-08-15 02:27:00,164 - DEBUG - Joint score for alpha[15]: 0.1402
2025-08-15 02:27:06,873 - DEBUG - Joint score for alpha[0]: 0.1318
2025-08-15 02:27:10,389 - DEBUG - Joint score for alpha[1]: 0.1344
2025-08-15 02:27:13,900 - DEBUG - Joint score for alpha[2]: 0.1342
2025-08-15 02:27:17,410 - DEBUG - Joint score for alpha[3]: 0.1335
2025-08-15 02:27:20,918 - DEBUG - Joint score for alpha[4]: 0.1335
2025-08-15 02:27:24,428 - DEBUG - Joint score for alpha[5]: 0.1348
2025-08-15 02:27:27,936 - DEBUG - Joint score for alpha[6]: 0.1348
2025-08-15 02:27:31,445 - DEBUG - Joint score for alpha[7]: 0.1347
2025-08-15 02:27:34,954 - DEBUG - Joint score for alpha[8]: 0.1345
2025-08-15 02:27:38,461 - DEBUG - Joint score for alpha[9]: 0.1334
2025-08-15 02:27:41,970 - DEBUG - Joint score for alpha[10]: 0.1346
2025-08-15 02:27:45,478 - DEBUG - Joint score for alpha[11]: 0.1363
2025-08-15 02:27:48,987 - DEBUG - Joint score for alpha[12]: 0.1334
2025-08-15 02:27:52,495 - DEBUG - Joint score for alpha[13]: 0.1341
2025-08-15 02:27:56,005 - DEBUG - Joint score for alpha[14]: 0.1341
2025-08-15 02:27:59,514 - DEBUG - Joint score for alpha[15]: 0.1334
2025-08-15 02:28:06,264 - DEBUG - Joint score for alpha[0]: 0.1338
2025-08-15 02:28:09,777 - DEBUG - Joint score for alpha[1]: 0.1347
2025-08-15 02:28:13,288 - DEBUG - Joint score for alpha[2]: 0.1332
2025-08-15 02:28:16,798 - DEBUG - Joint score for alpha[3]: 0.1343
2025-08-15 02:28:20,306 - DEBUG - Joint score for alpha[4]: 0.1352
2025-08-15 02:28:23,817 - DEBUG - Joint score for alpha[5]: 0.1347
2025-08-15 02:28:27,324 - DEBUG - Joint score for alpha[6]: 0.1343
2025-08-15 02:28:30,831 - DEBUG - Joint score for alpha[7]: 0.1346
2025-08-15 02:28:34,339 - DEBUG - Joint score for alpha[8]: 0.1344
2025-08-15 02:28:37,846 - DEBUG - Joint score for alpha[9]: 0.1360
2025-08-15 02:28:41,354 - DEBUG - Joint score for alpha[10]: 0.1369
2025-08-15 02:28:44,861 - DEBUG - Joint score for alpha[11]: 0.1343
2025-08-15 02:28:48,370 - DEBUG - Joint score for alpha[12]: 0.1345
2025-08-15 02:28:51,877 - DEBUG - Joint score for alpha[13]: 0.1367
2025-08-15 02:28:55,388 - DEBUG - Joint score for alpha[14]: 0.1331
2025-08-15 02:28:58,896 - DEBUG - Joint score for alpha[15]: 0.1349
2025-08-15 02:29:05,705 - DEBUG - Joint score for alpha[0]: 0.1346
2025-08-15 02:29:09,218 - DEBUG - Joint score for alpha[1]: 0.1327
2025-08-15 02:29:12,726 - DEBUG - Joint score for alpha[2]: 0.1337
2025-08-15 02:29:16,233 - DEBUG - Joint score for alpha[3]: 0.1349
2025-08-15 02:29:19,740 - DEBUG - Joint score for alpha[4]: 0.1351
2025-08-15 02:29:23,249 - DEBUG - Joint score for alpha[5]: 0.1331
2025-08-15 02:29:26,757 - DEBUG - Joint score for alpha[6]: 0.1334
2025-08-15 02:29:30,266 - DEBUG - Joint score for alpha[7]: 0.1334
2025-08-15 02:29:33,775 - DEBUG - Joint score for alpha[8]: 0.1355
2025-08-15 02:29:37,285 - DEBUG - Joint score for alpha[9]: 0.1331
2025-08-15 02:29:40,795 - DEBUG - Joint score for alpha[10]: 0.1323
2025-08-15 02:29:44,305 - DEBUG - Joint score for alpha[11]: 0.1340
2025-08-15 02:29:47,815 - DEBUG - Joint score for alpha[12]: 0.1341
2025-08-15 02:29:51,325 - DEBUG - Joint score for alpha[13]: 0.1352
2025-08-15 02:29:54,835 - DEBUG - Joint score for alpha[14]: 0.1323
2025-08-15 02:29:58,343 - DEBUG - Joint score for alpha[15]: 0.1344
2025-08-15 02:30:06,566 - DEBUG - Joint score for alpha[0]: 0.1331
2025-08-15 02:30:10,080 - DEBUG - Joint score for alpha[1]: 0.1336
2025-08-15 02:30:13,589 - DEBUG - Joint score for alpha[2]: 0.1337
2025-08-15 02:30:17,100 - DEBUG - Joint score for alpha[3]: 0.1339
2025-08-15 02:30:20,609 - DEBUG - Joint score for alpha[4]: 0.1333
2025-08-15 02:30:24,119 - DEBUG - Joint score for alpha[5]: 0.1342
2025-08-15 02:30:27,629 - DEBUG - Joint score for alpha[6]: 0.1327
2025-08-15 02:30:31,139 - DEBUG - Joint score for alpha[7]: 0.1338
2025-08-15 02:30:34,650 - DEBUG - Joint score for alpha[8]: 0.1342
2025-08-15 02:30:38,159 - DEBUG - Joint score for alpha[9]: 0.1344
2025-08-15 02:30:41,668 - DEBUG - Joint score for alpha[10]: 0.1344
2025-08-15 02:30:45,177 - DEBUG - Joint score for alpha[11]: 0.1332
2025-08-15 02:30:48,687 - DEBUG - Joint score for alpha[12]: 0.1331
2025-08-15 02:30:52,196 - DEBUG - Joint score for alpha[13]: 0.1337
2025-08-15 02:30:55,708 - DEBUG - Joint score for alpha[14]: 0.1333
2025-08-15 02:30:59,219 - DEBUG - Joint score for alpha[15]: 0.1335
2025-08-15 02:30:59,261 - INFO - Step 32/120: mean CRPS=0.1338
2025-08-15 02:30:59,265 - DEBUG - Beginning Gibbs iteration s = 32
2025-08-15 02:31:06,513 - DEBUG - Joint score for alpha[0]: 0.1337
2025-08-15 02:31:10,027 - DEBUG - Joint score for alpha[1]: 0.1361
2025-08-15 02:31:14,871 - DEBUG - Joint score for alpha[2]: 0.1370
2025-08-15 02:31:18,383 - DEBUG - Joint score for alpha[3]: 0.1368
2025-08-15 02:31:21,892 - DEBUG - Joint score for alpha[4]: 0.1303
2025-08-15 02:31:25,402 - DEBUG - Joint score for alpha[5]: 0.1353
2025-08-15 02:31:28,911 - DEBUG - Joint score for alpha[6]: 0.1306
2025-08-15 02:31:32,420 - DEBUG - Joint score for alpha[7]: 0.1372
2025-08-15 02:31:35,927 - DEBUG - Joint score for alpha[8]: 0.1355
2025-08-15 02:31:39,436 - DEBUG - Joint score for alpha[9]: 0.1310
2025-08-15 02:31:42,944 - DEBUG - Joint score for alpha[10]: 0.1337
2025-08-15 02:31:46,452 - DEBUG - Joint score for alpha[11]: 0.1332
2025-08-15 02:31:49,960 - DEBUG - Joint score for alpha[12]: 0.1351
2025-08-15 02:31:53,468 - DEBUG - Joint score for alpha[13]: 0.1344
2025-08-15 02:31:56,975 - DEBUG - Joint score for alpha[14]: 0.1323
2025-08-15 02:32:00,484 - DEBUG - Joint score for alpha[15]: 0.1367
2025-08-15 02:32:07,273 - DEBUG - Joint score for alpha[0]: 0.1313
2025-08-15 02:32:10,787 - DEBUG - Joint score for alpha[1]: 0.1294
2025-08-15 02:32:14,298 - DEBUG - Joint score for alpha[2]: 0.1307
2025-08-15 02:32:17,808 - DEBUG - Joint score for alpha[3]: 0.1308
2025-08-15 02:32:21,316 - DEBUG - Joint score for alpha[4]: 0.1289
2025-08-15 02:32:24,825 - DEBUG - Joint score for alpha[5]: 0.1305
2025-08-15 02:32:28,334 - DEBUG - Joint score for alpha[6]: 0.1311
2025-08-15 02:32:31,843 - DEBUG - Joint score for alpha[7]: 0.1292
2025-08-15 02:32:35,351 - DEBUG - Joint score for alpha[8]: 0.1317
2025-08-15 02:32:38,860 - DEBUG - Joint score for alpha[9]: 0.1303
2025-08-15 02:32:42,370 - DEBUG - Joint score for alpha[10]: 0.1314
2025-08-15 02:32:45,880 - DEBUG - Joint score for alpha[11]: 0.1293
2025-08-15 02:32:49,390 - DEBUG - Joint score for alpha[12]: 0.1298
2025-08-15 02:32:52,899 - DEBUG - Joint score for alpha[13]: 0.1284
2025-08-15 02:32:56,410 - DEBUG - Joint score for alpha[14]: 0.1299
2025-08-15 02:32:59,920 - DEBUG - Joint score for alpha[15]: 0.1305
2025-08-15 02:33:06,723 - DEBUG - Joint score for alpha[0]: 0.1297
2025-08-15 02:33:10,235 - DEBUG - Joint score for alpha[1]: 0.1302
2025-08-15 02:33:13,744 - DEBUG - Joint score for alpha[2]: 0.1290
2025-08-15 02:33:17,252 - DEBUG - Joint score for alpha[3]: 0.1303
2025-08-15 02:33:20,760 - DEBUG - Joint score for alpha[4]: 0.1304
2025-08-15 02:33:24,269 - DEBUG - Joint score for alpha[5]: 0.1298
2025-08-15 02:33:27,777 - DEBUG - Joint score for alpha[6]: 0.1281
2025-08-15 02:33:32,871 - DEBUG - Joint score for alpha[7]: 0.1301
2025-08-15 02:33:36,379 - DEBUG - Joint score for alpha[8]: 0.1295
2025-08-15 02:33:39,888 - DEBUG - Joint score for alpha[9]: 0.1308
2025-08-15 02:33:43,397 - DEBUG - Joint score for alpha[10]: 0.1308
2025-08-15 02:33:46,904 - DEBUG - Joint score for alpha[11]: 0.1290
2025-08-15 02:33:50,411 - DEBUG - Joint score for alpha[12]: 0.1300
2025-08-15 02:33:53,922 - DEBUG - Joint score for alpha[13]: 0.1322
2025-08-15 02:33:57,430 - DEBUG - Joint score for alpha[14]: 0.1287
2025-08-15 02:34:00,939 - DEBUG - Joint score for alpha[15]: 0.1314
2025-08-15 02:34:07,703 - DEBUG - Joint score for alpha[0]: 0.1296
2025-08-15 02:34:11,215 - DEBUG - Joint score for alpha[1]: 0.1289
2025-08-15 02:34:14,723 - DEBUG - Joint score for alpha[2]: 0.1289
2025-08-15 02:34:18,231 - DEBUG - Joint score for alpha[3]: 0.1295
2025-08-15 02:34:21,738 - DEBUG - Joint score for alpha[4]: 0.1290
2025-08-15 02:34:25,247 - DEBUG - Joint score for alpha[5]: 0.1301
2025-08-15 02:34:28,754 - DEBUG - Joint score for alpha[6]: 0.1275
2025-08-15 02:34:32,262 - DEBUG - Joint score for alpha[7]: 0.1283
2025-08-15 02:34:35,770 - DEBUG - Joint score for alpha[8]: 0.1302
2025-08-15 02:34:39,498 - DEBUG - Joint score for alpha[9]: 0.1303
2025-08-15 02:34:43,011 - DEBUG - Joint score for alpha[10]: 0.1282
2025-08-15 02:34:46,520 - DEBUG - Joint score for alpha[11]: 0.1279
2025-08-15 02:34:50,029 - DEBUG - Joint score for alpha[12]: 0.1308
2025-08-15 02:34:53,538 - DEBUG - Joint score for alpha[13]: 0.1289
2025-08-15 02:34:57,047 - DEBUG - Joint score for alpha[14]: 0.1293
2025-08-15 02:35:00,554 - DEBUG - Joint score for alpha[15]: 0.1296
2025-08-15 02:35:07,265 - DEBUG - Joint score for alpha[0]: 0.1292
2025-08-15 02:35:10,779 - DEBUG - Joint score for alpha[1]: 0.1304
2025-08-15 02:35:14,289 - DEBUG - Joint score for alpha[2]: 0.1297
2025-08-15 02:35:17,799 - DEBUG - Joint score for alpha[3]: 0.1296
2025-08-15 02:35:21,310 - DEBUG - Joint score for alpha[4]: 0.1289
2025-08-15 02:35:24,820 - DEBUG - Joint score for alpha[5]: 0.1296
2025-08-15 02:35:28,327 - DEBUG - Joint score for alpha[6]: 0.1314
2025-08-15 02:35:31,836 - DEBUG - Joint score for alpha[7]: 0.1290
2025-08-15 02:35:35,345 - DEBUG - Joint score for alpha[8]: 0.1313
2025-08-15 02:35:38,854 - DEBUG - Joint score for alpha[9]: 0.1308
2025-08-15 02:35:42,363 - DEBUG - Joint score for alpha[10]: 0.1301
2025-08-15 02:35:45,873 - DEBUG - Joint score for alpha[11]: 0.1299
2025-08-15 02:35:49,385 - DEBUG - Joint score for alpha[12]: 0.1295
2025-08-15 02:35:52,893 - DEBUG - Joint score for alpha[13]: 0.1295
2025-08-15 02:35:56,405 - DEBUG - Joint score for alpha[14]: 0.1306
2025-08-15 02:35:59,915 - DEBUG - Joint score for alpha[15]: 0.1294
2025-08-15 02:35:59,957 - INFO - Step 33/120: mean CRPS=0.1301
2025-08-15 02:35:59,961 - DEBUG - Beginning Gibbs iteration s = 33
2025-08-15 02:36:06,935 - DEBUG - Joint score for alpha[0]: 0.1272
2025-08-15 02:36:10,451 - DEBUG - Joint score for alpha[1]: 0.1286
2025-08-15 02:36:13,964 - DEBUG - Joint score for alpha[2]: 0.1294
2025-08-15 02:36:17,475 - DEBUG - Joint score for alpha[3]: 0.1334
2025-08-15 02:36:21,364 - DEBUG - Joint score for alpha[4]: 0.1266
2025-08-15 02:36:25,847 - DEBUG - Joint score for alpha[5]: 0.1327
2025-08-15 02:36:29,357 - DEBUG - Joint score for alpha[6]: 0.1257
2025-08-15 02:36:32,867 - DEBUG - Joint score for alpha[7]: 0.1349
2025-08-15 02:36:36,376 - DEBUG - Joint score for alpha[8]: 0.1278
2025-08-15 02:36:39,884 - DEBUG - Joint score for alpha[9]: 0.1295
2025-08-15 02:36:43,392 - DEBUG - Joint score for alpha[10]: 0.1316
2025-08-15 02:36:46,901 - DEBUG - Joint score for alpha[11]: 0.1299
2025-08-15 02:36:50,409 - DEBUG - Joint score for alpha[12]: 0.1302
2025-08-15 02:36:54,287 - DEBUG - Joint score for alpha[13]: 0.1259
2025-08-15 02:36:58,722 - DEBUG - Joint score for alpha[14]: 0.1258
2025-08-15 02:37:02,232 - DEBUG - Joint score for alpha[15]: 0.1288
2025-08-15 02:37:09,029 - DEBUG - Joint score for alpha[0]: 0.1356
2025-08-15 02:37:12,540 - DEBUG - Joint score for alpha[1]: 0.1342
2025-08-15 02:37:16,049 - DEBUG - Joint score for alpha[2]: 0.1335
2025-08-15 02:37:19,558 - DEBUG - Joint score for alpha[3]: 0.1352
2025-08-15 02:37:23,066 - DEBUG - Joint score for alpha[4]: 0.1342
2025-08-15 02:37:26,575 - DEBUG - Joint score for alpha[5]: 0.1350
2025-08-15 02:37:31,825 - DEBUG - Joint score for alpha[6]: 0.1344
2025-08-15 02:37:35,333 - DEBUG - Joint score for alpha[7]: 0.1336
2025-08-15 02:37:38,842 - DEBUG - Joint score for alpha[8]: 0.1366
2025-08-15 02:37:42,350 - DEBUG - Joint score for alpha[9]: 0.1339
2025-08-15 02:37:45,859 - DEBUG - Joint score for alpha[10]: 0.1348
2025-08-15 02:37:49,366 - DEBUG - Joint score for alpha[11]: 0.1351
2025-08-15 02:37:52,874 - DEBUG - Joint score for alpha[12]: 0.1361
2025-08-15 02:37:56,382 - DEBUG - Joint score for alpha[13]: 0.1341
2025-08-15 02:38:00,521 - DEBUG - Joint score for alpha[14]: 0.1350
2025-08-15 02:38:04,328 - DEBUG - Joint score for alpha[15]: 0.1353
2025-08-15 02:38:11,067 - DEBUG - Joint score for alpha[0]: 0.1331
2025-08-15 02:38:14,581 - DEBUG - Joint score for alpha[1]: 0.1355
2025-08-15 02:38:18,091 - DEBUG - Joint score for alpha[2]: 0.1339
2025-08-15 02:38:21,603 - DEBUG - Joint score for alpha[3]: 0.1339
2025-08-15 02:38:25,113 - DEBUG - Joint score for alpha[4]: 0.1334
2025-08-15 02:38:28,625 - DEBUG - Joint score for alpha[5]: 0.1336
2025-08-15 02:38:32,724 - DEBUG - Joint score for alpha[6]: 0.1331
2025-08-15 02:38:36,874 - DEBUG - Joint score for alpha[7]: 0.1339
2025-08-15 02:38:40,384 - DEBUG - Joint score for alpha[8]: 0.1342
2025-08-15 02:38:43,895 - DEBUG - Joint score for alpha[9]: 0.1335
2025-08-15 02:38:47,406 - DEBUG - Joint score for alpha[10]: 0.1333
2025-08-15 02:38:50,918 - DEBUG - Joint score for alpha[11]: 0.1342
2025-08-15 02:38:54,426 - DEBUG - Joint score for alpha[12]: 0.1345
2025-08-15 02:38:57,935 - DEBUG - Joint score for alpha[13]: 0.1346
2025-08-15 02:39:01,443 - DEBUG - Joint score for alpha[14]: 0.1342
2025-08-15 02:39:04,954 - DEBUG - Joint score for alpha[15]: 0.1335
2025-08-15 02:39:11,678 - DEBUG - Joint score for alpha[0]: 0.1312
2025-08-15 02:39:15,192 - DEBUG - Joint score for alpha[1]: 0.1341
2025-08-15 02:39:18,702 - DEBUG - Joint score for alpha[2]: 0.1335
2025-08-15 02:39:22,213 - DEBUG - Joint score for alpha[3]: 0.1340
2025-08-15 02:39:25,723 - DEBUG - Joint score for alpha[4]: 0.1325
2025-08-15 02:39:29,235 - DEBUG - Joint score for alpha[5]: 0.1328
2025-08-15 02:39:32,744 - DEBUG - Joint score for alpha[6]: 0.1337
2025-08-15 02:39:36,255 - DEBUG - Joint score for alpha[7]: 0.1326
2025-08-15 02:39:39,765 - DEBUG - Joint score for alpha[8]: 0.1353
2025-08-15 02:39:43,274 - DEBUG - Joint score for alpha[9]: 0.1337
2025-08-15 02:39:46,785 - DEBUG - Joint score for alpha[10]: 0.1329
2025-08-15 02:39:50,295 - DEBUG - Joint score for alpha[11]: 0.1327
2025-08-15 02:39:53,802 - DEBUG - Joint score for alpha[12]: 0.1329
2025-08-15 02:39:57,312 - DEBUG - Joint score for alpha[13]: 0.1324
2025-08-15 02:40:00,820 - DEBUG - Joint score for alpha[14]: 0.1341
2025-08-15 02:40:04,330 - DEBUG - Joint score for alpha[15]: 0.1330
2025-08-15 02:40:11,872 - DEBUG - Joint score for alpha[0]: 0.1358
2025-08-15 02:40:15,387 - DEBUG - Joint score for alpha[1]: 0.1371
2025-08-15 02:40:18,896 - DEBUG - Joint score for alpha[2]: 0.1357
2025-08-15 02:40:22,405 - DEBUG - Joint score for alpha[3]: 0.1356
2025-08-15 02:40:25,913 - DEBUG - Joint score for alpha[4]: 0.1365
2025-08-15 02:40:29,423 - DEBUG - Joint score for alpha[5]: 0.1364
2025-08-15 02:40:32,931 - DEBUG - Joint score for alpha[6]: 0.1362
2025-08-15 02:40:36,440 - DEBUG - Joint score for alpha[7]: 0.1367
2025-08-15 02:40:40,236 - DEBUG - Joint score for alpha[8]: 0.1364
2025-08-15 02:40:43,745 - DEBUG - Joint score for alpha[9]: 0.1352
2025-08-15 02:40:47,254 - DEBUG - Joint score for alpha[10]: 0.1360
2025-08-15 02:40:50,764 - DEBUG - Joint score for alpha[11]: 0.1355
2025-08-15 02:40:54,272 - DEBUG - Joint score for alpha[12]: 0.1350
2025-08-15 02:40:57,783 - DEBUG - Joint score for alpha[13]: 0.1348
2025-08-15 02:41:01,293 - DEBUG - Joint score for alpha[14]: 0.1360
2025-08-15 02:41:04,803 - DEBUG - Joint score for alpha[15]: 0.1357
2025-08-15 02:41:04,846 - INFO - Step 34/120: mean CRPS=0.1345
2025-08-15 02:41:04,849 - DEBUG - Beginning Gibbs iteration s = 34
2025-08-15 02:41:12,610 - DEBUG - Joint score for alpha[0]: 0.1363
2025-08-15 02:41:16,761 - DEBUG - Joint score for alpha[1]: 0.1403
2025-08-15 02:41:20,271 - DEBUG - Joint score for alpha[2]: 0.1320
2025-08-15 02:41:23,781 - DEBUG - Joint score for alpha[3]: 0.1320
2025-08-15 02:41:27,291 - DEBUG - Joint score for alpha[4]: 0.1333
2025-08-15 02:41:30,801 - DEBUG - Joint score for alpha[5]: 0.1349
2025-08-15 02:41:34,311 - DEBUG - Joint score for alpha[6]: 0.1331
2025-08-15 02:41:37,822 - DEBUG - Joint score for alpha[7]: 0.1333
2025-08-15 02:41:41,333 - DEBUG - Joint score for alpha[8]: 0.1380
2025-08-15 02:41:44,843 - DEBUG - Joint score for alpha[9]: 0.1386
2025-08-15 02:41:50,355 - DEBUG - Joint score for alpha[10]: 0.1345
2025-08-15 02:41:53,864 - DEBUG - Joint score for alpha[11]: 0.1348
2025-08-15 02:41:57,373 - DEBUG - Joint score for alpha[12]: 0.1364
2025-08-15 02:42:00,883 - DEBUG - Joint score for alpha[13]: 0.1349
2025-08-15 02:42:04,390 - DEBUG - Joint score for alpha[14]: 0.1365
2025-08-15 02:42:07,897 - DEBUG - Joint score for alpha[15]: 0.1336
2025-08-15 02:42:14,646 - DEBUG - Joint score for alpha[0]: 0.1385
2025-08-15 02:42:18,160 - DEBUG - Joint score for alpha[1]: 0.1389
2025-08-15 02:42:21,671 - DEBUG - Joint score for alpha[2]: 0.1380
2025-08-15 02:42:25,181 - DEBUG - Joint score for alpha[3]: 0.1374
2025-08-15 02:42:28,687 - DEBUG - Joint score for alpha[4]: 0.1392
2025-08-15 02:42:32,194 - DEBUG - Joint score for alpha[5]: 0.1369
2025-08-15 02:42:35,701 - DEBUG - Joint score for alpha[6]: 0.1378
2025-08-15 02:42:39,208 - DEBUG - Joint score for alpha[7]: 0.1387
2025-08-15 02:42:42,715 - DEBUG - Joint score for alpha[8]: 0.1376
2025-08-15 02:42:46,222 - DEBUG - Joint score for alpha[9]: 0.1398
2025-08-15 02:42:49,730 - DEBUG - Joint score for alpha[10]: 0.1382
2025-08-15 02:42:53,299 - DEBUG - Joint score for alpha[11]: 0.1395
2025-08-15 02:42:57,115 - DEBUG - Joint score for alpha[12]: 0.1379
2025-08-15 02:43:00,623 - DEBUG - Joint score for alpha[13]: 0.1369
2025-08-15 02:43:04,130 - DEBUG - Joint score for alpha[14]: 0.1397
2025-08-15 02:43:07,639 - DEBUG - Joint score for alpha[15]: 0.1388
2025-08-15 02:43:14,399 - DEBUG - Joint score for alpha[0]: 0.1369
2025-08-15 02:43:17,910 - DEBUG - Joint score for alpha[1]: 0.1380
2025-08-15 02:43:21,418 - DEBUG - Joint score for alpha[2]: 0.1380
2025-08-15 02:43:24,926 - DEBUG - Joint score for alpha[3]: 0.1378
2025-08-15 02:43:30,219 - DEBUG - Joint score for alpha[4]: 0.1389
2025-08-15 02:43:33,726 - DEBUG - Joint score for alpha[5]: 0.1372
2025-08-15 02:43:37,374 - DEBUG - Joint score for alpha[6]: 0.1382
2025-08-15 02:43:40,882 - DEBUG - Joint score for alpha[7]: 0.1396
2025-08-15 02:43:44,391 - DEBUG - Joint score for alpha[8]: 0.1379
2025-08-15 02:43:47,898 - DEBUG - Joint score for alpha[9]: 0.1377
2025-08-15 02:43:51,406 - DEBUG - Joint score for alpha[10]: 0.1393
2025-08-15 02:43:54,914 - DEBUG - Joint score for alpha[11]: 0.1377
2025-08-15 02:43:58,421 - DEBUG - Joint score for alpha[12]: 0.1377
2025-08-15 02:44:03,472 - DEBUG - Joint score for alpha[13]: 0.1376
2025-08-15 02:44:06,978 - DEBUG - Joint score for alpha[14]: 0.1393
2025-08-15 02:44:10,543 - DEBUG - Joint score for alpha[15]: 0.1380
2025-08-15 02:44:17,256 - DEBUG - Joint score for alpha[0]: 0.1370
2025-08-15 02:44:20,771 - DEBUG - Joint score for alpha[1]: 0.1374
2025-08-15 02:44:24,282 - DEBUG - Joint score for alpha[2]: 0.1369
2025-08-15 02:44:27,791 - DEBUG - Joint score for alpha[3]: 0.1385
2025-08-15 02:44:31,302 - DEBUG - Joint score for alpha[4]: 0.1375
2025-08-15 02:44:36,538 - DEBUG - Joint score for alpha[5]: 0.1381
2025-08-15 02:44:40,048 - DEBUG - Joint score for alpha[6]: 0.1391
2025-08-15 02:44:43,560 - DEBUG - Joint score for alpha[7]: 0.1379
2025-08-15 02:44:47,070 - DEBUG - Joint score for alpha[8]: 0.1373
2025-08-15 02:44:50,580 - DEBUG - Joint score for alpha[9]: 0.1388
2025-08-15 02:44:54,090 - DEBUG - Joint score for alpha[10]: 0.1382
2025-08-15 02:44:57,598 - DEBUG - Joint score for alpha[11]: 0.1366
2025-08-15 02:45:01,105 - DEBUG - Joint score for alpha[12]: 0.1373
2025-08-15 02:45:04,610 - DEBUG - Joint score for alpha[13]: 0.1383
2025-08-15 02:45:09,826 - DEBUG - Joint score for alpha[14]: 0.1378
2025-08-15 02:45:13,334 - DEBUG - Joint score for alpha[15]: 0.1367
2025-08-15 02:45:20,129 - DEBUG - Joint score for alpha[0]: 0.1393
2025-08-15 02:45:23,641 - DEBUG - Joint score for alpha[1]: 0.1383
2025-08-15 02:45:27,150 - DEBUG - Joint score for alpha[2]: 0.1376
2025-08-15 02:45:30,660 - DEBUG - Joint score for alpha[3]: 0.1379
2025-08-15 02:45:34,169 - DEBUG - Joint score for alpha[4]: 0.1388
2025-08-15 02:45:37,679 - DEBUG - Joint score for alpha[5]: 0.1383
2025-08-15 02:45:42,065 - DEBUG - Joint score for alpha[6]: 0.1390
2025-08-15 02:45:45,575 - DEBUG - Joint score for alpha[7]: 0.1395
2025-08-15 02:45:49,208 - DEBUG - Joint score for alpha[8]: 0.1380
2025-08-15 02:45:52,714 - DEBUG - Joint score for alpha[9]: 0.1379
2025-08-15 02:45:56,221 - DEBUG - Joint score for alpha[10]: 0.1380
2025-08-15 02:45:59,727 - DEBUG - Joint score for alpha[11]: 0.1385
2025-08-15 02:46:03,236 - DEBUG - Joint score for alpha[12]: 0.1383
2025-08-15 02:46:06,743 - DEBUG - Joint score for alpha[13]: 0.1388
2025-08-15 02:46:10,251 - DEBUG - Joint score for alpha[14]: 0.1390
2025-08-15 02:46:15,167 - DEBUG - Joint score for alpha[15]: 0.1381
2025-08-15 02:46:15,210 - INFO - Step 35/120: mean CRPS=0.1382
2025-08-15 02:46:15,213 - DEBUG - Beginning Gibbs iteration s = 35
2025-08-15 02:46:16,147 - DEBUG - Proposal variance adapted: 0.032
2025-08-15 02:46:22,901 - DEBUG - Joint score for alpha[0]: 0.1410
2025-08-15 02:46:26,414 - DEBUG - Joint score for alpha[1]: 0.1366
2025-08-15 02:46:29,924 - DEBUG - Joint score for alpha[2]: 0.1414
2025-08-15 02:46:33,434 - DEBUG - Joint score for alpha[3]: 0.1357
2025-08-15 02:46:36,943 - DEBUG - Joint score for alpha[4]: 0.1384
2025-08-15 02:46:40,453 - DEBUG - Joint score for alpha[5]: 0.1352
2025-08-15 02:46:43,962 - DEBUG - Joint score for alpha[6]: 0.1397
2025-08-15 02:46:48,288 - DEBUG - Joint score for alpha[7]: 0.1374
2025-08-15 02:46:51,797 - DEBUG - Joint score for alpha[8]: 0.1377
2025-08-15 02:46:55,420 - DEBUG - Joint score for alpha[9]: 0.1383
2025-08-15 02:46:58,932 - DEBUG - Joint score for alpha[10]: 0.1380
2025-08-15 02:47:02,440 - DEBUG - Joint score for alpha[11]: 0.1421
2025-08-15 02:47:05,948 - DEBUG - Joint score for alpha[12]: 0.1376
2025-08-15 02:47:09,457 - DEBUG - Joint score for alpha[13]: 0.1383
2025-08-15 02:47:12,966 - DEBUG - Joint score for alpha[14]: 0.1414
2025-08-15 02:47:16,475 - DEBUG - Joint score for alpha[15]: 0.1361
2025-08-15 02:47:23,577 - DEBUG - Joint score for alpha[0]: 0.1354
2025-08-15 02:47:27,090 - DEBUG - Joint score for alpha[1]: 0.1343
2025-08-15 02:47:30,599 - DEBUG - Joint score for alpha[2]: 0.1339
2025-08-15 02:47:34,107 - DEBUG - Joint score for alpha[3]: 0.1352
2025-08-15 02:47:37,615 - DEBUG - Joint score for alpha[4]: 0.1358
2025-08-15 02:47:41,124 - DEBUG - Joint score for alpha[5]: 0.1346
2025-08-15 02:47:44,630 - DEBUG - Joint score for alpha[6]: 0.1344
2025-08-15 02:47:48,138 - DEBUG - Joint score for alpha[7]: 0.1348
2025-08-15 02:47:53,372 - DEBUG - Joint score for alpha[8]: 0.1352
2025-08-15 02:47:58,648 - DEBUG - Joint score for alpha[9]: 0.1353
2025-08-15 02:48:02,158 - DEBUG - Joint score for alpha[10]: 0.1356
2025-08-15 02:48:05,667 - DEBUG - Joint score for alpha[11]: 0.1345
2025-08-15 02:48:09,176 - DEBUG - Joint score for alpha[12]: 0.1344
2025-08-15 02:48:12,683 - DEBUG - Joint score for alpha[13]: 0.1330
2025-08-15 02:48:16,191 - DEBUG - Joint score for alpha[14]: 0.1349
2025-08-15 02:48:19,698 - DEBUG - Joint score for alpha[15]: 0.1357
2025-08-15 02:48:27,432 - DEBUG - Joint score for alpha[0]: 0.1355
2025-08-15 02:48:32,272 - DEBUG - Joint score for alpha[1]: 0.1352
2025-08-15 02:48:35,782 - DEBUG - Joint score for alpha[2]: 0.1351
2025-08-15 02:48:39,290 - DEBUG - Joint score for alpha[3]: 0.1357
2025-08-15 02:48:42,800 - DEBUG - Joint score for alpha[4]: 0.1358
2025-08-15 02:48:46,310 - DEBUG - Joint score for alpha[5]: 0.1359
2025-08-15 02:48:49,820 - DEBUG - Joint score for alpha[6]: 0.1348
2025-08-15 02:48:53,331 - DEBUG - Joint score for alpha[7]: 0.1358
2025-08-15 02:48:56,839 - DEBUG - Joint score for alpha[8]: 0.1360
2025-08-15 02:49:01,881 - DEBUG - Joint score for alpha[9]: 0.1359
2025-08-15 02:49:05,388 - DEBUG - Joint score for alpha[10]: 0.1368
2025-08-15 02:49:08,895 - DEBUG - Joint score for alpha[11]: 0.1359
2025-08-15 02:49:12,510 - DEBUG - Joint score for alpha[12]: 0.1357
2025-08-15 02:49:16,017 - DEBUG - Joint score for alpha[13]: 0.1371
2025-08-15 02:49:19,524 - DEBUG - Joint score for alpha[14]: 0.1359
2025-08-15 02:49:23,033 - DEBUG - Joint score for alpha[15]: 0.1353
2025-08-15 02:49:29,845 - DEBUG - Joint score for alpha[0]: 0.1337
2025-08-15 02:49:33,409 - DEBUG - Joint score for alpha[1]: 0.1330
2025-08-15 02:49:36,917 - DEBUG - Joint score for alpha[2]: 0.1353
2025-08-15 02:49:40,423 - DEBUG - Joint score for alpha[3]: 0.1361
2025-08-15 02:49:43,930 - DEBUG - Joint score for alpha[4]: 0.1337
2025-08-15 02:49:47,437 - DEBUG - Joint score for alpha[5]: 0.1354
2025-08-15 02:49:50,943 - DEBUG - Joint score for alpha[6]: 0.1359
2025-08-15 02:49:54,450 - DEBUG - Joint score for alpha[7]: 0.1353
2025-08-15 02:49:57,957 - DEBUG - Joint score for alpha[8]: 0.1354
2025-08-15 02:50:01,465 - DEBUG - Joint score for alpha[9]: 0.1342
2025-08-15 02:50:06,147 - DEBUG - Joint score for alpha[10]: 0.1339
2025-08-15 02:50:09,655 - DEBUG - Joint score for alpha[11]: 0.1353
2025-08-15 02:50:13,163 - DEBUG - Joint score for alpha[12]: 0.1341
2025-08-15 02:50:16,671 - DEBUG - Joint score for alpha[13]: 0.1372
2025-08-15 02:50:20,177 - DEBUG - Joint score for alpha[14]: 0.1349
2025-08-15 02:50:23,685 - DEBUG - Joint score for alpha[15]: 0.1334
2025-08-15 02:50:30,470 - DEBUG - Joint score for alpha[0]: 0.1335
2025-08-15 02:50:33,982 - DEBUG - Joint score for alpha[1]: 0.1331
2025-08-15 02:50:37,489 - DEBUG - Joint score for alpha[2]: 0.1333
2025-08-15 02:50:40,996 - DEBUG - Joint score for alpha[3]: 0.1330
2025-08-15 02:50:44,502 - DEBUG - Joint score for alpha[4]: 0.1341
2025-08-15 02:50:48,010 - DEBUG - Joint score for alpha[5]: 0.1344
2025-08-15 02:50:51,517 - DEBUG - Joint score for alpha[6]: 0.1329
2025-08-15 02:50:55,024 - DEBUG - Joint score for alpha[7]: 0.1332
2025-08-15 02:50:58,532 - DEBUG - Joint score for alpha[8]: 0.1333
2025-08-15 02:51:02,039 - DEBUG - Joint score for alpha[9]: 0.1345
2025-08-15 02:51:05,547 - DEBUG - Joint score for alpha[10]: 0.1332
2025-08-15 02:51:09,055 - DEBUG - Joint score for alpha[11]: 0.1341
2025-08-15 02:51:12,563 - DEBUG - Joint score for alpha[12]: 0.1331
2025-08-15 02:51:16,071 - DEBUG - Joint score for alpha[13]: 0.1335
2025-08-15 02:51:19,580 - DEBUG - Joint score for alpha[14]: 0.1329
2025-08-15 02:51:23,089 - DEBUG - Joint score for alpha[15]: 0.1329
2025-08-15 02:51:23,131 - INFO - Step 36/120: mean CRPS=0.1346
2025-08-15 02:51:23,135 - DEBUG - Beginning Gibbs iteration s = 36
2025-08-15 02:51:30,398 - DEBUG - Joint score for alpha[0]: 0.1355
2025-08-15 02:51:33,912 - DEBUG - Joint score for alpha[1]: 0.1337
2025-08-15 02:51:37,419 - DEBUG - Joint score for alpha[2]: 0.1344
2025-08-15 02:51:40,927 - DEBUG - Joint score for alpha[3]: 0.1295
2025-08-15 02:51:44,434 - DEBUG - Joint score for alpha[4]: 0.1337
2025-08-15 02:51:47,943 - DEBUG - Joint score for alpha[5]: 0.1338
2025-08-15 02:51:51,450 - DEBUG - Joint score for alpha[6]: 0.1334
2025-08-15 02:51:54,959 - DEBUG - Joint score for alpha[7]: 0.1317
2025-08-15 02:51:58,467 - DEBUG - Joint score for alpha[8]: 0.1322
2025-08-15 02:52:01,975 - DEBUG - Joint score for alpha[9]: 0.1346
2025-08-15 02:52:05,483 - DEBUG - Joint score for alpha[10]: 0.1308
2025-08-15 02:52:08,993 - DEBUG - Joint score for alpha[11]: 0.1315
2025-08-15 02:52:12,501 - DEBUG - Joint score for alpha[12]: 0.1380
2025-08-15 02:52:17,766 - DEBUG - Joint score for alpha[13]: 0.1298
2025-08-15 02:52:23,042 - DEBUG - Joint score for alpha[14]: 0.1302
2025-08-15 02:52:26,553 - DEBUG - Joint score for alpha[15]: 0.1352
2025-08-15 02:52:33,334 - DEBUG - Joint score for alpha[0]: 0.1283
2025-08-15 02:52:36,849 - DEBUG - Joint score for alpha[1]: 0.1292
2025-08-15 02:52:40,359 - DEBUG - Joint score for alpha[2]: 0.1297
2025-08-15 02:52:43,871 - DEBUG - Joint score for alpha[3]: 0.1295
2025-08-15 02:52:47,383 - DEBUG - Joint score for alpha[4]: 0.1295
2025-08-15 02:52:50,893 - DEBUG - Joint score for alpha[5]: 0.1295
2025-08-15 02:52:54,401 - DEBUG - Joint score for alpha[6]: 0.1300
2025-08-15 02:52:57,910 - DEBUG - Joint score for alpha[7]: 0.1296
2025-08-15 02:53:01,419 - DEBUG - Joint score for alpha[8]: 0.1297
2025-08-15 02:53:05,151 - DEBUG - Joint score for alpha[9]: 0.1281
2025-08-15 02:53:08,660 - DEBUG - Joint score for alpha[10]: 0.1288
2025-08-15 02:53:12,170 - DEBUG - Joint score for alpha[11]: 0.1303
2025-08-15 02:53:15,678 - DEBUG - Joint score for alpha[12]: 0.1281
2025-08-15 02:53:19,187 - DEBUG - Joint score for alpha[13]: 0.1291
2025-08-15 02:53:22,696 - DEBUG - Joint score for alpha[14]: 0.1286
2025-08-15 02:53:26,206 - DEBUG - Joint score for alpha[15]: 0.1317
2025-08-15 02:53:32,973 - DEBUG - Joint score for alpha[0]: 0.1315
2025-08-15 02:53:36,486 - DEBUG - Joint score for alpha[1]: 0.1325
2025-08-15 02:53:39,994 - DEBUG - Joint score for alpha[2]: 0.1323
2025-08-15 02:53:43,504 - DEBUG - Joint score for alpha[3]: 0.1320
2025-08-15 02:53:47,012 - DEBUG - Joint score for alpha[4]: 0.1320
2025-08-15 02:53:50,523 - DEBUG - Joint score for alpha[5]: 0.1317
2025-08-15 02:53:54,031 - DEBUG - Joint score for alpha[6]: 0.1318
2025-08-15 02:53:57,543 - DEBUG - Joint score for alpha[7]: 0.1313
2025-08-15 02:54:01,053 - DEBUG - Joint score for alpha[8]: 0.1312
2025-08-15 02:54:04,563 - DEBUG - Joint score for alpha[9]: 0.1318
2025-08-15 02:54:08,073 - DEBUG - Joint score for alpha[10]: 0.1316
2025-08-15 02:54:11,584 - DEBUG - Joint score for alpha[11]: 0.1313
2025-08-15 02:54:15,094 - DEBUG - Joint score for alpha[12]: 0.1316
2025-08-15 02:54:18,605 - DEBUG - Joint score for alpha[13]: 0.1303
2025-08-15 02:54:22,116 - DEBUG - Joint score for alpha[14]: 0.1320
2025-08-15 02:54:25,629 - DEBUG - Joint score for alpha[15]: 0.1315
2025-08-15 02:54:32,493 - DEBUG - Joint score for alpha[0]: 0.1311
2025-08-15 02:54:36,007 - DEBUG - Joint score for alpha[1]: 0.1322
2025-08-15 02:54:39,518 - DEBUG - Joint score for alpha[2]: 0.1314
2025-08-15 02:54:43,029 - DEBUG - Joint score for alpha[3]: 0.1288
2025-08-15 02:54:46,540 - DEBUG - Joint score for alpha[4]: 0.1331
2025-08-15 02:54:50,052 - DEBUG - Joint score for alpha[5]: 0.1340
2025-08-15 02:54:53,562 - DEBUG - Joint score for alpha[6]: 0.1309
2025-08-15 02:54:57,076 - DEBUG - Joint score for alpha[7]: 0.1301
2025-08-15 02:55:00,589 - DEBUG - Joint score for alpha[8]: 0.1310
2025-08-15 02:55:04,101 - DEBUG - Joint score for alpha[9]: 0.1320
2025-08-15 02:55:07,613 - DEBUG - Joint score for alpha[10]: 0.1307
2025-08-15 02:55:11,126 - DEBUG - Joint score for alpha[11]: 0.1320
2025-08-15 02:55:14,638 - DEBUG - Joint score for alpha[12]: 0.1322
2025-08-15 02:55:18,151 - DEBUG - Joint score for alpha[13]: 0.1313
2025-08-15 02:55:21,664 - DEBUG - Joint score for alpha[14]: 0.1302
2025-08-15 02:55:25,177 - DEBUG - Joint score for alpha[15]: 0.1308
2025-08-15 02:55:32,017 - DEBUG - Joint score for alpha[0]: 0.1309
2025-08-15 02:55:35,533 - DEBUG - Joint score for alpha[1]: 0.1293
2025-08-15 02:55:39,045 - DEBUG - Joint score for alpha[2]: 0.1291
2025-08-15 02:55:42,557 - DEBUG - Joint score for alpha[3]: 0.1305
2025-08-15 02:55:46,071 - DEBUG - Joint score for alpha[4]: 0.1296
2025-08-15 02:55:49,584 - DEBUG - Joint score for alpha[5]: 0.1296
2025-08-15 02:55:53,096 - DEBUG - Joint score for alpha[6]: 0.1299
2025-08-15 02:55:56,610 - DEBUG - Joint score for alpha[7]: 0.1297
2025-08-15 02:56:00,123 - DEBUG - Joint score for alpha[8]: 0.1295
2025-08-15 02:56:03,635 - DEBUG - Joint score for alpha[9]: 0.1306
2025-08-15 02:56:07,146 - DEBUG - Joint score for alpha[10]: 0.1295
2025-08-15 02:56:10,657 - DEBUG - Joint score for alpha[11]: 0.1313
2025-08-15 02:56:14,168 - DEBUG - Joint score for alpha[12]: 0.1297
2025-08-15 02:56:17,681 - DEBUG - Joint score for alpha[13]: 0.1310
2025-08-15 02:56:21,193 - DEBUG - Joint score for alpha[14]: 0.1299
2025-08-15 02:56:24,705 - DEBUG - Joint score for alpha[15]: 0.1303
2025-08-15 02:56:24,748 - INFO - Step 37/120: mean CRPS=0.1306
2025-08-15 02:56:24,753 - DEBUG - Beginning Gibbs iteration s = 37
2025-08-15 02:56:32,034 - DEBUG - Joint score for alpha[0]: 0.1308
2025-08-15 02:56:35,550 - DEBUG - Joint score for alpha[1]: 0.1298
2025-08-15 02:56:39,060 - DEBUG - Joint score for alpha[2]: 0.1337
2025-08-15 02:56:42,570 - DEBUG - Joint score for alpha[3]: 0.1313
2025-08-15 02:56:46,080 - DEBUG - Joint score for alpha[4]: 0.1339
2025-08-15 02:56:49,590 - DEBUG - Joint score for alpha[5]: 0.1306
2025-08-15 02:56:53,101 - DEBUG - Joint score for alpha[6]: 0.1262
2025-08-15 02:56:56,612 - DEBUG - Joint score for alpha[7]: 0.1312
2025-08-15 02:57:00,123 - DEBUG - Joint score for alpha[8]: 0.1282
2025-08-15 02:57:03,632 - DEBUG - Joint score for alpha[9]: 0.1327
2025-08-15 02:57:07,144 - DEBUG - Joint score for alpha[10]: 0.1337
2025-08-15 02:57:10,655 - DEBUG - Joint score for alpha[11]: 0.1285
2025-08-15 02:57:14,166 - DEBUG - Joint score for alpha[12]: 0.1279
2025-08-15 02:57:17,676 - DEBUG - Joint score for alpha[13]: 0.1313
2025-08-15 02:57:21,186 - DEBUG - Joint score for alpha[14]: 0.1325
2025-08-15 02:57:24,695 - DEBUG - Joint score for alpha[15]: 0.1310
2025-08-15 02:57:31,504 - DEBUG - Joint score for alpha[0]: 0.1303
2025-08-15 02:57:35,020 - DEBUG - Joint score for alpha[1]: 0.1317
2025-08-15 02:57:38,528 - DEBUG - Joint score for alpha[2]: 0.1318
2025-08-15 02:57:42,038 - DEBUG - Joint score for alpha[3]: 0.1288
2025-08-15 02:57:45,547 - DEBUG - Joint score for alpha[4]: 0.1301
2025-08-15 02:57:49,058 - DEBUG - Joint score for alpha[5]: 0.1302
2025-08-15 02:57:52,568 - DEBUG - Joint score for alpha[6]: 0.1310
2025-08-15 02:57:56,080 - DEBUG - Joint score for alpha[7]: 0.1275
2025-08-15 02:57:59,592 - DEBUG - Joint score for alpha[8]: 0.1289
2025-08-15 02:58:03,104 - DEBUG - Joint score for alpha[9]: 0.1294
2025-08-15 02:58:06,616 - DEBUG - Joint score for alpha[10]: 0.1303
2025-08-15 02:58:10,129 - DEBUG - Joint score for alpha[11]: 0.1300
2025-08-15 02:58:13,642 - DEBUG - Joint score for alpha[12]: 0.1298
2025-08-15 02:58:17,153 - DEBUG - Joint score for alpha[13]: 0.1299
2025-08-15 02:58:20,667 - DEBUG - Joint score for alpha[14]: 0.1306
2025-08-15 02:58:24,179 - DEBUG - Joint score for alpha[15]: 0.1290
2025-08-15 02:58:30,960 - DEBUG - Joint score for alpha[0]: 0.1272
2025-08-15 02:58:34,477 - DEBUG - Joint score for alpha[1]: 0.1277
2025-08-15 02:58:37,989 - DEBUG - Joint score for alpha[2]: 0.1277
2025-08-15 02:58:41,501 - DEBUG - Joint score for alpha[3]: 0.1271
2025-08-15 02:58:45,011 - DEBUG - Joint score for alpha[4]: 0.1271
2025-08-15 02:58:48,523 - DEBUG - Joint score for alpha[5]: 0.1274
2025-08-15 02:58:52,035 - DEBUG - Joint score for alpha[6]: 0.1272
2025-08-15 02:58:55,550 - DEBUG - Joint score for alpha[7]: 0.1274
2025-08-15 02:58:59,062 - DEBUG - Joint score for alpha[8]: 0.1278
2025-08-15 02:59:02,574 - DEBUG - Joint score for alpha[9]: 0.1279
2025-08-15 02:59:06,084 - DEBUG - Joint score for alpha[10]: 0.1275
2025-08-15 02:59:09,596 - DEBUG - Joint score for alpha[11]: 0.1271
2025-08-15 02:59:13,108 - DEBUG - Joint score for alpha[12]: 0.1278
2025-08-15 02:59:16,620 - DEBUG - Joint score for alpha[13]: 0.1281
2025-08-15 02:59:20,132 - DEBUG - Joint score for alpha[14]: 0.1269
2025-08-15 02:59:23,646 - DEBUG - Joint score for alpha[15]: 0.1267
2025-08-15 02:59:30,455 - DEBUG - Joint score for alpha[0]: 0.1268
2025-08-15 02:59:33,971 - DEBUG - Joint score for alpha[1]: 0.1287
2025-08-15 02:59:37,484 - DEBUG - Joint score for alpha[2]: 0.1279
2025-08-15 02:59:40,996 - DEBUG - Joint score for alpha[3]: 0.1280
2025-08-15 02:59:44,508 - DEBUG - Joint score for alpha[4]: 0.1285
2025-08-15 02:59:48,022 - DEBUG - Joint score for alpha[5]: 0.1267
2025-08-15 02:59:51,536 - DEBUG - Joint score for alpha[6]: 0.1274
2025-08-15 02:59:55,049 - DEBUG - Joint score for alpha[7]: 0.1284
2025-08-15 02:59:58,563 - DEBUG - Joint score for alpha[8]: 0.1269
2025-08-15 03:00:02,078 - DEBUG - Joint score for alpha[9]: 0.1276
2025-08-15 03:00:05,594 - DEBUG - Joint score for alpha[10]: 0.1287
2025-08-15 03:00:09,105 - DEBUG - Joint score for alpha[11]: 0.1290
2025-08-15 03:00:12,618 - DEBUG - Joint score for alpha[12]: 0.1288
2025-08-15 03:00:16,127 - DEBUG - Joint score for alpha[13]: 0.1275
2025-08-15 03:00:19,640 - DEBUG - Joint score for alpha[14]: 0.1288
2025-08-15 03:00:23,152 - DEBUG - Joint score for alpha[15]: 0.1277
2025-08-15 03:00:29,961 - DEBUG - Joint score for alpha[0]: 0.1274
2025-08-15 03:00:33,479 - DEBUG - Joint score for alpha[1]: 0.1285
2025-08-15 03:00:36,993 - DEBUG - Joint score for alpha[2]: 0.1281
2025-08-15 03:00:40,509 - DEBUG - Joint score for alpha[3]: 0.1287
2025-08-15 03:00:44,023 - DEBUG - Joint score for alpha[4]: 0.1291
2025-08-15 03:00:47,537 - DEBUG - Joint score for alpha[5]: 0.1278
2025-08-15 03:00:51,051 - DEBUG - Joint score for alpha[6]: 0.1270
2025-08-15 03:00:54,566 - DEBUG - Joint score for alpha[7]: 0.1278
2025-08-15 03:00:58,080 - DEBUG - Joint score for alpha[8]: 0.1280
2025-08-15 03:01:01,595 - DEBUG - Joint score for alpha[9]: 0.1281
2025-08-15 03:01:05,109 - DEBUG - Joint score for alpha[10]: 0.1278
2025-08-15 03:01:08,623 - DEBUG - Joint score for alpha[11]: 0.1277
2025-08-15 03:01:12,137 - DEBUG - Joint score for alpha[12]: 0.1277
2025-08-15 03:01:15,651 - DEBUG - Joint score for alpha[13]: 0.1288
2025-08-15 03:01:19,164 - DEBUG - Joint score for alpha[14]: 0.1270
2025-08-15 03:01:22,680 - DEBUG - Joint score for alpha[15]: 0.1287
2025-08-15 03:01:22,722 - INFO - Step 38/120: mean CRPS=0.1285
2025-08-15 03:01:22,723 - DEBUG - Beginning Gibbs iteration s = 38
2025-08-15 03:01:30,200 - DEBUG - Joint score for alpha[0]: 0.1301
2025-08-15 03:01:33,717 - DEBUG - Joint score for alpha[1]: 0.1288
2025-08-15 03:01:37,229 - DEBUG - Joint score for alpha[2]: 0.1271
2025-08-15 03:01:40,742 - DEBUG - Joint score for alpha[3]: 0.1276
2025-08-15 03:01:44,254 - DEBUG - Joint score for alpha[4]: 0.1272
2025-08-15 03:01:47,766 - DEBUG - Joint score for alpha[5]: 0.1332
2025-08-15 03:01:51,278 - DEBUG - Joint score for alpha[6]: 0.1282
2025-08-15 03:01:54,791 - DEBUG - Joint score for alpha[7]: 0.1255
2025-08-15 03:01:58,302 - DEBUG - Joint score for alpha[8]: 0.1240
2025-08-15 03:02:01,814 - DEBUG - Joint score for alpha[9]: 0.1287
2025-08-15 03:02:05,326 - DEBUG - Joint score for alpha[10]: 0.1320
2025-08-15 03:02:08,838 - DEBUG - Joint score for alpha[11]: 0.1294
2025-08-15 03:02:12,349 - DEBUG - Joint score for alpha[12]: 0.1270
2025-08-15 03:02:15,860 - DEBUG - Joint score for alpha[13]: 0.1247
2025-08-15 03:02:19,370 - DEBUG - Joint score for alpha[14]: 0.1321
2025-08-15 03:02:22,883 - DEBUG - Joint score for alpha[15]: 0.1291
2025-08-15 03:02:29,696 - DEBUG - Joint score for alpha[0]: 0.1242
2025-08-15 03:02:33,212 - DEBUG - Joint score for alpha[1]: 0.1239
2025-08-15 03:02:36,723 - DEBUG - Joint score for alpha[2]: 0.1231
2025-08-15 03:02:40,234 - DEBUG - Joint score for alpha[3]: 0.1230
2025-08-15 03:02:43,743 - DEBUG - Joint score for alpha[4]: 0.1243
2025-08-15 03:02:47,254 - DEBUG - Joint score for alpha[5]: 0.1226
2025-08-15 03:02:50,764 - DEBUG - Joint score for alpha[6]: 0.1230
2025-08-15 03:02:54,276 - DEBUG - Joint score for alpha[7]: 0.1219
2025-08-15 03:02:57,786 - DEBUG - Joint score for alpha[8]: 0.1246
2025-08-15 03:03:01,298 - DEBUG - Joint score for alpha[9]: 0.1213
2025-08-15 03:03:04,808 - DEBUG - Joint score for alpha[10]: 0.1232
2025-08-15 03:03:08,319 - DEBUG - Joint score for alpha[11]: 0.1232
2025-08-15 03:03:11,833 - DEBUG - Joint score for alpha[12]: 0.1239
2025-08-15 03:03:15,343 - DEBUG - Joint score for alpha[13]: 0.1228
2025-08-15 03:03:18,855 - DEBUG - Joint score for alpha[14]: 0.1244
2025-08-15 03:03:22,367 - DEBUG - Joint score for alpha[15]: 0.1226
2025-08-15 03:03:29,180 - DEBUG - Joint score for alpha[0]: 0.1243
2025-08-15 03:03:32,697 - DEBUG - Joint score for alpha[1]: 0.1233
2025-08-15 03:03:36,210 - DEBUG - Joint score for alpha[2]: 0.1230
2025-08-15 03:03:39,724 - DEBUG - Joint score for alpha[3]: 0.1236
2025-08-15 03:03:43,237 - DEBUG - Joint score for alpha[4]: 0.1239
2025-08-15 03:03:46,750 - DEBUG - Joint score for alpha[5]: 0.1232
2025-08-15 03:03:50,262 - DEBUG - Joint score for alpha[6]: 0.1230
2025-08-15 03:03:53,775 - DEBUG - Joint score for alpha[7]: 0.1231
2025-08-15 03:03:57,288 - DEBUG - Joint score for alpha[8]: 0.1225
2025-08-15 03:04:00,800 - DEBUG - Joint score for alpha[9]: 0.1231
2025-08-15 03:04:04,315 - DEBUG - Joint score for alpha[10]: 0.1242
2025-08-15 03:04:07,828 - DEBUG - Joint score for alpha[11]: 0.1229
2025-08-15 03:04:11,341 - DEBUG - Joint score for alpha[12]: 0.1230
2025-08-15 03:04:14,851 - DEBUG - Joint score for alpha[13]: 0.1237
2025-08-15 03:04:18,361 - DEBUG - Joint score for alpha[14]: 0.1236
2025-08-15 03:04:21,873 - DEBUG - Joint score for alpha[15]: 0.1228
2025-08-15 03:04:28,704 - DEBUG - Joint score for alpha[0]: 0.1239
2025-08-15 03:04:32,217 - DEBUG - Joint score for alpha[1]: 0.1229
2025-08-15 03:04:35,727 - DEBUG - Joint score for alpha[2]: 0.1230
2025-08-15 03:04:39,237 - DEBUG - Joint score for alpha[3]: 0.1215
2025-08-15 03:04:42,748 - DEBUG - Joint score for alpha[4]: 0.1238
2025-08-15 03:04:46,259 - DEBUG - Joint score for alpha[5]: 0.1230
2025-08-15 03:04:49,770 - DEBUG - Joint score for alpha[6]: 0.1217
2025-08-15 03:04:53,283 - DEBUG - Joint score for alpha[7]: 0.1223
2025-08-15 03:04:56,796 - DEBUG - Joint score for alpha[8]: 0.1224
2025-08-15 03:05:00,307 - DEBUG - Joint score for alpha[9]: 0.1230
2025-08-15 03:05:03,820 - DEBUG - Joint score for alpha[10]: 0.1235
2025-08-15 03:05:07,332 - DEBUG - Joint score for alpha[11]: 0.1216
2025-08-15 03:05:10,847 - DEBUG - Joint score for alpha[12]: 0.1227
2025-08-15 03:05:14,359 - DEBUG - Joint score for alpha[13]: 0.1243
2025-08-15 03:05:17,871 - DEBUG - Joint score for alpha[14]: 0.1222
2025-08-15 03:05:21,384 - DEBUG - Joint score for alpha[15]: 0.1230
2025-08-15 03:05:28,170 - DEBUG - Joint score for alpha[0]: 0.1213
2025-08-15 03:05:31,689 - DEBUG - Joint score for alpha[1]: 0.1212
2025-08-15 03:05:35,201 - DEBUG - Joint score for alpha[2]: 0.1220
2025-08-15 03:05:38,714 - DEBUG - Joint score for alpha[3]: 0.1204
2025-08-15 03:05:42,225 - DEBUG - Joint score for alpha[4]: 0.1224
2025-08-15 03:05:45,736 - DEBUG - Joint score for alpha[5]: 0.1217
2025-08-15 03:05:49,247 - DEBUG - Joint score for alpha[6]: 0.1219
2025-08-15 03:05:52,760 - DEBUG - Joint score for alpha[7]: 0.1220
2025-08-15 03:05:56,270 - DEBUG - Joint score for alpha[8]: 0.1220
2025-08-15 03:05:59,782 - DEBUG - Joint score for alpha[9]: 0.1216
2025-08-15 03:06:03,294 - DEBUG - Joint score for alpha[10]: 0.1213
2025-08-15 03:06:06,805 - DEBUG - Joint score for alpha[11]: 0.1206
2025-08-15 03:06:10,319 - DEBUG - Joint score for alpha[12]: 0.1224
2025-08-15 03:06:13,832 - DEBUG - Joint score for alpha[13]: 0.1211
2025-08-15 03:06:17,344 - DEBUG - Joint score for alpha[14]: 0.1221
2025-08-15 03:06:20,858 - DEBUG - Joint score for alpha[15]: 0.1214
2025-08-15 03:06:20,900 - INFO - Step 39/120: mean CRPS=0.1226
2025-08-15 03:06:20,901 - DEBUG - Beginning Gibbs iteration s = 39
2025-08-15 03:06:28,119 - DEBUG - Joint score for alpha[0]: 0.1181
2025-08-15 03:06:31,636 - DEBUG - Joint score for alpha[1]: 0.1245
2025-08-15 03:06:35,150 - DEBUG - Joint score for alpha[2]: 0.1200
2025-08-15 03:06:38,664 - DEBUG - Joint score for alpha[3]: 0.1219
2025-08-15 03:06:42,175 - DEBUG - Joint score for alpha[4]: 0.1211
2025-08-15 03:06:45,685 - DEBUG - Joint score for alpha[5]: 0.1231
2025-08-15 03:06:49,195 - DEBUG - Joint score for alpha[6]: 0.1273
2025-08-15 03:06:52,706 - DEBUG - Joint score for alpha[7]: 0.1218
2025-08-15 03:06:56,216 - DEBUG - Joint score for alpha[8]: 0.1191
2025-08-15 03:06:59,727 - DEBUG - Joint score for alpha[9]: 0.1219
2025-08-15 03:07:03,239 - DEBUG - Joint score for alpha[10]: 0.1245
2025-08-15 03:07:06,749 - DEBUG - Joint score for alpha[11]: 0.1215
2025-08-15 03:07:10,260 - DEBUG - Joint score for alpha[12]: 0.1168
2025-08-15 03:07:13,772 - DEBUG - Joint score for alpha[13]: 0.1231
2025-08-15 03:07:17,282 - DEBUG - Joint score for alpha[14]: 0.1240
2025-08-15 03:07:20,795 - DEBUG - Joint score for alpha[15]: 0.1201
2025-08-15 03:07:27,592 - DEBUG - Joint score for alpha[0]: 0.1289
2025-08-15 03:07:31,109 - DEBUG - Joint score for alpha[1]: 0.1281
2025-08-15 03:07:34,621 - DEBUG - Joint score for alpha[2]: 0.1268
2025-08-15 03:07:38,134 - DEBUG - Joint score for alpha[3]: 0.1279
2025-08-15 03:07:41,646 - DEBUG - Joint score for alpha[4]: 0.1271
2025-08-15 03:07:45,159 - DEBUG - Joint score for alpha[5]: 0.1296
2025-08-15 03:07:48,671 - DEBUG - Joint score for alpha[6]: 0.1287
2025-08-15 03:07:52,184 - DEBUG - Joint score for alpha[7]: 0.1268
2025-08-15 03:07:55,697 - DEBUG - Joint score for alpha[8]: 0.1281
2025-08-15 03:07:59,208 - DEBUG - Joint score for alpha[9]: 0.1282
2025-08-15 03:08:02,721 - DEBUG - Joint score for alpha[10]: 0.1287
2025-08-15 03:08:06,233 - DEBUG - Joint score for alpha[11]: 0.1282
2025-08-15 03:08:09,749 - DEBUG - Joint score for alpha[12]: 0.1294
2025-08-15 03:08:13,261 - DEBUG - Joint score for alpha[13]: 0.1279
2025-08-15 03:08:16,773 - DEBUG - Joint score for alpha[14]: 0.1280
2025-08-15 03:08:20,286 - DEBUG - Joint score for alpha[15]: 0.1289
2025-08-15 03:08:27,091 - DEBUG - Joint score for alpha[0]: 0.1277
2025-08-15 03:08:30,607 - DEBUG - Joint score for alpha[1]: 0.1276
2025-08-15 03:08:34,120 - DEBUG - Joint score for alpha[2]: 0.1272
2025-08-15 03:08:37,633 - DEBUG - Joint score for alpha[3]: 0.1286
2025-08-15 03:08:41,145 - DEBUG - Joint score for alpha[4]: 0.1282
2025-08-15 03:08:44,656 - DEBUG - Joint score for alpha[5]: 0.1268
2025-08-15 03:08:48,166 - DEBUG - Joint score for alpha[6]: 0.1275
2025-08-15 03:08:51,675 - DEBUG - Joint score for alpha[7]: 0.1273
2025-08-15 03:08:55,186 - DEBUG - Joint score for alpha[8]: 0.1280
2025-08-15 03:08:58,696 - DEBUG - Joint score for alpha[9]: 0.1277
2025-08-15 03:09:02,206 - DEBUG - Joint score for alpha[10]: 0.1279
2025-08-15 03:09:05,717 - DEBUG - Joint score for alpha[11]: 0.1273
2025-08-15 03:09:09,229 - DEBUG - Joint score for alpha[12]: 0.1284
2025-08-15 03:09:12,740 - DEBUG - Joint score for alpha[13]: 0.1279
2025-08-15 03:09:16,251 - DEBUG - Joint score for alpha[14]: 0.1284
2025-08-15 03:09:19,760 - DEBUG - Joint score for alpha[15]: 0.1281
2025-08-15 03:09:26,567 - DEBUG - Joint score for alpha[0]: 0.1271
2025-08-15 03:09:30,083 - DEBUG - Joint score for alpha[1]: 0.1272
2025-08-15 03:09:33,596 - DEBUG - Joint score for alpha[2]: 0.1281
2025-08-15 03:09:37,109 - DEBUG - Joint score for alpha[3]: 0.1286
2025-08-15 03:09:40,621 - DEBUG - Joint score for alpha[4]: 0.1265
2025-08-15 03:09:44,134 - DEBUG - Joint score for alpha[5]: 0.1270
2025-08-15 03:09:47,646 - DEBUG - Joint score for alpha[6]: 0.1288
2025-08-15 03:09:51,159 - DEBUG - Joint score for alpha[7]: 0.1273
2025-08-15 03:09:54,671 - DEBUG - Joint score for alpha[8]: 0.1264
2025-08-15 03:09:58,184 - DEBUG - Joint score for alpha[9]: 0.1275
2025-08-15 03:10:01,698 - DEBUG - Joint score for alpha[10]: 0.1282
2025-08-15 03:10:05,210 - DEBUG - Joint score for alpha[11]: 0.1278
2025-08-15 03:10:08,723 - DEBUG - Joint score for alpha[12]: 0.1273
2025-08-15 03:10:12,236 - DEBUG - Joint score for alpha[13]: 0.1286
2025-08-15 03:10:15,748 - DEBUG - Joint score for alpha[14]: 0.1282
2025-08-15 03:10:19,261 - DEBUG - Joint score for alpha[15]: 0.1289
2025-08-15 03:10:26,045 - DEBUG - Joint score for alpha[0]: 0.1264
2025-08-15 03:10:29,561 - DEBUG - Joint score for alpha[1]: 0.1264
2025-08-15 03:10:33,074 - DEBUG - Joint score for alpha[2]: 0.1277
2025-08-15 03:10:36,588 - DEBUG - Joint score for alpha[3]: 0.1272
2025-08-15 03:10:40,099 - DEBUG - Joint score for alpha[4]: 0.1260
2025-08-15 03:10:43,610 - DEBUG - Joint score for alpha[5]: 0.1266
2025-08-15 03:10:47,122 - DEBUG - Joint score for alpha[6]: 0.1267
2025-08-15 03:10:50,634 - DEBUG - Joint score for alpha[7]: 0.1283
2025-08-15 03:10:54,145 - DEBUG - Joint score for alpha[8]: 0.1273
2025-08-15 03:10:57,657 - DEBUG - Joint score for alpha[9]: 0.1265
2025-08-15 03:11:01,170 - DEBUG - Joint score for alpha[10]: 0.1275
2025-08-15 03:11:04,679 - DEBUG - Joint score for alpha[11]: 0.1266
2025-08-15 03:11:08,191 - DEBUG - Joint score for alpha[12]: 0.1275
2025-08-15 03:11:11,703 - DEBUG - Joint score for alpha[13]: 0.1277
2025-08-15 03:11:15,214 - DEBUG - Joint score for alpha[14]: 0.1274
2025-08-15 03:11:18,727 - DEBUG - Joint score for alpha[15]: 0.1269
2025-08-15 03:11:18,769 - INFO - Step 40/120: mean CRPS=0.1275
2025-08-15 03:11:18,770 - DEBUG - Beginning Gibbs iteration s = 40
2025-08-15 03:11:18,837 - DEBUG - Proposal variance adapted: 0.027
2025-08-15 03:11:25,609 - DEBUG - Joint score for alpha[0]: 0.1254
2025-08-15 03:11:29,124 - DEBUG - Joint score for alpha[1]: 0.1291
2025-08-15 03:11:32,635 - DEBUG - Joint score for alpha[2]: 0.1273
2025-08-15 03:11:36,148 - DEBUG - Joint score for alpha[3]: 0.1279
2025-08-15 03:11:39,659 - DEBUG - Joint score for alpha[4]: 0.1264
2025-08-15 03:11:43,172 - DEBUG - Joint score for alpha[5]: 0.1248
2025-08-15 03:11:46,683 - DEBUG - Joint score for alpha[6]: 0.1242
2025-08-15 03:11:50,195 - DEBUG - Joint score for alpha[7]: 0.1270
2025-08-15 03:11:53,706 - DEBUG - Joint score for alpha[8]: 0.1262
2025-08-15 03:11:57,219 - DEBUG - Joint score for alpha[9]: 0.1247
2025-08-15 03:12:00,732 - DEBUG - Joint score for alpha[10]: 0.1292
2025-08-15 03:12:04,244 - DEBUG - Joint score for alpha[11]: 0.1258
2025-08-15 03:12:07,757 - DEBUG - Joint score for alpha[12]: 0.1281
2025-08-15 03:12:11,270 - DEBUG - Joint score for alpha[13]: 0.1271
2025-08-15 03:12:14,783 - DEBUG - Joint score for alpha[14]: 0.1287
2025-08-15 03:12:18,297 - DEBUG - Joint score for alpha[15]: 0.1259
2025-08-15 03:12:25,106 - DEBUG - Joint score for alpha[0]: 0.1286
2025-08-15 03:12:28,623 - DEBUG - Joint score for alpha[1]: 0.1268
2025-08-15 03:12:32,137 - DEBUG - Joint score for alpha[2]: 0.1265
2025-08-15 03:12:35,652 - DEBUG - Joint score for alpha[3]: 0.1284
2025-08-15 03:12:39,165 - DEBUG - Joint score for alpha[4]: 0.1279
2025-08-15 03:12:42,680 - DEBUG - Joint score for alpha[5]: 0.1281
2025-08-15 03:12:46,193 - DEBUG - Joint score for alpha[6]: 0.1278
2025-08-15 03:12:49,707 - DEBUG - Joint score for alpha[7]: 0.1280
2025-08-15 03:12:53,221 - DEBUG - Joint score for alpha[8]: 0.1287
2025-08-15 03:12:56,735 - DEBUG - Joint score for alpha[9]: 0.1273
2025-08-15 03:13:00,248 - DEBUG - Joint score for alpha[10]: 0.1273
2025-08-15 03:13:03,760 - DEBUG - Joint score for alpha[11]: 0.1272
2025-08-15 03:13:07,275 - DEBUG - Joint score for alpha[12]: 0.1270
2025-08-15 03:13:10,789 - DEBUG - Joint score for alpha[13]: 0.1283
2025-08-15 03:13:14,303 - DEBUG - Joint score for alpha[14]: 0.1271
2025-08-15 03:13:17,817 - DEBUG - Joint score for alpha[15]: 0.1266
2025-08-15 03:13:24,592 - DEBUG - Joint score for alpha[0]: 0.1275
2025-08-15 03:13:28,108 - DEBUG - Joint score for alpha[1]: 0.1282
2025-08-15 03:13:31,622 - DEBUG - Joint score for alpha[2]: 0.1281
2025-08-15 03:13:35,136 - DEBUG - Joint score for alpha[3]: 0.1286
2025-08-15 03:13:38,647 - DEBUG - Joint score for alpha[4]: 0.1271
2025-08-15 03:13:42,160 - DEBUG - Joint score for alpha[5]: 0.1283
2025-08-15 03:13:45,670 - DEBUG - Joint score for alpha[6]: 0.1284
2025-08-15 03:13:49,182 - DEBUG - Joint score for alpha[7]: 0.1280
2025-08-15 03:13:52,693 - DEBUG - Joint score for alpha[8]: 0.1279
2025-08-15 03:13:56,206 - DEBUG - Joint score for alpha[9]: 0.1283
2025-08-15 03:13:59,719 - DEBUG - Joint score for alpha[10]: 0.1281
2025-08-15 03:14:03,230 - DEBUG - Joint score for alpha[11]: 0.1275
2025-08-15 03:14:06,742 - DEBUG - Joint score for alpha[12]: 0.1274
2025-08-15 03:14:10,254 - DEBUG - Joint score for alpha[13]: 0.1278
2025-08-15 03:14:13,766 - DEBUG - Joint score for alpha[14]: 0.1285
2025-08-15 03:14:17,280 - DEBUG - Joint score for alpha[15]: 0.1282
2025-08-15 03:14:24,091 - DEBUG - Joint score for alpha[0]: 0.1279
2025-08-15 03:14:27,608 - DEBUG - Joint score for alpha[1]: 0.1300
2025-08-15 03:14:31,120 - DEBUG - Joint score for alpha[2]: 0.1276
2025-08-15 03:14:34,631 - DEBUG - Joint score for alpha[3]: 0.1297
2025-08-15 03:14:38,140 - DEBUG - Joint score for alpha[4]: 0.1267
2025-08-15 03:14:41,652 - DEBUG - Joint score for alpha[5]: 0.1280
2025-08-15 03:14:45,163 - DEBUG - Joint score for alpha[6]: 0.1284
2025-08-15 03:14:48,674 - DEBUG - Joint score for alpha[7]: 0.1296
2025-08-15 03:14:52,186 - DEBUG - Joint score for alpha[8]: 0.1289
2025-08-15 03:14:55,695 - DEBUG - Joint score for alpha[9]: 0.1289
2025-08-15 03:14:59,205 - DEBUG - Joint score for alpha[10]: 0.1294
2025-08-15 03:15:02,717 - DEBUG - Joint score for alpha[11]: 0.1281
2025-08-15 03:15:06,228 - DEBUG - Joint score for alpha[12]: 0.1288
2025-08-15 03:15:09,740 - DEBUG - Joint score for alpha[13]: 0.1281
2025-08-15 03:15:13,252 - DEBUG - Joint score for alpha[14]: 0.1274
2025-08-15 03:15:16,763 - DEBUG - Joint score for alpha[15]: 0.1296
2025-08-15 03:15:23,578 - DEBUG - Joint score for alpha[0]: 0.1296
2025-08-15 03:15:27,095 - DEBUG - Joint score for alpha[1]: 0.1286
2025-08-15 03:15:30,611 - DEBUG - Joint score for alpha[2]: 0.1292
2025-08-15 03:15:34,126 - DEBUG - Joint score for alpha[3]: 0.1290
2025-08-15 03:15:37,637 - DEBUG - Joint score for alpha[4]: 0.1282
2025-08-15 03:15:41,150 - DEBUG - Joint score for alpha[5]: 0.1290
2025-08-15 03:15:44,663 - DEBUG - Joint score for alpha[6]: 0.1309
2025-08-15 03:15:48,178 - DEBUG - Joint score for alpha[7]: 0.1296
2025-08-15 03:15:51,691 - DEBUG - Joint score for alpha[8]: 0.1285
2025-08-15 03:15:55,204 - DEBUG - Joint score for alpha[9]: 0.1298
2025-08-15 03:15:58,716 - DEBUG - Joint score for alpha[10]: 0.1298
2025-08-15 03:16:02,231 - DEBUG - Joint score for alpha[11]: 0.1296
2025-08-15 03:16:05,743 - DEBUG - Joint score for alpha[12]: 0.1292
2025-08-15 03:16:09,255 - DEBUG - Joint score for alpha[13]: 0.1287
2025-08-15 03:16:12,767 - DEBUG - Joint score for alpha[14]: 0.1295
2025-08-15 03:16:16,281 - DEBUG - Joint score for alpha[15]: 0.1301
2025-08-15 03:16:16,323 - INFO - Step 41/120: mean CRPS=0.1286
2025-08-15 03:16:16,324 - DEBUG - Beginning Gibbs iteration s = 41
2025-08-15 03:16:23,348 - DEBUG - Joint score for alpha[0]: 0.1290
2025-08-15 03:16:26,866 - DEBUG - Joint score for alpha[1]: 0.1302
2025-08-15 03:16:30,380 - DEBUG - Joint score for alpha[2]: 0.1261
2025-08-15 03:16:33,895 - DEBUG - Joint score for alpha[3]: 0.1289
2025-08-15 03:16:37,408 - DEBUG - Joint score for alpha[4]: 0.1285
2025-08-15 03:16:40,921 - DEBUG - Joint score for alpha[5]: 0.1307
2025-08-15 03:16:44,434 - DEBUG - Joint score for alpha[6]: 0.1294
2025-08-15 03:16:47,948 - DEBUG - Joint score for alpha[7]: 0.1281
2025-08-15 03:16:51,460 - DEBUG - Joint score for alpha[8]: 0.1288
2025-08-15 03:16:54,970 - DEBUG - Joint score for alpha[9]: 0.1308
2025-08-15 03:16:58,482 - DEBUG - Joint score for alpha[10]: 0.1317
2025-08-15 03:17:01,992 - DEBUG - Joint score for alpha[11]: 0.1304
2025-08-15 03:17:05,503 - DEBUG - Joint score for alpha[12]: 0.1319
2025-08-15 03:17:09,014 - DEBUG - Joint score for alpha[13]: 0.1284
2025-08-15 03:17:12,525 - DEBUG - Joint score for alpha[14]: 0.1308
2025-08-15 03:17:16,036 - DEBUG - Joint score for alpha[15]: 0.1301
2025-08-15 03:17:22,855 - DEBUG - Joint score for alpha[0]: 0.1276
2025-08-15 03:17:26,372 - DEBUG - Joint score for alpha[1]: 0.1278
2025-08-15 03:17:29,886 - DEBUG - Joint score for alpha[2]: 0.1279
2025-08-15 03:17:33,398 - DEBUG - Joint score for alpha[3]: 0.1274
2025-08-15 03:17:36,908 - DEBUG - Joint score for alpha[4]: 0.1291
2025-08-15 03:17:40,418 - DEBUG - Joint score for alpha[5]: 0.1285
2025-08-15 03:17:43,928 - DEBUG - Joint score for alpha[6]: 0.1286
2025-08-15 03:17:47,439 - DEBUG - Joint score for alpha[7]: 0.1293
2025-08-15 03:17:50,949 - DEBUG - Joint score for alpha[8]: 0.1274
2025-08-15 03:17:54,460 - DEBUG - Joint score for alpha[9]: 0.1282
2025-08-15 03:17:57,972 - DEBUG - Joint score for alpha[10]: 0.1285
2025-08-15 03:18:01,482 - DEBUG - Joint score for alpha[11]: 0.1292
2025-08-15 03:18:04,995 - DEBUG - Joint score for alpha[12]: 0.1283
2025-08-15 03:18:08,506 - DEBUG - Joint score for alpha[13]: 0.1285
2025-08-15 03:18:12,021 - DEBUG - Joint score for alpha[14]: 0.1277
2025-08-15 03:18:15,530 - DEBUG - Joint score for alpha[15]: 0.1279
2025-08-15 03:18:22,409 - DEBUG - Joint score for alpha[0]: 0.1293
2025-08-15 03:18:25,926 - DEBUG - Joint score for alpha[1]: 0.1288
2025-08-15 03:18:29,437 - DEBUG - Joint score for alpha[2]: 0.1279
2025-08-15 03:18:32,950 - DEBUG - Joint score for alpha[3]: 0.1282
2025-08-15 03:18:36,460 - DEBUG - Joint score for alpha[4]: 0.1286
2025-08-15 03:18:39,972 - DEBUG - Joint score for alpha[5]: 0.1287
2025-08-15 03:18:43,486 - DEBUG - Joint score for alpha[6]: 0.1278
2025-08-15 03:18:46,998 - DEBUG - Joint score for alpha[7]: 0.1278
2025-08-15 03:18:50,512 - DEBUG - Joint score for alpha[8]: 0.1284
2025-08-15 03:18:54,024 - DEBUG - Joint score for alpha[9]: 0.1275
2025-08-15 03:18:57,537 - DEBUG - Joint score for alpha[10]: 0.1281
2025-08-15 03:19:01,050 - DEBUG - Joint score for alpha[11]: 0.1282
2025-08-15 03:19:04,562 - DEBUG - Joint score for alpha[12]: 0.1275
2025-08-15 03:19:08,073 - DEBUG - Joint score for alpha[13]: 0.1298
2025-08-15 03:19:11,586 - DEBUG - Joint score for alpha[14]: 0.1280
2025-08-15 03:19:15,097 - DEBUG - Joint score for alpha[15]: 0.1284
2025-08-15 03:19:21,875 - DEBUG - Joint score for alpha[0]: 0.1300
2025-08-15 03:19:25,393 - DEBUG - Joint score for alpha[1]: 0.1272
2025-08-15 03:19:28,908 - DEBUG - Joint score for alpha[2]: 0.1273
2025-08-15 03:19:32,422 - DEBUG - Joint score for alpha[3]: 0.1297
2025-08-15 03:19:35,935 - DEBUG - Joint score for alpha[4]: 0.1284
2025-08-15 03:19:39,448 - DEBUG - Joint score for alpha[5]: 0.1277
2025-08-15 03:19:42,957 - DEBUG - Joint score for alpha[6]: 0.1280
2025-08-15 03:19:46,468 - DEBUG - Joint score for alpha[7]: 0.1279
2025-08-15 03:19:49,979 - DEBUG - Joint score for alpha[8]: 0.1288
2025-08-15 03:19:53,491 - DEBUG - Joint score for alpha[9]: 0.1291
2025-08-15 03:19:57,002 - DEBUG - Joint score for alpha[10]: 0.1289
2025-08-15 03:20:00,513 - DEBUG - Joint score for alpha[11]: 0.1278
2025-08-15 03:20:04,027 - DEBUG - Joint score for alpha[12]: 0.1294
2025-08-15 03:20:07,537 - DEBUG - Joint score for alpha[13]: 0.1296
2025-08-15 03:20:11,049 - DEBUG - Joint score for alpha[14]: 0.1277
2025-08-15 03:20:14,561 - DEBUG - Joint score for alpha[15]: 0.1285
2025-08-15 03:20:21,362 - DEBUG - Joint score for alpha[0]: 0.1274
2025-08-15 03:20:24,880 - DEBUG - Joint score for alpha[1]: 0.1286
2025-08-15 03:20:28,394 - DEBUG - Joint score for alpha[2]: 0.1264
2025-08-15 03:20:31,908 - DEBUG - Joint score for alpha[3]: 0.1277
2025-08-15 03:20:35,420 - DEBUG - Joint score for alpha[4]: 0.1270
2025-08-15 03:20:38,933 - DEBUG - Joint score for alpha[5]: 0.1274
2025-08-15 03:20:42,447 - DEBUG - Joint score for alpha[6]: 0.1280
2025-08-15 03:20:45,959 - DEBUG - Joint score for alpha[7]: 0.1268
2025-08-15 03:20:49,474 - DEBUG - Joint score for alpha[8]: 0.1279
2025-08-15 03:20:52,983 - DEBUG - Joint score for alpha[9]: 0.1277
2025-08-15 03:20:56,492 - DEBUG - Joint score for alpha[10]: 0.1278
2025-08-15 03:21:00,004 - DEBUG - Joint score for alpha[11]: 0.1281
2025-08-15 03:21:03,515 - DEBUG - Joint score for alpha[12]: 0.1268
2025-08-15 03:21:07,027 - DEBUG - Joint score for alpha[13]: 0.1279
2025-08-15 03:21:10,538 - DEBUG - Joint score for alpha[14]: 0.1280
2025-08-15 03:21:14,048 - DEBUG - Joint score for alpha[15]: 0.1287
2025-08-15 03:21:14,090 - INFO - Step 42/120: mean CRPS=0.1279
2025-08-15 03:21:14,091 - DEBUG - Beginning Gibbs iteration s = 42
2025-08-15 03:21:21,307 - DEBUG - Joint score for alpha[0]: 0.1259
2025-08-15 03:21:24,824 - DEBUG - Joint score for alpha[1]: 0.1300
2025-08-15 03:21:28,338 - DEBUG - Joint score for alpha[2]: 0.1260
2025-08-15 03:21:31,852 - DEBUG - Joint score for alpha[3]: 0.1262
2025-08-15 03:21:35,362 - DEBUG - Joint score for alpha[4]: 0.1291
2025-08-15 03:21:38,873 - DEBUG - Joint score for alpha[5]: 0.1263
2025-08-15 03:21:42,383 - DEBUG - Joint score for alpha[6]: 0.1318
2025-08-15 03:21:45,894 - DEBUG - Joint score for alpha[7]: 0.1275
2025-08-15 03:21:49,405 - DEBUG - Joint score for alpha[8]: 0.1295
2025-08-15 03:21:52,915 - DEBUG - Joint score for alpha[9]: 0.1271
2025-08-15 03:21:56,426 - DEBUG - Joint score for alpha[10]: 0.1281
2025-08-15 03:21:59,935 - DEBUG - Joint score for alpha[11]: 0.1306
2025-08-15 03:22:03,445 - DEBUG - Joint score for alpha[12]: 0.1291
2025-08-15 03:22:06,955 - DEBUG - Joint score for alpha[13]: 0.1271
2025-08-15 03:22:10,465 - DEBUG - Joint score for alpha[14]: 0.1299
2025-08-15 03:22:13,976 - DEBUG - Joint score for alpha[15]: 0.1292
2025-08-15 03:22:20,792 - DEBUG - Joint score for alpha[0]: 0.1275
2025-08-15 03:22:24,307 - DEBUG - Joint score for alpha[1]: 0.1262
2025-08-15 03:22:27,820 - DEBUG - Joint score for alpha[2]: 0.1272
2025-08-15 03:22:31,333 - DEBUG - Joint score for alpha[3]: 0.1274
2025-08-15 03:22:34,845 - DEBUG - Joint score for alpha[4]: 0.1260
2025-08-15 03:22:38,359 - DEBUG - Joint score for alpha[5]: 0.1266
2025-08-15 03:22:41,872 - DEBUG - Joint score for alpha[6]: 0.1266
2025-08-15 03:22:45,385 - DEBUG - Joint score for alpha[7]: 0.1263
2025-08-15 03:22:48,899 - DEBUG - Joint score for alpha[8]: 0.1272
2025-08-15 03:22:52,413 - DEBUG - Joint score for alpha[9]: 0.1268
2025-08-15 03:22:55,927 - DEBUG - Joint score for alpha[10]: 0.1263
2025-08-15 03:22:59,441 - DEBUG - Joint score for alpha[11]: 0.1259
2025-08-15 03:23:02,956 - DEBUG - Joint score for alpha[12]: 0.1267
2025-08-15 03:23:06,469 - DEBUG - Joint score for alpha[13]: 0.1275
2025-08-15 03:23:09,985 - DEBUG - Joint score for alpha[14]: 0.1261
2025-08-15 03:23:13,500 - DEBUG - Joint score for alpha[15]: 0.1276
2025-08-15 03:23:20,264 - DEBUG - Joint score for alpha[0]: 0.1278
2025-08-15 03:23:23,783 - DEBUG - Joint score for alpha[1]: 0.1264
2025-08-15 03:23:27,295 - DEBUG - Joint score for alpha[2]: 0.1271
2025-08-15 03:23:30,808 - DEBUG - Joint score for alpha[3]: 0.1264
2025-08-15 03:23:34,317 - DEBUG - Joint score for alpha[4]: 0.1273
2025-08-15 03:23:37,828 - DEBUG - Joint score for alpha[5]: 0.1274
2025-08-15 03:23:41,340 - DEBUG - Joint score for alpha[6]: 0.1271
2025-08-15 03:23:44,850 - DEBUG - Joint score for alpha[7]: 0.1262
2025-08-15 03:23:48,362 - DEBUG - Joint score for alpha[8]: 0.1273
2025-08-15 03:23:51,871 - DEBUG - Joint score for alpha[9]: 0.1261
2025-08-15 03:23:55,383 - DEBUG - Joint score for alpha[10]: 0.1264
2025-08-15 03:23:58,894 - DEBUG - Joint score for alpha[11]: 0.1274
2025-08-15 03:24:02,407 - DEBUG - Joint score for alpha[12]: 0.1266
2025-08-15 03:24:05,919 - DEBUG - Joint score for alpha[13]: 0.1277
2025-08-15 03:24:09,431 - DEBUG - Joint score for alpha[14]: 0.1278
2025-08-15 03:24:12,942 - DEBUG - Joint score for alpha[15]: 0.1263
2025-08-15 03:24:19,746 - DEBUG - Joint score for alpha[0]: 0.1260
2025-08-15 03:24:23,263 - DEBUG - Joint score for alpha[1]: 0.1269
2025-08-15 03:24:26,777 - DEBUG - Joint score for alpha[2]: 0.1264
2025-08-15 03:24:30,288 - DEBUG - Joint score for alpha[3]: 0.1263
2025-08-15 03:24:33,798 - DEBUG - Joint score for alpha[4]: 0.1265
2025-08-15 03:24:37,310 - DEBUG - Joint score for alpha[5]: 0.1275
2025-08-15 03:24:40,820 - DEBUG - Joint score for alpha[6]: 0.1285
2025-08-15 03:24:44,331 - DEBUG - Joint score for alpha[7]: 0.1266
2025-08-15 03:24:47,841 - DEBUG - Joint score for alpha[8]: 0.1263
2025-08-15 03:24:51,353 - DEBUG - Joint score for alpha[9]: 0.1256
2025-08-15 03:24:54,865 - DEBUG - Joint score for alpha[10]: 0.1251
2025-08-15 03:24:58,377 - DEBUG - Joint score for alpha[11]: 0.1261
2025-08-15 03:25:01,888 - DEBUG - Joint score for alpha[12]: 0.1255
2025-08-15 03:25:05,400 - DEBUG - Joint score for alpha[13]: 0.1262
2025-08-15 03:25:08,911 - DEBUG - Joint score for alpha[14]: 0.1270
2025-08-15 03:25:12,424 - DEBUG - Joint score for alpha[15]: 0.1259
2025-08-15 03:25:19,214 - DEBUG - Joint score for alpha[0]: 0.1271
2025-08-15 03:25:22,731 - DEBUG - Joint score for alpha[1]: 0.1261
2025-08-15 03:25:26,246 - DEBUG - Joint score for alpha[2]: 0.1279
2025-08-15 03:25:29,760 - DEBUG - Joint score for alpha[3]: 0.1280
2025-08-15 03:25:33,273 - DEBUG - Joint score for alpha[4]: 0.1283
2025-08-15 03:25:36,787 - DEBUG - Joint score for alpha[5]: 0.1280
2025-08-15 03:25:40,299 - DEBUG - Joint score for alpha[6]: 0.1273
2025-08-15 03:25:43,812 - DEBUG - Joint score for alpha[7]: 0.1270
2025-08-15 03:25:47,325 - DEBUG - Joint score for alpha[8]: 0.1269
2025-08-15 03:25:50,837 - DEBUG - Joint score for alpha[9]: 0.1272
2025-08-15 03:25:54,351 - DEBUG - Joint score for alpha[10]: 0.1264
2025-08-15 03:25:57,864 - DEBUG - Joint score for alpha[11]: 0.1261
2025-08-15 03:26:01,375 - DEBUG - Joint score for alpha[12]: 0.1262
2025-08-15 03:26:04,887 - DEBUG - Joint score for alpha[13]: 0.1273
2025-08-15 03:26:08,400 - DEBUG - Joint score for alpha[14]: 0.1264
2025-08-15 03:26:11,914 - DEBUG - Joint score for alpha[15]: 0.1284
2025-08-15 03:26:11,956 - INFO - Step 43/120: mean CRPS=0.1269
2025-08-15 03:26:11,957 - DEBUG - Beginning Gibbs iteration s = 43
2025-08-15 03:26:19,143 - DEBUG - Joint score for alpha[0]: 0.1284
2025-08-15 03:26:22,660 - DEBUG - Joint score for alpha[1]: 0.1306
2025-08-15 03:26:26,171 - DEBUG - Joint score for alpha[2]: 0.1307
2025-08-15 03:26:29,685 - DEBUG - Joint score for alpha[3]: 0.1289
2025-08-15 03:26:33,196 - DEBUG - Joint score for alpha[4]: 0.1277
2025-08-15 03:26:36,709 - DEBUG - Joint score for alpha[5]: 0.1269
2025-08-15 03:26:40,222 - DEBUG - Joint score for alpha[6]: 0.1286
2025-08-15 03:26:43,735 - DEBUG - Joint score for alpha[7]: 0.1281
2025-08-15 03:26:47,248 - DEBUG - Joint score for alpha[8]: 0.1297
2025-08-15 03:26:50,760 - DEBUG - Joint score for alpha[9]: 0.1285
2025-08-15 03:26:54,274 - DEBUG - Joint score for alpha[10]: 0.1318
2025-08-15 03:26:57,786 - DEBUG - Joint score for alpha[11]: 0.1281
2025-08-15 03:27:01,302 - DEBUG - Joint score for alpha[12]: 0.1299
2025-08-15 03:27:04,816 - DEBUG - Joint score for alpha[13]: 0.1319
2025-08-15 03:27:08,333 - DEBUG - Joint score for alpha[14]: 0.1253
2025-08-15 03:27:11,846 - DEBUG - Joint score for alpha[15]: 0.1290
2025-08-15 03:27:18,633 - DEBUG - Joint score for alpha[0]: 0.1299
2025-08-15 03:27:22,150 - DEBUG - Joint score for alpha[1]: 0.1309
2025-08-15 03:27:25,663 - DEBUG - Joint score for alpha[2]: 0.1298
2025-08-15 03:27:29,176 - DEBUG - Joint score for alpha[3]: 0.1316
2025-08-15 03:27:32,689 - DEBUG - Joint score for alpha[4]: 0.1305
2025-08-15 03:27:36,203 - DEBUG - Joint score for alpha[5]: 0.1283
2025-08-15 03:27:39,715 - DEBUG - Joint score for alpha[6]: 0.1296
2025-08-15 03:27:43,228 - DEBUG - Joint score for alpha[7]: 0.1311
2025-08-15 03:27:46,741 - DEBUG - Joint score for alpha[8]: 0.1318
2025-08-15 03:27:50,255 - DEBUG - Joint score for alpha[9]: 0.1316
2025-08-15 03:27:53,768 - DEBUG - Joint score for alpha[10]: 0.1293
2025-08-15 03:27:57,282 - DEBUG - Joint score for alpha[11]: 0.1309
2025-08-15 03:28:00,797 - DEBUG - Joint score for alpha[12]: 0.1318
2025-08-15 03:28:04,310 - DEBUG - Joint score for alpha[13]: 0.1308
2025-08-15 03:28:07,824 - DEBUG - Joint score for alpha[14]: 0.1315
2025-08-15 03:28:11,338 - DEBUG - Joint score for alpha[15]: 0.1303
2025-08-15 03:28:18,098 - DEBUG - Joint score for alpha[0]: 0.1313
2025-08-15 03:28:21,615 - DEBUG - Joint score for alpha[1]: 0.1313
2025-08-15 03:28:25,129 - DEBUG - Joint score for alpha[2]: 0.1306
2025-08-15 03:28:28,643 - DEBUG - Joint score for alpha[3]: 0.1319
2025-08-15 03:28:32,155 - DEBUG - Joint score for alpha[4]: 0.1314
2025-08-15 03:28:35,669 - DEBUG - Joint score for alpha[5]: 0.1312
2025-08-15 03:28:39,183 - DEBUG - Joint score for alpha[6]: 0.1312
2025-08-15 03:28:42,697 - DEBUG - Joint score for alpha[7]: 0.1308
2025-08-15 03:28:46,210 - DEBUG - Joint score for alpha[8]: 0.1314
2025-08-15 03:28:49,724 - DEBUG - Joint score for alpha[9]: 0.1317
2025-08-15 03:28:53,240 - DEBUG - Joint score for alpha[10]: 0.1315
2025-08-15 03:28:56,753 - DEBUG - Joint score for alpha[11]: 0.1311
2025-08-15 03:29:00,270 - DEBUG - Joint score for alpha[12]: 0.1317
2025-08-15 03:29:03,785 - DEBUG - Joint score for alpha[13]: 0.1313
2025-08-15 03:29:07,300 - DEBUG - Joint score for alpha[14]: 0.1314
2025-08-15 03:29:10,816 - DEBUG - Joint score for alpha[15]: 0.1321
2025-08-15 03:29:17,607 - DEBUG - Joint score for alpha[0]: 0.1329
2025-08-15 03:29:21,125 - DEBUG - Joint score for alpha[1]: 0.1327
2025-08-15 03:29:24,640 - DEBUG - Joint score for alpha[2]: 0.1316
2025-08-15 03:29:28,154 - DEBUG - Joint score for alpha[3]: 0.1311
2025-08-15 03:29:31,667 - DEBUG - Joint score for alpha[4]: 0.1315
2025-08-15 03:29:35,181 - DEBUG - Joint score for alpha[5]: 0.1330
2025-08-15 03:29:38,695 - DEBUG - Joint score for alpha[6]: 0.1311
2025-08-15 03:29:42,210 - DEBUG - Joint score for alpha[7]: 0.1316
2025-08-15 03:29:45,723 - DEBUG - Joint score for alpha[8]: 0.1318
2025-08-15 03:29:49,233 - DEBUG - Joint score for alpha[9]: 0.1300
2025-08-15 03:29:52,745 - DEBUG - Joint score for alpha[10]: 0.1309
2025-08-15 03:29:56,256 - DEBUG - Joint score for alpha[11]: 0.1317
2025-08-15 03:29:59,767 - DEBUG - Joint score for alpha[12]: 0.1301
2025-08-15 03:30:03,278 - DEBUG - Joint score for alpha[13]: 0.1323
2025-08-15 03:30:06,789 - DEBUG - Joint score for alpha[14]: 0.1324
2025-08-15 03:30:10,301 - DEBUG - Joint score for alpha[15]: 0.1308
2025-08-15 03:30:17,079 - DEBUG - Joint score for alpha[0]: 0.1308
2025-08-15 03:30:20,597 - DEBUG - Joint score for alpha[1]: 0.1300
2025-08-15 03:30:24,111 - DEBUG - Joint score for alpha[2]: 0.1309
2025-08-15 03:30:27,625 - DEBUG - Joint score for alpha[3]: 0.1306
2025-08-15 03:30:31,137 - DEBUG - Joint score for alpha[4]: 0.1313
2025-08-15 03:30:34,652 - DEBUG - Joint score for alpha[5]: 0.1311
2025-08-15 03:30:38,165 - DEBUG - Joint score for alpha[6]: 0.1304
2025-08-15 03:30:41,683 - DEBUG - Joint score for alpha[7]: 0.1305
2025-08-15 03:30:45,197 - DEBUG - Joint score for alpha[8]: 0.1307
2025-08-15 03:30:48,712 - DEBUG - Joint score for alpha[9]: 0.1313
2025-08-15 03:30:52,224 - DEBUG - Joint score for alpha[10]: 0.1308
2025-08-15 03:30:55,738 - DEBUG - Joint score for alpha[11]: 0.1306
2025-08-15 03:30:59,250 - DEBUG - Joint score for alpha[12]: 0.1299
2025-08-15 03:31:02,764 - DEBUG - Joint score for alpha[13]: 0.1302
2025-08-15 03:31:06,276 - DEBUG - Joint score for alpha[14]: 0.1312
2025-08-15 03:31:09,791 - DEBUG - Joint score for alpha[15]: 0.1304
2025-08-15 03:31:09,833 - INFO - Step 44/120: mean CRPS=0.1311
2025-08-15 03:31:09,834 - DEBUG - Beginning Gibbs iteration s = 44
2025-08-15 03:31:16,892 - DEBUG - Joint score for alpha[0]: 0.1302
2025-08-15 03:31:20,411 - DEBUG - Joint score for alpha[1]: 0.1274
2025-08-15 03:31:23,927 - DEBUG - Joint score for alpha[2]: 0.1274
2025-08-15 03:31:27,443 - DEBUG - Joint score for alpha[3]: 0.1289
2025-08-15 03:31:30,958 - DEBUG - Joint score for alpha[4]: 0.1298
2025-08-15 03:31:34,474 - DEBUG - Joint score for alpha[5]: 0.1295
2025-08-15 03:31:37,989 - DEBUG - Joint score for alpha[6]: 0.1311
2025-08-15 03:31:41,504 - DEBUG - Joint score for alpha[7]: 0.1317
2025-08-15 03:31:45,017 - DEBUG - Joint score for alpha[8]: 0.1316
2025-08-15 03:31:48,530 - DEBUG - Joint score for alpha[9]: 0.1305
2025-08-15 03:31:52,042 - DEBUG - Joint score for alpha[10]: 0.1297
2025-08-15 03:31:55,555 - DEBUG - Joint score for alpha[11]: 0.1295
2025-08-15 03:31:59,068 - DEBUG - Joint score for alpha[12]: 0.1316
2025-08-15 03:32:02,581 - DEBUG - Joint score for alpha[13]: 0.1308
2025-08-15 03:32:06,093 - DEBUG - Joint score for alpha[14]: 0.1322
2025-08-15 03:32:09,608 - DEBUG - Joint score for alpha[15]: 0.1298
2025-08-15 03:32:16,397 - DEBUG - Joint score for alpha[0]: 0.1287
2025-08-15 03:32:19,915 - DEBUG - Joint score for alpha[1]: 0.1275
2025-08-15 03:32:23,430 - DEBUG - Joint score for alpha[2]: 0.1279
2025-08-15 03:32:26,946 - DEBUG - Joint score for alpha[3]: 0.1279
2025-08-15 03:32:30,460 - DEBUG - Joint score for alpha[4]: 0.1275
2025-08-15 03:32:33,975 - DEBUG - Joint score for alpha[5]: 0.1272
2025-08-15 03:32:37,491 - DEBUG - Joint score for alpha[6]: 0.1274
2025-08-15 03:32:41,008 - DEBUG - Joint score for alpha[7]: 0.1281
2025-08-15 03:32:44,524 - DEBUG - Joint score for alpha[8]: 0.1264
2025-08-15 03:32:48,042 - DEBUG - Joint score for alpha[9]: 0.1273
2025-08-15 03:32:51,556 - DEBUG - Joint score for alpha[10]: 0.1270
2025-08-15 03:32:55,072 - DEBUG - Joint score for alpha[11]: 0.1273
2025-08-15 03:32:58,586 - DEBUG - Joint score for alpha[12]: 0.1279
2025-08-15 03:33:02,101 - DEBUG - Joint score for alpha[13]: 0.1274
2025-08-15 03:33:05,616 - DEBUG - Joint score for alpha[14]: 0.1284
2025-08-15 03:33:09,130 - DEBUG - Joint score for alpha[15]: 0.1274
2025-08-15 03:33:16,079 - DEBUG - Joint score for alpha[0]: 0.1295
2025-08-15 03:33:19,596 - DEBUG - Joint score for alpha[1]: 0.1295
2025-08-15 03:33:23,109 - DEBUG - Joint score for alpha[2]: 0.1292
2025-08-15 03:33:26,623 - DEBUG - Joint score for alpha[3]: 0.1300
2025-08-15 03:33:30,136 - DEBUG - Joint score for alpha[4]: 0.1287
2025-08-15 03:33:33,651 - DEBUG - Joint score for alpha[5]: 0.1296
2025-08-15 03:33:37,165 - DEBUG - Joint score for alpha[6]: 0.1295
2025-08-15 03:33:40,679 - DEBUG - Joint score for alpha[7]: 0.1290
2025-08-15 03:33:44,194 - DEBUG - Joint score for alpha[8]: 0.1292
2025-08-15 03:33:47,705 - DEBUG - Joint score for alpha[9]: 0.1292
2025-08-15 03:33:51,216 - DEBUG - Joint score for alpha[10]: 0.1287
2025-08-15 03:33:54,727 - DEBUG - Joint score for alpha[11]: 0.1293
2025-08-15 03:33:58,240 - DEBUG - Joint score for alpha[12]: 0.1287
2025-08-15 03:34:01,750 - DEBUG - Joint score for alpha[13]: 0.1295
2025-08-15 03:34:05,263 - DEBUG - Joint score for alpha[14]: 0.1298
2025-08-15 03:34:08,774 - DEBUG - Joint score for alpha[15]: 0.1295
2025-08-15 03:34:15,571 - DEBUG - Joint score for alpha[0]: 0.1279
2025-08-15 03:34:19,088 - DEBUG - Joint score for alpha[1]: 0.1295
2025-08-15 03:34:22,602 - DEBUG - Joint score for alpha[2]: 0.1304
2025-08-15 03:34:26,115 - DEBUG - Joint score for alpha[3]: 0.1278
2025-08-15 03:34:29,629 - DEBUG - Joint score for alpha[4]: 0.1291
2025-08-15 03:34:33,143 - DEBUG - Joint score for alpha[5]: 0.1300
2025-08-15 03:34:36,657 - DEBUG - Joint score for alpha[6]: 0.1282
2025-08-15 03:34:40,171 - DEBUG - Joint score for alpha[7]: 0.1292
2025-08-15 03:34:43,684 - DEBUG - Joint score for alpha[8]: 0.1296
2025-08-15 03:34:47,198 - DEBUG - Joint score for alpha[9]: 0.1279
2025-08-15 03:34:50,712 - DEBUG - Joint score for alpha[10]: 0.1288
2025-08-15 03:34:54,226 - DEBUG - Joint score for alpha[11]: 0.1290
2025-08-15 03:34:57,739 - DEBUG - Joint score for alpha[12]: 0.1296
2025-08-15 03:35:01,251 - DEBUG - Joint score for alpha[13]: 0.1282
2025-08-15 03:35:04,764 - DEBUG - Joint score for alpha[14]: 0.1292
2025-08-15 03:35:08,277 - DEBUG - Joint score for alpha[15]: 0.1278
2025-08-15 03:35:15,072 - DEBUG - Joint score for alpha[0]: 0.1295
2025-08-15 03:35:18,589 - DEBUG - Joint score for alpha[1]: 0.1282
2025-08-15 03:35:22,101 - DEBUG - Joint score for alpha[2]: 0.1285
2025-08-15 03:35:25,612 - DEBUG - Joint score for alpha[3]: 0.1308
2025-08-15 03:35:29,123 - DEBUG - Joint score for alpha[4]: 0.1287
2025-08-15 03:35:32,635 - DEBUG - Joint score for alpha[5]: 0.1297
2025-08-15 03:35:36,146 - DEBUG - Joint score for alpha[6]: 0.1302
2025-08-15 03:35:39,656 - DEBUG - Joint score for alpha[7]: 0.1311
2025-08-15 03:35:43,169 - DEBUG - Joint score for alpha[8]: 0.1286
2025-08-15 03:35:46,681 - DEBUG - Joint score for alpha[9]: 0.1300
2025-08-15 03:35:50,194 - DEBUG - Joint score for alpha[10]: 0.1295
2025-08-15 03:35:53,706 - DEBUG - Joint score for alpha[11]: 0.1307
2025-08-15 03:35:57,217 - DEBUG - Joint score for alpha[12]: 0.1294
2025-08-15 03:36:00,730 - DEBUG - Joint score for alpha[13]: 0.1289
2025-08-15 03:36:04,242 - DEBUG - Joint score for alpha[14]: 0.1296
2025-08-15 03:36:07,753 - DEBUG - Joint score for alpha[15]: 0.1303
2025-08-15 03:36:07,795 - INFO - Step 45/120: mean CRPS=0.1286
2025-08-15 03:36:07,796 - DEBUG - Beginning Gibbs iteration s = 45
2025-08-15 03:36:08,276 - DEBUG - Proposal variance adapted: 0.023
2025-08-15 03:36:14,999 - DEBUG - Joint score for alpha[0]: 0.1275
2025-08-15 03:36:18,514 - DEBUG - Joint score for alpha[1]: 0.1276
2025-08-15 03:36:22,026 - DEBUG - Joint score for alpha[2]: 0.1311
2025-08-15 03:36:25,537 - DEBUG - Joint score for alpha[3]: 0.1312
2025-08-15 03:36:29,048 - DEBUG - Joint score for alpha[4]: 0.1280
2025-08-15 03:36:32,560 - DEBUG - Joint score for alpha[5]: 0.1284
2025-08-15 03:36:36,071 - DEBUG - Joint score for alpha[6]: 0.1313
2025-08-15 03:36:39,583 - DEBUG - Joint score for alpha[7]: 0.1305
2025-08-15 03:36:43,095 - DEBUG - Joint score for alpha[8]: 0.1279
2025-08-15 03:36:46,607 - DEBUG - Joint score for alpha[9]: 0.1272
2025-08-15 03:36:50,119 - DEBUG - Joint score for alpha[10]: 0.1272
2025-08-15 03:36:53,631 - DEBUG - Joint score for alpha[11]: 0.1315
2025-08-15 03:36:57,145 - DEBUG - Joint score for alpha[12]: 0.1295
2025-08-15 03:37:00,657 - DEBUG - Joint score for alpha[13]: 0.1309
2025-08-15 03:37:04,167 - DEBUG - Joint score for alpha[14]: 0.1255
2025-08-15 03:37:07,679 - DEBUG - Joint score for alpha[15]: 0.1268
2025-08-15 03:37:14,470 - DEBUG - Joint score for alpha[0]: 0.1317
2025-08-15 03:37:17,984 - DEBUG - Joint score for alpha[1]: 0.1303
2025-08-15 03:37:21,495 - DEBUG - Joint score for alpha[2]: 0.1300
2025-08-15 03:37:25,005 - DEBUG - Joint score for alpha[3]: 0.1319
2025-08-15 03:37:28,515 - DEBUG - Joint score for alpha[4]: 0.1314
2025-08-15 03:37:32,025 - DEBUG - Joint score for alpha[5]: 0.1305
2025-08-15 03:37:35,534 - DEBUG - Joint score for alpha[6]: 0.1313
2025-08-15 03:37:39,045 - DEBUG - Joint score for alpha[7]: 0.1313
2025-08-15 03:37:42,557 - DEBUG - Joint score for alpha[8]: 0.1314
2025-08-15 03:37:46,067 - DEBUG - Joint score for alpha[9]: 0.1307
2025-08-15 03:37:49,577 - DEBUG - Joint score for alpha[10]: 0.1310
2025-08-15 03:37:53,088 - DEBUG - Joint score for alpha[11]: 0.1312
2025-08-15 03:37:56,600 - DEBUG - Joint score for alpha[12]: 0.1308
2025-08-15 03:38:00,109 - DEBUG - Joint score for alpha[13]: 0.1313
2025-08-15 03:38:03,619 - DEBUG - Joint score for alpha[14]: 0.1318
2025-08-15 03:38:07,129 - DEBUG - Joint score for alpha[15]: 0.1300
2025-08-15 03:38:13,921 - DEBUG - Joint score for alpha[0]: 0.1309
2025-08-15 03:38:17,433 - DEBUG - Joint score for alpha[1]: 0.1305
2025-08-15 03:38:20,944 - DEBUG - Joint score for alpha[2]: 0.1313
2025-08-15 03:38:24,454 - DEBUG - Joint score for alpha[3]: 0.1316
2025-08-15 03:38:27,964 - DEBUG - Joint score for alpha[4]: 0.1324
2025-08-15 03:38:31,475 - DEBUG - Joint score for alpha[5]: 0.1322
2025-08-15 03:38:34,984 - DEBUG - Joint score for alpha[6]: 0.1319
2025-08-15 03:38:38,495 - DEBUG - Joint score for alpha[7]: 0.1321
2025-08-15 03:38:42,006 - DEBUG - Joint score for alpha[8]: 0.1319
2025-08-15 03:38:45,517 - DEBUG - Joint score for alpha[9]: 0.1316
2025-08-15 03:38:49,030 - DEBUG - Joint score for alpha[10]: 0.1310
2025-08-15 03:38:52,542 - DEBUG - Joint score for alpha[11]: 0.1316
2025-08-15 03:38:56,054 - DEBUG - Joint score for alpha[12]: 0.1315
2025-08-15 03:38:59,565 - DEBUG - Joint score for alpha[13]: 0.1316
2025-08-15 03:39:03,079 - DEBUG - Joint score for alpha[14]: 0.1302
2025-08-15 03:39:06,591 - DEBUG - Joint score for alpha[15]: 0.1308
2025-08-15 03:39:13,355 - DEBUG - Joint score for alpha[0]: 0.1310
2025-08-15 03:39:16,872 - DEBUG - Joint score for alpha[1]: 0.1315
2025-08-15 03:39:20,384 - DEBUG - Joint score for alpha[2]: 0.1312
2025-08-15 03:39:23,898 - DEBUG - Joint score for alpha[3]: 0.1325
2025-08-15 03:39:27,409 - DEBUG - Joint score for alpha[4]: 0.1318
2025-08-15 03:39:30,921 - DEBUG - Joint score for alpha[5]: 0.1322
2025-08-15 03:39:34,432 - DEBUG - Joint score for alpha[6]: 0.1327
2025-08-15 03:39:37,945 - DEBUG - Joint score for alpha[7]: 0.1323
2025-08-15 03:39:41,456 - DEBUG - Joint score for alpha[8]: 0.1323
2025-08-15 03:39:44,968 - DEBUG - Joint score for alpha[9]: 0.1321
2025-08-15 03:39:48,479 - DEBUG - Joint score for alpha[10]: 0.1313
2025-08-15 03:39:51,990 - DEBUG - Joint score for alpha[11]: 0.1308
2025-08-15 03:39:55,500 - DEBUG - Joint score for alpha[12]: 0.1317
2025-08-15 03:39:59,011 - DEBUG - Joint score for alpha[13]: 0.1311
2025-08-15 03:40:02,521 - DEBUG - Joint score for alpha[14]: 0.1315
2025-08-15 03:40:06,032 - DEBUG - Joint score for alpha[15]: 0.1306
2025-08-15 03:40:12,833 - DEBUG - Joint score for alpha[0]: 0.1305
2025-08-15 03:40:16,347 - DEBUG - Joint score for alpha[1]: 0.1301
2025-08-15 03:40:19,858 - DEBUG - Joint score for alpha[2]: 0.1305
2025-08-15 03:40:23,370 - DEBUG - Joint score for alpha[3]: 0.1311
2025-08-15 03:40:26,879 - DEBUG - Joint score for alpha[4]: 0.1318
2025-08-15 03:40:30,391 - DEBUG - Joint score for alpha[5]: 0.1299
2025-08-15 03:40:33,904 - DEBUG - Joint score for alpha[6]: 0.1309
2025-08-15 03:40:37,416 - DEBUG - Joint score for alpha[7]: 0.1315
2025-08-15 03:40:40,928 - DEBUG - Joint score for alpha[8]: 0.1308
2025-08-15 03:40:44,440 - DEBUG - Joint score for alpha[9]: 0.1307
2025-08-15 03:40:47,951 - DEBUG - Joint score for alpha[10]: 0.1292
2025-08-15 03:40:51,463 - DEBUG - Joint score for alpha[11]: 0.1302
2025-08-15 03:40:54,973 - DEBUG - Joint score for alpha[12]: 0.1308
2025-08-15 03:40:58,484 - DEBUG - Joint score for alpha[13]: 0.1315
2025-08-15 03:41:01,995 - DEBUG - Joint score for alpha[14]: 0.1308
2025-08-15 03:41:05,506 - DEBUG - Joint score for alpha[15]: 0.1305
2025-08-15 03:41:05,548 - INFO - Step 46/120: mean CRPS=0.1314
2025-08-15 03:41:05,550 - DEBUG - Beginning Gibbs iteration s = 46
2025-08-15 03:41:12,848 - DEBUG - Joint score for alpha[0]: 0.1320
2025-08-15 03:41:16,363 - DEBUG - Joint score for alpha[1]: 0.1278
2025-08-15 03:41:19,875 - DEBUG - Joint score for alpha[2]: 0.1299
2025-08-15 03:41:23,387 - DEBUG - Joint score for alpha[3]: 0.1291
2025-08-15 03:41:26,898 - DEBUG - Joint score for alpha[4]: 0.1304
2025-08-15 03:41:30,409 - DEBUG - Joint score for alpha[5]: 0.1284
2025-08-15 03:41:33,920 - DEBUG - Joint score for alpha[6]: 0.1327
2025-08-15 03:41:37,432 - DEBUG - Joint score for alpha[7]: 0.1332
2025-08-15 03:41:40,944 - DEBUG - Joint score for alpha[8]: 0.1303
2025-08-15 03:41:44,457 - DEBUG - Joint score for alpha[9]: 0.1304
2025-08-15 03:41:47,971 - DEBUG - Joint score for alpha[10]: 0.1292
2025-08-15 03:41:51,484 - DEBUG - Joint score for alpha[11]: 0.1309
2025-08-15 03:41:54,998 - DEBUG - Joint score for alpha[12]: 0.1322
2025-08-15 03:41:58,511 - DEBUG - Joint score for alpha[13]: 0.1290
2025-08-15 03:42:02,025 - DEBUG - Joint score for alpha[14]: 0.1344
2025-08-15 03:42:05,539 - DEBUG - Joint score for alpha[15]: 0.1287
2025-08-15 03:42:12,385 - DEBUG - Joint score for alpha[0]: 0.1269
2025-08-15 03:42:15,900 - DEBUG - Joint score for alpha[1]: 0.1275
2025-08-15 03:42:19,413 - DEBUG - Joint score for alpha[2]: 0.1282
2025-08-15 03:42:22,926 - DEBUG - Joint score for alpha[3]: 0.1288
2025-08-15 03:42:26,438 - DEBUG - Joint score for alpha[4]: 0.1289
2025-08-15 03:42:29,951 - DEBUG - Joint score for alpha[5]: 0.1274
2025-08-15 03:42:33,463 - DEBUG - Joint score for alpha[6]: 0.1279
2025-08-15 03:42:36,977 - DEBUG - Joint score for alpha[7]: 0.1271
2025-08-15 03:42:40,489 - DEBUG - Joint score for alpha[8]: 0.1272
2025-08-15 03:42:44,002 - DEBUG - Joint score for alpha[9]: 0.1285
2025-08-15 03:42:47,516 - DEBUG - Joint score for alpha[10]: 0.1288
2025-08-15 03:42:51,030 - DEBUG - Joint score for alpha[11]: 0.1276
2025-08-15 03:42:54,544 - DEBUG - Joint score for alpha[12]: 0.1266
2025-08-15 03:42:58,058 - DEBUG - Joint score for alpha[13]: 0.1268
2025-08-15 03:43:01,571 - DEBUG - Joint score for alpha[14]: 0.1270
2025-08-15 03:43:05,085 - DEBUG - Joint score for alpha[15]: 0.1277
2025-08-15 03:43:11,854 - DEBUG - Joint score for alpha[0]: 0.1272
2025-08-15 03:43:15,370 - DEBUG - Joint score for alpha[1]: 0.1267
2025-08-15 03:43:18,882 - DEBUG - Joint score for alpha[2]: 0.1270
2025-08-15 03:43:22,395 - DEBUG - Joint score for alpha[3]: 0.1277
2025-08-15 03:43:25,907 - DEBUG - Joint score for alpha[4]: 0.1274
2025-08-15 03:43:29,419 - DEBUG - Joint score for alpha[5]: 0.1263
2025-08-15 03:43:32,932 - DEBUG - Joint score for alpha[6]: 0.1265
2025-08-15 03:43:36,445 - DEBUG - Joint score for alpha[7]: 0.1276
2025-08-15 03:43:39,959 - DEBUG - Joint score for alpha[8]: 0.1275
2025-08-15 03:43:43,472 - DEBUG - Joint score for alpha[9]: 0.1264
2025-08-15 03:43:46,988 - DEBUG - Joint score for alpha[10]: 0.1280
2025-08-15 03:43:50,500 - DEBUG - Joint score for alpha[11]: 0.1265
2025-08-15 03:43:54,016 - DEBUG - Joint score for alpha[12]: 0.1274
2025-08-15 03:43:57,529 - DEBUG - Joint score for alpha[13]: 0.1273
2025-08-15 03:44:01,043 - DEBUG - Joint score for alpha[14]: 0.1277
2025-08-15 03:44:04,557 - DEBUG - Joint score for alpha[15]: 0.1262
2025-08-15 03:44:11,353 - DEBUG - Joint score for alpha[0]: 0.1261
2025-08-15 03:44:14,867 - DEBUG - Joint score for alpha[1]: 0.1280
2025-08-15 03:44:18,377 - DEBUG - Joint score for alpha[2]: 0.1272
2025-08-15 03:44:21,888 - DEBUG - Joint score for alpha[3]: 0.1274
2025-08-15 03:44:25,397 - DEBUG - Joint score for alpha[4]: 0.1272
2025-08-15 03:44:28,908 - DEBUG - Joint score for alpha[5]: 0.1273
2025-08-15 03:44:32,419 - DEBUG - Joint score for alpha[6]: 0.1274
2025-08-15 03:44:35,929 - DEBUG - Joint score for alpha[7]: 0.1268
2025-08-15 03:44:39,439 - DEBUG - Joint score for alpha[8]: 0.1271
2025-08-15 03:44:42,950 - DEBUG - Joint score for alpha[9]: 0.1269
2025-08-15 03:44:46,461 - DEBUG - Joint score for alpha[10]: 0.1279
2025-08-15 03:44:49,972 - DEBUG - Joint score for alpha[11]: 0.1266
2025-08-15 03:44:53,481 - DEBUG - Joint score for alpha[12]: 0.1262
2025-08-15 03:44:56,990 - DEBUG - Joint score for alpha[13]: 0.1260
2025-08-15 03:45:00,500 - DEBUG - Joint score for alpha[14]: 0.1266
2025-08-15 03:45:04,011 - DEBUG - Joint score for alpha[15]: 0.1271
2025-08-15 03:45:10,825 - DEBUG - Joint score for alpha[0]: 0.1261
2025-08-15 03:45:14,337 - DEBUG - Joint score for alpha[1]: 0.1266
2025-08-15 03:45:17,847 - DEBUG - Joint score for alpha[2]: 0.1262
2025-08-15 03:45:21,357 - DEBUG - Joint score for alpha[3]: 0.1266
2025-08-15 03:45:24,866 - DEBUG - Joint score for alpha[4]: 0.1258
2025-08-15 03:45:28,375 - DEBUG - Joint score for alpha[5]: 0.1265
2025-08-15 03:45:31,883 - DEBUG - Joint score for alpha[6]: 0.1249
2025-08-15 03:45:35,394 - DEBUG - Joint score for alpha[7]: 0.1263
2025-08-15 03:45:38,904 - DEBUG - Joint score for alpha[8]: 0.1261
2025-08-15 03:45:42,414 - DEBUG - Joint score for alpha[9]: 0.1252
2025-08-15 03:45:45,925 - DEBUG - Joint score for alpha[10]: 0.1253
2025-08-15 03:45:49,436 - DEBUG - Joint score for alpha[11]: 0.1254
2025-08-15 03:45:52,945 - DEBUG - Joint score for alpha[12]: 0.1264
2025-08-15 03:45:56,456 - DEBUG - Joint score for alpha[13]: 0.1276
2025-08-15 03:45:59,968 - DEBUG - Joint score for alpha[14]: 0.1267
2025-08-15 03:46:03,483 - DEBUG - Joint score for alpha[15]: 0.1264
2025-08-15 03:46:03,525 - INFO - Step 47/120: mean CRPS=0.1264
2025-08-15 03:46:03,526 - DEBUG - Beginning Gibbs iteration s = 47
2025-08-15 03:46:10,596 - DEBUG - Joint score for alpha[0]: 0.1224
2025-08-15 03:46:14,113 - DEBUG - Joint score for alpha[1]: 0.1245
2025-08-15 03:46:17,627 - DEBUG - Joint score for alpha[2]: 0.1292
2025-08-15 03:46:21,141 - DEBUG - Joint score for alpha[3]: 0.1240
2025-08-15 03:46:24,653 - DEBUG - Joint score for alpha[4]: 0.1249
2025-08-15 03:46:28,166 - DEBUG - Joint score for alpha[5]: 0.1253
2025-08-15 03:46:31,679 - DEBUG - Joint score for alpha[6]: 0.1249
2025-08-15 03:46:35,191 - DEBUG - Joint score for alpha[7]: 0.1260
2025-08-15 03:46:38,703 - DEBUG - Joint score for alpha[8]: 0.1244
2025-08-15 03:46:42,215 - DEBUG - Joint score for alpha[9]: 0.1276
2025-08-15 03:46:45,729 - DEBUG - Joint score for alpha[10]: 0.1273
2025-08-15 03:46:49,242 - DEBUG - Joint score for alpha[11]: 0.1267
2025-08-15 03:46:52,753 - DEBUG - Joint score for alpha[12]: 0.1266
2025-08-15 03:46:56,265 - DEBUG - Joint score for alpha[13]: 0.1261
2025-08-15 03:46:59,778 - DEBUG - Joint score for alpha[14]: 0.1261
2025-08-15 03:47:03,290 - DEBUG - Joint score for alpha[15]: 0.1248
2025-08-15 03:47:10,061 - DEBUG - Joint score for alpha[0]: 0.1228
2025-08-15 03:47:13,574 - DEBUG - Joint score for alpha[1]: 0.1220
2025-08-15 03:47:17,085 - DEBUG - Joint score for alpha[2]: 0.1217
2025-08-15 03:47:20,596 - DEBUG - Joint score for alpha[3]: 0.1230
2025-08-15 03:47:24,105 - DEBUG - Joint score for alpha[4]: 0.1232
2025-08-15 03:47:27,615 - DEBUG - Joint score for alpha[5]: 0.1238
2025-08-15 03:47:31,125 - DEBUG - Joint score for alpha[6]: 0.1225
2025-08-15 03:47:34,636 - DEBUG - Joint score for alpha[7]: 0.1229
2025-08-15 03:47:38,145 - DEBUG - Joint score for alpha[8]: 0.1224
2025-08-15 03:47:41,655 - DEBUG - Joint score for alpha[9]: 0.1230
2025-08-15 03:47:45,166 - DEBUG - Joint score for alpha[10]: 0.1229
2025-08-15 03:47:48,677 - DEBUG - Joint score for alpha[11]: 0.1218
2025-08-15 03:47:52,189 - DEBUG - Joint score for alpha[12]: 0.1226
2025-08-15 03:47:55,700 - DEBUG - Joint score for alpha[13]: 0.1218
2025-08-15 03:47:59,214 - DEBUG - Joint score for alpha[14]: 0.1226
2025-08-15 03:48:02,724 - DEBUG - Joint score for alpha[15]: 0.1228
2025-08-15 03:48:09,529 - DEBUG - Joint score for alpha[0]: 0.1232
2025-08-15 03:48:13,043 - DEBUG - Joint score for alpha[1]: 0.1239
2025-08-15 03:48:16,553 - DEBUG - Joint score for alpha[2]: 0.1226
2025-08-15 03:48:20,064 - DEBUG - Joint score for alpha[3]: 0.1229
2025-08-15 03:48:23,574 - DEBUG - Joint score for alpha[4]: 0.1238
2025-08-15 03:48:27,085 - DEBUG - Joint score for alpha[5]: 0.1231
2025-08-15 03:48:30,596 - DEBUG - Joint score for alpha[6]: 0.1235
2025-08-15 03:48:34,106 - DEBUG - Joint score for alpha[7]: 0.1229
2025-08-15 03:48:37,618 - DEBUG - Joint score for alpha[8]: 0.1233
2025-08-15 03:48:41,130 - DEBUG - Joint score for alpha[9]: 0.1231
2025-08-15 03:48:44,643 - DEBUG - Joint score for alpha[10]: 0.1236
2025-08-15 03:48:48,154 - DEBUG - Joint score for alpha[11]: 0.1236
2025-08-15 03:48:51,666 - DEBUG - Joint score for alpha[12]: 0.1222
2025-08-15 03:48:55,179 - DEBUG - Joint score for alpha[13]: 0.1229
2025-08-15 03:48:58,691 - DEBUG - Joint score for alpha[14]: 0.1229
2025-08-15 03:49:02,204 - DEBUG - Joint score for alpha[15]: 0.1233
2025-08-15 03:49:09,010 - DEBUG - Joint score for alpha[0]: 0.1219
2025-08-15 03:49:12,524 - DEBUG - Joint score for alpha[1]: 0.1206
2025-08-15 03:49:16,033 - DEBUG - Joint score for alpha[2]: 0.1216
2025-08-15 03:49:19,543 - DEBUG - Joint score for alpha[3]: 0.1237
2025-08-15 03:49:23,050 - DEBUG - Joint score for alpha[4]: 0.1229
2025-08-15 03:49:26,559 - DEBUG - Joint score for alpha[5]: 0.1221
2025-08-15 03:49:30,067 - DEBUG - Joint score for alpha[6]: 0.1225
2025-08-15 03:49:33,578 - DEBUG - Joint score for alpha[7]: 0.1234
2025-08-15 03:49:37,088 - DEBUG - Joint score for alpha[8]: 0.1228
2025-08-15 03:49:40,599 - DEBUG - Joint score for alpha[9]: 0.1226
2025-08-15 03:49:44,108 - DEBUG - Joint score for alpha[10]: 0.1232
2025-08-15 03:49:47,618 - DEBUG - Joint score for alpha[11]: 0.1221
2025-08-15 03:49:51,127 - DEBUG - Joint score for alpha[12]: 0.1225
2025-08-15 03:49:54,634 - DEBUG - Joint score for alpha[13]: 0.1229
2025-08-15 03:49:58,143 - DEBUG - Joint score for alpha[14]: 0.1226
2025-08-15 03:50:01,651 - DEBUG - Joint score for alpha[15]: 0.1226
2025-08-15 03:50:08,445 - DEBUG - Joint score for alpha[0]: 0.1232
2025-08-15 03:50:11,960 - DEBUG - Joint score for alpha[1]: 0.1231
2025-08-15 03:50:15,471 - DEBUG - Joint score for alpha[2]: 0.1235
2025-08-15 03:50:18,982 - DEBUG - Joint score for alpha[3]: 0.1223
2025-08-15 03:50:22,494 - DEBUG - Joint score for alpha[4]: 0.1243
2025-08-15 03:50:26,006 - DEBUG - Joint score for alpha[5]: 0.1234
2025-08-15 03:50:29,518 - DEBUG - Joint score for alpha[6]: 0.1236
2025-08-15 03:50:33,030 - DEBUG - Joint score for alpha[7]: 0.1235
2025-08-15 03:50:36,542 - DEBUG - Joint score for alpha[8]: 0.1229
2025-08-15 03:50:40,054 - DEBUG - Joint score for alpha[9]: 0.1229
2025-08-15 03:50:43,565 - DEBUG - Joint score for alpha[10]: 0.1229
2025-08-15 03:50:47,074 - DEBUG - Joint score for alpha[11]: 0.1232
2025-08-15 03:50:50,585 - DEBUG - Joint score for alpha[12]: 0.1226
2025-08-15 03:50:54,095 - DEBUG - Joint score for alpha[13]: 0.1238
2025-08-15 03:50:57,605 - DEBUG - Joint score for alpha[14]: 0.1229
2025-08-15 03:51:01,116 - DEBUG - Joint score for alpha[15]: 0.1236
2025-08-15 03:51:01,158 - INFO - Step 48/120: mean CRPS=0.1228
2025-08-15 03:51:01,160 - DEBUG - Beginning Gibbs iteration s = 48
2025-08-15 03:51:08,252 - DEBUG - Joint score for alpha[0]: 0.1247
2025-08-15 03:51:11,771 - DEBUG - Joint score for alpha[1]: 0.1242
2025-08-15 03:51:15,284 - DEBUG - Joint score for alpha[2]: 0.1257
2025-08-15 03:51:18,795 - DEBUG - Joint score for alpha[3]: 0.1249
2025-08-15 03:51:22,307 - DEBUG - Joint score for alpha[4]: 0.1229
2025-08-15 03:51:25,819 - DEBUG - Joint score for alpha[5]: 0.1237
2025-08-15 03:51:29,330 - DEBUG - Joint score for alpha[6]: 0.1233
2025-08-15 03:51:32,843 - DEBUG - Joint score for alpha[7]: 0.1216
2025-08-15 03:51:36,355 - DEBUG - Joint score for alpha[8]: 0.1257
2025-08-15 03:51:39,865 - DEBUG - Joint score for alpha[9]: 0.1269
2025-08-15 03:51:43,377 - DEBUG - Joint score for alpha[10]: 0.1254
2025-08-15 03:51:46,888 - DEBUG - Joint score for alpha[11]: 0.1239
2025-08-15 03:51:50,400 - DEBUG - Joint score for alpha[12]: 0.1247
2025-08-15 03:51:53,913 - DEBUG - Joint score for alpha[13]: 0.1254
2025-08-15 03:51:57,423 - DEBUG - Joint score for alpha[14]: 0.1241
2025-08-15 03:52:00,937 - DEBUG - Joint score for alpha[15]: 0.1236
2025-08-15 03:52:07,743 - DEBUG - Joint score for alpha[0]: 0.1232
2025-08-15 03:52:11,259 - DEBUG - Joint score for alpha[1]: 0.1231
2025-08-15 03:52:14,771 - DEBUG - Joint score for alpha[2]: 0.1238
2025-08-15 03:52:18,283 - DEBUG - Joint score for alpha[3]: 0.1239
2025-08-15 03:52:21,796 - DEBUG - Joint score for alpha[4]: 0.1242
2025-08-15 03:52:25,310 - DEBUG - Joint score for alpha[5]: 0.1235
2025-08-15 03:52:28,823 - DEBUG - Joint score for alpha[6]: 0.1243
2025-08-15 03:52:32,337 - DEBUG - Joint score for alpha[7]: 0.1250
2025-08-15 03:52:35,850 - DEBUG - Joint score for alpha[8]: 0.1260
2025-08-15 03:52:39,363 - DEBUG - Joint score for alpha[9]: 0.1246
2025-08-15 03:52:42,876 - DEBUG - Joint score for alpha[10]: 0.1237
2025-08-15 03:52:46,389 - DEBUG - Joint score for alpha[11]: 0.1242
2025-08-15 03:52:49,904 - DEBUG - Joint score for alpha[12]: 0.1239
2025-08-15 03:52:53,419 - DEBUG - Joint score for alpha[13]: 0.1243
2025-08-15 03:52:56,935 - DEBUG - Joint score for alpha[14]: 0.1228
2025-08-15 03:53:00,452 - DEBUG - Joint score for alpha[15]: 0.1233
2025-08-15 03:53:07,250 - DEBUG - Joint score for alpha[0]: 0.1232
2025-08-15 03:53:10,768 - DEBUG - Joint score for alpha[1]: 0.1246
2025-08-15 03:53:14,283 - DEBUG - Joint score for alpha[2]: 0.1230
2025-08-15 03:53:17,799 - DEBUG - Joint score for alpha[3]: 0.1233
2025-08-15 03:53:21,315 - DEBUG - Joint score for alpha[4]: 0.1237
2025-08-15 03:53:24,828 - DEBUG - Joint score for alpha[5]: 0.1230
2025-08-15 03:53:28,342 - DEBUG - Joint score for alpha[6]: 0.1238
2025-08-15 03:53:31,857 - DEBUG - Joint score for alpha[7]: 0.1233
2025-08-15 03:53:35,370 - DEBUG - Joint score for alpha[8]: 0.1229
2025-08-15 03:53:38,883 - DEBUG - Joint score for alpha[9]: 0.1224
2025-08-15 03:53:42,396 - DEBUG - Joint score for alpha[10]: 0.1238
2025-08-15 03:53:45,908 - DEBUG - Joint score for alpha[11]: 0.1236
2025-08-15 03:53:49,423 - DEBUG - Joint score for alpha[12]: 0.1240
2025-08-15 03:53:52,938 - DEBUG - Joint score for alpha[13]: 0.1234
2025-08-15 03:53:56,452 - DEBUG - Joint score for alpha[14]: 0.1224
2025-08-15 03:53:59,967 - DEBUG - Joint score for alpha[15]: 0.1224
2025-08-15 03:54:06,741 - DEBUG - Joint score for alpha[0]: 0.1226
2025-08-15 03:54:10,258 - DEBUG - Joint score for alpha[1]: 0.1235
2025-08-15 03:54:13,771 - DEBUG - Joint score for alpha[2]: 0.1226
2025-08-15 03:54:17,284 - DEBUG - Joint score for alpha[3]: 0.1238
2025-08-15 03:54:20,798 - DEBUG - Joint score for alpha[4]: 0.1233
2025-08-15 03:54:24,311 - DEBUG - Joint score for alpha[5]: 0.1222
2025-08-15 03:54:27,823 - DEBUG - Joint score for alpha[6]: 0.1227
2025-08-15 03:54:31,335 - DEBUG - Joint score for alpha[7]: 0.1234
2025-08-15 03:54:34,846 - DEBUG - Joint score for alpha[8]: 0.1239
2025-08-15 03:54:38,357 - DEBUG - Joint score for alpha[9]: 0.1233
2025-08-15 03:54:41,868 - DEBUG - Joint score for alpha[10]: 0.1241
2025-08-15 03:54:45,380 - DEBUG - Joint score for alpha[11]: 0.1233
2025-08-15 03:54:48,893 - DEBUG - Joint score for alpha[12]: 0.1222
2025-08-15 03:54:52,404 - DEBUG - Joint score for alpha[13]: 0.1222
2025-08-15 03:54:55,916 - DEBUG - Joint score for alpha[14]: 0.1240
2025-08-15 03:54:59,429 - DEBUG - Joint score for alpha[15]: 0.1229
2025-08-15 03:55:06,232 - DEBUG - Joint score for alpha[0]: 0.1241
2025-08-15 03:55:09,746 - DEBUG - Joint score for alpha[1]: 0.1240
2025-08-15 03:55:13,257 - DEBUG - Joint score for alpha[2]: 0.1226
2025-08-15 03:55:16,768 - DEBUG - Joint score for alpha[3]: 0.1232
2025-08-15 03:55:20,280 - DEBUG - Joint score for alpha[4]: 0.1234
2025-08-15 03:55:23,792 - DEBUG - Joint score for alpha[5]: 0.1242
2025-08-15 03:55:27,304 - DEBUG - Joint score for alpha[6]: 0.1234
2025-08-15 03:55:30,816 - DEBUG - Joint score for alpha[7]: 0.1231
2025-08-15 03:55:34,327 - DEBUG - Joint score for alpha[8]: 0.1226
2025-08-15 03:55:37,838 - DEBUG - Joint score for alpha[9]: 0.1227
2025-08-15 03:55:41,350 - DEBUG - Joint score for alpha[10]: 0.1233
2025-08-15 03:55:44,863 - DEBUG - Joint score for alpha[11]: 0.1233
2025-08-15 03:55:48,375 - DEBUG - Joint score for alpha[12]: 0.1223
2025-08-15 03:55:51,889 - DEBUG - Joint score for alpha[13]: 0.1240
2025-08-15 03:55:55,400 - DEBUG - Joint score for alpha[14]: 0.1224
2025-08-15 03:55:58,913 - DEBUG - Joint score for alpha[15]: 0.1234
2025-08-15 03:55:58,956 - INFO - Step 49/120: mean CRPS=0.1236
2025-08-15 03:55:58,958 - DEBUG - Beginning Gibbs iteration s = 49
2025-08-15 03:56:05,892 - DEBUG - Joint score for alpha[0]: 0.1238
2025-08-15 03:56:09,409 - DEBUG - Joint score for alpha[1]: 0.1242
2025-08-15 03:56:12,920 - DEBUG - Joint score for alpha[2]: 0.1217
2025-08-15 03:56:16,432 - DEBUG - Joint score for alpha[3]: 0.1208
2025-08-15 03:56:19,944 - DEBUG - Joint score for alpha[4]: 0.1239
2025-08-15 03:56:23,456 - DEBUG - Joint score for alpha[5]: 0.1212
2025-08-15 03:56:26,968 - DEBUG - Joint score for alpha[6]: 0.1224
2025-08-15 03:56:30,480 - DEBUG - Joint score for alpha[7]: 0.1248
2025-08-15 03:56:33,992 - DEBUG - Joint score for alpha[8]: 0.1222
2025-08-15 03:56:37,502 - DEBUG - Joint score for alpha[9]: 0.1227
2025-08-15 03:56:41,013 - DEBUG - Joint score for alpha[10]: 0.1233
2025-08-15 03:56:44,524 - DEBUG - Joint score for alpha[11]: 0.1216
2025-08-15 03:56:48,036 - DEBUG - Joint score for alpha[12]: 0.1233
2025-08-15 03:56:51,548 - DEBUG - Joint score for alpha[13]: 0.1225
2025-08-15 03:56:55,059 - DEBUG - Joint score for alpha[14]: 0.1230
2025-08-15 03:56:58,571 - DEBUG - Joint score for alpha[15]: 0.1230
2025-08-15 03:57:05,346 - DEBUG - Joint score for alpha[0]: 0.1207
2025-08-15 03:57:08,863 - DEBUG - Joint score for alpha[1]: 0.1200
2025-08-15 03:57:12,377 - DEBUG - Joint score for alpha[2]: 0.1209
2025-08-15 03:57:15,890 - DEBUG - Joint score for alpha[3]: 0.1212
2025-08-15 03:57:19,403 - DEBUG - Joint score for alpha[4]: 0.1196
2025-08-15 03:57:22,913 - DEBUG - Joint score for alpha[5]: 0.1212
2025-08-15 03:57:26,423 - DEBUG - Joint score for alpha[6]: 0.1203
2025-08-15 03:57:29,934 - DEBUG - Joint score for alpha[7]: 0.1203
2025-08-15 03:57:33,443 - DEBUG - Joint score for alpha[8]: 0.1211
2025-08-15 03:57:36,952 - DEBUG - Joint score for alpha[9]: 0.1203
2025-08-15 03:57:40,462 - DEBUG - Joint score for alpha[10]: 0.1211
2025-08-15 03:57:43,972 - DEBUG - Joint score for alpha[11]: 0.1208
2025-08-15 03:57:47,481 - DEBUG - Joint score for alpha[12]: 0.1211
2025-08-15 03:57:50,993 - DEBUG - Joint score for alpha[13]: 0.1208
2025-08-15 03:57:54,502 - DEBUG - Joint score for alpha[14]: 0.1210
2025-08-15 03:57:58,012 - DEBUG - Joint score for alpha[15]: 0.1194
2025-08-15 03:58:04,805 - DEBUG - Joint score for alpha[0]: 0.1185
2025-08-15 03:58:08,321 - DEBUG - Joint score for alpha[1]: 0.1189
2025-08-15 03:58:11,833 - DEBUG - Joint score for alpha[2]: 0.1188
2025-08-15 03:58:15,345 - DEBUG - Joint score for alpha[3]: 0.1188
2025-08-15 03:58:18,858 - DEBUG - Joint score for alpha[4]: 0.1178
2025-08-15 03:58:22,371 - DEBUG - Joint score for alpha[5]: 0.1192
2025-08-15 03:58:25,882 - DEBUG - Joint score for alpha[6]: 0.1187
2025-08-15 03:58:29,392 - DEBUG - Joint score for alpha[7]: 0.1191
2025-08-15 03:58:32,902 - DEBUG - Joint score for alpha[8]: 0.1196
2025-08-15 03:58:36,411 - DEBUG - Joint score for alpha[9]: 0.1187
2025-08-15 03:58:39,920 - DEBUG - Joint score for alpha[10]: 0.1187
2025-08-15 03:58:43,430 - DEBUG - Joint score for alpha[11]: 0.1181
2025-08-15 03:58:46,941 - DEBUG - Joint score for alpha[12]: 0.1202
2025-08-15 03:58:50,453 - DEBUG - Joint score for alpha[13]: 0.1188
2025-08-15 03:58:53,963 - DEBUG - Joint score for alpha[14]: 0.1190
2025-08-15 03:58:57,475 - DEBUG - Joint score for alpha[15]: 0.1189
2025-08-15 03:59:04,272 - DEBUG - Joint score for alpha[0]: 0.1182
2025-08-15 03:59:07,787 - DEBUG - Joint score for alpha[1]: 0.1199
2025-08-15 03:59:11,299 - DEBUG - Joint score for alpha[2]: 0.1196
2025-08-15 03:59:14,811 - DEBUG - Joint score for alpha[3]: 0.1187
2025-08-15 03:59:18,323 - DEBUG - Joint score for alpha[4]: 0.1191
2025-08-15 03:59:21,836 - DEBUG - Joint score for alpha[5]: 0.1180
2025-08-15 03:59:25,348 - DEBUG - Joint score for alpha[6]: 0.1187
2025-08-15 03:59:28,861 - DEBUG - Joint score for alpha[7]: 0.1200
2025-08-15 03:59:32,375 - DEBUG - Joint score for alpha[8]: 0.1201
2025-08-15 03:59:35,886 - DEBUG - Joint score for alpha[9]: 0.1193
2025-08-15 03:59:39,398 - DEBUG - Joint score for alpha[10]: 0.1190
2025-08-15 03:59:42,911 - DEBUG - Joint score for alpha[11]: 0.1179
2025-08-15 03:59:46,425 - DEBUG - Joint score for alpha[12]: 0.1192
2025-08-15 03:59:49,938 - DEBUG - Joint score for alpha[13]: 0.1196
2025-08-15 03:59:53,452 - DEBUG - Joint score for alpha[14]: 0.1192
2025-08-15 03:59:56,966 - DEBUG - Joint score for alpha[15]: 0.1189
2025-08-15 04:00:03,732 - DEBUG - Joint score for alpha[0]: 0.1192
2025-08-15 04:00:07,248 - DEBUG - Joint score for alpha[1]: 0.1192
2025-08-15 04:00:10,761 - DEBUG - Joint score for alpha[2]: 0.1188
2025-08-15 04:00:14,273 - DEBUG - Joint score for alpha[3]: 0.1200
2025-08-15 04:00:17,784 - DEBUG - Joint score for alpha[4]: 0.1179
2025-08-15 04:00:21,296 - DEBUG - Joint score for alpha[5]: 0.1196
2025-08-15 04:00:24,807 - DEBUG - Joint score for alpha[6]: 0.1198
2025-08-15 04:00:28,321 - DEBUG - Joint score for alpha[7]: 0.1186
2025-08-15 04:00:31,833 - DEBUG - Joint score for alpha[8]: 0.1187
2025-08-15 04:00:35,343 - DEBUG - Joint score for alpha[9]: 0.1189
2025-08-15 04:00:38,854 - DEBUG - Joint score for alpha[10]: 0.1188
2025-08-15 04:00:42,368 - DEBUG - Joint score for alpha[11]: 0.1197
2025-08-15 04:00:45,881 - DEBUG - Joint score for alpha[12]: 0.1200
2025-08-15 04:00:49,394 - DEBUG - Joint score for alpha[13]: 0.1184
2025-08-15 04:00:52,906 - DEBUG - Joint score for alpha[14]: 0.1185
2025-08-15 04:00:56,419 - DEBUG - Joint score for alpha[15]: 0.1196
2025-08-15 04:00:56,462 - INFO - Step 50/120: mean CRPS=0.1195
2025-08-15 04:00:56,464 - DEBUG - Beginning Gibbs iteration s = 50
2025-08-15 04:00:56,712 - DEBUG - Proposal variance adapted: 0.020
2025-08-15 04:01:03,472 - DEBUG - Joint score for alpha[0]: 0.1179
2025-08-15 04:01:06,985 - DEBUG - Joint score for alpha[1]: 0.1156
2025-08-15 04:01:10,496 - DEBUG - Joint score for alpha[2]: 0.1235
2025-08-15 04:01:14,007 - DEBUG - Joint score for alpha[3]: 0.1198
2025-08-15 04:01:17,516 - DEBUG - Joint score for alpha[4]: 0.1209
2025-08-15 04:01:21,028 - DEBUG - Joint score for alpha[5]: 0.1177
2025-08-15 04:01:24,539 - DEBUG - Joint score for alpha[6]: 0.1182
2025-08-15 04:01:28,051 - DEBUG - Joint score for alpha[7]: 0.1182
2025-08-15 04:01:31,563 - DEBUG - Joint score for alpha[8]: 0.1188
2025-08-15 04:01:35,076 - DEBUG - Joint score for alpha[9]: 0.1183
2025-08-15 04:01:38,588 - DEBUG - Joint score for alpha[10]: 0.1189
2025-08-15 04:01:42,100 - DEBUG - Joint score for alpha[11]: 0.1195
2025-08-15 04:01:45,611 - DEBUG - Joint score for alpha[12]: 0.1208
2025-08-15 04:01:49,121 - DEBUG - Joint score for alpha[13]: 0.1200
2025-08-15 04:01:52,634 - DEBUG - Joint score for alpha[14]: 0.1205
2025-08-15 04:01:56,148 - DEBUG - Joint score for alpha[15]: 0.1195
2025-08-15 04:02:02,946 - DEBUG - Joint score for alpha[0]: 0.1226
2025-08-15 04:02:06,461 - DEBUG - Joint score for alpha[1]: 0.1227
2025-08-15 04:02:09,973 - DEBUG - Joint score for alpha[2]: 0.1222
2025-08-15 04:02:13,486 - DEBUG - Joint score for alpha[3]: 0.1226
2025-08-15 04:02:16,998 - DEBUG - Joint score for alpha[4]: 0.1227
2025-08-15 04:02:20,511 - DEBUG - Joint score for alpha[5]: 0.1231
2025-08-15 04:02:24,022 - DEBUG - Joint score for alpha[6]: 0.1237
2025-08-15 04:02:27,533 - DEBUG - Joint score for alpha[7]: 0.1229
2025-08-15 04:02:31,045 - DEBUG - Joint score for alpha[8]: 0.1231
2025-08-15 04:02:34,556 - DEBUG - Joint score for alpha[9]: 0.1222
2025-08-15 04:02:38,069 - DEBUG - Joint score for alpha[10]: 0.1229
2025-08-15 04:02:41,582 - DEBUG - Joint score for alpha[11]: 0.1222
2025-08-15 04:02:45,093 - DEBUG - Joint score for alpha[12]: 0.1222
2025-08-15 04:02:48,605 - DEBUG - Joint score for alpha[13]: 0.1218
2025-08-15 04:02:52,117 - DEBUG - Joint score for alpha[14]: 0.1238
2025-08-15 04:02:55,630 - DEBUG - Joint score for alpha[15]: 0.1233
2025-08-15 04:03:02,445 - DEBUG - Joint score for alpha[0]: 0.1226
2025-08-15 04:03:05,961 - DEBUG - Joint score for alpha[1]: 0.1220
2025-08-15 04:03:09,475 - DEBUG - Joint score for alpha[2]: 0.1227
2025-08-15 04:03:12,988 - DEBUG - Joint score for alpha[3]: 0.1216
2025-08-15 04:03:16,501 - DEBUG - Joint score for alpha[4]: 0.1218
2025-08-15 04:03:20,014 - DEBUG - Joint score for alpha[5]: 0.1231
2025-08-15 04:03:23,528 - DEBUG - Joint score for alpha[6]: 0.1224
2025-08-15 04:03:27,042 - DEBUG - Joint score for alpha[7]: 0.1219
2025-08-15 04:03:30,555 - DEBUG - Joint score for alpha[8]: 0.1214
2025-08-15 04:03:34,068 - DEBUG - Joint score for alpha[9]: 0.1228
2025-08-15 04:03:37,583 - DEBUG - Joint score for alpha[10]: 0.1224
2025-08-15 04:03:41,095 - DEBUG - Joint score for alpha[11]: 0.1228
2025-08-15 04:03:44,610 - DEBUG - Joint score for alpha[12]: 0.1218
2025-08-15 04:03:48,123 - DEBUG - Joint score for alpha[13]: 0.1217
2025-08-15 04:03:51,637 - DEBUG - Joint score for alpha[14]: 0.1221
2025-08-15 04:03:55,151 - DEBUG - Joint score for alpha[15]: 0.1226
2025-08-15 04:04:01,925 - DEBUG - Joint score for alpha[0]: 0.1233
2025-08-15 04:04:05,441 - DEBUG - Joint score for alpha[1]: 0.1233
2025-08-15 04:04:08,953 - DEBUG - Joint score for alpha[2]: 0.1225
2025-08-15 04:04:12,464 - DEBUG - Joint score for alpha[3]: 0.1234
2025-08-15 04:04:15,974 - DEBUG - Joint score for alpha[4]: 0.1221
2025-08-15 04:04:19,484 - DEBUG - Joint score for alpha[5]: 0.1220
2025-08-15 04:04:22,995 - DEBUG - Joint score for alpha[6]: 0.1239
2025-08-15 04:04:26,505 - DEBUG - Joint score for alpha[7]: 0.1221
2025-08-15 04:04:30,015 - DEBUG - Joint score for alpha[8]: 0.1244
2025-08-15 04:04:33,525 - DEBUG - Joint score for alpha[9]: 0.1227
2025-08-15 04:04:37,035 - DEBUG - Joint score for alpha[10]: 0.1225
2025-08-15 04:04:40,545 - DEBUG - Joint score for alpha[11]: 0.1225
2025-08-15 04:04:44,055 - DEBUG - Joint score for alpha[12]: 0.1219
2025-08-15 04:04:47,564 - DEBUG - Joint score for alpha[13]: 0.1227
2025-08-15 04:04:51,073 - DEBUG - Joint score for alpha[14]: 0.1230
2025-08-15 04:04:54,583 - DEBUG - Joint score for alpha[15]: 0.1228
2025-08-15 04:05:01,463 - DEBUG - Joint score for alpha[0]: 0.1236
2025-08-15 04:05:04,979 - DEBUG - Joint score for alpha[1]: 0.1225
2025-08-15 04:05:08,491 - DEBUG - Joint score for alpha[2]: 0.1238
2025-08-15 04:05:12,004 - DEBUG - Joint score for alpha[3]: 0.1229
2025-08-15 04:05:15,514 - DEBUG - Joint score for alpha[4]: 0.1231
2025-08-15 04:05:19,025 - DEBUG - Joint score for alpha[5]: 0.1237
2025-08-15 04:05:22,534 - DEBUG - Joint score for alpha[6]: 0.1232
2025-08-15 04:05:26,045 - DEBUG - Joint score for alpha[7]: 0.1229
2025-08-15 04:05:29,555 - DEBUG - Joint score for alpha[8]: 0.1231
2025-08-15 04:05:33,065 - DEBUG - Joint score for alpha[9]: 0.1226
2025-08-15 04:05:36,575 - DEBUG - Joint score for alpha[10]: 0.1220
2025-08-15 04:05:40,086 - DEBUG - Joint score for alpha[11]: 0.1225
2025-08-15 04:05:43,600 - DEBUG - Joint score for alpha[12]: 0.1229
2025-08-15 04:05:47,110 - DEBUG - Joint score for alpha[13]: 0.1217
2025-08-15 04:05:50,621 - DEBUG - Joint score for alpha[14]: 0.1225
2025-08-15 04:05:54,132 - DEBUG - Joint score for alpha[15]: 0.1225
2025-08-15 04:05:54,174 - INFO - Step 51/120: mean CRPS=0.1232
2025-08-15 04:05:54,175 - DEBUG - Beginning Gibbs iteration s = 51
2025-08-15 04:06:01,294 - DEBUG - Joint score for alpha[0]: 0.1213
2025-08-15 04:06:04,810 - DEBUG - Joint score for alpha[1]: 0.1216
2025-08-15 04:06:08,321 - DEBUG - Joint score for alpha[2]: 0.1247
2025-08-15 04:06:11,831 - DEBUG - Joint score for alpha[3]: 0.1251
2025-08-15 04:06:15,341 - DEBUG - Joint score for alpha[4]: 0.1267
2025-08-15 04:06:18,851 - DEBUG - Joint score for alpha[5]: 0.1197
2025-08-15 04:06:22,360 - DEBUG - Joint score for alpha[6]: 0.1231
2025-08-15 04:06:25,870 - DEBUG - Joint score for alpha[7]: 0.1236
2025-08-15 04:06:29,380 - DEBUG - Joint score for alpha[8]: 0.1242
2025-08-15 04:06:32,890 - DEBUG - Joint score for alpha[9]: 0.1264
2025-08-15 04:06:36,400 - DEBUG - Joint score for alpha[10]: 0.1219
2025-08-15 04:06:39,912 - DEBUG - Joint score for alpha[11]: 0.1245
2025-08-15 04:06:43,424 - DEBUG - Joint score for alpha[12]: 0.1245
2025-08-15 04:06:46,937 - DEBUG - Joint score for alpha[13]: 0.1232
2025-08-15 04:06:50,448 - DEBUG - Joint score for alpha[14]: 0.1225
2025-08-15 04:06:53,960 - DEBUG - Joint score for alpha[15]: 0.1227
2025-08-15 04:07:00,756 - DEBUG - Joint score for alpha[0]: 0.1204
2025-08-15 04:07:04,273 - DEBUG - Joint score for alpha[1]: 0.1201
2025-08-15 04:07:07,785 - DEBUG - Joint score for alpha[2]: 0.1203
2025-08-15 04:07:11,296 - DEBUG - Joint score for alpha[3]: 0.1203
2025-08-15 04:07:14,807 - DEBUG - Joint score for alpha[4]: 0.1204
2025-08-15 04:07:18,317 - DEBUG - Joint score for alpha[5]: 0.1201
2025-08-15 04:07:21,828 - DEBUG - Joint score for alpha[6]: 0.1199
2025-08-15 04:07:25,337 - DEBUG - Joint score for alpha[7]: 0.1207
2025-08-15 04:07:28,849 - DEBUG - Joint score for alpha[8]: 0.1195
2025-08-15 04:07:32,360 - DEBUG - Joint score for alpha[9]: 0.1199
2025-08-15 04:07:35,871 - DEBUG - Joint score for alpha[10]: 0.1206
2025-08-15 04:07:39,386 - DEBUG - Joint score for alpha[11]: 0.1206
2025-08-15 04:07:42,898 - DEBUG - Joint score for alpha[12]: 0.1211
2025-08-15 04:07:46,410 - DEBUG - Joint score for alpha[13]: 0.1192
2025-08-15 04:07:49,923 - DEBUG - Joint score for alpha[14]: 0.1200
2025-08-15 04:07:53,434 - DEBUG - Joint score for alpha[15]: 0.1207
2025-08-15 04:08:00,214 - DEBUG - Joint score for alpha[0]: 0.1191
2025-08-15 04:08:03,733 - DEBUG - Joint score for alpha[1]: 0.1190
2025-08-15 04:08:07,246 - DEBUG - Joint score for alpha[2]: 0.1203
2025-08-15 04:08:10,758 - DEBUG - Joint score for alpha[3]: 0.1192
2025-08-15 04:08:14,269 - DEBUG - Joint score for alpha[4]: 0.1196
2025-08-15 04:08:17,781 - DEBUG - Joint score for alpha[5]: 0.1189
2025-08-15 04:08:21,295 - DEBUG - Joint score for alpha[6]: 0.1189
2025-08-15 04:08:24,807 - DEBUG - Joint score for alpha[7]: 0.1191
2025-08-15 04:08:28,318 - DEBUG - Joint score for alpha[8]: 0.1190
2025-08-15 04:08:31,831 - DEBUG - Joint score for alpha[9]: 0.1197
2025-08-15 04:08:35,348 - DEBUG - Joint score for alpha[10]: 0.1182
2025-08-15 04:08:38,861 - DEBUG - Joint score for alpha[11]: 0.1190
2025-08-15 04:08:42,373 - DEBUG - Joint score for alpha[12]: 0.1192
2025-08-15 04:08:45,885 - DEBUG - Joint score for alpha[13]: 0.1204
2025-08-15 04:08:49,397 - DEBUG - Joint score for alpha[14]: 0.1190
2025-08-15 04:08:52,909 - DEBUG - Joint score for alpha[15]: 0.1197
2025-08-15 04:08:59,704 - DEBUG - Joint score for alpha[0]: 0.1200
2025-08-15 04:09:03,221 - DEBUG - Joint score for alpha[1]: 0.1197
2025-08-15 04:09:06,736 - DEBUG - Joint score for alpha[2]: 0.1181
2025-08-15 04:09:10,250 - DEBUG - Joint score for alpha[3]: 0.1194
2025-08-15 04:09:13,763 - DEBUG - Joint score for alpha[4]: 0.1196
2025-08-15 04:09:17,276 - DEBUG - Joint score for alpha[5]: 0.1190
2025-08-15 04:09:20,788 - DEBUG - Joint score for alpha[6]: 0.1199
2025-08-15 04:09:24,299 - DEBUG - Joint score for alpha[7]: 0.1203
2025-08-15 04:09:27,810 - DEBUG - Joint score for alpha[8]: 0.1194
2025-08-15 04:09:31,322 - DEBUG - Joint score for alpha[9]: 0.1178
2025-08-15 04:09:34,834 - DEBUG - Joint score for alpha[10]: 0.1197
2025-08-15 04:09:38,346 - DEBUG - Joint score for alpha[11]: 0.1184
2025-08-15 04:09:41,860 - DEBUG - Joint score for alpha[12]: 0.1197
2025-08-15 04:09:45,372 - DEBUG - Joint score for alpha[13]: 0.1182
2025-08-15 04:09:48,885 - DEBUG - Joint score for alpha[14]: 0.1189
2025-08-15 04:09:52,397 - DEBUG - Joint score for alpha[15]: 0.1189
2025-08-15 04:09:59,197 - DEBUG - Joint score for alpha[0]: 0.1196
2025-08-15 04:10:02,713 - DEBUG - Joint score for alpha[1]: 0.1191
2025-08-15 04:10:06,225 - DEBUG - Joint score for alpha[2]: 0.1194
2025-08-15 04:10:09,737 - DEBUG - Joint score for alpha[3]: 0.1204
2025-08-15 04:10:13,248 - DEBUG - Joint score for alpha[4]: 0.1194
2025-08-15 04:10:16,760 - DEBUG - Joint score for alpha[5]: 0.1192
2025-08-15 04:10:20,271 - DEBUG - Joint score for alpha[6]: 0.1196
2025-08-15 04:10:23,783 - DEBUG - Joint score for alpha[7]: 0.1196
2025-08-15 04:10:27,296 - DEBUG - Joint score for alpha[8]: 0.1186
2025-08-15 04:10:30,810 - DEBUG - Joint score for alpha[9]: 0.1198
2025-08-15 04:10:34,323 - DEBUG - Joint score for alpha[10]: 0.1209
2025-08-15 04:10:37,836 - DEBUG - Joint score for alpha[11]: 0.1194
2025-08-15 04:10:41,352 - DEBUG - Joint score for alpha[12]: 0.1193
2025-08-15 04:10:44,866 - DEBUG - Joint score for alpha[13]: 0.1191
2025-08-15 04:10:48,380 - DEBUG - Joint score for alpha[14]: 0.1199
2025-08-15 04:10:51,893 - DEBUG - Joint score for alpha[15]: 0.1196
2025-08-15 04:10:51,935 - INFO - Step 52/120: mean CRPS=0.1198
2025-08-15 04:10:51,936 - DEBUG - Beginning Gibbs iteration s = 52
2025-08-15 04:10:58,892 - DEBUG - Joint score for alpha[0]: 0.1198
2025-08-15 04:11:02,411 - DEBUG - Joint score for alpha[1]: 0.1200
2025-08-15 04:11:05,925 - DEBUG - Joint score for alpha[2]: 0.1199
2025-08-15 04:11:09,440 - DEBUG - Joint score for alpha[3]: 0.1183
2025-08-15 04:11:12,954 - DEBUG - Joint score for alpha[4]: 0.1192
2025-08-15 04:11:16,470 - DEBUG - Joint score for alpha[5]: 0.1190
2025-08-15 04:11:19,985 - DEBUG - Joint score for alpha[6]: 0.1203
2025-08-15 04:11:23,502 - DEBUG - Joint score for alpha[7]: 0.1219
2025-08-15 04:11:27,016 - DEBUG - Joint score for alpha[8]: 0.1223
2025-08-15 04:11:30,530 - DEBUG - Joint score for alpha[9]: 0.1213
2025-08-15 04:11:34,045 - DEBUG - Joint score for alpha[10]: 0.1201
2025-08-15 04:11:37,559 - DEBUG - Joint score for alpha[11]: 0.1211
2025-08-15 04:11:41,073 - DEBUG - Joint score for alpha[12]: 0.1208
2025-08-15 04:11:44,587 - DEBUG - Joint score for alpha[13]: 0.1196
2025-08-15 04:11:48,099 - DEBUG - Joint score for alpha[14]: 0.1185
2025-08-15 04:11:51,613 - DEBUG - Joint score for alpha[15]: 0.1245
2025-08-15 04:11:58,416 - DEBUG - Joint score for alpha[0]: 0.1168
2025-08-15 04:12:01,935 - DEBUG - Joint score for alpha[1]: 0.1187
2025-08-15 04:12:05,449 - DEBUG - Joint score for alpha[2]: 0.1175
2025-08-15 04:12:08,963 - DEBUG - Joint score for alpha[3]: 0.1168
2025-08-15 04:12:12,477 - DEBUG - Joint score for alpha[4]: 0.1173
2025-08-15 04:12:15,993 - DEBUG - Joint score for alpha[5]: 0.1172
2025-08-15 04:12:19,507 - DEBUG - Joint score for alpha[6]: 0.1169
2025-08-15 04:12:23,023 - DEBUG - Joint score for alpha[7]: 0.1164
2025-08-15 04:12:26,540 - DEBUG - Joint score for alpha[8]: 0.1175
2025-08-15 04:12:30,054 - DEBUG - Joint score for alpha[9]: 0.1172
2025-08-15 04:12:33,569 - DEBUG - Joint score for alpha[10]: 0.1173
2025-08-15 04:12:37,082 - DEBUG - Joint score for alpha[11]: 0.1174
2025-08-15 04:12:40,596 - DEBUG - Joint score for alpha[12]: 0.1175
2025-08-15 04:12:44,109 - DEBUG - Joint score for alpha[13]: 0.1167
2025-08-15 04:12:47,621 - DEBUG - Joint score for alpha[14]: 0.1187
2025-08-15 04:12:51,135 - DEBUG - Joint score for alpha[15]: 0.1173
2025-08-15 04:12:57,938 - DEBUG - Joint score for alpha[0]: 0.1180
2025-08-15 04:13:01,457 - DEBUG - Joint score for alpha[1]: 0.1196
2025-08-15 04:13:04,972 - DEBUG - Joint score for alpha[2]: 0.1183
2025-08-15 04:13:08,485 - DEBUG - Joint score for alpha[3]: 0.1190
2025-08-15 04:13:11,998 - DEBUG - Joint score for alpha[4]: 0.1181
2025-08-15 04:13:15,511 - DEBUG - Joint score for alpha[5]: 0.1188
2025-08-15 04:13:19,025 - DEBUG - Joint score for alpha[6]: 0.1200
2025-08-15 04:13:22,539 - DEBUG - Joint score for alpha[7]: 0.1180
2025-08-15 04:13:26,052 - DEBUG - Joint score for alpha[8]: 0.1189
2025-08-15 04:13:29,566 - DEBUG - Joint score for alpha[9]: 0.1195
2025-08-15 04:13:33,079 - DEBUG - Joint score for alpha[10]: 0.1179
2025-08-15 04:13:36,594 - DEBUG - Joint score for alpha[11]: 0.1187
2025-08-15 04:13:40,109 - DEBUG - Joint score for alpha[12]: 0.1194
2025-08-15 04:13:43,625 - DEBUG - Joint score for alpha[13]: 0.1189
2025-08-15 04:13:47,140 - DEBUG - Joint score for alpha[14]: 0.1191
2025-08-15 04:13:50,656 - DEBUG - Joint score for alpha[15]: 0.1190
2025-08-15 04:13:57,426 - DEBUG - Joint score for alpha[0]: 0.1171
2025-08-15 04:14:00,947 - DEBUG - Joint score for alpha[1]: 0.1195
2025-08-15 04:14:04,463 - DEBUG - Joint score for alpha[2]: 0.1187
2025-08-15 04:14:07,979 - DEBUG - Joint score for alpha[3]: 0.1183
2025-08-15 04:14:11,496 - DEBUG - Joint score for alpha[4]: 0.1184
2025-08-15 04:14:15,013 - DEBUG - Joint score for alpha[5]: 0.1188
2025-08-15 04:14:18,531 - DEBUG - Joint score for alpha[6]: 0.1201
2025-08-15 04:14:22,048 - DEBUG - Joint score for alpha[7]: 0.1186
2025-08-15 04:14:25,565 - DEBUG - Joint score for alpha[8]: 0.1180
2025-08-15 04:14:29,080 - DEBUG - Joint score for alpha[9]: 0.1177
2025-08-15 04:14:32,597 - DEBUG - Joint score for alpha[10]: 0.1186
2025-08-15 04:14:36,113 - DEBUG - Joint score for alpha[11]: 0.1192
2025-08-15 04:14:39,629 - DEBUG - Joint score for alpha[12]: 0.1191
2025-08-15 04:14:43,146 - DEBUG - Joint score for alpha[13]: 0.1182
2025-08-15 04:14:46,663 - DEBUG - Joint score for alpha[14]: 0.1182
2025-08-15 04:14:50,181 - DEBUG - Joint score for alpha[15]: 0.1179
2025-08-15 04:14:56,953 - DEBUG - Joint score for alpha[0]: 0.1200
2025-08-15 04:15:00,472 - DEBUG - Joint score for alpha[1]: 0.1186
2025-08-15 04:15:03,986 - DEBUG - Joint score for alpha[2]: 0.1192
2025-08-15 04:15:07,501 - DEBUG - Joint score for alpha[3]: 0.1203
2025-08-15 04:15:11,017 - DEBUG - Joint score for alpha[4]: 0.1183
2025-08-15 04:15:14,532 - DEBUG - Joint score for alpha[5]: 0.1188
2025-08-15 04:15:18,048 - DEBUG - Joint score for alpha[6]: 0.1193
2025-08-15 04:15:21,564 - DEBUG - Joint score for alpha[7]: 0.1178
2025-08-15 04:15:25,078 - DEBUG - Joint score for alpha[8]: 0.1183
2025-08-15 04:15:28,589 - DEBUG - Joint score for alpha[9]: 0.1179
2025-08-15 04:15:32,101 - DEBUG - Joint score for alpha[10]: 0.1191
2025-08-15 04:15:35,615 - DEBUG - Joint score for alpha[11]: 0.1190
2025-08-15 04:15:39,128 - DEBUG - Joint score for alpha[12]: 0.1193
2025-08-15 04:15:42,642 - DEBUG - Joint score for alpha[13]: 0.1192
2025-08-15 04:15:46,155 - DEBUG - Joint score for alpha[14]: 0.1190
2025-08-15 04:15:49,670 - DEBUG - Joint score for alpha[15]: 0.1187
2025-08-15 04:15:49,713 - INFO - Step 53/120: mean CRPS=0.1184
2025-08-15 04:15:49,714 - DEBUG - Beginning Gibbs iteration s = 53
2025-08-15 04:15:56,543 - DEBUG - Joint score for alpha[0]: 0.1186
2025-08-15 04:16:00,061 - DEBUG - Joint score for alpha[1]: 0.1192
2025-08-15 04:16:03,578 - DEBUG - Joint score for alpha[2]: 0.1175
2025-08-15 04:16:07,093 - DEBUG - Joint score for alpha[3]: 0.1209
2025-08-15 04:16:10,606 - DEBUG - Joint score for alpha[4]: 0.1191
2025-08-15 04:16:14,118 - DEBUG - Joint score for alpha[5]: 0.1167
2025-08-15 04:16:17,632 - DEBUG - Joint score for alpha[6]: 0.1205
2025-08-15 04:16:21,146 - DEBUG - Joint score for alpha[7]: 0.1162
2025-08-15 04:16:24,659 - DEBUG - Joint score for alpha[8]: 0.1185
2025-08-15 04:16:28,172 - DEBUG - Joint score for alpha[9]: 0.1190
2025-08-15 04:16:31,684 - DEBUG - Joint score for alpha[10]: 0.1199
2025-08-15 04:16:35,198 - DEBUG - Joint score for alpha[11]: 0.1196
2025-08-15 04:16:38,712 - DEBUG - Joint score for alpha[12]: 0.1198
2025-08-15 04:16:42,226 - DEBUG - Joint score for alpha[13]: 0.1167
2025-08-15 04:16:45,740 - DEBUG - Joint score for alpha[14]: 0.1197
2025-08-15 04:16:49,257 - DEBUG - Joint score for alpha[15]: 0.1184
2025-08-15 04:16:56,037 - DEBUG - Joint score for alpha[0]: 0.1154
2025-08-15 04:16:59,555 - DEBUG - Joint score for alpha[1]: 0.1161
2025-08-15 04:17:03,070 - DEBUG - Joint score for alpha[2]: 0.1168
2025-08-15 04:17:06,583 - DEBUG - Joint score for alpha[3]: 0.1176
2025-08-15 04:17:10,098 - DEBUG - Joint score for alpha[4]: 0.1160
2025-08-15 04:17:13,613 - DEBUG - Joint score for alpha[5]: 0.1162
2025-08-15 04:17:17,127 - DEBUG - Joint score for alpha[6]: 0.1167
2025-08-15 04:17:20,642 - DEBUG - Joint score for alpha[7]: 0.1155
2025-08-15 04:17:24,155 - DEBUG - Joint score for alpha[8]: 0.1161
2025-08-15 04:17:27,669 - DEBUG - Joint score for alpha[9]: 0.1175
2025-08-15 04:17:31,181 - DEBUG - Joint score for alpha[10]: 0.1158
2025-08-15 04:17:34,695 - DEBUG - Joint score for alpha[11]: 0.1168
2025-08-15 04:17:38,210 - DEBUG - Joint score for alpha[12]: 0.1160
2025-08-15 04:17:41,723 - DEBUG - Joint score for alpha[13]: 0.1172
2025-08-15 04:17:45,236 - DEBUG - Joint score for alpha[14]: 0.1159
2025-08-15 04:17:48,754 - DEBUG - Joint score for alpha[15]: 0.1165
2025-08-15 04:17:55,528 - DEBUG - Joint score for alpha[0]: 0.1163
2025-08-15 04:17:59,046 - DEBUG - Joint score for alpha[1]: 0.1168
2025-08-15 04:18:02,559 - DEBUG - Joint score for alpha[2]: 0.1165
2025-08-15 04:18:06,073 - DEBUG - Joint score for alpha[3]: 0.1169
2025-08-15 04:18:09,588 - DEBUG - Joint score for alpha[4]: 0.1172
2025-08-15 04:18:13,102 - DEBUG - Joint score for alpha[5]: 0.1168
2025-08-15 04:18:16,616 - DEBUG - Joint score for alpha[6]: 0.1168
2025-08-15 04:18:20,131 - DEBUG - Joint score for alpha[7]: 0.1165
2025-08-15 04:18:23,644 - DEBUG - Joint score for alpha[8]: 0.1172
2025-08-15 04:18:27,157 - DEBUG - Joint score for alpha[9]: 0.1172
2025-08-15 04:18:30,671 - DEBUG - Joint score for alpha[10]: 0.1167
2025-08-15 04:18:34,185 - DEBUG - Joint score for alpha[11]: 0.1162
2025-08-15 04:18:37,699 - DEBUG - Joint score for alpha[12]: 0.1167
2025-08-15 04:18:41,213 - DEBUG - Joint score for alpha[13]: 0.1167
2025-08-15 04:18:44,727 - DEBUG - Joint score for alpha[14]: 0.1167
2025-08-15 04:18:48,242 - DEBUG - Joint score for alpha[15]: 0.1172
2025-08-15 04:18:55,048 - DEBUG - Joint score for alpha[0]: 0.1171
2025-08-15 04:18:58,566 - DEBUG - Joint score for alpha[1]: 0.1170
2025-08-15 04:19:02,080 - DEBUG - Joint score for alpha[2]: 0.1166
2025-08-15 04:19:05,596 - DEBUG - Joint score for alpha[3]: 0.1167
2025-08-15 04:19:09,111 - DEBUG - Joint score for alpha[4]: 0.1167
2025-08-15 04:19:12,627 - DEBUG - Joint score for alpha[5]: 0.1169
2025-08-15 04:19:16,142 - DEBUG - Joint score for alpha[6]: 0.1165
2025-08-15 04:19:19,660 - DEBUG - Joint score for alpha[7]: 0.1164
2025-08-15 04:19:23,177 - DEBUG - Joint score for alpha[8]: 0.1166
2025-08-15 04:19:26,693 - DEBUG - Joint score for alpha[9]: 0.1167
2025-08-15 04:19:30,210 - DEBUG - Joint score for alpha[10]: 0.1172
2025-08-15 04:19:33,725 - DEBUG - Joint score for alpha[11]: 0.1163
2025-08-15 04:19:37,240 - DEBUG - Joint score for alpha[12]: 0.1175
2025-08-15 04:19:40,756 - DEBUG - Joint score for alpha[13]: 0.1166
2025-08-15 04:19:44,271 - DEBUG - Joint score for alpha[14]: 0.1167
2025-08-15 04:19:47,787 - DEBUG - Joint score for alpha[15]: 0.1159
2025-08-15 04:19:54,610 - DEBUG - Joint score for alpha[0]: 0.1166
2025-08-15 04:19:58,130 - DEBUG - Joint score for alpha[1]: 0.1170
2025-08-15 04:20:01,643 - DEBUG - Joint score for alpha[2]: 0.1163
2025-08-15 04:20:05,158 - DEBUG - Joint score for alpha[3]: 0.1168
2025-08-15 04:20:08,673 - DEBUG - Joint score for alpha[4]: 0.1175
2025-08-15 04:20:12,189 - DEBUG - Joint score for alpha[5]: 0.1172
2025-08-15 04:20:15,705 - DEBUG - Joint score for alpha[6]: 0.1162
2025-08-15 04:20:19,222 - DEBUG - Joint score for alpha[7]: 0.1175
2025-08-15 04:20:22,739 - DEBUG - Joint score for alpha[8]: 0.1164
2025-08-15 04:20:26,254 - DEBUG - Joint score for alpha[9]: 0.1165
2025-08-15 04:20:29,770 - DEBUG - Joint score for alpha[10]: 0.1163
2025-08-15 04:20:33,287 - DEBUG - Joint score for alpha[11]: 0.1168
2025-08-15 04:20:36,804 - DEBUG - Joint score for alpha[12]: 0.1168
2025-08-15 04:20:40,321 - DEBUG - Joint score for alpha[13]: 0.1176
2025-08-15 04:20:43,838 - DEBUG - Joint score for alpha[14]: 0.1184
2025-08-15 04:20:47,357 - DEBUG - Joint score for alpha[15]: 0.1170
2025-08-15 04:20:47,401 - INFO - Step 54/120: mean CRPS=0.1165
2025-08-15 04:20:47,402 - DEBUG - Beginning Gibbs iteration s = 54
2025-08-15 04:20:54,261 - DEBUG - Joint score for alpha[0]: 0.1154
2025-08-15 04:20:57,782 - DEBUG - Joint score for alpha[1]: 0.1184
2025-08-15 04:21:01,299 - DEBUG - Joint score for alpha[2]: 0.1153
2025-08-15 04:21:04,815 - DEBUG - Joint score for alpha[3]: 0.1145
2025-08-15 04:21:08,330 - DEBUG - Joint score for alpha[4]: 0.1165
2025-08-15 04:21:11,846 - DEBUG - Joint score for alpha[5]: 0.1160
2025-08-15 04:21:15,362 - DEBUG - Joint score for alpha[6]: 0.1176
2025-08-15 04:21:18,877 - DEBUG - Joint score for alpha[7]: 0.1155
2025-08-15 04:21:22,392 - DEBUG - Joint score for alpha[8]: 0.1169
2025-08-15 04:21:25,907 - DEBUG - Joint score for alpha[9]: 0.1171
2025-08-15 04:21:29,421 - DEBUG - Joint score for alpha[10]: 0.1170
2025-08-15 04:21:32,936 - DEBUG - Joint score for alpha[11]: 0.1181
2025-08-15 04:21:36,452 - DEBUG - Joint score for alpha[12]: 0.1151
2025-08-15 04:21:39,968 - DEBUG - Joint score for alpha[13]: 0.1176
2025-08-15 04:21:43,482 - DEBUG - Joint score for alpha[14]: 0.1150
2025-08-15 04:21:46,998 - DEBUG - Joint score for alpha[15]: 0.1169
2025-08-15 04:21:53,781 - DEBUG - Joint score for alpha[0]: 0.1153
2025-08-15 04:21:57,301 - DEBUG - Joint score for alpha[1]: 0.1141
2025-08-15 04:22:00,817 - DEBUG - Joint score for alpha[2]: 0.1148
2025-08-15 04:22:04,334 - DEBUG - Joint score for alpha[3]: 0.1152
2025-08-15 04:22:07,850 - DEBUG - Joint score for alpha[4]: 0.1161
2025-08-15 04:22:11,367 - DEBUG - Joint score for alpha[5]: 0.1163
2025-08-15 04:22:14,883 - DEBUG - Joint score for alpha[6]: 0.1153
2025-08-15 04:22:18,400 - DEBUG - Joint score for alpha[7]: 0.1157
2025-08-15 04:22:21,915 - DEBUG - Joint score for alpha[8]: 0.1160
2025-08-15 04:22:25,428 - DEBUG - Joint score for alpha[9]: 0.1146
2025-08-15 04:22:28,942 - DEBUG - Joint score for alpha[10]: 0.1145
2025-08-15 04:22:32,457 - DEBUG - Joint score for alpha[11]: 0.1164
2025-08-15 04:22:35,974 - DEBUG - Joint score for alpha[12]: 0.1161
2025-08-15 04:22:39,490 - DEBUG - Joint score for alpha[13]: 0.1162
2025-08-15 04:22:43,006 - DEBUG - Joint score for alpha[14]: 0.1143
2025-08-15 04:22:46,524 - DEBUG - Joint score for alpha[15]: 0.1154
2025-08-15 04:22:53,319 - DEBUG - Joint score for alpha[0]: 0.1161
2025-08-15 04:22:56,838 - DEBUG - Joint score for alpha[1]: 0.1151
2025-08-15 04:23:00,353 - DEBUG - Joint score for alpha[2]: 0.1152
2025-08-15 04:23:03,868 - DEBUG - Joint score for alpha[3]: 0.1146
2025-08-15 04:23:07,384 - DEBUG - Joint score for alpha[4]: 0.1157
2025-08-15 04:23:10,901 - DEBUG - Joint score for alpha[5]: 0.1155
2025-08-15 04:23:14,417 - DEBUG - Joint score for alpha[6]: 0.1154
2025-08-15 04:23:17,935 - DEBUG - Joint score for alpha[7]: 0.1153
2025-08-15 04:23:21,451 - DEBUG - Joint score for alpha[8]: 0.1153
2025-08-15 04:23:24,966 - DEBUG - Joint score for alpha[9]: 0.1156
2025-08-15 04:23:28,481 - DEBUG - Joint score for alpha[10]: 0.1147
2025-08-15 04:23:31,997 - DEBUG - Joint score for alpha[11]: 0.1156
2025-08-15 04:23:35,513 - DEBUG - Joint score for alpha[12]: 0.1155
2025-08-15 04:23:39,028 - DEBUG - Joint score for alpha[13]: 0.1156
2025-08-15 04:23:42,544 - DEBUG - Joint score for alpha[14]: 0.1159
2025-08-15 04:23:46,060 - DEBUG - Joint score for alpha[15]: 0.1155
2025-08-15 04:23:52,861 - DEBUG - Joint score for alpha[0]: 0.1155
2025-08-15 04:23:56,381 - DEBUG - Joint score for alpha[1]: 0.1157
2025-08-15 04:23:59,894 - DEBUG - Joint score for alpha[2]: 0.1160
2025-08-15 04:24:03,408 - DEBUG - Joint score for alpha[3]: 0.1156
2025-08-15 04:24:06,923 - DEBUG - Joint score for alpha[4]: 0.1153
2025-08-15 04:24:10,438 - DEBUG - Joint score for alpha[5]: 0.1154
2025-08-15 04:24:13,952 - DEBUG - Joint score for alpha[6]: 0.1151
2025-08-15 04:24:17,467 - DEBUG - Joint score for alpha[7]: 0.1153
2025-08-15 04:24:20,982 - DEBUG - Joint score for alpha[8]: 0.1151
2025-08-15 04:24:24,497 - DEBUG - Joint score for alpha[9]: 0.1154
2025-08-15 04:24:28,010 - DEBUG - Joint score for alpha[10]: 0.1151
2025-08-15 04:24:31,523 - DEBUG - Joint score for alpha[11]: 0.1160
2025-08-15 04:24:35,038 - DEBUG - Joint score for alpha[12]: 0.1152
2025-08-15 04:24:38,552 - DEBUG - Joint score for alpha[13]: 0.1145
2025-08-15 04:24:42,065 - DEBUG - Joint score for alpha[14]: 0.1158
2025-08-15 04:24:45,580 - DEBUG - Joint score for alpha[15]: 0.1156
2025-08-15 04:24:52,381 - DEBUG - Joint score for alpha[0]: 0.1153
2025-08-15 04:24:55,897 - DEBUG - Joint score for alpha[1]: 0.1143
2025-08-15 04:24:59,409 - DEBUG - Joint score for alpha[2]: 0.1163
2025-08-15 04:25:02,921 - DEBUG - Joint score for alpha[3]: 0.1160
2025-08-15 04:25:06,434 - DEBUG - Joint score for alpha[4]: 0.1156
2025-08-15 04:25:09,947 - DEBUG - Joint score for alpha[5]: 0.1143
2025-08-15 04:25:13,460 - DEBUG - Joint score for alpha[6]: 0.1151
2025-08-15 04:25:16,974 - DEBUG - Joint score for alpha[7]: 0.1158
2025-08-15 04:25:20,486 - DEBUG - Joint score for alpha[8]: 0.1158
2025-08-15 04:25:23,998 - DEBUG - Joint score for alpha[9]: 0.1155
2025-08-15 04:25:27,510 - DEBUG - Joint score for alpha[10]: 0.1148
2025-08-15 04:25:31,022 - DEBUG - Joint score for alpha[11]: 0.1152
2025-08-15 04:25:34,536 - DEBUG - Joint score for alpha[12]: 0.1156
2025-08-15 04:25:38,048 - DEBUG - Joint score for alpha[13]: 0.1158
2025-08-15 04:25:41,559 - DEBUG - Joint score for alpha[14]: 0.1162
2025-08-15 04:25:45,073 - DEBUG - Joint score for alpha[15]: 0.1153
2025-08-15 04:25:45,116 - INFO - Step 55/120: mean CRPS=0.1156
2025-08-15 04:25:45,117 - DEBUG - Beginning Gibbs iteration s = 55
2025-08-15 04:25:45,259 - DEBUG - Proposal variance adapted: 0.017
2025-08-15 04:25:51,989 - DEBUG - Joint score for alpha[0]: 0.1146
2025-08-15 04:25:55,507 - DEBUG - Joint score for alpha[1]: 0.1154
2025-08-15 04:25:59,021 - DEBUG - Joint score for alpha[2]: 0.1163
2025-08-15 04:26:02,534 - DEBUG - Joint score for alpha[3]: 0.1158
2025-08-15 04:26:06,046 - DEBUG - Joint score for alpha[4]: 0.1160
2025-08-15 04:26:09,558 - DEBUG - Joint score for alpha[5]: 0.1156
2025-08-15 04:26:13,070 - DEBUG - Joint score for alpha[6]: 0.1152
2025-08-15 04:26:16,582 - DEBUG - Joint score for alpha[7]: 0.1163
2025-08-15 04:26:20,094 - DEBUG - Joint score for alpha[8]: 0.1157
2025-08-15 04:26:23,605 - DEBUG - Joint score for alpha[9]: 0.1157
2025-08-15 04:26:27,116 - DEBUG - Joint score for alpha[10]: 0.1165
2025-08-15 04:26:30,628 - DEBUG - Joint score for alpha[11]: 0.1153
2025-08-15 04:26:34,141 - DEBUG - Joint score for alpha[12]: 0.1155
2025-08-15 04:26:37,654 - DEBUG - Joint score for alpha[13]: 0.1162
2025-08-15 04:26:41,166 - DEBUG - Joint score for alpha[14]: 0.1142
2025-08-15 04:26:44,679 - DEBUG - Joint score for alpha[15]: 0.1163
2025-08-15 04:26:51,480 - DEBUG - Joint score for alpha[0]: 0.1151
2025-08-15 04:26:54,996 - DEBUG - Joint score for alpha[1]: 0.1139
2025-08-15 04:26:58,507 - DEBUG - Joint score for alpha[2]: 0.1138
2025-08-15 04:27:02,019 - DEBUG - Joint score for alpha[3]: 0.1142
2025-08-15 04:27:05,531 - DEBUG - Joint score for alpha[4]: 0.1154
2025-08-15 04:27:09,044 - DEBUG - Joint score for alpha[5]: 0.1150
2025-08-15 04:27:12,556 - DEBUG - Joint score for alpha[6]: 0.1152
2025-08-15 04:27:16,069 - DEBUG - Joint score for alpha[7]: 0.1145
2025-08-15 04:27:19,583 - DEBUG - Joint score for alpha[8]: 0.1150
2025-08-15 04:27:23,095 - DEBUG - Joint score for alpha[9]: 0.1141
2025-08-15 04:27:26,608 - DEBUG - Joint score for alpha[10]: 0.1143
2025-08-15 04:27:30,121 - DEBUG - Joint score for alpha[11]: 0.1145
2025-08-15 04:27:33,634 - DEBUG - Joint score for alpha[12]: 0.1136
2025-08-15 04:27:37,147 - DEBUG - Joint score for alpha[13]: 0.1150
2025-08-15 04:27:40,660 - DEBUG - Joint score for alpha[14]: 0.1151
2025-08-15 04:27:44,175 - DEBUG - Joint score for alpha[15]: 0.1148
2025-08-15 04:27:50,974 - DEBUG - Joint score for alpha[0]: 0.1148
2025-08-15 04:27:54,490 - DEBUG - Joint score for alpha[1]: 0.1138
2025-08-15 04:27:58,002 - DEBUG - Joint score for alpha[2]: 0.1153
2025-08-15 04:28:01,515 - DEBUG - Joint score for alpha[3]: 0.1154
2025-08-15 04:28:05,029 - DEBUG - Joint score for alpha[4]: 0.1161
2025-08-15 04:28:08,544 - DEBUG - Joint score for alpha[5]: 0.1149
2025-08-15 04:28:12,057 - DEBUG - Joint score for alpha[6]: 0.1142
2025-08-15 04:28:15,571 - DEBUG - Joint score for alpha[7]: 0.1147
2025-08-15 04:28:19,085 - DEBUG - Joint score for alpha[8]: 0.1147
2025-08-15 04:28:22,598 - DEBUG - Joint score for alpha[9]: 0.1149
2025-08-15 04:28:26,112 - DEBUG - Joint score for alpha[10]: 0.1152
2025-08-15 04:28:29,627 - DEBUG - Joint score for alpha[11]: 0.1146
2025-08-15 04:28:33,142 - DEBUG - Joint score for alpha[12]: 0.1144
2025-08-15 04:28:36,657 - DEBUG - Joint score for alpha[13]: 0.1150
2025-08-15 04:28:40,170 - DEBUG - Joint score for alpha[14]: 0.1142
2025-08-15 04:28:43,685 - DEBUG - Joint score for alpha[15]: 0.1149
2025-08-15 04:28:50,455 - DEBUG - Joint score for alpha[0]: 0.1147
2025-08-15 04:28:53,972 - DEBUG - Joint score for alpha[1]: 0.1152
2025-08-15 04:28:57,486 - DEBUG - Joint score for alpha[2]: 0.1146
2025-08-15 04:29:01,001 - DEBUG - Joint score for alpha[3]: 0.1151
2025-08-15 04:29:04,516 - DEBUG - Joint score for alpha[4]: 0.1152
2025-08-15 04:29:08,030 - DEBUG - Joint score for alpha[5]: 0.1152
2025-08-15 04:29:11,545 - DEBUG - Joint score for alpha[6]: 0.1153
2025-08-15 04:29:15,060 - DEBUG - Joint score for alpha[7]: 0.1150
2025-08-15 04:29:18,573 - DEBUG - Joint score for alpha[8]: 0.1142
2025-08-15 04:29:22,085 - DEBUG - Joint score for alpha[9]: 0.1138
2025-08-15 04:29:25,599 - DEBUG - Joint score for alpha[10]: 0.1159
2025-08-15 04:29:29,112 - DEBUG - Joint score for alpha[11]: 0.1146
2025-08-15 04:29:32,626 - DEBUG - Joint score for alpha[12]: 0.1145
2025-08-15 04:29:36,140 - DEBUG - Joint score for alpha[13]: 0.1141
2025-08-15 04:29:39,654 - DEBUG - Joint score for alpha[14]: 0.1168
2025-08-15 04:29:43,169 - DEBUG - Joint score for alpha[15]: 0.1143
2025-08-15 04:29:50,040 - DEBUG - Joint score for alpha[0]: 0.1150
2025-08-15 04:29:53,556 - DEBUG - Joint score for alpha[1]: 0.1144
2025-08-15 04:29:57,068 - DEBUG - Joint score for alpha[2]: 0.1142
2025-08-15 04:30:00,581 - DEBUG - Joint score for alpha[3]: 0.1142
2025-08-15 04:30:04,092 - DEBUG - Joint score for alpha[4]: 0.1136
2025-08-15 04:30:07,606 - DEBUG - Joint score for alpha[5]: 0.1141
2025-08-15 04:30:11,119 - DEBUG - Joint score for alpha[6]: 0.1151
2025-08-15 04:30:14,633 - DEBUG - Joint score for alpha[7]: 0.1138
2025-08-15 04:30:18,147 - DEBUG - Joint score for alpha[8]: 0.1139
2025-08-15 04:30:21,658 - DEBUG - Joint score for alpha[9]: 0.1141
2025-08-15 04:30:25,172 - DEBUG - Joint score for alpha[10]: 0.1138
2025-08-15 04:30:28,685 - DEBUG - Joint score for alpha[11]: 0.1142
2025-08-15 04:30:32,198 - DEBUG - Joint score for alpha[12]: 0.1148
2025-08-15 04:30:35,712 - DEBUG - Joint score for alpha[13]: 0.1148
2025-08-15 04:30:39,226 - DEBUG - Joint score for alpha[14]: 0.1141
2025-08-15 04:30:42,742 - DEBUG - Joint score for alpha[15]: 0.1138
2025-08-15 04:30:42,785 - INFO - Step 56/120: mean CRPS=0.1144
2025-08-15 04:30:42,786 - DEBUG - Beginning Gibbs iteration s = 56
2025-08-15 04:30:49,755 - DEBUG - Joint score for alpha[0]: 0.1168
2025-08-15 04:30:53,270 - DEBUG - Joint score for alpha[1]: 0.1143
2025-08-15 04:30:56,782 - DEBUG - Joint score for alpha[2]: 0.1146
2025-08-15 04:31:00,296 - DEBUG - Joint score for alpha[3]: 0.1149
2025-08-15 04:31:03,810 - DEBUG - Joint score for alpha[4]: 0.1151
2025-08-15 04:31:07,325 - DEBUG - Joint score for alpha[5]: 0.1144
2025-08-15 04:31:10,837 - DEBUG - Joint score for alpha[6]: 0.1132
2025-08-15 04:31:14,351 - DEBUG - Joint score for alpha[7]: 0.1148
2025-08-15 04:31:17,864 - DEBUG - Joint score for alpha[8]: 0.1141
2025-08-15 04:31:21,378 - DEBUG - Joint score for alpha[9]: 0.1139
2025-08-15 04:31:24,892 - DEBUG - Joint score for alpha[10]: 0.1137
2025-08-15 04:31:28,406 - DEBUG - Joint score for alpha[11]: 0.1148
2025-08-15 04:31:31,921 - DEBUG - Joint score for alpha[12]: 0.1129
2025-08-15 04:31:35,436 - DEBUG - Joint score for alpha[13]: 0.1134
2025-08-15 04:31:38,950 - DEBUG - Joint score for alpha[14]: 0.1133
2025-08-15 04:31:42,464 - DEBUG - Joint score for alpha[15]: 0.1125
2025-08-15 04:31:49,240 - DEBUG - Joint score for alpha[0]: 0.1121
2025-08-15 04:31:52,758 - DEBUG - Joint score for alpha[1]: 0.1120
2025-08-15 04:31:56,271 - DEBUG - Joint score for alpha[2]: 0.1131
2025-08-15 04:31:59,784 - DEBUG - Joint score for alpha[3]: 0.1126
2025-08-15 04:32:03,297 - DEBUG - Joint score for alpha[4]: 0.1130
2025-08-15 04:32:06,812 - DEBUG - Joint score for alpha[5]: 0.1126
2025-08-15 04:32:10,324 - DEBUG - Joint score for alpha[6]: 0.1142
2025-08-15 04:32:13,837 - DEBUG - Joint score for alpha[7]: 0.1123
2025-08-15 04:32:17,349 - DEBUG - Joint score for alpha[8]: 0.1130
2025-08-15 04:32:20,862 - DEBUG - Joint score for alpha[9]: 0.1123
2025-08-15 04:32:24,374 - DEBUG - Joint score for alpha[10]: 0.1123
2025-08-15 04:32:27,889 - DEBUG - Joint score for alpha[11]: 0.1130
2025-08-15 04:32:31,402 - DEBUG - Joint score for alpha[12]: 0.1123
2025-08-15 04:32:34,913 - DEBUG - Joint score for alpha[13]: 0.1110
2025-08-15 04:32:38,426 - DEBUG - Joint score for alpha[14]: 0.1131
2025-08-15 04:32:41,940 - DEBUG - Joint score for alpha[15]: 0.1132
2025-08-15 04:32:48,733 - DEBUG - Joint score for alpha[0]: 0.1117
2025-08-15 04:32:52,249 - DEBUG - Joint score for alpha[1]: 0.1115
2025-08-15 04:32:55,761 - DEBUG - Joint score for alpha[2]: 0.1120
2025-08-15 04:32:59,274 - DEBUG - Joint score for alpha[3]: 0.1120
2025-08-15 04:33:02,786 - DEBUG - Joint score for alpha[4]: 0.1116
2025-08-15 04:33:06,301 - DEBUG - Joint score for alpha[5]: 0.1118
2025-08-15 04:33:09,814 - DEBUG - Joint score for alpha[6]: 0.1122
2025-08-15 04:33:13,326 - DEBUG - Joint score for alpha[7]: 0.1118
2025-08-15 04:33:16,839 - DEBUG - Joint score for alpha[8]: 0.1115
2025-08-15 04:33:20,352 - DEBUG - Joint score for alpha[9]: 0.1117
2025-08-15 04:33:23,865 - DEBUG - Joint score for alpha[10]: 0.1111
2025-08-15 04:33:27,377 - DEBUG - Joint score for alpha[11]: 0.1110
2025-08-15 04:33:30,892 - DEBUG - Joint score for alpha[12]: 0.1111
2025-08-15 04:33:34,404 - DEBUG - Joint score for alpha[13]: 0.1111
2025-08-15 04:33:37,916 - DEBUG - Joint score for alpha[14]: 0.1118
2025-08-15 04:33:41,430 - DEBUG - Joint score for alpha[15]: 0.1118
2025-08-15 04:33:48,237 - DEBUG - Joint score for alpha[0]: 0.1115
2025-08-15 04:33:51,753 - DEBUG - Joint score for alpha[1]: 0.1116
2025-08-15 04:33:55,267 - DEBUG - Joint score for alpha[2]: 0.1112
2025-08-15 04:33:58,780 - DEBUG - Joint score for alpha[3]: 0.1117
2025-08-15 04:34:02,293 - DEBUG - Joint score for alpha[4]: 0.1119
2025-08-15 04:34:05,807 - DEBUG - Joint score for alpha[5]: 0.1117
2025-08-15 04:34:09,319 - DEBUG - Joint score for alpha[6]: 0.1113
2025-08-15 04:34:12,834 - DEBUG - Joint score for alpha[7]: 0.1126
2025-08-15 04:34:16,348 - DEBUG - Joint score for alpha[8]: 0.1113
2025-08-15 04:34:19,862 - DEBUG - Joint score for alpha[9]: 0.1123
2025-08-15 04:34:23,376 - DEBUG - Joint score for alpha[10]: 0.1112
2025-08-15 04:34:26,889 - DEBUG - Joint score for alpha[11]: 0.1116
2025-08-15 04:34:30,403 - DEBUG - Joint score for alpha[12]: 0.1121
2025-08-15 04:34:33,915 - DEBUG - Joint score for alpha[13]: 0.1124
2025-08-15 04:34:37,429 - DEBUG - Joint score for alpha[14]: 0.1111
2025-08-15 04:34:40,941 - DEBUG - Joint score for alpha[15]: 0.1116
2025-08-15 04:34:47,712 - DEBUG - Joint score for alpha[0]: 0.1126
2025-08-15 04:34:51,232 - DEBUG - Joint score for alpha[1]: 0.1105
2025-08-15 04:34:54,744 - DEBUG - Joint score for alpha[2]: 0.1106
2025-08-15 04:34:58,257 - DEBUG - Joint score for alpha[3]: 0.1103
2025-08-15 04:35:01,769 - DEBUG - Joint score for alpha[4]: 0.1107
2025-08-15 04:35:05,282 - DEBUG - Joint score for alpha[5]: 0.1109
2025-08-15 04:35:08,794 - DEBUG - Joint score for alpha[6]: 0.1113
2025-08-15 04:35:12,307 - DEBUG - Joint score for alpha[7]: 0.1111
2025-08-15 04:35:15,819 - DEBUG - Joint score for alpha[8]: 0.1113
2025-08-15 04:35:19,330 - DEBUG - Joint score for alpha[9]: 0.1116
2025-08-15 04:35:22,842 - DEBUG - Joint score for alpha[10]: 0.1104
2025-08-15 04:35:26,356 - DEBUG - Joint score for alpha[11]: 0.1120
2025-08-15 04:35:29,867 - DEBUG - Joint score for alpha[12]: 0.1113
2025-08-15 04:35:33,380 - DEBUG - Joint score for alpha[13]: 0.1115
2025-08-15 04:35:36,894 - DEBUG - Joint score for alpha[14]: 0.1106
2025-08-15 04:35:40,409 - DEBUG - Joint score for alpha[15]: 0.1109
2025-08-15 04:35:41,095 - INFO - Step 57/120: mean CRPS=0.1115
2025-08-15 04:35:41,096 - DEBUG - Beginning Gibbs iteration s = 57
2025-08-15 04:35:48,005 - DEBUG - Joint score for alpha[0]: 0.1098
2025-08-15 04:35:51,522 - DEBUG - Joint score for alpha[1]: 0.1124
2025-08-15 04:35:55,032 - DEBUG - Joint score for alpha[2]: 0.1111
2025-08-15 04:35:58,543 - DEBUG - Joint score for alpha[3]: 0.1121
2025-08-15 04:36:02,054 - DEBUG - Joint score for alpha[4]: 0.1113
2025-08-15 04:36:05,565 - DEBUG - Joint score for alpha[5]: 0.1096
2025-08-15 04:36:09,075 - DEBUG - Joint score for alpha[6]: 0.1114
2025-08-15 04:36:12,586 - DEBUG - Joint score for alpha[7]: 0.1102
2025-08-15 04:36:16,097 - DEBUG - Joint score for alpha[8]: 0.1106
2025-08-15 04:36:19,609 - DEBUG - Joint score for alpha[9]: 0.1118
2025-08-15 04:36:23,120 - DEBUG - Joint score for alpha[10]: 0.1114
2025-08-15 04:36:26,631 - DEBUG - Joint score for alpha[11]: 0.1113
2025-08-15 04:36:30,144 - DEBUG - Joint score for alpha[12]: 0.1105
2025-08-15 04:36:33,656 - DEBUG - Joint score for alpha[13]: 0.1106
2025-08-15 04:36:37,168 - DEBUG - Joint score for alpha[14]: 0.1111
2025-08-15 04:36:40,681 - DEBUG - Joint score for alpha[15]: 0.1101
2025-08-15 04:36:47,480 - DEBUG - Joint score for alpha[0]: 0.1124
2025-08-15 04:36:50,998 - DEBUG - Joint score for alpha[1]: 0.1124
2025-08-15 04:36:54,513 - DEBUG - Joint score for alpha[2]: 0.1133
2025-08-15 04:36:58,028 - DEBUG - Joint score for alpha[3]: 0.1122
2025-08-15 04:37:01,539 - DEBUG - Joint score for alpha[4]: 0.1123
2025-08-15 04:37:05,050 - DEBUG - Joint score for alpha[5]: 0.1138
2025-08-15 04:37:08,561 - DEBUG - Joint score for alpha[6]: 0.1133
2025-08-15 04:37:12,073 - DEBUG - Joint score for alpha[7]: 0.1126
2025-08-15 04:37:15,584 - DEBUG - Joint score for alpha[8]: 0.1139
2025-08-15 04:37:19,095 - DEBUG - Joint score for alpha[9]: 0.1126
2025-08-15 04:37:22,607 - DEBUG - Joint score for alpha[10]: 0.1137
2025-08-15 04:37:26,119 - DEBUG - Joint score for alpha[11]: 0.1136
2025-08-15 04:37:29,630 - DEBUG - Joint score for alpha[12]: 0.1126
2025-08-15 04:37:33,140 - DEBUG - Joint score for alpha[13]: 0.1129
2025-08-15 04:37:36,652 - DEBUG - Joint score for alpha[14]: 0.1127
2025-08-15 04:37:40,163 - DEBUG - Joint score for alpha[15]: 0.1120
2025-08-15 04:37:46,988 - DEBUG - Joint score for alpha[0]: 0.1138
2025-08-15 04:37:50,503 - DEBUG - Joint score for alpha[1]: 0.1137
2025-08-15 04:37:54,014 - DEBUG - Joint score for alpha[2]: 0.1137
2025-08-15 04:37:57,527 - DEBUG - Joint score for alpha[3]: 0.1142
2025-08-15 04:38:01,037 - DEBUG - Joint score for alpha[4]: 0.1138
2025-08-15 04:38:04,550 - DEBUG - Joint score for alpha[5]: 0.1140
2025-08-15 04:38:08,061 - DEBUG - Joint score for alpha[6]: 0.1137
2025-08-15 04:38:11,575 - DEBUG - Joint score for alpha[7]: 0.1135
2025-08-15 04:38:15,088 - DEBUG - Joint score for alpha[8]: 0.1144
2025-08-15 04:38:18,602 - DEBUG - Joint score for alpha[9]: 0.1148
2025-08-15 04:38:22,114 - DEBUG - Joint score for alpha[10]: 0.1135
2025-08-15 04:38:25,629 - DEBUG - Joint score for alpha[11]: 0.1140
2025-08-15 04:38:29,141 - DEBUG - Joint score for alpha[12]: 0.1136
2025-08-15 04:38:32,654 - DEBUG - Joint score for alpha[13]: 0.1140
2025-08-15 04:38:36,166 - DEBUG - Joint score for alpha[14]: 0.1141
2025-08-15 04:38:39,680 - DEBUG - Joint score for alpha[15]: 0.1142
2025-08-15 04:38:46,450 - DEBUG - Joint score for alpha[0]: 0.1143
2025-08-15 04:38:49,967 - DEBUG - Joint score for alpha[1]: 0.1145
2025-08-15 04:38:53,480 - DEBUG - Joint score for alpha[2]: 0.1141
2025-08-15 04:38:56,992 - DEBUG - Joint score for alpha[3]: 0.1144
2025-08-15 04:39:00,504 - DEBUG - Joint score for alpha[4]: 0.1140
2025-08-15 04:39:04,015 - DEBUG - Joint score for alpha[5]: 0.1141
2025-08-15 04:39:07,526 - DEBUG - Joint score for alpha[6]: 0.1141
2025-08-15 04:39:11,038 - DEBUG - Joint score for alpha[7]: 0.1148
2025-08-15 04:39:14,548 - DEBUG - Joint score for alpha[8]: 0.1137
2025-08-15 04:39:18,059 - DEBUG - Joint score for alpha[9]: 0.1144
2025-08-15 04:39:21,571 - DEBUG - Joint score for alpha[10]: 0.1144
2025-08-15 04:39:25,083 - DEBUG - Joint score for alpha[11]: 0.1147
2025-08-15 04:39:28,596 - DEBUG - Joint score for alpha[12]: 0.1142
2025-08-15 04:39:32,107 - DEBUG - Joint score for alpha[13]: 0.1139
2025-08-15 04:39:35,620 - DEBUG - Joint score for alpha[14]: 0.1134
2025-08-15 04:39:39,133 - DEBUG - Joint score for alpha[15]: 0.1138
2025-08-15 04:39:45,956 - DEBUG - Joint score for alpha[0]: 0.1138
2025-08-15 04:39:49,472 - DEBUG - Joint score for alpha[1]: 0.1146
2025-08-15 04:39:52,984 - DEBUG - Joint score for alpha[2]: 0.1150
2025-08-15 04:39:56,497 - DEBUG - Joint score for alpha[3]: 0.1159
2025-08-15 04:40:00,006 - DEBUG - Joint score for alpha[4]: 0.1155
2025-08-15 04:40:03,517 - DEBUG - Joint score for alpha[5]: 0.1153
2025-08-15 04:40:07,028 - DEBUG - Joint score for alpha[6]: 0.1148
2025-08-15 04:40:10,538 - DEBUG - Joint score for alpha[7]: 0.1150
2025-08-15 04:40:14,051 - DEBUG - Joint score for alpha[8]: 0.1147
2025-08-15 04:40:17,561 - DEBUG - Joint score for alpha[9]: 0.1144
2025-08-15 04:40:21,071 - DEBUG - Joint score for alpha[10]: 0.1147
2025-08-15 04:40:24,584 - DEBUG - Joint score for alpha[11]: 0.1148
2025-08-15 04:40:28,097 - DEBUG - Joint score for alpha[12]: 0.1158
2025-08-15 04:40:31,608 - DEBUG - Joint score for alpha[13]: 0.1153
2025-08-15 04:40:35,121 - DEBUG - Joint score for alpha[14]: 0.1154
2025-08-15 04:40:38,632 - DEBUG - Joint score for alpha[15]: 0.1147
2025-08-15 04:40:38,674 - INFO - Step 58/120: mean CRPS=0.1138
2025-08-15 04:40:38,675 - DEBUG - Beginning Gibbs iteration s = 58
2025-08-15 04:40:45,602 - DEBUG - Joint score for alpha[0]: 0.1155
2025-08-15 04:40:49,121 - DEBUG - Joint score for alpha[1]: 0.1151
2025-08-15 04:40:52,634 - DEBUG - Joint score for alpha[2]: 0.1144
2025-08-15 04:40:56,146 - DEBUG - Joint score for alpha[3]: 0.1149
2025-08-15 04:40:59,657 - DEBUG - Joint score for alpha[4]: 0.1136
2025-08-15 04:41:03,169 - DEBUG - Joint score for alpha[5]: 0.1142
2025-08-15 04:41:06,679 - DEBUG - Joint score for alpha[6]: 0.1141
2025-08-15 04:41:10,191 - DEBUG - Joint score for alpha[7]: 0.1148
2025-08-15 04:41:13,702 - DEBUG - Joint score for alpha[8]: 0.1128
2025-08-15 04:41:17,212 - DEBUG - Joint score for alpha[9]: 0.1138
2025-08-15 04:41:20,725 - DEBUG - Joint score for alpha[10]: 0.1143
2025-08-15 04:41:24,236 - DEBUG - Joint score for alpha[11]: 0.1147
2025-08-15 04:41:27,746 - DEBUG - Joint score for alpha[12]: 0.1128
2025-08-15 04:41:31,257 - DEBUG - Joint score for alpha[13]: 0.1142
2025-08-15 04:41:34,768 - DEBUG - Joint score for alpha[14]: 0.1132
2025-08-15 04:41:38,281 - DEBUG - Joint score for alpha[15]: 0.1144
2025-08-15 04:41:45,090 - DEBUG - Joint score for alpha[0]: 0.1127
2025-08-15 04:41:48,607 - DEBUG - Joint score for alpha[1]: 0.1128
2025-08-15 04:41:52,122 - DEBUG - Joint score for alpha[2]: 0.1129
2025-08-15 04:41:55,636 - DEBUG - Joint score for alpha[3]: 0.1131
2025-08-15 04:41:59,149 - DEBUG - Joint score for alpha[4]: 0.1123
2025-08-15 04:42:02,663 - DEBUG - Joint score for alpha[5]: 0.1138
2025-08-15 04:42:06,176 - DEBUG - Joint score for alpha[6]: 0.1130
2025-08-15 04:42:09,689 - DEBUG - Joint score for alpha[7]: 0.1114
2025-08-15 04:42:13,200 - DEBUG - Joint score for alpha[8]: 0.1135
2025-08-15 04:42:16,713 - DEBUG - Joint score for alpha[9]: 0.1122
2025-08-15 04:42:20,225 - DEBUG - Joint score for alpha[10]: 0.1125
2025-08-15 04:42:23,736 - DEBUG - Joint score for alpha[11]: 0.1132
2025-08-15 04:42:27,250 - DEBUG - Joint score for alpha[12]: 0.1129
2025-08-15 04:42:30,762 - DEBUG - Joint score for alpha[13]: 0.1126
2025-08-15 04:42:34,275 - DEBUG - Joint score for alpha[14]: 0.1136
2025-08-15 04:42:37,789 - DEBUG - Joint score for alpha[15]: 0.1131
2025-08-15 04:42:44,572 - DEBUG - Joint score for alpha[0]: 0.1124
2025-08-15 04:42:48,090 - DEBUG - Joint score for alpha[1]: 0.1127
2025-08-15 04:42:51,604 - DEBUG - Joint score for alpha[2]: 0.1132
2025-08-15 04:42:55,118 - DEBUG - Joint score for alpha[3]: 0.1136
2025-08-15 04:42:58,631 - DEBUG - Joint score for alpha[4]: 0.1123
2025-08-15 04:43:02,145 - DEBUG - Joint score for alpha[5]: 0.1133
2025-08-15 04:43:05,658 - DEBUG - Joint score for alpha[6]: 0.1121
2025-08-15 04:43:09,172 - DEBUG - Joint score for alpha[7]: 0.1131
2025-08-15 04:43:12,684 - DEBUG - Joint score for alpha[8]: 0.1126
2025-08-15 04:43:16,198 - DEBUG - Joint score for alpha[9]: 0.1131
2025-08-15 04:43:19,711 - DEBUG - Joint score for alpha[10]: 0.1126
2025-08-15 04:43:23,224 - DEBUG - Joint score for alpha[11]: 0.1126
2025-08-15 04:43:26,735 - DEBUG - Joint score for alpha[12]: 0.1130
2025-08-15 04:43:30,247 - DEBUG - Joint score for alpha[13]: 0.1126
2025-08-15 04:43:33,759 - DEBUG - Joint score for alpha[14]: 0.1126
2025-08-15 04:43:37,273 - DEBUG - Joint score for alpha[15]: 0.1127
2025-08-15 04:43:44,079 - DEBUG - Joint score for alpha[0]: 0.1128
2025-08-15 04:43:47,595 - DEBUG - Joint score for alpha[1]: 0.1125
2025-08-15 04:43:51,108 - DEBUG - Joint score for alpha[2]: 0.1141
2025-08-15 04:43:54,621 - DEBUG - Joint score for alpha[3]: 0.1127
2025-08-15 04:43:58,132 - DEBUG - Joint score for alpha[4]: 0.1126
2025-08-15 04:44:01,646 - DEBUG - Joint score for alpha[5]: 0.1121
2025-08-15 04:44:05,160 - DEBUG - Joint score for alpha[6]: 0.1128
2025-08-15 04:44:08,673 - DEBUG - Joint score for alpha[7]: 0.1126
2025-08-15 04:44:12,187 - DEBUG - Joint score for alpha[8]: 0.1133
2025-08-15 04:44:15,701 - DEBUG - Joint score for alpha[9]: 0.1130
2025-08-15 04:44:19,214 - DEBUG - Joint score for alpha[10]: 0.1133
2025-08-15 04:44:22,727 - DEBUG - Joint score for alpha[11]: 0.1127
2025-08-15 04:44:26,242 - DEBUG - Joint score for alpha[12]: 0.1130
2025-08-15 04:44:29,755 - DEBUG - Joint score for alpha[13]: 0.1132
2025-08-15 04:44:33,270 - DEBUG - Joint score for alpha[14]: 0.1136
2025-08-15 04:44:36,782 - DEBUG - Joint score for alpha[15]: 0.1124
2025-08-15 04:44:43,589 - DEBUG - Joint score for alpha[0]: 0.1149
2025-08-15 04:44:47,106 - DEBUG - Joint score for alpha[1]: 0.1139
2025-08-15 04:44:50,619 - DEBUG - Joint score for alpha[2]: 0.1139
2025-08-15 04:44:54,133 - DEBUG - Joint score for alpha[3]: 0.1131
2025-08-15 04:44:57,644 - DEBUG - Joint score for alpha[4]: 0.1135
2025-08-15 04:45:01,158 - DEBUG - Joint score for alpha[5]: 0.1131
2025-08-15 04:45:04,671 - DEBUG - Joint score for alpha[6]: 0.1134
2025-08-15 04:45:08,185 - DEBUG - Joint score for alpha[7]: 0.1136
2025-08-15 04:45:11,699 - DEBUG - Joint score for alpha[8]: 0.1128
2025-08-15 04:45:15,213 - DEBUG - Joint score for alpha[9]: 0.1134
2025-08-15 04:45:18,727 - DEBUG - Joint score for alpha[10]: 0.1134
2025-08-15 04:45:22,241 - DEBUG - Joint score for alpha[11]: 0.1134
2025-08-15 04:45:25,756 - DEBUG - Joint score for alpha[12]: 0.1131
2025-08-15 04:45:29,270 - DEBUG - Joint score for alpha[13]: 0.1137
2025-08-15 04:45:32,785 - DEBUG - Joint score for alpha[14]: 0.1132
2025-08-15 04:45:36,301 - DEBUG - Joint score for alpha[15]: 0.1131
2025-08-15 04:45:36,343 - INFO - Step 59/120: mean CRPS=0.1131
2025-08-15 04:45:36,346 - DEBUG - Beginning Gibbs iteration s = 59
2025-08-15 04:45:43,339 - DEBUG - Joint score for alpha[0]: 0.1160
2025-08-15 04:45:46,853 - DEBUG - Joint score for alpha[1]: 0.1135
2025-08-15 04:45:50,364 - DEBUG - Joint score for alpha[2]: 0.1135
2025-08-15 04:45:53,876 - DEBUG - Joint score for alpha[3]: 0.1149
2025-08-15 04:45:57,387 - DEBUG - Joint score for alpha[4]: 0.1139
2025-08-15 04:46:00,898 - DEBUG - Joint score for alpha[5]: 0.1137
2025-08-15 04:46:04,409 - DEBUG - Joint score for alpha[6]: 0.1148
2025-08-15 04:46:07,922 - DEBUG - Joint score for alpha[7]: 0.1138
2025-08-15 04:46:11,434 - DEBUG - Joint score for alpha[8]: 0.1153
2025-08-15 04:46:14,947 - DEBUG - Joint score for alpha[9]: 0.1153
2025-08-15 04:46:18,462 - DEBUG - Joint score for alpha[10]: 0.1149
2025-08-15 04:46:21,975 - DEBUG - Joint score for alpha[11]: 0.1124
2025-08-15 04:46:25,489 - DEBUG - Joint score for alpha[12]: 0.1138
2025-08-15 04:46:29,002 - DEBUG - Joint score for alpha[13]: 0.1147
2025-08-15 04:46:32,515 - DEBUG - Joint score for alpha[14]: 0.1168
2025-08-15 04:46:36,027 - DEBUG - Joint score for alpha[15]: 0.1130
2025-08-15 04:46:42,798 - DEBUG - Joint score for alpha[0]: 0.1129
2025-08-15 04:46:46,312 - DEBUG - Joint score for alpha[1]: 0.1128
2025-08-15 04:46:49,823 - DEBUG - Joint score for alpha[2]: 0.1119
2025-08-15 04:46:53,334 - DEBUG - Joint score for alpha[3]: 0.1111
2025-08-15 04:46:56,844 - DEBUG - Joint score for alpha[4]: 0.1121
2025-08-15 04:47:00,355 - DEBUG - Joint score for alpha[5]: 0.1118
2025-08-15 04:47:03,865 - DEBUG - Joint score for alpha[6]: 0.1129
2025-08-15 04:47:07,377 - DEBUG - Joint score for alpha[7]: 0.1131
2025-08-15 04:47:10,888 - DEBUG - Joint score for alpha[8]: 0.1117
2025-08-15 04:47:14,400 - DEBUG - Joint score for alpha[9]: 0.1127
2025-08-15 04:47:17,912 - DEBUG - Joint score for alpha[10]: 0.1131
2025-08-15 04:47:21,424 - DEBUG - Joint score for alpha[11]: 0.1121
2025-08-15 04:47:24,936 - DEBUG - Joint score for alpha[12]: 0.1130
2025-08-15 04:47:28,449 - DEBUG - Joint score for alpha[13]: 0.1131
2025-08-15 04:47:31,961 - DEBUG - Joint score for alpha[14]: 0.1113
2025-08-15 04:47:35,475 - DEBUG - Joint score for alpha[15]: 0.1127
2025-08-15 04:47:42,277 - DEBUG - Joint score for alpha[0]: 0.1130
2025-08-15 04:47:45,792 - DEBUG - Joint score for alpha[1]: 0.1127
2025-08-15 04:47:49,302 - DEBUG - Joint score for alpha[2]: 0.1127
2025-08-15 04:47:52,813 - DEBUG - Joint score for alpha[3]: 0.1126
2025-08-15 04:47:56,324 - DEBUG - Joint score for alpha[4]: 0.1129
2025-08-15 04:47:59,835 - DEBUG - Joint score for alpha[5]: 0.1131
2025-08-15 04:48:03,345 - DEBUG - Joint score for alpha[6]: 0.1129
2025-08-15 04:48:06,856 - DEBUG - Joint score for alpha[7]: 0.1134
2025-08-15 04:48:10,366 - DEBUG - Joint score for alpha[8]: 0.1129
2025-08-15 04:48:13,878 - DEBUG - Joint score for alpha[9]: 0.1121
2025-08-15 04:48:17,389 - DEBUG - Joint score for alpha[10]: 0.1121
2025-08-15 04:48:20,901 - DEBUG - Joint score for alpha[11]: 0.1126
2025-08-15 04:48:24,412 - DEBUG - Joint score for alpha[12]: 0.1118
2025-08-15 04:48:27,923 - DEBUG - Joint score for alpha[13]: 0.1124
2025-08-15 04:48:31,436 - DEBUG - Joint score for alpha[14]: 0.1131
2025-08-15 04:48:34,950 - DEBUG - Joint score for alpha[15]: 0.1130
2025-08-15 04:48:41,724 - DEBUG - Joint score for alpha[0]: 0.1127
2025-08-15 04:48:45,240 - DEBUG - Joint score for alpha[1]: 0.1134
2025-08-15 04:48:48,753 - DEBUG - Joint score for alpha[2]: 0.1121
2025-08-15 04:48:52,266 - DEBUG - Joint score for alpha[3]: 0.1123
2025-08-15 04:48:55,780 - DEBUG - Joint score for alpha[4]: 0.1133
2025-08-15 04:48:59,293 - DEBUG - Joint score for alpha[5]: 0.1115
2025-08-15 04:49:02,806 - DEBUG - Joint score for alpha[6]: 0.1124
2025-08-15 04:49:06,319 - DEBUG - Joint score for alpha[7]: 0.1126
2025-08-15 04:49:09,831 - DEBUG - Joint score for alpha[8]: 0.1125
2025-08-15 04:49:13,345 - DEBUG - Joint score for alpha[9]: 0.1127
2025-08-15 04:49:16,862 - DEBUG - Joint score for alpha[10]: 0.1137
2025-08-15 04:49:20,374 - DEBUG - Joint score for alpha[11]: 0.1121
2025-08-15 04:49:23,887 - DEBUG - Joint score for alpha[12]: 0.1131
2025-08-15 04:49:27,399 - DEBUG - Joint score for alpha[13]: 0.1122
2025-08-15 04:49:30,913 - DEBUG - Joint score for alpha[14]: 0.1130
2025-08-15 04:49:34,428 - DEBUG - Joint score for alpha[15]: 0.1128
2025-08-15 04:49:41,215 - DEBUG - Joint score for alpha[0]: 0.1131
2025-08-15 04:49:44,731 - DEBUG - Joint score for alpha[1]: 0.1127
2025-08-15 04:49:48,242 - DEBUG - Joint score for alpha[2]: 0.1120
2025-08-15 04:49:51,755 - DEBUG - Joint score for alpha[3]: 0.1126
2025-08-15 04:49:55,267 - DEBUG - Joint score for alpha[4]: 0.1121
2025-08-15 04:49:58,778 - DEBUG - Joint score for alpha[5]: 0.1124
2025-08-15 04:50:02,290 - DEBUG - Joint score for alpha[6]: 0.1126
2025-08-15 04:50:05,801 - DEBUG - Joint score for alpha[7]: 0.1129
2025-08-15 04:50:09,311 - DEBUG - Joint score for alpha[8]: 0.1120
2025-08-15 04:50:12,823 - DEBUG - Joint score for alpha[9]: 0.1128
2025-08-15 04:50:16,335 - DEBUG - Joint score for alpha[10]: 0.1122
2025-08-15 04:50:19,847 - DEBUG - Joint score for alpha[11]: 0.1121
2025-08-15 04:50:23,359 - DEBUG - Joint score for alpha[12]: 0.1126
2025-08-15 04:50:26,871 - DEBUG - Joint score for alpha[13]: 0.1122
2025-08-15 04:50:30,383 - DEBUG - Joint score for alpha[14]: 0.1124
2025-08-15 04:50:33,897 - DEBUG - Joint score for alpha[15]: 0.1128
2025-08-15 04:50:33,939 - INFO - Step 60/120: mean CRPS=0.1123
2025-08-15 04:50:33,943 - DEBUG - Beginning Gibbs iteration s = 60
2025-08-15 04:50:34,081 - DEBUG - Proposal variance adapted: 0.014
2025-08-15 04:50:40,841 - DEBUG - Joint score for alpha[0]: 0.1109
2025-08-15 04:50:44,355 - DEBUG - Joint score for alpha[1]: 0.1113
2025-08-15 04:50:47,867 - DEBUG - Joint score for alpha[2]: 0.1110
2025-08-15 04:50:51,379 - DEBUG - Joint score for alpha[3]: 0.1114
2025-08-15 04:50:54,889 - DEBUG - Joint score for alpha[4]: 0.1120
2025-08-15 04:50:58,400 - DEBUG - Joint score for alpha[5]: 0.1107
2025-08-15 04:51:01,911 - DEBUG - Joint score for alpha[6]: 0.1109
2025-08-15 04:51:05,422 - DEBUG - Joint score for alpha[7]: 0.1120
2025-08-15 04:51:08,934 - DEBUG - Joint score for alpha[8]: 0.1105
2025-08-15 04:51:12,445 - DEBUG - Joint score for alpha[9]: 0.1101
2025-08-15 04:51:15,957 - DEBUG - Joint score for alpha[10]: 0.1116
2025-08-15 04:51:19,470 - DEBUG - Joint score for alpha[11]: 0.1120
2025-08-15 04:51:22,982 - DEBUG - Joint score for alpha[12]: 0.1104
2025-08-15 04:51:26,495 - DEBUG - Joint score for alpha[13]: 0.1112
2025-08-15 04:51:30,009 - DEBUG - Joint score for alpha[14]: 0.1116
2025-08-15 04:51:33,521 - DEBUG - Joint score for alpha[15]: 0.1104
2025-08-15 04:51:40,281 - DEBUG - Joint score for alpha[0]: 0.1120
2025-08-15 04:51:43,796 - DEBUG - Joint score for alpha[1]: 0.1114
2025-08-15 04:51:47,310 - DEBUG - Joint score for alpha[2]: 0.1116
2025-08-15 04:51:50,822 - DEBUG - Joint score for alpha[3]: 0.1107
2025-08-15 04:51:54,335 - DEBUG - Joint score for alpha[4]: 0.1110
2025-08-15 04:51:57,848 - DEBUG - Joint score for alpha[5]: 0.1113
2025-08-15 04:52:01,360 - DEBUG - Joint score for alpha[6]: 0.1123
2025-08-15 04:52:04,873 - DEBUG - Joint score for alpha[7]: 0.1121
2025-08-15 04:52:08,387 - DEBUG - Joint score for alpha[8]: 0.1108
2025-08-15 04:52:11,900 - DEBUG - Joint score for alpha[9]: 0.1109
2025-08-15 04:52:15,414 - DEBUG - Joint score for alpha[10]: 0.1112
2025-08-15 04:52:18,926 - DEBUG - Joint score for alpha[11]: 0.1105
2025-08-15 04:52:22,438 - DEBUG - Joint score for alpha[12]: 0.1103
2025-08-15 04:52:25,950 - DEBUG - Joint score for alpha[13]: 0.1109
2025-08-15 04:52:29,464 - DEBUG - Joint score for alpha[14]: 0.1103
2025-08-15 04:52:32,978 - DEBUG - Joint score for alpha[15]: 0.1101
2025-08-15 04:52:39,779 - DEBUG - Joint score for alpha[0]: 0.1113
2025-08-15 04:52:43,294 - DEBUG - Joint score for alpha[1]: 0.1118
2025-08-15 04:52:46,805 - DEBUG - Joint score for alpha[2]: 0.1123
2025-08-15 04:52:50,318 - DEBUG - Joint score for alpha[3]: 0.1123
2025-08-15 04:52:53,828 - DEBUG - Joint score for alpha[4]: 0.1119
2025-08-15 04:52:57,340 - DEBUG - Joint score for alpha[5]: 0.1123
2025-08-15 04:53:00,851 - DEBUG - Joint score for alpha[6]: 0.1120
2025-08-15 04:53:04,362 - DEBUG - Joint score for alpha[7]: 0.1121
2025-08-15 04:53:07,873 - DEBUG - Joint score for alpha[8]: 0.1122
2025-08-15 04:53:11,386 - DEBUG - Joint score for alpha[9]: 0.1111
2025-08-15 04:53:14,897 - DEBUG - Joint score for alpha[10]: 0.1128
2025-08-15 04:53:18,409 - DEBUG - Joint score for alpha[11]: 0.1117
2025-08-15 04:53:21,923 - DEBUG - Joint score for alpha[12]: 0.1124
2025-08-15 04:53:25,436 - DEBUG - Joint score for alpha[13]: 0.1119
2025-08-15 04:53:28,949 - DEBUG - Joint score for alpha[14]: 0.1117
2025-08-15 04:53:32,462 - DEBUG - Joint score for alpha[15]: 0.1116
2025-08-15 04:53:39,343 - DEBUG - Joint score for alpha[0]: 0.1105
2025-08-15 04:53:42,859 - DEBUG - Joint score for alpha[1]: 0.1117
2025-08-15 04:53:46,371 - DEBUG - Joint score for alpha[2]: 0.1109
2025-08-15 04:53:49,884 - DEBUG - Joint score for alpha[3]: 0.1120
2025-08-15 04:53:53,397 - DEBUG - Joint score for alpha[4]: 0.1109
2025-08-15 04:53:56,910 - DEBUG - Joint score for alpha[5]: 0.1115
2025-08-15 04:54:00,423 - DEBUG - Joint score for alpha[6]: 0.1117
2025-08-15 04:54:03,937 - DEBUG - Joint score for alpha[7]: 0.1115
2025-08-15 04:54:07,450 - DEBUG - Joint score for alpha[8]: 0.1115
2025-08-15 04:54:10,964 - DEBUG - Joint score for alpha[9]: 0.1116
2025-08-15 04:54:14,477 - DEBUG - Joint score for alpha[10]: 0.1122
2025-08-15 04:54:17,990 - DEBUG - Joint score for alpha[11]: 0.1112
2025-08-15 04:54:21,504 - DEBUG - Joint score for alpha[12]: 0.1107
2025-08-15 04:54:25,017 - DEBUG - Joint score for alpha[13]: 0.1119
2025-08-15 04:54:28,531 - DEBUG - Joint score for alpha[14]: 0.1116
2025-08-15 04:54:32,043 - DEBUG - Joint score for alpha[15]: 0.1117
2025-08-15 04:54:38,937 - DEBUG - Joint score for alpha[0]: 0.1117
2025-08-15 04:54:42,451 - DEBUG - Joint score for alpha[1]: 0.1116
2025-08-15 04:54:45,963 - DEBUG - Joint score for alpha[2]: 0.1120
2025-08-15 04:54:49,474 - DEBUG - Joint score for alpha[3]: 0.1119
2025-08-15 04:54:52,984 - DEBUG - Joint score for alpha[4]: 0.1122
2025-08-15 04:54:56,496 - DEBUG - Joint score for alpha[5]: 0.1115
2025-08-15 04:55:00,007 - DEBUG - Joint score for alpha[6]: 0.1113
2025-08-15 04:55:03,518 - DEBUG - Joint score for alpha[7]: 0.1122
2025-08-15 04:55:07,028 - DEBUG - Joint score for alpha[8]: 0.1119
2025-08-15 04:55:10,540 - DEBUG - Joint score for alpha[9]: 0.1117
2025-08-15 04:55:14,053 - DEBUG - Joint score for alpha[10]: 0.1119
2025-08-15 04:55:17,564 - DEBUG - Joint score for alpha[11]: 0.1117
2025-08-15 04:55:21,075 - DEBUG - Joint score for alpha[12]: 0.1111
2025-08-15 04:55:24,587 - DEBUG - Joint score for alpha[13]: 0.1120
2025-08-15 04:55:28,099 - DEBUG - Joint score for alpha[14]: 0.1119
2025-08-15 04:55:31,613 - DEBUG - Joint score for alpha[15]: 0.1117
2025-08-15 04:55:31,655 - INFO - Step 61/120: mean CRPS=0.1118
2025-08-15 04:55:31,657 - DEBUG - Beginning Gibbs iteration s = 61
2025-08-15 04:55:38,625 - DEBUG - Joint score for alpha[0]: 0.1118
2025-08-15 04:55:42,141 - DEBUG - Joint score for alpha[1]: 0.1121
2025-08-15 04:55:45,653 - DEBUG - Joint score for alpha[2]: 0.1124
2025-08-15 04:55:49,166 - DEBUG - Joint score for alpha[3]: 0.1122
2025-08-15 04:55:52,678 - DEBUG - Joint score for alpha[4]: 0.1118
2025-08-15 04:55:56,190 - DEBUG - Joint score for alpha[5]: 0.1124
2025-08-15 04:55:59,701 - DEBUG - Joint score for alpha[6]: 0.1119
2025-08-15 04:56:03,214 - DEBUG - Joint score for alpha[7]: 0.1121
2025-08-15 04:56:06,725 - DEBUG - Joint score for alpha[8]: 0.1123
2025-08-15 04:56:10,238 - DEBUG - Joint score for alpha[9]: 0.1121
2025-08-15 04:56:13,751 - DEBUG - Joint score for alpha[10]: 0.1113
2025-08-15 04:56:17,262 - DEBUG - Joint score for alpha[11]: 0.1117
2025-08-15 04:56:20,775 - DEBUG - Joint score for alpha[12]: 0.1118
2025-08-15 04:56:24,287 - DEBUG - Joint score for alpha[13]: 0.1115
2025-08-15 04:56:27,799 - DEBUG - Joint score for alpha[14]: 0.1123
2025-08-15 04:56:31,312 - DEBUG - Joint score for alpha[15]: 0.1115
2025-08-15 04:56:38,090 - DEBUG - Joint score for alpha[0]: 0.1129
2025-08-15 04:56:41,607 - DEBUG - Joint score for alpha[1]: 0.1121
2025-08-15 04:56:45,118 - DEBUG - Joint score for alpha[2]: 0.1129
2025-08-15 04:56:48,629 - DEBUG - Joint score for alpha[3]: 0.1126
2025-08-15 04:56:52,138 - DEBUG - Joint score for alpha[4]: 0.1122
2025-08-15 04:56:55,649 - DEBUG - Joint score for alpha[5]: 0.1128
2025-08-15 04:56:59,160 - DEBUG - Joint score for alpha[6]: 0.1129
2025-08-15 04:57:02,671 - DEBUG - Joint score for alpha[7]: 0.1136
2025-08-15 04:57:06,181 - DEBUG - Joint score for alpha[8]: 0.1128
2025-08-15 04:57:09,692 - DEBUG - Joint score for alpha[9]: 0.1127
2025-08-15 04:57:13,204 - DEBUG - Joint score for alpha[10]: 0.1113
2025-08-15 04:57:16,715 - DEBUG - Joint score for alpha[11]: 0.1134
2025-08-15 04:57:20,226 - DEBUG - Joint score for alpha[12]: 0.1122
2025-08-15 04:57:23,737 - DEBUG - Joint score for alpha[13]: 0.1125
2025-08-15 04:57:27,248 - DEBUG - Joint score for alpha[14]: 0.1132
2025-08-15 04:57:30,761 - DEBUG - Joint score for alpha[15]: 0.1123
2025-08-15 04:57:37,572 - DEBUG - Joint score for alpha[0]: 0.1130
2025-08-15 04:57:41,086 - DEBUG - Joint score for alpha[1]: 0.1133
2025-08-15 04:57:44,597 - DEBUG - Joint score for alpha[2]: 0.1135
2025-08-15 04:57:48,108 - DEBUG - Joint score for alpha[3]: 0.1138
2025-08-15 04:57:51,618 - DEBUG - Joint score for alpha[4]: 0.1128
2025-08-15 04:57:55,128 - DEBUG - Joint score for alpha[5]: 0.1129
2025-08-15 04:57:58,636 - DEBUG - Joint score for alpha[6]: 0.1128
2025-08-15 04:58:02,147 - DEBUG - Joint score for alpha[7]: 0.1124
2025-08-15 04:58:05,657 - DEBUG - Joint score for alpha[8]: 0.1140
2025-08-15 04:58:09,167 - DEBUG - Joint score for alpha[9]: 0.1132
2025-08-15 04:58:12,677 - DEBUG - Joint score for alpha[10]: 0.1137
2025-08-15 04:58:16,185 - DEBUG - Joint score for alpha[11]: 0.1138
2025-08-15 04:58:19,695 - DEBUG - Joint score for alpha[12]: 0.1134
2025-08-15 04:58:23,206 - DEBUG - Joint score for alpha[13]: 0.1123
2025-08-15 04:58:26,716 - DEBUG - Joint score for alpha[14]: 0.1124
2025-08-15 04:58:30,227 - DEBUG - Joint score for alpha[15]: 0.1138
2025-08-15 04:58:37,025 - DEBUG - Joint score for alpha[0]: 0.1135
2025-08-15 04:58:40,540 - DEBUG - Joint score for alpha[1]: 0.1130
2025-08-15 04:58:44,053 - DEBUG - Joint score for alpha[2]: 0.1130
2025-08-15 04:58:47,566 - DEBUG - Joint score for alpha[3]: 0.1136
2025-08-15 04:58:51,077 - DEBUG - Joint score for alpha[4]: 0.1133
2025-08-15 04:58:54,589 - DEBUG - Joint score for alpha[5]: 0.1128
2025-08-15 04:58:58,101 - DEBUG - Joint score for alpha[6]: 0.1131
2025-08-15 04:59:01,614 - DEBUG - Joint score for alpha[7]: 0.1122
2025-08-15 04:59:05,126 - DEBUG - Joint score for alpha[8]: 0.1136
2025-08-15 04:59:08,639 - DEBUG - Joint score for alpha[9]: 0.1129
2025-08-15 04:59:12,148 - DEBUG - Joint score for alpha[10]: 0.1128
2025-08-15 04:59:15,657 - DEBUG - Joint score for alpha[11]: 0.1141
2025-08-15 04:59:19,169 - DEBUG - Joint score for alpha[12]: 0.1128
2025-08-15 04:59:22,680 - DEBUG - Joint score for alpha[13]: 0.1126
2025-08-15 04:59:26,191 - DEBUG - Joint score for alpha[14]: 0.1131
2025-08-15 04:59:29,701 - DEBUG - Joint score for alpha[15]: 0.1135
2025-08-15 04:59:36,502 - DEBUG - Joint score for alpha[0]: 0.1129
2025-08-15 04:59:40,020 - DEBUG - Joint score for alpha[1]: 0.1133
2025-08-15 04:59:43,532 - DEBUG - Joint score for alpha[2]: 0.1136
2025-08-15 04:59:47,045 - DEBUG - Joint score for alpha[3]: 0.1129
2025-08-15 04:59:50,556 - DEBUG - Joint score for alpha[4]: 0.1138
2025-08-15 04:59:54,068 - DEBUG - Joint score for alpha[5]: 0.1131
2025-08-15 04:59:57,579 - DEBUG - Joint score for alpha[6]: 0.1131
2025-08-15 05:00:01,090 - DEBUG - Joint score for alpha[7]: 0.1131
2025-08-15 05:00:04,600 - DEBUG - Joint score for alpha[8]: 0.1133
2025-08-15 05:00:08,111 - DEBUG - Joint score for alpha[9]: 0.1129
2025-08-15 05:00:11,624 - DEBUG - Joint score for alpha[10]: 0.1135
2025-08-15 05:00:15,136 - DEBUG - Joint score for alpha[11]: 0.1133
2025-08-15 05:00:18,647 - DEBUG - Joint score for alpha[12]: 0.1131
2025-08-15 05:00:22,158 - DEBUG - Joint score for alpha[13]: 0.1140
2025-08-15 05:00:25,670 - DEBUG - Joint score for alpha[14]: 0.1132
2025-08-15 05:00:29,183 - DEBUG - Joint score for alpha[15]: 0.1133
2025-08-15 05:00:29,225 - INFO - Step 62/120: mean CRPS=0.1131
2025-08-15 05:00:29,226 - DEBUG - Beginning Gibbs iteration s = 62
2025-08-15 05:00:36,210 - DEBUG - Joint score for alpha[0]: 0.1141
2025-08-15 05:00:39,727 - DEBUG - Joint score for alpha[1]: 0.1121
2025-08-15 05:00:43,239 - DEBUG - Joint score for alpha[2]: 0.1137
2025-08-15 05:00:46,751 - DEBUG - Joint score for alpha[3]: 0.1127
2025-08-15 05:00:50,262 - DEBUG - Joint score for alpha[4]: 0.1121
2025-08-15 05:00:53,774 - DEBUG - Joint score for alpha[5]: 0.1128
2025-08-15 05:00:57,285 - DEBUG - Joint score for alpha[6]: 0.1134
2025-08-15 05:01:00,796 - DEBUG - Joint score for alpha[7]: 0.1129
2025-08-15 05:01:04,307 - DEBUG - Joint score for alpha[8]: 0.1133
2025-08-15 05:01:07,817 - DEBUG - Joint score for alpha[9]: 0.1122
2025-08-15 05:01:11,328 - DEBUG - Joint score for alpha[10]: 0.1131
2025-08-15 05:01:14,839 - DEBUG - Joint score for alpha[11]: 0.1125
2025-08-15 05:01:18,350 - DEBUG - Joint score for alpha[12]: 0.1120
2025-08-15 05:01:21,862 - DEBUG - Joint score for alpha[13]: 0.1123
2025-08-15 05:01:25,374 - DEBUG - Joint score for alpha[14]: 0.1131
2025-08-15 05:01:28,887 - DEBUG - Joint score for alpha[15]: 0.1126
2025-08-15 05:01:35,685 - DEBUG - Joint score for alpha[0]: 0.1142
2025-08-15 05:01:39,200 - DEBUG - Joint score for alpha[1]: 0.1133
2025-08-15 05:01:42,712 - DEBUG - Joint score for alpha[2]: 0.1134
2025-08-15 05:01:46,224 - DEBUG - Joint score for alpha[3]: 0.1132
2025-08-15 05:01:49,735 - DEBUG - Joint score for alpha[4]: 0.1148
2025-08-15 05:01:53,247 - DEBUG - Joint score for alpha[5]: 0.1146
2025-08-15 05:01:56,758 - DEBUG - Joint score for alpha[6]: 0.1138
2025-08-15 05:02:00,271 - DEBUG - Joint score for alpha[7]: 0.1129
2025-08-15 05:02:03,782 - DEBUG - Joint score for alpha[8]: 0.1131
2025-08-15 05:02:07,293 - DEBUG - Joint score for alpha[9]: 0.1146
2025-08-15 05:02:10,806 - DEBUG - Joint score for alpha[10]: 0.1143
2025-08-15 05:02:14,318 - DEBUG - Joint score for alpha[11]: 0.1145
2025-08-15 05:02:17,829 - DEBUG - Joint score for alpha[12]: 0.1135
2025-08-15 05:02:21,342 - DEBUG - Joint score for alpha[13]: 0.1124
2025-08-15 05:02:24,854 - DEBUG - Joint score for alpha[14]: 0.1133
2025-08-15 05:02:28,367 - DEBUG - Joint score for alpha[15]: 0.1123
2025-08-15 05:02:35,168 - DEBUG - Joint score for alpha[0]: 0.1151
2025-08-15 05:02:38,683 - DEBUG - Joint score for alpha[1]: 0.1147
2025-08-15 05:02:42,196 - DEBUG - Joint score for alpha[2]: 0.1145
2025-08-15 05:02:45,709 - DEBUG - Joint score for alpha[3]: 0.1162
2025-08-15 05:02:49,220 - DEBUG - Joint score for alpha[4]: 0.1138
2025-08-15 05:02:52,733 - DEBUG - Joint score for alpha[5]: 0.1146
2025-08-15 05:02:56,244 - DEBUG - Joint score for alpha[6]: 0.1146
2025-08-15 05:02:59,757 - DEBUG - Joint score for alpha[7]: 0.1153
2025-08-15 05:03:03,268 - DEBUG - Joint score for alpha[8]: 0.1148
2025-08-15 05:03:06,780 - DEBUG - Joint score for alpha[9]: 0.1140
2025-08-15 05:03:10,293 - DEBUG - Joint score for alpha[10]: 0.1147
2025-08-15 05:03:13,806 - DEBUG - Joint score for alpha[11]: 0.1136
2025-08-15 05:03:17,318 - DEBUG - Joint score for alpha[12]: 0.1147
2025-08-15 05:03:20,829 - DEBUG - Joint score for alpha[13]: 0.1145
2025-08-15 05:03:24,342 - DEBUG - Joint score for alpha[14]: 0.1140
2025-08-15 05:03:27,857 - DEBUG - Joint score for alpha[15]: 0.1154
2025-08-15 05:03:34,627 - DEBUG - Joint score for alpha[0]: 0.1152
2025-08-15 05:03:38,142 - DEBUG - Joint score for alpha[1]: 0.1147
2025-08-15 05:03:41,654 - DEBUG - Joint score for alpha[2]: 0.1152
2025-08-15 05:03:45,166 - DEBUG - Joint score for alpha[3]: 0.1145
2025-08-15 05:03:48,676 - DEBUG - Joint score for alpha[4]: 0.1143
2025-08-15 05:03:52,187 - DEBUG - Joint score for alpha[5]: 0.1144
2025-08-15 05:03:55,701 - DEBUG - Joint score for alpha[6]: 0.1142
2025-08-15 05:03:59,212 - DEBUG - Joint score for alpha[7]: 0.1142
2025-08-15 05:04:02,724 - DEBUG - Joint score for alpha[8]: 0.1139
2025-08-15 05:04:06,235 - DEBUG - Joint score for alpha[9]: 0.1139
2025-08-15 05:04:09,747 - DEBUG - Joint score for alpha[10]: 0.1143
2025-08-15 05:04:13,257 - DEBUG - Joint score for alpha[11]: 0.1153
2025-08-15 05:04:16,769 - DEBUG - Joint score for alpha[12]: 0.1148
2025-08-15 05:04:20,281 - DEBUG - Joint score for alpha[13]: 0.1144
2025-08-15 05:04:23,793 - DEBUG - Joint score for alpha[14]: 0.1150
2025-08-15 05:04:27,305 - DEBUG - Joint score for alpha[15]: 0.1149
2025-08-15 05:04:34,099 - DEBUG - Joint score for alpha[0]: 0.1145
2025-08-15 05:04:37,615 - DEBUG - Joint score for alpha[1]: 0.1148
2025-08-15 05:04:41,127 - DEBUG - Joint score for alpha[2]: 0.1133
2025-08-15 05:04:44,638 - DEBUG - Joint score for alpha[3]: 0.1153
2025-08-15 05:04:48,149 - DEBUG - Joint score for alpha[4]: 0.1147
2025-08-15 05:04:51,660 - DEBUG - Joint score for alpha[5]: 0.1142
2025-08-15 05:04:55,172 - DEBUG - Joint score for alpha[6]: 0.1146
2025-08-15 05:04:58,683 - DEBUG - Joint score for alpha[7]: 0.1146
2025-08-15 05:05:02,195 - DEBUG - Joint score for alpha[8]: 0.1145
2025-08-15 05:05:05,707 - DEBUG - Joint score for alpha[9]: 0.1155
2025-08-15 05:05:09,219 - DEBUG - Joint score for alpha[10]: 0.1144
2025-08-15 05:05:12,732 - DEBUG - Joint score for alpha[11]: 0.1146
2025-08-15 05:05:16,246 - DEBUG - Joint score for alpha[12]: 0.1143
2025-08-15 05:05:19,759 - DEBUG - Joint score for alpha[13]: 0.1144
2025-08-15 05:05:23,273 - DEBUG - Joint score for alpha[14]: 0.1142
2025-08-15 05:05:26,784 - DEBUG - Joint score for alpha[15]: 0.1142
2025-08-15 05:05:26,827 - INFO - Step 63/120: mean CRPS=0.1145
2025-08-15 05:05:26,828 - DEBUG - Beginning Gibbs iteration s = 63
2025-08-15 05:05:33,662 - DEBUG - Joint score for alpha[0]: 0.1151
2025-08-15 05:05:37,179 - DEBUG - Joint score for alpha[1]: 0.1149
2025-08-15 05:05:40,692 - DEBUG - Joint score for alpha[2]: 0.1155
2025-08-15 05:05:44,206 - DEBUG - Joint score for alpha[3]: 0.1152
2025-08-15 05:05:47,719 - DEBUG - Joint score for alpha[4]: 0.1153
2025-08-15 05:05:51,234 - DEBUG - Joint score for alpha[5]: 0.1158
2025-08-15 05:05:54,747 - DEBUG - Joint score for alpha[6]: 0.1142
2025-08-15 05:05:58,261 - DEBUG - Joint score for alpha[7]: 0.1163
2025-08-15 05:06:01,774 - DEBUG - Joint score for alpha[8]: 0.1161
2025-08-15 05:06:05,287 - DEBUG - Joint score for alpha[9]: 0.1151
2025-08-15 05:06:08,802 - DEBUG - Joint score for alpha[10]: 0.1155
2025-08-15 05:06:12,314 - DEBUG - Joint score for alpha[11]: 0.1153
2025-08-15 05:06:15,830 - DEBUG - Joint score for alpha[12]: 0.1167
2025-08-15 05:06:19,346 - DEBUG - Joint score for alpha[13]: 0.1149
2025-08-15 05:06:22,860 - DEBUG - Joint score for alpha[14]: 0.1158
2025-08-15 05:06:26,375 - DEBUG - Joint score for alpha[15]: 0.1153
2025-08-15 05:06:33,135 - DEBUG - Joint score for alpha[0]: 0.1155
2025-08-15 05:06:36,652 - DEBUG - Joint score for alpha[1]: 0.1159
2025-08-15 05:06:40,166 - DEBUG - Joint score for alpha[2]: 0.1143
2025-08-15 05:06:43,680 - DEBUG - Joint score for alpha[3]: 0.1155
2025-08-15 05:06:47,191 - DEBUG - Joint score for alpha[4]: 0.1164
2025-08-15 05:06:50,705 - DEBUG - Joint score for alpha[5]: 0.1154
2025-08-15 05:06:54,217 - DEBUG - Joint score for alpha[6]: 0.1163
2025-08-15 05:06:57,733 - DEBUG - Joint score for alpha[7]: 0.1143
2025-08-15 05:07:01,247 - DEBUG - Joint score for alpha[8]: 0.1146
2025-08-15 05:07:04,762 - DEBUG - Joint score for alpha[9]: 0.1151
2025-08-15 05:07:08,275 - DEBUG - Joint score for alpha[10]: 0.1156
2025-08-15 05:07:11,790 - DEBUG - Joint score for alpha[11]: 0.1149
2025-08-15 05:07:15,302 - DEBUG - Joint score for alpha[12]: 0.1155
2025-08-15 05:07:18,816 - DEBUG - Joint score for alpha[13]: 0.1159
2025-08-15 05:07:22,328 - DEBUG - Joint score for alpha[14]: 0.1155
2025-08-15 05:07:25,843 - DEBUG - Joint score for alpha[15]: 0.1161
2025-08-15 05:07:32,637 - DEBUG - Joint score for alpha[0]: 0.1158
2025-08-15 05:07:36,153 - DEBUG - Joint score for alpha[1]: 0.1161
2025-08-15 05:07:39,665 - DEBUG - Joint score for alpha[2]: 0.1158
2025-08-15 05:07:43,176 - DEBUG - Joint score for alpha[3]: 0.1154
2025-08-15 05:07:46,688 - DEBUG - Joint score for alpha[4]: 0.1166
2025-08-15 05:07:50,201 - DEBUG - Joint score for alpha[5]: 0.1165
2025-08-15 05:07:53,713 - DEBUG - Joint score for alpha[6]: 0.1157
2025-08-15 05:07:57,227 - DEBUG - Joint score for alpha[7]: 0.1160
2025-08-15 05:08:00,740 - DEBUG - Joint score for alpha[8]: 0.1157
2025-08-15 05:08:04,254 - DEBUG - Joint score for alpha[9]: 0.1163
2025-08-15 05:08:07,768 - DEBUG - Joint score for alpha[10]: 0.1157
2025-08-15 05:08:11,281 - DEBUG - Joint score for alpha[11]: 0.1164
2025-08-15 05:08:14,798 - DEBUG - Joint score for alpha[12]: 0.1160
2025-08-15 05:08:18,312 - DEBUG - Joint score for alpha[13]: 0.1161
2025-08-15 05:08:21,824 - DEBUG - Joint score for alpha[14]: 0.1164
2025-08-15 05:08:25,336 - DEBUG - Joint score for alpha[15]: 0.1157
2025-08-15 05:08:32,138 - DEBUG - Joint score for alpha[0]: 0.1162
2025-08-15 05:08:35,656 - DEBUG - Joint score for alpha[1]: 0.1158
2025-08-15 05:08:39,171 - DEBUG - Joint score for alpha[2]: 0.1153
2025-08-15 05:08:42,686 - DEBUG - Joint score for alpha[3]: 0.1163
2025-08-15 05:08:46,201 - DEBUG - Joint score for alpha[4]: 0.1165
2025-08-15 05:08:49,713 - DEBUG - Joint score for alpha[5]: 0.1163
2025-08-15 05:08:53,224 - DEBUG - Joint score for alpha[6]: 0.1162
2025-08-15 05:08:56,737 - DEBUG - Joint score for alpha[7]: 0.1155
2025-08-15 05:09:00,249 - DEBUG - Joint score for alpha[8]: 0.1155
2025-08-15 05:09:03,762 - DEBUG - Joint score for alpha[9]: 0.1153
2025-08-15 05:09:07,275 - DEBUG - Joint score for alpha[10]: 0.1159
2025-08-15 05:09:10,787 - DEBUG - Joint score for alpha[11]: 0.1156
2025-08-15 05:09:14,301 - DEBUG - Joint score for alpha[12]: 0.1149
2025-08-15 05:09:17,814 - DEBUG - Joint score for alpha[13]: 0.1165
2025-08-15 05:09:21,327 - DEBUG - Joint score for alpha[14]: 0.1163
2025-08-15 05:09:24,839 - DEBUG - Joint score for alpha[15]: 0.1154
2025-08-15 05:09:31,618 - DEBUG - Joint score for alpha[0]: 0.1165
2025-08-15 05:09:35,137 - DEBUG - Joint score for alpha[1]: 0.1156
2025-08-15 05:09:38,650 - DEBUG - Joint score for alpha[2]: 0.1165
2025-08-15 05:09:42,163 - DEBUG - Joint score for alpha[3]: 0.1166
2025-08-15 05:09:45,673 - DEBUG - Joint score for alpha[4]: 0.1164
2025-08-15 05:09:49,184 - DEBUG - Joint score for alpha[5]: 0.1165
2025-08-15 05:09:52,695 - DEBUG - Joint score for alpha[6]: 0.1157
2025-08-15 05:09:56,205 - DEBUG - Joint score for alpha[7]: 0.1165
2025-08-15 05:09:59,716 - DEBUG - Joint score for alpha[8]: 0.1169
2025-08-15 05:10:03,226 - DEBUG - Joint score for alpha[9]: 0.1165
2025-08-15 05:10:06,738 - DEBUG - Joint score for alpha[10]: 0.1170
2025-08-15 05:10:10,249 - DEBUG - Joint score for alpha[11]: 0.1160
2025-08-15 05:10:13,759 - DEBUG - Joint score for alpha[12]: 0.1165
2025-08-15 05:10:17,269 - DEBUG - Joint score for alpha[13]: 0.1163
2025-08-15 05:10:20,781 - DEBUG - Joint score for alpha[14]: 0.1161
2025-08-15 05:10:24,293 - DEBUG - Joint score for alpha[15]: 0.1153
2025-08-15 05:10:24,335 - INFO - Step 64/120: mean CRPS=0.1160
2025-08-15 05:10:24,337 - DEBUG - Beginning Gibbs iteration s = 64
2025-08-15 05:10:31,154 - DEBUG - Joint score for alpha[0]: 0.1171
2025-08-15 05:10:34,672 - DEBUG - Joint score for alpha[1]: 0.1157
2025-08-15 05:10:38,185 - DEBUG - Joint score for alpha[2]: 0.1153
2025-08-15 05:10:41,696 - DEBUG - Joint score for alpha[3]: 0.1150
2025-08-15 05:10:45,206 - DEBUG - Joint score for alpha[4]: 0.1166
2025-08-15 05:10:48,717 - DEBUG - Joint score for alpha[5]: 0.1167
2025-08-15 05:10:52,227 - DEBUG - Joint score for alpha[6]: 0.1164
2025-08-15 05:10:55,738 - DEBUG - Joint score for alpha[7]: 0.1173
2025-08-15 05:10:59,250 - DEBUG - Joint score for alpha[8]: 0.1160
2025-08-15 05:11:02,760 - DEBUG - Joint score for alpha[9]: 0.1164
2025-08-15 05:11:06,269 - DEBUG - Joint score for alpha[10]: 0.1163
2025-08-15 05:11:09,782 - DEBUG - Joint score for alpha[11]: 0.1158
2025-08-15 05:11:13,294 - DEBUG - Joint score for alpha[12]: 0.1147
2025-08-15 05:11:16,807 - DEBUG - Joint score for alpha[13]: 0.1161
2025-08-15 05:11:20,319 - DEBUG - Joint score for alpha[14]: 0.1163
2025-08-15 05:11:23,829 - DEBUG - Joint score for alpha[15]: 0.1162
2025-08-15 05:11:30,633 - DEBUG - Joint score for alpha[0]: 0.1161
2025-08-15 05:11:34,152 - DEBUG - Joint score for alpha[1]: 0.1156
2025-08-15 05:11:37,663 - DEBUG - Joint score for alpha[2]: 0.1160
2025-08-15 05:11:41,173 - DEBUG - Joint score for alpha[3]: 0.1167
2025-08-15 05:11:44,684 - DEBUG - Joint score for alpha[4]: 0.1167
2025-08-15 05:11:48,195 - DEBUG - Joint score for alpha[5]: 0.1162
2025-08-15 05:11:51,705 - DEBUG - Joint score for alpha[6]: 0.1164
2025-08-15 05:11:55,217 - DEBUG - Joint score for alpha[7]: 0.1160
2025-08-15 05:11:58,728 - DEBUG - Joint score for alpha[8]: 0.1157
2025-08-15 05:12:02,239 - DEBUG - Joint score for alpha[9]: 0.1167
2025-08-15 05:12:05,751 - DEBUG - Joint score for alpha[10]: 0.1158
2025-08-15 05:12:09,263 - DEBUG - Joint score for alpha[11]: 0.1164
2025-08-15 05:12:12,774 - DEBUG - Joint score for alpha[12]: 0.1171
2025-08-15 05:12:16,284 - DEBUG - Joint score for alpha[13]: 0.1168
2025-08-15 05:12:19,795 - DEBUG - Joint score for alpha[14]: 0.1164
2025-08-15 05:12:23,307 - DEBUG - Joint score for alpha[15]: 0.1164
2025-08-15 05:12:30,125 - DEBUG - Joint score for alpha[0]: 0.1154
2025-08-15 05:12:33,639 - DEBUG - Joint score for alpha[1]: 0.1159
2025-08-15 05:12:37,151 - DEBUG - Joint score for alpha[2]: 0.1164
2025-08-15 05:12:40,664 - DEBUG - Joint score for alpha[3]: 0.1168
2025-08-15 05:12:44,175 - DEBUG - Joint score for alpha[4]: 0.1166
2025-08-15 05:12:47,688 - DEBUG - Joint score for alpha[5]: 0.1167
2025-08-15 05:12:51,200 - DEBUG - Joint score for alpha[6]: 0.1178
2025-08-15 05:12:54,713 - DEBUG - Joint score for alpha[7]: 0.1170
2025-08-15 05:12:58,225 - DEBUG - Joint score for alpha[8]: 0.1169
2025-08-15 05:13:01,737 - DEBUG - Joint score for alpha[9]: 0.1159
2025-08-15 05:13:05,250 - DEBUG - Joint score for alpha[10]: 0.1159
2025-08-15 05:13:08,763 - DEBUG - Joint score for alpha[11]: 0.1161
2025-08-15 05:13:12,275 - DEBUG - Joint score for alpha[12]: 0.1177
2025-08-15 05:13:15,787 - DEBUG - Joint score for alpha[13]: 0.1166
2025-08-15 05:13:19,299 - DEBUG - Joint score for alpha[14]: 0.1162
2025-08-15 05:13:22,813 - DEBUG - Joint score for alpha[15]: 0.1163
2025-08-15 05:13:29,592 - DEBUG - Joint score for alpha[0]: 0.1164
2025-08-15 05:13:33,110 - DEBUG - Joint score for alpha[1]: 0.1165
2025-08-15 05:13:36,626 - DEBUG - Joint score for alpha[2]: 0.1165
2025-08-15 05:13:40,142 - DEBUG - Joint score for alpha[3]: 0.1168
2025-08-15 05:13:43,656 - DEBUG - Joint score for alpha[4]: 0.1167
2025-08-15 05:13:47,169 - DEBUG - Joint score for alpha[5]: 0.1168
2025-08-15 05:13:50,682 - DEBUG - Joint score for alpha[6]: 0.1164
2025-08-15 05:13:54,195 - DEBUG - Joint score for alpha[7]: 0.1164
2025-08-15 05:13:57,709 - DEBUG - Joint score for alpha[8]: 0.1164
2025-08-15 05:14:01,219 - DEBUG - Joint score for alpha[9]: 0.1165
2025-08-15 05:14:04,730 - DEBUG - Joint score for alpha[10]: 0.1173
2025-08-15 05:14:08,240 - DEBUG - Joint score for alpha[11]: 0.1165
2025-08-15 05:14:11,750 - DEBUG - Joint score for alpha[12]: 0.1170
2025-08-15 05:14:15,260 - DEBUG - Joint score for alpha[13]: 0.1166
2025-08-15 05:14:18,772 - DEBUG - Joint score for alpha[14]: 0.1163
2025-08-15 05:14:22,284 - DEBUG - Joint score for alpha[15]: 0.1174
2025-08-15 05:14:29,075 - DEBUG - Joint score for alpha[0]: 0.1177
2025-08-15 05:14:32,593 - DEBUG - Joint score for alpha[1]: 0.1176
2025-08-15 05:14:36,107 - DEBUG - Joint score for alpha[2]: 0.1175
2025-08-15 05:14:39,621 - DEBUG - Joint score for alpha[3]: 0.1172
2025-08-15 05:14:43,134 - DEBUG - Joint score for alpha[4]: 0.1173
2025-08-15 05:14:46,649 - DEBUG - Joint score for alpha[5]: 0.1179
2025-08-15 05:14:50,162 - DEBUG - Joint score for alpha[6]: 0.1178
2025-08-15 05:14:53,672 - DEBUG - Joint score for alpha[7]: 0.1174
2025-08-15 05:14:57,183 - DEBUG - Joint score for alpha[8]: 0.1166
2025-08-15 05:15:00,694 - DEBUG - Joint score for alpha[9]: 0.1173
2025-08-15 05:15:04,206 - DEBUG - Joint score for alpha[10]: 0.1160
2025-08-15 05:15:07,716 - DEBUG - Joint score for alpha[11]: 0.1177
2025-08-15 05:15:11,228 - DEBUG - Joint score for alpha[12]: 0.1180
2025-08-15 05:15:14,740 - DEBUG - Joint score for alpha[13]: 0.1170
2025-08-15 05:15:18,253 - DEBUG - Joint score for alpha[14]: 0.1157
2025-08-15 05:15:21,765 - DEBUG - Joint score for alpha[15]: 0.1171
2025-08-15 05:15:21,807 - INFO - Step 65/120: mean CRPS=0.1162
2025-08-15 05:15:21,809 - DEBUG - Beginning Gibbs iteration s = 65
2025-08-15 05:15:21,954 - INFO - Adaptation stopped at step 65, fixed at 0.014
2025-08-15 05:15:28,711 - DEBUG - Joint score for alpha[0]: 0.1158
2025-08-15 05:15:32,227 - DEBUG - Joint score for alpha[1]: 0.1175
2025-08-15 05:15:35,740 - DEBUG - Joint score for alpha[2]: 0.1166
2025-08-15 05:15:39,254 - DEBUG - Joint score for alpha[3]: 0.1173
2025-08-15 05:15:42,765 - DEBUG - Joint score for alpha[4]: 0.1164
2025-08-15 05:15:46,279 - DEBUG - Joint score for alpha[5]: 0.1164
2025-08-15 05:15:49,792 - DEBUG - Joint score for alpha[6]: 0.1161
2025-08-15 05:15:53,306 - DEBUG - Joint score for alpha[7]: 0.1171
2025-08-15 05:15:56,821 - DEBUG - Joint score for alpha[8]: 0.1162
2025-08-15 05:16:00,335 - DEBUG - Joint score for alpha[9]: 0.1177
2025-08-15 05:16:03,850 - DEBUG - Joint score for alpha[10]: 0.1173
2025-08-15 05:16:07,364 - DEBUG - Joint score for alpha[11]: 0.1167
2025-08-15 05:16:10,879 - DEBUG - Joint score for alpha[12]: 0.1168
2025-08-15 05:16:14,394 - DEBUG - Joint score for alpha[13]: 0.1182
2025-08-15 05:16:17,908 - DEBUG - Joint score for alpha[14]: 0.1172
2025-08-15 05:16:21,421 - DEBUG - Joint score for alpha[15]: 0.1170
2025-08-15 05:16:28,238 - DEBUG - Joint score for alpha[0]: 0.1177
2025-08-15 05:16:31,757 - DEBUG - Joint score for alpha[1]: 0.1178
2025-08-15 05:16:35,271 - DEBUG - Joint score for alpha[2]: 0.1176
2025-08-15 05:16:38,786 - DEBUG - Joint score for alpha[3]: 0.1167
2025-08-15 05:16:42,299 - DEBUG - Joint score for alpha[4]: 0.1165
2025-08-15 05:16:45,813 - DEBUG - Joint score for alpha[5]: 0.1188
2025-08-15 05:16:49,327 - DEBUG - Joint score for alpha[6]: 0.1167
2025-08-15 05:16:52,839 - DEBUG - Joint score for alpha[7]: 0.1175
2025-08-15 05:16:56,352 - DEBUG - Joint score for alpha[8]: 0.1178
2025-08-15 05:16:59,864 - DEBUG - Joint score for alpha[9]: 0.1182
2025-08-15 05:17:03,377 - DEBUG - Joint score for alpha[10]: 0.1173
2025-08-15 05:17:06,889 - DEBUG - Joint score for alpha[11]: 0.1176
2025-08-15 05:17:10,406 - DEBUG - Joint score for alpha[12]: 0.1166
2025-08-15 05:17:13,919 - DEBUG - Joint score for alpha[13]: 0.1172
2025-08-15 05:17:17,430 - DEBUG - Joint score for alpha[14]: 0.1176
2025-08-15 05:17:20,943 - DEBUG - Joint score for alpha[15]: 0.1178
2025-08-15 05:17:27,730 - DEBUG - Joint score for alpha[0]: 0.1177
2025-08-15 05:17:31,248 - DEBUG - Joint score for alpha[1]: 0.1187
2025-08-15 05:17:34,763 - DEBUG - Joint score for alpha[2]: 0.1170
2025-08-15 05:17:38,278 - DEBUG - Joint score for alpha[3]: 0.1185
2025-08-15 05:17:41,793 - DEBUG - Joint score for alpha[4]: 0.1177
2025-08-15 05:17:45,308 - DEBUG - Joint score for alpha[5]: 0.1171
2025-08-15 05:17:48,823 - DEBUG - Joint score for alpha[6]: 0.1178
2025-08-15 05:17:52,337 - DEBUG - Joint score for alpha[7]: 0.1176
2025-08-15 05:17:55,854 - DEBUG - Joint score for alpha[8]: 0.1177
2025-08-15 05:17:59,369 - DEBUG - Joint score for alpha[9]: 0.1181
2025-08-15 05:18:02,887 - DEBUG - Joint score for alpha[10]: 0.1187
2025-08-15 05:18:06,400 - DEBUG - Joint score for alpha[11]: 0.1186
2025-08-15 05:18:09,915 - DEBUG - Joint score for alpha[12]: 0.1179
2025-08-15 05:18:13,429 - DEBUG - Joint score for alpha[13]: 0.1179
2025-08-15 05:18:16,945 - DEBUG - Joint score for alpha[14]: 0.1179
2025-08-15 05:18:20,459 - DEBUG - Joint score for alpha[15]: 0.1179
2025-08-15 05:18:27,321 - DEBUG - Joint score for alpha[0]: 0.1185
2025-08-15 05:18:30,839 - DEBUG - Joint score for alpha[1]: 0.1174
2025-08-15 05:18:34,353 - DEBUG - Joint score for alpha[2]: 0.1188
2025-08-15 05:18:37,866 - DEBUG - Joint score for alpha[3]: 0.1174
2025-08-15 05:18:41,380 - DEBUG - Joint score for alpha[4]: 0.1176
2025-08-15 05:18:44,894 - DEBUG - Joint score for alpha[5]: 0.1189
2025-08-15 05:18:48,406 - DEBUG - Joint score for alpha[6]: 0.1188
2025-08-15 05:18:51,920 - DEBUG - Joint score for alpha[7]: 0.1196
2025-08-15 05:18:55,433 - DEBUG - Joint score for alpha[8]: 0.1184
2025-08-15 05:18:58,946 - DEBUG - Joint score for alpha[9]: 0.1189
2025-08-15 05:19:02,458 - DEBUG - Joint score for alpha[10]: 0.1174
2025-08-15 05:19:05,970 - DEBUG - Joint score for alpha[11]: 0.1185
2025-08-15 05:19:09,481 - DEBUG - Joint score for alpha[12]: 0.1183
2025-08-15 05:19:12,992 - DEBUG - Joint score for alpha[13]: 0.1184
2025-08-15 05:19:16,502 - DEBUG - Joint score for alpha[14]: 0.1182
2025-08-15 05:19:20,014 - DEBUG - Joint score for alpha[15]: 0.1191
2025-08-15 05:19:26,817 - DEBUG - Joint score for alpha[0]: 0.1176
2025-08-15 05:19:30,334 - DEBUG - Joint score for alpha[1]: 0.1178
2025-08-15 05:19:33,847 - DEBUG - Joint score for alpha[2]: 0.1183
2025-08-15 05:19:37,361 - DEBUG - Joint score for alpha[3]: 0.1174
2025-08-15 05:19:40,873 - DEBUG - Joint score for alpha[4]: 0.1183
2025-08-15 05:19:44,387 - DEBUG - Joint score for alpha[5]: 0.1180
2025-08-15 05:19:47,902 - DEBUG - Joint score for alpha[6]: 0.1179
2025-08-15 05:19:51,415 - DEBUG - Joint score for alpha[7]: 0.1173
2025-08-15 05:19:54,929 - DEBUG - Joint score for alpha[8]: 0.1169
2025-08-15 05:19:58,440 - DEBUG - Joint score for alpha[9]: 0.1179
2025-08-15 05:20:01,954 - DEBUG - Joint score for alpha[10]: 0.1177
2025-08-15 05:20:05,466 - DEBUG - Joint score for alpha[11]: 0.1178
2025-08-15 05:20:08,979 - DEBUG - Joint score for alpha[12]: 0.1177
2025-08-15 05:20:12,493 - DEBUG - Joint score for alpha[13]: 0.1177
2025-08-15 05:20:16,006 - DEBUG - Joint score for alpha[14]: 0.1181
2025-08-15 05:20:19,520 - DEBUG - Joint score for alpha[15]: 0.1179
2025-08-15 05:20:19,562 - INFO - Step 66/120: mean CRPS=0.1176
2025-08-15 05:20:19,564 - DEBUG - Beginning Gibbs iteration s = 66
2025-08-15 05:20:26,407 - DEBUG - Joint score for alpha[0]: 0.1165
2025-08-15 05:20:29,924 - DEBUG - Joint score for alpha[1]: 0.1188
2025-08-15 05:20:33,437 - DEBUG - Joint score for alpha[2]: 0.1176
2025-08-15 05:20:36,950 - DEBUG - Joint score for alpha[3]: 0.1173
2025-08-15 05:20:40,463 - DEBUG - Joint score for alpha[4]: 0.1168
2025-08-15 05:20:43,975 - DEBUG - Joint score for alpha[5]: 0.1162
2025-08-15 05:20:47,487 - DEBUG - Joint score for alpha[6]: 0.1194
2025-08-15 05:20:51,000 - DEBUG - Joint score for alpha[7]: 0.1175
2025-08-15 05:20:54,512 - DEBUG - Joint score for alpha[8]: 0.1166
2025-08-15 05:20:58,027 - DEBUG - Joint score for alpha[9]: 0.1178
2025-08-15 05:21:01,543 - DEBUG - Joint score for alpha[10]: 0.1185
2025-08-15 05:21:05,058 - DEBUG - Joint score for alpha[11]: 0.1174
2025-08-15 05:21:08,572 - DEBUG - Joint score for alpha[12]: 0.1184
2025-08-15 05:21:12,086 - DEBUG - Joint score for alpha[13]: 0.1178
2025-08-15 05:21:15,600 - DEBUG - Joint score for alpha[14]: 0.1174
2025-08-15 05:21:19,112 - DEBUG - Joint score for alpha[15]: 0.1172
2025-08-15 05:21:25,875 - DEBUG - Joint score for alpha[0]: 0.1175
2025-08-15 05:21:29,391 - DEBUG - Joint score for alpha[1]: 0.1170
2025-08-15 05:21:32,903 - DEBUG - Joint score for alpha[2]: 0.1193
2025-08-15 05:21:36,416 - DEBUG - Joint score for alpha[3]: 0.1203
2025-08-15 05:21:39,928 - DEBUG - Joint score for alpha[4]: 0.1184
2025-08-15 05:21:43,441 - DEBUG - Joint score for alpha[5]: 0.1183
2025-08-15 05:21:46,954 - DEBUG - Joint score for alpha[6]: 0.1174
2025-08-15 05:21:50,466 - DEBUG - Joint score for alpha[7]: 0.1174
2025-08-15 05:21:53,978 - DEBUG - Joint score for alpha[8]: 0.1184
2025-08-15 05:21:57,490 - DEBUG - Joint score for alpha[9]: 0.1185
2025-08-15 05:22:01,003 - DEBUG - Joint score for alpha[10]: 0.1177
2025-08-15 05:22:04,516 - DEBUG - Joint score for alpha[11]: 0.1184
2025-08-15 05:22:08,029 - DEBUG - Joint score for alpha[12]: 0.1184
2025-08-15 05:22:11,542 - DEBUG - Joint score for alpha[13]: 0.1180
2025-08-15 05:22:15,056 - DEBUG - Joint score for alpha[14]: 0.1195
2025-08-15 05:22:18,568 - DEBUG - Joint score for alpha[15]: 0.1191
2025-08-15 05:22:25,374 - DEBUG - Joint score for alpha[0]: 0.1199
2025-08-15 05:22:28,890 - DEBUG - Joint score for alpha[1]: 0.1196
2025-08-15 05:22:32,402 - DEBUG - Joint score for alpha[2]: 0.1198
2025-08-15 05:22:35,914 - DEBUG - Joint score for alpha[3]: 0.1192
2025-08-15 05:22:39,426 - DEBUG - Joint score for alpha[4]: 0.1200
2025-08-15 05:22:42,939 - DEBUG - Joint score for alpha[5]: 0.1195
2025-08-15 05:22:46,451 - DEBUG - Joint score for alpha[6]: 0.1195
2025-08-15 05:22:49,964 - DEBUG - Joint score for alpha[7]: 0.1187
2025-08-15 05:22:53,477 - DEBUG - Joint score for alpha[8]: 0.1200
2025-08-15 05:22:56,989 - DEBUG - Joint score for alpha[9]: 0.1196
2025-08-15 05:23:00,503 - DEBUG - Joint score for alpha[10]: 0.1197
2025-08-15 05:23:04,016 - DEBUG - Joint score for alpha[11]: 0.1194
2025-08-15 05:23:07,530 - DEBUG - Joint score for alpha[12]: 0.1204
2025-08-15 05:23:11,043 - DEBUG - Joint score for alpha[13]: 0.1190
2025-08-15 05:23:14,556 - DEBUG - Joint score for alpha[14]: 0.1205
2025-08-15 05:23:18,071 - DEBUG - Joint score for alpha[15]: 0.1195
2025-08-15 05:23:24,869 - DEBUG - Joint score for alpha[0]: 0.1201
2025-08-15 05:23:28,385 - DEBUG - Joint score for alpha[1]: 0.1198
2025-08-15 05:23:31,898 - DEBUG - Joint score for alpha[2]: 0.1196
2025-08-15 05:23:35,412 - DEBUG - Joint score for alpha[3]: 0.1200
2025-08-15 05:23:38,924 - DEBUG - Joint score for alpha[4]: 0.1187
2025-08-15 05:23:42,438 - DEBUG - Joint score for alpha[5]: 0.1199
2025-08-15 05:23:45,951 - DEBUG - Joint score for alpha[6]: 0.1197
2025-08-15 05:23:49,465 - DEBUG - Joint score for alpha[7]: 0.1192
2025-08-15 05:23:52,978 - DEBUG - Joint score for alpha[8]: 0.1201
2025-08-15 05:23:56,493 - DEBUG - Joint score for alpha[9]: 0.1202
2025-08-15 05:24:00,007 - DEBUG - Joint score for alpha[10]: 0.1195
2025-08-15 05:24:03,522 - DEBUG - Joint score for alpha[11]: 0.1193
2025-08-15 05:24:07,036 - DEBUG - Joint score for alpha[12]: 0.1194
2025-08-15 05:24:10,551 - DEBUG - Joint score for alpha[13]: 0.1199
2025-08-15 05:24:14,067 - DEBUG - Joint score for alpha[14]: 0.1189
2025-08-15 05:24:17,581 - DEBUG - Joint score for alpha[15]: 0.1190
2025-08-15 05:24:24,358 - DEBUG - Joint score for alpha[0]: 0.1196
2025-08-15 05:24:27,875 - DEBUG - Joint score for alpha[1]: 0.1189
2025-08-15 05:24:31,390 - DEBUG - Joint score for alpha[2]: 0.1188
2025-08-15 05:24:34,904 - DEBUG - Joint score for alpha[3]: 0.1188
2025-08-15 05:24:38,418 - DEBUG - Joint score for alpha[4]: 0.1197
2025-08-15 05:24:41,934 - DEBUG - Joint score for alpha[5]: 0.1198
2025-08-15 05:24:45,448 - DEBUG - Joint score for alpha[6]: 0.1196
2025-08-15 05:24:48,962 - DEBUG - Joint score for alpha[7]: 0.1198
2025-08-15 05:24:52,473 - DEBUG - Joint score for alpha[8]: 0.1205
2025-08-15 05:24:55,986 - DEBUG - Joint score for alpha[9]: 0.1197
2025-08-15 05:24:59,498 - DEBUG - Joint score for alpha[10]: 0.1197
2025-08-15 05:25:03,008 - DEBUG - Joint score for alpha[11]: 0.1194
2025-08-15 05:25:06,519 - DEBUG - Joint score for alpha[12]: 0.1192
2025-08-15 05:25:10,029 - DEBUG - Joint score for alpha[13]: 0.1184
2025-08-15 05:25:13,541 - DEBUG - Joint score for alpha[14]: 0.1200
2025-08-15 05:25:17,055 - DEBUG - Joint score for alpha[15]: 0.1202
2025-08-15 05:25:17,097 - INFO - Step 67/120: mean CRPS=0.1195
2025-08-15 05:25:17,098 - DEBUG - Beginning Gibbs iteration s = 67
2025-08-15 05:25:23,981 - DEBUG - Joint score for alpha[0]: 0.1201
2025-08-15 05:25:27,499 - DEBUG - Joint score for alpha[1]: 0.1200
2025-08-15 05:25:31,013 - DEBUG - Joint score for alpha[2]: 0.1198
2025-08-15 05:25:34,529 - DEBUG - Joint score for alpha[3]: 0.1206
2025-08-15 05:25:38,042 - DEBUG - Joint score for alpha[4]: 0.1191
2025-08-15 05:25:41,557 - DEBUG - Joint score for alpha[5]: 0.1190
2025-08-15 05:25:45,068 - DEBUG - Joint score for alpha[6]: 0.1210
2025-08-15 05:25:48,578 - DEBUG - Joint score for alpha[7]: 0.1193
2025-08-15 05:25:52,089 - DEBUG - Joint score for alpha[8]: 0.1182
2025-08-15 05:25:55,602 - DEBUG - Joint score for alpha[9]: 0.1186
2025-08-15 05:25:59,115 - DEBUG - Joint score for alpha[10]: 0.1184
2025-08-15 05:26:02,627 - DEBUG - Joint score for alpha[11]: 0.1201
2025-08-15 05:26:06,140 - DEBUG - Joint score for alpha[12]: 0.1205
2025-08-15 05:26:09,652 - DEBUG - Joint score for alpha[13]: 0.1193
2025-08-15 05:26:13,163 - DEBUG - Joint score for alpha[14]: 0.1206
2025-08-15 05:26:16,675 - DEBUG - Joint score for alpha[15]: 0.1192
2025-08-15 05:26:23,475 - DEBUG - Joint score for alpha[0]: 0.1200
2025-08-15 05:26:26,993 - DEBUG - Joint score for alpha[1]: 0.1201
2025-08-15 05:26:30,508 - DEBUG - Joint score for alpha[2]: 0.1218
2025-08-15 05:26:34,023 - DEBUG - Joint score for alpha[3]: 0.1212
2025-08-15 05:26:37,536 - DEBUG - Joint score for alpha[4]: 0.1210
2025-08-15 05:26:41,048 - DEBUG - Joint score for alpha[5]: 0.1205
2025-08-15 05:26:44,558 - DEBUG - Joint score for alpha[6]: 0.1195
2025-08-15 05:26:48,068 - DEBUG - Joint score for alpha[7]: 0.1199
2025-08-15 05:26:51,581 - DEBUG - Joint score for alpha[8]: 0.1194
2025-08-15 05:26:55,094 - DEBUG - Joint score for alpha[9]: 0.1199
2025-08-15 05:26:58,609 - DEBUG - Joint score for alpha[10]: 0.1210
2025-08-15 05:27:02,121 - DEBUG - Joint score for alpha[11]: 0.1216
2025-08-15 05:27:05,636 - DEBUG - Joint score for alpha[12]: 0.1210
2025-08-15 05:27:09,152 - DEBUG - Joint score for alpha[13]: 0.1190
2025-08-15 05:27:12,667 - DEBUG - Joint score for alpha[14]: 0.1206
2025-08-15 05:27:16,180 - DEBUG - Joint score for alpha[15]: 0.1207
2025-08-15 05:27:22,958 - DEBUG - Joint score for alpha[0]: 0.1204
2025-08-15 05:27:26,478 - DEBUG - Joint score for alpha[1]: 0.1203
2025-08-15 05:27:29,993 - DEBUG - Joint score for alpha[2]: 0.1195
2025-08-15 05:27:33,508 - DEBUG - Joint score for alpha[3]: 0.1197
2025-08-15 05:27:37,022 - DEBUG - Joint score for alpha[4]: 0.1197
2025-08-15 05:27:40,538 - DEBUG - Joint score for alpha[5]: 0.1188
2025-08-15 05:27:44,052 - DEBUG - Joint score for alpha[6]: 0.1192
2025-08-15 05:27:47,568 - DEBUG - Joint score for alpha[7]: 0.1200
2025-08-15 05:27:51,084 - DEBUG - Joint score for alpha[8]: 0.1206
2025-08-15 05:27:54,600 - DEBUG - Joint score for alpha[9]: 0.1191
2025-08-15 05:27:58,112 - DEBUG - Joint score for alpha[10]: 0.1200
2025-08-15 05:28:01,623 - DEBUG - Joint score for alpha[11]: 0.1201
2025-08-15 05:28:05,135 - DEBUG - Joint score for alpha[12]: 0.1193
2025-08-15 05:28:08,646 - DEBUG - Joint score for alpha[13]: 0.1201
2025-08-15 05:28:12,157 - DEBUG - Joint score for alpha[14]: 0.1192
2025-08-15 05:28:15,670 - DEBUG - Joint score for alpha[15]: 0.1205
2025-08-15 05:28:22,474 - DEBUG - Joint score for alpha[0]: 0.1202
2025-08-15 05:28:25,992 - DEBUG - Joint score for alpha[1]: 0.1195
2025-08-15 05:28:29,505 - DEBUG - Joint score for alpha[2]: 0.1193
2025-08-15 05:28:33,018 - DEBUG - Joint score for alpha[3]: 0.1204
2025-08-15 05:28:36,531 - DEBUG - Joint score for alpha[4]: 0.1198
2025-08-15 05:28:40,045 - DEBUG - Joint score for alpha[5]: 0.1193
2025-08-15 05:28:43,558 - DEBUG - Joint score for alpha[6]: 0.1205
2025-08-15 05:28:47,074 - DEBUG - Joint score for alpha[7]: 0.1198
2025-08-15 05:28:50,588 - DEBUG - Joint score for alpha[8]: 0.1201
2025-08-15 05:28:54,104 - DEBUG - Joint score for alpha[9]: 0.1209
2025-08-15 05:28:57,618 - DEBUG - Joint score for alpha[10]: 0.1193
2025-08-15 05:29:01,134 - DEBUG - Joint score for alpha[11]: 0.1203
2025-08-15 05:29:04,648 - DEBUG - Joint score for alpha[12]: 0.1205
2025-08-15 05:29:08,162 - DEBUG - Joint score for alpha[13]: 0.1199
2025-08-15 05:29:11,672 - DEBUG - Joint score for alpha[14]: 0.1205
2025-08-15 05:29:15,185 - DEBUG - Joint score for alpha[15]: 0.1194
2025-08-15 05:29:21,990 - DEBUG - Joint score for alpha[0]: 0.1195
2025-08-15 05:29:25,508 - DEBUG - Joint score for alpha[1]: 0.1207
2025-08-15 05:29:29,021 - DEBUG - Joint score for alpha[2]: 0.1191
2025-08-15 05:29:32,536 - DEBUG - Joint score for alpha[3]: 0.1202
2025-08-15 05:29:36,049 - DEBUG - Joint score for alpha[4]: 0.1194
2025-08-15 05:29:39,563 - DEBUG - Joint score for alpha[5]: 0.1196
2025-08-15 05:29:43,073 - DEBUG - Joint score for alpha[6]: 0.1193
2025-08-15 05:29:46,583 - DEBUG - Joint score for alpha[7]: 0.1190
2025-08-15 05:29:50,095 - DEBUG - Joint score for alpha[8]: 0.1195
2025-08-15 05:29:53,606 - DEBUG - Joint score for alpha[9]: 0.1197
2025-08-15 05:29:57,118 - DEBUG - Joint score for alpha[10]: 0.1200
2025-08-15 05:30:00,629 - DEBUG - Joint score for alpha[11]: 0.1186
2025-08-15 05:30:04,144 - DEBUG - Joint score for alpha[12]: 0.1191
2025-08-15 05:30:07,654 - DEBUG - Joint score for alpha[13]: 0.1197
2025-08-15 05:30:11,166 - DEBUG - Joint score for alpha[14]: 0.1194
2025-08-15 05:30:14,676 - DEBUG - Joint score for alpha[15]: 0.1197
2025-08-15 05:30:14,718 - INFO - Step 68/120: mean CRPS=0.1193
2025-08-15 05:30:14,721 - DEBUG - Beginning Gibbs iteration s = 68
2025-08-15 05:30:21,827 - DEBUG - Joint score for alpha[0]: 0.1191
2025-08-15 05:30:25,345 - DEBUG - Joint score for alpha[1]: 0.1211
2025-08-15 05:30:28,858 - DEBUG - Joint score for alpha[2]: 0.1204
2025-08-15 05:30:32,373 - DEBUG - Joint score for alpha[3]: 0.1207
2025-08-15 05:30:35,886 - DEBUG - Joint score for alpha[4]: 0.1212
2025-08-15 05:30:39,399 - DEBUG - Joint score for alpha[5]: 0.1194
2025-08-15 05:30:42,912 - DEBUG - Joint score for alpha[6]: 0.1194
2025-08-15 05:30:46,427 - DEBUG - Joint score for alpha[7]: 0.1198
2025-08-15 05:30:49,939 - DEBUG - Joint score for alpha[8]: 0.1215
2025-08-15 05:30:53,452 - DEBUG - Joint score for alpha[9]: 0.1194
2025-08-15 05:30:56,965 - DEBUG - Joint score for alpha[10]: 0.1213
2025-08-15 05:31:00,478 - DEBUG - Joint score for alpha[11]: 0.1220
2025-08-15 05:31:03,990 - DEBUG - Joint score for alpha[12]: 0.1215
2025-08-15 05:31:07,501 - DEBUG - Joint score for alpha[13]: 0.1199
2025-08-15 05:31:11,015 - DEBUG - Joint score for alpha[14]: 0.1210
2025-08-15 05:31:14,528 - DEBUG - Joint score for alpha[15]: 0.1192
2025-08-15 05:31:21,306 - DEBUG - Joint score for alpha[0]: 0.1229
2025-08-15 05:31:24,824 - DEBUG - Joint score for alpha[1]: 0.1218
2025-08-15 05:31:28,338 - DEBUG - Joint score for alpha[2]: 0.1220
2025-08-15 05:31:31,854 - DEBUG - Joint score for alpha[3]: 0.1219
2025-08-15 05:31:35,368 - DEBUG - Joint score for alpha[4]: 0.1221
2025-08-15 05:31:38,884 - DEBUG - Joint score for alpha[5]: 0.1215
2025-08-15 05:31:42,399 - DEBUG - Joint score for alpha[6]: 0.1216
2025-08-15 05:31:45,914 - DEBUG - Joint score for alpha[7]: 0.1222
2025-08-15 05:31:49,428 - DEBUG - Joint score for alpha[8]: 0.1213
2025-08-15 05:31:52,943 - DEBUG - Joint score for alpha[9]: 0.1219
2025-08-15 05:31:56,458 - DEBUG - Joint score for alpha[10]: 0.1214
2025-08-15 05:31:59,972 - DEBUG - Joint score for alpha[11]: 0.1218
2025-08-15 05:32:03,485 - DEBUG - Joint score for alpha[12]: 0.1214
2025-08-15 05:32:06,999 - DEBUG - Joint score for alpha[13]: 0.1217
2025-08-15 05:32:10,512 - DEBUG - Joint score for alpha[14]: 0.1211
2025-08-15 05:32:14,028 - DEBUG - Joint score for alpha[15]: 0.1215
2025-08-15 05:32:20,836 - DEBUG - Joint score for alpha[0]: 0.1232
2025-08-15 05:32:24,354 - DEBUG - Joint score for alpha[1]: 0.1237
2025-08-15 05:32:27,868 - DEBUG - Joint score for alpha[2]: 0.1230
2025-08-15 05:32:31,383 - DEBUG - Joint score for alpha[3]: 0.1225
2025-08-15 05:32:34,894 - DEBUG - Joint score for alpha[4]: 0.1219
2025-08-15 05:32:38,410 - DEBUG - Joint score for alpha[5]: 0.1223
2025-08-15 05:32:41,926 - DEBUG - Joint score for alpha[6]: 0.1228
2025-08-15 05:32:45,442 - DEBUG - Joint score for alpha[7]: 0.1229
2025-08-15 05:32:48,955 - DEBUG - Joint score for alpha[8]: 0.1226
2025-08-15 05:32:52,467 - DEBUG - Joint score for alpha[9]: 0.1227
2025-08-15 05:32:55,980 - DEBUG - Joint score for alpha[10]: 0.1221
2025-08-15 05:32:59,491 - DEBUG - Joint score for alpha[11]: 0.1224
2025-08-15 05:33:03,003 - DEBUG - Joint score for alpha[12]: 0.1224
2025-08-15 05:33:06,514 - DEBUG - Joint score for alpha[13]: 0.1216
2025-08-15 05:33:10,025 - DEBUG - Joint score for alpha[14]: 0.1227
2025-08-15 05:33:13,537 - DEBUG - Joint score for alpha[15]: 0.1223
2025-08-15 05:33:20,396 - DEBUG - Joint score for alpha[0]: 0.1226
2025-08-15 05:33:23,914 - DEBUG - Joint score for alpha[1]: 0.1230
2025-08-15 05:33:27,427 - DEBUG - Joint score for alpha[2]: 0.1225
2025-08-15 05:33:30,941 - DEBUG - Joint score for alpha[3]: 0.1220
2025-08-15 05:33:34,454 - DEBUG - Joint score for alpha[4]: 0.1233
2025-08-15 05:33:37,970 - DEBUG - Joint score for alpha[5]: 0.1223
2025-08-15 05:33:41,483 - DEBUG - Joint score for alpha[6]: 0.1228
2025-08-15 05:33:44,997 - DEBUG - Joint score for alpha[7]: 0.1218
2025-08-15 05:33:48,511 - DEBUG - Joint score for alpha[8]: 0.1220
2025-08-15 05:33:52,023 - DEBUG - Joint score for alpha[9]: 0.1220
2025-08-15 05:33:55,536 - DEBUG - Joint score for alpha[10]: 0.1227
2025-08-15 05:33:59,049 - DEBUG - Joint score for alpha[11]: 0.1219
2025-08-15 05:34:02,563 - DEBUG - Joint score for alpha[12]: 0.1219
2025-08-15 05:34:06,075 - DEBUG - Joint score for alpha[13]: 0.1216
2025-08-15 05:34:09,590 - DEBUG - Joint score for alpha[14]: 0.1226
2025-08-15 05:34:13,102 - DEBUG - Joint score for alpha[15]: 0.1222
2025-08-15 05:34:19,901 - DEBUG - Joint score for alpha[0]: 0.1213
2025-08-15 05:34:23,417 - DEBUG - Joint score for alpha[1]: 0.1213
2025-08-15 05:34:26,930 - DEBUG - Joint score for alpha[2]: 0.1207
2025-08-15 05:34:30,444 - DEBUG - Joint score for alpha[3]: 0.1211
2025-08-15 05:34:33,956 - DEBUG - Joint score for alpha[4]: 0.1216
2025-08-15 05:34:37,470 - DEBUG - Joint score for alpha[5]: 0.1222
2025-08-15 05:34:40,982 - DEBUG - Joint score for alpha[6]: 0.1216
2025-08-15 05:34:44,496 - DEBUG - Joint score for alpha[7]: 0.1220
2025-08-15 05:34:48,006 - DEBUG - Joint score for alpha[8]: 0.1209
2025-08-15 05:34:51,519 - DEBUG - Joint score for alpha[9]: 0.1218
2025-08-15 05:34:55,032 - DEBUG - Joint score for alpha[10]: 0.1219
2025-08-15 05:34:58,543 - DEBUG - Joint score for alpha[11]: 0.1212
2025-08-15 05:35:02,059 - DEBUG - Joint score for alpha[12]: 0.1219
2025-08-15 05:35:05,573 - DEBUG - Joint score for alpha[13]: 0.1221
2025-08-15 05:35:09,089 - DEBUG - Joint score for alpha[14]: 0.1218
2025-08-15 05:35:12,602 - DEBUG - Joint score for alpha[15]: 0.1212
2025-08-15 05:35:12,645 - INFO - Step 69/120: mean CRPS=0.1222
2025-08-15 05:35:12,649 - DEBUG - Beginning Gibbs iteration s = 69
2025-08-15 05:35:19,448 - DEBUG - Joint score for alpha[0]: 0.1213
2025-08-15 05:35:22,967 - DEBUG - Joint score for alpha[1]: 0.1203
2025-08-15 05:35:26,483 - DEBUG - Joint score for alpha[2]: 0.1215
2025-08-15 05:35:29,999 - DEBUG - Joint score for alpha[3]: 0.1210
2025-08-15 05:35:33,514 - DEBUG - Joint score for alpha[4]: 0.1208
2025-08-15 05:35:37,030 - DEBUG - Joint score for alpha[5]: 0.1208
2025-08-15 05:35:40,542 - DEBUG - Joint score for alpha[6]: 0.1227
2025-08-15 05:35:44,055 - DEBUG - Joint score for alpha[7]: 0.1225
2025-08-15 05:35:47,567 - DEBUG - Joint score for alpha[8]: 0.1216
2025-08-15 05:35:51,080 - DEBUG - Joint score for alpha[9]: 0.1219
2025-08-15 05:35:54,594 - DEBUG - Joint score for alpha[10]: 0.1213
2025-08-15 05:35:58,107 - DEBUG - Joint score for alpha[11]: 0.1215
2025-08-15 05:36:01,620 - DEBUG - Joint score for alpha[12]: 0.1218
2025-08-15 05:36:05,134 - DEBUG - Joint score for alpha[13]: 0.1227
2025-08-15 05:36:08,647 - DEBUG - Joint score for alpha[14]: 0.1210
2025-08-15 05:36:12,160 - DEBUG - Joint score for alpha[15]: 0.1207
2025-08-15 05:36:18,944 - DEBUG - Joint score for alpha[0]: 0.1214
2025-08-15 05:36:22,463 - DEBUG - Joint score for alpha[1]: 0.1216
2025-08-15 05:36:25,977 - DEBUG - Joint score for alpha[2]: 0.1218
2025-08-15 05:36:29,491 - DEBUG - Joint score for alpha[3]: 0.1221
2025-08-15 05:36:33,004 - DEBUG - Joint score for alpha[4]: 0.1224
2025-08-15 05:36:36,518 - DEBUG - Joint score for alpha[5]: 0.1222
2025-08-15 05:36:40,031 - DEBUG - Joint score for alpha[6]: 0.1231
2025-08-15 05:36:43,546 - DEBUG - Joint score for alpha[7]: 0.1223
2025-08-15 05:36:47,058 - DEBUG - Joint score for alpha[8]: 0.1225
2025-08-15 05:36:50,572 - DEBUG - Joint score for alpha[9]: 0.1208
2025-08-15 05:36:54,087 - DEBUG - Joint score for alpha[10]: 0.1221
2025-08-15 05:36:57,601 - DEBUG - Joint score for alpha[11]: 0.1206
2025-08-15 05:37:01,115 - DEBUG - Joint score for alpha[12]: 0.1211
2025-08-15 05:37:04,629 - DEBUG - Joint score for alpha[13]: 0.1212
2025-08-15 05:37:08,143 - DEBUG - Joint score for alpha[14]: 0.1224
2025-08-15 05:37:11,658 - DEBUG - Joint score for alpha[15]: 0.1215
2025-08-15 05:37:18,464 - DEBUG - Joint score for alpha[0]: 0.1214
2025-08-15 05:37:21,981 - DEBUG - Joint score for alpha[1]: 0.1213
2025-08-15 05:37:25,495 - DEBUG - Joint score for alpha[2]: 0.1212
2025-08-15 05:37:29,010 - DEBUG - Joint score for alpha[3]: 0.1211
2025-08-15 05:37:32,524 - DEBUG - Joint score for alpha[4]: 0.1208
2025-08-15 05:37:36,038 - DEBUG - Joint score for alpha[5]: 0.1211
2025-08-15 05:37:39,551 - DEBUG - Joint score for alpha[6]: 0.1211
2025-08-15 05:37:43,066 - DEBUG - Joint score for alpha[7]: 0.1216
2025-08-15 05:37:46,579 - DEBUG - Joint score for alpha[8]: 0.1212
2025-08-15 05:37:50,093 - DEBUG - Joint score for alpha[9]: 0.1209
2025-08-15 05:37:53,607 - DEBUG - Joint score for alpha[10]: 0.1204
2025-08-15 05:37:57,121 - DEBUG - Joint score for alpha[11]: 0.1212
2025-08-15 05:38:00,636 - DEBUG - Joint score for alpha[12]: 0.1215
2025-08-15 05:38:04,151 - DEBUG - Joint score for alpha[13]: 0.1216
2025-08-15 05:38:07,666 - DEBUG - Joint score for alpha[14]: 0.1212
2025-08-15 05:38:11,182 - DEBUG - Joint score for alpha[15]: 0.1214
2025-08-15 05:38:17,967 - DEBUG - Joint score for alpha[0]: 0.1214
2025-08-15 05:38:21,485 - DEBUG - Joint score for alpha[1]: 0.1212
2025-08-15 05:38:25,000 - DEBUG - Joint score for alpha[2]: 0.1214
2025-08-15 05:38:28,516 - DEBUG - Joint score for alpha[3]: 0.1207
2025-08-15 05:38:32,031 - DEBUG - Joint score for alpha[4]: 0.1211
2025-08-15 05:38:35,546 - DEBUG - Joint score for alpha[5]: 0.1227
2025-08-15 05:38:39,061 - DEBUG - Joint score for alpha[6]: 0.1214
2025-08-15 05:38:42,576 - DEBUG - Joint score for alpha[7]: 0.1209
2025-08-15 05:38:46,091 - DEBUG - Joint score for alpha[8]: 0.1218
2025-08-15 05:38:49,607 - DEBUG - Joint score for alpha[9]: 0.1200
2025-08-15 05:38:53,122 - DEBUG - Joint score for alpha[10]: 0.1210
2025-08-15 05:38:56,637 - DEBUG - Joint score for alpha[11]: 0.1218
2025-08-15 05:39:00,153 - DEBUG - Joint score for alpha[12]: 0.1213
2025-08-15 05:39:03,668 - DEBUG - Joint score for alpha[13]: 0.1213
2025-08-15 05:39:07,182 - DEBUG - Joint score for alpha[14]: 0.1213
2025-08-15 05:39:10,698 - DEBUG - Joint score for alpha[15]: 0.1210
2025-08-15 05:39:17,493 - DEBUG - Joint score for alpha[0]: 0.1219
2025-08-15 05:39:21,010 - DEBUG - Joint score for alpha[1]: 0.1214
2025-08-15 05:39:24,524 - DEBUG - Joint score for alpha[2]: 0.1213
2025-08-15 05:39:28,037 - DEBUG - Joint score for alpha[3]: 0.1215
2025-08-15 05:39:31,549 - DEBUG - Joint score for alpha[4]: 0.1210
2025-08-15 05:39:35,062 - DEBUG - Joint score for alpha[5]: 0.1220
2025-08-15 05:39:38,576 - DEBUG - Joint score for alpha[6]: 0.1216
2025-08-15 05:39:42,089 - DEBUG - Joint score for alpha[7]: 0.1216
2025-08-15 05:39:45,603 - DEBUG - Joint score for alpha[8]: 0.1220
2025-08-15 05:39:49,117 - DEBUG - Joint score for alpha[9]: 0.1211
2025-08-15 05:39:52,632 - DEBUG - Joint score for alpha[10]: 0.1218
2025-08-15 05:39:56,146 - DEBUG - Joint score for alpha[11]: 0.1210
2025-08-15 05:39:59,658 - DEBUG - Joint score for alpha[12]: 0.1206
2025-08-15 05:40:03,172 - DEBUG - Joint score for alpha[13]: 0.1213
2025-08-15 05:40:06,687 - DEBUG - Joint score for alpha[14]: 0.1216
2025-08-15 05:40:10,201 - DEBUG - Joint score for alpha[15]: 0.1215
2025-08-15 05:40:10,243 - INFO - Step 70/120: mean CRPS=0.1217
2025-08-15 05:40:10,247 - DEBUG - Beginning Gibbs iteration s = 70
2025-08-15 05:40:17,063 - DEBUG - Joint score for alpha[0]: 0.1216
2025-08-15 05:40:20,577 - DEBUG - Joint score for alpha[1]: 0.1223
2025-08-15 05:40:24,088 - DEBUG - Joint score for alpha[2]: 0.1218
2025-08-15 05:40:27,598 - DEBUG - Joint score for alpha[3]: 0.1222
2025-08-15 05:40:31,107 - DEBUG - Joint score for alpha[4]: 0.1219
2025-08-15 05:40:34,618 - DEBUG - Joint score for alpha[5]: 0.1204
2025-08-15 05:40:38,128 - DEBUG - Joint score for alpha[6]: 0.1203
2025-08-15 05:40:41,639 - DEBUG - Joint score for alpha[7]: 0.1210
2025-08-15 05:40:45,148 - DEBUG - Joint score for alpha[8]: 0.1197
2025-08-15 05:40:48,660 - DEBUG - Joint score for alpha[9]: 0.1207
2025-08-15 05:40:52,171 - DEBUG - Joint score for alpha[10]: 0.1218
2025-08-15 05:40:55,682 - DEBUG - Joint score for alpha[11]: 0.1217
2025-08-15 05:40:59,193 - DEBUG - Joint score for alpha[12]: 0.1212
2025-08-15 05:41:02,704 - DEBUG - Joint score for alpha[13]: 0.1224
2025-08-15 05:41:06,217 - DEBUG - Joint score for alpha[14]: 0.1224
2025-08-15 05:41:09,730 - DEBUG - Joint score for alpha[15]: 0.1222
2025-08-15 05:41:16,502 - DEBUG - Joint score for alpha[0]: 0.1218
2025-08-15 05:41:20,021 - DEBUG - Joint score for alpha[1]: 0.1232
2025-08-15 05:41:23,537 - DEBUG - Joint score for alpha[2]: 0.1224
2025-08-15 05:41:27,052 - DEBUG - Joint score for alpha[3]: 0.1224
2025-08-15 05:41:30,565 - DEBUG - Joint score for alpha[4]: 0.1225
2025-08-15 05:41:34,080 - DEBUG - Joint score for alpha[5]: 0.1227
2025-08-15 05:41:37,595 - DEBUG - Joint score for alpha[6]: 0.1233
2025-08-15 05:41:41,111 - DEBUG - Joint score for alpha[7]: 0.1226
2025-08-15 05:41:44,626 - DEBUG - Joint score for alpha[8]: 0.1227
2025-08-15 05:41:48,140 - DEBUG - Joint score for alpha[9]: 0.1235
2025-08-15 05:41:51,655 - DEBUG - Joint score for alpha[10]: 0.1220
2025-08-15 05:41:55,170 - DEBUG - Joint score for alpha[11]: 0.1228
2025-08-15 05:41:58,687 - DEBUG - Joint score for alpha[12]: 0.1217
2025-08-15 05:42:02,202 - DEBUG - Joint score for alpha[13]: 0.1225
2025-08-15 05:42:05,717 - DEBUG - Joint score for alpha[14]: 0.1219
2025-08-15 05:42:09,231 - DEBUG - Joint score for alpha[15]: 0.1227
2025-08-15 05:42:16,105 - DEBUG - Joint score for alpha[0]: 0.1238
2025-08-15 05:42:19,619 - DEBUG - Joint score for alpha[1]: 0.1238
2025-08-15 05:42:24,759 - DEBUG - Joint score for alpha[2]: 0.1231
2025-08-15 05:42:28,268 - DEBUG - Joint score for alpha[3]: 0.1241
2025-08-15 05:42:31,777 - DEBUG - Joint score for alpha[4]: 0.1244
2025-08-15 05:42:35,287 - DEBUG - Joint score for alpha[5]: 0.1230
2025-08-15 05:42:38,796 - DEBUG - Joint score for alpha[6]: 0.1233
2025-08-15 05:42:42,306 - DEBUG - Joint score for alpha[7]: 0.1241
2025-08-15 05:42:45,817 - DEBUG - Joint score for alpha[8]: 0.1237
2025-08-15 05:42:49,328 - DEBUG - Joint score for alpha[9]: 0.1242
2025-08-15 05:42:52,839 - DEBUG - Joint score for alpha[10]: 0.1240
2025-08-15 05:42:56,350 - DEBUG - Joint score for alpha[11]: 0.1236
2025-08-15 05:42:59,862 - DEBUG - Joint score for alpha[12]: 0.1232
2025-08-15 05:43:03,374 - DEBUG - Joint score for alpha[13]: 0.1230
2025-08-15 05:43:06,884 - DEBUG - Joint score for alpha[14]: 0.1237
2025-08-15 05:43:10,394 - DEBUG - Joint score for alpha[15]: 0.1227
2025-08-15 05:43:17,180 - DEBUG - Joint score for alpha[0]: 0.1234
2025-08-15 05:43:20,693 - DEBUG - Joint score for alpha[1]: 0.1235
2025-08-15 05:43:24,203 - DEBUG - Joint score for alpha[2]: 0.1250
2025-08-15 05:43:27,715 - DEBUG - Joint score for alpha[3]: 0.1231
2025-08-15 05:43:31,226 - DEBUG - Joint score for alpha[4]: 0.1234
2025-08-15 05:43:34,737 - DEBUG - Joint score for alpha[5]: 0.1241
2025-08-15 05:43:38,248 - DEBUG - Joint score for alpha[6]: 0.1232
2025-08-15 05:43:41,760 - DEBUG - Joint score for alpha[7]: 0.1239
2025-08-15 05:43:45,271 - DEBUG - Joint score for alpha[8]: 0.1229
2025-08-15 05:43:48,783 - DEBUG - Joint score for alpha[9]: 0.1235
2025-08-15 05:43:52,295 - DEBUG - Joint score for alpha[10]: 0.1221
2025-08-15 05:43:55,806 - DEBUG - Joint score for alpha[11]: 0.1227
2025-08-15 05:43:59,321 - DEBUG - Joint score for alpha[12]: 0.1224
2025-08-15 05:44:02,833 - DEBUG - Joint score for alpha[13]: 0.1228
2025-08-15 05:44:06,346 - DEBUG - Joint score for alpha[14]: 0.1226
2025-08-15 05:44:09,859 - DEBUG - Joint score for alpha[15]: 0.1234
2025-08-15 05:44:16,629 - DEBUG - Joint score for alpha[0]: 0.1243
2025-08-15 05:44:20,144 - DEBUG - Joint score for alpha[1]: 0.1225
2025-08-15 05:44:23,656 - DEBUG - Joint score for alpha[2]: 0.1236
2025-08-15 05:44:27,167 - DEBUG - Joint score for alpha[3]: 0.1225
2025-08-15 05:44:30,678 - DEBUG - Joint score for alpha[4]: 0.1234
2025-08-15 05:44:34,189 - DEBUG - Joint score for alpha[5]: 0.1226
2025-08-15 05:44:37,700 - DEBUG - Joint score for alpha[6]: 0.1235
2025-08-15 05:44:41,212 - DEBUG - Joint score for alpha[7]: 0.1231
2025-08-15 05:44:44,723 - DEBUG - Joint score for alpha[8]: 0.1227
2025-08-15 05:44:48,235 - DEBUG - Joint score for alpha[9]: 0.1223
2025-08-15 05:44:51,746 - DEBUG - Joint score for alpha[10]: 0.1224
2025-08-15 05:44:55,258 - DEBUG - Joint score for alpha[11]: 0.1227
2025-08-15 05:44:58,769 - DEBUG - Joint score for alpha[12]: 0.1228
2025-08-15 05:45:02,281 - DEBUG - Joint score for alpha[13]: 0.1225
2025-08-15 05:45:05,792 - DEBUG - Joint score for alpha[14]: 0.1231
2025-08-15 05:45:09,304 - DEBUG - Joint score for alpha[15]: 0.1232
2025-08-15 05:45:09,347 - INFO - Step 71/120: mean CRPS=0.1224
2025-08-15 05:45:09,352 - DEBUG - Beginning Gibbs iteration s = 71
2025-08-15 05:45:16,305 - DEBUG - Joint score for alpha[0]: 0.1239
2025-08-15 05:45:19,819 - DEBUG - Joint score for alpha[1]: 0.1249
2025-08-15 05:45:23,330 - DEBUG - Joint score for alpha[2]: 0.1223
2025-08-15 05:45:26,841 - DEBUG - Joint score for alpha[3]: 0.1244
2025-08-15 05:45:30,351 - DEBUG - Joint score for alpha[4]: 0.1236
2025-08-15 05:45:33,862 - DEBUG - Joint score for alpha[5]: 0.1239
2025-08-15 05:45:37,372 - DEBUG - Joint score for alpha[6]: 0.1253
2025-08-15 05:45:40,882 - DEBUG - Joint score for alpha[7]: 0.1235
2025-08-15 05:45:44,394 - DEBUG - Joint score for alpha[8]: 0.1230
2025-08-15 05:45:47,905 - DEBUG - Joint score for alpha[9]: 0.1239
2025-08-15 05:45:51,417 - DEBUG - Joint score for alpha[10]: 0.1245
2025-08-15 05:45:54,927 - DEBUG - Joint score for alpha[11]: 0.1247
2025-08-15 05:45:58,440 - DEBUG - Joint score for alpha[12]: 0.1242
2025-08-15 05:46:01,954 - DEBUG - Joint score for alpha[13]: 0.1255
2025-08-15 05:46:05,466 - DEBUG - Joint score for alpha[14]: 0.1235
2025-08-15 05:46:08,979 - DEBUG - Joint score for alpha[15]: 0.1250
2025-08-15 05:46:15,772 - DEBUG - Joint score for alpha[0]: 0.1243
2025-08-15 05:46:19,288 - DEBUG - Joint score for alpha[1]: 0.1238
2025-08-15 05:46:22,800 - DEBUG - Joint score for alpha[2]: 0.1232
2025-08-15 05:46:26,313 - DEBUG - Joint score for alpha[3]: 0.1241
2025-08-15 05:46:29,824 - DEBUG - Joint score for alpha[4]: 0.1232
2025-08-15 05:46:33,337 - DEBUG - Joint score for alpha[5]: 0.1231
2025-08-15 05:46:36,849 - DEBUG - Joint score for alpha[6]: 0.1252
2025-08-15 05:46:40,362 - DEBUG - Joint score for alpha[7]: 0.1247
2025-08-15 05:46:43,875 - DEBUG - Joint score for alpha[8]: 0.1241
2025-08-15 05:46:47,387 - DEBUG - Joint score for alpha[9]: 0.1249
2025-08-15 05:46:50,901 - DEBUG - Joint score for alpha[10]: 0.1232
2025-08-15 05:46:54,413 - DEBUG - Joint score for alpha[11]: 0.1248
2025-08-15 05:46:57,925 - DEBUG - Joint score for alpha[12]: 0.1245
2025-08-15 05:47:01,438 - DEBUG - Joint score for alpha[13]: 0.1237
2025-08-15 05:47:04,949 - DEBUG - Joint score for alpha[14]: 0.1241
2025-08-15 05:47:08,462 - DEBUG - Joint score for alpha[15]: 0.1241
2025-08-15 05:47:15,278 - DEBUG - Joint score for alpha[0]: 0.1241
2025-08-15 05:47:18,792 - DEBUG - Joint score for alpha[1]: 0.1248
2025-08-15 05:47:22,304 - DEBUG - Joint score for alpha[2]: 0.1241
2025-08-15 05:47:25,815 - DEBUG - Joint score for alpha[3]: 0.1244
2025-08-15 05:47:29,327 - DEBUG - Joint score for alpha[4]: 0.1246
2025-08-15 05:47:32,839 - DEBUG - Joint score for alpha[5]: 0.1240
2025-08-15 05:47:36,351 - DEBUG - Joint score for alpha[6]: 0.1242
2025-08-15 05:47:39,864 - DEBUG - Joint score for alpha[7]: 0.1242
2025-08-15 05:47:43,376 - DEBUG - Joint score for alpha[8]: 0.1235
2025-08-15 05:47:46,889 - DEBUG - Joint score for alpha[9]: 0.1241
2025-08-15 05:47:50,403 - DEBUG - Joint score for alpha[10]: 0.1241
2025-08-15 05:47:53,915 - DEBUG - Joint score for alpha[11]: 0.1240
2025-08-15 05:47:57,428 - DEBUG - Joint score for alpha[12]: 0.1244
2025-08-15 05:48:00,941 - DEBUG - Joint score for alpha[13]: 0.1242
2025-08-15 05:48:04,455 - DEBUG - Joint score for alpha[14]: 0.1247
2025-08-15 05:48:07,970 - DEBUG - Joint score for alpha[15]: 0.1248
2025-08-15 05:48:14,751 - DEBUG - Joint score for alpha[0]: 0.1246
2025-08-15 05:48:18,267 - DEBUG - Joint score for alpha[1]: 0.1251
2025-08-15 05:48:21,780 - DEBUG - Joint score for alpha[2]: 0.1243
2025-08-15 05:48:25,294 - DEBUG - Joint score for alpha[3]: 0.1244
2025-08-15 05:48:28,807 - DEBUG - Joint score for alpha[4]: 0.1241
2025-08-15 05:48:32,320 - DEBUG - Joint score for alpha[5]: 0.1243
2025-08-15 05:48:35,833 - DEBUG - Joint score for alpha[6]: 0.1246
2025-08-15 05:48:39,347 - DEBUG - Joint score for alpha[7]: 0.1240
2025-08-15 05:48:42,860 - DEBUG - Joint score for alpha[8]: 0.1248
2025-08-15 05:48:46,375 - DEBUG - Joint score for alpha[9]: 0.1243
2025-08-15 05:48:49,890 - DEBUG - Joint score for alpha[10]: 0.1253
2025-08-15 05:48:53,404 - DEBUG - Joint score for alpha[11]: 0.1245
2025-08-15 05:48:56,919 - DEBUG - Joint score for alpha[12]: 0.1244
2025-08-15 05:49:00,433 - DEBUG - Joint score for alpha[13]: 0.1251
2025-08-15 05:49:03,950 - DEBUG - Joint score for alpha[14]: 0.1243
2025-08-15 05:49:07,466 - DEBUG - Joint score for alpha[15]: 0.1247
2025-08-15 05:49:14,241 - DEBUG - Joint score for alpha[0]: 0.1245
2025-08-15 05:49:17,759 - DEBUG - Joint score for alpha[1]: 0.1245
2025-08-15 05:49:21,274 - DEBUG - Joint score for alpha[2]: 0.1235
2025-08-15 05:49:24,790 - DEBUG - Joint score for alpha[3]: 0.1239
2025-08-15 05:49:28,304 - DEBUG - Joint score for alpha[4]: 0.1236
2025-08-15 05:49:31,817 - DEBUG - Joint score for alpha[5]: 0.1238
2025-08-15 05:49:35,329 - DEBUG - Joint score for alpha[6]: 0.1240
2025-08-15 05:49:38,842 - DEBUG - Joint score for alpha[7]: 0.1234
2025-08-15 05:49:42,355 - DEBUG - Joint score for alpha[8]: 0.1244
2025-08-15 05:49:45,868 - DEBUG - Joint score for alpha[9]: 0.1241
2025-08-15 05:49:49,380 - DEBUG - Joint score for alpha[10]: 0.1245
2025-08-15 05:49:52,892 - DEBUG - Joint score for alpha[11]: 0.1253
2025-08-15 05:49:56,408 - DEBUG - Joint score for alpha[12]: 0.1250
2025-08-15 05:49:59,921 - DEBUG - Joint score for alpha[13]: 0.1242
2025-08-15 05:50:03,435 - DEBUG - Joint score for alpha[14]: 0.1243
2025-08-15 05:50:06,948 - DEBUG - Joint score for alpha[15]: 0.1246
2025-08-15 05:50:06,990 - INFO - Step 72/120: mean CRPS=0.1245
2025-08-15 05:50:06,994 - DEBUG - Beginning Gibbs iteration s = 72
2025-08-15 05:50:13,880 - DEBUG - Joint score for alpha[0]: 0.1236
2025-08-15 05:50:17,396 - DEBUG - Joint score for alpha[1]: 0.1230
2025-08-15 05:50:20,910 - DEBUG - Joint score for alpha[2]: 0.1235
2025-08-15 05:50:24,425 - DEBUG - Joint score for alpha[3]: 0.1238
2025-08-15 05:50:27,938 - DEBUG - Joint score for alpha[4]: 0.1232
2025-08-15 05:50:31,453 - DEBUG - Joint score for alpha[5]: 0.1246
2025-08-15 05:50:34,967 - DEBUG - Joint score for alpha[6]: 0.1240
2025-08-15 05:50:38,481 - DEBUG - Joint score for alpha[7]: 0.1222
2025-08-15 05:50:41,996 - DEBUG - Joint score for alpha[8]: 0.1235
2025-08-15 05:50:45,511 - DEBUG - Joint score for alpha[9]: 0.1252
2025-08-15 05:50:49,027 - DEBUG - Joint score for alpha[10]: 0.1241
2025-08-15 05:50:52,541 - DEBUG - Joint score for alpha[11]: 0.1211
2025-08-15 05:50:56,058 - DEBUG - Joint score for alpha[12]: 0.1227
2025-08-15 05:50:59,572 - DEBUG - Joint score for alpha[13]: 0.1233
2025-08-15 05:51:03,088 - DEBUG - Joint score for alpha[14]: 0.1226
2025-08-15 05:51:06,602 - DEBUG - Joint score for alpha[15]: 0.1245
2025-08-15 05:51:13,399 - DEBUG - Joint score for alpha[0]: 0.1219
2025-08-15 05:51:16,915 - DEBUG - Joint score for alpha[1]: 0.1229
2025-08-15 05:51:20,428 - DEBUG - Joint score for alpha[2]: 0.1232
2025-08-15 05:51:23,941 - DEBUG - Joint score for alpha[3]: 0.1234
2025-08-15 05:51:27,455 - DEBUG - Joint score for alpha[4]: 0.1231
2025-08-15 05:51:30,969 - DEBUG - Joint score for alpha[5]: 0.1247
2025-08-15 05:51:34,482 - DEBUG - Joint score for alpha[6]: 0.1234
2025-08-15 05:51:37,996 - DEBUG - Joint score for alpha[7]: 0.1233
2025-08-15 05:51:41,510 - DEBUG - Joint score for alpha[8]: 0.1235
2025-08-15 05:51:45,023 - DEBUG - Joint score for alpha[9]: 0.1240
2025-08-15 05:51:48,537 - DEBUG - Joint score for alpha[10]: 0.1235
2025-08-15 05:51:52,050 - DEBUG - Joint score for alpha[11]: 0.1225
2025-08-15 05:51:55,565 - DEBUG - Joint score for alpha[12]: 0.1238
2025-08-15 05:51:59,076 - DEBUG - Joint score for alpha[13]: 0.1234
2025-08-15 05:52:02,589 - DEBUG - Joint score for alpha[14]: 0.1233
2025-08-15 05:52:06,102 - DEBUG - Joint score for alpha[15]: 0.1228
2025-08-15 05:52:12,905 - DEBUG - Joint score for alpha[0]: 0.1224
2025-08-15 05:52:16,420 - DEBUG - Joint score for alpha[1]: 0.1224
2025-08-15 05:52:19,932 - DEBUG - Joint score for alpha[2]: 0.1225
2025-08-15 05:52:23,445 - DEBUG - Joint score for alpha[3]: 0.1219
2025-08-15 05:52:26,957 - DEBUG - Joint score for alpha[4]: 0.1221
2025-08-15 05:52:30,469 - DEBUG - Joint score for alpha[5]: 0.1234
2025-08-15 05:52:33,980 - DEBUG - Joint score for alpha[6]: 0.1231
2025-08-15 05:52:37,492 - DEBUG - Joint score for alpha[7]: 0.1220
2025-08-15 05:52:41,005 - DEBUG - Joint score for alpha[8]: 0.1215
2025-08-15 05:52:44,519 - DEBUG - Joint score for alpha[9]: 0.1221
2025-08-15 05:52:48,033 - DEBUG - Joint score for alpha[10]: 0.1222
2025-08-15 05:52:51,546 - DEBUG - Joint score for alpha[11]: 0.1224
2025-08-15 05:52:55,061 - DEBUG - Joint score for alpha[12]: 0.1228
2025-08-15 05:52:58,574 - DEBUG - Joint score for alpha[13]: 0.1224
2025-08-15 05:53:02,088 - DEBUG - Joint score for alpha[14]: 0.1223
2025-08-15 05:53:05,601 - DEBUG - Joint score for alpha[15]: 0.1227
2025-08-15 05:53:12,376 - DEBUG - Joint score for alpha[0]: 0.1225
2025-08-15 05:53:15,892 - DEBUG - Joint score for alpha[1]: 0.1234
2025-08-15 05:53:19,405 - DEBUG - Joint score for alpha[2]: 0.1219
2025-08-15 05:53:22,918 - DEBUG - Joint score for alpha[3]: 0.1221
2025-08-15 05:53:26,430 - DEBUG - Joint score for alpha[4]: 0.1219
2025-08-15 05:53:29,943 - DEBUG - Joint score for alpha[5]: 0.1220
2025-08-15 05:53:33,456 - DEBUG - Joint score for alpha[6]: 0.1221
2025-08-15 05:53:36,969 - DEBUG - Joint score for alpha[7]: 0.1228
2025-08-15 05:53:40,482 - DEBUG - Joint score for alpha[8]: 0.1224
2025-08-15 05:53:43,994 - DEBUG - Joint score for alpha[9]: 0.1226
2025-08-15 05:53:47,507 - DEBUG - Joint score for alpha[10]: 0.1218
2025-08-15 05:53:51,018 - DEBUG - Joint score for alpha[11]: 0.1231
2025-08-15 05:53:54,531 - DEBUG - Joint score for alpha[12]: 0.1223
2025-08-15 05:53:58,043 - DEBUG - Joint score for alpha[13]: 0.1230
2025-08-15 05:54:01,554 - DEBUG - Joint score for alpha[14]: 0.1225
2025-08-15 05:54:05,066 - DEBUG - Joint score for alpha[15]: 0.1221
2025-08-15 05:54:11,867 - DEBUG - Joint score for alpha[0]: 0.1228
2025-08-15 05:54:15,385 - DEBUG - Joint score for alpha[1]: 0.1226
2025-08-15 05:54:18,896 - DEBUG - Joint score for alpha[2]: 0.1227
2025-08-15 05:54:22,408 - DEBUG - Joint score for alpha[3]: 0.1222
2025-08-15 05:54:25,919 - DEBUG - Joint score for alpha[4]: 0.1229
2025-08-15 05:54:29,431 - DEBUG - Joint score for alpha[5]: 0.1234
2025-08-15 05:54:32,942 - DEBUG - Joint score for alpha[6]: 0.1227
2025-08-15 05:54:36,455 - DEBUG - Joint score for alpha[7]: 0.1229
2025-08-15 05:54:39,967 - DEBUG - Joint score for alpha[8]: 0.1226
2025-08-15 05:54:43,480 - DEBUG - Joint score for alpha[9]: 0.1231
2025-08-15 05:54:46,994 - DEBUG - Joint score for alpha[10]: 0.1222
2025-08-15 05:54:50,508 - DEBUG - Joint score for alpha[11]: 0.1230
2025-08-15 05:54:54,021 - DEBUG - Joint score for alpha[12]: 0.1235
2025-08-15 05:54:57,533 - DEBUG - Joint score for alpha[13]: 0.1229
2025-08-15 05:55:01,047 - DEBUG - Joint score for alpha[14]: 0.1228
2025-08-15 05:55:04,561 - DEBUG - Joint score for alpha[15]: 0.1226
2025-08-15 05:55:04,603 - INFO - Step 73/120: mean CRPS=0.1229
2025-08-15 05:55:04,607 - DEBUG - Beginning Gibbs iteration s = 73
2025-08-15 05:55:11,435 - DEBUG - Joint score for alpha[0]: 0.1234
2025-08-15 05:55:14,953 - DEBUG - Joint score for alpha[1]: 0.1231
2025-08-15 05:55:18,466 - DEBUG - Joint score for alpha[2]: 0.1217
2025-08-15 05:55:21,978 - DEBUG - Joint score for alpha[3]: 0.1230
2025-08-15 05:55:25,489 - DEBUG - Joint score for alpha[4]: 0.1220
2025-08-15 05:55:29,001 - DEBUG - Joint score for alpha[5]: 0.1226
2025-08-15 05:55:32,513 - DEBUG - Joint score for alpha[6]: 0.1229
2025-08-15 05:55:36,025 - DEBUG - Joint score for alpha[7]: 0.1228
2025-08-15 05:55:39,538 - DEBUG - Joint score for alpha[8]: 0.1228
2025-08-15 05:55:43,050 - DEBUG - Joint score for alpha[9]: 0.1242
2025-08-15 05:55:46,565 - DEBUG - Joint score for alpha[10]: 0.1220
2025-08-15 05:55:50,078 - DEBUG - Joint score for alpha[11]: 0.1236
2025-08-15 05:55:53,594 - DEBUG - Joint score for alpha[12]: 0.1227
2025-08-15 05:55:57,107 - DEBUG - Joint score for alpha[13]: 0.1226
2025-08-15 05:56:00,623 - DEBUG - Joint score for alpha[14]: 0.1246
2025-08-15 05:56:04,137 - DEBUG - Joint score for alpha[15]: 0.1220
2025-08-15 05:56:10,909 - DEBUG - Joint score for alpha[0]: 0.1238
2025-08-15 05:56:14,428 - DEBUG - Joint score for alpha[1]: 0.1247
2025-08-15 05:56:17,944 - DEBUG - Joint score for alpha[2]: 0.1244
2025-08-15 05:56:21,460 - DEBUG - Joint score for alpha[3]: 0.1245
2025-08-15 05:56:24,973 - DEBUG - Joint score for alpha[4]: 0.1245
2025-08-15 05:56:28,486 - DEBUG - Joint score for alpha[5]: 0.1244
2025-08-15 05:56:31,998 - DEBUG - Joint score for alpha[6]: 0.1243
2025-08-15 05:56:35,511 - DEBUG - Joint score for alpha[7]: 0.1241
2025-08-15 05:56:39,024 - DEBUG - Joint score for alpha[8]: 0.1231
2025-08-15 05:56:42,537 - DEBUG - Joint score for alpha[9]: 0.1250
2025-08-15 05:56:46,049 - DEBUG - Joint score for alpha[10]: 0.1247
2025-08-15 05:56:49,562 - DEBUG - Joint score for alpha[11]: 0.1247
2025-08-15 05:56:53,074 - DEBUG - Joint score for alpha[12]: 0.1250
2025-08-15 05:56:56,587 - DEBUG - Joint score for alpha[13]: 0.1244
2025-08-15 05:57:00,098 - DEBUG - Joint score for alpha[14]: 0.1238
2025-08-15 05:57:03,612 - DEBUG - Joint score for alpha[15]: 0.1240
2025-08-15 05:57:10,416 - DEBUG - Joint score for alpha[0]: 0.1232
2025-08-15 05:57:13,933 - DEBUG - Joint score for alpha[1]: 0.1234
2025-08-15 05:57:17,445 - DEBUG - Joint score for alpha[2]: 0.1243
2025-08-15 05:57:20,957 - DEBUG - Joint score for alpha[3]: 0.1239
2025-08-15 05:57:24,467 - DEBUG - Joint score for alpha[4]: 0.1227
2025-08-15 05:57:27,978 - DEBUG - Joint score for alpha[5]: 0.1235
2025-08-15 05:57:31,489 - DEBUG - Joint score for alpha[6]: 0.1233
2025-08-15 05:57:35,000 - DEBUG - Joint score for alpha[7]: 0.1217
2025-08-15 05:57:38,512 - DEBUG - Joint score for alpha[8]: 0.1239
2025-08-15 05:57:42,023 - DEBUG - Joint score for alpha[9]: 0.1236
2025-08-15 05:57:45,535 - DEBUG - Joint score for alpha[10]: 0.1232
2025-08-15 05:57:49,049 - DEBUG - Joint score for alpha[11]: 0.1245
2025-08-15 05:57:52,560 - DEBUG - Joint score for alpha[12]: 0.1224
2025-08-15 05:57:56,072 - DEBUG - Joint score for alpha[13]: 0.1237
2025-08-15 05:57:59,585 - DEBUG - Joint score for alpha[14]: 0.1234
2025-08-15 05:58:03,096 - DEBUG - Joint score for alpha[15]: 0.1220
2025-08-15 05:58:09,899 - DEBUG - Joint score for alpha[0]: 0.1235
2025-08-15 05:58:13,417 - DEBUG - Joint score for alpha[1]: 0.1236
2025-08-15 05:58:16,933 - DEBUG - Joint score for alpha[2]: 0.1226
2025-08-15 05:58:20,444 - DEBUG - Joint score for alpha[3]: 0.1234
2025-08-15 05:58:23,953 - DEBUG - Joint score for alpha[4]: 0.1250
2025-08-15 05:58:27,465 - DEBUG - Joint score for alpha[5]: 0.1234
2025-08-15 05:58:30,977 - DEBUG - Joint score for alpha[6]: 0.1235
2025-08-15 05:58:34,491 - DEBUG - Joint score for alpha[7]: 0.1235
2025-08-15 05:58:38,005 - DEBUG - Joint score for alpha[8]: 0.1238
2025-08-15 05:58:41,520 - DEBUG - Joint score for alpha[9]: 0.1247
2025-08-15 05:58:45,032 - DEBUG - Joint score for alpha[10]: 0.1231
2025-08-15 05:58:48,547 - DEBUG - Joint score for alpha[11]: 0.1238
2025-08-15 05:58:52,061 - DEBUG - Joint score for alpha[12]: 0.1243
2025-08-15 05:58:55,575 - DEBUG - Joint score for alpha[13]: 0.1244
2025-08-15 05:58:59,088 - DEBUG - Joint score for alpha[14]: 0.1233
2025-08-15 05:59:02,603 - DEBUG - Joint score for alpha[15]: 0.1231
2025-08-15 05:59:09,378 - DEBUG - Joint score for alpha[0]: 0.1240
2025-08-15 05:59:12,896 - DEBUG - Joint score for alpha[1]: 0.1238
2025-08-15 05:59:16,412 - DEBUG - Joint score for alpha[2]: 0.1234
2025-08-15 05:59:19,927 - DEBUG - Joint score for alpha[3]: 0.1249
2025-08-15 05:59:23,439 - DEBUG - Joint score for alpha[4]: 0.1237
2025-08-15 05:59:26,953 - DEBUG - Joint score for alpha[5]: 0.1241
2025-08-15 05:59:30,467 - DEBUG - Joint score for alpha[6]: 0.1239
2025-08-15 05:59:33,981 - DEBUG - Joint score for alpha[7]: 0.1235
2025-08-15 05:59:37,495 - DEBUG - Joint score for alpha[8]: 0.1242
2025-08-15 05:59:41,008 - DEBUG - Joint score for alpha[9]: 0.1243
2025-08-15 05:59:44,522 - DEBUG - Joint score for alpha[10]: 0.1244
2025-08-15 05:59:48,035 - DEBUG - Joint score for alpha[11]: 0.1244
2025-08-15 05:59:51,548 - DEBUG - Joint score for alpha[12]: 0.1239
2025-08-15 05:59:55,062 - DEBUG - Joint score for alpha[13]: 0.1244
2025-08-15 05:59:58,577 - DEBUG - Joint score for alpha[14]: 0.1234
2025-08-15 06:00:02,090 - DEBUG - Joint score for alpha[15]: 0.1238
2025-08-15 06:00:02,132 - INFO - Step 74/120: mean CRPS=0.1239
2025-08-15 06:00:02,137 - DEBUG - Beginning Gibbs iteration s = 74
2025-08-15 06:00:09,042 - DEBUG - Joint score for alpha[0]: 0.1242
2025-08-15 06:00:12,560 - DEBUG - Joint score for alpha[1]: 0.1255
2025-08-15 06:00:16,075 - DEBUG - Joint score for alpha[2]: 0.1240
2025-08-15 06:00:19,591 - DEBUG - Joint score for alpha[3]: 0.1247
2025-08-15 06:00:23,107 - DEBUG - Joint score for alpha[4]: 0.1252
2025-08-15 06:00:26,623 - DEBUG - Joint score for alpha[5]: 0.1231
2025-08-15 06:00:30,140 - DEBUG - Joint score for alpha[6]: 0.1226
2025-08-15 06:00:33,654 - DEBUG - Joint score for alpha[7]: 0.1243
2025-08-15 06:00:37,167 - DEBUG - Joint score for alpha[8]: 0.1238
2025-08-15 06:00:40,679 - DEBUG - Joint score for alpha[9]: 0.1241
2025-08-15 06:00:44,193 - DEBUG - Joint score for alpha[10]: 0.1259
2025-08-15 06:00:47,707 - DEBUG - Joint score for alpha[11]: 0.1244
2025-08-15 06:00:51,221 - DEBUG - Joint score for alpha[12]: 0.1244
2025-08-15 06:00:54,735 - DEBUG - Joint score for alpha[13]: 0.1240
2025-08-15 06:00:58,249 - DEBUG - Joint score for alpha[14]: 0.1266
2025-08-15 06:01:01,765 - DEBUG - Joint score for alpha[15]: 0.1264
2025-08-15 06:01:08,566 - DEBUG - Joint score for alpha[0]: 0.1241
2025-08-15 06:01:12,084 - DEBUG - Joint score for alpha[1]: 0.1248
2025-08-15 06:01:15,597 - DEBUG - Joint score for alpha[2]: 0.1247
2025-08-15 06:01:19,111 - DEBUG - Joint score for alpha[3]: 0.1245
2025-08-15 06:01:22,626 - DEBUG - Joint score for alpha[4]: 0.1257
2025-08-15 06:01:26,140 - DEBUG - Joint score for alpha[5]: 0.1245
2025-08-15 06:01:29,655 - DEBUG - Joint score for alpha[6]: 0.1246
2025-08-15 06:01:33,171 - DEBUG - Joint score for alpha[7]: 0.1242
2025-08-15 06:01:36,687 - DEBUG - Joint score for alpha[8]: 0.1246
2025-08-15 06:01:40,201 - DEBUG - Joint score for alpha[9]: 0.1251
2025-08-15 06:01:43,715 - DEBUG - Joint score for alpha[10]: 0.1241
2025-08-15 06:01:47,229 - DEBUG - Joint score for alpha[11]: 0.1245
2025-08-15 06:01:50,745 - DEBUG - Joint score for alpha[12]: 0.1251
2025-08-15 06:01:54,260 - DEBUG - Joint score for alpha[13]: 0.1252
2025-08-15 06:01:57,775 - DEBUG - Joint score for alpha[14]: 0.1255
2025-08-15 06:02:01,291 - DEBUG - Joint score for alpha[15]: 0.1245
2025-08-15 06:02:08,055 - DEBUG - Joint score for alpha[0]: 0.1240
2025-08-15 06:02:11,576 - DEBUG - Joint score for alpha[1]: 0.1253
2025-08-15 06:02:15,092 - DEBUG - Joint score for alpha[2]: 0.1236
2025-08-15 06:02:18,609 - DEBUG - Joint score for alpha[3]: 0.1241
2025-08-15 06:02:22,127 - DEBUG - Joint score for alpha[4]: 0.1252
2025-08-15 06:02:25,645 - DEBUG - Joint score for alpha[5]: 0.1241
2025-08-15 06:02:29,162 - DEBUG - Joint score for alpha[6]: 0.1236
2025-08-15 06:02:32,678 - DEBUG - Joint score for alpha[7]: 0.1236
2025-08-15 06:02:36,192 - DEBUG - Joint score for alpha[8]: 0.1252
2025-08-15 06:02:39,704 - DEBUG - Joint score for alpha[9]: 0.1246
2025-08-15 06:02:43,216 - DEBUG - Joint score for alpha[10]: 0.1249
2025-08-15 06:02:46,729 - DEBUG - Joint score for alpha[11]: 0.1240
2025-08-15 06:02:50,242 - DEBUG - Joint score for alpha[12]: 0.1246
2025-08-15 06:02:53,756 - DEBUG - Joint score for alpha[13]: 0.1246
2025-08-15 06:02:57,268 - DEBUG - Joint score for alpha[14]: 0.1244
2025-08-15 06:03:00,783 - DEBUG - Joint score for alpha[15]: 0.1243
2025-08-15 06:03:07,578 - DEBUG - Joint score for alpha[0]: 0.1244
2025-08-15 06:03:11,098 - DEBUG - Joint score for alpha[1]: 0.1247
2025-08-15 06:03:14,614 - DEBUG - Joint score for alpha[2]: 0.1250
2025-08-15 06:03:18,129 - DEBUG - Joint score for alpha[3]: 0.1239
2025-08-15 06:03:21,641 - DEBUG - Joint score for alpha[4]: 0.1247
2025-08-15 06:03:25,154 - DEBUG - Joint score for alpha[5]: 0.1248
2025-08-15 06:03:28,667 - DEBUG - Joint score for alpha[6]: 0.1243
2025-08-15 06:03:32,181 - DEBUG - Joint score for alpha[7]: 0.1240
2025-08-15 06:03:35,695 - DEBUG - Joint score for alpha[8]: 0.1240
2025-08-15 06:03:39,207 - DEBUG - Joint score for alpha[9]: 0.1254
2025-08-15 06:03:42,720 - DEBUG - Joint score for alpha[10]: 0.1244
2025-08-15 06:03:46,233 - DEBUG - Joint score for alpha[11]: 0.1238
2025-08-15 06:03:49,747 - DEBUG - Joint score for alpha[12]: 0.1247
2025-08-15 06:03:53,261 - DEBUG - Joint score for alpha[13]: 0.1253
2025-08-15 06:03:56,775 - DEBUG - Joint score for alpha[14]: 0.1252
2025-08-15 06:04:00,290 - DEBUG - Joint score for alpha[15]: 0.1245
2025-08-15 06:04:07,090 - DEBUG - Joint score for alpha[0]: 0.1252
2025-08-15 06:04:10,606 - DEBUG - Joint score for alpha[1]: 0.1244
2025-08-15 06:04:14,119 - DEBUG - Joint score for alpha[2]: 0.1247
2025-08-15 06:04:17,632 - DEBUG - Joint score for alpha[3]: 0.1243
2025-08-15 06:04:21,145 - DEBUG - Joint score for alpha[4]: 0.1240
2025-08-15 06:04:24,659 - DEBUG - Joint score for alpha[5]: 0.1237
2025-08-15 06:04:28,174 - DEBUG - Joint score for alpha[6]: 0.1248
2025-08-15 06:04:31,687 - DEBUG - Joint score for alpha[7]: 0.1244
2025-08-15 06:04:35,201 - DEBUG - Joint score for alpha[8]: 0.1250
2025-08-15 06:04:38,714 - DEBUG - Joint score for alpha[9]: 0.1260
2025-08-15 06:04:42,229 - DEBUG - Joint score for alpha[10]: 0.1248
2025-08-15 06:04:45,744 - DEBUG - Joint score for alpha[11]: 0.1261
2025-08-15 06:04:49,259 - DEBUG - Joint score for alpha[12]: 0.1248
2025-08-15 06:04:52,773 - DEBUG - Joint score for alpha[13]: 0.1236
2025-08-15 06:04:56,289 - DEBUG - Joint score for alpha[14]: 0.1249
2025-08-15 06:04:59,805 - DEBUG - Joint score for alpha[15]: 0.1251
2025-08-15 06:04:59,848 - INFO - Step 75/120: mean CRPS=0.1246
2025-08-15 06:04:59,852 - DEBUG - Beginning Gibbs iteration s = 75
2025-08-15 06:05:06,688 - DEBUG - Joint score for alpha[0]: 0.1253
2025-08-15 06:05:10,206 - DEBUG - Joint score for alpha[1]: 0.1236
2025-08-15 06:05:13,720 - DEBUG - Joint score for alpha[2]: 0.1251
2025-08-15 06:05:17,236 - DEBUG - Joint score for alpha[3]: 0.1243
2025-08-15 06:05:20,752 - DEBUG - Joint score for alpha[4]: 0.1245
2025-08-15 06:05:24,268 - DEBUG - Joint score for alpha[5]: 0.1257
2025-08-15 06:05:27,784 - DEBUG - Joint score for alpha[6]: 0.1267
2025-08-15 06:05:31,303 - DEBUG - Joint score for alpha[7]: 0.1246
2025-08-15 06:05:34,820 - DEBUG - Joint score for alpha[8]: 0.1248
2025-08-15 06:05:38,336 - DEBUG - Joint score for alpha[9]: 0.1244
2025-08-15 06:05:41,853 - DEBUG - Joint score for alpha[10]: 0.1251
2025-08-15 06:05:45,371 - DEBUG - Joint score for alpha[11]: 0.1244
2025-08-15 06:05:48,887 - DEBUG - Joint score for alpha[12]: 0.1243
2025-08-15 06:05:52,404 - DEBUG - Joint score for alpha[13]: 0.1235
2025-08-15 06:05:55,921 - DEBUG - Joint score for alpha[14]: 0.1242
2025-08-15 06:05:59,438 - DEBUG - Joint score for alpha[15]: 0.1238
2025-08-15 06:06:06,302 - DEBUG - Joint score for alpha[0]: 0.1274
2025-08-15 06:06:09,823 - DEBUG - Joint score for alpha[1]: 0.1276
2025-08-15 06:06:13,340 - DEBUG - Joint score for alpha[2]: 0.1276
2025-08-15 06:06:16,858 - DEBUG - Joint score for alpha[3]: 0.1266
2025-08-15 06:06:20,376 - DEBUG - Joint score for alpha[4]: 0.1271
2025-08-15 06:06:23,894 - DEBUG - Joint score for alpha[5]: 0.1268
2025-08-15 06:06:27,411 - DEBUG - Joint score for alpha[6]: 0.1266
2025-08-15 06:06:30,929 - DEBUG - Joint score for alpha[7]: 0.1269
2025-08-15 06:06:34,447 - DEBUG - Joint score for alpha[8]: 0.1263
2025-08-15 06:06:37,962 - DEBUG - Joint score for alpha[9]: 0.1274
2025-08-15 06:06:41,477 - DEBUG - Joint score for alpha[10]: 0.1274
2025-08-15 06:06:44,993 - DEBUG - Joint score for alpha[11]: 0.1277
2025-08-15 06:06:48,510 - DEBUG - Joint score for alpha[12]: 0.1275
2025-08-15 06:06:52,026 - DEBUG - Joint score for alpha[13]: 0.1260
2025-08-15 06:06:55,542 - DEBUG - Joint score for alpha[14]: 0.1263
2025-08-15 06:06:59,059 - DEBUG - Joint score for alpha[15]: 0.1269
2025-08-15 06:07:05,878 - DEBUG - Joint score for alpha[0]: 0.1269
2025-08-15 06:07:09,397 - DEBUG - Joint score for alpha[1]: 0.1264
2025-08-15 06:07:12,912 - DEBUG - Joint score for alpha[2]: 0.1277
2025-08-15 06:07:16,429 - DEBUG - Joint score for alpha[3]: 0.1269
2025-08-15 06:07:19,946 - DEBUG - Joint score for alpha[4]: 0.1261
2025-08-15 06:07:23,463 - DEBUG - Joint score for alpha[5]: 0.1271
2025-08-15 06:07:26,979 - DEBUG - Joint score for alpha[6]: 0.1266
2025-08-15 06:07:30,494 - DEBUG - Joint score for alpha[7]: 0.1268
2025-08-15 06:07:34,009 - DEBUG - Joint score for alpha[8]: 0.1275
2025-08-15 06:07:37,522 - DEBUG - Joint score for alpha[9]: 0.1266
2025-08-15 06:07:41,036 - DEBUG - Joint score for alpha[10]: 0.1273
2025-08-15 06:07:44,550 - DEBUG - Joint score for alpha[11]: 0.1273
2025-08-15 06:07:48,066 - DEBUG - Joint score for alpha[12]: 0.1258
2025-08-15 06:07:51,581 - DEBUG - Joint score for alpha[13]: 0.1269
2025-08-15 06:07:55,096 - DEBUG - Joint score for alpha[14]: 0.1269
2025-08-15 06:07:58,611 - DEBUG - Joint score for alpha[15]: 0.1260
2025-08-15 06:08:05,409 - DEBUG - Joint score for alpha[0]: 0.1263
2025-08-15 06:08:08,926 - DEBUG - Joint score for alpha[1]: 0.1276
2025-08-15 06:08:12,440 - DEBUG - Joint score for alpha[2]: 0.1267
2025-08-15 06:08:15,953 - DEBUG - Joint score for alpha[3]: 0.1260
2025-08-15 06:08:19,467 - DEBUG - Joint score for alpha[4]: 0.1264
2025-08-15 06:08:22,983 - DEBUG - Joint score for alpha[5]: 0.1271
2025-08-15 06:08:26,498 - DEBUG - Joint score for alpha[6]: 0.1273
2025-08-15 06:08:30,013 - DEBUG - Joint score for alpha[7]: 0.1263
2025-08-15 06:08:33,529 - DEBUG - Joint score for alpha[8]: 0.1275
2025-08-15 06:08:37,041 - DEBUG - Joint score for alpha[9]: 0.1282
2025-08-15 06:08:40,554 - DEBUG - Joint score for alpha[10]: 0.1271
2025-08-15 06:08:44,067 - DEBUG - Joint score for alpha[11]: 0.1268
2025-08-15 06:08:47,581 - DEBUG - Joint score for alpha[12]: 0.1281
2025-08-15 06:08:51,094 - DEBUG - Joint score for alpha[13]: 0.1259
2025-08-15 06:08:54,607 - DEBUG - Joint score for alpha[14]: 0.1273
2025-08-15 06:08:58,121 - DEBUG - Joint score for alpha[15]: 0.1272
2025-08-15 06:09:04,923 - DEBUG - Joint score for alpha[0]: 0.1268
2025-08-15 06:09:08,442 - DEBUG - Joint score for alpha[1]: 0.1251
2025-08-15 06:09:11,958 - DEBUG - Joint score for alpha[2]: 0.1264
2025-08-15 06:09:15,474 - DEBUG - Joint score for alpha[3]: 0.1261
2025-08-15 06:09:18,991 - DEBUG - Joint score for alpha[4]: 0.1262
2025-08-15 06:09:22,508 - DEBUG - Joint score for alpha[5]: 0.1256
2025-08-15 06:09:26,025 - DEBUG - Joint score for alpha[6]: 0.1260
2025-08-15 06:09:29,542 - DEBUG - Joint score for alpha[7]: 0.1269
2025-08-15 06:09:33,058 - DEBUG - Joint score for alpha[8]: 0.1261
2025-08-15 06:09:36,573 - DEBUG - Joint score for alpha[9]: 0.1263
2025-08-15 06:09:40,089 - DEBUG - Joint score for alpha[10]: 0.1259
2025-08-15 06:09:43,606 - DEBUG - Joint score for alpha[11]: 0.1257
2025-08-15 06:09:47,124 - DEBUG - Joint score for alpha[12]: 0.1268
2025-08-15 06:09:50,641 - DEBUG - Joint score for alpha[13]: 0.1259
2025-08-15 06:09:54,155 - DEBUG - Joint score for alpha[14]: 0.1260
2025-08-15 06:09:57,671 - DEBUG - Joint score for alpha[15]: 0.1254
2025-08-15 06:09:57,714 - INFO - Step 76/120: mean CRPS=0.1261
2025-08-15 06:09:57,718 - DEBUG - Beginning Gibbs iteration s = 76
2025-08-15 06:10:04,571 - DEBUG - Joint score for alpha[0]: 0.1241
2025-08-15 06:10:08,092 - DEBUG - Joint score for alpha[1]: 0.1241
2025-08-15 06:10:11,608 - DEBUG - Joint score for alpha[2]: 0.1270
2025-08-15 06:10:15,125 - DEBUG - Joint score for alpha[3]: 0.1258
2025-08-15 06:10:18,642 - DEBUG - Joint score for alpha[4]: 0.1265
2025-08-15 06:10:22,159 - DEBUG - Joint score for alpha[5]: 0.1250
2025-08-15 06:10:25,676 - DEBUG - Joint score for alpha[6]: 0.1243
2025-08-15 06:10:29,194 - DEBUG - Joint score for alpha[7]: 0.1267
2025-08-15 06:10:32,712 - DEBUG - Joint score for alpha[8]: 0.1272
2025-08-15 06:10:36,228 - DEBUG - Joint score for alpha[9]: 0.1259
2025-08-15 06:10:39,745 - DEBUG - Joint score for alpha[10]: 0.1260
2025-08-15 06:10:43,261 - DEBUG - Joint score for alpha[11]: 0.1253
2025-08-15 06:10:46,780 - DEBUG - Joint score for alpha[12]: 0.1256
2025-08-15 06:10:50,297 - DEBUG - Joint score for alpha[13]: 0.1236
2025-08-15 06:10:53,813 - DEBUG - Joint score for alpha[14]: 0.1257
2025-08-15 06:10:57,328 - DEBUG - Joint score for alpha[15]: 0.1279
2025-08-15 06:11:04,131 - DEBUG - Joint score for alpha[0]: 0.1253
2025-08-15 06:11:07,652 - DEBUG - Joint score for alpha[1]: 0.1252
2025-08-15 06:11:11,167 - DEBUG - Joint score for alpha[2]: 0.1256
2025-08-15 06:11:14,681 - DEBUG - Joint score for alpha[3]: 0.1254
2025-08-15 06:11:18,194 - DEBUG - Joint score for alpha[4]: 0.1244
2025-08-15 06:11:21,709 - DEBUG - Joint score for alpha[5]: 0.1246
2025-08-15 06:11:25,223 - DEBUG - Joint score for alpha[6]: 0.1262
2025-08-15 06:11:28,739 - DEBUG - Joint score for alpha[7]: 0.1252
2025-08-15 06:11:32,254 - DEBUG - Joint score for alpha[8]: 0.1252
2025-08-15 06:11:35,767 - DEBUG - Joint score for alpha[9]: 0.1256
2025-08-15 06:11:39,280 - DEBUG - Joint score for alpha[10]: 0.1254
2025-08-15 06:11:42,795 - DEBUG - Joint score for alpha[11]: 0.1258
2025-08-15 06:11:46,309 - DEBUG - Joint score for alpha[12]: 0.1244
2025-08-15 06:11:49,823 - DEBUG - Joint score for alpha[13]: 0.1248
2025-08-15 06:11:53,336 - DEBUG - Joint score for alpha[14]: 0.1256
2025-08-15 06:11:56,851 - DEBUG - Joint score for alpha[15]: 0.1241
2025-08-15 06:12:03,656 - DEBUG - Joint score for alpha[0]: 0.1258
2025-08-15 06:12:07,177 - DEBUG - Joint score for alpha[1]: 0.1257
2025-08-15 06:12:10,694 - DEBUG - Joint score for alpha[2]: 0.1253
2025-08-15 06:12:14,210 - DEBUG - Joint score for alpha[3]: 0.1264
2025-08-15 06:12:17,727 - DEBUG - Joint score for alpha[4]: 0.1259
2025-08-15 06:12:21,242 - DEBUG - Joint score for alpha[5]: 0.1269
2025-08-15 06:12:24,756 - DEBUG - Joint score for alpha[6]: 0.1255
2025-08-15 06:12:28,270 - DEBUG - Joint score for alpha[7]: 0.1261
2025-08-15 06:12:31,783 - DEBUG - Joint score for alpha[8]: 0.1257
2025-08-15 06:12:35,296 - DEBUG - Joint score for alpha[9]: 0.1258
2025-08-15 06:12:38,810 - DEBUG - Joint score for alpha[10]: 0.1263
2025-08-15 06:12:42,325 - DEBUG - Joint score for alpha[11]: 0.1248
2025-08-15 06:12:45,841 - DEBUG - Joint score for alpha[12]: 0.1253
2025-08-15 06:12:49,358 - DEBUG - Joint score for alpha[13]: 0.1260
2025-08-15 06:12:52,872 - DEBUG - Joint score for alpha[14]: 0.1264
2025-08-15 06:12:56,389 - DEBUG - Joint score for alpha[15]: 0.1267
2025-08-15 06:13:03,166 - DEBUG - Joint score for alpha[0]: 0.1254
2025-08-15 06:13:06,687 - DEBUG - Joint score for alpha[1]: 0.1260
2025-08-15 06:13:10,203 - DEBUG - Joint score for alpha[2]: 0.1263
2025-08-15 06:13:13,720 - DEBUG - Joint score for alpha[3]: 0.1252
2025-08-15 06:13:17,239 - DEBUG - Joint score for alpha[4]: 0.1258
2025-08-15 06:13:20,758 - DEBUG - Joint score for alpha[5]: 0.1251
2025-08-15 06:13:24,275 - DEBUG - Joint score for alpha[6]: 0.1259
2025-08-15 06:13:27,793 - DEBUG - Joint score for alpha[7]: 0.1249
2025-08-15 06:13:31,309 - DEBUG - Joint score for alpha[8]: 0.1264
2025-08-15 06:13:34,826 - DEBUG - Joint score for alpha[9]: 0.1250
2025-08-15 06:13:38,344 - DEBUG - Joint score for alpha[10]: 0.1265
2025-08-15 06:13:41,860 - DEBUG - Joint score for alpha[11]: 0.1255
2025-08-15 06:13:45,374 - DEBUG - Joint score for alpha[12]: 0.1259
2025-08-15 06:13:48,888 - DEBUG - Joint score for alpha[13]: 0.1265
2025-08-15 06:13:52,402 - DEBUG - Joint score for alpha[14]: 0.1256
2025-08-15 06:13:55,916 - DEBUG - Joint score for alpha[15]: 0.1258
2025-08-15 06:14:02,725 - DEBUG - Joint score for alpha[0]: 0.1265
2025-08-15 06:14:06,245 - DEBUG - Joint score for alpha[1]: 0.1273
2025-08-15 06:14:09,761 - DEBUG - Joint score for alpha[2]: 0.1274
2025-08-15 06:14:13,277 - DEBUG - Joint score for alpha[3]: 0.1254
2025-08-15 06:14:16,793 - DEBUG - Joint score for alpha[4]: 0.1256
2025-08-15 06:14:20,308 - DEBUG - Joint score for alpha[5]: 0.1276
2025-08-15 06:14:23,822 - DEBUG - Joint score for alpha[6]: 0.1263
2025-08-15 06:14:27,338 - DEBUG - Joint score for alpha[7]: 0.1270
2025-08-15 06:14:30,852 - DEBUG - Joint score for alpha[8]: 0.1262
2025-08-15 06:14:34,364 - DEBUG - Joint score for alpha[9]: 0.1257
2025-08-15 06:14:37,877 - DEBUG - Joint score for alpha[10]: 0.1256
2025-08-15 06:14:41,391 - DEBUG - Joint score for alpha[11]: 0.1260
2025-08-15 06:14:44,905 - DEBUG - Joint score for alpha[12]: 0.1262
2025-08-15 06:14:48,419 - DEBUG - Joint score for alpha[13]: 0.1257
2025-08-15 06:14:51,933 - DEBUG - Joint score for alpha[14]: 0.1266
2025-08-15 06:14:55,448 - DEBUG - Joint score for alpha[15]: 0.1257
2025-08-15 06:14:55,492 - INFO - Step 77/120: mean CRPS=0.1264
2025-08-15 06:14:55,496 - DEBUG - Beginning Gibbs iteration s = 77
2025-08-15 06:15:02,332 - DEBUG - Joint score for alpha[0]: 0.1259
2025-08-15 06:15:05,848 - DEBUG - Joint score for alpha[1]: 0.1252
2025-08-15 06:15:09,361 - DEBUG - Joint score for alpha[2]: 0.1263
2025-08-15 06:15:12,875 - DEBUG - Joint score for alpha[3]: 0.1270
2025-08-15 06:15:16,387 - DEBUG - Joint score for alpha[4]: 0.1259
2025-08-15 06:15:19,899 - DEBUG - Joint score for alpha[5]: 0.1260
2025-08-15 06:15:23,411 - DEBUG - Joint score for alpha[6]: 0.1254
2025-08-15 06:15:26,923 - DEBUG - Joint score for alpha[7]: 0.1246
2025-08-15 06:15:30,434 - DEBUG - Joint score for alpha[8]: 0.1253
2025-08-15 06:15:33,946 - DEBUG - Joint score for alpha[9]: 0.1244
2025-08-15 06:15:37,459 - DEBUG - Joint score for alpha[10]: 0.1268
2025-08-15 06:15:40,972 - DEBUG - Joint score for alpha[11]: 0.1263
2025-08-15 06:15:44,488 - DEBUG - Joint score for alpha[12]: 0.1259
2025-08-15 06:15:48,004 - DEBUG - Joint score for alpha[13]: 0.1249
2025-08-15 06:15:51,519 - DEBUG - Joint score for alpha[14]: 0.1264
2025-08-15 06:15:55,036 - DEBUG - Joint score for alpha[15]: 0.1258
2025-08-15 06:16:01,809 - DEBUG - Joint score for alpha[0]: 0.1251
2025-08-15 06:16:05,329 - DEBUG - Joint score for alpha[1]: 0.1247
2025-08-15 06:16:08,844 - DEBUG - Joint score for alpha[2]: 0.1256
2025-08-15 06:16:12,360 - DEBUG - Joint score for alpha[3]: 0.1248
2025-08-15 06:16:15,874 - DEBUG - Joint score for alpha[4]: 0.1264
2025-08-15 06:16:19,390 - DEBUG - Joint score for alpha[5]: 0.1256
2025-08-15 06:16:22,904 - DEBUG - Joint score for alpha[6]: 0.1259
2025-08-15 06:16:26,422 - DEBUG - Joint score for alpha[7]: 0.1257
2025-08-15 06:16:29,937 - DEBUG - Joint score for alpha[8]: 0.1261
2025-08-15 06:16:33,454 - DEBUG - Joint score for alpha[9]: 0.1262
2025-08-15 06:16:36,969 - DEBUG - Joint score for alpha[10]: 0.1255
2025-08-15 06:16:40,485 - DEBUG - Joint score for alpha[11]: 0.1255
2025-08-15 06:16:43,996 - DEBUG - Joint score for alpha[12]: 0.1257
2025-08-15 06:16:47,508 - DEBUG - Joint score for alpha[13]: 0.1260
2025-08-15 06:16:51,019 - DEBUG - Joint score for alpha[14]: 0.1259
2025-08-15 06:16:54,532 - DEBUG - Joint score for alpha[15]: 0.1258
2025-08-15 06:17:01,340 - DEBUG - Joint score for alpha[0]: 0.1246
2025-08-15 06:17:04,858 - DEBUG - Joint score for alpha[1]: 0.1251
2025-08-15 06:17:08,371 - DEBUG - Joint score for alpha[2]: 0.1257
2025-08-15 06:17:11,885 - DEBUG - Joint score for alpha[3]: 0.1258
2025-08-15 06:17:15,399 - DEBUG - Joint score for alpha[4]: 0.1251
2025-08-15 06:17:18,912 - DEBUG - Joint score for alpha[5]: 0.1255
2025-08-15 06:17:22,426 - DEBUG - Joint score for alpha[6]: 0.1250
2025-08-15 06:17:25,939 - DEBUG - Joint score for alpha[7]: 0.1251
2025-08-15 06:17:29,456 - DEBUG - Joint score for alpha[8]: 0.1253
2025-08-15 06:17:32,969 - DEBUG - Joint score for alpha[9]: 0.1251
2025-08-15 06:17:36,481 - DEBUG - Joint score for alpha[10]: 0.1249
2025-08-15 06:17:39,993 - DEBUG - Joint score for alpha[11]: 0.1245
2025-08-15 06:17:43,507 - DEBUG - Joint score for alpha[12]: 0.1250
2025-08-15 06:17:47,020 - DEBUG - Joint score for alpha[13]: 0.1246
2025-08-15 06:17:50,532 - DEBUG - Joint score for alpha[14]: 0.1250
2025-08-15 06:17:54,045 - DEBUG - Joint score for alpha[15]: 0.1256
2025-08-15 06:18:00,851 - DEBUG - Joint score for alpha[0]: 0.1257
2025-08-15 06:18:04,367 - DEBUG - Joint score for alpha[1]: 0.1249
2025-08-15 06:18:07,880 - DEBUG - Joint score for alpha[2]: 0.1246
2025-08-15 06:18:11,393 - DEBUG - Joint score for alpha[3]: 0.1249
2025-08-15 06:18:14,904 - DEBUG - Joint score for alpha[4]: 0.1243
2025-08-15 06:18:18,417 - DEBUG - Joint score for alpha[5]: 0.1247
2025-08-15 06:18:21,928 - DEBUG - Joint score for alpha[6]: 0.1251
2025-08-15 06:18:25,441 - DEBUG - Joint score for alpha[7]: 0.1246
2025-08-15 06:18:28,954 - DEBUG - Joint score for alpha[8]: 0.1244
2025-08-15 06:18:32,466 - DEBUG - Joint score for alpha[9]: 0.1251
2025-08-15 06:18:35,981 - DEBUG - Joint score for alpha[10]: 0.1259
2025-08-15 06:18:39,496 - DEBUG - Joint score for alpha[11]: 0.1253
2025-08-15 06:18:43,011 - DEBUG - Joint score for alpha[12]: 0.1253
2025-08-15 06:18:46,526 - DEBUG - Joint score for alpha[13]: 0.1258
2025-08-15 06:18:50,041 - DEBUG - Joint score for alpha[14]: 0.1243
2025-08-15 06:18:53,555 - DEBUG - Joint score for alpha[15]: 0.1256
2025-08-15 06:19:00,330 - DEBUG - Joint score for alpha[0]: 0.1251
2025-08-15 06:19:03,850 - DEBUG - Joint score for alpha[1]: 0.1255
2025-08-15 06:19:07,365 - DEBUG - Joint score for alpha[2]: 0.1250
2025-08-15 06:19:10,881 - DEBUG - Joint score for alpha[3]: 0.1256
2025-08-15 06:19:14,395 - DEBUG - Joint score for alpha[4]: 0.1248
2025-08-15 06:19:17,910 - DEBUG - Joint score for alpha[5]: 0.1252
2025-08-15 06:19:21,426 - DEBUG - Joint score for alpha[6]: 0.1253
2025-08-15 06:19:24,941 - DEBUG - Joint score for alpha[7]: 0.1256
2025-08-15 06:19:28,458 - DEBUG - Joint score for alpha[8]: 0.1251
2025-08-15 06:19:31,973 - DEBUG - Joint score for alpha[9]: 0.1254
2025-08-15 06:19:35,487 - DEBUG - Joint score for alpha[10]: 0.1249
2025-08-15 06:19:39,000 - DEBUG - Joint score for alpha[11]: 0.1250
2025-08-15 06:19:42,513 - DEBUG - Joint score for alpha[12]: 0.1257
2025-08-15 06:19:46,029 - DEBUG - Joint score for alpha[13]: 0.1249
2025-08-15 06:19:49,544 - DEBUG - Joint score for alpha[14]: 0.1252
2025-08-15 06:19:53,060 - DEBUG - Joint score for alpha[15]: 0.1258
2025-08-15 06:19:53,102 - INFO - Step 78/120: mean CRPS=0.1254
2025-08-15 06:19:53,106 - DEBUG - Beginning Gibbs iteration s = 78
2025-08-15 06:20:00,061 - DEBUG - Joint score for alpha[0]: 0.1253
2025-08-15 06:20:03,579 - DEBUG - Joint score for alpha[1]: 0.1244
2025-08-15 06:20:07,093 - DEBUG - Joint score for alpha[2]: 0.1249
2025-08-15 06:20:10,606 - DEBUG - Joint score for alpha[3]: 0.1258
2025-08-15 06:20:14,117 - DEBUG - Joint score for alpha[4]: 0.1259
2025-08-15 06:20:17,630 - DEBUG - Joint score for alpha[5]: 0.1264
2025-08-15 06:20:21,142 - DEBUG - Joint score for alpha[6]: 0.1251
2025-08-15 06:20:24,654 - DEBUG - Joint score for alpha[7]: 0.1268
2025-08-15 06:20:28,167 - DEBUG - Joint score for alpha[8]: 0.1272
2025-08-15 06:20:31,679 - DEBUG - Joint score for alpha[9]: 0.1247
2025-08-15 06:20:35,191 - DEBUG - Joint score for alpha[10]: 0.1245
2025-08-15 06:20:38,705 - DEBUG - Joint score for alpha[11]: 0.1251
2025-08-15 06:20:42,219 - DEBUG - Joint score for alpha[12]: 0.1252
2025-08-15 06:20:45,733 - DEBUG - Joint score for alpha[13]: 0.1262
2025-08-15 06:20:49,245 - DEBUG - Joint score for alpha[14]: 0.1273
2025-08-15 06:20:52,758 - DEBUG - Joint score for alpha[15]: 0.1260
2025-08-15 06:20:59,544 - DEBUG - Joint score for alpha[0]: 0.1277
2025-08-15 06:21:03,060 - DEBUG - Joint score for alpha[1]: 0.1271
2025-08-15 06:21:06,574 - DEBUG - Joint score for alpha[2]: 0.1278
2025-08-15 06:21:10,087 - DEBUG - Joint score for alpha[3]: 0.1278
2025-08-15 06:21:13,600 - DEBUG - Joint score for alpha[4]: 0.1261
2025-08-15 06:21:17,113 - DEBUG - Joint score for alpha[5]: 0.1267
2025-08-15 06:21:20,627 - DEBUG - Joint score for alpha[6]: 0.1260
2025-08-15 06:21:24,142 - DEBUG - Joint score for alpha[7]: 0.1270
2025-08-15 06:21:27,655 - DEBUG - Joint score for alpha[8]: 0.1264
2025-08-15 06:21:31,169 - DEBUG - Joint score for alpha[9]: 0.1264
2025-08-15 06:21:34,684 - DEBUG - Joint score for alpha[10]: 0.1269
2025-08-15 06:21:38,199 - DEBUG - Joint score for alpha[11]: 0.1264
2025-08-15 06:21:41,713 - DEBUG - Joint score for alpha[12]: 0.1254
2025-08-15 06:21:45,226 - DEBUG - Joint score for alpha[13]: 0.1270
2025-08-15 06:21:48,740 - DEBUG - Joint score for alpha[14]: 0.1264
2025-08-15 06:21:52,256 - DEBUG - Joint score for alpha[15]: 0.1267
2025-08-15 06:21:59,052 - DEBUG - Joint score for alpha[0]: 0.1265
2025-08-15 06:22:02,568 - DEBUG - Joint score for alpha[1]: 0.1263
2025-08-15 06:22:06,082 - DEBUG - Joint score for alpha[2]: 0.1262
2025-08-15 06:22:09,596 - DEBUG - Joint score for alpha[3]: 0.1266
2025-08-15 06:22:13,108 - DEBUG - Joint score for alpha[4]: 0.1269
2025-08-15 06:22:16,622 - DEBUG - Joint score for alpha[5]: 0.1262
2025-08-15 06:22:20,134 - DEBUG - Joint score for alpha[6]: 0.1267
2025-08-15 06:22:23,647 - DEBUG - Joint score for alpha[7]: 0.1263
2025-08-15 06:22:27,159 - DEBUG - Joint score for alpha[8]: 0.1261
2025-08-15 06:22:30,672 - DEBUG - Joint score for alpha[9]: 0.1260
2025-08-15 06:22:34,186 - DEBUG - Joint score for alpha[10]: 0.1264
2025-08-15 06:22:37,698 - DEBUG - Joint score for alpha[11]: 0.1270
2025-08-15 06:22:41,210 - DEBUG - Joint score for alpha[12]: 0.1267
2025-08-15 06:22:44,722 - DEBUG - Joint score for alpha[13]: 0.1255
2025-08-15 06:22:48,236 - DEBUG - Joint score for alpha[14]: 0.1271
2025-08-15 06:22:51,749 - DEBUG - Joint score for alpha[15]: 0.1267
2025-08-15 06:22:58,578 - DEBUG - Joint score for alpha[0]: 0.1258
2025-08-15 06:23:02,098 - DEBUG - Joint score for alpha[1]: 0.1262
2025-08-15 06:23:05,616 - DEBUG - Joint score for alpha[2]: 0.1255
2025-08-15 06:23:09,130 - DEBUG - Joint score for alpha[3]: 0.1261
2025-08-15 06:23:12,643 - DEBUG - Joint score for alpha[4]: 0.1271
2025-08-15 06:23:16,157 - DEBUG - Joint score for alpha[5]: 0.1256
2025-08-15 06:23:19,671 - DEBUG - Joint score for alpha[6]: 0.1267
2025-08-15 06:23:23,185 - DEBUG - Joint score for alpha[7]: 0.1264
2025-08-15 06:23:26,697 - DEBUG - Joint score for alpha[8]: 0.1258
2025-08-15 06:23:30,210 - DEBUG - Joint score for alpha[9]: 0.1270
2025-08-15 06:23:33,724 - DEBUG - Joint score for alpha[10]: 0.1266
2025-08-15 06:23:37,237 - DEBUG - Joint score for alpha[11]: 0.1261
2025-08-15 06:23:40,751 - DEBUG - Joint score for alpha[12]: 0.1265
2025-08-15 06:23:44,264 - DEBUG - Joint score for alpha[13]: 0.1261
2025-08-15 06:23:47,781 - DEBUG - Joint score for alpha[14]: 0.1268
2025-08-15 06:23:51,294 - DEBUG - Joint score for alpha[15]: 0.1265
2025-08-15 06:23:58,073 - DEBUG - Joint score for alpha[0]: 0.1260
2025-08-15 06:24:01,592 - DEBUG - Joint score for alpha[1]: 0.1265
2025-08-15 06:24:05,108 - DEBUG - Joint score for alpha[2]: 0.1255
2025-08-15 06:24:08,623 - DEBUG - Joint score for alpha[3]: 0.1252
2025-08-15 06:24:12,137 - DEBUG - Joint score for alpha[4]: 0.1255
2025-08-15 06:24:15,651 - DEBUG - Joint score for alpha[5]: 0.1258
2025-08-15 06:24:19,164 - DEBUG - Joint score for alpha[6]: 0.1248
2025-08-15 06:24:22,679 - DEBUG - Joint score for alpha[7]: 0.1253
2025-08-15 06:24:26,192 - DEBUG - Joint score for alpha[8]: 0.1258
2025-08-15 06:24:29,708 - DEBUG - Joint score for alpha[9]: 0.1258
2025-08-15 06:24:33,222 - DEBUG - Joint score for alpha[10]: 0.1251
2025-08-15 06:24:36,737 - DEBUG - Joint score for alpha[11]: 0.1258
2025-08-15 06:24:40,251 - DEBUG - Joint score for alpha[12]: 0.1260
2025-08-15 06:24:43,764 - DEBUG - Joint score for alpha[13]: 0.1256
2025-08-15 06:24:47,274 - DEBUG - Joint score for alpha[14]: 0.1250
2025-08-15 06:24:50,787 - DEBUG - Joint score for alpha[15]: 0.1263
2025-08-15 06:24:50,829 - INFO - Step 79/120: mean CRPS=0.1262
2025-08-15 06:24:50,835 - DEBUG - Beginning Gibbs iteration s = 79
2025-08-15 06:24:57,773 - DEBUG - Joint score for alpha[0]: 0.1264
2025-08-15 06:25:01,291 - DEBUG - Joint score for alpha[1]: 0.1272
2025-08-15 06:25:04,806 - DEBUG - Joint score for alpha[2]: 0.1256
2025-08-15 06:25:08,321 - DEBUG - Joint score for alpha[3]: 0.1263
2025-08-15 06:25:11,831 - DEBUG - Joint score for alpha[4]: 0.1256
2025-08-15 06:25:15,344 - DEBUG - Joint score for alpha[5]: 0.1266
2025-08-15 06:25:18,856 - DEBUG - Joint score for alpha[6]: 0.1258
2025-08-15 06:25:22,367 - DEBUG - Joint score for alpha[7]: 0.1275
2025-08-15 06:25:25,878 - DEBUG - Joint score for alpha[8]: 0.1259
2025-08-15 06:25:29,389 - DEBUG - Joint score for alpha[9]: 0.1253
2025-08-15 06:25:32,901 - DEBUG - Joint score for alpha[10]: 0.1264
2025-08-15 06:25:36,412 - DEBUG - Joint score for alpha[11]: 0.1268
2025-08-15 06:25:39,924 - DEBUG - Joint score for alpha[12]: 0.1250
2025-08-15 06:25:43,435 - DEBUG - Joint score for alpha[13]: 0.1259
2025-08-15 06:25:46,948 - DEBUG - Joint score for alpha[14]: 0.1259
2025-08-15 06:25:50,460 - DEBUG - Joint score for alpha[15]: 0.1263
2025-08-15 06:25:57,254 - DEBUG - Joint score for alpha[0]: 0.1278
2025-08-15 06:26:00,771 - DEBUG - Joint score for alpha[1]: 0.1271
2025-08-15 06:26:04,287 - DEBUG - Joint score for alpha[2]: 0.1273
2025-08-15 06:26:07,802 - DEBUG - Joint score for alpha[3]: 0.1275
2025-08-15 06:26:11,315 - DEBUG - Joint score for alpha[4]: 0.1279
2025-08-15 06:26:14,831 - DEBUG - Joint score for alpha[5]: 0.1270
2025-08-15 06:26:18,344 - DEBUG - Joint score for alpha[6]: 0.1276
2025-08-15 06:26:21,859 - DEBUG - Joint score for alpha[7]: 0.1276
2025-08-15 06:26:25,373 - DEBUG - Joint score for alpha[8]: 0.1281
2025-08-15 06:26:28,886 - DEBUG - Joint score for alpha[9]: 0.1277
2025-08-15 06:26:32,398 - DEBUG - Joint score for alpha[10]: 0.1283
2025-08-15 06:26:35,909 - DEBUG - Joint score for alpha[11]: 0.1277
2025-08-15 06:26:39,420 - DEBUG - Joint score for alpha[12]: 0.1277
2025-08-15 06:26:42,932 - DEBUG - Joint score for alpha[13]: 0.1273
2025-08-15 06:26:46,443 - DEBUG - Joint score for alpha[14]: 0.1288
2025-08-15 06:26:49,955 - DEBUG - Joint score for alpha[15]: 0.1279
2025-08-15 06:26:56,757 - DEBUG - Joint score for alpha[0]: 0.1284
2025-08-15 06:27:00,275 - DEBUG - Joint score for alpha[1]: 0.1280
2025-08-15 06:27:03,789 - DEBUG - Joint score for alpha[2]: 0.1297
2025-08-15 06:27:07,304 - DEBUG - Joint score for alpha[3]: 0.1280
2025-08-15 06:27:10,818 - DEBUG - Joint score for alpha[4]: 0.1282
2025-08-15 06:27:14,332 - DEBUG - Joint score for alpha[5]: 0.1286
2025-08-15 06:27:17,845 - DEBUG - Joint score for alpha[6]: 0.1284
2025-08-15 06:27:21,359 - DEBUG - Joint score for alpha[7]: 0.1289
2025-08-15 06:27:24,873 - DEBUG - Joint score for alpha[8]: 0.1272
2025-08-15 06:27:28,387 - DEBUG - Joint score for alpha[9]: 0.1283
2025-08-15 06:27:31,903 - DEBUG - Joint score for alpha[10]: 0.1285
2025-08-15 06:27:35,417 - DEBUG - Joint score for alpha[11]: 0.1276
2025-08-15 06:27:38,928 - DEBUG - Joint score for alpha[12]: 0.1288
2025-08-15 06:27:42,439 - DEBUG - Joint score for alpha[13]: 0.1281
2025-08-15 06:27:45,950 - DEBUG - Joint score for alpha[14]: 0.1284
2025-08-15 06:27:49,463 - DEBUG - Joint score for alpha[15]: 0.1276
2025-08-15 06:27:56,261 - DEBUG - Joint score for alpha[0]: 0.1280
2025-08-15 06:27:59,780 - DEBUG - Joint score for alpha[1]: 0.1273
2025-08-15 06:28:03,292 - DEBUG - Joint score for alpha[2]: 0.1280
2025-08-15 06:28:06,805 - DEBUG - Joint score for alpha[3]: 0.1276
2025-08-15 06:28:10,316 - DEBUG - Joint score for alpha[4]: 0.1283
2025-08-15 06:28:13,828 - DEBUG - Joint score for alpha[5]: 0.1283
2025-08-15 06:28:17,340 - DEBUG - Joint score for alpha[6]: 0.1275
2025-08-15 06:28:20,853 - DEBUG - Joint score for alpha[7]: 0.1291
2025-08-15 06:28:24,366 - DEBUG - Joint score for alpha[8]: 0.1281
2025-08-15 06:28:27,878 - DEBUG - Joint score for alpha[9]: 0.1281
2025-08-15 06:28:31,392 - DEBUG - Joint score for alpha[10]: 0.1282
2025-08-15 06:28:34,906 - DEBUG - Joint score for alpha[11]: 0.1285
2025-08-15 06:28:38,419 - DEBUG - Joint score for alpha[12]: 0.1277
2025-08-15 06:28:41,932 - DEBUG - Joint score for alpha[13]: 0.1286
2025-08-15 06:28:45,445 - DEBUG - Joint score for alpha[14]: 0.1276
2025-08-15 06:28:48,957 - DEBUG - Joint score for alpha[15]: 0.1285
2025-08-15 06:28:55,732 - DEBUG - Joint score for alpha[0]: 0.1293
2025-08-15 06:28:59,251 - DEBUG - Joint score for alpha[1]: 0.1282
2025-08-15 06:29:03,886 - DEBUG - Joint score for alpha[2]: 0.1294
2025-08-15 06:29:07,400 - DEBUG - Joint score for alpha[3]: 0.1296
2025-08-15 06:29:10,915 - DEBUG - Joint score for alpha[4]: 0.1279
2025-08-15 06:29:14,429 - DEBUG - Joint score for alpha[5]: 0.1286
2025-08-15 06:29:17,944 - DEBUG - Joint score for alpha[6]: 0.1286
2025-08-15 06:29:21,460 - DEBUG - Joint score for alpha[7]: 0.1282
2025-08-15 06:29:24,976 - DEBUG - Joint score for alpha[8]: 0.1281
2025-08-15 06:29:28,491 - DEBUG - Joint score for alpha[9]: 0.1282
2025-08-15 06:29:32,006 - DEBUG - Joint score for alpha[10]: 0.1281
2025-08-15 06:29:35,522 - DEBUG - Joint score for alpha[11]: 0.1287
2025-08-15 06:29:39,036 - DEBUG - Joint score for alpha[12]: 0.1286
2025-08-15 06:29:42,549 - DEBUG - Joint score for alpha[13]: 0.1281
2025-08-15 06:29:46,059 - DEBUG - Joint score for alpha[14]: 0.1290
2025-08-15 06:29:49,571 - DEBUG - Joint score for alpha[15]: 0.1284
2025-08-15 06:29:49,614 - INFO - Step 80/120: mean CRPS=0.1280
2025-08-15 06:29:49,619 - DEBUG - Beginning Gibbs iteration s = 80
2025-08-15 06:29:56,518 - DEBUG - Joint score for alpha[0]: 0.1268
2025-08-15 06:30:00,037 - DEBUG - Joint score for alpha[1]: 0.1296
2025-08-15 06:30:03,552 - DEBUG - Joint score for alpha[2]: 0.1286
2025-08-15 06:30:07,066 - DEBUG - Joint score for alpha[3]: 0.1285
2025-08-15 06:30:10,578 - DEBUG - Joint score for alpha[4]: 0.1269
2025-08-15 06:30:14,093 - DEBUG - Joint score for alpha[5]: 0.1271
2025-08-15 06:30:17,605 - DEBUG - Joint score for alpha[6]: 0.1272
2025-08-15 06:30:21,119 - DEBUG - Joint score for alpha[7]: 0.1279
2025-08-15 06:30:24,632 - DEBUG - Joint score for alpha[8]: 0.1279
2025-08-15 06:30:28,144 - DEBUG - Joint score for alpha[9]: 0.1266
2025-08-15 06:30:31,655 - DEBUG - Joint score for alpha[10]: 0.1275
2025-08-15 06:30:35,169 - DEBUG - Joint score for alpha[11]: 0.1284
2025-08-15 06:30:38,681 - DEBUG - Joint score for alpha[12]: 0.1290
2025-08-15 06:30:42,194 - DEBUG - Joint score for alpha[13]: 0.1289
2025-08-15 06:30:45,705 - DEBUG - Joint score for alpha[14]: 0.1282
2025-08-15 06:30:49,218 - DEBUG - Joint score for alpha[15]: 0.1268
2025-08-15 06:30:56,008 - DEBUG - Joint score for alpha[0]: 0.1292
2025-08-15 06:30:59,527 - DEBUG - Joint score for alpha[1]: 0.1287
2025-08-15 06:31:03,041 - DEBUG - Joint score for alpha[2]: 0.1280
2025-08-15 06:31:06,556 - DEBUG - Joint score for alpha[3]: 0.1287
2025-08-15 06:31:10,068 - DEBUG - Joint score for alpha[4]: 0.1285
2025-08-15 06:31:13,581 - DEBUG - Joint score for alpha[5]: 0.1291
2025-08-15 06:31:17,093 - DEBUG - Joint score for alpha[6]: 0.1300
2025-08-15 06:31:20,606 - DEBUG - Joint score for alpha[7]: 0.1287
2025-08-15 06:31:24,119 - DEBUG - Joint score for alpha[8]: 0.1278
2025-08-15 06:31:27,632 - DEBUG - Joint score for alpha[9]: 0.1282
2025-08-15 06:31:31,146 - DEBUG - Joint score for alpha[10]: 0.1286
2025-08-15 06:31:34,658 - DEBUG - Joint score for alpha[11]: 0.1289
2025-08-15 06:31:38,172 - DEBUG - Joint score for alpha[12]: 0.1298
2025-08-15 06:31:41,685 - DEBUG - Joint score for alpha[13]: 0.1280
2025-08-15 06:31:45,198 - DEBUG - Joint score for alpha[14]: 0.1290
2025-08-15 06:31:48,712 - DEBUG - Joint score for alpha[15]: 0.1296
2025-08-15 06:31:55,510 - DEBUG - Joint score for alpha[0]: 0.1283
2025-08-15 06:31:59,030 - DEBUG - Joint score for alpha[1]: 0.1281
2025-08-15 06:32:02,547 - DEBUG - Joint score for alpha[2]: 0.1277
2025-08-15 06:32:06,064 - DEBUG - Joint score for alpha[3]: 0.1276
2025-08-15 06:32:09,579 - DEBUG - Joint score for alpha[4]: 0.1283
2025-08-15 06:32:13,093 - DEBUG - Joint score for alpha[5]: 0.1276
2025-08-15 06:32:16,605 - DEBUG - Joint score for alpha[6]: 0.1276
2025-08-15 06:32:20,119 - DEBUG - Joint score for alpha[7]: 0.1280
2025-08-15 06:32:23,632 - DEBUG - Joint score for alpha[8]: 0.1286
2025-08-15 06:32:27,146 - DEBUG - Joint score for alpha[9]: 0.1280
2025-08-15 06:32:30,660 - DEBUG - Joint score for alpha[10]: 0.1279
2025-08-15 06:32:34,174 - DEBUG - Joint score for alpha[11]: 0.1284
2025-08-15 06:32:37,686 - DEBUG - Joint score for alpha[12]: 0.1275
2025-08-15 06:32:41,200 - DEBUG - Joint score for alpha[13]: 0.1275
2025-08-15 06:32:44,712 - DEBUG - Joint score for alpha[14]: 0.1280
2025-08-15 06:32:48,227 - DEBUG - Joint score for alpha[15]: 0.1285
2025-08-15 06:32:55,027 - DEBUG - Joint score for alpha[0]: 0.1285
2025-08-15 06:32:58,548 - DEBUG - Joint score for alpha[1]: 0.1285
2025-08-15 06:33:02,064 - DEBUG - Joint score for alpha[2]: 0.1280
2025-08-15 06:33:05,577 - DEBUG - Joint score for alpha[3]: 0.1271
2025-08-15 06:33:09,089 - DEBUG - Joint score for alpha[4]: 0.1284
2025-08-15 06:33:12,602 - DEBUG - Joint score for alpha[5]: 0.1278
2025-08-15 06:33:16,114 - DEBUG - Joint score for alpha[6]: 0.1282
2025-08-15 06:33:19,628 - DEBUG - Joint score for alpha[7]: 0.1284
2025-08-15 06:33:23,145 - DEBUG - Joint score for alpha[8]: 0.1288
2025-08-15 06:33:26,659 - DEBUG - Joint score for alpha[9]: 0.1275
2025-08-15 06:33:30,174 - DEBUG - Joint score for alpha[10]: 0.1286
2025-08-15 06:33:33,687 - DEBUG - Joint score for alpha[11]: 0.1276
2025-08-15 06:33:37,201 - DEBUG - Joint score for alpha[12]: 0.1288
2025-08-15 06:33:40,715 - DEBUG - Joint score for alpha[13]: 0.1284
2025-08-15 06:33:44,228 - DEBUG - Joint score for alpha[14]: 0.1277
2025-08-15 06:33:47,741 - DEBUG - Joint score for alpha[15]: 0.1290
2025-08-15 06:33:54,679 - DEBUG - Joint score for alpha[0]: 0.1268
2025-08-15 06:33:58,195 - DEBUG - Joint score for alpha[1]: 0.1269
2025-08-15 06:34:01,708 - DEBUG - Joint score for alpha[2]: 0.1274
2025-08-15 06:34:05,222 - DEBUG - Joint score for alpha[3]: 0.1268
2025-08-15 06:34:08,735 - DEBUG - Joint score for alpha[4]: 0.1285
2025-08-15 06:34:12,250 - DEBUG - Joint score for alpha[5]: 0.1268
2025-08-15 06:34:15,763 - DEBUG - Joint score for alpha[6]: 0.1276
2025-08-15 06:34:19,278 - DEBUG - Joint score for alpha[7]: 0.1271
2025-08-15 06:34:22,792 - DEBUG - Joint score for alpha[8]: 0.1281
2025-08-15 06:34:26,307 - DEBUG - Joint score for alpha[9]: 0.1281
2025-08-15 06:34:29,821 - DEBUG - Joint score for alpha[10]: 0.1273
2025-08-15 06:34:33,334 - DEBUG - Joint score for alpha[11]: 0.1286
2025-08-15 06:34:36,848 - DEBUG - Joint score for alpha[12]: 0.1278
2025-08-15 06:34:40,361 - DEBUG - Joint score for alpha[13]: 0.1275
2025-08-15 06:34:43,875 - DEBUG - Joint score for alpha[14]: 0.1278
2025-08-15 06:34:47,386 - DEBUG - Joint score for alpha[15]: 0.1271
2025-08-15 06:34:47,429 - INFO - Step 81/120: mean CRPS=0.1284
2025-08-15 06:34:47,434 - DEBUG - Beginning Gibbs iteration s = 81
2025-08-15 06:34:54,259 - DEBUG - Joint score for alpha[0]: 0.1274
2025-08-15 06:34:57,777 - DEBUG - Joint score for alpha[1]: 0.1263
2025-08-15 06:35:01,292 - DEBUG - Joint score for alpha[2]: 0.1259
2025-08-15 06:35:04,807 - DEBUG - Joint score for alpha[3]: 0.1272
2025-08-15 06:35:08,320 - DEBUG - Joint score for alpha[4]: 0.1265
2025-08-15 06:35:11,832 - DEBUG - Joint score for alpha[5]: 0.1266
2025-08-15 06:35:15,344 - DEBUG - Joint score for alpha[6]: 0.1274
2025-08-15 06:35:18,857 - DEBUG - Joint score for alpha[7]: 0.1275
2025-08-15 06:35:22,370 - DEBUG - Joint score for alpha[8]: 0.1267
2025-08-15 06:35:25,884 - DEBUG - Joint score for alpha[9]: 0.1270
2025-08-15 06:35:29,399 - DEBUG - Joint score for alpha[10]: 0.1266
2025-08-15 06:35:32,911 - DEBUG - Joint score for alpha[11]: 0.1278
2025-08-15 06:35:36,425 - DEBUG - Joint score for alpha[12]: 0.1263
2025-08-15 06:35:39,936 - DEBUG - Joint score for alpha[13]: 0.1251
2025-08-15 06:35:43,448 - DEBUG - Joint score for alpha[14]: 0.1261
2025-08-15 06:35:46,961 - DEBUG - Joint score for alpha[15]: 0.1257
2025-08-15 06:35:53,770 - DEBUG - Joint score for alpha[0]: 0.1266
2025-08-15 06:35:57,288 - DEBUG - Joint score for alpha[1]: 0.1267
2025-08-15 06:36:00,803 - DEBUG - Joint score for alpha[2]: 0.1268
2025-08-15 06:36:04,317 - DEBUG - Joint score for alpha[3]: 0.1276
2025-08-15 06:36:07,827 - DEBUG - Joint score for alpha[4]: 0.1266
2025-08-15 06:36:11,339 - DEBUG - Joint score for alpha[5]: 0.1269
2025-08-15 06:36:14,850 - DEBUG - Joint score for alpha[6]: 0.1263
2025-08-15 06:36:18,362 - DEBUG - Joint score for alpha[7]: 0.1261
2025-08-15 06:36:21,872 - DEBUG - Joint score for alpha[8]: 0.1273
2025-08-15 06:36:25,385 - DEBUG - Joint score for alpha[9]: 0.1270
2025-08-15 06:36:28,898 - DEBUG - Joint score for alpha[10]: 0.1265
2025-08-15 06:36:32,411 - DEBUG - Joint score for alpha[11]: 0.1273
2025-08-15 06:36:35,926 - DEBUG - Joint score for alpha[12]: 0.1266
2025-08-15 06:36:39,439 - DEBUG - Joint score for alpha[13]: 0.1278
2025-08-15 06:36:42,952 - DEBUG - Joint score for alpha[14]: 0.1264
2025-08-15 06:36:46,468 - DEBUG - Joint score for alpha[15]: 0.1266
2025-08-15 06:36:53,245 - DEBUG - Joint score for alpha[0]: 0.1263
2025-08-15 06:36:56,765 - DEBUG - Joint score for alpha[1]: 0.1260
2025-08-15 06:37:00,281 - DEBUG - Joint score for alpha[2]: 0.1255
2025-08-15 06:37:03,797 - DEBUG - Joint score for alpha[3]: 0.1266
2025-08-15 06:37:07,312 - DEBUG - Joint score for alpha[4]: 0.1261
2025-08-15 06:37:10,828 - DEBUG - Joint score for alpha[5]: 0.1262
2025-08-15 06:37:14,343 - DEBUG - Joint score for alpha[6]: 0.1255
2025-08-15 06:37:17,858 - DEBUG - Joint score for alpha[7]: 0.1270
2025-08-15 06:37:21,372 - DEBUG - Joint score for alpha[8]: 0.1270
2025-08-15 06:37:24,888 - DEBUG - Joint score for alpha[9]: 0.1258
2025-08-15 06:37:28,404 - DEBUG - Joint score for alpha[10]: 0.1260
2025-08-15 06:37:31,919 - DEBUG - Joint score for alpha[11]: 0.1271
2025-08-15 06:37:35,434 - DEBUG - Joint score for alpha[12]: 0.1253
2025-08-15 06:37:38,948 - DEBUG - Joint score for alpha[13]: 0.1263
2025-08-15 06:37:42,461 - DEBUG - Joint score for alpha[14]: 0.1260
2025-08-15 06:37:45,976 - DEBUG - Joint score for alpha[15]: 0.1255
2025-08-15 06:37:52,780 - DEBUG - Joint score for alpha[0]: 0.1263
2025-08-15 06:37:56,296 - DEBUG - Joint score for alpha[1]: 0.1268
2025-08-15 06:37:59,811 - DEBUG - Joint score for alpha[2]: 0.1263
2025-08-15 06:38:03,324 - DEBUG - Joint score for alpha[3]: 0.1261
2025-08-15 06:38:06,837 - DEBUG - Joint score for alpha[4]: 0.1264
2025-08-15 06:38:10,352 - DEBUG - Joint score for alpha[5]: 0.1268
2025-08-15 06:38:13,865 - DEBUG - Joint score for alpha[6]: 0.1262
2025-08-15 06:38:17,379 - DEBUG - Joint score for alpha[7]: 0.1271
2025-08-15 06:38:20,893 - DEBUG - Joint score for alpha[8]: 0.1258
2025-08-15 06:38:24,408 - DEBUG - Joint score for alpha[9]: 0.1269
2025-08-15 06:38:27,923 - DEBUG - Joint score for alpha[10]: 0.1269
2025-08-15 06:38:31,437 - DEBUG - Joint score for alpha[11]: 0.1269
2025-08-15 06:38:34,954 - DEBUG - Joint score for alpha[12]: 0.1267
2025-08-15 06:38:38,467 - DEBUG - Joint score for alpha[13]: 0.1263
2025-08-15 06:38:41,982 - DEBUG - Joint score for alpha[14]: 0.1261
2025-08-15 06:38:45,498 - DEBUG - Joint score for alpha[15]: 0.1257
2025-08-15 06:38:52,310 - DEBUG - Joint score for alpha[0]: 0.1261
2025-08-15 06:38:55,828 - DEBUG - Joint score for alpha[1]: 0.1256
2025-08-15 06:38:59,342 - DEBUG - Joint score for alpha[2]: 0.1258
2025-08-15 06:39:02,857 - DEBUG - Joint score for alpha[3]: 0.1264
2025-08-15 06:39:06,371 - DEBUG - Joint score for alpha[4]: 0.1266
2025-08-15 06:39:09,886 - DEBUG - Joint score for alpha[5]: 0.1264
2025-08-15 06:39:13,400 - DEBUG - Joint score for alpha[6]: 0.1259
2025-08-15 06:39:16,914 - DEBUG - Joint score for alpha[7]: 0.1264
2025-08-15 06:39:20,427 - DEBUG - Joint score for alpha[8]: 0.1257
2025-08-15 06:39:23,941 - DEBUG - Joint score for alpha[9]: 0.1265
2025-08-15 06:39:27,457 - DEBUG - Joint score for alpha[10]: 0.1264
2025-08-15 06:39:30,971 - DEBUG - Joint score for alpha[11]: 0.1267
2025-08-15 06:39:34,489 - DEBUG - Joint score for alpha[12]: 0.1265
2025-08-15 06:39:38,006 - DEBUG - Joint score for alpha[13]: 0.1263
2025-08-15 06:39:41,521 - DEBUG - Joint score for alpha[14]: 0.1257
2025-08-15 06:39:45,038 - DEBUG - Joint score for alpha[15]: 0.1258
2025-08-15 06:39:45,080 - INFO - Step 82/120: mean CRPS=0.1266
2025-08-15 06:39:45,087 - DEBUG - Beginning Gibbs iteration s = 82
2025-08-15 06:39:51,876 - DEBUG - Joint score for alpha[0]: 0.1263
2025-08-15 06:39:55,391 - DEBUG - Joint score for alpha[1]: 0.1261
2025-08-15 06:39:58,903 - DEBUG - Joint score for alpha[2]: 0.1264
2025-08-15 06:40:02,414 - DEBUG - Joint score for alpha[3]: 0.1275
2025-08-15 06:40:05,924 - DEBUG - Joint score for alpha[4]: 0.1262
2025-08-15 06:40:09,436 - DEBUG - Joint score for alpha[5]: 0.1292
2025-08-15 06:40:12,946 - DEBUG - Joint score for alpha[6]: 0.1258
2025-08-15 06:40:16,457 - DEBUG - Joint score for alpha[7]: 0.1257
2025-08-15 06:40:19,969 - DEBUG - Joint score for alpha[8]: 0.1258
2025-08-15 06:40:23,479 - DEBUG - Joint score for alpha[9]: 0.1271
2025-08-15 06:40:26,989 - DEBUG - Joint score for alpha[10]: 0.1260
2025-08-15 06:40:30,501 - DEBUG - Joint score for alpha[11]: 0.1260
2025-08-15 06:40:34,012 - DEBUG - Joint score for alpha[12]: 0.1280
2025-08-15 06:40:37,524 - DEBUG - Joint score for alpha[13]: 0.1271
2025-08-15 06:40:41,035 - DEBUG - Joint score for alpha[14]: 0.1282
2025-08-15 06:40:44,545 - DEBUG - Joint score for alpha[15]: 0.1294
2025-08-15 06:40:51,341 - DEBUG - Joint score for alpha[0]: 0.1287
2025-08-15 06:40:54,855 - DEBUG - Joint score for alpha[1]: 0.1293
2025-08-15 06:40:58,365 - DEBUG - Joint score for alpha[2]: 0.1287
2025-08-15 06:41:01,877 - DEBUG - Joint score for alpha[3]: 0.1273
2025-08-15 06:41:05,386 - DEBUG - Joint score for alpha[4]: 0.1286
2025-08-15 06:41:08,897 - DEBUG - Joint score for alpha[5]: 0.1287
2025-08-15 06:41:12,407 - DEBUG - Joint score for alpha[6]: 0.1294
2025-08-15 06:41:15,919 - DEBUG - Joint score for alpha[7]: 0.1285
2025-08-15 06:41:19,430 - DEBUG - Joint score for alpha[8]: 0.1287
2025-08-15 06:41:22,940 - DEBUG - Joint score for alpha[9]: 0.1295
2025-08-15 06:41:26,452 - DEBUG - Joint score for alpha[10]: 0.1296
2025-08-15 06:41:29,963 - DEBUG - Joint score for alpha[11]: 0.1291
2025-08-15 06:41:33,475 - DEBUG - Joint score for alpha[12]: 0.1291
2025-08-15 06:41:36,986 - DEBUG - Joint score for alpha[13]: 0.1285
2025-08-15 06:41:40,498 - DEBUG - Joint score for alpha[14]: 0.1297
2025-08-15 06:41:44,012 - DEBUG - Joint score for alpha[15]: 0.1290
2025-08-15 06:41:50,810 - DEBUG - Joint score for alpha[0]: 0.1290
2025-08-15 06:41:54,324 - DEBUG - Joint score for alpha[1]: 0.1287
2025-08-15 06:41:57,835 - DEBUG - Joint score for alpha[2]: 0.1291
2025-08-15 06:42:01,346 - DEBUG - Joint score for alpha[3]: 0.1283
2025-08-15 06:42:04,855 - DEBUG - Joint score for alpha[4]: 0.1286
2025-08-15 06:42:08,366 - DEBUG - Joint score for alpha[5]: 0.1283
2025-08-15 06:42:11,876 - DEBUG - Joint score for alpha[6]: 0.1287
2025-08-15 06:42:15,387 - DEBUG - Joint score for alpha[7]: 0.1284
2025-08-15 06:42:18,897 - DEBUG - Joint score for alpha[8]: 0.1283
2025-08-15 06:42:22,409 - DEBUG - Joint score for alpha[9]: 0.1281
2025-08-15 06:42:25,921 - DEBUG - Joint score for alpha[10]: 0.1290
2025-08-15 06:42:29,433 - DEBUG - Joint score for alpha[11]: 0.1280
2025-08-15 06:42:32,944 - DEBUG - Joint score for alpha[12]: 0.1279
2025-08-15 06:42:36,455 - DEBUG - Joint score for alpha[13]: 0.1275
2025-08-15 06:42:39,968 - DEBUG - Joint score for alpha[14]: 0.1281
2025-08-15 06:42:43,481 - DEBUG - Joint score for alpha[15]: 0.1283
2025-08-15 06:42:50,255 - DEBUG - Joint score for alpha[0]: 0.1286
2025-08-15 06:42:53,771 - DEBUG - Joint score for alpha[1]: 0.1274
2025-08-15 06:42:57,281 - DEBUG - Joint score for alpha[2]: 0.1286
2025-08-15 06:43:00,793 - DEBUG - Joint score for alpha[3]: 0.1291
2025-08-15 06:43:04,304 - DEBUG - Joint score for alpha[4]: 0.1290
2025-08-15 06:43:07,816 - DEBUG - Joint score for alpha[5]: 0.1286
2025-08-15 06:43:11,327 - DEBUG - Joint score for alpha[6]: 0.1293
2025-08-15 06:43:14,839 - DEBUG - Joint score for alpha[7]: 0.1282
2025-08-15 06:43:18,352 - DEBUG - Joint score for alpha[8]: 0.1285
2025-08-15 06:43:21,866 - DEBUG - Joint score for alpha[9]: 0.1290
2025-08-15 06:43:25,379 - DEBUG - Joint score for alpha[10]: 0.1286
2025-08-15 06:43:28,892 - DEBUG - Joint score for alpha[11]: 0.1286
2025-08-15 06:43:32,407 - DEBUG - Joint score for alpha[12]: 0.1287
2025-08-15 06:43:35,919 - DEBUG - Joint score for alpha[13]: 0.1287
2025-08-15 06:43:39,431 - DEBUG - Joint score for alpha[14]: 0.1279
2025-08-15 06:43:42,943 - DEBUG - Joint score for alpha[15]: 0.1289
2025-08-15 06:43:49,743 - DEBUG - Joint score for alpha[0]: 0.1299
2025-08-15 06:43:53,259 - DEBUG - Joint score for alpha[1]: 0.1291
2025-08-15 06:43:56,772 - DEBUG - Joint score for alpha[2]: 0.1288
2025-08-15 06:44:00,286 - DEBUG - Joint score for alpha[3]: 0.1294
2025-08-15 06:44:03,799 - DEBUG - Joint score for alpha[4]: 0.1279
2025-08-15 06:44:07,313 - DEBUG - Joint score for alpha[5]: 0.1277
2025-08-15 06:44:10,827 - DEBUG - Joint score for alpha[6]: 0.1292
2025-08-15 06:44:14,342 - DEBUG - Joint score for alpha[7]: 0.1290
2025-08-15 06:44:17,856 - DEBUG - Joint score for alpha[8]: 0.1280
2025-08-15 06:44:21,371 - DEBUG - Joint score for alpha[9]: 0.1298
2025-08-15 06:44:24,885 - DEBUG - Joint score for alpha[10]: 0.1294
2025-08-15 06:44:28,398 - DEBUG - Joint score for alpha[11]: 0.1289
2025-08-15 06:44:31,914 - DEBUG - Joint score for alpha[12]: 0.1295
2025-08-15 06:44:35,426 - DEBUG - Joint score for alpha[13]: 0.1297
2025-08-15 06:44:38,941 - DEBUG - Joint score for alpha[14]: 0.1288
2025-08-15 06:44:42,455 - DEBUG - Joint score for alpha[15]: 0.1290
2025-08-15 06:44:42,497 - INFO - Step 83/120: mean CRPS=0.1289
2025-08-15 06:44:42,501 - DEBUG - Beginning Gibbs iteration s = 83
2025-08-15 06:44:49,329 - DEBUG - Joint score for alpha[0]: 0.1291
2025-08-15 06:44:52,845 - DEBUG - Joint score for alpha[1]: 0.1285
2025-08-15 06:44:56,358 - DEBUG - Joint score for alpha[2]: 0.1286
2025-08-15 06:44:59,871 - DEBUG - Joint score for alpha[3]: 0.1270
2025-08-15 06:45:03,383 - DEBUG - Joint score for alpha[4]: 0.1300
2025-08-15 06:45:06,897 - DEBUG - Joint score for alpha[5]: 0.1290
2025-08-15 06:45:10,410 - DEBUG - Joint score for alpha[6]: 0.1297
2025-08-15 06:45:13,922 - DEBUG - Joint score for alpha[7]: 0.1295
2025-08-15 06:45:17,434 - DEBUG - Joint score for alpha[8]: 0.1287
2025-08-15 06:45:20,946 - DEBUG - Joint score for alpha[9]: 0.1292
2025-08-15 06:45:24,459 - DEBUG - Joint score for alpha[10]: 0.1289
2025-08-15 06:45:27,969 - DEBUG - Joint score for alpha[11]: 0.1290
2025-08-15 06:45:31,481 - DEBUG - Joint score for alpha[12]: 0.1288
2025-08-15 06:45:34,992 - DEBUG - Joint score for alpha[13]: 0.1283
2025-08-15 06:45:38,504 - DEBUG - Joint score for alpha[14]: 0.1294
2025-08-15 06:45:42,018 - DEBUG - Joint score for alpha[15]: 0.1302
2025-08-15 06:45:48,835 - DEBUG - Joint score for alpha[0]: 0.1270
2025-08-15 06:45:52,350 - DEBUG - Joint score for alpha[1]: 0.1285
2025-08-15 06:45:55,862 - DEBUG - Joint score for alpha[2]: 0.1280
2025-08-15 06:45:59,374 - DEBUG - Joint score for alpha[3]: 0.1291
2025-08-15 06:46:02,886 - DEBUG - Joint score for alpha[4]: 0.1280
2025-08-15 06:46:06,398 - DEBUG - Joint score for alpha[5]: 0.1272
2025-08-15 06:46:09,910 - DEBUG - Joint score for alpha[6]: 0.1278
2025-08-15 06:46:13,423 - DEBUG - Joint score for alpha[7]: 0.1287
2025-08-15 06:46:16,935 - DEBUG - Joint score for alpha[8]: 0.1279
2025-08-15 06:46:20,449 - DEBUG - Joint score for alpha[9]: 0.1280
2025-08-15 06:46:23,965 - DEBUG - Joint score for alpha[10]: 0.1271
2025-08-15 06:46:27,481 - DEBUG - Joint score for alpha[11]: 0.1286
2025-08-15 06:46:30,996 - DEBUG - Joint score for alpha[12]: 0.1272
2025-08-15 06:46:34,510 - DEBUG - Joint score for alpha[13]: 0.1273
2025-08-15 06:46:38,026 - DEBUG - Joint score for alpha[14]: 0.1285
2025-08-15 06:46:41,541 - DEBUG - Joint score for alpha[15]: 0.1288
2025-08-15 06:46:48,311 - DEBUG - Joint score for alpha[0]: 0.1274
2025-08-15 06:46:51,827 - DEBUG - Joint score for alpha[1]: 0.1276
2025-08-15 06:46:55,339 - DEBUG - Joint score for alpha[2]: 0.1284
2025-08-15 06:46:58,852 - DEBUG - Joint score for alpha[3]: 0.1275
2025-08-15 06:47:02,364 - DEBUG - Joint score for alpha[4]: 0.1270
2025-08-15 06:47:05,876 - DEBUG - Joint score for alpha[5]: 0.1283
2025-08-15 06:47:09,388 - DEBUG - Joint score for alpha[6]: 0.1283
2025-08-15 06:47:12,900 - DEBUG - Joint score for alpha[7]: 0.1273
2025-08-15 06:47:16,413 - DEBUG - Joint score for alpha[8]: 0.1270
2025-08-15 06:47:19,925 - DEBUG - Joint score for alpha[9]: 0.1284
2025-08-15 06:47:23,437 - DEBUG - Joint score for alpha[10]: 0.1282
2025-08-15 06:47:26,949 - DEBUG - Joint score for alpha[11]: 0.1278
2025-08-15 06:47:30,461 - DEBUG - Joint score for alpha[12]: 0.1273
2025-08-15 06:47:33,974 - DEBUG - Joint score for alpha[13]: 0.1278
2025-08-15 06:47:37,486 - DEBUG - Joint score for alpha[14]: 0.1273
2025-08-15 06:47:40,998 - DEBUG - Joint score for alpha[15]: 0.1279
2025-08-15 06:47:47,824 - DEBUG - Joint score for alpha[0]: 0.1275
2025-08-15 06:47:51,338 - DEBUG - Joint score for alpha[1]: 0.1279
2025-08-15 06:47:54,849 - DEBUG - Joint score for alpha[2]: 0.1270
2025-08-15 06:47:58,360 - DEBUG - Joint score for alpha[3]: 0.1279
2025-08-15 06:48:01,871 - DEBUG - Joint score for alpha[4]: 0.1288
2025-08-15 06:48:05,383 - DEBUG - Joint score for alpha[5]: 0.1286
2025-08-15 06:48:08,893 - DEBUG - Joint score for alpha[6]: 0.1284
2025-08-15 06:48:12,404 - DEBUG - Joint score for alpha[7]: 0.1273
2025-08-15 06:48:15,914 - DEBUG - Joint score for alpha[8]: 0.1284
2025-08-15 06:48:19,425 - DEBUG - Joint score for alpha[9]: 0.1273
2025-08-15 06:48:22,937 - DEBUG - Joint score for alpha[10]: 0.1283
2025-08-15 06:48:26,449 - DEBUG - Joint score for alpha[11]: 0.1285
2025-08-15 06:48:29,961 - DEBUG - Joint score for alpha[12]: 0.1273
2025-08-15 06:48:33,473 - DEBUG - Joint score for alpha[13]: 0.1270
2025-08-15 06:48:36,985 - DEBUG - Joint score for alpha[14]: 0.1278
2025-08-15 06:48:40,497 - DEBUG - Joint score for alpha[15]: 0.1280
2025-08-15 06:48:47,304 - DEBUG - Joint score for alpha[0]: 0.1263
2025-08-15 06:48:50,821 - DEBUG - Joint score for alpha[1]: 0.1267
2025-08-15 06:48:54,333 - DEBUG - Joint score for alpha[2]: 0.1265
2025-08-15 06:48:57,846 - DEBUG - Joint score for alpha[3]: 0.1279
2025-08-15 06:49:01,358 - DEBUG - Joint score for alpha[4]: 0.1273
2025-08-15 06:49:04,869 - DEBUG - Joint score for alpha[5]: 0.1272
2025-08-15 06:49:08,381 - DEBUG - Joint score for alpha[6]: 0.1266
2025-08-15 06:49:11,893 - DEBUG - Joint score for alpha[7]: 0.1267
2025-08-15 06:49:15,405 - DEBUG - Joint score for alpha[8]: 0.1265
2025-08-15 06:49:18,918 - DEBUG - Joint score for alpha[9]: 0.1282
2025-08-15 06:49:22,430 - DEBUG - Joint score for alpha[10]: 0.1267
2025-08-15 06:49:25,942 - DEBUG - Joint score for alpha[11]: 0.1270
2025-08-15 06:49:29,454 - DEBUG - Joint score for alpha[12]: 0.1273
2025-08-15 06:49:32,966 - DEBUG - Joint score for alpha[13]: 0.1278
2025-08-15 06:49:36,478 - DEBUG - Joint score for alpha[14]: 0.1269
2025-08-15 06:49:39,991 - DEBUG - Joint score for alpha[15]: 0.1266
2025-08-15 06:49:40,033 - INFO - Step 84/120: mean CRPS=0.1278
2025-08-15 06:49:40,037 - DEBUG - Beginning Gibbs iteration s = 84
2025-08-15 06:49:46,863 - DEBUG - Joint score for alpha[0]: 0.1291
2025-08-15 06:49:50,377 - DEBUG - Joint score for alpha[1]: 0.1287
2025-08-15 06:49:53,889 - DEBUG - Joint score for alpha[2]: 0.1275
2025-08-15 06:49:57,400 - DEBUG - Joint score for alpha[3]: 0.1278
2025-08-15 06:50:00,910 - DEBUG - Joint score for alpha[4]: 0.1281
2025-08-15 06:50:04,422 - DEBUG - Joint score for alpha[5]: 0.1294
2025-08-15 06:50:07,934 - DEBUG - Joint score for alpha[6]: 0.1260
2025-08-15 06:50:11,449 - DEBUG - Joint score for alpha[7]: 0.1272
2025-08-15 06:50:14,962 - DEBUG - Joint score for alpha[8]: 0.1271
2025-08-15 06:50:18,477 - DEBUG - Joint score for alpha[9]: 0.1274
2025-08-15 06:50:21,989 - DEBUG - Joint score for alpha[10]: 0.1266
2025-08-15 06:50:25,504 - DEBUG - Joint score for alpha[11]: 0.1273
2025-08-15 06:50:29,016 - DEBUG - Joint score for alpha[12]: 0.1259
2025-08-15 06:50:32,529 - DEBUG - Joint score for alpha[13]: 0.1285
2025-08-15 06:50:36,042 - DEBUG - Joint score for alpha[14]: 0.1293
2025-08-15 06:50:39,556 - DEBUG - Joint score for alpha[15]: 0.1269
2025-08-15 06:50:46,359 - DEBUG - Joint score for alpha[0]: 0.1284
2025-08-15 06:50:49,878 - DEBUG - Joint score for alpha[1]: 0.1283
2025-08-15 06:50:53,392 - DEBUG - Joint score for alpha[2]: 0.1280
2025-08-15 06:50:56,907 - DEBUG - Joint score for alpha[3]: 0.1272
2025-08-15 06:51:00,421 - DEBUG - Joint score for alpha[4]: 0.1283
2025-08-15 06:51:03,936 - DEBUG - Joint score for alpha[5]: 0.1283
2025-08-15 06:51:07,450 - DEBUG - Joint score for alpha[6]: 0.1284
2025-08-15 06:51:10,964 - DEBUG - Joint score for alpha[7]: 0.1279
2025-08-15 06:51:14,479 - DEBUG - Joint score for alpha[8]: 0.1278
2025-08-15 06:51:17,994 - DEBUG - Joint score for alpha[9]: 0.1269
2025-08-15 06:51:21,507 - DEBUG - Joint score for alpha[10]: 0.1272
2025-08-15 06:51:25,020 - DEBUG - Joint score for alpha[11]: 0.1277
2025-08-15 06:51:28,537 - DEBUG - Joint score for alpha[12]: 0.1286
2025-08-15 06:51:32,050 - DEBUG - Joint score for alpha[13]: 0.1279
2025-08-15 06:51:35,565 - DEBUG - Joint score for alpha[14]: 0.1280
2025-08-15 06:51:39,080 - DEBUG - Joint score for alpha[15]: 0.1276
2025-08-15 06:51:45,856 - DEBUG - Joint score for alpha[0]: 0.1288
2025-08-15 06:51:49,372 - DEBUG - Joint score for alpha[1]: 0.1284
2025-08-15 06:51:52,885 - DEBUG - Joint score for alpha[2]: 0.1282
2025-08-15 06:51:56,397 - DEBUG - Joint score for alpha[3]: 0.1283
2025-08-15 06:51:59,909 - DEBUG - Joint score for alpha[4]: 0.1279
2025-08-15 06:52:03,421 - DEBUG - Joint score for alpha[5]: 0.1275
2025-08-15 06:52:06,932 - DEBUG - Joint score for alpha[6]: 0.1283
2025-08-15 06:52:10,445 - DEBUG - Joint score for alpha[7]: 0.1278
2025-08-15 06:52:13,956 - DEBUG - Joint score for alpha[8]: 0.1281
2025-08-15 06:52:17,468 - DEBUG - Joint score for alpha[9]: 0.1283
2025-08-15 06:52:20,981 - DEBUG - Joint score for alpha[10]: 0.1276
2025-08-15 06:52:24,492 - DEBUG - Joint score for alpha[11]: 0.1282
2025-08-15 06:52:28,004 - DEBUG - Joint score for alpha[12]: 0.1286
2025-08-15 06:52:31,516 - DEBUG - Joint score for alpha[13]: 0.1280
2025-08-15 06:52:35,028 - DEBUG - Joint score for alpha[14]: 0.1289
2025-08-15 06:52:38,542 - DEBUG - Joint score for alpha[15]: 0.1279
2025-08-15 06:52:45,347 - DEBUG - Joint score for alpha[0]: 0.1289
2025-08-15 06:52:48,862 - DEBUG - Joint score for alpha[1]: 0.1280
2025-08-15 06:52:52,373 - DEBUG - Joint score for alpha[2]: 0.1282
2025-08-15 06:52:55,886 - DEBUG - Joint score for alpha[3]: 0.1282
2025-08-15 06:52:59,397 - DEBUG - Joint score for alpha[4]: 0.1275
2025-08-15 06:53:02,910 - DEBUG - Joint score for alpha[5]: 0.1284
2025-08-15 06:53:06,421 - DEBUG - Joint score for alpha[6]: 0.1280
2025-08-15 06:53:09,934 - DEBUG - Joint score for alpha[7]: 0.1284
2025-08-15 06:53:13,446 - DEBUG - Joint score for alpha[8]: 0.1286
2025-08-15 06:53:16,961 - DEBUG - Joint score for alpha[9]: 0.1293
2025-08-15 06:53:20,476 - DEBUG - Joint score for alpha[10]: 0.1283
2025-08-15 06:53:23,991 - DEBUG - Joint score for alpha[11]: 0.1274
2025-08-15 06:53:27,505 - DEBUG - Joint score for alpha[12]: 0.1286
2025-08-15 06:53:31,019 - DEBUG - Joint score for alpha[13]: 0.1282
2025-08-15 06:53:34,534 - DEBUG - Joint score for alpha[14]: 0.1277
2025-08-15 06:53:38,047 - DEBUG - Joint score for alpha[15]: 0.1295
2025-08-15 06:53:44,920 - DEBUG - Joint score for alpha[0]: 0.1273
2025-08-15 06:53:48,438 - DEBUG - Joint score for alpha[1]: 0.1280
2025-08-15 06:53:51,951 - DEBUG - Joint score for alpha[2]: 0.1275
2025-08-15 06:53:55,466 - DEBUG - Joint score for alpha[3]: 0.1277
2025-08-15 06:53:58,980 - DEBUG - Joint score for alpha[4]: 0.1280
2025-08-15 06:54:02,494 - DEBUG - Joint score for alpha[5]: 0.1285
2025-08-15 06:54:06,007 - DEBUG - Joint score for alpha[6]: 0.1284
2025-08-15 06:54:09,521 - DEBUG - Joint score for alpha[7]: 0.1269
2025-08-15 06:54:13,035 - DEBUG - Joint score for alpha[8]: 0.1282
2025-08-15 06:54:16,550 - DEBUG - Joint score for alpha[9]: 0.1275
2025-08-15 06:54:20,064 - DEBUG - Joint score for alpha[10]: 0.1276
2025-08-15 06:54:23,576 - DEBUG - Joint score for alpha[11]: 0.1288
2025-08-15 06:54:27,092 - DEBUG - Joint score for alpha[12]: 0.1278
2025-08-15 06:54:30,605 - DEBUG - Joint score for alpha[13]: 0.1280
2025-08-15 06:54:34,119 - DEBUG - Joint score for alpha[14]: 0.1274
2025-08-15 06:54:37,634 - DEBUG - Joint score for alpha[15]: 0.1275
2025-08-15 06:54:37,676 - INFO - Step 85/120: mean CRPS=0.1280
2025-08-15 06:54:37,681 - DEBUG - Beginning Gibbs iteration s = 85
2025-08-15 06:54:44,476 - DEBUG - Joint score for alpha[0]: 0.1267
2025-08-15 06:54:47,993 - DEBUG - Joint score for alpha[1]: 0.1285
2025-08-15 06:54:51,505 - DEBUG - Joint score for alpha[2]: 0.1274
2025-08-15 06:54:55,018 - DEBUG - Joint score for alpha[3]: 0.1272
2025-08-15 06:54:58,529 - DEBUG - Joint score for alpha[4]: 0.1279
2025-08-15 06:55:02,041 - DEBUG - Joint score for alpha[5]: 0.1267
2025-08-15 06:55:05,552 - DEBUG - Joint score for alpha[6]: 0.1272
2025-08-15 06:55:09,065 - DEBUG - Joint score for alpha[7]: 0.1267
2025-08-15 06:55:12,577 - DEBUG - Joint score for alpha[8]: 0.1297
2025-08-15 06:55:16,089 - DEBUG - Joint score for alpha[9]: 0.1276
2025-08-15 06:55:19,603 - DEBUG - Joint score for alpha[10]: 0.1288
2025-08-15 06:55:23,114 - DEBUG - Joint score for alpha[11]: 0.1296
2025-08-15 06:55:26,629 - DEBUG - Joint score for alpha[12]: 0.1292
2025-08-15 06:55:30,144 - DEBUG - Joint score for alpha[13]: 0.1275
2025-08-15 06:55:33,658 - DEBUG - Joint score for alpha[14]: 0.1277
2025-08-15 06:55:37,173 - DEBUG - Joint score for alpha[15]: 0.1274
2025-08-15 06:55:43,972 - DEBUG - Joint score for alpha[0]: 0.1264
2025-08-15 06:55:47,488 - DEBUG - Joint score for alpha[1]: 0.1272
2025-08-15 06:55:51,002 - DEBUG - Joint score for alpha[2]: 0.1269
2025-08-15 06:55:54,516 - DEBUG - Joint score for alpha[3]: 0.1270
2025-08-15 06:55:58,028 - DEBUG - Joint score for alpha[4]: 0.1273
2025-08-15 06:56:01,540 - DEBUG - Joint score for alpha[5]: 0.1269
2025-08-15 06:56:05,053 - DEBUG - Joint score for alpha[6]: 0.1270
2025-08-15 06:56:08,567 - DEBUG - Joint score for alpha[7]: 0.1276
2025-08-15 06:56:12,080 - DEBUG - Joint score for alpha[8]: 0.1254
2025-08-15 06:56:15,594 - DEBUG - Joint score for alpha[9]: 0.1270
2025-08-15 06:56:19,108 - DEBUG - Joint score for alpha[10]: 0.1269
2025-08-15 06:56:22,621 - DEBUG - Joint score for alpha[11]: 0.1270
2025-08-15 06:56:26,134 - DEBUG - Joint score for alpha[12]: 0.1271
2025-08-15 06:56:29,645 - DEBUG - Joint score for alpha[13]: 0.1262
2025-08-15 06:56:33,156 - DEBUG - Joint score for alpha[14]: 0.1264
2025-08-15 06:56:36,668 - DEBUG - Joint score for alpha[15]: 0.1266
2025-08-15 06:56:43,446 - DEBUG - Joint score for alpha[0]: 0.1269
2025-08-15 06:56:46,965 - DEBUG - Joint score for alpha[1]: 0.1271
2025-08-15 06:56:50,479 - DEBUG - Joint score for alpha[2]: 0.1272
2025-08-15 06:56:53,991 - DEBUG - Joint score for alpha[3]: 0.1272
2025-08-15 06:56:57,502 - DEBUG - Joint score for alpha[4]: 0.1270
2025-08-15 06:57:01,013 - DEBUG - Joint score for alpha[5]: 0.1273
2025-08-15 06:57:04,525 - DEBUG - Joint score for alpha[6]: 0.1270
2025-08-15 06:57:08,037 - DEBUG - Joint score for alpha[7]: 0.1270
2025-08-15 06:57:11,547 - DEBUG - Joint score for alpha[8]: 0.1277
2025-08-15 06:57:15,059 - DEBUG - Joint score for alpha[9]: 0.1272
2025-08-15 06:57:18,572 - DEBUG - Joint score for alpha[10]: 0.1272
2025-08-15 06:57:22,084 - DEBUG - Joint score for alpha[11]: 0.1280
2025-08-15 06:57:25,596 - DEBUG - Joint score for alpha[12]: 0.1268
2025-08-15 06:57:29,107 - DEBUG - Joint score for alpha[13]: 0.1276
2025-08-15 06:57:32,620 - DEBUG - Joint score for alpha[14]: 0.1268
2025-08-15 06:57:36,133 - DEBUG - Joint score for alpha[15]: 0.1278
2025-08-15 06:57:42,912 - DEBUG - Joint score for alpha[0]: 0.1270
2025-08-15 06:57:46,427 - DEBUG - Joint score for alpha[1]: 0.1278
2025-08-15 06:57:49,939 - DEBUG - Joint score for alpha[2]: 0.1274
2025-08-15 06:57:53,452 - DEBUG - Joint score for alpha[3]: 0.1281
2025-08-15 06:57:56,965 - DEBUG - Joint score for alpha[4]: 0.1276
2025-08-15 06:58:00,477 - DEBUG - Joint score for alpha[5]: 0.1278
2025-08-15 06:58:03,990 - DEBUG - Joint score for alpha[6]: 0.1276
2025-08-15 06:58:07,502 - DEBUG - Joint score for alpha[7]: 0.1271
2025-08-15 06:58:11,014 - DEBUG - Joint score for alpha[8]: 0.1278
2025-08-15 06:58:14,526 - DEBUG - Joint score for alpha[9]: 0.1270
2025-08-15 06:58:18,039 - DEBUG - Joint score for alpha[10]: 0.1275
2025-08-15 06:58:21,552 - DEBUG - Joint score for alpha[11]: 0.1277
2025-08-15 06:58:25,065 - DEBUG - Joint score for alpha[12]: 0.1270
2025-08-15 06:58:28,578 - DEBUG - Joint score for alpha[13]: 0.1268
2025-08-15 06:58:32,092 - DEBUG - Joint score for alpha[14]: 0.1275
2025-08-15 06:58:35,604 - DEBUG - Joint score for alpha[15]: 0.1271
2025-08-15 06:58:42,411 - DEBUG - Joint score for alpha[0]: 0.1275
2025-08-15 06:58:45,926 - DEBUG - Joint score for alpha[1]: 0.1275
2025-08-15 06:58:49,438 - DEBUG - Joint score for alpha[2]: 0.1272
2025-08-15 06:58:52,950 - DEBUG - Joint score for alpha[3]: 0.1274
2025-08-15 06:58:56,460 - DEBUG - Joint score for alpha[4]: 0.1281
2025-08-15 06:58:59,971 - DEBUG - Joint score for alpha[5]: 0.1281
2025-08-15 06:59:03,482 - DEBUG - Joint score for alpha[6]: 0.1275
2025-08-15 06:59:06,993 - DEBUG - Joint score for alpha[7]: 0.1267
2025-08-15 06:59:10,504 - DEBUG - Joint score for alpha[8]: 0.1272
2025-08-15 06:59:14,017 - DEBUG - Joint score for alpha[9]: 0.1278
2025-08-15 06:59:17,529 - DEBUG - Joint score for alpha[10]: 0.1275
2025-08-15 06:59:21,040 - DEBUG - Joint score for alpha[11]: 0.1279
2025-08-15 06:59:24,553 - DEBUG - Joint score for alpha[12]: 0.1267
2025-08-15 06:59:28,064 - DEBUG - Joint score for alpha[13]: 0.1270
2025-08-15 06:59:31,576 - DEBUG - Joint score for alpha[14]: 0.1277
2025-08-15 06:59:35,089 - DEBUG - Joint score for alpha[15]: 0.1282
2025-08-15 06:59:35,131 - INFO - Step 86/120: mean CRPS=0.1275
2025-08-15 06:59:35,135 - DEBUG - Beginning Gibbs iteration s = 86
2025-08-15 06:59:41,961 - DEBUG - Joint score for alpha[0]: 0.1280
2025-08-15 06:59:45,476 - DEBUG - Joint score for alpha[1]: 0.1266
2025-08-15 06:59:48,989 - DEBUG - Joint score for alpha[2]: 0.1293
2025-08-15 06:59:52,501 - DEBUG - Joint score for alpha[3]: 0.1262
2025-08-15 06:59:56,013 - DEBUG - Joint score for alpha[4]: 0.1275
2025-08-15 06:59:59,525 - DEBUG - Joint score for alpha[5]: 0.1285
2025-08-15 07:00:03,038 - DEBUG - Joint score for alpha[6]: 0.1287
2025-08-15 07:00:06,552 - DEBUG - Joint score for alpha[7]: 0.1281
2025-08-15 07:00:10,065 - DEBUG - Joint score for alpha[8]: 0.1276
2025-08-15 07:00:13,579 - DEBUG - Joint score for alpha[9]: 0.1259
2025-08-15 07:00:17,094 - DEBUG - Joint score for alpha[10]: 0.1278
2025-08-15 07:00:20,608 - DEBUG - Joint score for alpha[11]: 0.1272
2025-08-15 07:00:24,123 - DEBUG - Joint score for alpha[12]: 0.1287
2025-08-15 07:00:27,637 - DEBUG - Joint score for alpha[13]: 0.1275
2025-08-15 07:00:31,151 - DEBUG - Joint score for alpha[14]: 0.1254
2025-08-15 07:00:34,664 - DEBUG - Joint score for alpha[15]: 0.1294
2025-08-15 07:00:41,439 - DEBUG - Joint score for alpha[0]: 0.1259
2025-08-15 07:00:44,955 - DEBUG - Joint score for alpha[1]: 0.1262
2025-08-15 07:00:48,469 - DEBUG - Joint score for alpha[2]: 0.1265
2025-08-15 07:00:51,981 - DEBUG - Joint score for alpha[3]: 0.1268
2025-08-15 07:00:55,495 - DEBUG - Joint score for alpha[4]: 0.1262
2025-08-15 07:00:59,008 - DEBUG - Joint score for alpha[5]: 0.1263
2025-08-15 07:01:02,521 - DEBUG - Joint score for alpha[6]: 0.1275
2025-08-15 07:01:06,034 - DEBUG - Joint score for alpha[7]: 0.1263
2025-08-15 07:01:09,548 - DEBUG - Joint score for alpha[8]: 0.1255
2025-08-15 07:01:13,060 - DEBUG - Joint score for alpha[9]: 0.1280
2025-08-15 07:01:16,573 - DEBUG - Joint score for alpha[10]: 0.1268
2025-08-15 07:01:20,086 - DEBUG - Joint score for alpha[11]: 0.1274
2025-08-15 07:01:23,599 - DEBUG - Joint score for alpha[12]: 0.1267
2025-08-15 07:01:27,112 - DEBUG - Joint score for alpha[13]: 0.1253
2025-08-15 07:01:30,626 - DEBUG - Joint score for alpha[14]: 0.1260
2025-08-15 07:01:34,139 - DEBUG - Joint score for alpha[15]: 0.1260
2025-08-15 07:01:40,938 - DEBUG - Joint score for alpha[0]: 0.1255
2025-08-15 07:01:44,454 - DEBUG - Joint score for alpha[1]: 0.1253
2025-08-15 07:01:47,966 - DEBUG - Joint score for alpha[2]: 0.1256
2025-08-15 07:01:51,479 - DEBUG - Joint score for alpha[3]: 0.1256
2025-08-15 07:01:54,990 - DEBUG - Joint score for alpha[4]: 0.1259
2025-08-15 07:01:58,503 - DEBUG - Joint score for alpha[5]: 0.1268
2025-08-15 07:02:02,015 - DEBUG - Joint score for alpha[6]: 0.1262
2025-08-15 07:02:05,529 - DEBUG - Joint score for alpha[7]: 0.1261
2025-08-15 07:02:09,042 - DEBUG - Joint score for alpha[8]: 0.1262
2025-08-15 07:02:12,557 - DEBUG - Joint score for alpha[9]: 0.1266
2025-08-15 07:02:16,072 - DEBUG - Joint score for alpha[10]: 0.1264
2025-08-15 07:02:19,585 - DEBUG - Joint score for alpha[11]: 0.1261
2025-08-15 07:02:23,100 - DEBUG - Joint score for alpha[12]: 0.1258
2025-08-15 07:02:26,614 - DEBUG - Joint score for alpha[13]: 0.1269
2025-08-15 07:02:30,129 - DEBUG - Joint score for alpha[14]: 0.1256
2025-08-15 07:02:33,643 - DEBUG - Joint score for alpha[15]: 0.1258
2025-08-15 07:02:40,440 - DEBUG - Joint score for alpha[0]: 0.1259
2025-08-15 07:02:43,957 - DEBUG - Joint score for alpha[1]: 0.1260
2025-08-15 07:02:47,470 - DEBUG - Joint score for alpha[2]: 0.1265
2025-08-15 07:02:50,984 - DEBUG - Joint score for alpha[3]: 0.1255
2025-08-15 07:02:54,497 - DEBUG - Joint score for alpha[4]: 0.1258
2025-08-15 07:02:58,011 - DEBUG - Joint score for alpha[5]: 0.1256
2025-08-15 07:03:01,523 - DEBUG - Joint score for alpha[6]: 0.1257
2025-08-15 07:03:05,038 - DEBUG - Joint score for alpha[7]: 0.1258
2025-08-15 07:03:08,552 - DEBUG - Joint score for alpha[8]: 0.1263
2025-08-15 07:03:12,065 - DEBUG - Joint score for alpha[9]: 0.1267
2025-08-15 07:03:15,579 - DEBUG - Joint score for alpha[10]: 0.1258
2025-08-15 07:03:19,092 - DEBUG - Joint score for alpha[11]: 0.1269
2025-08-15 07:03:22,607 - DEBUG - Joint score for alpha[12]: 0.1251
2025-08-15 07:03:26,122 - DEBUG - Joint score for alpha[13]: 0.1259
2025-08-15 07:03:29,637 - DEBUG - Joint score for alpha[14]: 0.1257
2025-08-15 07:03:33,152 - DEBUG - Joint score for alpha[15]: 0.1263
2025-08-15 07:03:39,978 - DEBUG - Joint score for alpha[0]: 0.1245
2025-08-15 07:03:43,496 - DEBUG - Joint score for alpha[1]: 0.1252
2025-08-15 07:03:47,009 - DEBUG - Joint score for alpha[2]: 0.1251
2025-08-15 07:03:50,523 - DEBUG - Joint score for alpha[3]: 0.1259
2025-08-15 07:03:54,037 - DEBUG - Joint score for alpha[4]: 0.1259
2025-08-15 07:03:57,552 - DEBUG - Joint score for alpha[5]: 0.1256
2025-08-15 07:04:01,067 - DEBUG - Joint score for alpha[6]: 0.1247
2025-08-15 07:04:04,582 - DEBUG - Joint score for alpha[7]: 0.1252
2025-08-15 07:04:08,095 - DEBUG - Joint score for alpha[8]: 0.1250
2025-08-15 07:04:11,608 - DEBUG - Joint score for alpha[9]: 0.1249
2025-08-15 07:04:15,121 - DEBUG - Joint score for alpha[10]: 0.1249
2025-08-15 07:04:18,632 - DEBUG - Joint score for alpha[11]: 0.1249
2025-08-15 07:04:22,146 - DEBUG - Joint score for alpha[12]: 0.1257
2025-08-15 07:04:25,659 - DEBUG - Joint score for alpha[13]: 0.1256
2025-08-15 07:04:29,171 - DEBUG - Joint score for alpha[14]: 0.1254
2025-08-15 07:04:32,683 - DEBUG - Joint score for alpha[15]: 0.1247
2025-08-15 07:04:32,726 - INFO - Step 87/120: mean CRPS=0.1257
2025-08-15 07:04:32,730 - DEBUG - Beginning Gibbs iteration s = 87
2025-08-15 07:04:39,533 - DEBUG - Joint score for alpha[0]: 0.1240
2025-08-15 07:04:43,050 - DEBUG - Joint score for alpha[1]: 0.1236
2025-08-15 07:04:46,564 - DEBUG - Joint score for alpha[2]: 0.1252
2025-08-15 07:04:50,078 - DEBUG - Joint score for alpha[3]: 0.1248
2025-08-15 07:04:53,592 - DEBUG - Joint score for alpha[4]: 0.1227
2025-08-15 07:04:57,105 - DEBUG - Joint score for alpha[5]: 0.1258
2025-08-15 07:05:00,618 - DEBUG - Joint score for alpha[6]: 0.1244
2025-08-15 07:05:04,133 - DEBUG - Joint score for alpha[7]: 0.1243
2025-08-15 07:05:07,646 - DEBUG - Joint score for alpha[8]: 0.1251
2025-08-15 07:05:11,158 - DEBUG - Joint score for alpha[9]: 0.1253
2025-08-15 07:05:14,671 - DEBUG - Joint score for alpha[10]: 0.1257
2025-08-15 07:05:18,183 - DEBUG - Joint score for alpha[11]: 0.1260
2025-08-15 07:05:21,695 - DEBUG - Joint score for alpha[12]: 0.1251
2025-08-15 07:05:25,208 - DEBUG - Joint score for alpha[13]: 0.1268
2025-08-15 07:05:28,721 - DEBUG - Joint score for alpha[14]: 0.1267
2025-08-15 07:05:32,235 - DEBUG - Joint score for alpha[15]: 0.1247
2025-08-15 07:05:39,052 - DEBUG - Joint score for alpha[0]: 0.1241
2025-08-15 07:05:42,569 - DEBUG - Joint score for alpha[1]: 0.1235
2025-08-15 07:05:46,081 - DEBUG - Joint score for alpha[2]: 0.1226
2025-08-15 07:05:49,593 - DEBUG - Joint score for alpha[3]: 0.1230
2025-08-15 07:05:53,104 - DEBUG - Joint score for alpha[4]: 0.1240
2025-08-15 07:05:56,617 - DEBUG - Joint score for alpha[5]: 0.1234
2025-08-15 07:06:00,129 - DEBUG - Joint score for alpha[6]: 0.1230
2025-08-15 07:06:03,641 - DEBUG - Joint score for alpha[7]: 0.1234
2025-08-15 07:06:07,155 - DEBUG - Joint score for alpha[8]: 0.1236
2025-08-15 07:06:10,667 - DEBUG - Joint score for alpha[9]: 0.1244
2025-08-15 07:06:14,179 - DEBUG - Joint score for alpha[10]: 0.1232
2025-08-15 07:06:17,691 - DEBUG - Joint score for alpha[11]: 0.1228
2025-08-15 07:06:21,204 - DEBUG - Joint score for alpha[12]: 0.1222
2025-08-15 07:06:24,715 - DEBUG - Joint score for alpha[13]: 0.1239
2025-08-15 07:06:28,226 - DEBUG - Joint score for alpha[14]: 0.1235
2025-08-15 07:06:31,739 - DEBUG - Joint score for alpha[15]: 0.1237
2025-08-15 07:06:38,545 - DEBUG - Joint score for alpha[0]: 0.1235
2025-08-15 07:06:42,060 - DEBUG - Joint score for alpha[1]: 0.1231
2025-08-15 07:06:45,572 - DEBUG - Joint score for alpha[2]: 0.1234
2025-08-15 07:06:49,085 - DEBUG - Joint score for alpha[3]: 0.1232
2025-08-15 07:06:52,597 - DEBUG - Joint score for alpha[4]: 0.1232
2025-08-15 07:06:56,108 - DEBUG - Joint score for alpha[5]: 0.1231
2025-08-15 07:06:59,620 - DEBUG - Joint score for alpha[6]: 0.1233
2025-08-15 07:07:03,132 - DEBUG - Joint score for alpha[7]: 0.1232
2025-08-15 07:07:06,644 - DEBUG - Joint score for alpha[8]: 0.1238
2025-08-15 07:07:10,155 - DEBUG - Joint score for alpha[9]: 0.1232
2025-08-15 07:07:13,668 - DEBUG - Joint score for alpha[10]: 0.1236
2025-08-15 07:07:17,180 - DEBUG - Joint score for alpha[11]: 0.1235
2025-08-15 07:07:20,694 - DEBUG - Joint score for alpha[12]: 0.1240
2025-08-15 07:07:24,208 - DEBUG - Joint score for alpha[13]: 0.1236
2025-08-15 07:07:27,722 - DEBUG - Joint score for alpha[14]: 0.1235
2025-08-15 07:07:31,237 - DEBUG - Joint score for alpha[15]: 0.1240
2025-08-15 07:07:38,048 - DEBUG - Joint score for alpha[0]: 0.1232
2025-08-15 07:07:41,564 - DEBUG - Joint score for alpha[1]: 0.1226
2025-08-15 07:07:45,076 - DEBUG - Joint score for alpha[2]: 0.1235
2025-08-15 07:07:48,589 - DEBUG - Joint score for alpha[3]: 0.1238
2025-08-15 07:07:52,100 - DEBUG - Joint score for alpha[4]: 0.1233
2025-08-15 07:07:55,612 - DEBUG - Joint score for alpha[5]: 0.1227
2025-08-15 07:07:59,124 - DEBUG - Joint score for alpha[6]: 0.1232
2025-08-15 07:08:02,636 - DEBUG - Joint score for alpha[7]: 0.1230
2025-08-15 07:08:06,148 - DEBUG - Joint score for alpha[8]: 0.1224
2025-08-15 07:08:09,661 - DEBUG - Joint score for alpha[9]: 0.1235
2025-08-15 07:08:13,175 - DEBUG - Joint score for alpha[10]: 0.1237
2025-08-15 07:08:16,688 - DEBUG - Joint score for alpha[11]: 0.1229
2025-08-15 07:08:20,201 - DEBUG - Joint score for alpha[12]: 0.1238
2025-08-15 07:08:23,715 - DEBUG - Joint score for alpha[13]: 0.1226
2025-08-15 07:08:27,228 - DEBUG - Joint score for alpha[14]: 0.1237
2025-08-15 07:08:30,742 - DEBUG - Joint score for alpha[15]: 0.1236
2025-08-15 07:08:37,517 - DEBUG - Joint score for alpha[0]: 0.1217
2025-08-15 07:08:41,035 - DEBUG - Joint score for alpha[1]: 0.1222
2025-08-15 07:08:44,547 - DEBUG - Joint score for alpha[2]: 0.1220
2025-08-15 07:08:48,062 - DEBUG - Joint score for alpha[3]: 0.1226
2025-08-15 07:08:51,575 - DEBUG - Joint score for alpha[4]: 0.1227
2025-08-15 07:08:55,091 - DEBUG - Joint score for alpha[5]: 0.1225
2025-08-15 07:08:58,604 - DEBUG - Joint score for alpha[6]: 0.1225
2025-08-15 07:09:02,120 - DEBUG - Joint score for alpha[7]: 0.1227
2025-08-15 07:09:05,633 - DEBUG - Joint score for alpha[8]: 0.1221
2025-08-15 07:09:09,147 - DEBUG - Joint score for alpha[9]: 0.1226
2025-08-15 07:09:12,660 - DEBUG - Joint score for alpha[10]: 0.1225
2025-08-15 07:09:16,174 - DEBUG - Joint score for alpha[11]: 0.1218
2025-08-15 07:09:19,687 - DEBUG - Joint score for alpha[12]: 0.1222
2025-08-15 07:09:23,201 - DEBUG - Joint score for alpha[13]: 0.1232
2025-08-15 07:09:26,714 - DEBUG - Joint score for alpha[14]: 0.1226
2025-08-15 07:09:30,227 - DEBUG - Joint score for alpha[15]: 0.1225
2025-08-15 07:09:30,269 - INFO - Step 88/120: mean CRPS=0.1230
2025-08-15 07:09:30,274 - DEBUG - Beginning Gibbs iteration s = 88
2025-08-15 07:09:37,100 - DEBUG - Joint score for alpha[0]: 0.1227
2025-08-15 07:09:40,617 - DEBUG - Joint score for alpha[1]: 0.1217
2025-08-15 07:09:44,130 - DEBUG - Joint score for alpha[2]: 0.1220
2025-08-15 07:09:47,642 - DEBUG - Joint score for alpha[3]: 0.1219
2025-08-15 07:09:51,153 - DEBUG - Joint score for alpha[4]: 0.1214
2025-08-15 07:09:54,665 - DEBUG - Joint score for alpha[5]: 0.1193
2025-08-15 07:09:58,176 - DEBUG - Joint score for alpha[6]: 0.1212
2025-08-15 07:10:01,688 - DEBUG - Joint score for alpha[7]: 0.1223
2025-08-15 07:10:05,199 - DEBUG - Joint score for alpha[8]: 0.1219
2025-08-15 07:10:08,712 - DEBUG - Joint score for alpha[9]: 0.1224
2025-08-15 07:10:12,225 - DEBUG - Joint score for alpha[10]: 0.1237
2025-08-15 07:10:15,737 - DEBUG - Joint score for alpha[11]: 0.1224
2025-08-15 07:10:19,252 - DEBUG - Joint score for alpha[12]: 0.1238
2025-08-15 07:10:22,765 - DEBUG - Joint score for alpha[13]: 0.1221
2025-08-15 07:10:26,277 - DEBUG - Joint score for alpha[14]: 0.1217
2025-08-15 07:10:29,789 - DEBUG - Joint score for alpha[15]: 0.1226
2025-08-15 07:10:36,592 - DEBUG - Joint score for alpha[0]: 0.1215
2025-08-15 07:10:40,108 - DEBUG - Joint score for alpha[1]: 0.1221
2025-08-15 07:10:43,621 - DEBUG - Joint score for alpha[2]: 0.1216
2025-08-15 07:10:47,134 - DEBUG - Joint score for alpha[3]: 0.1220
2025-08-15 07:10:50,646 - DEBUG - Joint score for alpha[4]: 0.1222
2025-08-15 07:10:54,159 - DEBUG - Joint score for alpha[5]: 0.1226
2025-08-15 07:10:57,671 - DEBUG - Joint score for alpha[6]: 0.1224
2025-08-15 07:11:01,184 - DEBUG - Joint score for alpha[7]: 0.1220
2025-08-15 07:11:04,696 - DEBUG - Joint score for alpha[8]: 0.1219
2025-08-15 07:11:08,208 - DEBUG - Joint score for alpha[9]: 0.1216
2025-08-15 07:11:11,721 - DEBUG - Joint score for alpha[10]: 0.1218
2025-08-15 07:11:15,235 - DEBUG - Joint score for alpha[11]: 0.1217
2025-08-15 07:11:18,749 - DEBUG - Joint score for alpha[12]: 0.1215
2025-08-15 07:11:22,262 - DEBUG - Joint score for alpha[13]: 0.1218
2025-08-15 07:11:25,775 - DEBUG - Joint score for alpha[14]: 0.1224
2025-08-15 07:11:29,290 - DEBUG - Joint score for alpha[15]: 0.1221
2025-08-15 07:11:36,055 - DEBUG - Joint score for alpha[0]: 0.1214
2025-08-15 07:11:39,572 - DEBUG - Joint score for alpha[1]: 0.1224
2025-08-15 07:11:43,084 - DEBUG - Joint score for alpha[2]: 0.1217
2025-08-15 07:11:46,595 - DEBUG - Joint score for alpha[3]: 0.1222
2025-08-15 07:11:50,107 - DEBUG - Joint score for alpha[4]: 0.1222
2025-08-15 07:11:53,618 - DEBUG - Joint score for alpha[5]: 0.1223
2025-08-15 07:11:57,129 - DEBUG - Joint score for alpha[6]: 0.1213
2025-08-15 07:12:02,009 - DEBUG - Joint score for alpha[7]: 0.1228
2025-08-15 07:12:05,519 - DEBUG - Joint score for alpha[8]: 0.1225
2025-08-15 07:12:09,033 - DEBUG - Joint score for alpha[9]: 0.1216
2025-08-15 07:12:12,545 - DEBUG - Joint score for alpha[10]: 0.1221
2025-08-15 07:12:16,057 - DEBUG - Joint score for alpha[11]: 0.1216
2025-08-15 07:12:19,569 - DEBUG - Joint score for alpha[12]: 0.1213
2025-08-15 07:12:23,081 - DEBUG - Joint score for alpha[13]: 0.1214
2025-08-15 07:12:26,594 - DEBUG - Joint score for alpha[14]: 0.1212
2025-08-15 07:12:30,106 - DEBUG - Joint score for alpha[15]: 0.1222
2025-08-15 07:12:36,933 - DEBUG - Joint score for alpha[0]: 0.1213
2025-08-15 07:12:40,450 - DEBUG - Joint score for alpha[1]: 0.1224
2025-08-15 07:12:43,962 - DEBUG - Joint score for alpha[2]: 0.1226
2025-08-15 07:12:47,472 - DEBUG - Joint score for alpha[3]: 0.1220
2025-08-15 07:12:50,983 - DEBUG - Joint score for alpha[4]: 0.1219
2025-08-15 07:12:54,494 - DEBUG - Joint score for alpha[5]: 0.1218
2025-08-15 07:12:58,005 - DEBUG - Joint score for alpha[6]: 0.1226
2025-08-15 07:13:01,517 - DEBUG - Joint score for alpha[7]: 0.1214
2025-08-15 07:13:05,028 - DEBUG - Joint score for alpha[8]: 0.1226
2025-08-15 07:13:08,539 - DEBUG - Joint score for alpha[9]: 0.1219
2025-08-15 07:13:12,051 - DEBUG - Joint score for alpha[10]: 0.1214
2025-08-15 07:13:15,562 - DEBUG - Joint score for alpha[11]: 0.1220
2025-08-15 07:13:19,073 - DEBUG - Joint score for alpha[12]: 0.1215
2025-08-15 07:13:22,583 - DEBUG - Joint score for alpha[13]: 0.1221
2025-08-15 07:13:26,094 - DEBUG - Joint score for alpha[14]: 0.1231
2025-08-15 07:13:29,607 - DEBUG - Joint score for alpha[15]: 0.1220
2025-08-15 07:13:36,412 - DEBUG - Joint score for alpha[0]: 0.1210
2025-08-15 07:13:39,928 - DEBUG - Joint score for alpha[1]: 0.1216
2025-08-15 07:13:43,441 - DEBUG - Joint score for alpha[2]: 0.1215
2025-08-15 07:13:46,955 - DEBUG - Joint score for alpha[3]: 0.1213
2025-08-15 07:13:50,466 - DEBUG - Joint score for alpha[4]: 0.1211
2025-08-15 07:13:53,978 - DEBUG - Joint score for alpha[5]: 0.1214
2025-08-15 07:13:57,489 - DEBUG - Joint score for alpha[6]: 0.1215
2025-08-15 07:14:01,001 - DEBUG - Joint score for alpha[7]: 0.1215
2025-08-15 07:14:04,513 - DEBUG - Joint score for alpha[8]: 0.1210
2025-08-15 07:14:08,026 - DEBUG - Joint score for alpha[9]: 0.1215
2025-08-15 07:14:11,540 - DEBUG - Joint score for alpha[10]: 0.1211
2025-08-15 07:14:15,055 - DEBUG - Joint score for alpha[11]: 0.1212
2025-08-15 07:14:18,570 - DEBUG - Joint score for alpha[12]: 0.1212
2025-08-15 07:14:22,085 - DEBUG - Joint score for alpha[13]: 0.1213
2025-08-15 07:14:25,599 - DEBUG - Joint score for alpha[14]: 0.1212
2025-08-15 07:14:29,113 - DEBUG - Joint score for alpha[15]: 0.1221
2025-08-15 07:14:29,155 - INFO - Step 89/120: mean CRPS=0.1218
2025-08-15 07:14:29,161 - DEBUG - Beginning Gibbs iteration s = 89
2025-08-15 07:14:35,922 - DEBUG - Joint score for alpha[0]: 0.1223
2025-08-15 07:14:39,441 - DEBUG - Joint score for alpha[1]: 0.1229
2025-08-15 07:14:42,956 - DEBUG - Joint score for alpha[2]: 0.1230
2025-08-15 07:14:46,471 - DEBUG - Joint score for alpha[3]: 0.1233
2025-08-15 07:14:49,983 - DEBUG - Joint score for alpha[4]: 0.1225
2025-08-15 07:14:53,495 - DEBUG - Joint score for alpha[5]: 0.1215
2025-08-15 07:14:57,007 - DEBUG - Joint score for alpha[6]: 0.1226
2025-08-15 07:15:00,519 - DEBUG - Joint score for alpha[7]: 0.1226
2025-08-15 07:15:04,033 - DEBUG - Joint score for alpha[8]: 0.1212
2025-08-15 07:15:07,546 - DEBUG - Joint score for alpha[9]: 0.1214
2025-08-15 07:15:11,060 - DEBUG - Joint score for alpha[10]: 0.1239
2025-08-15 07:15:14,572 - DEBUG - Joint score for alpha[11]: 0.1221
2025-08-15 07:15:18,086 - DEBUG - Joint score for alpha[12]: 0.1205
2025-08-15 07:15:21,599 - DEBUG - Joint score for alpha[13]: 0.1220
2025-08-15 07:15:25,112 - DEBUG - Joint score for alpha[14]: 0.1220
2025-08-15 07:15:28,623 - DEBUG - Joint score for alpha[15]: 0.1220
2025-08-15 07:15:35,382 - DEBUG - Joint score for alpha[0]: 0.1221
2025-08-15 07:15:38,897 - DEBUG - Joint score for alpha[1]: 0.1225
2025-08-15 07:15:42,408 - DEBUG - Joint score for alpha[2]: 0.1216
2025-08-15 07:15:45,921 - DEBUG - Joint score for alpha[3]: 0.1216
2025-08-15 07:15:49,432 - DEBUG - Joint score for alpha[4]: 0.1221
2025-08-15 07:15:52,945 - DEBUG - Joint score for alpha[5]: 0.1225
2025-08-15 07:15:56,456 - DEBUG - Joint score for alpha[6]: 0.1222
2025-08-15 07:15:59,968 - DEBUG - Joint score for alpha[7]: 0.1223
2025-08-15 07:16:03,480 - DEBUG - Joint score for alpha[8]: 0.1223
2025-08-15 07:16:06,992 - DEBUG - Joint score for alpha[9]: 0.1219
2025-08-15 07:16:10,506 - DEBUG - Joint score for alpha[10]: 0.1228
2025-08-15 07:16:14,019 - DEBUG - Joint score for alpha[11]: 0.1220
2025-08-15 07:16:17,532 - DEBUG - Joint score for alpha[12]: 0.1220
2025-08-15 07:16:21,044 - DEBUG - Joint score for alpha[13]: 0.1223
2025-08-15 07:16:24,558 - DEBUG - Joint score for alpha[14]: 0.1229
2025-08-15 07:16:28,073 - DEBUG - Joint score for alpha[15]: 0.1221
2025-08-15 07:16:34,838 - DEBUG - Joint score for alpha[0]: 0.1209
2025-08-15 07:16:38,355 - DEBUG - Joint score for alpha[1]: 0.1222
2025-08-15 07:16:41,869 - DEBUG - Joint score for alpha[2]: 0.1209
2025-08-15 07:16:45,383 - DEBUG - Joint score for alpha[3]: 0.1213
2025-08-15 07:16:48,896 - DEBUG - Joint score for alpha[4]: 0.1211
2025-08-15 07:16:52,408 - DEBUG - Joint score for alpha[5]: 0.1210
2025-08-15 07:16:55,920 - DEBUG - Joint score for alpha[6]: 0.1214
2025-08-15 07:16:59,433 - DEBUG - Joint score for alpha[7]: 0.1221
2025-08-15 07:17:02,948 - DEBUG - Joint score for alpha[8]: 0.1213
2025-08-15 07:17:06,460 - DEBUG - Joint score for alpha[9]: 0.1220
2025-08-15 07:17:09,974 - DEBUG - Joint score for alpha[10]: 0.1220
2025-08-15 07:17:13,487 - DEBUG - Joint score for alpha[11]: 0.1222
2025-08-15 07:17:17,003 - DEBUG - Joint score for alpha[12]: 0.1220
2025-08-15 07:17:20,518 - DEBUG - Joint score for alpha[13]: 0.1218
2025-08-15 07:17:24,032 - DEBUG - Joint score for alpha[14]: 0.1215
2025-08-15 07:17:27,545 - DEBUG - Joint score for alpha[15]: 0.1213
2025-08-15 07:17:34,386 - DEBUG - Joint score for alpha[0]: 0.1210
2025-08-15 07:17:37,902 - DEBUG - Joint score for alpha[1]: 0.1212
2025-08-15 07:17:41,415 - DEBUG - Joint score for alpha[2]: 0.1220
2025-08-15 07:17:44,929 - DEBUG - Joint score for alpha[3]: 0.1212
2025-08-15 07:17:48,442 - DEBUG - Joint score for alpha[4]: 0.1207
2025-08-15 07:17:51,955 - DEBUG - Joint score for alpha[5]: 0.1212
2025-08-15 07:17:55,468 - DEBUG - Joint score for alpha[6]: 0.1213
2025-08-15 07:17:58,984 - DEBUG - Joint score for alpha[7]: 0.1214
2025-08-15 07:18:02,498 - DEBUG - Joint score for alpha[8]: 0.1217
2025-08-15 07:18:06,013 - DEBUG - Joint score for alpha[9]: 0.1210
2025-08-15 07:18:09,527 - DEBUG - Joint score for alpha[10]: 0.1208
2025-08-15 07:18:13,042 - DEBUG - Joint score for alpha[11]: 0.1211
2025-08-15 07:18:16,555 - DEBUG - Joint score for alpha[12]: 0.1209
2025-08-15 07:18:20,068 - DEBUG - Joint score for alpha[13]: 0.1215
2025-08-15 07:18:23,580 - DEBUG - Joint score for alpha[14]: 0.1211
2025-08-15 07:18:27,094 - DEBUG - Joint score for alpha[15]: 0.1216
2025-08-15 07:18:33,844 - DEBUG - Joint score for alpha[0]: 0.1217
2025-08-15 07:18:37,363 - DEBUG - Joint score for alpha[1]: 0.1210
2025-08-15 07:18:40,878 - DEBUG - Joint score for alpha[2]: 0.1206
2025-08-15 07:18:44,391 - DEBUG - Joint score for alpha[3]: 0.1215
2025-08-15 07:18:47,903 - DEBUG - Joint score for alpha[4]: 0.1211
2025-08-15 07:18:51,414 - DEBUG - Joint score for alpha[5]: 0.1213
2025-08-15 07:18:54,925 - DEBUG - Joint score for alpha[6]: 0.1219
2025-08-15 07:18:58,437 - DEBUG - Joint score for alpha[7]: 0.1216
2025-08-15 07:19:01,949 - DEBUG - Joint score for alpha[8]: 0.1216
2025-08-15 07:19:05,461 - DEBUG - Joint score for alpha[9]: 0.1220
2025-08-15 07:19:08,972 - DEBUG - Joint score for alpha[10]: 0.1220
2025-08-15 07:19:12,483 - DEBUG - Joint score for alpha[11]: 0.1213
2025-08-15 07:19:15,997 - DEBUG - Joint score for alpha[12]: 0.1212
2025-08-15 07:19:19,510 - DEBUG - Joint score for alpha[13]: 0.1212
2025-08-15 07:19:23,022 - DEBUG - Joint score for alpha[14]: 0.1211
2025-08-15 07:19:26,535 - DEBUG - Joint score for alpha[15]: 0.1212
2025-08-15 07:19:26,577 - INFO - Step 90/120: mean CRPS=0.1214
2025-08-15 07:19:26,581 - DEBUG - Beginning Gibbs iteration s = 90
2025-08-15 07:19:33,357 - DEBUG - Joint score for alpha[0]: 0.1198
2025-08-15 07:19:36,875 - DEBUG - Joint score for alpha[1]: 0.1215
2025-08-15 07:19:40,392 - DEBUG - Joint score for alpha[2]: 0.1216
2025-08-15 07:19:43,906 - DEBUG - Joint score for alpha[3]: 0.1214
2025-08-15 07:19:47,418 - DEBUG - Joint score for alpha[4]: 0.1218
2025-08-15 07:19:50,930 - DEBUG - Joint score for alpha[5]: 0.1222
2025-08-15 07:19:54,442 - DEBUG - Joint score for alpha[6]: 0.1215
2025-08-15 07:19:57,955 - DEBUG - Joint score for alpha[7]: 0.1209
2025-08-15 07:20:01,468 - DEBUG - Joint score for alpha[8]: 0.1227
2025-08-15 07:20:04,980 - DEBUG - Joint score for alpha[9]: 0.1230
2025-08-15 07:20:08,493 - DEBUG - Joint score for alpha[10]: 0.1225
2025-08-15 07:20:12,005 - DEBUG - Joint score for alpha[11]: 0.1227
2025-08-15 07:20:15,517 - DEBUG - Joint score for alpha[12]: 0.1224
2025-08-15 07:20:19,029 - DEBUG - Joint score for alpha[13]: 0.1216
2025-08-15 07:20:22,542 - DEBUG - Joint score for alpha[14]: 0.1208
2025-08-15 07:20:26,055 - DEBUG - Joint score for alpha[15]: 0.1196
2025-08-15 07:20:32,829 - DEBUG - Joint score for alpha[0]: 0.1236
2025-08-15 07:20:36,347 - DEBUG - Joint score for alpha[1]: 0.1232
2025-08-15 07:20:39,859 - DEBUG - Joint score for alpha[2]: 0.1242
2025-08-15 07:20:43,372 - DEBUG - Joint score for alpha[3]: 0.1230
2025-08-15 07:20:46,884 - DEBUG - Joint score for alpha[4]: 0.1233
2025-08-15 07:20:50,395 - DEBUG - Joint score for alpha[5]: 0.1234
2025-08-15 07:20:53,907 - DEBUG - Joint score for alpha[6]: 0.1232
2025-08-15 07:20:57,420 - DEBUG - Joint score for alpha[7]: 0.1231
2025-08-15 07:21:00,933 - DEBUG - Joint score for alpha[8]: 0.1236
2025-08-15 07:21:04,445 - DEBUG - Joint score for alpha[9]: 0.1235
2025-08-15 07:21:07,959 - DEBUG - Joint score for alpha[10]: 0.1237
2025-08-15 07:21:11,474 - DEBUG - Joint score for alpha[11]: 0.1240
2025-08-15 07:21:14,989 - DEBUG - Joint score for alpha[12]: 0.1236
2025-08-15 07:21:18,503 - DEBUG - Joint score for alpha[13]: 0.1237
2025-08-15 07:21:22,017 - DEBUG - Joint score for alpha[14]: 0.1230
2025-08-15 07:21:25,532 - DEBUG - Joint score for alpha[15]: 0.1229
2025-08-15 07:21:32,263 - DEBUG - Joint score for alpha[0]: 0.1232
2025-08-15 07:21:35,783 - DEBUG - Joint score for alpha[1]: 0.1233
2025-08-15 07:21:39,299 - DEBUG - Joint score for alpha[2]: 0.1234
2025-08-15 07:21:42,816 - DEBUG - Joint score for alpha[3]: 0.1228
2025-08-15 07:21:46,332 - DEBUG - Joint score for alpha[4]: 0.1236
2025-08-15 07:21:49,848 - DEBUG - Joint score for alpha[5]: 0.1238
2025-08-15 07:21:53,363 - DEBUG - Joint score for alpha[6]: 0.1229
2025-08-15 07:21:56,879 - DEBUG - Joint score for alpha[7]: 0.1225
2025-08-15 07:22:00,394 - DEBUG - Joint score for alpha[8]: 0.1235
2025-08-15 07:22:03,909 - DEBUG - Joint score for alpha[9]: 0.1230
2025-08-15 07:22:07,425 - DEBUG - Joint score for alpha[10]: 0.1230
2025-08-15 07:22:10,940 - DEBUG - Joint score for alpha[11]: 0.1234
2025-08-15 07:22:14,454 - DEBUG - Joint score for alpha[12]: 0.1231
2025-08-15 07:22:17,967 - DEBUG - Joint score for alpha[13]: 0.1237
2025-08-15 07:22:21,483 - DEBUG - Joint score for alpha[14]: 0.1230
2025-08-15 07:22:24,999 - DEBUG - Joint score for alpha[15]: 0.1234
2025-08-15 07:22:31,800 - DEBUG - Joint score for alpha[0]: 0.1237
2025-08-15 07:22:35,318 - DEBUG - Joint score for alpha[1]: 0.1228
2025-08-15 07:22:38,831 - DEBUG - Joint score for alpha[2]: 0.1232
2025-08-15 07:22:42,345 - DEBUG - Joint score for alpha[3]: 0.1227
2025-08-15 07:22:45,859 - DEBUG - Joint score for alpha[4]: 0.1227
2025-08-15 07:22:49,373 - DEBUG - Joint score for alpha[5]: 0.1226
2025-08-15 07:22:52,887 - DEBUG - Joint score for alpha[6]: 0.1227
2025-08-15 07:22:56,401 - DEBUG - Joint score for alpha[7]: 0.1230
2025-08-15 07:22:59,914 - DEBUG - Joint score for alpha[8]: 0.1222
2025-08-15 07:23:03,429 - DEBUG - Joint score for alpha[9]: 0.1224
2025-08-15 07:23:06,944 - DEBUG - Joint score for alpha[10]: 0.1225
2025-08-15 07:23:10,460 - DEBUG - Joint score for alpha[11]: 0.1232
2025-08-15 07:23:13,974 - DEBUG - Joint score for alpha[12]: 0.1229
2025-08-15 07:23:17,489 - DEBUG - Joint score for alpha[13]: 0.1234
2025-08-15 07:23:21,003 - DEBUG - Joint score for alpha[14]: 0.1225
2025-08-15 07:23:24,519 - DEBUG - Joint score for alpha[15]: 0.1228
2025-08-15 07:23:31,291 - DEBUG - Joint score for alpha[0]: 0.1230
2025-08-15 07:23:34,808 - DEBUG - Joint score for alpha[1]: 0.1227
2025-08-15 07:23:38,321 - DEBUG - Joint score for alpha[2]: 0.1233
2025-08-15 07:23:41,837 - DEBUG - Joint score for alpha[3]: 0.1229
2025-08-15 07:23:45,350 - DEBUG - Joint score for alpha[4]: 0.1233
2025-08-15 07:23:48,865 - DEBUG - Joint score for alpha[5]: 0.1228
2025-08-15 07:23:52,380 - DEBUG - Joint score for alpha[6]: 0.1230
2025-08-15 07:23:55,894 - DEBUG - Joint score for alpha[7]: 0.1235
2025-08-15 07:23:59,408 - DEBUG - Joint score for alpha[8]: 0.1225
2025-08-15 07:24:02,922 - DEBUG - Joint score for alpha[9]: 0.1226
2025-08-15 07:24:06,437 - DEBUG - Joint score for alpha[10]: 0.1234
2025-08-15 07:24:09,951 - DEBUG - Joint score for alpha[11]: 0.1233
2025-08-15 07:24:13,462 - DEBUG - Joint score for alpha[12]: 0.1231
2025-08-15 07:24:16,974 - DEBUG - Joint score for alpha[13]: 0.1240
2025-08-15 07:24:20,486 - DEBUG - Joint score for alpha[14]: 0.1229
2025-08-15 07:24:24,000 - DEBUG - Joint score for alpha[15]: 0.1232
2025-08-15 07:24:24,042 - INFO - Step 91/120: mean CRPS=0.1232
2025-08-15 07:24:24,046 - DEBUG - Beginning Gibbs iteration s = 91
2025-08-15 07:24:30,894 - DEBUG - Joint score for alpha[0]: 0.1226
2025-08-15 07:24:34,412 - DEBUG - Joint score for alpha[1]: 0.1231
2025-08-15 07:24:37,924 - DEBUG - Joint score for alpha[2]: 0.1227
2025-08-15 07:24:41,437 - DEBUG - Joint score for alpha[3]: 0.1236
2025-08-15 07:24:44,948 - DEBUG - Joint score for alpha[4]: 0.1233
2025-08-15 07:24:48,460 - DEBUG - Joint score for alpha[5]: 0.1221
2025-08-15 07:24:51,971 - DEBUG - Joint score for alpha[6]: 0.1235
2025-08-15 07:24:55,484 - DEBUG - Joint score for alpha[7]: 0.1220
2025-08-15 07:24:58,997 - DEBUG - Joint score for alpha[8]: 0.1232
2025-08-15 07:25:02,511 - DEBUG - Joint score for alpha[9]: 0.1230
2025-08-15 07:25:06,022 - DEBUG - Joint score for alpha[10]: 0.1221
2025-08-15 07:25:09,534 - DEBUG - Joint score for alpha[11]: 0.1227
2025-08-15 07:25:13,049 - DEBUG - Joint score for alpha[12]: 0.1237
2025-08-15 07:25:16,563 - DEBUG - Joint score for alpha[13]: 0.1235
2025-08-15 07:25:20,077 - DEBUG - Joint score for alpha[14]: 0.1209
2025-08-15 07:25:23,592 - DEBUG - Joint score for alpha[15]: 0.1206
2025-08-15 07:25:30,327 - DEBUG - Joint score for alpha[0]: 0.1213
2025-08-15 07:25:33,847 - DEBUG - Joint score for alpha[1]: 0.1216
2025-08-15 07:25:37,362 - DEBUG - Joint score for alpha[2]: 0.1210
2025-08-15 07:25:40,876 - DEBUG - Joint score for alpha[3]: 0.1200
2025-08-15 07:25:44,389 - DEBUG - Joint score for alpha[4]: 0.1217
2025-08-15 07:25:47,902 - DEBUG - Joint score for alpha[5]: 0.1214
2025-08-15 07:25:51,415 - DEBUG - Joint score for alpha[6]: 0.1208
2025-08-15 07:25:54,927 - DEBUG - Joint score for alpha[7]: 0.1216
2025-08-15 07:25:58,440 - DEBUG - Joint score for alpha[8]: 0.1214
2025-08-15 07:26:01,952 - DEBUG - Joint score for alpha[9]: 0.1209
2025-08-15 07:26:05,466 - DEBUG - Joint score for alpha[10]: 0.1216
2025-08-15 07:26:08,978 - DEBUG - Joint score for alpha[11]: 0.1208
2025-08-15 07:26:12,491 - DEBUG - Joint score for alpha[12]: 0.1228
2025-08-15 07:26:16,006 - DEBUG - Joint score for alpha[13]: 0.1216
2025-08-15 07:26:19,518 - DEBUG - Joint score for alpha[14]: 0.1208
2025-08-15 07:26:23,031 - DEBUG - Joint score for alpha[15]: 0.1218
2025-08-15 07:26:29,757 - DEBUG - Joint score for alpha[0]: 0.1207
2025-08-15 07:26:33,273 - DEBUG - Joint score for alpha[1]: 0.1207
2025-08-15 07:26:36,784 - DEBUG - Joint score for alpha[2]: 0.1207
2025-08-15 07:26:40,297 - DEBUG - Joint score for alpha[3]: 0.1206
2025-08-15 07:26:43,808 - DEBUG - Joint score for alpha[4]: 0.1208
2025-08-15 07:26:47,321 - DEBUG - Joint score for alpha[5]: 0.1204
2025-08-15 07:26:50,832 - DEBUG - Joint score for alpha[6]: 0.1199
2025-08-15 07:26:54,344 - DEBUG - Joint score for alpha[7]: 0.1211
2025-08-15 07:26:57,856 - DEBUG - Joint score for alpha[8]: 0.1204
2025-08-15 07:27:01,368 - DEBUG - Joint score for alpha[9]: 0.1203
2025-08-15 07:27:04,880 - DEBUG - Joint score for alpha[10]: 0.1208
2025-08-15 07:27:08,393 - DEBUG - Joint score for alpha[11]: 0.1210
2025-08-15 07:27:11,904 - DEBUG - Joint score for alpha[12]: 0.1202
2025-08-15 07:27:15,416 - DEBUG - Joint score for alpha[13]: 0.1211
2025-08-15 07:27:18,928 - DEBUG - Joint score for alpha[14]: 0.1207
2025-08-15 07:27:22,442 - DEBUG - Joint score for alpha[15]: 0.1200
2025-08-15 07:27:29,196 - DEBUG - Joint score for alpha[0]: 0.1202
2025-08-15 07:27:32,714 - DEBUG - Joint score for alpha[1]: 0.1197
2025-08-15 07:27:36,230 - DEBUG - Joint score for alpha[2]: 0.1209
2025-08-15 07:27:39,745 - DEBUG - Joint score for alpha[3]: 0.1214
2025-08-15 07:27:43,260 - DEBUG - Joint score for alpha[4]: 0.1210
2025-08-15 07:27:46,775 - DEBUG - Joint score for alpha[5]: 0.1216
2025-08-15 07:27:50,287 - DEBUG - Joint score for alpha[6]: 0.1209
2025-08-15 07:27:53,799 - DEBUG - Joint score for alpha[7]: 0.1222
2025-08-15 07:27:57,312 - DEBUG - Joint score for alpha[8]: 0.1214
2025-08-15 07:28:00,824 - DEBUG - Joint score for alpha[9]: 0.1212
2025-08-15 07:28:04,337 - DEBUG - Joint score for alpha[10]: 0.1216
2025-08-15 07:28:07,849 - DEBUG - Joint score for alpha[11]: 0.1198
2025-08-15 07:28:11,364 - DEBUG - Joint score for alpha[12]: 0.1199
2025-08-15 07:28:14,876 - DEBUG - Joint score for alpha[13]: 0.1210
2025-08-15 07:28:18,387 - DEBUG - Joint score for alpha[14]: 0.1204
2025-08-15 07:28:21,899 - DEBUG - Joint score for alpha[15]: 0.1208
2025-08-15 07:28:28,625 - DEBUG - Joint score for alpha[0]: 0.1213
2025-08-15 07:28:32,142 - DEBUG - Joint score for alpha[1]: 0.1212
2025-08-15 07:28:35,656 - DEBUG - Joint score for alpha[2]: 0.1213
2025-08-15 07:28:39,169 - DEBUG - Joint score for alpha[3]: 0.1211
2025-08-15 07:28:42,682 - DEBUG - Joint score for alpha[4]: 0.1216
2025-08-15 07:28:46,196 - DEBUG - Joint score for alpha[5]: 0.1213
2025-08-15 07:28:49,708 - DEBUG - Joint score for alpha[6]: 0.1209
2025-08-15 07:28:53,222 - DEBUG - Joint score for alpha[7]: 0.1210
2025-08-15 07:28:56,736 - DEBUG - Joint score for alpha[8]: 0.1215
2025-08-15 07:29:00,249 - DEBUG - Joint score for alpha[9]: 0.1214
2025-08-15 07:29:03,764 - DEBUG - Joint score for alpha[10]: 0.1215
2025-08-15 07:29:07,279 - DEBUG - Joint score for alpha[11]: 0.1211
2025-08-15 07:29:10,793 - DEBUG - Joint score for alpha[12]: 0.1220
2025-08-15 07:29:14,308 - DEBUG - Joint score for alpha[13]: 0.1223
2025-08-15 07:29:17,823 - DEBUG - Joint score for alpha[14]: 0.1216
2025-08-15 07:29:21,338 - DEBUG - Joint score for alpha[15]: 0.1216
2025-08-15 07:29:21,381 - INFO - Step 92/120: mean CRPS=0.1211
2025-08-15 07:29:21,385 - DEBUG - Beginning Gibbs iteration s = 92
2025-08-15 07:29:28,135 - DEBUG - Joint score for alpha[0]: 0.1203
2025-08-15 07:29:31,653 - DEBUG - Joint score for alpha[1]: 0.1222
2025-08-15 07:29:35,167 - DEBUG - Joint score for alpha[2]: 0.1207
2025-08-15 07:29:38,682 - DEBUG - Joint score for alpha[3]: 0.1222
2025-08-15 07:29:42,196 - DEBUG - Joint score for alpha[4]: 0.1223
2025-08-15 07:29:45,710 - DEBUG - Joint score for alpha[5]: 0.1212
2025-08-15 07:29:49,225 - DEBUG - Joint score for alpha[6]: 0.1218
2025-08-15 07:29:52,740 - DEBUG - Joint score for alpha[7]: 0.1219
2025-08-15 07:29:56,253 - DEBUG - Joint score for alpha[8]: 0.1218
2025-08-15 07:29:59,766 - DEBUG - Joint score for alpha[9]: 0.1204
2025-08-15 07:30:03,280 - DEBUG - Joint score for alpha[10]: 0.1217
2025-08-15 07:30:06,792 - DEBUG - Joint score for alpha[11]: 0.1214
2025-08-15 07:30:10,305 - DEBUG - Joint score for alpha[12]: 0.1223
2025-08-15 07:30:13,817 - DEBUG - Joint score for alpha[13]: 0.1215
2025-08-15 07:30:17,330 - DEBUG - Joint score for alpha[14]: 0.1227
2025-08-15 07:30:20,843 - DEBUG - Joint score for alpha[15]: 0.1220
2025-08-15 07:30:27,592 - DEBUG - Joint score for alpha[0]: 0.1221
2025-08-15 07:30:31,108 - DEBUG - Joint score for alpha[1]: 0.1208
2025-08-15 07:30:34,620 - DEBUG - Joint score for alpha[2]: 0.1214
2025-08-15 07:30:38,131 - DEBUG - Joint score for alpha[3]: 0.1218
2025-08-15 07:30:41,641 - DEBUG - Joint score for alpha[4]: 0.1212
2025-08-15 07:30:45,152 - DEBUG - Joint score for alpha[5]: 0.1227
2025-08-15 07:30:48,662 - DEBUG - Joint score for alpha[6]: 0.1219
2025-08-15 07:30:52,174 - DEBUG - Joint score for alpha[7]: 0.1214
2025-08-15 07:30:55,685 - DEBUG - Joint score for alpha[8]: 0.1211
2025-08-15 07:30:59,196 - DEBUG - Joint score for alpha[9]: 0.1217
2025-08-15 07:31:02,708 - DEBUG - Joint score for alpha[10]: 0.1206
2025-08-15 07:31:06,220 - DEBUG - Joint score for alpha[11]: 0.1213
2025-08-15 07:31:09,732 - DEBUG - Joint score for alpha[12]: 0.1218
2025-08-15 07:31:13,244 - DEBUG - Joint score for alpha[13]: 0.1218
2025-08-15 07:31:16,755 - DEBUG - Joint score for alpha[14]: 0.1223
2025-08-15 07:31:20,268 - DEBUG - Joint score for alpha[15]: 0.1204
2025-08-15 07:31:27,008 - DEBUG - Joint score for alpha[0]: 0.1197
2025-08-15 07:31:30,523 - DEBUG - Joint score for alpha[1]: 0.1201
2025-08-15 07:31:34,035 - DEBUG - Joint score for alpha[2]: 0.1202
2025-08-15 07:31:37,547 - DEBUG - Joint score for alpha[3]: 0.1197
2025-08-15 07:31:41,057 - DEBUG - Joint score for alpha[4]: 0.1208
2025-08-15 07:31:44,571 - DEBUG - Joint score for alpha[5]: 0.1197
2025-08-15 07:31:48,083 - DEBUG - Joint score for alpha[6]: 0.1206
2025-08-15 07:31:51,596 - DEBUG - Joint score for alpha[7]: 0.1208
2025-08-15 07:31:55,108 - DEBUG - Joint score for alpha[8]: 0.1205
2025-08-15 07:31:58,621 - DEBUG - Joint score for alpha[9]: 0.1204
2025-08-15 07:32:02,135 - DEBUG - Joint score for alpha[10]: 0.1208
2025-08-15 07:32:05,648 - DEBUG - Joint score for alpha[11]: 0.1201
2025-08-15 07:32:09,161 - DEBUG - Joint score for alpha[12]: 0.1206
2025-08-15 07:32:12,673 - DEBUG - Joint score for alpha[13]: 0.1201
2025-08-15 07:32:16,186 - DEBUG - Joint score for alpha[14]: 0.1204
2025-08-15 07:32:19,699 - DEBUG - Joint score for alpha[15]: 0.1206
2025-08-15 07:32:26,433 - DEBUG - Joint score for alpha[0]: 0.1211
2025-08-15 07:32:29,952 - DEBUG - Joint score for alpha[1]: 0.1210
2025-08-15 07:32:33,468 - DEBUG - Joint score for alpha[2]: 0.1205
2025-08-15 07:32:36,984 - DEBUG - Joint score for alpha[3]: 0.1207
2025-08-15 07:32:40,499 - DEBUG - Joint score for alpha[4]: 0.1213
2025-08-15 07:32:44,016 - DEBUG - Joint score for alpha[5]: 0.1200
2025-08-15 07:32:47,532 - DEBUG - Joint score for alpha[6]: 0.1211
2025-08-15 07:32:51,044 - DEBUG - Joint score for alpha[7]: 0.1207
2025-08-15 07:32:54,557 - DEBUG - Joint score for alpha[8]: 0.1213
2025-08-15 07:32:58,068 - DEBUG - Joint score for alpha[9]: 0.1207
2025-08-15 07:33:01,580 - DEBUG - Joint score for alpha[10]: 0.1214
2025-08-15 07:33:05,093 - DEBUG - Joint score for alpha[11]: 0.1206
2025-08-15 07:33:08,606 - DEBUG - Joint score for alpha[12]: 0.1204
2025-08-15 07:33:12,119 - DEBUG - Joint score for alpha[13]: 0.1208
2025-08-15 07:33:15,633 - DEBUG - Joint score for alpha[14]: 0.1214
2025-08-15 07:33:19,144 - DEBUG - Joint score for alpha[15]: 0.1214
2025-08-15 07:33:25,895 - DEBUG - Joint score for alpha[0]: 0.1216
2025-08-15 07:33:29,413 - DEBUG - Joint score for alpha[1]: 0.1211
2025-08-15 07:33:32,929 - DEBUG - Joint score for alpha[2]: 0.1207
2025-08-15 07:33:36,445 - DEBUG - Joint score for alpha[3]: 0.1218
2025-08-15 07:33:39,959 - DEBUG - Joint score for alpha[4]: 0.1210
2025-08-15 07:33:43,473 - DEBUG - Joint score for alpha[5]: 0.1213
2025-08-15 07:33:46,988 - DEBUG - Joint score for alpha[6]: 0.1201
2025-08-15 07:33:50,503 - DEBUG - Joint score for alpha[7]: 0.1203
2025-08-15 07:33:54,018 - DEBUG - Joint score for alpha[8]: 0.1210
2025-08-15 07:33:57,533 - DEBUG - Joint score for alpha[9]: 0.1210
2025-08-15 07:34:01,049 - DEBUG - Joint score for alpha[10]: 0.1208
2025-08-15 07:34:04,565 - DEBUG - Joint score for alpha[11]: 0.1212
2025-08-15 07:34:08,080 - DEBUG - Joint score for alpha[12]: 0.1216
2025-08-15 07:34:11,592 - DEBUG - Joint score for alpha[13]: 0.1206
2025-08-15 07:34:15,104 - DEBUG - Joint score for alpha[14]: 0.1214
2025-08-15 07:34:18,619 - DEBUG - Joint score for alpha[15]: 0.1211
2025-08-15 07:34:18,661 - INFO - Step 93/120: mean CRPS=0.1212
2025-08-15 07:34:18,666 - DEBUG - Beginning Gibbs iteration s = 93
2025-08-15 07:34:25,446 - DEBUG - Joint score for alpha[0]: 0.1215
2025-08-15 07:34:28,964 - DEBUG - Joint score for alpha[1]: 0.1206
2025-08-15 07:34:32,476 - DEBUG - Joint score for alpha[2]: 0.1204
2025-08-15 07:34:35,990 - DEBUG - Joint score for alpha[3]: 0.1205
2025-08-15 07:34:39,501 - DEBUG - Joint score for alpha[4]: 0.1188
2025-08-15 07:34:43,015 - DEBUG - Joint score for alpha[5]: 0.1213
2025-08-15 07:34:46,528 - DEBUG - Joint score for alpha[6]: 0.1219
2025-08-15 07:34:50,044 - DEBUG - Joint score for alpha[7]: 0.1206
2025-08-15 07:34:53,558 - DEBUG - Joint score for alpha[8]: 0.1211
2025-08-15 07:34:57,075 - DEBUG - Joint score for alpha[9]: 0.1193
2025-08-15 07:35:00,588 - DEBUG - Joint score for alpha[10]: 0.1205
2025-08-15 07:35:04,105 - DEBUG - Joint score for alpha[11]: 0.1198
2025-08-15 07:35:07,619 - DEBUG - Joint score for alpha[12]: 0.1225
2025-08-15 07:35:11,133 - DEBUG - Joint score for alpha[13]: 0.1194
2025-08-15 07:35:14,648 - DEBUG - Joint score for alpha[14]: 0.1231
2025-08-15 07:35:18,163 - DEBUG - Joint score for alpha[15]: 0.1186
2025-08-15 07:35:24,895 - DEBUG - Joint score for alpha[0]: 0.1239
2025-08-15 07:35:28,412 - DEBUG - Joint score for alpha[1]: 0.1238
2025-08-15 07:35:31,925 - DEBUG - Joint score for alpha[2]: 0.1236
2025-08-15 07:35:35,438 - DEBUG - Joint score for alpha[3]: 0.1229
2025-08-15 07:35:38,950 - DEBUG - Joint score for alpha[4]: 0.1229
2025-08-15 07:35:42,463 - DEBUG - Joint score for alpha[5]: 0.1236
2025-08-15 07:35:45,975 - DEBUG - Joint score for alpha[6]: 0.1232
2025-08-15 07:35:49,487 - DEBUG - Joint score for alpha[7]: 0.1239
2025-08-15 07:35:52,999 - DEBUG - Joint score for alpha[8]: 0.1232
2025-08-15 07:35:56,511 - DEBUG - Joint score for alpha[9]: 0.1243
2025-08-15 07:36:00,025 - DEBUG - Joint score for alpha[10]: 0.1248
2025-08-15 07:36:03,535 - DEBUG - Joint score for alpha[11]: 0.1235
2025-08-15 07:36:07,049 - DEBUG - Joint score for alpha[12]: 0.1238
2025-08-15 07:36:10,560 - DEBUG - Joint score for alpha[13]: 0.1235
2025-08-15 07:36:14,071 - DEBUG - Joint score for alpha[14]: 0.1240
2025-08-15 07:36:17,583 - DEBUG - Joint score for alpha[15]: 0.1238
2025-08-15 07:36:24,344 - DEBUG - Joint score for alpha[0]: 0.1227
2025-08-15 07:36:27,860 - DEBUG - Joint score for alpha[1]: 0.1236
2025-08-15 07:36:31,372 - DEBUG - Joint score for alpha[2]: 0.1238
2025-08-15 07:36:34,883 - DEBUG - Joint score for alpha[3]: 0.1234
2025-08-15 07:36:38,395 - DEBUG - Joint score for alpha[4]: 0.1237
2025-08-15 07:36:41,908 - DEBUG - Joint score for alpha[5]: 0.1235
2025-08-15 07:36:45,419 - DEBUG - Joint score for alpha[6]: 0.1231
2025-08-15 07:36:48,931 - DEBUG - Joint score for alpha[7]: 0.1235
2025-08-15 07:36:52,442 - DEBUG - Joint score for alpha[8]: 0.1232
2025-08-15 07:36:55,954 - DEBUG - Joint score for alpha[9]: 0.1239
2025-08-15 07:36:59,468 - DEBUG - Joint score for alpha[10]: 0.1228
2025-08-15 07:37:02,980 - DEBUG - Joint score for alpha[11]: 0.1237
2025-08-15 07:37:06,492 - DEBUG - Joint score for alpha[12]: 0.1231
2025-08-15 07:37:10,005 - DEBUG - Joint score for alpha[13]: 0.1225
2025-08-15 07:37:13,517 - DEBUG - Joint score for alpha[14]: 0.1237
2025-08-15 07:37:17,030 - DEBUG - Joint score for alpha[15]: 0.1230
2025-08-15 07:37:23,785 - DEBUG - Joint score for alpha[0]: 0.1234
2025-08-15 07:37:27,300 - DEBUG - Joint score for alpha[1]: 0.1233
2025-08-15 07:37:30,813 - DEBUG - Joint score for alpha[2]: 0.1237
2025-08-15 07:37:34,327 - DEBUG - Joint score for alpha[3]: 0.1233
2025-08-15 07:37:37,838 - DEBUG - Joint score for alpha[4]: 0.1231
2025-08-15 07:37:41,351 - DEBUG - Joint score for alpha[5]: 0.1236
2025-08-15 07:37:44,863 - DEBUG - Joint score for alpha[6]: 0.1232
2025-08-15 07:37:48,376 - DEBUG - Joint score for alpha[7]: 0.1225
2025-08-15 07:37:51,887 - DEBUG - Joint score for alpha[8]: 0.1232
2025-08-15 07:37:55,400 - DEBUG - Joint score for alpha[9]: 0.1231
2025-08-15 07:37:58,913 - DEBUG - Joint score for alpha[10]: 0.1233
2025-08-15 07:38:02,427 - DEBUG - Joint score for alpha[11]: 0.1230
2025-08-15 07:38:05,939 - DEBUG - Joint score for alpha[12]: 0.1231
2025-08-15 07:38:09,453 - DEBUG - Joint score for alpha[13]: 0.1232
2025-08-15 07:38:12,967 - DEBUG - Joint score for alpha[14]: 0.1235
2025-08-15 07:38:16,482 - DEBUG - Joint score for alpha[15]: 0.1232
2025-08-15 07:38:23,222 - DEBUG - Joint score for alpha[0]: 0.1229
2025-08-15 07:38:26,737 - DEBUG - Joint score for alpha[1]: 0.1230
2025-08-15 07:38:30,250 - DEBUG - Joint score for alpha[2]: 0.1229
2025-08-15 07:38:33,764 - DEBUG - Joint score for alpha[3]: 0.1225
2025-08-15 07:38:37,277 - DEBUG - Joint score for alpha[4]: 0.1230
2025-08-15 07:38:40,792 - DEBUG - Joint score for alpha[5]: 0.1228
2025-08-15 07:38:44,304 - DEBUG - Joint score for alpha[6]: 0.1227
2025-08-15 07:38:47,818 - DEBUG - Joint score for alpha[7]: 0.1227
2025-08-15 07:38:51,330 - DEBUG - Joint score for alpha[8]: 0.1224
2025-08-15 07:38:54,844 - DEBUG - Joint score for alpha[9]: 0.1227
2025-08-15 07:38:58,358 - DEBUG - Joint score for alpha[10]: 0.1221
2025-08-15 07:39:01,871 - DEBUG - Joint score for alpha[11]: 0.1227
2025-08-15 07:39:05,385 - DEBUG - Joint score for alpha[12]: 0.1234
2025-08-15 07:39:08,897 - DEBUG - Joint score for alpha[13]: 0.1231
2025-08-15 07:39:12,410 - DEBUG - Joint score for alpha[14]: 0.1223
2025-08-15 07:39:15,923 - DEBUG - Joint score for alpha[15]: 0.1229
2025-08-15 07:39:15,966 - INFO - Step 94/120: mean CRPS=0.1232
2025-08-15 07:39:15,970 - DEBUG - Beginning Gibbs iteration s = 94
2025-08-15 07:39:22,726 - DEBUG - Joint score for alpha[0]: 0.1236
2025-08-15 07:39:26,242 - DEBUG - Joint score for alpha[1]: 0.1237
2025-08-15 07:39:29,754 - DEBUG - Joint score for alpha[2]: 0.1235
2025-08-15 07:39:33,267 - DEBUG - Joint score for alpha[3]: 0.1238
2025-08-15 07:39:36,779 - DEBUG - Joint score for alpha[4]: 0.1224
2025-08-15 07:39:40,292 - DEBUG - Joint score for alpha[5]: 0.1223
2025-08-15 07:39:43,805 - DEBUG - Joint score for alpha[6]: 0.1230
2025-08-15 07:39:47,317 - DEBUG - Joint score for alpha[7]: 0.1228
2025-08-15 07:39:50,831 - DEBUG - Joint score for alpha[8]: 0.1239
2025-08-15 07:39:54,342 - DEBUG - Joint score for alpha[9]: 0.1236
2025-08-15 07:39:57,854 - DEBUG - Joint score for alpha[10]: 0.1239
2025-08-15 07:40:01,369 - DEBUG - Joint score for alpha[11]: 0.1219
2025-08-15 07:40:04,882 - DEBUG - Joint score for alpha[12]: 0.1225
2025-08-15 07:40:08,395 - DEBUG - Joint score for alpha[13]: 0.1241
2025-08-15 07:40:11,908 - DEBUG - Joint score for alpha[14]: 0.1232
2025-08-15 07:40:15,420 - DEBUG - Joint score for alpha[15]: 0.1236
2025-08-15 07:40:22,191 - DEBUG - Joint score for alpha[0]: 0.1248
2025-08-15 07:40:25,707 - DEBUG - Joint score for alpha[1]: 0.1236
2025-08-15 07:40:29,220 - DEBUG - Joint score for alpha[2]: 0.1228
2025-08-15 07:40:32,733 - DEBUG - Joint score for alpha[3]: 0.1223
2025-08-15 07:40:36,244 - DEBUG - Joint score for alpha[4]: 0.1240
2025-08-15 07:40:39,757 - DEBUG - Joint score for alpha[5]: 0.1239
2025-08-15 07:40:43,268 - DEBUG - Joint score for alpha[6]: 0.1235
2025-08-15 07:40:46,782 - DEBUG - Joint score for alpha[7]: 0.1245
2025-08-15 07:40:50,294 - DEBUG - Joint score for alpha[8]: 0.1236
2025-08-15 07:40:53,808 - DEBUG - Joint score for alpha[9]: 0.1231
2025-08-15 07:40:57,323 - DEBUG - Joint score for alpha[10]: 0.1240
2025-08-15 07:41:00,837 - DEBUG - Joint score for alpha[11]: 0.1227
2025-08-15 07:41:04,352 - DEBUG - Joint score for alpha[12]: 0.1232
2025-08-15 07:41:07,865 - DEBUG - Joint score for alpha[13]: 0.1233
2025-08-15 07:41:11,379 - DEBUG - Joint score for alpha[14]: 0.1240
2025-08-15 07:41:14,893 - DEBUG - Joint score for alpha[15]: 0.1235
2025-08-15 07:41:21,721 - DEBUG - Joint score for alpha[0]: 0.1236
2025-08-15 07:41:25,236 - DEBUG - Joint score for alpha[1]: 0.1245
2025-08-15 07:41:28,748 - DEBUG - Joint score for alpha[2]: 0.1243
2025-08-15 07:41:32,260 - DEBUG - Joint score for alpha[3]: 0.1248
2025-08-15 07:41:35,772 - DEBUG - Joint score for alpha[4]: 0.1246
2025-08-15 07:41:39,285 - DEBUG - Joint score for alpha[5]: 0.1250
2025-08-15 07:41:42,797 - DEBUG - Joint score for alpha[6]: 0.1247
2025-08-15 07:41:46,312 - DEBUG - Joint score for alpha[7]: 0.1241
2025-08-15 07:41:49,824 - DEBUG - Joint score for alpha[8]: 0.1247
2025-08-15 07:41:53,337 - DEBUG - Joint score for alpha[9]: 0.1246
2025-08-15 07:41:56,851 - DEBUG - Joint score for alpha[10]: 0.1243
2025-08-15 07:42:00,363 - DEBUG - Joint score for alpha[11]: 0.1246
2025-08-15 07:42:03,878 - DEBUG - Joint score for alpha[12]: 0.1234
2025-08-15 07:42:07,393 - DEBUG - Joint score for alpha[13]: 0.1251
2025-08-15 07:42:10,905 - DEBUG - Joint score for alpha[14]: 0.1249
2025-08-15 07:42:14,420 - DEBUG - Joint score for alpha[15]: 0.1243
2025-08-15 07:42:21,182 - DEBUG - Joint score for alpha[0]: 0.1233
2025-08-15 07:42:24,697 - DEBUG - Joint score for alpha[1]: 0.1237
2025-08-15 07:42:28,209 - DEBUG - Joint score for alpha[2]: 0.1236
2025-08-15 07:42:31,720 - DEBUG - Joint score for alpha[3]: 0.1238
2025-08-15 07:42:35,231 - DEBUG - Joint score for alpha[4]: 0.1238
2025-08-15 07:42:38,741 - DEBUG - Joint score for alpha[5]: 0.1233
2025-08-15 07:42:42,251 - DEBUG - Joint score for alpha[6]: 0.1238
2025-08-15 07:42:45,762 - DEBUG - Joint score for alpha[7]: 0.1235
2025-08-15 07:42:49,272 - DEBUG - Joint score for alpha[8]: 0.1248
2025-08-15 07:42:52,783 - DEBUG - Joint score for alpha[9]: 0.1240
2025-08-15 07:42:56,295 - DEBUG - Joint score for alpha[10]: 0.1247
2025-08-15 07:42:59,807 - DEBUG - Joint score for alpha[11]: 0.1239
2025-08-15 07:43:03,319 - DEBUG - Joint score for alpha[12]: 0.1242
2025-08-15 07:43:06,830 - DEBUG - Joint score for alpha[13]: 0.1243
2025-08-15 07:43:10,343 - DEBUG - Joint score for alpha[14]: 0.1244
2025-08-15 07:43:13,857 - DEBUG - Joint score for alpha[15]: 0.1241
2025-08-15 07:43:20,584 - DEBUG - Joint score for alpha[0]: 0.1244
2025-08-15 07:43:24,101 - DEBUG - Joint score for alpha[1]: 0.1239
2025-08-15 07:43:27,614 - DEBUG - Joint score for alpha[2]: 0.1249
2025-08-15 07:43:31,127 - DEBUG - Joint score for alpha[3]: 0.1245
2025-08-15 07:43:34,639 - DEBUG - Joint score for alpha[4]: 0.1245
2025-08-15 07:43:38,153 - DEBUG - Joint score for alpha[5]: 0.1240
2025-08-15 07:43:41,665 - DEBUG - Joint score for alpha[6]: 0.1242
2025-08-15 07:43:45,179 - DEBUG - Joint score for alpha[7]: 0.1252
2025-08-15 07:43:48,692 - DEBUG - Joint score for alpha[8]: 0.1250
2025-08-15 07:43:52,206 - DEBUG - Joint score for alpha[9]: 0.1251
2025-08-15 07:43:55,721 - DEBUG - Joint score for alpha[10]: 0.1237
2025-08-15 07:43:59,235 - DEBUG - Joint score for alpha[11]: 0.1243
2025-08-15 07:44:02,748 - DEBUG - Joint score for alpha[12]: 0.1244
2025-08-15 07:44:06,262 - DEBUG - Joint score for alpha[13]: 0.1250
2025-08-15 07:44:09,775 - DEBUG - Joint score for alpha[14]: 0.1244
2025-08-15 07:44:13,288 - DEBUG - Joint score for alpha[15]: 0.1248
2025-08-15 07:44:13,330 - INFO - Step 95/120: mean CRPS=0.1240
2025-08-15 07:44:13,335 - DEBUG - Beginning Gibbs iteration s = 95
2025-08-15 07:44:20,117 - DEBUG - Joint score for alpha[0]: 0.1247
2025-08-15 07:44:23,634 - DEBUG - Joint score for alpha[1]: 0.1238
2025-08-15 07:44:27,148 - DEBUG - Joint score for alpha[2]: 0.1243
2025-08-15 07:44:30,660 - DEBUG - Joint score for alpha[3]: 0.1264
2025-08-15 07:44:34,173 - DEBUG - Joint score for alpha[4]: 0.1246
2025-08-15 07:44:37,687 - DEBUG - Joint score for alpha[5]: 0.1254
2025-08-15 07:44:41,200 - DEBUG - Joint score for alpha[6]: 0.1254
2025-08-15 07:44:44,713 - DEBUG - Joint score for alpha[7]: 0.1243
2025-08-15 07:44:48,227 - DEBUG - Joint score for alpha[8]: 0.1262
2025-08-15 07:44:51,740 - DEBUG - Joint score for alpha[9]: 0.1254
2025-08-15 07:44:55,253 - DEBUG - Joint score for alpha[10]: 0.1271
2025-08-15 07:44:58,766 - DEBUG - Joint score for alpha[11]: 0.1261
2025-08-15 07:45:02,280 - DEBUG - Joint score for alpha[12]: 0.1254
2025-08-15 07:45:05,793 - DEBUG - Joint score for alpha[13]: 0.1234
2025-08-15 07:45:09,307 - DEBUG - Joint score for alpha[14]: 0.1263
2025-08-15 07:45:12,820 - DEBUG - Joint score for alpha[15]: 0.1250
2025-08-15 07:45:19,581 - DEBUG - Joint score for alpha[0]: 0.1253
2025-08-15 07:45:23,096 - DEBUG - Joint score for alpha[1]: 0.1256
2025-08-15 07:45:26,609 - DEBUG - Joint score for alpha[2]: 0.1252
2025-08-15 07:45:30,123 - DEBUG - Joint score for alpha[3]: 0.1248
2025-08-15 07:45:33,635 - DEBUG - Joint score for alpha[4]: 0.1253
2025-08-15 07:45:37,149 - DEBUG - Joint score for alpha[5]: 0.1256
2025-08-15 07:45:40,661 - DEBUG - Joint score for alpha[6]: 0.1247
2025-08-15 07:45:44,174 - DEBUG - Joint score for alpha[7]: 0.1257
2025-08-15 07:45:47,687 - DEBUG - Joint score for alpha[8]: 0.1252
2025-08-15 07:45:51,199 - DEBUG - Joint score for alpha[9]: 0.1258
2025-08-15 07:45:54,712 - DEBUG - Joint score for alpha[10]: 0.1255
2025-08-15 07:45:58,225 - DEBUG - Joint score for alpha[11]: 0.1247
2025-08-15 07:46:01,738 - DEBUG - Joint score for alpha[12]: 0.1262
2025-08-15 07:46:05,253 - DEBUG - Joint score for alpha[13]: 0.1254
2025-08-15 07:46:08,767 - DEBUG - Joint score for alpha[14]: 0.1259
2025-08-15 07:46:12,282 - DEBUG - Joint score for alpha[15]: 0.1265
2025-08-15 07:46:19,013 - DEBUG - Joint score for alpha[0]: 0.1248
2025-08-15 07:46:22,529 - DEBUG - Joint score for alpha[1]: 0.1248
2025-08-15 07:46:26,042 - DEBUG - Joint score for alpha[2]: 0.1245
2025-08-15 07:46:29,556 - DEBUG - Joint score for alpha[3]: 0.1248
2025-08-15 07:46:33,068 - DEBUG - Joint score for alpha[4]: 0.1250
2025-08-15 07:46:36,581 - DEBUG - Joint score for alpha[5]: 0.1249
2025-08-15 07:46:40,093 - DEBUG - Joint score for alpha[6]: 0.1249
2025-08-15 07:46:43,606 - DEBUG - Joint score for alpha[7]: 0.1247
2025-08-15 07:46:47,117 - DEBUG - Joint score for alpha[8]: 0.1256
2025-08-15 07:46:50,629 - DEBUG - Joint score for alpha[9]: 0.1255
2025-08-15 07:46:54,143 - DEBUG - Joint score for alpha[10]: 0.1252
2025-08-15 07:46:57,656 - DEBUG - Joint score for alpha[11]: 0.1254
2025-08-15 07:47:01,169 - DEBUG - Joint score for alpha[12]: 0.1250
2025-08-15 07:47:04,683 - DEBUG - Joint score for alpha[13]: 0.1255
2025-08-15 07:47:08,194 - DEBUG - Joint score for alpha[14]: 0.1255
2025-08-15 07:47:11,708 - DEBUG - Joint score for alpha[15]: 0.1254
2025-08-15 07:47:18,474 - DEBUG - Joint score for alpha[0]: 0.1257
2025-08-15 07:47:21,991 - DEBUG - Joint score for alpha[1]: 0.1243
2025-08-15 07:47:25,501 - DEBUG - Joint score for alpha[2]: 0.1242
2025-08-15 07:47:29,014 - DEBUG - Joint score for alpha[3]: 0.1243
2025-08-15 07:47:32,523 - DEBUG - Joint score for alpha[4]: 0.1246
2025-08-15 07:47:36,034 - DEBUG - Joint score for alpha[5]: 0.1249
2025-08-15 07:47:39,545 - DEBUG - Joint score for alpha[6]: 0.1245
2025-08-15 07:47:43,059 - DEBUG - Joint score for alpha[7]: 0.1237
2025-08-15 07:47:46,571 - DEBUG - Joint score for alpha[8]: 0.1243
2025-08-15 07:47:50,085 - DEBUG - Joint score for alpha[9]: 0.1241
2025-08-15 07:47:53,596 - DEBUG - Joint score for alpha[10]: 0.1249
2025-08-15 07:47:57,109 - DEBUG - Joint score for alpha[11]: 0.1248
2025-08-15 07:48:00,620 - DEBUG - Joint score for alpha[12]: 0.1255
2025-08-15 07:48:04,131 - DEBUG - Joint score for alpha[13]: 0.1248
2025-08-15 07:48:07,643 - DEBUG - Joint score for alpha[14]: 0.1245
2025-08-15 07:48:11,155 - DEBUG - Joint score for alpha[15]: 0.1247
2025-08-15 07:48:17,923 - DEBUG - Joint score for alpha[0]: 0.1240
2025-08-15 07:48:21,439 - DEBUG - Joint score for alpha[1]: 0.1253
2025-08-15 07:48:24,950 - DEBUG - Joint score for alpha[2]: 0.1252
2025-08-15 07:48:28,463 - DEBUG - Joint score for alpha[3]: 0.1247
2025-08-15 07:48:31,974 - DEBUG - Joint score for alpha[4]: 0.1253
2025-08-15 07:48:35,487 - DEBUG - Joint score for alpha[5]: 0.1252
2025-08-15 07:48:38,999 - DEBUG - Joint score for alpha[6]: 0.1252
2025-08-15 07:48:42,511 - DEBUG - Joint score for alpha[7]: 0.1244
2025-08-15 07:48:46,022 - DEBUG - Joint score for alpha[8]: 0.1249
2025-08-15 07:48:49,534 - DEBUG - Joint score for alpha[9]: 0.1247
2025-08-15 07:48:53,048 - DEBUG - Joint score for alpha[10]: 0.1245
2025-08-15 07:48:56,561 - DEBUG - Joint score for alpha[11]: 0.1246
2025-08-15 07:49:00,073 - DEBUG - Joint score for alpha[12]: 0.1258
2025-08-15 07:49:03,586 - DEBUG - Joint score for alpha[13]: 0.1245
2025-08-15 07:49:07,099 - DEBUG - Joint score for alpha[14]: 0.1243
2025-08-15 07:49:10,614 - DEBUG - Joint score for alpha[15]: 0.1244
2025-08-15 07:49:10,656 - INFO - Step 96/120: mean CRPS=0.1251
2025-08-15 07:49:10,661 - DEBUG - Beginning Gibbs iteration s = 96
2025-08-15 07:49:17,415 - DEBUG - Joint score for alpha[0]: 0.1263
2025-08-15 07:49:20,935 - DEBUG - Joint score for alpha[1]: 0.1250
2025-08-15 07:49:24,452 - DEBUG - Joint score for alpha[2]: 0.1254
2025-08-15 07:49:27,968 - DEBUG - Joint score for alpha[3]: 0.1255
2025-08-15 07:49:31,481 - DEBUG - Joint score for alpha[4]: 0.1232
2025-08-15 07:49:34,994 - DEBUG - Joint score for alpha[5]: 0.1223
2025-08-15 07:49:38,507 - DEBUG - Joint score for alpha[6]: 0.1234
2025-08-15 07:49:42,021 - DEBUG - Joint score for alpha[7]: 0.1258
2025-08-15 07:49:45,534 - DEBUG - Joint score for alpha[8]: 0.1234
2025-08-15 07:49:49,047 - DEBUG - Joint score for alpha[9]: 0.1242
2025-08-15 07:49:52,560 - DEBUG - Joint score for alpha[10]: 0.1249
2025-08-15 07:49:56,073 - DEBUG - Joint score for alpha[11]: 0.1245
2025-08-15 07:49:59,587 - DEBUG - Joint score for alpha[12]: 0.1238
2025-08-15 07:50:03,099 - DEBUG - Joint score for alpha[13]: 0.1245
2025-08-15 07:50:06,611 - DEBUG - Joint score for alpha[14]: 0.1243
2025-08-15 07:50:10,124 - DEBUG - Joint score for alpha[15]: 0.1242
2025-08-15 07:50:16,880 - DEBUG - Joint score for alpha[0]: 0.1243
2025-08-15 07:50:20,397 - DEBUG - Joint score for alpha[1]: 0.1227
2025-08-15 07:50:23,911 - DEBUG - Joint score for alpha[2]: 0.1234
2025-08-15 07:50:27,425 - DEBUG - Joint score for alpha[3]: 0.1233
2025-08-15 07:50:30,938 - DEBUG - Joint score for alpha[4]: 0.1243
2025-08-15 07:50:34,452 - DEBUG - Joint score for alpha[5]: 0.1239
2025-08-15 07:50:37,965 - DEBUG - Joint score for alpha[6]: 0.1236
2025-08-15 07:50:41,479 - DEBUG - Joint score for alpha[7]: 0.1229
2025-08-15 07:50:44,992 - DEBUG - Joint score for alpha[8]: 0.1239
2025-08-15 07:50:48,506 - DEBUG - Joint score for alpha[9]: 0.1237
2025-08-15 07:50:52,019 - DEBUG - Joint score for alpha[10]: 0.1228
2025-08-15 07:50:55,532 - DEBUG - Joint score for alpha[11]: 0.1238
2025-08-15 07:50:59,048 - DEBUG - Joint score for alpha[12]: 0.1241
2025-08-15 07:51:02,563 - DEBUG - Joint score for alpha[13]: 0.1235
2025-08-15 07:51:06,074 - DEBUG - Joint score for alpha[14]: 0.1235
2025-08-15 07:51:09,587 - DEBUG - Joint score for alpha[15]: 0.1233
2025-08-15 07:51:16,346 - DEBUG - Joint score for alpha[0]: 0.1229
2025-08-15 07:51:19,864 - DEBUG - Joint score for alpha[1]: 0.1233
2025-08-15 07:51:23,377 - DEBUG - Joint score for alpha[2]: 0.1236
2025-08-15 07:51:26,892 - DEBUG - Joint score for alpha[3]: 0.1236
2025-08-15 07:51:30,406 - DEBUG - Joint score for alpha[4]: 0.1236
2025-08-15 07:51:33,917 - DEBUG - Joint score for alpha[5]: 0.1231
2025-08-15 07:51:37,428 - DEBUG - Joint score for alpha[6]: 0.1240
2025-08-15 07:51:40,940 - DEBUG - Joint score for alpha[7]: 0.1227
2025-08-15 07:51:44,451 - DEBUG - Joint score for alpha[8]: 0.1236
2025-08-15 07:51:47,963 - DEBUG - Joint score for alpha[9]: 0.1234
2025-08-15 07:51:51,477 - DEBUG - Joint score for alpha[10]: 0.1230
2025-08-15 07:51:54,990 - DEBUG - Joint score for alpha[11]: 0.1231
2025-08-15 07:51:58,504 - DEBUG - Joint score for alpha[12]: 0.1231
2025-08-15 07:52:02,018 - DEBUG - Joint score for alpha[13]: 0.1231
2025-08-15 07:52:05,532 - DEBUG - Joint score for alpha[14]: 0.1237
2025-08-15 07:52:09,046 - DEBUG - Joint score for alpha[15]: 0.1231
2025-08-15 07:52:15,785 - DEBUG - Joint score for alpha[0]: 0.1236
2025-08-15 07:52:19,303 - DEBUG - Joint score for alpha[1]: 0.1238
2025-08-15 07:52:22,817 - DEBUG - Joint score for alpha[2]: 0.1235
2025-08-15 07:52:26,332 - DEBUG - Joint score for alpha[3]: 0.1232
2025-08-15 07:52:29,845 - DEBUG - Joint score for alpha[4]: 0.1241
2025-08-15 07:52:33,359 - DEBUG - Joint score for alpha[5]: 0.1229
2025-08-15 07:52:36,872 - DEBUG - Joint score for alpha[6]: 0.1233
2025-08-15 07:52:40,385 - DEBUG - Joint score for alpha[7]: 0.1234
2025-08-15 07:52:43,898 - DEBUG - Joint score for alpha[8]: 0.1233
2025-08-15 07:52:47,412 - DEBUG - Joint score for alpha[9]: 0.1231
2025-08-15 07:52:50,926 - DEBUG - Joint score for alpha[10]: 0.1231
2025-08-15 07:52:54,440 - DEBUG - Joint score for alpha[11]: 0.1232
2025-08-15 07:52:57,953 - DEBUG - Joint score for alpha[12]: 0.1238
2025-08-15 07:53:01,464 - DEBUG - Joint score for alpha[13]: 0.1240
2025-08-15 07:53:04,975 - DEBUG - Joint score for alpha[14]: 0.1243
2025-08-15 07:53:08,488 - DEBUG - Joint score for alpha[15]: 0.1241
2025-08-15 07:53:15,258 - DEBUG - Joint score for alpha[0]: 0.1236
2025-08-15 07:53:18,775 - DEBUG - Joint score for alpha[1]: 0.1236
2025-08-15 07:53:22,287 - DEBUG - Joint score for alpha[2]: 0.1230
2025-08-15 07:53:25,799 - DEBUG - Joint score for alpha[3]: 0.1235
2025-08-15 07:53:29,310 - DEBUG - Joint score for alpha[4]: 0.1229
2025-08-15 07:53:32,822 - DEBUG - Joint score for alpha[5]: 0.1229
2025-08-15 07:53:36,334 - DEBUG - Joint score for alpha[6]: 0.1233
2025-08-15 07:53:39,845 - DEBUG - Joint score for alpha[7]: 0.1235
2025-08-15 07:53:43,359 - DEBUG - Joint score for alpha[8]: 0.1235
2025-08-15 07:53:46,869 - DEBUG - Joint score for alpha[9]: 0.1230
2025-08-15 07:53:50,381 - DEBUG - Joint score for alpha[10]: 0.1234
2025-08-15 07:53:53,894 - DEBUG - Joint score for alpha[11]: 0.1242
2025-08-15 07:53:57,407 - DEBUG - Joint score for alpha[12]: 0.1236
2025-08-15 07:54:00,920 - DEBUG - Joint score for alpha[13]: 0.1236
2025-08-15 07:54:04,434 - DEBUG - Joint score for alpha[14]: 0.1237
2025-08-15 07:54:07,945 - DEBUG - Joint score for alpha[15]: 0.1238
2025-08-15 07:54:07,988 - INFO - Step 97/120: mean CRPS=0.1236
2025-08-15 07:54:07,992 - DEBUG - Beginning Gibbs iteration s = 97
2025-08-15 07:54:14,780 - DEBUG - Joint score for alpha[0]: 0.1247
2025-08-15 07:54:18,297 - DEBUG - Joint score for alpha[1]: 0.1234
2025-08-15 07:54:21,809 - DEBUG - Joint score for alpha[2]: 0.1238
2025-08-15 07:54:25,321 - DEBUG - Joint score for alpha[3]: 0.1237
2025-08-15 07:54:28,831 - DEBUG - Joint score for alpha[4]: 0.1260
2025-08-15 07:54:32,342 - DEBUG - Joint score for alpha[5]: 0.1240
2025-08-15 07:54:35,854 - DEBUG - Joint score for alpha[6]: 0.1260
2025-08-15 07:54:39,364 - DEBUG - Joint score for alpha[7]: 0.1236
2025-08-15 07:54:42,876 - DEBUG - Joint score for alpha[8]: 0.1235
2025-08-15 07:54:46,388 - DEBUG - Joint score for alpha[9]: 0.1239
2025-08-15 07:54:49,901 - DEBUG - Joint score for alpha[10]: 0.1254
2025-08-15 07:54:53,413 - DEBUG - Joint score for alpha[11]: 0.1252
2025-08-15 07:54:56,925 - DEBUG - Joint score for alpha[12]: 0.1256
2025-08-15 07:55:00,437 - DEBUG - Joint score for alpha[13]: 0.1244
2025-08-15 07:55:03,951 - DEBUG - Joint score for alpha[14]: 0.1245
2025-08-15 07:55:07,465 - DEBUG - Joint score for alpha[15]: 0.1219
2025-08-15 07:55:14,298 - DEBUG - Joint score for alpha[0]: 0.1236
2025-08-15 07:55:17,814 - DEBUG - Joint score for alpha[1]: 0.1245
2025-08-15 07:55:21,326 - DEBUG - Joint score for alpha[2]: 0.1242
2025-08-15 07:55:24,838 - DEBUG - Joint score for alpha[3]: 0.1245
2025-08-15 07:55:28,350 - DEBUG - Joint score for alpha[4]: 0.1237
2025-08-15 07:55:31,863 - DEBUG - Joint score for alpha[5]: 0.1233
2025-08-15 07:55:35,374 - DEBUG - Joint score for alpha[6]: 0.1239
2025-08-15 07:55:38,887 - DEBUG - Joint score for alpha[7]: 0.1242
2025-08-15 07:55:42,397 - DEBUG - Joint score for alpha[8]: 0.1251
2025-08-15 07:55:45,909 - DEBUG - Joint score for alpha[9]: 0.1248
2025-08-15 07:55:49,422 - DEBUG - Joint score for alpha[10]: 0.1247
2025-08-15 07:55:52,935 - DEBUG - Joint score for alpha[11]: 0.1240
2025-08-15 07:55:56,448 - DEBUG - Joint score for alpha[12]: 0.1248
2025-08-15 07:55:59,961 - DEBUG - Joint score for alpha[13]: 0.1242
2025-08-15 07:56:03,472 - DEBUG - Joint score for alpha[14]: 0.1249
2025-08-15 07:56:06,985 - DEBUG - Joint score for alpha[15]: 0.1248
2025-08-15 07:56:13,813 - DEBUG - Joint score for alpha[0]: 0.1234
2025-08-15 07:56:17,332 - DEBUG - Joint score for alpha[1]: 0.1238
2025-08-15 07:56:20,848 - DEBUG - Joint score for alpha[2]: 0.1240
2025-08-15 07:56:24,363 - DEBUG - Joint score for alpha[3]: 0.1240
2025-08-15 07:56:27,878 - DEBUG - Joint score for alpha[4]: 0.1237
2025-08-15 07:56:31,394 - DEBUG - Joint score for alpha[5]: 0.1245
2025-08-15 07:56:34,909 - DEBUG - Joint score for alpha[6]: 0.1242
2025-08-15 07:56:38,422 - DEBUG - Joint score for alpha[7]: 0.1238
2025-08-15 07:56:41,933 - DEBUG - Joint score for alpha[8]: 0.1245
2025-08-15 07:56:45,445 - DEBUG - Joint score for alpha[9]: 0.1250
2025-08-15 07:56:48,959 - DEBUG - Joint score for alpha[10]: 0.1249
2025-08-15 07:56:52,472 - DEBUG - Joint score for alpha[11]: 0.1249
2025-08-15 07:56:55,985 - DEBUG - Joint score for alpha[12]: 0.1244
2025-08-15 07:56:59,497 - DEBUG - Joint score for alpha[13]: 0.1236
2025-08-15 07:57:03,009 - DEBUG - Joint score for alpha[14]: 0.1233
2025-08-15 07:57:06,521 - DEBUG - Joint score for alpha[15]: 0.1238
2025-08-15 07:57:13,371 - DEBUG - Joint score for alpha[0]: 0.1238
2025-08-15 07:57:16,889 - DEBUG - Joint score for alpha[1]: 0.1239
2025-08-15 07:57:20,403 - DEBUG - Joint score for alpha[2]: 0.1254
2025-08-15 07:57:23,920 - DEBUG - Joint score for alpha[3]: 0.1243
2025-08-15 07:57:27,434 - DEBUG - Joint score for alpha[4]: 0.1243
2025-08-15 07:57:30,946 - DEBUG - Joint score for alpha[5]: 0.1245
2025-08-15 07:57:34,457 - DEBUG - Joint score for alpha[6]: 0.1245
2025-08-15 07:57:37,969 - DEBUG - Joint score for alpha[7]: 0.1247
2025-08-15 07:57:41,480 - DEBUG - Joint score for alpha[8]: 0.1240
2025-08-15 07:57:44,992 - DEBUG - Joint score for alpha[9]: 0.1235
2025-08-15 07:57:48,504 - DEBUG - Joint score for alpha[10]: 0.1241
2025-08-15 07:57:52,016 - DEBUG - Joint score for alpha[11]: 0.1242
2025-08-15 07:57:55,528 - DEBUG - Joint score for alpha[12]: 0.1245
2025-08-15 07:57:59,041 - DEBUG - Joint score for alpha[13]: 0.1245
2025-08-15 07:58:02,554 - DEBUG - Joint score for alpha[14]: 0.1240
2025-08-15 07:58:06,068 - DEBUG - Joint score for alpha[15]: 0.1252
2025-08-15 07:58:12,854 - DEBUG - Joint score for alpha[0]: 0.1237
2025-08-15 07:58:16,371 - DEBUG - Joint score for alpha[1]: 0.1242
2025-08-15 07:58:19,884 - DEBUG - Joint score for alpha[2]: 0.1246
2025-08-15 07:58:23,398 - DEBUG - Joint score for alpha[3]: 0.1243
2025-08-15 07:58:26,911 - DEBUG - Joint score for alpha[4]: 0.1248
2025-08-15 07:58:30,423 - DEBUG - Joint score for alpha[5]: 0.1245
2025-08-15 07:58:33,936 - DEBUG - Joint score for alpha[6]: 0.1244
2025-08-15 07:58:37,449 - DEBUG - Joint score for alpha[7]: 0.1239
2025-08-15 07:58:40,961 - DEBUG - Joint score for alpha[8]: 0.1244
2025-08-15 07:58:44,473 - DEBUG - Joint score for alpha[9]: 0.1241
2025-08-15 07:58:47,988 - DEBUG - Joint score for alpha[10]: 0.1247
2025-08-15 07:58:51,501 - DEBUG - Joint score for alpha[11]: 0.1235
2025-08-15 07:58:55,015 - DEBUG - Joint score for alpha[12]: 0.1239
2025-08-15 07:58:58,528 - DEBUG - Joint score for alpha[13]: 0.1240
2025-08-15 07:59:02,042 - DEBUG - Joint score for alpha[14]: 0.1232
2025-08-15 07:59:05,558 - DEBUG - Joint score for alpha[15]: 0.1245
2025-08-15 07:59:05,600 - INFO - Step 98/120: mean CRPS=0.1243
2025-08-15 07:59:05,606 - DEBUG - Beginning Gibbs iteration s = 98
2025-08-15 07:59:12,401 - DEBUG - Joint score for alpha[0]: 0.1232
2025-08-15 07:59:15,918 - DEBUG - Joint score for alpha[1]: 0.1233
2025-08-15 07:59:19,431 - DEBUG - Joint score for alpha[2]: 0.1249
2025-08-15 07:59:22,943 - DEBUG - Joint score for alpha[3]: 0.1241
2025-08-15 07:59:26,454 - DEBUG - Joint score for alpha[4]: 0.1244
2025-08-15 07:59:29,966 - DEBUG - Joint score for alpha[5]: 0.1246
2025-08-15 07:59:33,477 - DEBUG - Joint score for alpha[6]: 0.1230
2025-08-15 07:59:36,989 - DEBUG - Joint score for alpha[7]: 0.1250
2025-08-15 07:59:40,500 - DEBUG - Joint score for alpha[8]: 0.1227
2025-08-15 07:59:44,011 - DEBUG - Joint score for alpha[9]: 0.1224
2025-08-15 07:59:47,524 - DEBUG - Joint score for alpha[10]: 0.1249
2025-08-15 07:59:51,036 - DEBUG - Joint score for alpha[11]: 0.1255
2025-08-15 07:59:54,546 - DEBUG - Joint score for alpha[12]: 0.1238
2025-08-15 07:59:58,056 - DEBUG - Joint score for alpha[13]: 0.1235
2025-08-15 08:00:01,567 - DEBUG - Joint score for alpha[14]: 0.1234
2025-08-15 08:00:05,081 - DEBUG - Joint score for alpha[15]: 0.1240
2025-08-15 08:00:11,842 - DEBUG - Joint score for alpha[0]: 0.1257
2025-08-15 08:00:15,362 - DEBUG - Joint score for alpha[1]: 0.1269
2025-08-15 08:00:18,879 - DEBUG - Joint score for alpha[2]: 0.1246
2025-08-15 08:00:22,395 - DEBUG - Joint score for alpha[3]: 0.1249
2025-08-15 08:00:25,908 - DEBUG - Joint score for alpha[4]: 0.1259
2025-08-15 08:00:29,423 - DEBUG - Joint score for alpha[5]: 0.1257
2025-08-15 08:00:32,938 - DEBUG - Joint score for alpha[6]: 0.1260
2025-08-15 08:00:36,453 - DEBUG - Joint score for alpha[7]: 0.1239
2025-08-15 08:00:39,968 - DEBUG - Joint score for alpha[8]: 0.1258
2025-08-15 08:00:43,483 - DEBUG - Joint score for alpha[9]: 0.1257
2025-08-15 08:00:46,999 - DEBUG - Joint score for alpha[10]: 0.1254
2025-08-15 08:00:50,514 - DEBUG - Joint score for alpha[11]: 0.1264
2025-08-15 08:00:54,030 - DEBUG - Joint score for alpha[12]: 0.1259
2025-08-15 08:00:57,545 - DEBUG - Joint score for alpha[13]: 0.1259
2025-08-15 08:01:01,059 - DEBUG - Joint score for alpha[14]: 0.1251
2025-08-15 08:01:04,574 - DEBUG - Joint score for alpha[15]: 0.1254
2025-08-15 08:01:11,306 - DEBUG - Joint score for alpha[0]: 0.1250
2025-08-15 08:01:14,823 - DEBUG - Joint score for alpha[1]: 0.1251
2025-08-15 08:01:18,338 - DEBUG - Joint score for alpha[2]: 0.1258
2025-08-15 08:01:21,855 - DEBUG - Joint score for alpha[3]: 0.1255
2025-08-15 08:01:25,368 - DEBUG - Joint score for alpha[4]: 0.1248
2025-08-15 08:01:28,884 - DEBUG - Joint score for alpha[5]: 0.1252
2025-08-15 08:01:32,399 - DEBUG - Joint score for alpha[6]: 0.1259
2025-08-15 08:01:35,915 - DEBUG - Joint score for alpha[7]: 0.1258
2025-08-15 08:01:39,430 - DEBUG - Joint score for alpha[8]: 0.1260
2025-08-15 08:01:42,944 - DEBUG - Joint score for alpha[9]: 0.1253
2025-08-15 08:01:46,459 - DEBUG - Joint score for alpha[10]: 0.1253
2025-08-15 08:01:49,973 - DEBUG - Joint score for alpha[11]: 0.1253
2025-08-15 08:01:53,490 - DEBUG - Joint score for alpha[12]: 0.1255
2025-08-15 08:01:57,005 - DEBUG - Joint score for alpha[13]: 0.1254
2025-08-15 08:02:00,522 - DEBUG - Joint score for alpha[14]: 0.1256
2025-08-15 08:02:04,037 - DEBUG - Joint score for alpha[15]: 0.1260
2025-08-15 08:02:10,797 - DEBUG - Joint score for alpha[0]: 0.1253
2025-08-15 08:02:14,314 - DEBUG - Joint score for alpha[1]: 0.1245
2025-08-15 08:02:17,828 - DEBUG - Joint score for alpha[2]: 0.1263
2025-08-15 08:02:21,342 - DEBUG - Joint score for alpha[3]: 0.1251
2025-08-15 08:02:24,855 - DEBUG - Joint score for alpha[4]: 0.1242
2025-08-15 08:02:28,371 - DEBUG - Joint score for alpha[5]: 0.1254
2025-08-15 08:02:31,884 - DEBUG - Joint score for alpha[6]: 0.1256
2025-08-15 08:02:35,399 - DEBUG - Joint score for alpha[7]: 0.1263
2025-08-15 08:02:38,913 - DEBUG - Joint score for alpha[8]: 0.1247
2025-08-15 08:02:42,428 - DEBUG - Joint score for alpha[9]: 0.1259
2025-08-15 08:02:45,941 - DEBUG - Joint score for alpha[10]: 0.1251
2025-08-15 08:02:49,453 - DEBUG - Joint score for alpha[11]: 0.1261
2025-08-15 08:02:52,965 - DEBUG - Joint score for alpha[12]: 0.1247
2025-08-15 08:02:56,477 - DEBUG - Joint score for alpha[13]: 0.1252
2025-08-15 08:02:59,991 - DEBUG - Joint score for alpha[14]: 0.1247
2025-08-15 08:03:03,504 - DEBUG - Joint score for alpha[15]: 0.1252
2025-08-15 08:03:10,267 - DEBUG - Joint score for alpha[0]: 0.1253
2025-08-15 08:03:13,785 - DEBUG - Joint score for alpha[1]: 0.1251
2025-08-15 08:03:17,299 - DEBUG - Joint score for alpha[2]: 0.1250
2025-08-15 08:03:20,814 - DEBUG - Joint score for alpha[3]: 0.1248
2025-08-15 08:03:24,327 - DEBUG - Joint score for alpha[4]: 0.1246
2025-08-15 08:03:27,842 - DEBUG - Joint score for alpha[5]: 0.1248
2025-08-15 08:03:31,357 - DEBUG - Joint score for alpha[6]: 0.1251
2025-08-15 08:03:34,873 - DEBUG - Joint score for alpha[7]: 0.1243
2025-08-15 08:03:38,388 - DEBUG - Joint score for alpha[8]: 0.1242
2025-08-15 08:03:41,904 - DEBUG - Joint score for alpha[9]: 0.1246
2025-08-15 08:03:45,417 - DEBUG - Joint score for alpha[10]: 0.1252
2025-08-15 08:03:48,930 - DEBUG - Joint score for alpha[11]: 0.1251
2025-08-15 08:03:52,444 - DEBUG - Joint score for alpha[12]: 0.1257
2025-08-15 08:03:55,956 - DEBUG - Joint score for alpha[13]: 0.1253
2025-08-15 08:03:59,469 - DEBUG - Joint score for alpha[14]: 0.1250
2025-08-15 08:04:02,984 - DEBUG - Joint score for alpha[15]: 0.1249
2025-08-15 08:04:03,026 - INFO - Step 99/120: mean CRPS=0.1254
2025-08-15 08:04:03,033 - DEBUG - Beginning Gibbs iteration s = 99
2025-08-15 08:04:09,793 - DEBUG - Joint score for alpha[0]: 0.1239
2025-08-15 08:04:13,310 - DEBUG - Joint score for alpha[1]: 0.1251
2025-08-15 08:04:16,825 - DEBUG - Joint score for alpha[2]: 0.1251
2025-08-15 08:04:20,338 - DEBUG - Joint score for alpha[3]: 0.1260
2025-08-15 08:04:23,850 - DEBUG - Joint score for alpha[4]: 0.1251
2025-08-15 08:04:27,364 - DEBUG - Joint score for alpha[5]: 0.1253
2025-08-15 08:04:30,877 - DEBUG - Joint score for alpha[6]: 0.1267
2025-08-15 08:04:34,391 - DEBUG - Joint score for alpha[7]: 0.1251
2025-08-15 08:04:37,903 - DEBUG - Joint score for alpha[8]: 0.1266
2025-08-15 08:04:41,416 - DEBUG - Joint score for alpha[9]: 0.1257
2025-08-15 08:04:44,928 - DEBUG - Joint score for alpha[10]: 0.1250
2025-08-15 08:04:48,440 - DEBUG - Joint score for alpha[11]: 0.1233
2025-08-15 08:04:51,954 - DEBUG - Joint score for alpha[12]: 0.1264
2025-08-15 08:04:55,468 - DEBUG - Joint score for alpha[13]: 0.1244
2025-08-15 08:04:58,980 - DEBUG - Joint score for alpha[14]: 0.1252
2025-08-15 08:05:02,494 - DEBUG - Joint score for alpha[15]: 0.1265
2025-08-15 08:05:09,326 - DEBUG - Joint score for alpha[0]: 0.1238
2025-08-15 08:05:12,841 - DEBUG - Joint score for alpha[1]: 0.1235
2025-08-15 08:05:16,353 - DEBUG - Joint score for alpha[2]: 0.1239
2025-08-15 08:05:19,865 - DEBUG - Joint score for alpha[3]: 0.1232
2025-08-15 08:05:23,376 - DEBUG - Joint score for alpha[4]: 0.1242
2025-08-15 08:05:26,888 - DEBUG - Joint score for alpha[5]: 0.1236
2025-08-15 08:05:30,398 - DEBUG - Joint score for alpha[6]: 0.1235
2025-08-15 08:05:33,911 - DEBUG - Joint score for alpha[7]: 0.1239
2025-08-15 08:05:37,422 - DEBUG - Joint score for alpha[8]: 0.1232
2025-08-15 08:05:40,932 - DEBUG - Joint score for alpha[9]: 0.1233
2025-08-15 08:05:44,444 - DEBUG - Joint score for alpha[10]: 0.1239
2025-08-15 08:05:47,957 - DEBUG - Joint score for alpha[11]: 0.1233
2025-08-15 08:05:51,471 - DEBUG - Joint score for alpha[12]: 0.1239
2025-08-15 08:05:54,986 - DEBUG - Joint score for alpha[13]: 0.1242
2025-08-15 08:05:58,498 - DEBUG - Joint score for alpha[14]: 0.1237
2025-08-15 08:06:02,014 - DEBUG - Joint score for alpha[15]: 0.1232
2025-08-15 08:06:08,767 - DEBUG - Joint score for alpha[0]: 0.1247
2025-08-15 08:06:12,283 - DEBUG - Joint score for alpha[1]: 0.1243
2025-08-15 08:06:15,795 - DEBUG - Joint score for alpha[2]: 0.1242
2025-08-15 08:06:19,307 - DEBUG - Joint score for alpha[3]: 0.1240
2025-08-15 08:06:22,816 - DEBUG - Joint score for alpha[4]: 0.1243
2025-08-15 08:06:26,327 - DEBUG - Joint score for alpha[5]: 0.1242
2025-08-15 08:06:29,838 - DEBUG - Joint score for alpha[6]: 0.1241
2025-08-15 08:06:33,352 - DEBUG - Joint score for alpha[7]: 0.1238
2025-08-15 08:06:36,863 - DEBUG - Joint score for alpha[8]: 0.1244
2025-08-15 08:06:40,375 - DEBUG - Joint score for alpha[9]: 0.1238
2025-08-15 08:06:43,889 - DEBUG - Joint score for alpha[10]: 0.1243
2025-08-15 08:06:47,401 - DEBUG - Joint score for alpha[11]: 0.1244
2025-08-15 08:06:50,914 - DEBUG - Joint score for alpha[12]: 0.1236
2025-08-15 08:06:54,427 - DEBUG - Joint score for alpha[13]: 0.1230
2025-08-15 08:06:57,941 - DEBUG - Joint score for alpha[14]: 0.1238
2025-08-15 08:07:01,455 - DEBUG - Joint score for alpha[15]: 0.1236
2025-08-15 08:07:08,186 - DEBUG - Joint score for alpha[0]: 0.1237
2025-08-15 08:07:11,703 - DEBUG - Joint score for alpha[1]: 0.1245
2025-08-15 08:07:15,216 - DEBUG - Joint score for alpha[2]: 0.1235
2025-08-15 08:07:18,728 - DEBUG - Joint score for alpha[3]: 0.1245
2025-08-15 08:07:22,238 - DEBUG - Joint score for alpha[4]: 0.1245
2025-08-15 08:07:25,750 - DEBUG - Joint score for alpha[5]: 0.1233
2025-08-15 08:07:29,262 - DEBUG - Joint score for alpha[6]: 0.1237
2025-08-15 08:07:32,773 - DEBUG - Joint score for alpha[7]: 0.1241
2025-08-15 08:07:36,285 - DEBUG - Joint score for alpha[8]: 0.1236
2025-08-15 08:07:39,795 - DEBUG - Joint score for alpha[9]: 0.1241
2025-08-15 08:07:43,305 - DEBUG - Joint score for alpha[10]: 0.1244
2025-08-15 08:07:46,818 - DEBUG - Joint score for alpha[11]: 0.1236
2025-08-15 08:07:50,330 - DEBUG - Joint score for alpha[12]: 0.1243
2025-08-15 08:07:53,842 - DEBUG - Joint score for alpha[13]: 0.1241
2025-08-15 08:07:57,354 - DEBUG - Joint score for alpha[14]: 0.1230
2025-08-15 08:08:00,864 - DEBUG - Joint score for alpha[15]: 0.1236
2025-08-15 08:08:07,611 - DEBUG - Joint score for alpha[0]: 0.1238
2025-08-15 08:08:11,126 - DEBUG - Joint score for alpha[1]: 0.1242
2025-08-15 08:08:14,637 - DEBUG - Joint score for alpha[2]: 0.1243
2025-08-15 08:08:18,148 - DEBUG - Joint score for alpha[3]: 0.1241
2025-08-15 08:08:21,659 - DEBUG - Joint score for alpha[4]: 0.1243
2025-08-15 08:08:25,171 - DEBUG - Joint score for alpha[5]: 0.1240
2025-08-15 08:08:28,683 - DEBUG - Joint score for alpha[6]: 0.1246
2025-08-15 08:08:32,195 - DEBUG - Joint score for alpha[7]: 0.1254
2025-08-15 08:08:35,709 - DEBUG - Joint score for alpha[8]: 0.1246
2025-08-15 08:08:39,221 - DEBUG - Joint score for alpha[9]: 0.1250
2025-08-15 08:08:42,733 - DEBUG - Joint score for alpha[10]: 0.1247
2025-08-15 08:08:46,245 - DEBUG - Joint score for alpha[11]: 0.1249
2025-08-15 08:08:49,758 - DEBUG - Joint score for alpha[12]: 0.1249
2025-08-15 08:08:53,271 - DEBUG - Joint score for alpha[13]: 0.1248
2025-08-15 08:08:56,782 - DEBUG - Joint score for alpha[14]: 0.1242
2025-08-15 08:09:00,295 - DEBUG - Joint score for alpha[15]: 0.1242
2025-08-15 08:09:00,337 - INFO - Step 100/120: mean CRPS=0.1240
2025-08-15 08:09:00,342 - DEBUG - Beginning Gibbs iteration s = 100
2025-08-15 08:09:07,230 - DEBUG - Joint score for alpha[0]: 0.1249
2025-08-15 08:09:10,746 - DEBUG - Joint score for alpha[1]: 0.1257
2025-08-15 08:09:14,259 - DEBUG - Joint score for alpha[2]: 0.1246
2025-08-15 08:09:17,773 - DEBUG - Joint score for alpha[3]: 0.1238
2025-08-15 08:09:21,286 - DEBUG - Joint score for alpha[4]: 0.1246
2025-08-15 08:09:24,798 - DEBUG - Joint score for alpha[5]: 0.1252
2025-08-15 08:09:28,312 - DEBUG - Joint score for alpha[6]: 0.1246
2025-08-15 08:09:31,825 - DEBUG - Joint score for alpha[7]: 0.1260
2025-08-15 08:09:35,338 - DEBUG - Joint score for alpha[8]: 0.1262
2025-08-15 08:09:38,853 - DEBUG - Joint score for alpha[9]: 0.1233
2025-08-15 08:09:42,364 - DEBUG - Joint score for alpha[10]: 0.1237
2025-08-15 08:09:45,874 - DEBUG - Joint score for alpha[11]: 0.1226
2025-08-15 08:09:49,386 - DEBUG - Joint score for alpha[12]: 0.1235
2025-08-15 08:09:52,897 - DEBUG - Joint score for alpha[13]: 0.1277
2025-08-15 08:09:56,408 - DEBUG - Joint score for alpha[14]: 0.1240
2025-08-15 08:09:59,920 - DEBUG - Joint score for alpha[15]: 0.1245
2025-08-15 08:10:06,648 - DEBUG - Joint score for alpha[0]: 0.1275
2025-08-15 08:10:10,165 - DEBUG - Joint score for alpha[1]: 0.1276
2025-08-15 08:10:13,678 - DEBUG - Joint score for alpha[2]: 0.1281
2025-08-15 08:10:17,192 - DEBUG - Joint score for alpha[3]: 0.1268
2025-08-15 08:10:20,704 - DEBUG - Joint score for alpha[4]: 0.1269
2025-08-15 08:10:24,217 - DEBUG - Joint score for alpha[5]: 0.1275
2025-08-15 08:10:27,728 - DEBUG - Joint score for alpha[6]: 0.1271
2025-08-15 08:10:31,240 - DEBUG - Joint score for alpha[7]: 0.1270
2025-08-15 08:10:34,752 - DEBUG - Joint score for alpha[8]: 0.1271
2025-08-15 08:10:38,264 - DEBUG - Joint score for alpha[9]: 0.1271
2025-08-15 08:10:41,773 - DEBUG - Joint score for alpha[10]: 0.1268
2025-08-15 08:10:45,284 - DEBUG - Joint score for alpha[11]: 0.1279
2025-08-15 08:10:48,797 - DEBUG - Joint score for alpha[12]: 0.1270
2025-08-15 08:10:52,307 - DEBUG - Joint score for alpha[13]: 0.1282
2025-08-15 08:10:55,819 - DEBUG - Joint score for alpha[14]: 0.1278
2025-08-15 08:10:59,329 - DEBUG - Joint score for alpha[15]: 0.1278
2025-08-15 08:11:06,090 - DEBUG - Joint score for alpha[0]: 0.1275
2025-08-15 08:11:09,603 - DEBUG - Joint score for alpha[1]: 0.1270
2025-08-15 08:11:13,114 - DEBUG - Joint score for alpha[2]: 0.1279
2025-08-15 08:11:16,626 - DEBUG - Joint score for alpha[3]: 0.1272
2025-08-15 08:11:20,136 - DEBUG - Joint score for alpha[4]: 0.1275
2025-08-15 08:11:23,647 - DEBUG - Joint score for alpha[5]: 0.1276
2025-08-15 08:11:27,157 - DEBUG - Joint score for alpha[6]: 0.1272
2025-08-15 08:11:30,668 - DEBUG - Joint score for alpha[7]: 0.1273
2025-08-15 08:11:34,179 - DEBUG - Joint score for alpha[8]: 0.1266
2025-08-15 08:11:37,690 - DEBUG - Joint score for alpha[9]: 0.1273
2025-08-15 08:11:41,201 - DEBUG - Joint score for alpha[10]: 0.1267
2025-08-15 08:11:44,712 - DEBUG - Joint score for alpha[11]: 0.1265
2025-08-15 08:11:48,224 - DEBUG - Joint score for alpha[12]: 0.1271
2025-08-15 08:11:51,737 - DEBUG - Joint score for alpha[13]: 0.1274
2025-08-15 08:11:55,249 - DEBUG - Joint score for alpha[14]: 0.1265
2025-08-15 08:11:58,761 - DEBUG - Joint score for alpha[15]: 0.1271
2025-08-15 08:12:05,522 - DEBUG - Joint score for alpha[0]: 0.1267
2025-08-15 08:12:09,037 - DEBUG - Joint score for alpha[1]: 0.1267
2025-08-15 08:12:12,549 - DEBUG - Joint score for alpha[2]: 0.1273
2025-08-15 08:12:16,060 - DEBUG - Joint score for alpha[3]: 0.1271
2025-08-15 08:12:19,570 - DEBUG - Joint score for alpha[4]: 0.1271
2025-08-15 08:12:23,080 - DEBUG - Joint score for alpha[5]: 0.1265
2025-08-15 08:12:26,589 - DEBUG - Joint score for alpha[6]: 0.1276
2025-08-15 08:12:30,100 - DEBUG - Joint score for alpha[7]: 0.1273
2025-08-15 08:12:33,609 - DEBUG - Joint score for alpha[8]: 0.1266
2025-08-15 08:12:37,120 - DEBUG - Joint score for alpha[9]: 0.1274
2025-08-15 08:12:40,631 - DEBUG - Joint score for alpha[10]: 0.1272
2025-08-15 08:12:44,142 - DEBUG - Joint score for alpha[11]: 0.1276
2025-08-15 08:12:47,653 - DEBUG - Joint score for alpha[12]: 0.1271
2025-08-15 08:12:51,163 - DEBUG - Joint score for alpha[13]: 0.1276
2025-08-15 08:12:54,674 - DEBUG - Joint score for alpha[14]: 0.1260
2025-08-15 08:12:58,185 - DEBUG - Joint score for alpha[15]: 0.1266
2025-08-15 08:13:04,956 - DEBUG - Joint score for alpha[0]: 0.1269
2025-08-15 08:13:08,471 - DEBUG - Joint score for alpha[1]: 0.1270
2025-08-15 08:13:11,983 - DEBUG - Joint score for alpha[2]: 0.1271
2025-08-15 08:13:15,495 - DEBUG - Joint score for alpha[3]: 0.1277
2025-08-15 08:13:19,006 - DEBUG - Joint score for alpha[4]: 0.1269
2025-08-15 08:13:22,518 - DEBUG - Joint score for alpha[5]: 0.1271
2025-08-15 08:13:26,028 - DEBUG - Joint score for alpha[6]: 0.1283
2025-08-15 08:13:29,542 - DEBUG - Joint score for alpha[7]: 0.1277
2025-08-15 08:13:33,054 - DEBUG - Joint score for alpha[8]: 0.1272
2025-08-15 08:13:36,568 - DEBUG - Joint score for alpha[9]: 0.1271
2025-08-15 08:13:40,083 - DEBUG - Joint score for alpha[10]: 0.1282
2025-08-15 08:13:43,596 - DEBUG - Joint score for alpha[11]: 0.1281
2025-08-15 08:13:47,108 - DEBUG - Joint score for alpha[12]: 0.1281
2025-08-15 08:13:50,621 - DEBUG - Joint score for alpha[13]: 0.1274
2025-08-15 08:13:54,134 - DEBUG - Joint score for alpha[14]: 0.1276
2025-08-15 08:13:57,648 - DEBUG - Joint score for alpha[15]: 0.1274
2025-08-15 08:13:57,690 - INFO - Step 101/120: mean CRPS=0.1273
2025-08-15 08:13:57,724 - DEBUG - Beginning Gibbs iteration s = 101
2025-08-15 08:14:04,479 - DEBUG - Joint score for alpha[0]: 0.1288
2025-08-15 08:14:07,996 - DEBUG - Joint score for alpha[1]: 0.1278
2025-08-15 08:14:11,511 - DEBUG - Joint score for alpha[2]: 0.1285
2025-08-15 08:14:15,025 - DEBUG - Joint score for alpha[3]: 0.1281
2025-08-15 08:14:18,539 - DEBUG - Joint score for alpha[4]: 0.1278
2025-08-15 08:14:22,054 - DEBUG - Joint score for alpha[5]: 0.1295
2025-08-15 08:14:25,568 - DEBUG - Joint score for alpha[6]: 0.1268
2025-08-15 08:14:29,083 - DEBUG - Joint score for alpha[7]: 0.1269
2025-08-15 08:14:32,597 - DEBUG - Joint score for alpha[8]: 0.1276
2025-08-15 08:14:36,110 - DEBUG - Joint score for alpha[9]: 0.1285
2025-08-15 08:14:39,623 - DEBUG - Joint score for alpha[10]: 0.1289
2025-08-15 08:14:43,135 - DEBUG - Joint score for alpha[11]: 0.1287
2025-08-15 08:14:46,649 - DEBUG - Joint score for alpha[12]: 0.1265
2025-08-15 08:14:50,163 - DEBUG - Joint score for alpha[13]: 0.1280
2025-08-15 08:14:53,675 - DEBUG - Joint score for alpha[14]: 0.1269
2025-08-15 08:14:57,189 - DEBUG - Joint score for alpha[15]: 0.1281
2025-08-15 08:15:03,975 - DEBUG - Joint score for alpha[0]: 0.1293
2025-08-15 08:15:07,492 - DEBUG - Joint score for alpha[1]: 0.1294
2025-08-15 08:15:11,005 - DEBUG - Joint score for alpha[2]: 0.1294
2025-08-15 08:15:14,519 - DEBUG - Joint score for alpha[3]: 0.1287
2025-08-15 08:15:18,031 - DEBUG - Joint score for alpha[4]: 0.1292
2025-08-15 08:15:21,545 - DEBUG - Joint score for alpha[5]: 0.1287
2025-08-15 08:15:25,057 - DEBUG - Joint score for alpha[6]: 0.1289
2025-08-15 08:15:28,570 - DEBUG - Joint score for alpha[7]: 0.1288
2025-08-15 08:15:32,083 - DEBUG - Joint score for alpha[8]: 0.1288
2025-08-15 08:15:35,597 - DEBUG - Joint score for alpha[9]: 0.1279
2025-08-15 08:15:39,111 - DEBUG - Joint score for alpha[10]: 0.1291
2025-08-15 08:15:42,625 - DEBUG - Joint score for alpha[11]: 0.1291
2025-08-15 08:15:46,139 - DEBUG - Joint score for alpha[12]: 0.1291
2025-08-15 08:15:49,651 - DEBUG - Joint score for alpha[13]: 0.1285
2025-08-15 08:15:53,163 - DEBUG - Joint score for alpha[14]: 0.1281
2025-08-15 08:15:56,676 - DEBUG - Joint score for alpha[15]: 0.1280
2025-08-15 08:16:03,471 - DEBUG - Joint score for alpha[0]: 0.1289
2025-08-15 08:16:06,986 - DEBUG - Joint score for alpha[1]: 0.1289
2025-08-15 08:16:10,498 - DEBUG - Joint score for alpha[2]: 0.1291
2025-08-15 08:16:14,010 - DEBUG - Joint score for alpha[3]: 0.1281
2025-08-15 08:16:17,521 - DEBUG - Joint score for alpha[4]: 0.1288
2025-08-15 08:16:21,033 - DEBUG - Joint score for alpha[5]: 0.1286
2025-08-15 08:16:24,543 - DEBUG - Joint score for alpha[6]: 0.1293
2025-08-15 08:16:28,055 - DEBUG - Joint score for alpha[7]: 0.1287
2025-08-15 08:16:31,566 - DEBUG - Joint score for alpha[8]: 0.1287
2025-08-15 08:16:35,077 - DEBUG - Joint score for alpha[9]: 0.1299
2025-08-15 08:16:38,590 - DEBUG - Joint score for alpha[10]: 0.1282
2025-08-15 08:16:42,101 - DEBUG - Joint score for alpha[11]: 0.1284
2025-08-15 08:16:45,611 - DEBUG - Joint score for alpha[12]: 0.1284
2025-08-15 08:16:49,123 - DEBUG - Joint score for alpha[13]: 0.1279
2025-08-15 08:16:52,633 - DEBUG - Joint score for alpha[14]: 0.1289
2025-08-15 08:16:56,146 - DEBUG - Joint score for alpha[15]: 0.1294
2025-08-15 08:17:02,907 - DEBUG - Joint score for alpha[0]: 0.1288
2025-08-15 08:17:06,421 - DEBUG - Joint score for alpha[1]: 0.1292
2025-08-15 08:17:09,932 - DEBUG - Joint score for alpha[2]: 0.1279
2025-08-15 08:17:13,444 - DEBUG - Joint score for alpha[3]: 0.1294
2025-08-15 08:17:16,955 - DEBUG - Joint score for alpha[4]: 0.1289
2025-08-15 08:17:20,465 - DEBUG - Joint score for alpha[5]: 0.1284
2025-08-15 08:17:23,976 - DEBUG - Joint score for alpha[6]: 0.1287
2025-08-15 08:17:27,487 - DEBUG - Joint score for alpha[7]: 0.1297
2025-08-15 08:17:31,000 - DEBUG - Joint score for alpha[8]: 0.1285
2025-08-15 08:17:34,510 - DEBUG - Joint score for alpha[9]: 0.1290
2025-08-15 08:17:38,024 - DEBUG - Joint score for alpha[10]: 0.1287
2025-08-15 08:17:41,535 - DEBUG - Joint score for alpha[11]: 0.1294
2025-08-15 08:17:45,047 - DEBUG - Joint score for alpha[12]: 0.1283
2025-08-15 08:17:48,560 - DEBUG - Joint score for alpha[13]: 0.1290
2025-08-15 08:17:52,071 - DEBUG - Joint score for alpha[14]: 0.1287
2025-08-15 08:17:55,583 - DEBUG - Joint score for alpha[15]: 0.1299
2025-08-15 08:18:02,325 - DEBUG - Joint score for alpha[0]: 0.1288
2025-08-15 08:18:05,841 - DEBUG - Joint score for alpha[1]: 0.1288
2025-08-15 08:18:09,354 - DEBUG - Joint score for alpha[2]: 0.1278
2025-08-15 08:18:12,868 - DEBUG - Joint score for alpha[3]: 0.1279
2025-08-15 08:18:16,379 - DEBUG - Joint score for alpha[4]: 0.1282
2025-08-15 08:18:19,892 - DEBUG - Joint score for alpha[5]: 0.1278
2025-08-15 08:18:23,404 - DEBUG - Joint score for alpha[6]: 0.1283
2025-08-15 08:18:26,916 - DEBUG - Joint score for alpha[7]: 0.1288
2025-08-15 08:18:30,429 - DEBUG - Joint score for alpha[8]: 0.1282
2025-08-15 08:18:33,942 - DEBUG - Joint score for alpha[9]: 0.1287
2025-08-15 08:18:37,457 - DEBUG - Joint score for alpha[10]: 0.1285
2025-08-15 08:18:40,970 - DEBUG - Joint score for alpha[11]: 0.1290
2025-08-15 08:18:44,483 - DEBUG - Joint score for alpha[12]: 0.1286
2025-08-15 08:18:47,996 - DEBUG - Joint score for alpha[13]: 0.1283
2025-08-15 08:18:51,510 - DEBUG - Joint score for alpha[14]: 0.1284
2025-08-15 08:18:55,025 - DEBUG - Joint score for alpha[15]: 0.1283
2025-08-15 08:18:55,067 - INFO - Step 102/120: mean CRPS=0.1284
2025-08-15 08:18:55,073 - DEBUG - Beginning Gibbs iteration s = 102
2025-08-15 08:19:01,828 - DEBUG - Joint score for alpha[0]: 0.1276
2025-08-15 08:19:05,342 - DEBUG - Joint score for alpha[1]: 0.1272
2025-08-15 08:19:08,854 - DEBUG - Joint score for alpha[2]: 0.1286
2025-08-15 08:19:12,365 - DEBUG - Joint score for alpha[3]: 0.1278
2025-08-15 08:19:15,875 - DEBUG - Joint score for alpha[4]: 0.1277
2025-08-15 08:19:19,386 - DEBUG - Joint score for alpha[5]: 0.1288
2025-08-15 08:19:22,895 - DEBUG - Joint score for alpha[6]: 0.1304
2025-08-15 08:19:26,407 - DEBUG - Joint score for alpha[7]: 0.1279
2025-08-15 08:19:29,918 - DEBUG - Joint score for alpha[8]: 0.1282
2025-08-15 08:19:33,430 - DEBUG - Joint score for alpha[9]: 0.1271
2025-08-15 08:19:36,943 - DEBUG - Joint score for alpha[10]: 0.1289
2025-08-15 08:19:40,455 - DEBUG - Joint score for alpha[11]: 0.1272
2025-08-15 08:19:43,967 - DEBUG - Joint score for alpha[12]: 0.1269
2025-08-15 08:19:47,478 - DEBUG - Joint score for alpha[13]: 0.1286
2025-08-15 08:19:50,991 - DEBUG - Joint score for alpha[14]: 0.1280
2025-08-15 08:19:54,504 - DEBUG - Joint score for alpha[15]: 0.1282
2025-08-15 08:20:01,255 - DEBUG - Joint score for alpha[0]: 0.1298
2025-08-15 08:20:04,770 - DEBUG - Joint score for alpha[1]: 0.1309
2025-08-15 08:20:08,281 - DEBUG - Joint score for alpha[2]: 0.1301
2025-08-15 08:20:11,793 - DEBUG - Joint score for alpha[3]: 0.1309
2025-08-15 08:20:15,303 - DEBUG - Joint score for alpha[4]: 0.1302
2025-08-15 08:20:18,815 - DEBUG - Joint score for alpha[5]: 0.1296
2025-08-15 08:20:22,328 - DEBUG - Joint score for alpha[6]: 0.1307
2025-08-15 08:20:25,841 - DEBUG - Joint score for alpha[7]: 0.1300
2025-08-15 08:20:29,354 - DEBUG - Joint score for alpha[8]: 0.1301
2025-08-15 08:20:32,866 - DEBUG - Joint score for alpha[9]: 0.1301
2025-08-15 08:20:36,379 - DEBUG - Joint score for alpha[10]: 0.1295
2025-08-15 08:20:39,890 - DEBUG - Joint score for alpha[11]: 0.1296
2025-08-15 08:20:43,402 - DEBUG - Joint score for alpha[12]: 0.1300
2025-08-15 08:20:46,914 - DEBUG - Joint score for alpha[13]: 0.1318
2025-08-15 08:20:50,426 - DEBUG - Joint score for alpha[14]: 0.1315
2025-08-15 08:20:53,939 - DEBUG - Joint score for alpha[15]: 0.1303
2025-08-15 08:21:00,671 - DEBUG - Joint score for alpha[0]: 0.1303
2025-08-15 08:21:04,186 - DEBUG - Joint score for alpha[1]: 0.1309
2025-08-15 08:21:07,699 - DEBUG - Joint score for alpha[2]: 0.1313
2025-08-15 08:21:11,212 - DEBUG - Joint score for alpha[3]: 0.1291
2025-08-15 08:21:14,723 - DEBUG - Joint score for alpha[4]: 0.1305
2025-08-15 08:21:18,237 - DEBUG - Joint score for alpha[5]: 0.1303
2025-08-15 08:21:21,751 - DEBUG - Joint score for alpha[6]: 0.1299
2025-08-15 08:21:25,263 - DEBUG - Joint score for alpha[7]: 0.1306
2025-08-15 08:21:28,776 - DEBUG - Joint score for alpha[8]: 0.1310
2025-08-15 08:21:32,289 - DEBUG - Joint score for alpha[9]: 0.1302
2025-08-15 08:21:35,804 - DEBUG - Joint score for alpha[10]: 0.1299
2025-08-15 08:21:39,317 - DEBUG - Joint score for alpha[11]: 0.1296
2025-08-15 08:21:42,830 - DEBUG - Joint score for alpha[12]: 0.1303
2025-08-15 08:21:46,342 - DEBUG - Joint score for alpha[13]: 0.1300
2025-08-15 08:21:49,856 - DEBUG - Joint score for alpha[14]: 0.1299
2025-08-15 08:21:53,370 - DEBUG - Joint score for alpha[15]: 0.1300
2025-08-15 08:22:00,110 - DEBUG - Joint score for alpha[0]: 0.1303
2025-08-15 08:22:03,626 - DEBUG - Joint score for alpha[1]: 0.1313
2025-08-15 08:22:07,137 - DEBUG - Joint score for alpha[2]: 0.1304
2025-08-15 08:22:10,650 - DEBUG - Joint score for alpha[3]: 0.1309
2025-08-15 08:22:14,161 - DEBUG - Joint score for alpha[4]: 0.1301
2025-08-15 08:22:17,673 - DEBUG - Joint score for alpha[5]: 0.1302
2025-08-15 08:22:21,183 - DEBUG - Joint score for alpha[6]: 0.1302
2025-08-15 08:22:24,697 - DEBUG - Joint score for alpha[7]: 0.1307
2025-08-15 08:22:28,209 - DEBUG - Joint score for alpha[8]: 0.1304
2025-08-15 08:22:31,722 - DEBUG - Joint score for alpha[9]: 0.1307
2025-08-15 08:22:35,234 - DEBUG - Joint score for alpha[10]: 0.1295
2025-08-15 08:22:38,748 - DEBUG - Joint score for alpha[11]: 0.1307
2025-08-15 08:22:42,260 - DEBUG - Joint score for alpha[12]: 0.1314
2025-08-15 08:22:45,773 - DEBUG - Joint score for alpha[13]: 0.1315
2025-08-15 08:22:49,285 - DEBUG - Joint score for alpha[14]: 0.1305
2025-08-15 08:22:52,799 - DEBUG - Joint score for alpha[15]: 0.1308
2025-08-15 08:22:59,552 - DEBUG - Joint score for alpha[0]: 0.1316
2025-08-15 08:23:03,068 - DEBUG - Joint score for alpha[1]: 0.1309
2025-08-15 08:23:06,580 - DEBUG - Joint score for alpha[2]: 0.1316
2025-08-15 08:23:10,092 - DEBUG - Joint score for alpha[3]: 0.1316
2025-08-15 08:23:13,602 - DEBUG - Joint score for alpha[4]: 0.1311
2025-08-15 08:23:17,113 - DEBUG - Joint score for alpha[5]: 0.1313
2025-08-15 08:23:20,624 - DEBUG - Joint score for alpha[6]: 0.1303
2025-08-15 08:23:24,136 - DEBUG - Joint score for alpha[7]: 0.1309
2025-08-15 08:23:27,647 - DEBUG - Joint score for alpha[8]: 0.1310
2025-08-15 08:23:31,158 - DEBUG - Joint score for alpha[9]: 0.1311
2025-08-15 08:23:34,670 - DEBUG - Joint score for alpha[10]: 0.1313
2025-08-15 08:23:38,182 - DEBUG - Joint score for alpha[11]: 0.1313
2025-08-15 08:23:41,694 - DEBUG - Joint score for alpha[12]: 0.1307
2025-08-15 08:23:45,206 - DEBUG - Joint score for alpha[13]: 0.1320
2025-08-15 08:23:48,719 - DEBUG - Joint score for alpha[14]: 0.1308
2025-08-15 08:23:52,234 - DEBUG - Joint score for alpha[15]: 0.1313
2025-08-15 08:23:52,277 - INFO - Step 103/120: mean CRPS=0.1303
2025-08-15 08:23:52,281 - DEBUG - Beginning Gibbs iteration s = 103
2025-08-15 08:23:59,034 - DEBUG - Joint score for alpha[0]: 0.1317
2025-08-15 08:24:02,551 - DEBUG - Joint score for alpha[1]: 0.1308
2025-08-15 08:24:06,063 - DEBUG - Joint score for alpha[2]: 0.1298
2025-08-15 08:24:09,577 - DEBUG - Joint score for alpha[3]: 0.1294
2025-08-15 08:24:13,089 - DEBUG - Joint score for alpha[4]: 0.1320
2025-08-15 08:24:16,601 - DEBUG - Joint score for alpha[5]: 0.1307
2025-08-15 08:24:20,113 - DEBUG - Joint score for alpha[6]: 0.1308
2025-08-15 08:24:23,625 - DEBUG - Joint score for alpha[7]: 0.1291
2025-08-15 08:24:27,138 - DEBUG - Joint score for alpha[8]: 0.1315
2025-08-15 08:24:30,650 - DEBUG - Joint score for alpha[9]: 0.1306
2025-08-15 08:24:34,163 - DEBUG - Joint score for alpha[10]: 0.1315
2025-08-15 08:24:37,677 - DEBUG - Joint score for alpha[11]: 0.1314
2025-08-15 08:24:41,189 - DEBUG - Joint score for alpha[12]: 0.1311
2025-08-15 08:24:44,703 - DEBUG - Joint score for alpha[13]: 0.1332
2025-08-15 08:24:48,216 - DEBUG - Joint score for alpha[14]: 0.1289
2025-08-15 08:24:51,731 - DEBUG - Joint score for alpha[15]: 0.1321
2025-08-15 08:24:58,496 - DEBUG - Joint score for alpha[0]: 0.1301
2025-08-15 08:25:02,015 - DEBUG - Joint score for alpha[1]: 0.1299
2025-08-15 08:25:05,526 - DEBUG - Joint score for alpha[2]: 0.1310
2025-08-15 08:25:09,039 - DEBUG - Joint score for alpha[3]: 0.1302
2025-08-15 08:25:12,549 - DEBUG - Joint score for alpha[4]: 0.1305
2025-08-15 08:25:16,061 - DEBUG - Joint score for alpha[5]: 0.1302
2025-08-15 08:25:19,573 - DEBUG - Joint score for alpha[6]: 0.1300
2025-08-15 08:25:23,084 - DEBUG - Joint score for alpha[7]: 0.1304
2025-08-15 08:25:26,597 - DEBUG - Joint score for alpha[8]: 0.1295
2025-08-15 08:25:30,108 - DEBUG - Joint score for alpha[9]: 0.1301
2025-08-15 08:25:33,620 - DEBUG - Joint score for alpha[10]: 0.1301
2025-08-15 08:25:37,132 - DEBUG - Joint score for alpha[11]: 0.1295
2025-08-15 08:25:40,645 - DEBUG - Joint score for alpha[12]: 0.1292
2025-08-15 08:25:44,156 - DEBUG - Joint score for alpha[13]: 0.1303
2025-08-15 08:25:47,670 - DEBUG - Joint score for alpha[14]: 0.1306
2025-08-15 08:25:51,183 - DEBUG - Joint score for alpha[15]: 0.1300
2025-08-15 08:25:57,945 - DEBUG - Joint score for alpha[0]: 0.1311
2025-08-15 08:26:01,465 - DEBUG - Joint score for alpha[1]: 0.1310
2025-08-15 08:26:04,980 - DEBUG - Joint score for alpha[2]: 0.1307
2025-08-15 08:26:08,494 - DEBUG - Joint score for alpha[3]: 0.1309
2025-08-15 08:26:12,005 - DEBUG - Joint score for alpha[4]: 0.1294
2025-08-15 08:26:15,517 - DEBUG - Joint score for alpha[5]: 0.1304
2025-08-15 08:26:19,028 - DEBUG - Joint score for alpha[6]: 0.1310
2025-08-15 08:26:22,540 - DEBUG - Joint score for alpha[7]: 0.1316
2025-08-15 08:26:26,053 - DEBUG - Joint score for alpha[8]: 0.1300
2025-08-15 08:26:29,566 - DEBUG - Joint score for alpha[9]: 0.1313
2025-08-15 08:26:33,077 - DEBUG - Joint score for alpha[10]: 0.1301
2025-08-15 08:26:36,589 - DEBUG - Joint score for alpha[11]: 0.1299
2025-08-15 08:26:40,104 - DEBUG - Joint score for alpha[12]: 0.1317
2025-08-15 08:26:43,616 - DEBUG - Joint score for alpha[13]: 0.1298
2025-08-15 08:26:47,130 - DEBUG - Joint score for alpha[14]: 0.1304
2025-08-15 08:26:50,643 - DEBUG - Joint score for alpha[15]: 0.1295
2025-08-15 08:26:57,380 - DEBUG - Joint score for alpha[0]: 0.1308
2025-08-15 08:27:00,898 - DEBUG - Joint score for alpha[1]: 0.1306
2025-08-15 08:27:04,411 - DEBUG - Joint score for alpha[2]: 0.1302
2025-08-15 08:27:07,924 - DEBUG - Joint score for alpha[3]: 0.1297
2025-08-15 08:27:11,434 - DEBUG - Joint score for alpha[4]: 0.1298
2025-08-15 08:27:14,948 - DEBUG - Joint score for alpha[5]: 0.1302
2025-08-15 08:27:18,460 - DEBUG - Joint score for alpha[6]: 0.1304
2025-08-15 08:27:21,971 - DEBUG - Joint score for alpha[7]: 0.1305
2025-08-15 08:27:25,484 - DEBUG - Joint score for alpha[8]: 0.1303
2025-08-15 08:27:28,996 - DEBUG - Joint score for alpha[9]: 0.1305
2025-08-15 08:27:32,509 - DEBUG - Joint score for alpha[10]: 0.1299
2025-08-15 08:27:36,020 - DEBUG - Joint score for alpha[11]: 0.1307
2025-08-15 08:27:39,535 - DEBUG - Joint score for alpha[12]: 0.1301
2025-08-15 08:27:43,050 - DEBUG - Joint score for alpha[13]: 0.1309
2025-08-15 08:27:46,563 - DEBUG - Joint score for alpha[14]: 0.1313
2025-08-15 08:27:50,076 - DEBUG - Joint score for alpha[15]: 0.1307
2025-08-15 08:27:56,843 - DEBUG - Joint score for alpha[0]: 0.1305
2025-08-15 08:28:00,361 - DEBUG - Joint score for alpha[1]: 0.1309
2025-08-15 08:28:03,875 - DEBUG - Joint score for alpha[2]: 0.1316
2025-08-15 08:28:07,390 - DEBUG - Joint score for alpha[3]: 0.1294
2025-08-15 08:28:10,902 - DEBUG - Joint score for alpha[4]: 0.1311
2025-08-15 08:28:14,412 - DEBUG - Joint score for alpha[5]: 0.1302
2025-08-15 08:28:17,923 - DEBUG - Joint score for alpha[6]: 0.1307
2025-08-15 08:28:21,435 - DEBUG - Joint score for alpha[7]: 0.1298
2025-08-15 08:28:24,945 - DEBUG - Joint score for alpha[8]: 0.1298
2025-08-15 08:28:28,457 - DEBUG - Joint score for alpha[9]: 0.1296
2025-08-15 08:28:31,968 - DEBUG - Joint score for alpha[10]: 0.1303
2025-08-15 08:28:35,480 - DEBUG - Joint score for alpha[11]: 0.1299
2025-08-15 08:28:38,992 - DEBUG - Joint score for alpha[12]: 0.1297
2025-08-15 08:28:42,503 - DEBUG - Joint score for alpha[13]: 0.1295
2025-08-15 08:28:46,015 - DEBUG - Joint score for alpha[14]: 0.1300
2025-08-15 08:28:49,528 - DEBUG - Joint score for alpha[15]: 0.1305
2025-08-15 08:28:49,570 - INFO - Step 104/120: mean CRPS=0.1300
2025-08-15 08:28:49,575 - DEBUG - Beginning Gibbs iteration s = 104
2025-08-15 08:28:56,535 - DEBUG - Joint score for alpha[0]: 0.1302
2025-08-15 08:29:00,050 - DEBUG - Joint score for alpha[1]: 0.1304
2025-08-15 08:29:03,561 - DEBUG - Joint score for alpha[2]: 0.1298
2025-08-15 08:29:07,073 - DEBUG - Joint score for alpha[3]: 0.1314
2025-08-15 08:29:10,584 - DEBUG - Joint score for alpha[4]: 0.1288
2025-08-15 08:29:14,096 - DEBUG - Joint score for alpha[5]: 0.1304
2025-08-15 08:29:17,607 - DEBUG - Joint score for alpha[6]: 0.1313
2025-08-15 08:29:21,119 - DEBUG - Joint score for alpha[7]: 0.1309
2025-08-15 08:29:24,630 - DEBUG - Joint score for alpha[8]: 0.1306
2025-08-15 08:29:28,141 - DEBUG - Joint score for alpha[9]: 0.1308
2025-08-15 08:29:31,653 - DEBUG - Joint score for alpha[10]: 0.1305
2025-08-15 08:29:35,166 - DEBUG - Joint score for alpha[11]: 0.1309
2025-08-15 08:29:38,681 - DEBUG - Joint score for alpha[12]: 0.1309
2025-08-15 08:29:42,192 - DEBUG - Joint score for alpha[13]: 0.1296
2025-08-15 08:29:45,704 - DEBUG - Joint score for alpha[14]: 0.1296
2025-08-15 08:29:49,216 - DEBUG - Joint score for alpha[15]: 0.1299
2025-08-15 08:29:55,989 - DEBUG - Joint score for alpha[0]: 0.1316
2025-08-15 08:29:59,504 - DEBUG - Joint score for alpha[1]: 0.1305
2025-08-15 08:30:03,016 - DEBUG - Joint score for alpha[2]: 0.1306
2025-08-15 08:30:06,529 - DEBUG - Joint score for alpha[3]: 0.1302
2025-08-15 08:30:10,039 - DEBUG - Joint score for alpha[4]: 0.1304
2025-08-15 08:30:13,552 - DEBUG - Joint score for alpha[5]: 0.1311
2025-08-15 08:30:17,065 - DEBUG - Joint score for alpha[6]: 0.1304
2025-08-15 08:30:20,576 - DEBUG - Joint score for alpha[7]: 0.1301
2025-08-15 08:30:24,089 - DEBUG - Joint score for alpha[8]: 0.1304
2025-08-15 08:30:27,600 - DEBUG - Joint score for alpha[9]: 0.1306
2025-08-15 08:30:31,111 - DEBUG - Joint score for alpha[10]: 0.1320
2025-08-15 08:30:34,625 - DEBUG - Joint score for alpha[11]: 0.1302
2025-08-15 08:30:38,140 - DEBUG - Joint score for alpha[12]: 0.1300
2025-08-15 08:30:41,654 - DEBUG - Joint score for alpha[13]: 0.1302
2025-08-15 08:30:45,171 - DEBUG - Joint score for alpha[14]: 0.1310
2025-08-15 08:30:48,683 - DEBUG - Joint score for alpha[15]: 0.1304
2025-08-15 08:30:55,407 - DEBUG - Joint score for alpha[0]: 0.1300
2025-08-15 08:30:58,925 - DEBUG - Joint score for alpha[1]: 0.1290
2025-08-15 08:31:02,440 - DEBUG - Joint score for alpha[2]: 0.1301
2025-08-15 08:31:05,956 - DEBUG - Joint score for alpha[3]: 0.1293
2025-08-15 08:31:09,468 - DEBUG - Joint score for alpha[4]: 0.1303
2025-08-15 08:31:12,981 - DEBUG - Joint score for alpha[5]: 0.1302
2025-08-15 08:31:16,493 - DEBUG - Joint score for alpha[6]: 0.1302
2025-08-15 08:31:20,004 - DEBUG - Joint score for alpha[7]: 0.1302
2025-08-15 08:31:23,517 - DEBUG - Joint score for alpha[8]: 0.1302
2025-08-15 08:31:27,029 - DEBUG - Joint score for alpha[9]: 0.1290
2025-08-15 08:31:30,540 - DEBUG - Joint score for alpha[10]: 0.1296
2025-08-15 08:31:34,053 - DEBUG - Joint score for alpha[11]: 0.1296
2025-08-15 08:31:37,566 - DEBUG - Joint score for alpha[12]: 0.1299
2025-08-15 08:31:41,078 - DEBUG - Joint score for alpha[13]: 0.1298
2025-08-15 08:31:44,591 - DEBUG - Joint score for alpha[14]: 0.1305
2025-08-15 08:31:48,101 - DEBUG - Joint score for alpha[15]: 0.1297
2025-08-15 08:31:54,818 - DEBUG - Joint score for alpha[0]: 0.1302
2025-08-15 08:31:58,335 - DEBUG - Joint score for alpha[1]: 0.1297
2025-08-15 08:32:01,849 - DEBUG - Joint score for alpha[2]: 0.1292
2025-08-15 08:32:05,362 - DEBUG - Joint score for alpha[3]: 0.1295
2025-08-15 08:32:08,876 - DEBUG - Joint score for alpha[4]: 0.1301
2025-08-15 08:32:12,389 - DEBUG - Joint score for alpha[5]: 0.1300
2025-08-15 08:32:15,901 - DEBUG - Joint score for alpha[6]: 0.1297
2025-08-15 08:32:19,414 - DEBUG - Joint score for alpha[7]: 0.1296
2025-08-15 08:32:22,926 - DEBUG - Joint score for alpha[8]: 0.1300
2025-08-15 08:32:26,438 - DEBUG - Joint score for alpha[9]: 0.1302
2025-08-15 08:32:29,952 - DEBUG - Joint score for alpha[10]: 0.1303
2025-08-15 08:32:33,465 - DEBUG - Joint score for alpha[11]: 0.1298
2025-08-15 08:32:36,977 - DEBUG - Joint score for alpha[12]: 0.1295
2025-08-15 08:32:40,491 - DEBUG - Joint score for alpha[13]: 0.1295
2025-08-15 08:32:44,003 - DEBUG - Joint score for alpha[14]: 0.1295
2025-08-15 08:32:47,518 - DEBUG - Joint score for alpha[15]: 0.1301
2025-08-15 08:32:54,349 - DEBUG - Joint score for alpha[0]: 0.1300
2025-08-15 08:32:57,866 - DEBUG - Joint score for alpha[1]: 0.1301
2025-08-15 08:33:01,380 - DEBUG - Joint score for alpha[2]: 0.1293
2025-08-15 08:33:04,895 - DEBUG - Joint score for alpha[3]: 0.1290
2025-08-15 08:33:08,407 - DEBUG - Joint score for alpha[4]: 0.1294
2025-08-15 08:33:11,920 - DEBUG - Joint score for alpha[5]: 0.1294
2025-08-15 08:33:15,433 - DEBUG - Joint score for alpha[6]: 0.1299
2025-08-15 08:33:18,946 - DEBUG - Joint score for alpha[7]: 0.1297
2025-08-15 08:33:22,458 - DEBUG - Joint score for alpha[8]: 0.1298
2025-08-15 08:33:25,967 - DEBUG - Joint score for alpha[9]: 0.1294
2025-08-15 08:33:29,479 - DEBUG - Joint score for alpha[10]: 0.1307
2025-08-15 08:33:32,990 - DEBUG - Joint score for alpha[11]: 0.1294
2025-08-15 08:33:36,502 - DEBUG - Joint score for alpha[12]: 0.1285
2025-08-15 08:33:40,014 - DEBUG - Joint score for alpha[13]: 0.1293
2025-08-15 08:33:43,526 - DEBUG - Joint score for alpha[14]: 0.1300
2025-08-15 08:33:47,038 - DEBUG - Joint score for alpha[15]: 0.1290
2025-08-15 08:33:47,080 - INFO - Step 105/120: mean CRPS=0.1302
2025-08-15 08:33:47,085 - DEBUG - Beginning Gibbs iteration s = 105
2025-08-15 08:33:53,859 - DEBUG - Joint score for alpha[0]: 0.1306
2025-08-15 08:33:57,374 - DEBUG - Joint score for alpha[1]: 0.1277
2025-08-15 08:34:00,886 - DEBUG - Joint score for alpha[2]: 0.1284
2025-08-15 08:34:04,397 - DEBUG - Joint score for alpha[3]: 0.1288
2025-08-15 08:34:07,908 - DEBUG - Joint score for alpha[4]: 0.1315
2025-08-15 08:34:11,419 - DEBUG - Joint score for alpha[5]: 0.1310
2025-08-15 08:34:14,931 - DEBUG - Joint score for alpha[6]: 0.1306
2025-08-15 08:34:18,442 - DEBUG - Joint score for alpha[7]: 0.1276
2025-08-15 08:34:21,954 - DEBUG - Joint score for alpha[8]: 0.1314
2025-08-15 08:34:25,466 - DEBUG - Joint score for alpha[9]: 0.1289
2025-08-15 08:34:28,978 - DEBUG - Joint score for alpha[10]: 0.1271
2025-08-15 08:34:32,489 - DEBUG - Joint score for alpha[11]: 0.1298
2025-08-15 08:34:36,003 - DEBUG - Joint score for alpha[12]: 0.1288
2025-08-15 08:34:39,516 - DEBUG - Joint score for alpha[13]: 0.1279
2025-08-15 08:34:43,028 - DEBUG - Joint score for alpha[14]: 0.1311
2025-08-15 08:34:46,542 - DEBUG - Joint score for alpha[15]: 0.1295
2025-08-15 08:34:53,305 - DEBUG - Joint score for alpha[0]: 0.1277
2025-08-15 08:34:56,820 - DEBUG - Joint score for alpha[1]: 0.1289
2025-08-15 08:35:00,333 - DEBUG - Joint score for alpha[2]: 0.1274
2025-08-15 08:35:03,845 - DEBUG - Joint score for alpha[3]: 0.1277
2025-08-15 08:35:07,355 - DEBUG - Joint score for alpha[4]: 0.1279
2025-08-15 08:35:10,867 - DEBUG - Joint score for alpha[5]: 0.1273
2025-08-15 08:35:14,378 - DEBUG - Joint score for alpha[6]: 0.1278
2025-08-15 08:35:17,889 - DEBUG - Joint score for alpha[7]: 0.1280
2025-08-15 08:35:21,398 - DEBUG - Joint score for alpha[8]: 0.1282
2025-08-15 08:35:24,910 - DEBUG - Joint score for alpha[9]: 0.1281
2025-08-15 08:35:28,422 - DEBUG - Joint score for alpha[10]: 0.1269
2025-08-15 08:35:31,935 - DEBUG - Joint score for alpha[11]: 0.1280
2025-08-15 08:35:35,447 - DEBUG - Joint score for alpha[12]: 0.1272
2025-08-15 08:35:38,959 - DEBUG - Joint score for alpha[13]: 0.1274
2025-08-15 08:35:42,470 - DEBUG - Joint score for alpha[14]: 0.1269
2025-08-15 08:35:45,983 - DEBUG - Joint score for alpha[15]: 0.1285
2025-08-15 08:35:52,714 - DEBUG - Joint score for alpha[0]: 0.1277
2025-08-15 08:35:56,233 - DEBUG - Joint score for alpha[1]: 0.1280
2025-08-15 08:35:59,748 - DEBUG - Joint score for alpha[2]: 0.1280
2025-08-15 08:36:03,262 - DEBUG - Joint score for alpha[3]: 0.1271
2025-08-15 08:36:06,772 - DEBUG - Joint score for alpha[4]: 0.1275
2025-08-15 08:36:10,283 - DEBUG - Joint score for alpha[5]: 0.1280
2025-08-15 08:36:13,795 - DEBUG - Joint score for alpha[6]: 0.1275
2025-08-15 08:36:17,307 - DEBUG - Joint score for alpha[7]: 0.1275
2025-08-15 08:36:20,818 - DEBUG - Joint score for alpha[8]: 0.1270
2025-08-15 08:36:24,329 - DEBUG - Joint score for alpha[9]: 0.1273
2025-08-15 08:36:27,842 - DEBUG - Joint score for alpha[10]: 0.1269
2025-08-15 08:36:31,354 - DEBUG - Joint score for alpha[11]: 0.1279
2025-08-15 08:36:34,866 - DEBUG - Joint score for alpha[12]: 0.1278
2025-08-15 08:36:38,378 - DEBUG - Joint score for alpha[13]: 0.1271
2025-08-15 08:36:41,891 - DEBUG - Joint score for alpha[14]: 0.1271
2025-08-15 08:36:45,404 - DEBUG - Joint score for alpha[15]: 0.1273
2025-08-15 08:36:52,162 - DEBUG - Joint score for alpha[0]: 0.1284
2025-08-15 08:36:55,678 - DEBUG - Joint score for alpha[1]: 0.1284
2025-08-15 08:36:59,190 - DEBUG - Joint score for alpha[2]: 0.1279
2025-08-15 08:37:02,702 - DEBUG - Joint score for alpha[3]: 0.1280
2025-08-15 08:37:06,211 - DEBUG - Joint score for alpha[4]: 0.1274
2025-08-15 08:37:09,722 - DEBUG - Joint score for alpha[5]: 0.1286
2025-08-15 08:37:13,234 - DEBUG - Joint score for alpha[6]: 0.1279
2025-08-15 08:37:16,745 - DEBUG - Joint score for alpha[7]: 0.1283
2025-08-15 08:37:20,256 - DEBUG - Joint score for alpha[8]: 0.1284
2025-08-15 08:37:23,769 - DEBUG - Joint score for alpha[9]: 0.1281
2025-08-15 08:37:27,280 - DEBUG - Joint score for alpha[10]: 0.1279
2025-08-15 08:37:30,792 - DEBUG - Joint score for alpha[11]: 0.1280
2025-08-15 08:37:34,305 - DEBUG - Joint score for alpha[12]: 0.1276
2025-08-15 08:37:37,817 - DEBUG - Joint score for alpha[13]: 0.1274
2025-08-15 08:37:41,329 - DEBUG - Joint score for alpha[14]: 0.1279
2025-08-15 08:37:44,841 - DEBUG - Joint score for alpha[15]: 0.1281
2025-08-15 08:37:51,616 - DEBUG - Joint score for alpha[0]: 0.1280
2025-08-15 08:37:55,134 - DEBUG - Joint score for alpha[1]: 0.1287
2025-08-15 08:37:58,645 - DEBUG - Joint score for alpha[2]: 0.1283
2025-08-15 08:38:02,157 - DEBUG - Joint score for alpha[3]: 0.1288
2025-08-15 08:38:05,669 - DEBUG - Joint score for alpha[4]: 0.1284
2025-08-15 08:38:09,182 - DEBUG - Joint score for alpha[5]: 0.1286
2025-08-15 08:38:12,694 - DEBUG - Joint score for alpha[6]: 0.1278
2025-08-15 08:38:16,207 - DEBUG - Joint score for alpha[7]: 0.1289
2025-08-15 08:38:19,718 - DEBUG - Joint score for alpha[8]: 0.1274
2025-08-15 08:38:23,231 - DEBUG - Joint score for alpha[9]: 0.1289
2025-08-15 08:38:26,746 - DEBUG - Joint score for alpha[10]: 0.1278
2025-08-15 08:38:30,260 - DEBUG - Joint score for alpha[11]: 0.1284
2025-08-15 08:38:33,774 - DEBUG - Joint score for alpha[12]: 0.1285
2025-08-15 08:38:37,287 - DEBUG - Joint score for alpha[13]: 0.1276
2025-08-15 08:38:40,802 - DEBUG - Joint score for alpha[14]: 0.1277
2025-08-15 08:38:44,317 - DEBUG - Joint score for alpha[15]: 0.1276
2025-08-15 08:38:44,359 - INFO - Step 106/120: mean CRPS=0.1276
2025-08-15 08:38:44,363 - DEBUG - Beginning Gibbs iteration s = 106
2025-08-15 08:38:51,211 - DEBUG - Joint score for alpha[0]: 0.1271
2025-08-15 08:38:54,728 - DEBUG - Joint score for alpha[1]: 0.1287
2025-08-15 08:38:58,241 - DEBUG - Joint score for alpha[2]: 0.1296
2025-08-15 08:39:01,754 - DEBUG - Joint score for alpha[3]: 0.1276
2025-08-15 08:39:05,266 - DEBUG - Joint score for alpha[4]: 0.1277
2025-08-15 08:39:08,778 - DEBUG - Joint score for alpha[5]: 0.1270
2025-08-15 08:39:12,289 - DEBUG - Joint score for alpha[6]: 0.1298
2025-08-15 08:39:15,801 - DEBUG - Joint score for alpha[7]: 0.1287
2025-08-15 08:39:19,313 - DEBUG - Joint score for alpha[8]: 0.1272
2025-08-15 08:39:24,401 - DEBUG - Joint score for alpha[9]: 0.1262
2025-08-15 08:39:27,917 - DEBUG - Joint score for alpha[10]: 0.1303
2025-08-15 08:39:31,431 - DEBUG - Joint score for alpha[11]: 0.1263
2025-08-15 08:39:34,945 - DEBUG - Joint score for alpha[12]: 0.1293
2025-08-15 08:39:38,458 - DEBUG - Joint score for alpha[13]: 0.1265
2025-08-15 08:39:41,971 - DEBUG - Joint score for alpha[14]: 0.1268
2025-08-15 08:39:45,483 - DEBUG - Joint score for alpha[15]: 0.1285
2025-08-15 08:39:52,300 - DEBUG - Joint score for alpha[0]: 0.1292
2025-08-15 08:39:55,816 - DEBUG - Joint score for alpha[1]: 0.1291
2025-08-15 08:39:59,330 - DEBUG - Joint score for alpha[2]: 0.1285
2025-08-15 08:40:02,843 - DEBUG - Joint score for alpha[3]: 0.1305
2025-08-15 08:40:06,355 - DEBUG - Joint score for alpha[4]: 0.1301
2025-08-15 08:40:09,868 - DEBUG - Joint score for alpha[5]: 0.1293
2025-08-15 08:40:13,380 - DEBUG - Joint score for alpha[6]: 0.1298
2025-08-15 08:40:16,894 - DEBUG - Joint score for alpha[7]: 0.1292
2025-08-15 08:40:20,406 - DEBUG - Joint score for alpha[8]: 0.1287
2025-08-15 08:40:23,916 - DEBUG - Joint score for alpha[9]: 0.1287
2025-08-15 08:40:27,427 - DEBUG - Joint score for alpha[10]: 0.1295
2025-08-15 08:40:30,938 - DEBUG - Joint score for alpha[11]: 0.1292
2025-08-15 08:40:34,451 - DEBUG - Joint score for alpha[12]: 0.1293
2025-08-15 08:40:37,964 - DEBUG - Joint score for alpha[13]: 0.1296
2025-08-15 08:40:41,478 - DEBUG - Joint score for alpha[14]: 0.1294
2025-08-15 08:40:44,991 - DEBUG - Joint score for alpha[15]: 0.1294
2025-08-15 08:40:51,804 - DEBUG - Joint score for alpha[0]: 0.1288
2025-08-15 08:40:55,321 - DEBUG - Joint score for alpha[1]: 0.1282
2025-08-15 08:40:58,833 - DEBUG - Joint score for alpha[2]: 0.1285
2025-08-15 08:41:02,347 - DEBUG - Joint score for alpha[3]: 0.1284
2025-08-15 08:41:05,859 - DEBUG - Joint score for alpha[4]: 0.1285
2025-08-15 08:41:09,372 - DEBUG - Joint score for alpha[5]: 0.1280
2025-08-15 08:41:12,885 - DEBUG - Joint score for alpha[6]: 0.1293
2025-08-15 08:41:16,398 - DEBUG - Joint score for alpha[7]: 0.1292
2025-08-15 08:41:19,911 - DEBUG - Joint score for alpha[8]: 0.1296
2025-08-15 08:41:23,425 - DEBUG - Joint score for alpha[9]: 0.1286
2025-08-15 08:41:26,941 - DEBUG - Joint score for alpha[10]: 0.1283
2025-08-15 08:41:30,455 - DEBUG - Joint score for alpha[11]: 0.1292
2025-08-15 08:41:33,969 - DEBUG - Joint score for alpha[12]: 0.1285
2025-08-15 08:41:37,482 - DEBUG - Joint score for alpha[13]: 0.1290
2025-08-15 08:41:40,996 - DEBUG - Joint score for alpha[14]: 0.1285
2025-08-15 08:41:44,510 - DEBUG - Joint score for alpha[15]: 0.1284
2025-08-15 08:41:51,249 - DEBUG - Joint score for alpha[0]: 0.1276
2025-08-15 08:41:54,769 - DEBUG - Joint score for alpha[1]: 0.1288
2025-08-15 08:41:58,284 - DEBUG - Joint score for alpha[2]: 0.1290
2025-08-15 08:42:01,798 - DEBUG - Joint score for alpha[3]: 0.1287
2025-08-15 08:42:05,311 - DEBUG - Joint score for alpha[4]: 0.1285
2025-08-15 08:42:08,824 - DEBUG - Joint score for alpha[5]: 0.1290
2025-08-15 08:42:12,337 - DEBUG - Joint score for alpha[6]: 0.1287
2025-08-15 08:42:15,850 - DEBUG - Joint score for alpha[7]: 0.1291
2025-08-15 08:42:19,366 - DEBUG - Joint score for alpha[8]: 0.1285
2025-08-15 08:42:22,880 - DEBUG - Joint score for alpha[9]: 0.1288
2025-08-15 08:42:26,394 - DEBUG - Joint score for alpha[10]: 0.1292
2025-08-15 08:42:29,905 - DEBUG - Joint score for alpha[11]: 0.1287
2025-08-15 08:42:33,419 - DEBUG - Joint score for alpha[12]: 0.1284
2025-08-15 08:42:36,932 - DEBUG - Joint score for alpha[13]: 0.1284
2025-08-15 08:42:40,445 - DEBUG - Joint score for alpha[14]: 0.1291
2025-08-15 08:42:43,957 - DEBUG - Joint score for alpha[15]: 0.1287
2025-08-15 08:42:50,717 - DEBUG - Joint score for alpha[0]: 0.1293
2025-08-15 08:42:54,235 - DEBUG - Joint score for alpha[1]: 0.1289
2025-08-15 08:42:57,749 - DEBUG - Joint score for alpha[2]: 0.1290
2025-08-15 08:43:01,262 - DEBUG - Joint score for alpha[3]: 0.1283
2025-08-15 08:43:04,773 - DEBUG - Joint score for alpha[4]: 0.1283
2025-08-15 08:43:08,285 - DEBUG - Joint score for alpha[5]: 0.1292
2025-08-15 08:43:11,796 - DEBUG - Joint score for alpha[6]: 0.1289
2025-08-15 08:43:15,309 - DEBUG - Joint score for alpha[7]: 0.1290
2025-08-15 08:43:18,821 - DEBUG - Joint score for alpha[8]: 0.1292
2025-08-15 08:43:22,334 - DEBUG - Joint score for alpha[9]: 0.1300
2025-08-15 08:43:25,847 - DEBUG - Joint score for alpha[10]: 0.1293
2025-08-15 08:43:29,359 - DEBUG - Joint score for alpha[11]: 0.1292
2025-08-15 08:43:32,872 - DEBUG - Joint score for alpha[12]: 0.1293
2025-08-15 08:43:36,383 - DEBUG - Joint score for alpha[13]: 0.1297
2025-08-15 08:43:39,896 - DEBUG - Joint score for alpha[14]: 0.1292
2025-08-15 08:43:43,409 - DEBUG - Joint score for alpha[15]: 0.1294
2025-08-15 08:43:43,451 - INFO - Step 107/120: mean CRPS=0.1289
2025-08-15 08:43:43,457 - DEBUG - Beginning Gibbs iteration s = 107
2025-08-15 08:43:50,235 - DEBUG - Joint score for alpha[0]: 0.1270
2025-08-15 08:43:53,751 - DEBUG - Joint score for alpha[1]: 0.1291
2025-08-15 08:43:57,262 - DEBUG - Joint score for alpha[2]: 0.1285
2025-08-15 08:44:00,773 - DEBUG - Joint score for alpha[3]: 0.1295
2025-08-15 08:44:04,283 - DEBUG - Joint score for alpha[4]: 0.1277
2025-08-15 08:44:07,795 - DEBUG - Joint score for alpha[5]: 0.1283
2025-08-15 08:44:11,305 - DEBUG - Joint score for alpha[6]: 0.1296
2025-08-15 08:44:14,817 - DEBUG - Joint score for alpha[7]: 0.1284
2025-08-15 08:44:18,327 - DEBUG - Joint score for alpha[8]: 0.1300
2025-08-15 08:44:21,838 - DEBUG - Joint score for alpha[9]: 0.1294
2025-08-15 08:44:25,351 - DEBUG - Joint score for alpha[10]: 0.1286
2025-08-15 08:44:28,863 - DEBUG - Joint score for alpha[11]: 0.1299
2025-08-15 08:44:32,377 - DEBUG - Joint score for alpha[12]: 0.1303
2025-08-15 08:44:35,890 - DEBUG - Joint score for alpha[13]: 0.1292
2025-08-15 08:44:39,406 - DEBUG - Joint score for alpha[14]: 0.1309
2025-08-15 08:44:42,918 - DEBUG - Joint score for alpha[15]: 0.1298
2025-08-15 08:44:49,645 - DEBUG - Joint score for alpha[0]: 0.1282
2025-08-15 08:44:53,161 - DEBUG - Joint score for alpha[1]: 0.1277
2025-08-15 08:44:56,673 - DEBUG - Joint score for alpha[2]: 0.1276
2025-08-15 08:45:00,186 - DEBUG - Joint score for alpha[3]: 0.1269
2025-08-15 08:45:03,698 - DEBUG - Joint score for alpha[4]: 0.1279
2025-08-15 08:45:07,210 - DEBUG - Joint score for alpha[5]: 0.1279
2025-08-15 08:45:10,722 - DEBUG - Joint score for alpha[6]: 0.1275
2025-08-15 08:45:14,234 - DEBUG - Joint score for alpha[7]: 0.1278
2025-08-15 08:45:17,747 - DEBUG - Joint score for alpha[8]: 0.1267
2025-08-15 08:45:21,260 - DEBUG - Joint score for alpha[9]: 0.1269
2025-08-15 08:45:24,771 - DEBUG - Joint score for alpha[10]: 0.1281
2025-08-15 08:45:28,281 - DEBUG - Joint score for alpha[11]: 0.1272
2025-08-15 08:45:31,793 - DEBUG - Joint score for alpha[12]: 0.1275
2025-08-15 08:45:35,305 - DEBUG - Joint score for alpha[13]: 0.1270
2025-08-15 08:45:38,816 - DEBUG - Joint score for alpha[14]: 0.1270
2025-08-15 08:45:42,327 - DEBUG - Joint score for alpha[15]: 0.1262
2025-08-15 08:45:49,087 - DEBUG - Joint score for alpha[0]: 0.1269
2025-08-15 08:45:52,601 - DEBUG - Joint score for alpha[1]: 0.1270
2025-08-15 08:45:56,112 - DEBUG - Joint score for alpha[2]: 0.1271
2025-08-15 08:45:59,624 - DEBUG - Joint score for alpha[3]: 0.1270
2025-08-15 08:46:03,134 - DEBUG - Joint score for alpha[4]: 0.1283
2025-08-15 08:46:06,645 - DEBUG - Joint score for alpha[5]: 0.1273
2025-08-15 08:46:10,155 - DEBUG - Joint score for alpha[6]: 0.1270
2025-08-15 08:46:13,666 - DEBUG - Joint score for alpha[7]: 0.1271
2025-08-15 08:46:17,177 - DEBUG - Joint score for alpha[8]: 0.1267
2025-08-15 08:46:20,689 - DEBUG - Joint score for alpha[9]: 0.1270
2025-08-15 08:46:24,201 - DEBUG - Joint score for alpha[10]: 0.1279
2025-08-15 08:46:27,712 - DEBUG - Joint score for alpha[11]: 0.1273
2025-08-15 08:46:31,224 - DEBUG - Joint score for alpha[12]: 0.1269
2025-08-15 08:46:34,735 - DEBUG - Joint score for alpha[13]: 0.1270
2025-08-15 08:46:38,248 - DEBUG - Joint score for alpha[14]: 0.1268
2025-08-15 08:46:41,758 - DEBUG - Joint score for alpha[15]: 0.1273
2025-08-15 08:46:48,522 - DEBUG - Joint score for alpha[0]: 0.1275
2025-08-15 08:46:52,036 - DEBUG - Joint score for alpha[1]: 0.1272
2025-08-15 08:46:55,547 - DEBUG - Joint score for alpha[2]: 0.1279
2025-08-15 08:46:59,059 - DEBUG - Joint score for alpha[3]: 0.1274
2025-08-15 08:47:02,569 - DEBUG - Joint score for alpha[4]: 0.1266
2025-08-15 08:47:06,080 - DEBUG - Joint score for alpha[5]: 0.1272
2025-08-15 08:47:09,589 - DEBUG - Joint score for alpha[6]: 0.1273
2025-08-15 08:47:13,100 - DEBUG - Joint score for alpha[7]: 0.1281
2025-08-15 08:47:16,610 - DEBUG - Joint score for alpha[8]: 0.1267
2025-08-15 08:47:20,119 - DEBUG - Joint score for alpha[9]: 0.1272
2025-08-15 08:47:23,630 - DEBUG - Joint score for alpha[10]: 0.1272
2025-08-15 08:47:27,141 - DEBUG - Joint score for alpha[11]: 0.1280
2025-08-15 08:47:30,651 - DEBUG - Joint score for alpha[12]: 0.1277
2025-08-15 08:47:34,161 - DEBUG - Joint score for alpha[13]: 0.1271
2025-08-15 08:47:37,671 - DEBUG - Joint score for alpha[14]: 0.1270
2025-08-15 08:47:41,184 - DEBUG - Joint score for alpha[15]: 0.1267
2025-08-15 08:47:47,956 - DEBUG - Joint score for alpha[0]: 0.1280
2025-08-15 08:47:51,471 - DEBUG - Joint score for alpha[1]: 0.1280
2025-08-15 08:47:54,982 - DEBUG - Joint score for alpha[2]: 0.1270
2025-08-15 08:47:58,493 - DEBUG - Joint score for alpha[3]: 0.1268
2025-08-15 08:48:02,004 - DEBUG - Joint score for alpha[4]: 0.1275
2025-08-15 08:48:05,515 - DEBUG - Joint score for alpha[5]: 0.1280
2025-08-15 08:48:09,026 - DEBUG - Joint score for alpha[6]: 0.1279
2025-08-15 08:48:12,538 - DEBUG - Joint score for alpha[7]: 0.1282
2025-08-15 08:48:16,051 - DEBUG - Joint score for alpha[8]: 0.1269
2025-08-15 08:48:19,565 - DEBUG - Joint score for alpha[9]: 0.1271
2025-08-15 08:48:23,081 - DEBUG - Joint score for alpha[10]: 0.1280
2025-08-15 08:48:26,594 - DEBUG - Joint score for alpha[11]: 0.1282
2025-08-15 08:48:30,110 - DEBUG - Joint score for alpha[12]: 0.1281
2025-08-15 08:48:33,623 - DEBUG - Joint score for alpha[13]: 0.1268
2025-08-15 08:48:37,135 - DEBUG - Joint score for alpha[14]: 0.1272
2025-08-15 08:48:40,647 - DEBUG - Joint score for alpha[15]: 0.1272
2025-08-15 08:48:40,689 - INFO - Step 108/120: mean CRPS=0.1276
2025-08-15 08:48:40,696 - DEBUG - Beginning Gibbs iteration s = 108
2025-08-15 08:48:47,450 - DEBUG - Joint score for alpha[0]: 0.1280
2025-08-15 08:48:50,967 - DEBUG - Joint score for alpha[1]: 0.1275
2025-08-15 08:48:54,480 - DEBUG - Joint score for alpha[2]: 0.1277
2025-08-15 08:48:57,993 - DEBUG - Joint score for alpha[3]: 0.1274
2025-08-15 08:49:01,505 - DEBUG - Joint score for alpha[4]: 0.1300
2025-08-15 08:49:05,017 - DEBUG - Joint score for alpha[5]: 0.1280
2025-08-15 08:49:08,529 - DEBUG - Joint score for alpha[6]: 0.1275
2025-08-15 08:49:12,042 - DEBUG - Joint score for alpha[7]: 0.1265
2025-08-15 08:49:15,555 - DEBUG - Joint score for alpha[8]: 0.1278
2025-08-15 08:49:19,067 - DEBUG - Joint score for alpha[9]: 0.1285
2025-08-15 08:49:22,579 - DEBUG - Joint score for alpha[10]: 0.1280
2025-08-15 08:49:26,090 - DEBUG - Joint score for alpha[11]: 0.1261
2025-08-15 08:49:29,602 - DEBUG - Joint score for alpha[12]: 0.1263
2025-08-15 08:49:33,113 - DEBUG - Joint score for alpha[13]: 0.1255
2025-08-15 08:49:36,624 - DEBUG - Joint score for alpha[14]: 0.1259
2025-08-15 08:49:40,138 - DEBUG - Joint score for alpha[15]: 0.1272
2025-08-15 08:49:46,886 - DEBUG - Joint score for alpha[0]: 0.1263
2025-08-15 08:49:50,401 - DEBUG - Joint score for alpha[1]: 0.1268
2025-08-15 08:49:53,913 - DEBUG - Joint score for alpha[2]: 0.1264
2025-08-15 08:49:57,425 - DEBUG - Joint score for alpha[3]: 0.1271
2025-08-15 08:50:00,936 - DEBUG - Joint score for alpha[4]: 0.1273
2025-08-15 08:50:04,449 - DEBUG - Joint score for alpha[5]: 0.1270
2025-08-15 08:50:07,962 - DEBUG - Joint score for alpha[6]: 0.1266
2025-08-15 08:50:11,474 - DEBUG - Joint score for alpha[7]: 0.1273
2025-08-15 08:50:14,986 - DEBUG - Joint score for alpha[8]: 0.1262
2025-08-15 08:50:18,498 - DEBUG - Joint score for alpha[9]: 0.1268
2025-08-15 08:50:22,009 - DEBUG - Joint score for alpha[10]: 0.1269
2025-08-15 08:50:25,520 - DEBUG - Joint score for alpha[11]: 0.1273
2025-08-15 08:50:29,036 - DEBUG - Joint score for alpha[12]: 0.1264
2025-08-15 08:50:32,549 - DEBUG - Joint score for alpha[13]: 0.1266
2025-08-15 08:50:36,062 - DEBUG - Joint score for alpha[14]: 0.1268
2025-08-15 08:50:39,575 - DEBUG - Joint score for alpha[15]: 0.1265
2025-08-15 08:50:46,363 - DEBUG - Joint score for alpha[0]: 0.1272
2025-08-15 08:50:49,879 - DEBUG - Joint score for alpha[1]: 0.1275
2025-08-15 08:50:53,391 - DEBUG - Joint score for alpha[2]: 0.1267
2025-08-15 08:50:56,904 - DEBUG - Joint score for alpha[3]: 0.1272
2025-08-15 08:51:00,414 - DEBUG - Joint score for alpha[4]: 0.1271
2025-08-15 08:51:03,927 - DEBUG - Joint score for alpha[5]: 0.1277
2025-08-15 08:51:07,439 - DEBUG - Joint score for alpha[6]: 0.1259
2025-08-15 08:51:10,950 - DEBUG - Joint score for alpha[7]: 0.1269
2025-08-15 08:51:14,464 - DEBUG - Joint score for alpha[8]: 0.1259
2025-08-15 08:51:17,976 - DEBUG - Joint score for alpha[9]: 0.1269
2025-08-15 08:51:21,487 - DEBUG - Joint score for alpha[10]: 0.1258
2025-08-15 08:51:25,000 - DEBUG - Joint score for alpha[11]: 0.1268
2025-08-15 08:51:28,513 - DEBUG - Joint score for alpha[12]: 0.1264
2025-08-15 08:51:32,026 - DEBUG - Joint score for alpha[13]: 0.1262
2025-08-15 08:51:35,540 - DEBUG - Joint score for alpha[14]: 0.1270
2025-08-15 08:51:39,051 - DEBUG - Joint score for alpha[15]: 0.1270
2025-08-15 08:51:45,844 - DEBUG - Joint score for alpha[0]: 0.1268
2025-08-15 08:51:49,357 - DEBUG - Joint score for alpha[1]: 0.1273
2025-08-15 08:51:52,868 - DEBUG - Joint score for alpha[2]: 0.1275
2025-08-15 08:51:56,379 - DEBUG - Joint score for alpha[3]: 0.1267
2025-08-15 08:51:59,889 - DEBUG - Joint score for alpha[4]: 0.1274
2025-08-15 08:52:03,400 - DEBUG - Joint score for alpha[5]: 0.1279
2025-08-15 08:52:06,911 - DEBUG - Joint score for alpha[6]: 0.1278
2025-08-15 08:52:10,422 - DEBUG - Joint score for alpha[7]: 0.1273
2025-08-15 08:52:13,932 - DEBUG - Joint score for alpha[8]: 0.1275
2025-08-15 08:52:17,444 - DEBUG - Joint score for alpha[9]: 0.1271
2025-08-15 08:52:20,957 - DEBUG - Joint score for alpha[10]: 0.1267
2025-08-15 08:52:24,468 - DEBUG - Joint score for alpha[11]: 0.1272
2025-08-15 08:52:27,980 - DEBUG - Joint score for alpha[12]: 0.1270
2025-08-15 08:52:31,491 - DEBUG - Joint score for alpha[13]: 0.1274
2025-08-15 08:52:35,004 - DEBUG - Joint score for alpha[14]: 0.1269
2025-08-15 08:52:38,518 - DEBUG - Joint score for alpha[15]: 0.1261
2025-08-15 08:52:45,434 - DEBUG - Joint score for alpha[0]: 0.1281
2025-08-15 08:52:48,950 - DEBUG - Joint score for alpha[1]: 0.1282
2025-08-15 08:52:52,461 - DEBUG - Joint score for alpha[2]: 0.1275
2025-08-15 08:52:55,973 - DEBUG - Joint score for alpha[3]: 0.1277
2025-08-15 08:52:59,484 - DEBUG - Joint score for alpha[4]: 0.1288
2025-08-15 08:53:02,998 - DEBUG - Joint score for alpha[5]: 0.1277
2025-08-15 08:53:06,510 - DEBUG - Joint score for alpha[6]: 0.1276
2025-08-15 08:53:10,023 - DEBUG - Joint score for alpha[7]: 0.1280
2025-08-15 08:53:13,535 - DEBUG - Joint score for alpha[8]: 0.1279
2025-08-15 08:53:17,047 - DEBUG - Joint score for alpha[9]: 0.1284
2025-08-15 08:53:20,561 - DEBUG - Joint score for alpha[10]: 0.1279
2025-08-15 08:53:24,074 - DEBUG - Joint score for alpha[11]: 0.1279
2025-08-15 08:53:27,589 - DEBUG - Joint score for alpha[12]: 0.1276
2025-08-15 08:53:31,102 - DEBUG - Joint score for alpha[13]: 0.1278
2025-08-15 08:53:34,616 - DEBUG - Joint score for alpha[14]: 0.1284
2025-08-15 08:53:38,129 - DEBUG - Joint score for alpha[15]: 0.1279
2025-08-15 08:53:38,172 - INFO - Step 109/120: mean CRPS=0.1269
2025-08-15 08:53:38,178 - DEBUG - Beginning Gibbs iteration s = 109
2025-08-15 08:53:44,949 - DEBUG - Joint score for alpha[0]: 0.1293
2025-08-15 08:53:48,464 - DEBUG - Joint score for alpha[1]: 0.1314
2025-08-15 08:53:51,976 - DEBUG - Joint score for alpha[2]: 0.1278
2025-08-15 08:53:55,489 - DEBUG - Joint score for alpha[3]: 0.1271
2025-08-15 08:53:59,001 - DEBUG - Joint score for alpha[4]: 0.1275
2025-08-15 08:54:02,513 - DEBUG - Joint score for alpha[5]: 0.1273
2025-08-15 08:54:06,024 - DEBUG - Joint score for alpha[6]: 0.1301
2025-08-15 08:54:09,536 - DEBUG - Joint score for alpha[7]: 0.1285
2025-08-15 08:54:13,047 - DEBUG - Joint score for alpha[8]: 0.1276
2025-08-15 08:54:16,558 - DEBUG - Joint score for alpha[9]: 0.1279
2025-08-15 08:54:20,071 - DEBUG - Joint score for alpha[10]: 0.1280
2025-08-15 08:54:23,583 - DEBUG - Joint score for alpha[11]: 0.1293
2025-08-15 08:54:27,095 - DEBUG - Joint score for alpha[12]: 0.1286
2025-08-15 08:54:30,606 - DEBUG - Joint score for alpha[13]: 0.1302
2025-08-15 08:54:34,117 - DEBUG - Joint score for alpha[14]: 0.1273
2025-08-15 08:54:37,630 - DEBUG - Joint score for alpha[15]: 0.1286
2025-08-15 08:54:44,383 - DEBUG - Joint score for alpha[0]: 0.1310
2025-08-15 08:54:47,898 - DEBUG - Joint score for alpha[1]: 0.1302
2025-08-15 08:54:51,410 - DEBUG - Joint score for alpha[2]: 0.1311
2025-08-15 08:54:54,922 - DEBUG - Joint score for alpha[3]: 0.1307
2025-08-15 08:54:58,434 - DEBUG - Joint score for alpha[4]: 0.1304
2025-08-15 08:55:01,946 - DEBUG - Joint score for alpha[5]: 0.1315
2025-08-15 08:55:05,457 - DEBUG - Joint score for alpha[6]: 0.1318
2025-08-15 08:55:08,971 - DEBUG - Joint score for alpha[7]: 0.1312
2025-08-15 08:55:12,483 - DEBUG - Joint score for alpha[8]: 0.1313
2025-08-15 08:55:15,997 - DEBUG - Joint score for alpha[9]: 0.1316
2025-08-15 08:55:19,511 - DEBUG - Joint score for alpha[10]: 0.1309
2025-08-15 08:55:23,023 - DEBUG - Joint score for alpha[11]: 0.1309
2025-08-15 08:55:26,533 - DEBUG - Joint score for alpha[12]: 0.1305
2025-08-15 08:55:30,043 - DEBUG - Joint score for alpha[13]: 0.1318
2025-08-15 08:55:33,553 - DEBUG - Joint score for alpha[14]: 0.1308
2025-08-15 08:55:37,068 - DEBUG - Joint score for alpha[15]: 0.1310
2025-08-15 08:55:43,806 - DEBUG - Joint score for alpha[0]: 0.1296
2025-08-15 08:55:47,321 - DEBUG - Joint score for alpha[1]: 0.1307
2025-08-15 08:55:50,833 - DEBUG - Joint score for alpha[2]: 0.1308
2025-08-15 08:55:54,345 - DEBUG - Joint score for alpha[3]: 0.1306
2025-08-15 08:55:57,856 - DEBUG - Joint score for alpha[4]: 0.1303
2025-08-15 08:56:01,368 - DEBUG - Joint score for alpha[5]: 0.1303
2025-08-15 08:56:04,880 - DEBUG - Joint score for alpha[6]: 0.1310
2025-08-15 08:56:08,392 - DEBUG - Joint score for alpha[7]: 0.1303
2025-08-15 08:56:11,905 - DEBUG - Joint score for alpha[8]: 0.1302
2025-08-15 08:56:15,417 - DEBUG - Joint score for alpha[9]: 0.1303
2025-08-15 08:56:18,930 - DEBUG - Joint score for alpha[10]: 0.1308
2025-08-15 08:56:22,443 - DEBUG - Joint score for alpha[11]: 0.1303
2025-08-15 08:56:25,955 - DEBUG - Joint score for alpha[12]: 0.1306
2025-08-15 08:56:29,467 - DEBUG - Joint score for alpha[13]: 0.1307
2025-08-15 08:56:32,979 - DEBUG - Joint score for alpha[14]: 0.1304
2025-08-15 08:56:36,492 - DEBUG - Joint score for alpha[15]: 0.1312
2025-08-15 08:56:43,250 - DEBUG - Joint score for alpha[0]: 0.1314
2025-08-15 08:56:46,765 - DEBUG - Joint score for alpha[1]: 0.1308
2025-08-15 08:56:50,274 - DEBUG - Joint score for alpha[2]: 0.1299
2025-08-15 08:56:53,787 - DEBUG - Joint score for alpha[3]: 0.1306
2025-08-15 08:56:57,297 - DEBUG - Joint score for alpha[4]: 0.1300
2025-08-15 08:57:00,809 - DEBUG - Joint score for alpha[5]: 0.1306
2025-08-15 08:57:04,321 - DEBUG - Joint score for alpha[6]: 0.1299
2025-08-15 08:57:07,834 - DEBUG - Joint score for alpha[7]: 0.1307
2025-08-15 08:57:11,346 - DEBUG - Joint score for alpha[8]: 0.1300
2025-08-15 08:57:14,858 - DEBUG - Joint score for alpha[9]: 0.1311
2025-08-15 08:57:18,374 - DEBUG - Joint score for alpha[10]: 0.1300
2025-08-15 08:57:21,887 - DEBUG - Joint score for alpha[11]: 0.1308
2025-08-15 08:57:25,401 - DEBUG - Joint score for alpha[12]: 0.1308
2025-08-15 08:57:28,911 - DEBUG - Joint score for alpha[13]: 0.1299
2025-08-15 08:57:32,420 - DEBUG - Joint score for alpha[14]: 0.1300
2025-08-15 08:57:35,929 - DEBUG - Joint score for alpha[15]: 0.1301
2025-08-15 08:57:42,814 - DEBUG - Joint score for alpha[0]: 0.1302
2025-08-15 08:57:46,328 - DEBUG - Joint score for alpha[1]: 0.1312
2025-08-15 08:57:49,840 - DEBUG - Joint score for alpha[2]: 0.1301
2025-08-15 08:57:53,352 - DEBUG - Joint score for alpha[3]: 0.1307
2025-08-15 08:57:56,863 - DEBUG - Joint score for alpha[4]: 0.1303
2025-08-15 08:58:00,375 - DEBUG - Joint score for alpha[5]: 0.1295
2025-08-15 08:58:03,886 - DEBUG - Joint score for alpha[6]: 0.1310
2025-08-15 08:58:07,399 - DEBUG - Joint score for alpha[7]: 0.1303
2025-08-15 08:58:10,911 - DEBUG - Joint score for alpha[8]: 0.1302
2025-08-15 08:58:14,424 - DEBUG - Joint score for alpha[9]: 0.1303
2025-08-15 08:58:17,938 - DEBUG - Joint score for alpha[10]: 0.1323
2025-08-15 08:58:21,452 - DEBUG - Joint score for alpha[11]: 0.1306
2025-08-15 08:58:24,965 - DEBUG - Joint score for alpha[12]: 0.1311
2025-08-15 08:58:28,479 - DEBUG - Joint score for alpha[13]: 0.1302
2025-08-15 08:58:31,992 - DEBUG - Joint score for alpha[14]: 0.1299
2025-08-15 08:58:35,505 - DEBUG - Joint score for alpha[15]: 0.1299
2025-08-15 08:58:35,547 - INFO - Step 110/120: mean CRPS=0.1305
2025-08-15 08:58:35,552 - DEBUG - Beginning Gibbs iteration s = 110
2025-08-15 08:58:42,657 - DEBUG - Joint score for alpha[0]: 0.1308
2025-08-15 08:58:46,176 - DEBUG - Joint score for alpha[1]: 0.1290
2025-08-15 08:58:49,689 - DEBUG - Joint score for alpha[2]: 0.1313
2025-08-15 08:58:53,204 - DEBUG - Joint score for alpha[3]: 0.1303
2025-08-15 08:58:56,718 - DEBUG - Joint score for alpha[4]: 0.1303
2025-08-15 08:59:00,233 - DEBUG - Joint score for alpha[5]: 0.1294
2025-08-15 08:59:03,747 - DEBUG - Joint score for alpha[6]: 0.1291
2025-08-15 08:59:07,262 - DEBUG - Joint score for alpha[7]: 0.1318
2025-08-15 08:59:10,776 - DEBUG - Joint score for alpha[8]: 0.1291
2025-08-15 08:59:14,290 - DEBUG - Joint score for alpha[9]: 0.1296
2025-08-15 08:59:17,805 - DEBUG - Joint score for alpha[10]: 0.1295
2025-08-15 08:59:21,318 - DEBUG - Joint score for alpha[11]: 0.1297
2025-08-15 08:59:24,834 - DEBUG - Joint score for alpha[12]: 0.1287
2025-08-15 08:59:28,349 - DEBUG - Joint score for alpha[13]: 0.1310
2025-08-15 08:59:31,863 - DEBUG - Joint score for alpha[14]: 0.1303
2025-08-15 08:59:35,378 - DEBUG - Joint score for alpha[15]: 0.1315
2025-08-15 08:59:42,150 - DEBUG - Joint score for alpha[0]: 0.1306
2025-08-15 08:59:45,666 - DEBUG - Joint score for alpha[1]: 0.1297
2025-08-15 08:59:49,177 - DEBUG - Joint score for alpha[2]: 0.1294
2025-08-15 08:59:52,690 - DEBUG - Joint score for alpha[3]: 0.1303
2025-08-15 08:59:56,200 - DEBUG - Joint score for alpha[4]: 0.1300
2025-08-15 08:59:59,712 - DEBUG - Joint score for alpha[5]: 0.1296
2025-08-15 09:00:03,223 - DEBUG - Joint score for alpha[6]: 0.1291
2025-08-15 09:00:06,735 - DEBUG - Joint score for alpha[7]: 0.1305
2025-08-15 09:00:10,248 - DEBUG - Joint score for alpha[8]: 0.1288
2025-08-15 09:00:13,760 - DEBUG - Joint score for alpha[9]: 0.1295
2025-08-15 09:00:17,273 - DEBUG - Joint score for alpha[10]: 0.1301
2025-08-15 09:00:20,785 - DEBUG - Joint score for alpha[11]: 0.1289
2025-08-15 09:00:24,299 - DEBUG - Joint score for alpha[12]: 0.1300
2025-08-15 09:00:27,813 - DEBUG - Joint score for alpha[13]: 0.1303
2025-08-15 09:00:31,326 - DEBUG - Joint score for alpha[14]: 0.1304
2025-08-15 09:00:34,838 - DEBUG - Joint score for alpha[15]: 0.1292
2025-08-15 09:00:41,593 - DEBUG - Joint score for alpha[0]: 0.1296
2025-08-15 09:00:45,110 - DEBUG - Joint score for alpha[1]: 0.1291
2025-08-15 09:00:48,619 - DEBUG - Joint score for alpha[2]: 0.1295
2025-08-15 09:00:52,129 - DEBUG - Joint score for alpha[3]: 0.1285
2025-08-15 09:00:55,639 - DEBUG - Joint score for alpha[4]: 0.1301
2025-08-15 09:00:59,150 - DEBUG - Joint score for alpha[5]: 0.1295
2025-08-15 09:01:02,660 - DEBUG - Joint score for alpha[6]: 0.1295
2025-08-15 09:01:06,173 - DEBUG - Joint score for alpha[7]: 0.1295
2025-08-15 09:01:09,685 - DEBUG - Joint score for alpha[8]: 0.1295
2025-08-15 09:01:13,198 - DEBUG - Joint score for alpha[9]: 0.1296
2025-08-15 09:01:16,709 - DEBUG - Joint score for alpha[10]: 0.1292
2025-08-15 09:01:20,222 - DEBUG - Joint score for alpha[11]: 0.1294
2025-08-15 09:01:23,734 - DEBUG - Joint score for alpha[12]: 0.1293
2025-08-15 09:01:27,246 - DEBUG - Joint score for alpha[13]: 0.1291
2025-08-15 09:01:30,758 - DEBUG - Joint score for alpha[14]: 0.1298
2025-08-15 09:01:34,271 - DEBUG - Joint score for alpha[15]: 0.1297
2025-08-15 09:01:41,003 - DEBUG - Joint score for alpha[0]: 0.1287
2025-08-15 09:01:44,519 - DEBUG - Joint score for alpha[1]: 0.1302
2025-08-15 09:01:48,031 - DEBUG - Joint score for alpha[2]: 0.1294
2025-08-15 09:01:51,544 - DEBUG - Joint score for alpha[3]: 0.1306
2025-08-15 09:01:55,056 - DEBUG - Joint score for alpha[4]: 0.1300
2025-08-15 09:01:58,568 - DEBUG - Joint score for alpha[5]: 0.1289
2025-08-15 09:02:02,080 - DEBUG - Joint score for alpha[6]: 0.1289
2025-08-15 09:02:05,592 - DEBUG - Joint score for alpha[7]: 0.1290
2025-08-15 09:02:09,104 - DEBUG - Joint score for alpha[8]: 0.1284
2025-08-15 09:02:12,617 - DEBUG - Joint score for alpha[9]: 0.1294
2025-08-15 09:02:16,130 - DEBUG - Joint score for alpha[10]: 0.1296
2025-08-15 09:02:19,644 - DEBUG - Joint score for alpha[11]: 0.1292
2025-08-15 09:02:23,156 - DEBUG - Joint score for alpha[12]: 0.1292
2025-08-15 09:02:26,669 - DEBUG - Joint score for alpha[13]: 0.1297
2025-08-15 09:02:30,182 - DEBUG - Joint score for alpha[14]: 0.1293
2025-08-15 09:02:33,697 - DEBUG - Joint score for alpha[15]: 0.1296
2025-08-15 09:02:40,434 - DEBUG - Joint score for alpha[0]: 0.1292
2025-08-15 09:02:43,951 - DEBUG - Joint score for alpha[1]: 0.1296
2025-08-15 09:02:47,463 - DEBUG - Joint score for alpha[2]: 0.1291
2025-08-15 09:02:50,976 - DEBUG - Joint score for alpha[3]: 0.1290
2025-08-15 09:02:54,487 - DEBUG - Joint score for alpha[4]: 0.1285
2025-08-15 09:02:57,999 - DEBUG - Joint score for alpha[5]: 0.1290
2025-08-15 09:03:01,509 - DEBUG - Joint score for alpha[6]: 0.1294
2025-08-15 09:03:05,019 - DEBUG - Joint score for alpha[7]: 0.1290
2025-08-15 09:03:08,531 - DEBUG - Joint score for alpha[8]: 0.1290
2025-08-15 09:03:12,042 - DEBUG - Joint score for alpha[9]: 0.1290
2025-08-15 09:03:15,553 - DEBUG - Joint score for alpha[10]: 0.1290
2025-08-15 09:03:19,063 - DEBUG - Joint score for alpha[11]: 0.1286
2025-08-15 09:03:22,574 - DEBUG - Joint score for alpha[12]: 0.1286
2025-08-15 09:03:26,086 - DEBUG - Joint score for alpha[13]: 0.1287
2025-08-15 09:03:29,599 - DEBUG - Joint score for alpha[14]: 0.1285
2025-08-15 09:03:33,109 - DEBUG - Joint score for alpha[15]: 0.1287
2025-08-15 09:03:33,151 - INFO - Step 111/120: mean CRPS=0.1299
2025-08-15 09:03:33,156 - DEBUG - Beginning Gibbs iteration s = 111
2025-08-15 09:03:39,990 - DEBUG - Joint score for alpha[0]: 0.1301
2025-08-15 09:03:43,506 - DEBUG - Joint score for alpha[1]: 0.1299
2025-08-15 09:03:47,016 - DEBUG - Joint score for alpha[2]: 0.1304
2025-08-15 09:03:50,528 - DEBUG - Joint score for alpha[3]: 0.1284
2025-08-15 09:03:54,036 - DEBUG - Joint score for alpha[4]: 0.1292
2025-08-15 09:03:57,548 - DEBUG - Joint score for alpha[5]: 0.1300
2025-08-15 09:04:01,058 - DEBUG - Joint score for alpha[6]: 0.1302
2025-08-15 09:04:04,571 - DEBUG - Joint score for alpha[7]: 0.1296
2025-08-15 09:04:08,082 - DEBUG - Joint score for alpha[8]: 0.1315
2025-08-15 09:04:11,593 - DEBUG - Joint score for alpha[9]: 0.1286
2025-08-15 09:04:15,103 - DEBUG - Joint score for alpha[10]: 0.1314
2025-08-15 09:04:18,614 - DEBUG - Joint score for alpha[11]: 0.1301
2025-08-15 09:04:22,124 - DEBUG - Joint score for alpha[12]: 0.1298
2025-08-15 09:04:25,635 - DEBUG - Joint score for alpha[13]: 0.1305
2025-08-15 09:04:29,145 - DEBUG - Joint score for alpha[14]: 0.1294
2025-08-15 09:04:32,656 - DEBUG - Joint score for alpha[15]: 0.1299
2025-08-15 09:04:39,568 - DEBUG - Joint score for alpha[0]: 0.1307
2025-08-15 09:04:43,084 - DEBUG - Joint score for alpha[1]: 0.1311
2025-08-15 09:04:46,598 - DEBUG - Joint score for alpha[2]: 0.1315
2025-08-15 09:04:50,108 - DEBUG - Joint score for alpha[3]: 0.1306
2025-08-15 09:04:53,617 - DEBUG - Joint score for alpha[4]: 0.1310
2025-08-15 09:04:57,128 - DEBUG - Joint score for alpha[5]: 0.1308
2025-08-15 09:05:00,638 - DEBUG - Joint score for alpha[6]: 0.1307
2025-08-15 09:05:04,148 - DEBUG - Joint score for alpha[7]: 0.1302
2025-08-15 09:05:07,660 - DEBUG - Joint score for alpha[8]: 0.1324
2025-08-15 09:05:11,172 - DEBUG - Joint score for alpha[9]: 0.1307
2025-08-15 09:05:14,683 - DEBUG - Joint score for alpha[10]: 0.1311
2025-08-15 09:05:18,194 - DEBUG - Joint score for alpha[11]: 0.1310
2025-08-15 09:05:21,708 - DEBUG - Joint score for alpha[12]: 0.1310
2025-08-15 09:05:25,220 - DEBUG - Joint score for alpha[13]: 0.1320
2025-08-15 09:05:28,732 - DEBUG - Joint score for alpha[14]: 0.1299
2025-08-15 09:05:32,244 - DEBUG - Joint score for alpha[15]: 0.1312
2025-08-15 09:05:39,161 - DEBUG - Joint score for alpha[0]: 0.1307
2025-08-15 09:05:42,677 - DEBUG - Joint score for alpha[1]: 0.1302
2025-08-15 09:05:46,190 - DEBUG - Joint score for alpha[2]: 0.1309
2025-08-15 09:05:49,703 - DEBUG - Joint score for alpha[3]: 0.1307
2025-08-15 09:05:53,216 - DEBUG - Joint score for alpha[4]: 0.1305
2025-08-15 09:05:56,730 - DEBUG - Joint score for alpha[5]: 0.1304
2025-08-15 09:06:00,243 - DEBUG - Joint score for alpha[6]: 0.1306
2025-08-15 09:06:03,757 - DEBUG - Joint score for alpha[7]: 0.1300
2025-08-15 09:06:07,270 - DEBUG - Joint score for alpha[8]: 0.1312
2025-08-15 09:06:10,784 - DEBUG - Joint score for alpha[9]: 0.1315
2025-08-15 09:06:14,298 - DEBUG - Joint score for alpha[10]: 0.1299
2025-08-15 09:06:17,810 - DEBUG - Joint score for alpha[11]: 0.1304
2025-08-15 09:06:21,323 - DEBUG - Joint score for alpha[12]: 0.1315
2025-08-15 09:06:24,835 - DEBUG - Joint score for alpha[13]: 0.1308
2025-08-15 09:06:28,349 - DEBUG - Joint score for alpha[14]: 0.1303
2025-08-15 09:06:31,862 - DEBUG - Joint score for alpha[15]: 0.1307
2025-08-15 09:06:38,611 - DEBUG - Joint score for alpha[0]: 0.1303
2025-08-15 09:06:42,126 - DEBUG - Joint score for alpha[1]: 0.1309
2025-08-15 09:06:45,639 - DEBUG - Joint score for alpha[2]: 0.1303
2025-08-15 09:06:49,150 - DEBUG - Joint score for alpha[3]: 0.1307
2025-08-15 09:06:52,662 - DEBUG - Joint score for alpha[4]: 0.1307
2025-08-15 09:06:56,175 - DEBUG - Joint score for alpha[5]: 0.1303
2025-08-15 09:06:59,685 - DEBUG - Joint score for alpha[6]: 0.1305
2025-08-15 09:07:03,196 - DEBUG - Joint score for alpha[7]: 0.1306
2025-08-15 09:07:06,706 - DEBUG - Joint score for alpha[8]: 0.1300
2025-08-15 09:07:10,217 - DEBUG - Joint score for alpha[9]: 0.1301
2025-08-15 09:07:13,728 - DEBUG - Joint score for alpha[10]: 0.1307
2025-08-15 09:07:17,237 - DEBUG - Joint score for alpha[11]: 0.1297
2025-08-15 09:07:20,747 - DEBUG - Joint score for alpha[12]: 0.1307
2025-08-15 09:07:24,257 - DEBUG - Joint score for alpha[13]: 0.1311
2025-08-15 09:07:27,768 - DEBUG - Joint score for alpha[14]: 0.1305
2025-08-15 09:07:31,279 - DEBUG - Joint score for alpha[15]: 0.1307
2025-08-15 09:07:38,070 - DEBUG - Joint score for alpha[0]: 0.1305
2025-08-15 09:07:41,586 - DEBUG - Joint score for alpha[1]: 0.1315
2025-08-15 09:07:45,100 - DEBUG - Joint score for alpha[2]: 0.1301
2025-08-15 09:07:48,613 - DEBUG - Joint score for alpha[3]: 0.1305
2025-08-15 09:07:52,125 - DEBUG - Joint score for alpha[4]: 0.1313
2025-08-15 09:07:55,636 - DEBUG - Joint score for alpha[5]: 0.1303
2025-08-15 09:07:59,146 - DEBUG - Joint score for alpha[6]: 0.1301
2025-08-15 09:08:02,657 - DEBUG - Joint score for alpha[7]: 0.1308
2025-08-15 09:08:06,167 - DEBUG - Joint score for alpha[8]: 0.1298
2025-08-15 09:08:09,677 - DEBUG - Joint score for alpha[9]: 0.1302
2025-08-15 09:08:13,189 - DEBUG - Joint score for alpha[10]: 0.1313
2025-08-15 09:08:16,699 - DEBUG - Joint score for alpha[11]: 0.1301
2025-08-15 09:08:20,210 - DEBUG - Joint score for alpha[12]: 0.1310
2025-08-15 09:08:23,722 - DEBUG - Joint score for alpha[13]: 0.1298
2025-08-15 09:08:27,232 - DEBUG - Joint score for alpha[14]: 0.1309
2025-08-15 09:08:30,745 - DEBUG - Joint score for alpha[15]: 0.1302
2025-08-15 09:08:30,788 - INFO - Step 112/120: mean CRPS=0.1304
2025-08-15 09:08:30,793 - DEBUG - Beginning Gibbs iteration s = 112
2025-08-15 09:08:37,984 - DEBUG - Joint score for alpha[0]: 0.1313
2025-08-15 09:08:41,499 - DEBUG - Joint score for alpha[1]: 0.1282
2025-08-15 09:08:45,010 - DEBUG - Joint score for alpha[2]: 0.1304
2025-08-15 09:08:48,522 - DEBUG - Joint score for alpha[3]: 0.1280
2025-08-15 09:08:52,032 - DEBUG - Joint score for alpha[4]: 0.1307
2025-08-15 09:08:55,545 - DEBUG - Joint score for alpha[5]: 0.1299
2025-08-15 09:08:59,056 - DEBUG - Joint score for alpha[6]: 0.1287
2025-08-15 09:09:02,567 - DEBUG - Joint score for alpha[7]: 0.1311
2025-08-15 09:09:06,080 - DEBUG - Joint score for alpha[8]: 0.1302
2025-08-15 09:09:09,590 - DEBUG - Joint score for alpha[9]: 0.1303
2025-08-15 09:09:13,101 - DEBUG - Joint score for alpha[10]: 0.1297
2025-08-15 09:09:16,615 - DEBUG - Joint score for alpha[11]: 0.1292
2025-08-15 09:09:20,127 - DEBUG - Joint score for alpha[12]: 0.1310
2025-08-15 09:09:23,639 - DEBUG - Joint score for alpha[13]: 0.1302
2025-08-15 09:09:27,151 - DEBUG - Joint score for alpha[14]: 0.1308
2025-08-15 09:09:30,661 - DEBUG - Joint score for alpha[15]: 0.1296
2025-08-15 09:09:37,422 - DEBUG - Joint score for alpha[0]: 0.1319
2025-08-15 09:09:40,938 - DEBUG - Joint score for alpha[1]: 0.1311
2025-08-15 09:09:44,450 - DEBUG - Joint score for alpha[2]: 0.1304
2025-08-15 09:09:47,964 - DEBUG - Joint score for alpha[3]: 0.1309
2025-08-15 09:09:51,476 - DEBUG - Joint score for alpha[4]: 0.1305
2025-08-15 09:09:54,990 - DEBUG - Joint score for alpha[5]: 0.1307
2025-08-15 09:09:58,501 - DEBUG - Joint score for alpha[6]: 0.1316
2025-08-15 09:10:02,012 - DEBUG - Joint score for alpha[7]: 0.1322
2025-08-15 09:10:05,521 - DEBUG - Joint score for alpha[8]: 0.1320
2025-08-15 09:10:09,032 - DEBUG - Joint score for alpha[9]: 0.1312
2025-08-15 09:10:12,544 - DEBUG - Joint score for alpha[10]: 0.1299
2025-08-15 09:10:16,056 - DEBUG - Joint score for alpha[11]: 0.1311
2025-08-15 09:10:19,569 - DEBUG - Joint score for alpha[12]: 0.1304
2025-08-15 09:10:23,081 - DEBUG - Joint score for alpha[13]: 0.1304
2025-08-15 09:10:26,593 - DEBUG - Joint score for alpha[14]: 0.1311
2025-08-15 09:10:30,108 - DEBUG - Joint score for alpha[15]: 0.1305
2025-08-15 09:10:36,845 - DEBUG - Joint score for alpha[0]: 0.1307
2025-08-15 09:10:40,362 - DEBUG - Joint score for alpha[1]: 0.1308
2025-08-15 09:10:43,876 - DEBUG - Joint score for alpha[2]: 0.1302
2025-08-15 09:10:47,390 - DEBUG - Joint score for alpha[3]: 0.1306
2025-08-15 09:10:50,902 - DEBUG - Joint score for alpha[4]: 0.1310
2025-08-15 09:10:54,416 - DEBUG - Joint score for alpha[5]: 0.1307
2025-08-15 09:10:57,928 - DEBUG - Joint score for alpha[6]: 0.1306
2025-08-15 09:11:01,442 - DEBUG - Joint score for alpha[7]: 0.1303
2025-08-15 09:11:04,958 - DEBUG - Joint score for alpha[8]: 0.1302
2025-08-15 09:11:08,473 - DEBUG - Joint score for alpha[9]: 0.1301
2025-08-15 09:11:11,989 - DEBUG - Joint score for alpha[10]: 0.1303
2025-08-15 09:11:15,504 - DEBUG - Joint score for alpha[11]: 0.1313
2025-08-15 09:11:19,019 - DEBUG - Joint score for alpha[12]: 0.1303
2025-08-15 09:11:22,533 - DEBUG - Joint score for alpha[13]: 0.1304
2025-08-15 09:11:26,046 - DEBUG - Joint score for alpha[14]: 0.1307
2025-08-15 09:11:29,559 - DEBUG - Joint score for alpha[15]: 0.1297
2025-08-15 09:11:36,461 - DEBUG - Joint score for alpha[0]: 0.1311
2025-08-15 09:11:39,977 - DEBUG - Joint score for alpha[1]: 0.1304
2025-08-15 09:11:43,490 - DEBUG - Joint score for alpha[2]: 0.1306
2025-08-15 09:11:47,002 - DEBUG - Joint score for alpha[3]: 0.1305
2025-08-15 09:11:50,514 - DEBUG - Joint score for alpha[4]: 0.1309
2025-08-15 09:11:54,027 - DEBUG - Joint score for alpha[5]: 0.1309
2025-08-15 09:11:57,541 - DEBUG - Joint score for alpha[6]: 0.1313
2025-08-15 09:12:01,054 - DEBUG - Joint score for alpha[7]: 0.1308
2025-08-15 09:12:04,566 - DEBUG - Joint score for alpha[8]: 0.1305
2025-08-15 09:12:08,079 - DEBUG - Joint score for alpha[9]: 0.1307
2025-08-15 09:12:11,593 - DEBUG - Joint score for alpha[10]: 0.1313
2025-08-15 09:12:15,106 - DEBUG - Joint score for alpha[11]: 0.1308
2025-08-15 09:12:18,618 - DEBUG - Joint score for alpha[12]: 0.1304
2025-08-15 09:12:22,131 - DEBUG - Joint score for alpha[13]: 0.1314
2025-08-15 09:12:25,644 - DEBUG - Joint score for alpha[14]: 0.1303
2025-08-15 09:12:29,158 - DEBUG - Joint score for alpha[15]: 0.1300
2025-08-15 09:12:36,094 - DEBUG - Joint score for alpha[0]: 0.1311
2025-08-15 09:12:39,611 - DEBUG - Joint score for alpha[1]: 0.1305
2025-08-15 09:12:43,123 - DEBUG - Joint score for alpha[2]: 0.1304
2025-08-15 09:12:46,635 - DEBUG - Joint score for alpha[3]: 0.1314
2025-08-15 09:12:50,146 - DEBUG - Joint score for alpha[4]: 0.1313
2025-08-15 09:12:53,659 - DEBUG - Joint score for alpha[5]: 0.1310
2025-08-15 09:12:57,172 - DEBUG - Joint score for alpha[6]: 0.1306
2025-08-15 09:13:00,683 - DEBUG - Joint score for alpha[7]: 0.1311
2025-08-15 09:13:04,196 - DEBUG - Joint score for alpha[8]: 0.1314
2025-08-15 09:13:07,708 - DEBUG - Joint score for alpha[9]: 0.1308
2025-08-15 09:13:11,222 - DEBUG - Joint score for alpha[10]: 0.1309
2025-08-15 09:13:14,736 - DEBUG - Joint score for alpha[11]: 0.1314
2025-08-15 09:13:18,250 - DEBUG - Joint score for alpha[12]: 0.1316
2025-08-15 09:13:21,764 - DEBUG - Joint score for alpha[13]: 0.1311
2025-08-15 09:13:25,279 - DEBUG - Joint score for alpha[14]: 0.1313
2025-08-15 09:13:28,794 - DEBUG - Joint score for alpha[15]: 0.1312
2025-08-15 09:13:28,836 - INFO - Step 113/120: mean CRPS=0.1306
2025-08-15 09:13:28,916 - DEBUG - Beginning Gibbs iteration s = 113
2025-08-15 09:13:35,763 - DEBUG - Joint score for alpha[0]: 0.1311
2025-08-15 09:13:39,281 - DEBUG - Joint score for alpha[1]: 0.1295
2025-08-15 09:13:42,796 - DEBUG - Joint score for alpha[2]: 0.1332
2025-08-15 09:13:46,311 - DEBUG - Joint score for alpha[3]: 0.1294
2025-08-15 09:13:49,825 - DEBUG - Joint score for alpha[4]: 0.1300
2025-08-15 09:13:53,340 - DEBUG - Joint score for alpha[5]: 0.1307
2025-08-15 09:13:56,854 - DEBUG - Joint score for alpha[6]: 0.1296
2025-08-15 09:14:00,367 - DEBUG - Joint score for alpha[7]: 0.1289
2025-08-15 09:14:03,881 - DEBUG - Joint score for alpha[8]: 0.1314
2025-08-15 09:14:07,395 - DEBUG - Joint score for alpha[9]: 0.1294
2025-08-15 09:14:10,910 - DEBUG - Joint score for alpha[10]: 0.1305
2025-08-15 09:14:14,424 - DEBUG - Joint score for alpha[11]: 0.1306
2025-08-15 09:14:17,938 - DEBUG - Joint score for alpha[12]: 0.1334
2025-08-15 09:14:21,451 - DEBUG - Joint score for alpha[13]: 0.1309
2025-08-15 09:14:24,963 - DEBUG - Joint score for alpha[14]: 0.1310
2025-08-15 09:14:28,475 - DEBUG - Joint score for alpha[15]: 0.1294
2025-08-15 09:14:35,230 - DEBUG - Joint score for alpha[0]: 0.1297
2025-08-15 09:14:38,749 - DEBUG - Joint score for alpha[1]: 0.1305
2025-08-15 09:14:42,263 - DEBUG - Joint score for alpha[2]: 0.1306
2025-08-15 09:14:45,774 - DEBUG - Joint score for alpha[3]: 0.1298
2025-08-15 09:14:49,285 - DEBUG - Joint score for alpha[4]: 0.1300
2025-08-15 09:14:52,797 - DEBUG - Joint score for alpha[5]: 0.1297
2025-08-15 09:14:56,308 - DEBUG - Joint score for alpha[6]: 0.1301
2025-08-15 09:14:59,820 - DEBUG - Joint score for alpha[7]: 0.1310
2025-08-15 09:15:03,332 - DEBUG - Joint score for alpha[8]: 0.1311
2025-08-15 09:15:06,843 - DEBUG - Joint score for alpha[9]: 0.1301
2025-08-15 09:15:10,355 - DEBUG - Joint score for alpha[10]: 0.1305
2025-08-15 09:15:13,868 - DEBUG - Joint score for alpha[11]: 0.1309
2025-08-15 09:15:17,382 - DEBUG - Joint score for alpha[12]: 0.1301
2025-08-15 09:15:20,894 - DEBUG - Joint score for alpha[13]: 0.1304
2025-08-15 09:15:24,406 - DEBUG - Joint score for alpha[14]: 0.1307
2025-08-15 09:15:27,919 - DEBUG - Joint score for alpha[15]: 0.1308
2025-08-15 09:15:34,673 - DEBUG - Joint score for alpha[0]: 0.1298
2025-08-15 09:15:38,189 - DEBUG - Joint score for alpha[1]: 0.1302
2025-08-15 09:15:41,701 - DEBUG - Joint score for alpha[2]: 0.1307
2025-08-15 09:15:45,215 - DEBUG - Joint score for alpha[3]: 0.1297
2025-08-15 09:15:48,727 - DEBUG - Joint score for alpha[4]: 0.1302
2025-08-15 09:15:52,241 - DEBUG - Joint score for alpha[5]: 0.1298
2025-08-15 09:15:55,753 - DEBUG - Joint score for alpha[6]: 0.1309
2025-08-15 09:15:59,266 - DEBUG - Joint score for alpha[7]: 0.1305
2025-08-15 09:16:02,780 - DEBUG - Joint score for alpha[8]: 0.1294
2025-08-15 09:16:06,293 - DEBUG - Joint score for alpha[9]: 0.1303
2025-08-15 09:16:09,807 - DEBUG - Joint score for alpha[10]: 0.1308
2025-08-15 09:16:13,324 - DEBUG - Joint score for alpha[11]: 0.1297
2025-08-15 09:16:16,839 - DEBUG - Joint score for alpha[12]: 0.1297
2025-08-15 09:16:20,355 - DEBUG - Joint score for alpha[13]: 0.1304
2025-08-15 09:16:23,870 - DEBUG - Joint score for alpha[14]: 0.1299
2025-08-15 09:16:27,382 - DEBUG - Joint score for alpha[15]: 0.1306
2025-08-15 09:16:34,183 - DEBUG - Joint score for alpha[0]: 0.1302
2025-08-15 09:16:37,702 - DEBUG - Joint score for alpha[1]: 0.1292
2025-08-15 09:16:41,217 - DEBUG - Joint score for alpha[2]: 0.1297
2025-08-15 09:16:44,733 - DEBUG - Joint score for alpha[3]: 0.1291
2025-08-15 09:16:48,248 - DEBUG - Joint score for alpha[4]: 0.1301
2025-08-15 09:16:51,763 - DEBUG - Joint score for alpha[5]: 0.1290
2025-08-15 09:16:55,278 - DEBUG - Joint score for alpha[6]: 0.1306
2025-08-15 09:16:58,793 - DEBUG - Joint score for alpha[7]: 0.1302
2025-08-15 09:17:02,309 - DEBUG - Joint score for alpha[8]: 0.1297
2025-08-15 09:17:05,823 - DEBUG - Joint score for alpha[9]: 0.1293
2025-08-15 09:17:09,338 - DEBUG - Joint score for alpha[10]: 0.1291
2025-08-15 09:17:12,851 - DEBUG - Joint score for alpha[11]: 0.1301
2025-08-15 09:17:16,365 - DEBUG - Joint score for alpha[12]: 0.1294
2025-08-15 09:17:19,880 - DEBUG - Joint score for alpha[13]: 0.1295
2025-08-15 09:17:23,395 - DEBUG - Joint score for alpha[14]: 0.1305
2025-08-15 09:17:26,910 - DEBUG - Joint score for alpha[15]: 0.1304
2025-08-15 09:17:33,675 - DEBUG - Joint score for alpha[0]: 0.1304
2025-08-15 09:17:37,194 - DEBUG - Joint score for alpha[1]: 0.1300
2025-08-15 09:17:40,708 - DEBUG - Joint score for alpha[2]: 0.1294
2025-08-15 09:17:44,224 - DEBUG - Joint score for alpha[3]: 0.1301
2025-08-15 09:17:47,737 - DEBUG - Joint score for alpha[4]: 0.1311
2025-08-15 09:17:51,252 - DEBUG - Joint score for alpha[5]: 0.1303
2025-08-15 09:17:54,766 - DEBUG - Joint score for alpha[6]: 0.1296
2025-08-15 09:17:58,280 - DEBUG - Joint score for alpha[7]: 0.1295
2025-08-15 09:18:01,793 - DEBUG - Joint score for alpha[8]: 0.1297
2025-08-15 09:18:05,305 - DEBUG - Joint score for alpha[9]: 0.1299
2025-08-15 09:18:08,821 - DEBUG - Joint score for alpha[10]: 0.1291
2025-08-15 09:18:12,333 - DEBUG - Joint score for alpha[11]: 0.1299
2025-08-15 09:18:15,847 - DEBUG - Joint score for alpha[12]: 0.1295
2025-08-15 09:18:19,362 - DEBUG - Joint score for alpha[13]: 0.1301
2025-08-15 09:18:22,877 - DEBUG - Joint score for alpha[14]: 0.1291
2025-08-15 09:18:26,390 - DEBUG - Joint score for alpha[15]: 0.1299
2025-08-15 09:18:26,432 - INFO - Step 114/120: mean CRPS=0.1302
2025-08-15 09:18:27,518 - DEBUG - Beginning Gibbs iteration s = 114
2025-08-15 09:18:34,827 - DEBUG - Joint score for alpha[0]: 0.1311
2025-08-15 09:18:38,342 - DEBUG - Joint score for alpha[1]: 0.1293
2025-08-15 09:18:41,854 - DEBUG - Joint score for alpha[2]: 0.1288
2025-08-15 09:18:45,365 - DEBUG - Joint score for alpha[3]: 0.1323
2025-08-15 09:18:48,875 - DEBUG - Joint score for alpha[4]: 0.1305
2025-08-15 09:18:52,387 - DEBUG - Joint score for alpha[5]: 0.1295
2025-08-15 09:18:55,897 - DEBUG - Joint score for alpha[6]: 0.1317
2025-08-15 09:18:59,409 - DEBUG - Joint score for alpha[7]: 0.1300
2025-08-15 09:19:02,922 - DEBUG - Joint score for alpha[8]: 0.1284
2025-08-15 09:19:06,434 - DEBUG - Joint score for alpha[9]: 0.1282
2025-08-15 09:19:09,949 - DEBUG - Joint score for alpha[10]: 0.1274
2025-08-15 09:19:13,462 - DEBUG - Joint score for alpha[11]: 0.1297
2025-08-15 09:19:16,975 - DEBUG - Joint score for alpha[12]: 0.1314
2025-08-15 09:19:20,489 - DEBUG - Joint score for alpha[13]: 0.1314
2025-08-15 09:19:24,003 - DEBUG - Joint score for alpha[14]: 0.1302
2025-08-15 09:19:27,519 - DEBUG - Joint score for alpha[15]: 0.1296
2025-08-15 09:19:34,246 - DEBUG - Joint score for alpha[0]: 0.1326
2025-08-15 09:19:37,760 - DEBUG - Joint score for alpha[1]: 0.1323
2025-08-15 09:19:41,272 - DEBUG - Joint score for alpha[2]: 0.1321
2025-08-15 09:19:44,784 - DEBUG - Joint score for alpha[3]: 0.1319
2025-08-15 09:19:48,294 - DEBUG - Joint score for alpha[4]: 0.1319
2025-08-15 09:19:51,806 - DEBUG - Joint score for alpha[5]: 0.1328
2025-08-15 09:19:55,317 - DEBUG - Joint score for alpha[6]: 0.1332
2025-08-15 09:19:58,827 - DEBUG - Joint score for alpha[7]: 0.1322
2025-08-15 09:20:02,337 - DEBUG - Joint score for alpha[8]: 0.1325
2025-08-15 09:20:05,847 - DEBUG - Joint score for alpha[9]: 0.1317
2025-08-15 09:20:09,356 - DEBUG - Joint score for alpha[10]: 0.1325
2025-08-15 09:20:12,866 - DEBUG - Joint score for alpha[11]: 0.1323
2025-08-15 09:20:16,375 - DEBUG - Joint score for alpha[12]: 0.1324
2025-08-15 09:20:19,883 - DEBUG - Joint score for alpha[13]: 0.1323
2025-08-15 09:20:23,394 - DEBUG - Joint score for alpha[14]: 0.1319
2025-08-15 09:20:26,904 - DEBUG - Joint score for alpha[15]: 0.1317
2025-08-15 09:20:33,664 - DEBUG - Joint score for alpha[0]: 0.1321
2025-08-15 09:20:37,177 - DEBUG - Joint score for alpha[1]: 0.1326
2025-08-15 09:20:40,686 - DEBUG - Joint score for alpha[2]: 0.1326
2025-08-15 09:20:44,195 - DEBUG - Joint score for alpha[3]: 0.1321
2025-08-15 09:20:47,702 - DEBUG - Joint score for alpha[4]: 0.1323
2025-08-15 09:20:51,211 - DEBUG - Joint score for alpha[5]: 0.1324
2025-08-15 09:20:54,720 - DEBUG - Joint score for alpha[6]: 0.1332
2025-08-15 09:20:58,230 - DEBUG - Joint score for alpha[7]: 0.1330
2025-08-15 09:21:01,739 - DEBUG - Joint score for alpha[8]: 0.1328
2025-08-15 09:21:05,249 - DEBUG - Joint score for alpha[9]: 0.1321
2025-08-15 09:21:08,759 - DEBUG - Joint score for alpha[10]: 0.1323
2025-08-15 09:21:12,268 - DEBUG - Joint score for alpha[11]: 0.1324
2025-08-15 09:21:15,777 - DEBUG - Joint score for alpha[12]: 0.1323
2025-08-15 09:21:19,287 - DEBUG - Joint score for alpha[13]: 0.1327
2025-08-15 09:21:22,795 - DEBUG - Joint score for alpha[14]: 0.1319
2025-08-15 09:21:26,306 - DEBUG - Joint score for alpha[15]: 0.1326
2025-08-15 09:21:33,059 - DEBUG - Joint score for alpha[0]: 0.1321
2025-08-15 09:21:36,570 - DEBUG - Joint score for alpha[1]: 0.1337
2025-08-15 09:21:40,079 - DEBUG - Joint score for alpha[2]: 0.1320
2025-08-15 09:21:43,588 - DEBUG - Joint score for alpha[3]: 0.1314
2025-08-15 09:21:47,095 - DEBUG - Joint score for alpha[4]: 0.1323
2025-08-15 09:21:50,603 - DEBUG - Joint score for alpha[5]: 0.1315
2025-08-15 09:21:54,111 - DEBUG - Joint score for alpha[6]: 0.1327
2025-08-15 09:21:57,619 - DEBUG - Joint score for alpha[7]: 0.1316
2025-08-15 09:22:01,128 - DEBUG - Joint score for alpha[8]: 0.1311
2025-08-15 09:22:04,635 - DEBUG - Joint score for alpha[9]: 0.1319
2025-08-15 09:22:08,143 - DEBUG - Joint score for alpha[10]: 0.1312
2025-08-15 09:22:11,652 - DEBUG - Joint score for alpha[11]: 0.1334
2025-08-15 09:22:15,159 - DEBUG - Joint score for alpha[12]: 0.1321
2025-08-15 09:22:18,667 - DEBUG - Joint score for alpha[13]: 0.1321
2025-08-15 09:22:22,177 - DEBUG - Joint score for alpha[14]: 0.1323
2025-08-15 09:22:25,687 - DEBUG - Joint score for alpha[15]: 0.1324
2025-08-15 09:22:32,537 - DEBUG - Joint score for alpha[0]: 0.1312
2025-08-15 09:22:36,051 - DEBUG - Joint score for alpha[1]: 0.1313
2025-08-15 09:22:39,561 - DEBUG - Joint score for alpha[2]: 0.1314
2025-08-15 09:22:43,072 - DEBUG - Joint score for alpha[3]: 0.1318
2025-08-15 09:22:46,581 - DEBUG - Joint score for alpha[4]: 0.1315
2025-08-15 09:22:50,089 - DEBUG - Joint score for alpha[5]: 0.1321
2025-08-15 09:22:53,598 - DEBUG - Joint score for alpha[6]: 0.1314
2025-08-15 09:22:57,160 - DEBUG - Joint score for alpha[7]: 0.1321
2025-08-15 09:23:00,670 - DEBUG - Joint score for alpha[8]: 0.1313
2025-08-15 09:23:04,177 - DEBUG - Joint score for alpha[9]: 0.1319
2025-08-15 09:23:07,687 - DEBUG - Joint score for alpha[10]: 0.1314
2025-08-15 09:23:11,196 - DEBUG - Joint score for alpha[11]: 0.1322
2025-08-15 09:23:14,706 - DEBUG - Joint score for alpha[12]: 0.1317
2025-08-15 09:23:18,217 - DEBUG - Joint score for alpha[13]: 0.1312
2025-08-15 09:23:21,728 - DEBUG - Joint score for alpha[14]: 0.1320
2025-08-15 09:23:25,239 - DEBUG - Joint score for alpha[15]: 0.1311
2025-08-15 09:23:25,281 - INFO - Step 115/120: mean CRPS=0.1318
2025-08-15 09:23:25,291 - DEBUG - Beginning Gibbs iteration s = 115
2025-08-15 09:23:32,227 - DEBUG - Joint score for alpha[0]: 0.1308
2025-08-15 09:23:35,741 - DEBUG - Joint score for alpha[1]: 0.1330
2025-08-15 09:23:39,250 - DEBUG - Joint score for alpha[2]: 0.1321
2025-08-15 09:23:42,760 - DEBUG - Joint score for alpha[3]: 0.1322
2025-08-15 09:23:46,269 - DEBUG - Joint score for alpha[4]: 0.1318
2025-08-15 09:23:49,781 - DEBUG - Joint score for alpha[5]: 0.1313
2025-08-15 09:23:53,290 - DEBUG - Joint score for alpha[6]: 0.1312
2025-08-15 09:23:56,799 - DEBUG - Joint score for alpha[7]: 0.1312
2025-08-15 09:24:00,310 - DEBUG - Joint score for alpha[8]: 0.1284
2025-08-15 09:24:03,821 - DEBUG - Joint score for alpha[9]: 0.1328
2025-08-15 09:24:07,331 - DEBUG - Joint score for alpha[10]: 0.1324
2025-08-15 09:24:10,842 - DEBUG - Joint score for alpha[11]: 0.1319
2025-08-15 09:24:14,353 - DEBUG - Joint score for alpha[12]: 0.1312
2025-08-15 09:24:17,862 - DEBUG - Joint score for alpha[13]: 0.1302
2025-08-15 09:24:21,371 - DEBUG - Joint score for alpha[14]: 0.1336
2025-08-15 09:24:24,879 - DEBUG - Joint score for alpha[15]: 0.1332
2025-08-15 09:24:31,736 - DEBUG - Joint score for alpha[0]: 0.1294
2025-08-15 09:24:35,249 - DEBUG - Joint score for alpha[1]: 0.1292
2025-08-15 09:24:38,760 - DEBUG - Joint score for alpha[2]: 0.1283
2025-08-15 09:24:42,271 - DEBUG - Joint score for alpha[3]: 0.1295
2025-08-15 09:24:45,780 - DEBUG - Joint score for alpha[4]: 0.1290
2025-08-15 09:24:49,291 - DEBUG - Joint score for alpha[5]: 0.1290
2025-08-15 09:24:52,801 - DEBUG - Joint score for alpha[6]: 0.1299
2025-08-15 09:24:56,311 - DEBUG - Joint score for alpha[7]: 0.1295
2025-08-15 09:24:59,822 - DEBUG - Joint score for alpha[8]: 0.1290
2025-08-15 09:25:03,333 - DEBUG - Joint score for alpha[9]: 0.1292
2025-08-15 09:25:06,844 - DEBUG - Joint score for alpha[10]: 0.1294
2025-08-15 09:25:10,358 - DEBUG - Joint score for alpha[11]: 0.1286
2025-08-15 09:25:13,870 - DEBUG - Joint score for alpha[12]: 0.1298
2025-08-15 09:25:17,382 - DEBUG - Joint score for alpha[13]: 0.1292
2025-08-15 09:25:20,893 - DEBUG - Joint score for alpha[14]: 0.1301
2025-08-15 09:25:24,405 - DEBUG - Joint score for alpha[15]: 0.1287
2025-08-15 09:25:31,332 - DEBUG - Joint score for alpha[0]: 0.1294
2025-08-15 09:25:34,845 - DEBUG - Joint score for alpha[1]: 0.1299
2025-08-15 09:25:38,356 - DEBUG - Joint score for alpha[2]: 0.1298
2025-08-15 09:25:41,866 - DEBUG - Joint score for alpha[3]: 0.1291
2025-08-15 09:25:45,376 - DEBUG - Joint score for alpha[4]: 0.1285
2025-08-15 09:25:48,886 - DEBUG - Joint score for alpha[5]: 0.1300
2025-08-15 09:25:52,396 - DEBUG - Joint score for alpha[6]: 0.1289
2025-08-15 09:25:55,906 - DEBUG - Joint score for alpha[7]: 0.1283
2025-08-15 09:25:59,417 - DEBUG - Joint score for alpha[8]: 0.1297
2025-08-15 09:26:02,929 - DEBUG - Joint score for alpha[9]: 0.1296
2025-08-15 09:26:06,441 - DEBUG - Joint score for alpha[10]: 0.1287
2025-08-15 09:26:09,953 - DEBUG - Joint score for alpha[11]: 0.1292
2025-08-15 09:26:13,465 - DEBUG - Joint score for alpha[12]: 0.1292
2025-08-15 09:26:16,977 - DEBUG - Joint score for alpha[13]: 0.1287
2025-08-15 09:26:20,490 - DEBUG - Joint score for alpha[14]: 0.1287
2025-08-15 09:26:24,000 - DEBUG - Joint score for alpha[15]: 0.1291
2025-08-15 09:26:30,766 - DEBUG - Joint score for alpha[0]: 0.1298
2025-08-15 09:26:34,280 - DEBUG - Joint score for alpha[1]: 0.1281
2025-08-15 09:26:37,792 - DEBUG - Joint score for alpha[2]: 0.1286
2025-08-15 09:26:41,305 - DEBUG - Joint score for alpha[3]: 0.1298
2025-08-15 09:26:44,816 - DEBUG - Joint score for alpha[4]: 0.1291
2025-08-15 09:26:48,328 - DEBUG - Joint score for alpha[5]: 0.1299
2025-08-15 09:26:51,841 - DEBUG - Joint score for alpha[6]: 0.1298
2025-08-15 09:26:55,353 - DEBUG - Joint score for alpha[7]: 0.1294
2025-08-15 09:26:58,866 - DEBUG - Joint score for alpha[8]: 0.1290
2025-08-15 09:27:02,378 - DEBUG - Joint score for alpha[9]: 0.1303
2025-08-15 09:27:05,894 - DEBUG - Joint score for alpha[10]: 0.1292
2025-08-15 09:27:09,406 - DEBUG - Joint score for alpha[11]: 0.1289
2025-08-15 09:27:12,919 - DEBUG - Joint score for alpha[12]: 0.1292
2025-08-15 09:27:16,432 - DEBUG - Joint score for alpha[13]: 0.1297
2025-08-15 09:27:19,946 - DEBUG - Joint score for alpha[14]: 0.1297
2025-08-15 09:27:23,460 - DEBUG - Joint score for alpha[15]: 0.1289
2025-08-15 09:27:30,255 - DEBUG - Joint score for alpha[0]: 0.1285
2025-08-15 09:27:33,772 - DEBUG - Joint score for alpha[1]: 0.1283
2025-08-15 09:27:37,286 - DEBUG - Joint score for alpha[2]: 0.1283
2025-08-15 09:27:40,801 - DEBUG - Joint score for alpha[3]: 0.1289
2025-08-15 09:27:44,314 - DEBUG - Joint score for alpha[4]: 0.1294
2025-08-15 09:27:47,829 - DEBUG - Joint score for alpha[5]: 0.1290
2025-08-15 09:27:51,342 - DEBUG - Joint score for alpha[6]: 0.1295
2025-08-15 09:27:54,857 - DEBUG - Joint score for alpha[7]: 0.1285
2025-08-15 09:27:58,371 - DEBUG - Joint score for alpha[8]: 0.1286
2025-08-15 09:28:01,885 - DEBUG - Joint score for alpha[9]: 0.1286
2025-08-15 09:28:05,399 - DEBUG - Joint score for alpha[10]: 0.1287
2025-08-15 09:28:08,910 - DEBUG - Joint score for alpha[11]: 0.1287
2025-08-15 09:28:12,424 - DEBUG - Joint score for alpha[12]: 0.1287
2025-08-15 09:28:15,935 - DEBUG - Joint score for alpha[13]: 0.1287
2025-08-15 09:28:19,447 - DEBUG - Joint score for alpha[14]: 0.1292
2025-08-15 09:28:22,959 - DEBUG - Joint score for alpha[15]: 0.1290
2025-08-15 09:28:23,002 - INFO - Step 116/120: mean CRPS=0.1292
2025-08-15 09:28:23,007 - DEBUG - Beginning Gibbs iteration s = 116
2025-08-15 09:28:29,971 - DEBUG - Joint score for alpha[0]: 0.1303
2025-08-15 09:28:33,487 - DEBUG - Joint score for alpha[1]: 0.1284
2025-08-15 09:28:37,001 - DEBUG - Joint score for alpha[2]: 0.1284
2025-08-15 09:28:40,515 - DEBUG - Joint score for alpha[3]: 0.1286
2025-08-15 09:28:44,029 - DEBUG - Joint score for alpha[4]: 0.1302
2025-08-15 09:28:47,543 - DEBUG - Joint score for alpha[5]: 0.1297
2025-08-15 09:28:51,057 - DEBUG - Joint score for alpha[6]: 0.1300
2025-08-15 09:28:54,570 - DEBUG - Joint score for alpha[7]: 0.1285
2025-08-15 09:28:58,083 - DEBUG - Joint score for alpha[8]: 0.1295
2025-08-15 09:29:01,597 - DEBUG - Joint score for alpha[9]: 0.1290
2025-08-15 09:29:05,111 - DEBUG - Joint score for alpha[10]: 0.1282
2025-08-15 09:29:08,623 - DEBUG - Joint score for alpha[11]: 0.1292
2025-08-15 09:29:12,138 - DEBUG - Joint score for alpha[12]: 0.1276
2025-08-15 09:29:15,652 - DEBUG - Joint score for alpha[13]: 0.1268
2025-08-15 09:29:19,165 - DEBUG - Joint score for alpha[14]: 0.1297
2025-08-15 09:29:22,680 - DEBUG - Joint score for alpha[15]: 0.1291
2025-08-15 09:29:29,485 - DEBUG - Joint score for alpha[0]: 0.1274
2025-08-15 09:29:33,001 - DEBUG - Joint score for alpha[1]: 0.1281
2025-08-15 09:29:36,514 - DEBUG - Joint score for alpha[2]: 0.1275
2025-08-15 09:29:40,028 - DEBUG - Joint score for alpha[3]: 0.1280
2025-08-15 09:29:43,539 - DEBUG - Joint score for alpha[4]: 0.1280
2025-08-15 09:29:47,052 - DEBUG - Joint score for alpha[5]: 0.1282
2025-08-15 09:29:50,564 - DEBUG - Joint score for alpha[6]: 0.1278
2025-08-15 09:29:54,076 - DEBUG - Joint score for alpha[7]: 0.1286
2025-08-15 09:29:57,591 - DEBUG - Joint score for alpha[8]: 0.1279
2025-08-15 09:30:01,104 - DEBUG - Joint score for alpha[9]: 0.1287
2025-08-15 09:30:04,620 - DEBUG - Joint score for alpha[10]: 0.1286
2025-08-15 09:30:08,132 - DEBUG - Joint score for alpha[11]: 0.1273
2025-08-15 09:30:11,645 - DEBUG - Joint score for alpha[12]: 0.1288
2025-08-15 09:30:15,158 - DEBUG - Joint score for alpha[13]: 0.1286
2025-08-15 09:30:18,671 - DEBUG - Joint score for alpha[14]: 0.1275
2025-08-15 09:30:22,184 - DEBUG - Joint score for alpha[15]: 0.1285
2025-08-15 09:30:28,989 - DEBUG - Joint score for alpha[0]: 0.1286
2025-08-15 09:30:32,506 - DEBUG - Joint score for alpha[1]: 0.1283
2025-08-15 09:30:36,019 - DEBUG - Joint score for alpha[2]: 0.1285
2025-08-15 09:30:39,533 - DEBUG - Joint score for alpha[3]: 0.1287
2025-08-15 09:30:43,045 - DEBUG - Joint score for alpha[4]: 0.1284
2025-08-15 09:30:46,560 - DEBUG - Joint score for alpha[5]: 0.1282
2025-08-15 09:30:50,072 - DEBUG - Joint score for alpha[6]: 0.1284
2025-08-15 09:30:53,583 - DEBUG - Joint score for alpha[7]: 0.1288
2025-08-15 09:30:57,097 - DEBUG - Joint score for alpha[8]: 0.1278
2025-08-15 09:31:00,608 - DEBUG - Joint score for alpha[9]: 0.1289
2025-08-15 09:31:04,121 - DEBUG - Joint score for alpha[10]: 0.1284
2025-08-15 09:31:07,633 - DEBUG - Joint score for alpha[11]: 0.1284
2025-08-15 09:31:11,148 - DEBUG - Joint score for alpha[12]: 0.1288
2025-08-15 09:31:14,659 - DEBUG - Joint score for alpha[13]: 0.1287
2025-08-15 09:31:18,170 - DEBUG - Joint score for alpha[14]: 0.1294
2025-08-15 09:31:21,681 - DEBUG - Joint score for alpha[15]: 0.1282
2025-08-15 09:31:28,482 - DEBUG - Joint score for alpha[0]: 0.1281
2025-08-15 09:31:31,997 - DEBUG - Joint score for alpha[1]: 0.1280
2025-08-15 09:31:35,507 - DEBUG - Joint score for alpha[2]: 0.1279
2025-08-15 09:31:39,020 - DEBUG - Joint score for alpha[3]: 0.1279
2025-08-15 09:31:42,530 - DEBUG - Joint score for alpha[4]: 0.1283
2025-08-15 09:31:46,040 - DEBUG - Joint score for alpha[5]: 0.1283
2025-08-15 09:31:49,550 - DEBUG - Joint score for alpha[6]: 0.1287
2025-08-15 09:31:53,061 - DEBUG - Joint score for alpha[7]: 0.1287
2025-08-15 09:31:56,573 - DEBUG - Joint score for alpha[8]: 0.1281
2025-08-15 09:32:00,085 - DEBUG - Joint score for alpha[9]: 0.1285
2025-08-15 09:32:03,598 - DEBUG - Joint score for alpha[10]: 0.1278
2025-08-15 09:32:07,109 - DEBUG - Joint score for alpha[11]: 0.1271
2025-08-15 09:32:10,621 - DEBUG - Joint score for alpha[12]: 0.1295
2025-08-15 09:32:14,131 - DEBUG - Joint score for alpha[13]: 0.1277
2025-08-15 09:32:17,642 - DEBUG - Joint score for alpha[14]: 0.1287
2025-08-15 09:32:21,154 - DEBUG - Joint score for alpha[15]: 0.1281
2025-08-15 09:32:28,070 - DEBUG - Joint score for alpha[0]: 0.1292
2025-08-15 09:32:31,586 - DEBUG - Joint score for alpha[1]: 0.1290
2025-08-15 09:32:35,100 - DEBUG - Joint score for alpha[2]: 0.1295
2025-08-15 09:32:38,613 - DEBUG - Joint score for alpha[3]: 0.1291
2025-08-15 09:32:42,126 - DEBUG - Joint score for alpha[4]: 0.1288
2025-08-15 09:32:45,639 - DEBUG - Joint score for alpha[5]: 0.1290
2025-08-15 09:32:49,149 - DEBUG - Joint score for alpha[6]: 0.1294
2025-08-15 09:32:52,661 - DEBUG - Joint score for alpha[7]: 0.1296
2025-08-15 09:32:56,171 - DEBUG - Joint score for alpha[8]: 0.1292
2025-08-15 09:32:59,893 - DEBUG - Joint score for alpha[9]: 0.1290
2025-08-15 09:33:03,405 - DEBUG - Joint score for alpha[10]: 0.1283
2025-08-15 09:33:06,916 - DEBUG - Joint score for alpha[11]: 0.1281
2025-08-15 09:33:10,429 - DEBUG - Joint score for alpha[12]: 0.1292
2025-08-15 09:33:13,943 - DEBUG - Joint score for alpha[13]: 0.1289
2025-08-15 09:33:17,454 - DEBUG - Joint score for alpha[14]: 0.1291
2025-08-15 09:33:20,966 - DEBUG - Joint score for alpha[15]: 0.1296
2025-08-15 09:33:21,008 - INFO - Step 117/120: mean CRPS=0.1285
2025-08-15 09:33:21,012 - DEBUG - Beginning Gibbs iteration s = 117
2025-08-15 09:33:28,026 - DEBUG - Joint score for alpha[0]: 0.1302
2025-08-15 09:33:31,542 - DEBUG - Joint score for alpha[1]: 0.1288
2025-08-15 09:33:35,054 - DEBUG - Joint score for alpha[2]: 0.1290
2025-08-15 09:33:38,567 - DEBUG - Joint score for alpha[3]: 0.1304
2025-08-15 09:33:42,078 - DEBUG - Joint score for alpha[4]: 0.1293
2025-08-15 09:33:45,589 - DEBUG - Joint score for alpha[5]: 0.1282
2025-08-15 09:33:49,096 - DEBUG - Joint score for alpha[6]: 0.1301
2025-08-15 09:33:52,605 - DEBUG - Joint score for alpha[7]: 0.1300
2025-08-15 09:33:56,115 - DEBUG - Joint score for alpha[8]: 0.1318
2025-08-15 09:33:59,625 - DEBUG - Joint score for alpha[9]: 0.1310
2025-08-15 09:34:03,136 - DEBUG - Joint score for alpha[10]: 0.1307
2025-08-15 09:34:06,647 - DEBUG - Joint score for alpha[11]: 0.1296
2025-08-15 09:34:10,157 - DEBUG - Joint score for alpha[12]: 0.1291
2025-08-15 09:34:13,669 - DEBUG - Joint score for alpha[13]: 0.1292
2025-08-15 09:34:17,181 - DEBUG - Joint score for alpha[14]: 0.1317
2025-08-15 09:34:20,693 - DEBUG - Joint score for alpha[15]: 0.1306
2025-08-15 09:34:27,626 - DEBUG - Joint score for alpha[0]: 0.1308
2025-08-15 09:34:31,140 - DEBUG - Joint score for alpha[1]: 0.1309
2025-08-15 09:34:34,652 - DEBUG - Joint score for alpha[2]: 0.1311
2025-08-15 09:34:38,163 - DEBUG - Joint score for alpha[3]: 0.1305
2025-08-15 09:34:41,671 - DEBUG - Joint score for alpha[4]: 0.1309
2025-08-15 09:34:45,181 - DEBUG - Joint score for alpha[5]: 0.1312
2025-08-15 09:34:48,692 - DEBUG - Joint score for alpha[6]: 0.1301
2025-08-15 09:34:52,202 - DEBUG - Joint score for alpha[7]: 0.1300
2025-08-15 09:34:55,712 - DEBUG - Joint score for alpha[8]: 0.1309
2025-08-15 09:34:59,222 - DEBUG - Joint score for alpha[9]: 0.1310
2025-08-15 09:35:02,733 - DEBUG - Joint score for alpha[10]: 0.1305
2025-08-15 09:35:06,244 - DEBUG - Joint score for alpha[11]: 0.1305
2025-08-15 09:35:09,757 - DEBUG - Joint score for alpha[12]: 0.1297
2025-08-15 09:35:13,268 - DEBUG - Joint score for alpha[13]: 0.1304
2025-08-15 09:35:16,782 - DEBUG - Joint score for alpha[14]: 0.1310
2025-08-15 09:35:20,293 - DEBUG - Joint score for alpha[15]: 0.1305
2025-08-15 09:35:27,044 - DEBUG - Joint score for alpha[0]: 0.1315
2025-08-15 09:35:30,560 - DEBUG - Joint score for alpha[1]: 0.1305
2025-08-15 09:35:34,072 - DEBUG - Joint score for alpha[2]: 0.1309
2025-08-15 09:35:37,585 - DEBUG - Joint score for alpha[3]: 0.1318
2025-08-15 09:35:41,096 - DEBUG - Joint score for alpha[4]: 0.1312
2025-08-15 09:35:44,607 - DEBUG - Joint score for alpha[5]: 0.1307
2025-08-15 09:35:48,119 - DEBUG - Joint score for alpha[6]: 0.1317
2025-08-15 09:35:51,632 - DEBUG - Joint score for alpha[7]: 0.1316
2025-08-15 09:35:55,144 - DEBUG - Joint score for alpha[8]: 0.1309
2025-08-15 09:35:58,657 - DEBUG - Joint score for alpha[9]: 0.1310
2025-08-15 09:36:02,172 - DEBUG - Joint score for alpha[10]: 0.1310
2025-08-15 09:36:05,685 - DEBUG - Joint score for alpha[11]: 0.1312
2025-08-15 09:36:09,198 - DEBUG - Joint score for alpha[12]: 0.1315
2025-08-15 09:36:12,713 - DEBUG - Joint score for alpha[13]: 0.1311
2025-08-15 09:36:16,227 - DEBUG - Joint score for alpha[14]: 0.1323
2025-08-15 09:36:19,739 - DEBUG - Joint score for alpha[15]: 0.1311
2025-08-15 09:36:26,490 - DEBUG - Joint score for alpha[0]: 0.1309
2025-08-15 09:36:30,007 - DEBUG - Joint score for alpha[1]: 0.1297
2025-08-15 09:36:33,520 - DEBUG - Joint score for alpha[2]: 0.1302
2025-08-15 09:36:37,034 - DEBUG - Joint score for alpha[3]: 0.1314
2025-08-15 09:36:40,546 - DEBUG - Joint score for alpha[4]: 0.1310
2025-08-15 09:36:44,059 - DEBUG - Joint score for alpha[5]: 0.1311
2025-08-15 09:36:47,571 - DEBUG - Joint score for alpha[6]: 0.1314
2025-08-15 09:36:51,083 - DEBUG - Joint score for alpha[7]: 0.1310
2025-08-15 09:36:54,596 - DEBUG - Joint score for alpha[8]: 0.1307
2025-08-15 09:36:58,109 - DEBUG - Joint score for alpha[9]: 0.1309
2025-08-15 09:37:01,620 - DEBUG - Joint score for alpha[10]: 0.1323
2025-08-15 09:37:05,131 - DEBUG - Joint score for alpha[11]: 0.1320
2025-08-15 09:37:08,646 - DEBUG - Joint score for alpha[12]: 0.1307
2025-08-15 09:37:12,157 - DEBUG - Joint score for alpha[13]: 0.1312
2025-08-15 09:37:15,669 - DEBUG - Joint score for alpha[14]: 0.1315
2025-08-15 09:37:19,180 - DEBUG - Joint score for alpha[15]: 0.1319
2025-08-15 09:37:25,907 - DEBUG - Joint score for alpha[0]: 0.1308
2025-08-15 09:37:29,424 - DEBUG - Joint score for alpha[1]: 0.1307
2025-08-15 09:37:32,937 - DEBUG - Joint score for alpha[2]: 0.1313
2025-08-15 09:37:36,451 - DEBUG - Joint score for alpha[3]: 0.1311
2025-08-15 09:37:39,963 - DEBUG - Joint score for alpha[4]: 0.1309
2025-08-15 09:37:43,476 - DEBUG - Joint score for alpha[5]: 0.1300
2025-08-15 09:37:46,989 - DEBUG - Joint score for alpha[6]: 0.1311
2025-08-15 09:37:50,498 - DEBUG - Joint score for alpha[7]: 0.1316
2025-08-15 09:37:54,007 - DEBUG - Joint score for alpha[8]: 0.1300
2025-08-15 09:37:57,517 - DEBUG - Joint score for alpha[9]: 0.1315
2025-08-15 09:38:01,028 - DEBUG - Joint score for alpha[10]: 0.1301
2025-08-15 09:38:04,537 - DEBUG - Joint score for alpha[11]: 0.1309
2025-08-15 09:38:08,047 - DEBUG - Joint score for alpha[12]: 0.1316
2025-08-15 09:38:11,558 - DEBUG - Joint score for alpha[13]: 0.1305
2025-08-15 09:38:15,067 - DEBUG - Joint score for alpha[14]: 0.1296
2025-08-15 09:38:18,576 - DEBUG - Joint score for alpha[15]: 0.1304
2025-08-15 09:38:18,618 - INFO - Step 118/120: mean CRPS=0.1303
2025-08-15 09:38:18,623 - DEBUG - Beginning Gibbs iteration s = 118
2025-08-15 09:38:25,476 - DEBUG - Joint score for alpha[0]: 0.1295
2025-08-15 09:38:28,993 - DEBUG - Joint score for alpha[1]: 0.1294
2025-08-15 09:38:32,506 - DEBUG - Joint score for alpha[2]: 0.1280
2025-08-15 09:38:36,019 - DEBUG - Joint score for alpha[3]: 0.1302
2025-08-15 09:38:39,530 - DEBUG - Joint score for alpha[4]: 0.1314
2025-08-15 09:38:43,040 - DEBUG - Joint score for alpha[5]: 0.1273
2025-08-15 09:38:46,549 - DEBUG - Joint score for alpha[6]: 0.1286
2025-08-15 09:38:50,059 - DEBUG - Joint score for alpha[7]: 0.1305
2025-08-15 09:38:53,569 - DEBUG - Joint score for alpha[8]: 0.1312
2025-08-15 09:38:57,079 - DEBUG - Joint score for alpha[9]: 0.1307
2025-08-15 09:39:00,589 - DEBUG - Joint score for alpha[10]: 0.1305
2025-08-15 09:39:04,100 - DEBUG - Joint score for alpha[11]: 0.1302
2025-08-15 09:39:07,610 - DEBUG - Joint score for alpha[12]: 0.1296
2025-08-15 09:39:11,121 - DEBUG - Joint score for alpha[13]: 0.1316
2025-08-15 09:39:14,632 - DEBUG - Joint score for alpha[14]: 0.1300
2025-08-15 09:39:18,145 - DEBUG - Joint score for alpha[15]: 0.1298
2025-08-15 09:39:24,977 - DEBUG - Joint score for alpha[0]: 0.1283
2025-08-15 09:39:28,492 - DEBUG - Joint score for alpha[1]: 0.1282
2025-08-15 09:39:32,002 - DEBUG - Joint score for alpha[2]: 0.1267
2025-08-15 09:39:35,514 - DEBUG - Joint score for alpha[3]: 0.1284
2025-08-15 09:39:39,026 - DEBUG - Joint score for alpha[4]: 0.1275
2025-08-15 09:39:42,538 - DEBUG - Joint score for alpha[5]: 0.1285
2025-08-15 09:39:46,050 - DEBUG - Joint score for alpha[6]: 0.1272
2025-08-15 09:39:49,562 - DEBUG - Joint score for alpha[7]: 0.1278
2025-08-15 09:39:53,074 - DEBUG - Joint score for alpha[8]: 0.1274
2025-08-15 09:39:56,586 - DEBUG - Joint score for alpha[9]: 0.1274
2025-08-15 09:40:00,098 - DEBUG - Joint score for alpha[10]: 0.1279
2025-08-15 09:40:03,608 - DEBUG - Joint score for alpha[11]: 0.1283
2025-08-15 09:40:07,119 - DEBUG - Joint score for alpha[12]: 0.1280
2025-08-15 09:40:10,628 - DEBUG - Joint score for alpha[13]: 0.1282
2025-08-15 09:40:14,138 - DEBUG - Joint score for alpha[14]: 0.1278
2025-08-15 09:40:17,650 - DEBUG - Joint score for alpha[15]: 0.1276
2025-08-15 09:40:24,594 - DEBUG - Joint score for alpha[0]: 0.1280
2025-08-15 09:40:28,110 - DEBUG - Joint score for alpha[1]: 0.1283
2025-08-15 09:40:31,623 - DEBUG - Joint score for alpha[2]: 0.1271
2025-08-15 09:40:35,136 - DEBUG - Joint score for alpha[3]: 0.1280
2025-08-15 09:40:38,649 - DEBUG - Joint score for alpha[4]: 0.1283
2025-08-15 09:40:42,163 - DEBUG - Joint score for alpha[5]: 0.1280
2025-08-15 09:40:45,675 - DEBUG - Joint score for alpha[6]: 0.1282
2025-08-15 09:40:49,187 - DEBUG - Joint score for alpha[7]: 0.1274
2025-08-15 09:40:52,696 - DEBUG - Joint score for alpha[8]: 0.1281
2025-08-15 09:40:56,206 - DEBUG - Joint score for alpha[9]: 0.1284
2025-08-15 09:40:59,715 - DEBUG - Joint score for alpha[10]: 0.1272
2025-08-15 09:41:03,226 - DEBUG - Joint score for alpha[11]: 0.1276
2025-08-15 09:41:06,737 - DEBUG - Joint score for alpha[12]: 0.1277
2025-08-15 09:41:10,246 - DEBUG - Joint score for alpha[13]: 0.1291
2025-08-15 09:41:13,753 - DEBUG - Joint score for alpha[14]: 0.1281
2025-08-15 09:41:17,264 - DEBUG - Joint score for alpha[15]: 0.1276
2025-08-15 09:41:24,224 - DEBUG - Joint score for alpha[0]: 0.1274
2025-08-15 09:41:27,740 - DEBUG - Joint score for alpha[1]: 0.1283
2025-08-15 09:41:31,251 - DEBUG - Joint score for alpha[2]: 0.1287
2025-08-15 09:41:34,764 - DEBUG - Joint score for alpha[3]: 0.1270
2025-08-15 09:41:38,275 - DEBUG - Joint score for alpha[4]: 0.1279
2025-08-15 09:41:41,786 - DEBUG - Joint score for alpha[5]: 0.1276
2025-08-15 09:41:45,296 - DEBUG - Joint score for alpha[6]: 0.1264
2025-08-15 09:41:48,805 - DEBUG - Joint score for alpha[7]: 0.1281
2025-08-15 09:41:52,316 - DEBUG - Joint score for alpha[8]: 0.1279
2025-08-15 09:41:55,825 - DEBUG - Joint score for alpha[9]: 0.1272
2025-08-15 09:41:59,337 - DEBUG - Joint score for alpha[10]: 0.1279
2025-08-15 09:42:02,848 - DEBUG - Joint score for alpha[11]: 0.1283
2025-08-15 09:42:06,360 - DEBUG - Joint score for alpha[12]: 0.1278
2025-08-15 09:42:09,874 - DEBUG - Joint score for alpha[13]: 0.1269
2025-08-15 09:42:13,388 - DEBUG - Joint score for alpha[14]: 0.1284
2025-08-15 09:42:16,902 - DEBUG - Joint score for alpha[15]: 0.1270
2025-08-15 09:42:23,822 - DEBUG - Joint score for alpha[0]: 0.1272
2025-08-15 09:42:27,339 - DEBUG - Joint score for alpha[1]: 0.1268
2025-08-15 09:42:30,852 - DEBUG - Joint score for alpha[2]: 0.1271
2025-08-15 09:42:34,366 - DEBUG - Joint score for alpha[3]: 0.1267
2025-08-15 09:42:37,880 - DEBUG - Joint score for alpha[4]: 0.1264
2025-08-15 09:42:41,395 - DEBUG - Joint score for alpha[5]: 0.1275
2025-08-15 09:42:44,908 - DEBUG - Joint score for alpha[6]: 0.1271
2025-08-15 09:42:48,422 - DEBUG - Joint score for alpha[7]: 0.1275
2025-08-15 09:42:51,934 - DEBUG - Joint score for alpha[8]: 0.1271
2025-08-15 09:42:55,446 - DEBUG - Joint score for alpha[9]: 0.1278
2025-08-15 09:42:58,959 - DEBUG - Joint score for alpha[10]: 0.1279
2025-08-15 09:43:02,472 - DEBUG - Joint score for alpha[11]: 0.1269
2025-08-15 09:43:05,985 - DEBUG - Joint score for alpha[12]: 0.1277
2025-08-15 09:43:09,498 - DEBUG - Joint score for alpha[13]: 0.1279
2025-08-15 09:43:13,011 - DEBUG - Joint score for alpha[14]: 0.1273
2025-08-15 09:43:16,526 - DEBUG - Joint score for alpha[15]: 0.1272
2025-08-15 09:43:16,568 - INFO - Step 119/120: mean CRPS=0.1272
2025-08-15 09:43:16,572 - DEBUG - Beginning Gibbs iteration s = 119
2025-08-15 09:43:23,332 - DEBUG - Joint score for alpha[0]: 0.1272
2025-08-15 09:43:26,849 - DEBUG - Joint score for alpha[1]: 0.1267
2025-08-15 09:43:30,362 - DEBUG - Joint score for alpha[2]: 0.1261
2025-08-15 09:43:33,876 - DEBUG - Joint score for alpha[3]: 0.1269
2025-08-15 09:43:37,387 - DEBUG - Joint score for alpha[4]: 0.1264
2025-08-15 09:43:40,900 - DEBUG - Joint score for alpha[5]: 0.1254
2025-08-15 09:43:44,412 - DEBUG - Joint score for alpha[6]: 0.1269
2025-08-15 09:43:47,926 - DEBUG - Joint score for alpha[7]: 0.1266
2025-08-15 09:43:51,439 - DEBUG - Joint score for alpha[8]: 0.1264
2025-08-15 09:43:54,951 - DEBUG - Joint score for alpha[9]: 0.1252
2025-08-15 09:43:58,466 - DEBUG - Joint score for alpha[10]: 0.1242
2025-08-15 09:44:01,979 - DEBUG - Joint score for alpha[11]: 0.1254
2025-08-15 09:44:05,494 - DEBUG - Joint score for alpha[12]: 0.1270
2025-08-15 09:44:09,007 - DEBUG - Joint score for alpha[13]: 0.1257
2025-08-15 09:44:12,524 - DEBUG - Joint score for alpha[14]: 0.1268
2025-08-15 09:44:16,037 - DEBUG - Joint score for alpha[15]: 0.1238
2025-08-15 09:44:22,827 - DEBUG - Joint score for alpha[0]: 0.1244
2025-08-15 09:44:26,342 - DEBUG - Joint score for alpha[1]: 0.1247
2025-08-15 09:44:29,854 - DEBUG - Joint score for alpha[2]: 0.1248
2025-08-15 09:44:33,366 - DEBUG - Joint score for alpha[3]: 0.1244
2025-08-15 09:44:36,876 - DEBUG - Joint score for alpha[4]: 0.1247
2025-08-15 09:44:40,387 - DEBUG - Joint score for alpha[5]: 0.1238
2025-08-15 09:44:43,898 - DEBUG - Joint score for alpha[6]: 0.1247
2025-08-15 09:44:47,409 - DEBUG - Joint score for alpha[7]: 0.1246
2025-08-15 09:44:50,919 - DEBUG - Joint score for alpha[8]: 0.1241
2025-08-15 09:44:54,429 - DEBUG - Joint score for alpha[9]: 0.1244
2025-08-15 09:44:57,941 - DEBUG - Joint score for alpha[10]: 0.1243
2025-08-15 09:45:01,451 - DEBUG - Joint score for alpha[11]: 0.1238
2025-08-15 09:45:04,963 - DEBUG - Joint score for alpha[12]: 0.1245
2025-08-15 09:45:08,475 - DEBUG - Joint score for alpha[13]: 0.1233
2025-08-15 09:45:11,987 - DEBUG - Joint score for alpha[14]: 0.1254
2025-08-15 09:45:15,499 - DEBUG - Joint score for alpha[15]: 0.1244
2025-08-15 09:45:22,327 - DEBUG - Joint score for alpha[0]: 0.1232
2025-08-15 09:45:25,844 - DEBUG - Joint score for alpha[1]: 0.1240
2025-08-15 09:45:29,355 - DEBUG - Joint score for alpha[2]: 0.1237
2025-08-15 09:45:32,867 - DEBUG - Joint score for alpha[3]: 0.1237
2025-08-15 09:45:36,377 - DEBUG - Joint score for alpha[4]: 0.1241
2025-08-15 09:45:39,889 - DEBUG - Joint score for alpha[5]: 0.1237
2025-08-15 09:45:43,401 - DEBUG - Joint score for alpha[6]: 0.1241
2025-08-15 09:45:46,913 - DEBUG - Joint score for alpha[7]: 0.1242
2025-08-15 09:45:50,425 - DEBUG - Joint score for alpha[8]: 0.1235
2025-08-15 09:45:53,936 - DEBUG - Joint score for alpha[9]: 0.1233
2025-08-15 09:45:57,448 - DEBUG - Joint score for alpha[10]: 0.1240
2025-08-15 09:46:00,990 - DEBUG - Joint score for alpha[11]: 0.1238
2025-08-15 09:46:04,505 - DEBUG - Joint score for alpha[12]: 0.1246
2025-08-15 09:46:08,017 - DEBUG - Joint score for alpha[13]: 0.1237
2025-08-15 09:46:11,527 - DEBUG - Joint score for alpha[14]: 0.1237
2025-08-15 09:46:15,038 - DEBUG - Joint score for alpha[15]: 0.1242
2025-08-15 09:46:21,865 - DEBUG - Joint score for alpha[0]: 0.1246
2025-08-15 09:46:25,382 - DEBUG - Joint score for alpha[1]: 0.1240
2025-08-15 09:46:28,895 - DEBUG - Joint score for alpha[2]: 0.1236
2025-08-15 09:46:32,410 - DEBUG - Joint score for alpha[3]: 0.1244
2025-08-15 09:46:35,922 - DEBUG - Joint score for alpha[4]: 0.1238
2025-08-15 09:46:39,434 - DEBUG - Joint score for alpha[5]: 0.1236
2025-08-15 09:46:42,946 - DEBUG - Joint score for alpha[6]: 0.1234
2025-08-15 09:46:46,459 - DEBUG - Joint score for alpha[7]: 0.1236
2025-08-15 09:46:49,973 - DEBUG - Joint score for alpha[8]: 0.1228
2025-08-15 09:46:53,483 - DEBUG - Joint score for alpha[9]: 0.1240
2025-08-15 09:46:56,994 - DEBUG - Joint score for alpha[10]: 0.1239
2025-08-15 09:47:00,503 - DEBUG - Joint score for alpha[11]: 0.1235
2025-08-15 09:47:04,014 - DEBUG - Joint score for alpha[12]: 0.1238
2025-08-15 09:47:07,525 - DEBUG - Joint score for alpha[13]: 0.1234
2025-08-15 09:47:11,036 - DEBUG - Joint score for alpha[14]: 0.1241
2025-08-15 09:47:14,547 - DEBUG - Joint score for alpha[15]: 0.1240
2025-08-15 09:47:21,303 - DEBUG - Joint score for alpha[0]: 0.1240
2025-08-15 09:47:24,820 - DEBUG - Joint score for alpha[1]: 0.1239
2025-08-15 09:47:28,332 - DEBUG - Joint score for alpha[2]: 0.1234
2025-08-15 09:47:31,845 - DEBUG - Joint score for alpha[3]: 0.1238
2025-08-15 09:47:35,357 - DEBUG - Joint score for alpha[4]: 0.1240
2025-08-15 09:47:38,870 - DEBUG - Joint score for alpha[5]: 0.1237
2025-08-15 09:47:42,381 - DEBUG - Joint score for alpha[6]: 0.1240
2025-08-15 09:47:45,893 - DEBUG - Joint score for alpha[7]: 0.1237
2025-08-15 09:47:49,406 - DEBUG - Joint score for alpha[8]: 0.1242
2025-08-15 09:47:52,919 - DEBUG - Joint score for alpha[9]: 0.1243
2025-08-15 09:47:56,433 - DEBUG - Joint score for alpha[10]: 0.1238
2025-08-15 09:47:59,948 - DEBUG - Joint score for alpha[11]: 0.1245
2025-08-15 09:48:03,463 - DEBUG - Joint score for alpha[12]: 0.1244
2025-08-15 09:48:06,977 - DEBUG - Joint score for alpha[13]: 0.1238
2025-08-15 09:48:10,490 - DEBUG - Joint score for alpha[14]: 0.1245
2025-08-15 09:48:14,001 - DEBUG - Joint score for alpha[15]: 0.1240
2025-08-15 09:48:14,043 - INFO - Step 120/120: mean CRPS=0.1241
2025-08-15 09:48:14,189 - INFO - ABC-Gibbs sampling completed
2025-08-15 09:48:14,190 - INFO - Saving posterior results
2025-08-15 09:48:14,238 - INFO - ABC-Gibbs procedure completed successfully
2025-08-15 09:48:14,238 - INFO - Results saved to: results/2nd_run_smc_crps_gibbs_abc_2025-08-14T22:48:53Z
2025-08-15 09:48:14,360 - INFO - Memory cleanup completed
